,portfolio_value
2011-04-06,1.00210703349358
2011-04-07,0.9971359705716025
2011-04-08,0.9902498451019626
2011-04-11,0.9928123490144316
2011-04-12,0.9919791916203858
2011-04-13,0.9912084290272679
2011-04-14,0.9874999998816534
2011-04-15,0.9920907326428221
2011-04-18,0.989545077893704
2011-04-19,0.9924566879289259
2011-04-20,1.0012805156406503
2011-04-21,1.0079526007525124
2011-04-25,1.004449034287988
2011-04-26,1.0111781417560017
2011-04-27,1.0111973012786655
2011-04-28,1.014311956700572
2011-04-29,1.0139623122638017
2011-05-02,1.0123880468385023
2011-05-03,1.0071787306500257
2011-05-04,1.0082940761991341
2011-05-05,1.0064640237926807
2011-05-06,1.0017050757042607
2011-05-09,1.0068864050318271
2011-05-10,1.0099311951691563
2011-05-11,1.002460663066792
2011-05-12,0.999007577226149
2011-05-13,0.9902526857939984
2011-05-16,0.9863769804428483
2011-05-17,0.9833315370336606
2011-05-18,0.9916216540336587
2011-05-19,0.9939034441363469
2011-05-20,1.0001830472766782
2011-05-23,0.9903013301245661
2011-05-24,0.9867429195342621
2011-05-25,0.9850610566909255
2011-05-26,0.9899375045543085
2011-05-27,0.989139800401602
2011-05-31,0.988835036425791
2011-06-01,0.9827194326001119
2011-06-02,0.9621426725496951
2011-06-03,0.9565281625491806
2011-06-06,0.9559852202472454
2011-06-07,0.9576201979147824
2011-06-08,0.9606598227860822
2011-06-09,0.9614532307422458
2011-06-10,0.9582300279115835
2011-06-13,0.9589812807614808
2011-06-14,0.9658120587445539
2011-06-15,0.960169379626292
2011-06-16,0.9586701198947679
2011-06-17,0.9582650745927161
2011-06-20,0.9592851704883087
2011-06-21,0.9650550598159948
2011-06-22,0.9667585606173811
2011-06-23,0.9607938919155734
2011-06-24,0.9547560948906557
2011-06-27,0.9581625546037724
2011-06-28,0.9599189298086631
2011-06-29,0.967056324226688
2011-06-30,0.97226919373488
2011-07-01,0.9870541144390336
2011-07-05,0.995553333643135
2011-07-06,0.9984722582082792
2011-07-07,0.9997297949055584
2011-07-08,1.000854230480155
2011-07-11,0.9943698158668653
2011-07-12,0.986956168730868
2011-07-13,0.9903784834417206
2011-07-14,0.9853040720215667
2011-07-15,0.9776773516175995
2011-07-18,0.9717026347714633
2011-07-19,0.980665050162294
2011-07-20,0.9863161434685945
2011-07-21,0.989595308749289
2011-07-22,0.9955076761217528
2011-07-25,0.9914235134407536
2011-07-26,0.9760781295022455
2011-07-27,0.9630330123985541
2011-07-28,0.9483677506432763
2011-07-29,0.9404945447505075
2011-08-01,0.9373737684943125
2011-08-02,0.932679049982912
2011-08-03,0.9289687845455911
2011-08-04,0.9304326906978022
2011-08-05,0.923492218906358
2011-08-08,0.9237451733087052
2011-08-09,0.9193409889720829
2011-08-10,0.9339408421902651
2011-08-11,0.9189849528507599
2011-08-12,0.9318297411955495
2011-08-15,0.9248859724492251
2011-08-16,0.9154327304414658
2011-08-17,0.9113646269190254
2011-08-18,0.9150155163484849
2011-08-19,0.9133206226627147
2011-08-22,0.9128539742897513
2011-08-23,0.9176862059538838
2011-08-24,0.9234717896096577
2011-08-25,0.927812441930444
2011-08-26,0.9267634020116937
2011-08-29,0.9221230332402626
2011-08-30,0.9243684539328646
2011-08-31,0.9196982581993765
2011-09-01,0.9236388867917761
2011-09-02,0.9219179463421794
2011-09-06,0.9217935457783347
2011-09-07,0.9119870484000725
2011-09-08,0.91760760182137
2011-09-09,0.9195658271776003
2011-09-12,0.9188167683685108
2011-09-13,0.9138785958034256
2011-09-14,0.9142405563774001
2011-09-15,0.9115417242199493
2011-09-16,0.9171545634629619
2011-09-19,0.9209316743937687
2011-09-20,0.9110910054056887
2011-09-21,0.9121312603741095
2011-09-22,0.9149864497250999
2011-09-23,0.9081040042751315
2011-09-26,0.9030298475189799
2011-09-27,0.9056651270337869
2011-09-28,0.90404144217565
2011-09-29,0.9022359965383769
2011-09-30,0.9082980916565321
2011-10-03,0.9027511572713827
2011-10-04,0.8998168209398975
2011-10-05,0.9059396247469075
2011-10-06,0.9147191132609208
2011-10-07,0.9177298711398256
2011-10-10,0.9138432622648331
2011-10-11,0.9263363838583403
2011-10-12,0.9259131605541985
2011-10-13,0.9298533807484683
2011-10-14,0.9286144002946665
2011-10-17,0.9341591826100235
2011-10-18,0.9254607302722395
2011-10-19,0.9331985117327577
2011-10-20,0.9254050108146561
2011-10-21,0.9304849627354307
2011-10-24,0.9417102447756965
2011-10-25,0.944253695268787
2011-10-26,0.9384669865990612
2011-10-27,0.9718411954092155
2011-10-28,0.9861304879136511
2011-10-31,0.9875859424822919
2011-11-01,0.968803959505586
2011-11-02,0.9562455020275923
2011-11-03,0.9679517091545713
2011-11-04,0.9769714897072199
2011-11-07,0.9727665251473415
2011-11-08,0.9833631618878552
2011-11-09,0.9838164356463903
2011-11-10,0.9636604134070177
2011-11-11,0.9778945451937583
2011-11-14,0.9873045590208733
2011-11-15,0.987010238967628
2011-11-16,0.9859963241578007
2011-11-17,0.98028672876666
2011-11-18,0.9732559861064026
2011-11-21,0.9733747225918481
2011-11-22,0.9670251498775377
2011-11-23,0.9675263275782642
2011-11-25,0.9526037847624098
2011-11-28,0.950418382019381
2011-11-29,0.9667104626375338
2011-11-30,0.9730499244189397
2011-12-01,0.9904086223430364
2011-12-02,0.9907663285995354
2011-12-05,1.0016124726878415
2011-12-06,1.0065944229655899
2011-12-07,1.0026569338383302
2011-12-08,1.0036624188227858
2011-12-09,1.006595814579031
2011-12-12,1.0144644049350486
2011-12-13,1.007002724670862
2011-12-14,1.0037269027454025
2011-12-15,1.0038734362802884
2011-12-16,1.008217807522965
2011-12-19,1.009533721324608
2011-12-20,1.0017686313605905
2011-12-21,1.0194821516723647
2011-12-22,1.0203466577000435
2011-12-23,1.0258138976477154
2011-12-27,1.03661534839775
2011-12-28,1.0280889747128774
2011-12-29,1.023412883919668
2011-12-30,1.0178810531732543
2012-01-03,1.0133694901472297
2012-01-04,1.0210159414782212
2012-01-05,1.0196311122162964
2012-01-06,1.0215822052346684
2012-01-09,1.019306744992421
2012-01-10,1.0247337693513234
2012-01-11,1.0223480508415208
2012-01-12,1.0227730810512086
2012-01-13,1.0240442916489796
2012-01-17,1.0238802858576097
2012-01-18,1.0300287027855712
2012-01-19,1.036113263130553
2012-01-20,1.0376207687894554
2012-01-23,1.0382259959723281
2012-01-24,1.052020737211186
2012-01-25,1.052934455590447
2012-01-26,1.0574430325735793
2012-01-27,1.0489130282818517
2012-01-30,1.0448174980739082
2012-01-31,1.0452479334729716
2012-02-01,1.051679018038151
2012-02-02,1.0509744128257843
2012-02-03,1.061420290596248
2012-02-06,1.0633783550545328
2012-02-07,1.0655376010740778
2012-02-08,1.064819612830306
2012-02-09,1.0656296581363442
2012-02-10,1.06794663442834
2012-02-13,1.0682702421524113
2012-02-14,1.0711001141958
2012-02-15,1.0658893962278326
2012-02-16,1.0717796812861644
2012-02-17,1.0792907520052357
2012-02-21,1.0804897795685158
2012-02-22,1.0770061934796777
2012-02-23,1.0849345738607525
2012-02-24,1.0870339221913323
2012-02-27,1.0894750729411782
2012-02-28,1.090804306617428
2012-02-29,1.0888824744741037
2012-03-01,1.0902110979816215
2012-03-02,1.086196524677749
2012-03-05,1.0901114384143336
2012-03-06,1.0787302503484093
2012-03-07,1.0792361495217462
2012-03-08,1.0894111010764143
2012-03-09,1.10119955375259
2012-03-12,1.1039054559030874
2012-03-13,1.1045213687795572
2012-03-14,1.1098135609825348
2012-03-15,1.1129015559594726
2012-03-16,1.1100091056066668
2012-03-19,1.115005960522716
2012-03-20,1.1163246975194905
2012-03-21,1.1148560308202486
2012-03-22,1.1134740753646206
2012-03-23,1.1100625679054372
2012-03-26,1.12653341319692
2012-03-27,1.127627704925796
2012-03-28,1.1250976580077245
2012-03-29,1.1257269928703486
2012-03-30,1.1208119899010283
2012-04-02,1.1315119110842162
2012-04-03,1.1392150154559302
2012-04-04,1.1314456123850525
2012-04-05,1.129464121035533
2012-04-09,1.1244091176353095
2012-04-10,1.1106909619420928
2012-04-11,1.1099711314335219
2012-04-12,1.115137394341623
2012-04-13,1.121381361397945
2012-04-16,1.1143497360903687
2012-04-17,1.1180571850990446
2012-04-18,1.1261197831532972
2012-04-19,1.1120098790524744
2012-04-20,1.111351270931926
2012-04-23,1.1082439196653766
2012-04-24,1.098171143106959
2012-04-25,1.1071769354586734
2012-04-26,1.116751125129208
2012-04-27,1.1286408377323063
2012-04-30,1.1269138159590835
2012-05-01,1.1264594312523792
2012-05-02,1.1367548075921061
2012-05-03,1.131508839412854
2012-05-04,1.1187647247368173
2012-05-07,1.1149492654861932
2012-05-08,1.1126540080565916
2012-05-09,1.107673998488905
2012-05-10,1.1117898280292682
2012-05-11,1.114421531959973
2012-05-14,1.1084518098076042
2012-05-15,1.10757089974216
2012-05-16,1.1084579343231946
2012-05-17,1.0933892466277753
2012-05-18,1.0901868545297828
2012-05-21,1.0878217351331725
2012-05-22,1.0970509404185498
2012-05-23,1.0964535399622388
2012-05-24,1.0995503523730432
2012-05-25,1.1018270257931932
2012-05-29,1.1005921113741608
2012-05-30,1.1018058662663488
2012-05-31,1.08807557344698
2012-06-01,1.07504441562352
2012-06-04,1.0642872693808465
2012-06-05,1.0637007714454163
2012-06-06,1.0699950713090534
2012-06-07,1.0788028051721401
2012-06-08,1.0856806211541867
2012-06-11,1.0825509716420634
2012-06-12,1.0796197129471148
2012-06-13,1.079768498878513
2012-06-14,1.0839531058873608
2012-06-15,1.0863088034890538
2012-06-18,1.0905701266328833
2012-06-19,1.099354958019795
2012-06-20,1.0978444650078767
2012-06-21,1.0905578134320333
2012-06-22,1.0870279911444474
2012-06-25,1.082245304556567
2012-06-26,1.0776091648297075
2012-06-27,1.0850773957046036
2012-06-28,1.0838073720134704
2012-06-29,1.0821171752709298
2012-07-02,1.0995163531417176
2012-07-03,1.104989321831257
2012-07-05,1.106391293130038
2012-07-06,1.0994733255029667
2012-07-09,1.1011832435750746
2012-07-10,1.107297690005162
2012-07-11,1.0998059261273712
2012-07-12,1.1003759513784357
2012-07-13,1.1078159343842273
2012-07-16,1.1178421238420357
2012-07-17,1.1189506832093346
2012-07-18,1.127040605866413
2012-07-19,1.1253239938526143
2012-07-20,1.120558675879289
2012-07-23,1.1143970360067108
2012-07-24,1.1068270794590906
2012-07-25,1.1049237201753255
2012-07-26,1.1159158058249918
2012-07-27,1.1355799957408088
2012-07-30,1.1456272676602928
2012-07-31,1.1418730929558722
2012-08-01,1.1293670818201216
2012-08-02,1.1264634446494846
2012-08-03,1.1352885365980967
2012-08-06,1.1376494930942216
2012-08-07,1.132830123795239
2012-08-08,1.134246713221896
2012-08-09,1.1249899398933065
2012-08-10,1.126283831868554
2012-08-13,1.1216043464038068
2012-08-14,1.1228460716643374
2012-08-15,1.1262912768837086
2012-08-16,1.1286506901732722
2012-08-17,1.1340336646940163
2012-08-20,1.133202669169317
2012-08-21,1.1273356181730307
2012-08-22,1.1254609976889947
2012-08-23,1.1237130622999796
2012-08-24,1.1240907577773982
2012-08-27,1.1312744403594286
2012-08-28,1.1319694957876392
2012-08-29,1.1358543612657097
2012-08-30,1.1356906096133947
2012-08-31,1.1369574740033295
2012-09-04,1.143700878993959
2012-09-05,1.1426643297690176
2012-09-06,1.1537124972457793
2012-09-07,1.1545092658967138
2012-09-10,1.1569351779840624
2012-09-11,1.1550722638537572
2012-09-12,1.1591963803694603
2012-09-13,1.1649877684674743
2012-09-14,1.1715898921629684
2012-09-17,1.1678336381212537
2012-09-18,1.165084885424984
2012-09-19,1.1584501675789995
2012-09-20,1.1525466498483998
2012-09-21,1.1509163053286056
2012-09-24,1.1700337849178812
2012-09-25,1.1620357573196542
2012-09-26,1.156941829261519
2012-09-27,1.1599159943290414
2012-09-28,1.1530035461331856
2012-10-01,1.1578685391220422
2012-10-02,1.1617768576988041
2012-10-03,1.166105971645882
2012-10-04,1.1733378337611005
2012-10-05,1.1796327881354283
2012-10-08,1.1756706290916037
2012-10-09,1.16291030426158
2012-10-10,1.161288724335267
2012-10-11,1.1574592450469534
2012-10-12,1.155361813632813
2012-10-15,1.1603424974396617
2012-10-16,1.1683372389460402
2012-10-17,1.1768826649752302
2012-10-18,1.1765624052685577
2012-10-19,1.167869529973165
2012-10-22,1.165137789473494
2012-10-23,1.1634175902051909
2012-10-24,1.15896252370765
2012-10-25,1.1595169674299082
2012-10-26,1.158544603804793
2012-10-31,1.1615648996031251
2012-11-01,1.1696542376261643
2012-11-02,1.1669070912792379
2012-11-05,1.168254970099665
2012-11-06,1.1753279364915392
2012-11-07,1.161672589485577
2012-11-08,1.1515997816976475
2012-11-09,1.1494225311082773
2012-11-12,1.1512247293520999
2012-11-13,1.1544695093271202
2012-11-14,1.1460249341472137
2012-11-15,1.1452991428395276
2012-11-16,1.1481700292644634
2012-11-19,1.162796212596618
2012-11-20,1.1737494895922782
2012-11-21,1.1745829014553884
2012-11-23,1.1840663584766438
2012-11-26,1.1921459024317682
2012-11-27,1.1929600967735072
2012-11-28,1.1916272366048948
2012-11-29,1.2017148177293775
2012-11-30,1.1989558605791533
2012-12-03,1.1972349382705352
2012-12-04,1.1986428010994306
2012-12-05,1.1957403364028425
2012-12-06,1.1973747376362498
2012-12-07,1.1972038793520043
2012-12-10,1.2030795672338424
2012-12-11,1.2030072845624957
2012-12-12,1.2009374554573453
2012-12-13,1.1944290708926486
2012-12-14,1.1892319507952567
2012-12-17,1.1936810897149497
2012-12-18,1.210114290575521
2012-12-19,1.2140035309142734
2012-12-20,1.2186189445611904
2012-12-21,1.2156374833312402
2012-12-24,1.2137457060307
2012-12-26,1.204154342788393
2012-12-27,1.2041867502179093
2012-12-28,1.2009919892045033
2012-12-31,1.1992476574963744
2013-01-02,1.2209620002422241
2013-01-03,1.2275534219927566
2013-01-04,1.2257815157679923
2013-01-07,1.2195020295274768
2013-01-08,1.2196114415560726
2013-01-09,1.2259501164238031
2013-01-10,1.2306421874297322
2013-01-11,1.2327308304255131
2013-01-14,1.2346497227971043
2013-01-15,1.2383881118005418
2013-01-16,1.2412064428580902
2013-01-17,1.2493057566611476
2013-01-18,1.2579366947720811
2013-01-22,1.2651894621196182
2013-01-23,1.266694698228163
2013-01-24,1.2670831411303747
2013-01-25,1.2672197548621227
2013-01-28,1.2714263569285862
2013-01-29,1.2747685190590765
2013-01-30,1.275631351257391
2013-01-31,1.2728088912841915
2013-02-01,1.2758624699954628
2013-02-04,1.2729082023975118
2013-02-05,1.2714665936414102
2013-02-06,1.2756361059104826
2013-02-07,1.2747134075341697
2013-02-08,1.2747946556927716
2013-02-11,1.2770562498278686
2013-02-12,1.2839464413887356
2013-02-13,1.2894003347935397
2013-02-14,1.2882737141442342
2013-02-15,1.293191010280165
2013-02-19,1.303207265300223
2013-02-20,1.2986602056765417
2013-02-21,1.2914279948595573
2013-02-22,1.2899611452215836
2013-02-25,1.2817330685302668
2013-02-26,1.27530878686576
2013-02-27,1.2867198308972339
2013-02-28,1.2932012036242793
2013-03-01,1.2860873423815957
2013-03-04,1.2959162285044297
2013-03-05,1.3109750025882938
2013-03-06,1.3181281314096573
2013-03-07,1.3134879342338304
2013-03-08,1.313343187233393
2013-03-11,1.3145046314478899
2013-03-12,1.313313177126683
2013-03-13,1.3182681701230043
2013-03-14,1.3214891683236327
2013-03-15,1.3239682332328593
2013-03-18,1.3184518212956418
2013-03-19,1.326585652519615
2013-03-20,1.3334407273716238
2013-03-21,1.3329786856275394
2013-03-22,1.3331739528470816
2013-03-25,1.343765060172365
2013-03-26,1.343161451172621
2013-03-27,1.3491218028995333
2013-03-28,1.3461301666323497
2013-04-01,1.3426865232944336
2013-04-02,1.3436985237652677
2013-04-03,1.3375019859786335
2013-04-04,1.3393822183824418
2013-04-05,1.3384307004636888
2013-04-08,1.341566861673848
2013-04-09,1.3393671158870446
2013-04-10,1.3517483935571866
2013-04-11,1.3568166430221265
2013-04-12,1.3581608834979126
2013-04-15,1.3411999432933575
2013-04-16,1.3463049861100012
2013-04-17,1.3452370969314988
2013-04-18,1.3321464608117486
2013-04-19,1.3454024871349937
2013-04-22,1.352627398064034
2013-04-23,1.367501827936277
2013-04-24,1.3735613256465165
2013-04-25,1.3711312857921243
2013-04-26,1.3703178904756863
2013-04-29,1.3696007169553628
2013-04-30,1.377739337050788
2013-05-01,1.366482550331138
2013-05-02,1.3746474845613732
2013-05-03,1.3859513241211006
2013-05-06,1.3926112761763074
2013-05-07,1.4025917797528846
2013-05-08,1.4006454737215452
2013-05-09,1.4031060763030079
2013-05-10,1.4043590798229235
2013-05-13,1.4033784886165892
2013-05-14,1.4126470848965962
2013-05-15,1.4246249516859595
2013-05-16,1.4184515145849264
2013-05-17,1.4188798193508771
2013-05-20,1.4188526510548918
2013-05-21,1.4158235052831087
2013-05-22,1.4085972540633698
2013-05-23,1.4027691163957958
2013-05-24,1.4000387135553354
2013-05-28,1.4042903921841579
2013-05-29,1.4005987505917672
2013-05-30,1.3999921280874235
2013-05-31,1.3958351513331564
2013-06-03,1.3902860648106428
2013-06-04,1.390695650202207
2013-06-05,1.3771719740024866
2013-06-06,1.3741328861849744
2013-06-07,1.3841905303534643
2013-06-10,1.3944531852646744
2013-06-11,1.388563288771785
2013-06-12,1.378033491001461
2013-06-13,1.3830119495331343
2013-06-14,1.391149385634253
2013-06-17,1.3939137216082325
2013-06-18,1.4055919656943137
2013-06-19,1.4002829876110745
2013-06-20,1.3779582828972219
2013-06-21,1.3652458379553092
2013-06-24,1.3604988439371268
2013-06-25,1.3600700040199873
2013-06-26,1.3717214464649825
2013-06-27,1.3866117973493521
2013-06-28,1.38254864545903
2013-07-01,1.3886017289532258
2013-07-02,1.3944981792676947
2013-07-03,1.3962633904635982
2013-07-05,1.4085284496747223
2013-07-08,1.4212162064903915
2013-07-09,1.4317055623912194
2013-07-10,1.434570264930494
2013-07-11,1.4370239143756474
2013-07-12,1.4489840819293731
2013-07-15,1.4521480513210616
2013-07-16,1.4520934091256459
2013-07-17,1.4489144174146178
2013-07-18,1.4580876188697276
2013-07-19,1.4636837741176987
2013-07-22,1.4667401180376038
2013-07-23,1.4716352274658169
2013-07-24,1.4683609346230406
2013-07-25,1.4723770028302354
2013-07-26,1.4701332483181127
2013-07-29,1.4619730816890701
2013-07-30,1.4555396336980015
2013-07-31,1.452780313861558
2013-08-01,1.4613382414355507
2013-08-02,1.4724507424669049
2013-08-05,1.471488223060285
2013-08-06,1.4621114709102547
2013-08-07,1.4421991394629192
2013-08-08,1.449861300072704
2013-08-09,1.4482474506884857
2013-08-12,1.447953824147516
2013-08-13,1.4478307786093922
2013-08-14,1.450646274197347
2013-08-15,1.433628729239199
2013-08-16,1.4255362937372016
2013-08-19,1.4166946636404305
2013-08-20,1.4208664888173332
2013-08-21,1.41902921147159
2013-08-22,1.4246703268256335
2013-08-23,1.428272132253952
2013-08-26,1.428635905176112
2013-08-27,1.4056870687623477
2013-08-28,1.4003813335497781
2013-08-29,1.41277074594231
2013-08-30,1.3988418726992824
2013-09-03,1.4032715739235473
2013-09-04,1.414324011770456
2013-09-05,1.4191169789211702
2013-09-06,1.4213674259881173
2013-09-09,1.4295625685495705
2013-09-10,1.4442195545011476
2013-09-11,1.4464502110301816
2013-09-12,1.4422074355065084
2013-09-13,1.4429611461814413
2013-09-16,1.4489611229008188
2013-09-17,1.4555084307272945
2013-09-18,1.4631619202483053
2013-09-19,1.4712074167975349
2013-09-20,1.4747326769860485
2013-09-23,1.4701773910094909
2013-09-24,1.4729402529034423
2013-09-25,1.4658443600238864
2013-09-26,1.469264289206357
2013-09-27,1.4678372159244826
2013-09-30,1.4637473870680264
2013-10-01,1.476569292531921
2013-10-02,1.4744717083189145
2013-10-03,1.466827971723983
2013-10-04,1.4662666520666416
2013-10-07,1.4594973337188153
2013-10-08,1.4420605659667358
2013-10-09,1.438088434629901
2013-10-10,1.456994794435423
2013-10-11,1.4783890551261767
2013-10-14,1.4861908690273669
2013-10-15,1.485000882178592
2013-10-16,1.4908570170742586
2013-10-17,1.4973481116485414
2013-10-18,1.5106287299046752
2013-10-21,1.516135877576408
2013-10-22,1.5170292356599342
2013-10-23,1.5198450920527928
2013-10-24,1.5190228237511416
2013-10-25,1.5205390583065568
2013-10-28,1.517137509829312
2013-10-29,1.5198004678346881
2013-10-30,1.5203705307306528
2013-10-31,1.5178713185112387
2013-11-01,1.5143413562803694
2013-11-04,1.5158822786694384
2013-11-05,1.5205730246672833
2013-11-06,1.5282112549695854
2013-11-07,1.5111478733698964
2013-11-08,1.5207152018731251
2013-11-11,1.5273278424082484
2013-11-12,1.5358615096780437
2013-11-13,1.5368106890887583
2013-11-14,1.5398872827771304
2013-11-15,1.5430828593963213
2013-11-18,1.545426963686974
2013-11-19,1.539857702069493
2013-11-20,1.5371547375969987
2013-11-21,1.5493146950276058
2013-11-22,1.559904090483111
2013-11-25,1.5663359319880674
2013-11-26,1.5765640453307534
2013-11-27,1.5794625062277865
2013-11-29,1.576885317916813
2013-12-02,1.5668859340724772
2013-12-03,1.562269489540327
2013-12-04,1.558913866479437
2013-12-05,1.5558891767426748
2013-12-06,1.5696002294925742
2013-12-09,1.5801661245941523
2013-12-10,1.5789108002187087
2013-12-11,1.5632421035389064
2013-12-12,1.5569225216755187
2013-12-13,1.5565350389377857
2013-12-16,1.555419665073015
2013-12-17,1.5585318553669911
2013-12-18,1.57073620643549
2013-12-19,1.5754437760436488
2013-12-20,1.5847048749279224
2013-12-23,1.589110244561081
2013-12-24,1.6059284046030882
2013-12-26,1.609651643464325
2013-12-27,1.6046806097696003
2013-12-30,1.6017996647749406
2013-12-31,1.5946012075742915
2014-01-02,1.5750624766714887
2014-01-03,1.574350498251179
2014-01-06,1.5713382639899716
2014-01-07,1.580930971890109
2014-01-08,1.5875843465116062
2014-01-09,1.5931471645136182
2014-01-10,1.5921540948692459
2014-01-13,1.5839319481193908
2014-01-14,1.590831794866685
2014-01-15,1.5957256270471976
2014-01-16,1.5986270656085504
2014-01-17,1.5903834791397964
2014-01-21,1.5906473658560307
2014-01-22,1.5990520658132648
2014-01-23,1.5919578886402908
2014-01-24,1.5672507296656826
2014-01-27,1.5479326671646922
2014-01-28,1.5443941348756303
2014-01-29,1.5355002967979223
2014-01-30,1.54045111670517
2014-01-31,1.547080035722126
2014-02-03,1.5199511955972684
2014-02-04,1.518174797638715
2014-02-05,1.5201291055149204
2014-02-06,1.52295322559115
2014-02-07,1.5344936932308082
2014-02-10,1.537783772610883
2014-02-11,1.5422266219300123
2014-02-12,1.5547090427165633
2014-02-13,1.5606040551966036
2014-02-14,1.5684732214653048
2014-02-18,1.5694130954865813
2014-02-19,1.56889009038945
2014-02-20,1.5794286574556875
2014-02-21,1.5797825383919142
2014-02-24,1.5860319502466051
2014-02-25,1.58710443641888
2014-02-26,1.5953430006223692
2014-02-27,1.5986875170573334
2014-02-28,1.6027567263998224
2014-03-03,1.602506605576483
2014-03-04,1.6191736165779655
2014-03-05,1.621054933051356
2014-03-06,1.6234313557953335
2014-03-07,1.6312451278174869
2014-03-10,1.6317328643061146
2014-03-11,1.6282965344555789
2014-03-12,1.6278263773083652
2014-03-13,1.6220084998469966
2014-03-14,1.6158819191856681
2014-03-17,1.6200696244977957
2014-03-18,1.6325571605723292
2014-03-19,1.6299721418371567
2014-03-20,1.6335006743935727
2014-03-21,1.6306250008117869
2014-03-24,1.6232737573596128
2014-03-25,1.6257745700833897
2014-03-26,1.6253751646333063
2014-03-27,1.6162907888421914
2014-03-28,1.6150814255143242
2014-03-31,1.6303245929069474
2014-04-01,1.6405140712356319
2014-04-02,1.6480626370050744
2014-04-03,1.6433149588434979
2014-04-04,1.624611180574867
2014-04-07,1.5966186909680655
2014-04-08,1.5929710159236663
2014-04-09,1.605030583352381
2014-04-10,1.5890885517885638
2014-04-11,1.5683908774413213
2014-04-14,1.566983547037311
2014-04-15,1.5668818138031397
2014-04-16,1.5774964480047073
2014-04-17,1.5879814118295565
2014-04-21,1.5907950133210604
2014-04-22,1.5972605989172286
2014-04-23,1.5898493572925305
2014-04-24,1.5887833587623632
2014-04-25,1.5760514782044204
2014-04-28,1.5713272280159565
2014-04-29,1.5714668971109846
2014-04-30,1.581762885633147
2014-05-01,1.5813810664786876
2014-05-02,1.586841430874457
2014-05-05,1.587238617940109
2014-05-06,1.572521515283349
2014-05-07,1.572443567007092
2014-05-08,1.560483466910689
2014-05-09,1.5675828565676084
2014-05-12,1.5905443677547748
2014-05-13,1.5916482403788925
2014-05-14,1.5764647520166373
2014-05-15,1.5668789535237972
2014-05-16,1.5670750326732716
2014-05-19,1.5788411995257887
2014-05-20,1.5756429176773843
2014-05-21,1.5812778561854761
2014-05-22,1.5899849686531915
2014-05-23,1.5997913188503003
2014-05-27,1.6097457978457588
2014-05-28,1.6066343261435163
2014-05-29,1.6085837072447544
2014-05-30,1.6165347024174004
2014-06-02,1.6167932323927392
2014-06-03,1.6163662349306407
2014-06-04,1.6168245064358988
2014-06-05,1.629778377897308
2014-06-06,1.63275593377649
2014-06-09,1.6250270538610108
2014-06-10,1.6168649675317213
2014-06-11,1.6090190087797747
2014-06-12,1.5965778361272165
2014-06-13,1.5902038930315934
2014-06-16,1.58990965084242
2014-06-17,1.5953160293867057
2014-06-18,1.6015129626704179
2014-06-19,1.6039324498552303
2014-06-20,1.6096184486316172
2014-06-23,1.6060203436226368
2014-06-24,1.6075323904417367
2014-06-25,1.6034160356773894
2014-06-26,1.607894118678661
2014-06-27,1.6061607958622204
2014-06-30,1.6027091343449353
2014-07-01,1.6090077055629401
2014-07-02,1.6084550394526789
2014-07-03,1.6176768181404522
2014-07-07,1.6147455313212227
2014-07-08,1.6112831150346825
2014-07-09,1.6130060237032315
2014-07-10,1.6081680021580473
2014-07-11,1.5967122285756699
2014-07-14,1.6051663592630059
2014-07-15,1.6091540909381026
2014-07-16,1.6080105703617007
2014-07-17,1.6047136549100631
2014-07-18,1.609584208328691
2014-07-21,1.6130434768077657
2014-07-22,1.6131571464558612
2014-07-23,1.6123649297199691
2014-07-24,1.6150129227029097
2014-07-25,1.6047022029807094
2014-07-28,1.608040963096112
2014-07-29,1.5978502811582684
2014-07-30,1.5887332707296293
2014-07-31,1.5791838113708678
2014-08-01,1.56200171661271
2014-08-04,1.5682309676227317
2014-08-05,1.567980313456009
2014-08-06,1.567257620342502
2014-08-07,1.5676363695474482
2014-08-08,1.5739226119348937
2014-08-11,1.5898210735846183
2014-08-12,1.593490319718728
2014-08-13,1.6051272887112682
2014-08-14,1.6094008349690174
2014-08-15,1.6088296624063139
2014-08-18,1.623049878143631
2014-08-19,1.6257012446673043
2014-08-20,1.6296690831851621
2014-08-21,1.6308641469337495
2014-08-22,1.6308508399394777
2014-08-25,1.6337607939230112
2014-08-26,1.6397013795962432
2014-08-27,1.6279579077611028
2014-08-28,1.6247265396910888
2014-08-29,1.6252566560189146
2014-09-02,1.6282965059353682
2014-09-03,1.6215093363723563
2014-09-04,1.6194300203185958
2014-09-05,1.626818193489464
2014-09-08,1.6272981423854445
2014-09-09,1.617466626952524
2014-09-10,1.619571058179009
2014-09-11,1.6233664347605918
2014-09-12,1.612786381539226
2014-09-15,1.5992225560783513
2014-09-16,1.6109265368954893
2014-09-17,1.617151793515042
2014-09-18,1.6277138010058954
2014-09-19,1.624706526702479
2014-09-22,1.6193173035798123
2014-09-23,1.6067315864963774
2014-09-24,1.6136206264438568
2014-09-25,1.6133428256661635
2014-09-26,1.6199859186315162
2014-09-29,1.6225325955258225
2014-09-30,1.604841705923331
2014-10-01,1.6007812668890715
2014-10-02,1.5908801919244744
2014-10-03,1.5994174725721138
2014-10-06,1.6091777236861402
2014-10-07,1.5991916498548655
2014-10-08,1.6118666759949922
2014-10-09,1.6045702485202435
2014-10-10,1.5899884764038361
2014-10-13,1.5932291882556262
2014-10-14,1.5840143425718094
2014-10-15,1.5836127171057828
2014-10-16,1.5848733390578922
2014-10-17,1.5810760886078747
2014-10-20,1.5966579952177824
2014-10-21,1.6169015906915436
2014-10-22,1.6210582843692194
2014-10-23,1.6347270833899366
2014-10-24,1.6504928082055947
2014-10-27,1.6526126819661524
2014-10-28,1.6765028322156044
2014-10-29,1.685010265492312
2014-10-30,1.6906860670681638
2014-10-31,1.7087572529062307
2014-11-03,1.7143580311446482
2014-11-04,1.7136896805283346
2014-11-05,1.7181211796136
2014-11-06,1.728490070419026
2014-11-07,1.7313873893393001
2014-11-10,1.743431240936384
2014-11-11,1.74794155639344
2014-11-12,1.754380864629736
2014-11-13,1.7501582352278195
2014-11-14,1.7458817753980096
2014-11-17,1.7481163892044238
2014-11-18,1.7562444653930582
2014-11-19,1.751278434801745
2014-11-20,1.7498572240530854
2014-11-21,1.749213651473488
2014-11-24,1.7564078063312094
2014-11-25,1.7684789941874977
2014-11-26,1.7753871842506244
2014-11-28,1.7700789834642057
2014-12-01,1.767200385555164
2014-12-02,1.7811115245879303
2014-12-03,1.7926491091447574
2014-12-04,1.796735492048193
2014-12-05,1.7911710847256592
2014-12-08,1.7819827333854308
2014-12-09,1.7886094130357288
2014-12-10,1.7714837676255486
2014-12-11,1.7665560763577766
2014-12-12,1.7497545954515694
2014-12-15,1.7383184610310207
2014-12-16,1.7320249208420464
2014-12-17,1.7507968672690575
2014-12-18,1.761152582801412
2014-12-19,1.7696046086621378
2014-12-22,1.784957820490346
2014-12-23,1.7906188359037163
2014-12-24,1.788205705237495
2014-12-26,1.7995217777521277
2014-12-29,1.8058422229871676
2014-12-30,1.8077257103691928
2014-12-31,1.7706834864492271
2015-01-02,1.759730323104896
2015-01-05,1.7594809203462412
2015-01-06,1.7476216161317784
2015-01-07,1.7601089741043532
2015-01-08,1.7711961009433617
2015-01-09,1.7724349931044798
2015-01-12,1.7741164470247295
2015-01-13,1.7832925184655375
2015-01-14,1.7730368857847973
2015-01-15,1.7683246008836957
2015-01-16,1.775199093369159
2015-01-20,1.7873349717200115
2015-01-21,1.7822791749890536
2015-01-22,1.811279464095954
2015-01-23,1.8135574737909732
2015-01-26,1.8136686498853785
2015-01-27,1.7963531860785023
2015-01-28,1.7889698983700169
2015-01-29,1.7907284428135797
2015-01-30,1.7728811781855636
2015-02-02,1.762837313100698
2015-02-03,1.7642236884562945
2015-02-04,1.7666066149944546
2015-02-05,1.7709951278697442
2015-02-06,1.7700521891806063
2015-02-09,1.7551435440648906
2015-02-10,1.7622495691245774
2015-02-11,1.7711945590513354
2015-02-12,1.7767460711908005
2015-02-13,1.7732127961417579
2015-02-17,1.7686865611526512
2015-02-18,1.7706219095361502
2015-02-19,1.768496498805545
2015-02-20,1.7787606761555994
2015-02-23,1.7911783778970933
2015-02-24,1.7814745528168543
2015-02-25,1.7784672628225546
2015-02-26,1.779874330137476
2015-02-27,1.782524372291201
2015-03-02,1.7880456711723003
2015-03-03,1.7818800150193574
2015-03-04,1.7762732722617685
2015-03-05,1.7786911631832303
2015-03-06,1.7720836099962087
2015-03-09,1.7809876634727873
2015-03-10,1.7777840920315688
2015-03-11,1.7722240448742075
2015-03-12,1.7919354540840928
2015-03-13,1.8011840042344809
2015-03-16,1.8116539346124958
2015-03-17,1.8256554143061796
2015-03-18,1.8189814174157923
2015-03-19,1.8319398729311551
2015-03-20,1.8485802364720008
2015-03-23,1.8472181371089282
2015-03-24,1.8417116909636693
2015-03-25,1.8263027794953297
2015-03-26,1.820629845093256
2015-03-27,1.8385356495840575
2015-03-30,1.845064737207113
2015-03-31,1.8335607553453472
2015-04-01,1.8259569165971197
2015-04-02,1.8298433309389324
2015-04-06,1.8190150693479856
2015-04-07,1.8089237202956305
2015-04-08,1.8196559182743306
2015-04-09,1.819636756566178
2015-04-10,1.8293870449121377
2015-04-13,1.8379980309445707
2015-04-14,1.8211252017557291
2015-04-15,1.8068098719466188
2015-04-16,1.8071968749980507
2015-04-17,1.7914656140236507
2015-04-20,1.8001204114076195
2015-04-21,1.8102193691323292
2015-04-22,1.8203348970485385
2015-04-23,1.820438439194004
2015-04-24,1.8278678920967544
2015-04-27,1.8224230136463928
2015-04-28,1.8282997532284524
2015-04-29,1.8065953617434731
2015-04-30,1.7758989913695586
2015-05-01,1.7902992121180872
2015-05-04,1.7974679295004197
2015-05-05,1.7883849882332026
2015-05-06,1.7782743397888332
2015-05-07,1.7884702517426208
2015-05-08,1.7978011873647244
2015-05-11,1.7979113230846924
2015-05-12,1.7938464383996253
2015-05-13,1.7951973638288508
2015-05-14,1.8132188762303145
2015-05-15,1.818183653968238
2015-05-18,1.8330224116919875
2015-05-19,1.8448285467577772
2015-05-20,1.843687490080185
2015-05-21,1.8417362621160944
2015-05-22,1.8387732468498368
2015-05-26,1.831471623840413
2015-05-27,1.838965700261152
2015-05-28,1.8439302159434636
2015-05-29,1.8377295070010677
2015-06-01,1.8416188016505668
2015-06-02,1.8349881004785276
2015-06-03,1.8443943537497163
2015-06-04,1.8395013006263206
2015-06-05,1.8341371774290727
2015-06-08,1.8353162306390725
2015-06-09,1.8307604077517898
2015-06-10,1.839022255574041
2015-06-11,1.8558463851503142
2015-06-12,1.8561533918190267
2015-06-15,1.8536793812152588
2015-06-16,1.8599953829875848
2015-06-17,1.8607076321902203
2015-06-18,1.8783355284469412
2015-06-19,1.882304889763149
2015-06-22,1.8855099778625874
2015-06-23,1.8785574870135064
2015-06-24,1.879001544756413
2015-06-25,1.8824274322633587
2015-06-26,1.8870269971584002
2015-06-29,1.8679060744773615
2015-06-30,1.8578644223429142
2015-07-01,1.8883641765694248
2015-07-02,1.8879011898263913
2015-07-06,1.904765737541607
2015-07-07,1.898344731886731
2015-07-08,1.891253618926086
2015-07-09,1.8841052532863798
2015-07-10,1.9087978107701642
2015-07-13,1.9302035140343274
2015-07-14,1.92193749754416
2015-07-15,1.931102184718919
2015-07-16,1.945677644109736
2015-07-17,1.9616323155805477
2015-07-20,1.98331921508317
2015-07-21,1.974905218052067
2015-07-22,1.9951893124617983
2015-07-23,1.9759414028907603
2015-07-24,1.9662879943793439
2015-07-27,1.9727244951449772
2015-07-28,1.9786507272194525
2015-07-29,1.9854409423688681
2015-07-30,1.997248887469225
2015-07-31,2.0108274223346156
2015-08-03,2.0233649807712433
2015-08-04,2.0253633849250114
2015-08-05,2.0521293450069003
2015-08-06,2.0217260158472854
2015-08-07,2.021047971906307
2015-08-10,2.0107466613299856
2015-08-11,2.0080303836674025
2015-08-12,1.9836892995121371
2015-08-13,1.9922845267947902
2015-08-14,2.0036643525892006
2015-08-17,2.0131214296366506
2015-08-18,2.0148663696092273
2015-08-19,2.0116164772440563
2015-08-20,1.9998845322202663
2015-08-21,2.004844179501503
2015-08-24,1.9846111683994105
2015-08-25,1.9758665304196255
2015-08-26,1.9710385066316014
2015-08-27,1.9348064635361917
2015-08-28,1.9188513119519004
2015-08-31,1.895809909333946
2015-09-01,1.907544056626994
2015-09-02,1.9053375437421478
2015-09-03,1.902963326239953
2015-09-04,1.905605070834821
2015-09-08,1.9092018223200655
2015-09-09,1.9231449125721518
2015-09-10,1.9217118390855399
2015-09-11,1.927186130507866
2015-09-14,1.935160768513697
2015-09-15,1.9353934750696968
2015-09-16,1.9244481659022252
2015-09-17,1.931331300330019
2015-09-18,1.935239484512351
2015-09-21,1.9367903794186185
2015-09-22,1.9401770432085124
2015-09-23,1.9502142885787053
2015-09-24,1.944302556537901
2015-09-25,1.948279281616282
2015-09-28,1.9536923657975644
2015-09-29,1.9624096310905235
2015-09-30,1.9397575434718837
2015-10-01,1.9495549182174727
2015-10-02,1.9327154572603231
2015-10-05,1.934635113567802
2015-10-06,1.9133173746427188
2015-10-07,1.9129510881897027
2015-10-08,1.9091144146745622
2015-10-09,1.90843499371706
2015-10-12,1.9286045869606159
2015-10-13,1.9205799351396853
2015-10-14,1.9088824727245501
2015-10-15,1.9104482342273323
2015-10-16,1.9109056945436127
2015-10-19,1.9295977378621845
2015-10-20,1.9225346191149706
2015-10-21,1.9324856115973934
2015-10-22,1.9463530593137546
2015-10-23,1.9713123439579805
2015-10-26,1.9898531150073013
2015-10-27,1.9983578732810388
2015-10-28,2.012528852462163
2015-10-29,2.008612580386697
2015-10-30,1.9997381488801738
2015-11-02,2.0002070453567646
2015-11-03,1.9910480017805658
2015-11-04,1.9989107593682802
2015-11-05,2.001942822340859
2015-11-06,2.0006807370205006
2015-11-09,1.9918329909107284
2015-11-10,1.9951965352417433
2015-11-11,2.0031163505276663
2015-11-12,2.0047935178784284
2015-11-13,1.9910114716774174
2015-11-16,1.9878112228041405
2015-11-17,2.009753321719866
2015-11-18,2.02637768434059
2015-11-19,2.0329230358809047
2015-11-20,2.0499115389767697
2015-11-23,2.0477942631906703
2015-11-24,2.037416590865309
2015-11-25,2.0435605009361706
2015-11-27,2.0519608671106475
2015-11-30,2.0426648832854473
2015-12-01,2.0417844368091154
2015-12-02,2.0422245709164337
2015-12-03,2.0135348326897438
2015-12-04,2.043512931847971
2015-12-07,2.056964299151415
2015-12-08,2.0565086585560954
2015-12-09,2.02755011580596
2015-12-10,2.0190044403940455
2015-12-11,2.0230633164786678
2015-12-14,2.0180362488457884
2015-12-15,2.017602222148328
2015-12-16,2.0499853109118966
2015-12-17,2.0597625455584185
2015-12-18,2.05309127902785
2015-12-21,2.048856232704476
2015-12-22,2.0551521100997996
2015-12-23,2.0424886549244436
2015-12-24,2.0452532995366317
2015-12-28,2.0537922557738693
2015-12-29,2.0650331711502217
2015-12-30,2.066530601463155
2015-12-31,2.0366564315313402
2016-01-04,2.0083194983348767
2016-01-05,2.0165586940885936
2016-01-06,2.0128691770140645
2016-01-07,2.0213452920167216
2016-01-08,2.0051405021111153
2016-01-11,2.0157916746210756
2016-01-12,2.0217438513810593
2016-01-13,2.0255246489446814
2016-01-14,1.9990192400378155
2016-01-15,2.0145717179862688
2016-01-19,2.018694283330707
2016-01-20,2.0324486909265835
2016-01-21,1.999043170031825
2016-01-22,1.9938537179036961
2016-01-25,2.0038963899932107
2016-01-26,1.9836326906698147
2016-01-27,1.982672404955556
2016-01-28,1.9703947871423904
2016-01-29,1.968011305579608
2016-02-01,1.9863522634010313
2016-02-02,1.9974764951913535
2016-02-03,1.9756966188493275
2016-02-04,1.9670065840806537
2016-02-05,1.9730268121803916
2016-02-08,1.9813632311636167
2016-02-09,1.991881786549003
2016-02-10,1.9889592129173455
2016-02-11,1.9981590164275955
2016-02-12,1.9850304594603592
2016-02-16,1.9943035294475195
2016-02-17,1.983557424827186
2016-02-18,1.9901499347885039
2016-02-19,1.9978104110219355
2016-02-22,1.9863675227330881
2016-02-23,2.004882942653154
2016-02-24,2.010875965742393
2016-02-25,2.022353225978019
2016-02-26,2.022873481521119
2016-02-29,2.0182609436326615
2016-03-01,2.0111530329914062
2016-03-02,2.0048722183331122
2016-03-03,1.994494597194523
2016-03-04,1.9681826983251447
2016-03-07,1.9390165401755624
2016-03-08,1.9647767474590607
2016-03-09,1.9522510591729945
2016-03-10,1.9508147769257818
2016-03-11,1.963593102048899
2016-03-14,1.9682119578435073
2016-03-15,1.977722191155934
2016-03-16,1.978022927443372
2016-03-17,1.9856427460021615
2016-03-18,2.0019744205683385
2016-03-21,1.999125398979089
2016-03-22,2.0033143917986256
2016-03-23,2.006385053393538
2016-03-24,2.0008849614972704
2016-03-28,2.004623409681216
2016-03-29,2.0311385101885797
2016-03-30,2.0377895999075015
2016-03-31,2.018535912213995
2016-04-01,2.02348106657265
2016-04-04,2.0119715518862473
2016-04-05,2.0025582071903982
2016-04-06,1.9837435241566868
2016-04-07,1.9806037016092386
2016-04-08,1.9764867496444527
2016-04-11,1.9740760883365989
2016-04-12,1.9682571113609382
2016-04-13,1.9861540675470148
2016-04-14,1.9929187152375731
2016-04-15,1.9980141947447354
2016-04-18,2.0005717366555333
2016-04-19,1.9970751748468014
2016-04-20,1.9874976539088236
2016-04-21,1.9802482434869106
2016-04-22,1.973337548124316
2016-04-25,1.9784456822900538
2016-04-26,1.9830041235434621
2016-04-27,1.975422434892449
2016-04-28,1.9690734564582437
2016-04-29,1.9673289715068396
2016-05-02,1.983440151779877
2016-05-03,1.993738764287426
2016-05-04,1.9925714414169429
2016-05-05,1.99067492052069
2016-05-06,1.9916374994380968
2016-05-09,2.0013677156970493
2016-05-10,1.9998192048640386
2016-05-11,2.001767696030466
2016-05-12,2.009410024134288
2016-05-13,2.0016158434152533
2016-05-16,1.989102288423271
2016-05-17,1.9678581363346048
2016-05-18,1.981106553504545
2016-05-19,1.9772598533205097
2016-05-20,1.977178424740054
2016-05-23,1.9793752341608148
2016-05-24,1.9975813307285333
2016-05-25,1.9921201199527807
2016-05-26,1.995980017026034
2016-05-27,2.00143752139507
2016-05-31,1.981218595951314
2016-06-01,1.9754792783539283
2016-06-02,1.9685808551853639
2016-06-03,1.9637534516789394
2016-06-06,1.9501881117559627
2016-06-07,1.9505555568391215
2016-06-08,1.954837487966465
2016-06-09,1.9546299882399782
2016-06-10,1.9604493718121332
2016-06-13,1.9433444788709475
2016-06-14,1.9441572826384126
2016-06-15,1.9311521108772882
2016-06-16,1.9336382109264023
2016-06-17,1.925229858110677
2016-06-20,1.9288984182663134
2016-06-21,1.9324278010606684
2016-06-22,1.9352751030509125
2016-06-23,1.9465525371590415
2016-06-24,1.9213842058365949
2016-06-27,1.9150262723418823
2016-06-28,1.9029450838716868
2016-06-29,1.927713194877363
2016-06-30,1.955402993497644
2016-07-01,1.9466841481512402
2016-07-05,1.9537841767580508
2016-07-06,1.955728238651891
2016-07-07,1.9575268964854846
2016-07-08,1.9702764873782233
2016-07-11,1.9878018392009253
2016-07-12,1.9865965978029028
2016-07-13,1.9982010788321118
2016-07-14,2.003115282178484
2016-07-15,2.013450562458095
2016-07-18,2.0085438610066517
2016-07-19,2.0168872047368342
2016-07-20,2.010226542769208
2016-07-21,2.0066635582654593
2016-07-22,2.0116810483684966
2016-07-25,2.016390468311156
2016-07-26,2.0152475614602263
2016-07-27,2.0015546274106777
2016-07-28,2.0063499168470558
2016-07-29,2.0011758542760947
2016-08-01,2.0032668408741725
2016-08-02,1.99913629564282
2016-08-03,1.9828512015545485
2016-08-04,1.990358565278082
2016-08-05,2.003762598503948
2016-08-08,2.0047428296612964
2016-08-09,2.010307451806716
2016-08-10,2.012688887067994
2016-08-11,2.004147515842698
2016-08-12,2.0004581476631205
2016-08-15,2.001399627285983
2016-08-16,1.9989615040256405
2016-08-17,1.9982435361877677
2016-08-18,1.996502334316219
2016-08-19,1.995934923453852
2016-08-22,1.999855665301233
2016-08-23,2.0066284769052523
2016-08-24,2.019775846253076
2016-08-25,2.018593167834615
2016-08-26,2.0082243217592404
2016-08-29,2.0100841471516184
2016-08-30,2.013637570093956
2016-08-31,2.0069079309607125
2016-09-01,2.0102296100979817
2016-09-02,2.0167712294865265
2016-09-06,2.009681117733306
2016-09-07,2.0141136312340904
2016-09-08,1.996963993913714
2016-09-09,1.9858673699874116
2016-09-12,1.9639869752626447
2016-09-13,1.9694747827874817
2016-09-14,1.9561070109067893
2016-09-15,1.9615417037114768
2016-09-16,1.9677563029694587
2016-09-19,1.9688447377894476
2016-09-20,1.9611662315313974
2016-09-21,1.9670216053956142
2016-09-22,1.998659003199126
2016-09-23,2.0010984488530745
2016-09-26,1.9801482078137398
2016-09-27,1.9731862921250476
2016-09-28,1.9773834573229983
2016-09-29,1.9694161948265119
2016-09-30,1.949005566330169
2016-10-03,1.9451604687249862
2016-10-04,1.9391919028215332
2016-10-05,1.9350113449256354
2016-10-06,1.9424079563755305
2016-10-07,1.938502539520501
2016-10-10,1.9369780689376377
2016-10-11,1.9310614236222177
2016-10-12,1.922359684833235
2016-10-13,1.9119120444230124
2016-10-14,1.9232804001506727
2016-10-17,1.9189974201234856
2016-10-18,1.9109522559114696
2016-10-19,1.9235950199535343
2016-10-20,1.9118569795578542
2016-10-21,1.9150335069116322
2016-10-24,1.9270871217472998
2016-10-25,1.9371600140034113
2016-10-26,1.92468526397414
2016-10-27,1.9267405670135165
2016-10-28,1.9312813209106976
2016-10-31,1.949516359433148
2016-11-01,1.9386442315785766
2016-11-02,1.9312136564038318
2016-11-03,1.948881171833154
2016-11-04,1.9382353877998242
2016-11-07,1.9594533143338417
2016-11-08,1.9865783105070587
2016-11-09,2.0064949596339514
2016-11-10,2.0258344294179853
2016-11-11,2.0415099915221964
2016-11-14,2.04133243056742
2016-11-15,2.0411037901038407
2016-11-16,2.049358236689085
2016-11-17,2.04501985700754
2016-11-18,2.0491094590099967
2016-11-21,2.0534361764094595
2016-11-22,2.0824289695834315
2016-11-23,2.0844855700887885
2016-11-25,2.084775511538592
2016-11-28,2.080872151467477
2016-11-29,2.096043477904459
2016-11-30,2.0929364394412797
2016-12-01,2.0874981708334595
2016-12-02,2.0815559557686
2016-12-05,2.0947241963452257
2016-12-06,2.100229822325854
2016-12-07,2.1215816014057465
2016-12-08,2.155845896101835
2016-12-09,2.1497725709920568
2016-12-12,2.147253891854705
2016-12-13,2.142295291170852
2016-12-14,2.140231727862186
2016-12-15,2.1412206155276965
2016-12-16,2.1427276408841016
2016-12-19,2.147547003352906
2016-12-20,2.1574252845945305
2016-12-21,2.1642168106283544
2016-12-22,2.156725063346212
2016-12-23,2.14260079599022
2016-12-27,2.146107952308905
2016-12-28,2.1470515321877457
2016-12-29,2.153534730227796
2016-12-30,2.128005786409445
2017-01-03,2.1219383423967346
2017-01-04,2.1229165891343844
2017-01-05,2.117629503550501
2017-01-06,2.1098585276466286
2017-01-09,2.0848721960091967
2017-01-10,2.085547745721482
2017-01-11,2.101405089313229
2017-01-12,2.0918448314250826
2017-01-13,2.0975354017628356
2017-01-17,2.093672191574824
2017-01-18,2.096481095721646
2017-01-19,2.0939172211397716
2017-01-20,2.098300073776127
2017-01-23,2.1016280950549833
2017-01-24,2.1230507448302003
2017-01-25,2.130699626295071
2017-01-26,2.135562307979117
2017-01-27,2.1282052004113496
2017-01-30,2.1153917230054486
2017-01-31,2.1027329058658824
2017-02-01,2.1065509779281846
2017-02-02,2.1061424737873726
2017-02-03,2.118237280724383
2017-02-06,2.104031116875338
2017-02-07,2.1114778694996184
2017-02-08,2.10099308044777
2017-02-09,2.1081603185044173
2017-02-10,2.1207787727625584
2017-02-13,2.130861320383067
2017-02-14,2.1294088130842064
2017-02-15,2.1355533966642386
2017-02-16,2.137563305743538
2017-02-17,2.139091913170191
2017-02-21,2.153846828284729
2017-02-22,2.163289155619164
2017-02-23,2.154987422619727
2017-02-24,2.137503483755594
2017-02-27,2.124473887843165
2017-02-28,2.1198283717668542
2017-03-01,2.129743767528721
2017-03-02,2.122052076821552
2017-03-03,2.123188175602888
2017-03-06,2.1092729696055414
2017-03-07,2.118441652858604
2017-03-08,2.0948607053582986
2017-03-09,2.089340148753861
2017-03-10,2.089461597983813
2017-03-13,2.0898674293640203
2017-03-14,2.0922206453944585
2017-03-15,2.099262890043875
2017-03-16,2.112511277851839
2017-03-17,2.1163464699135686
2017-03-20,2.097221361986888
2017-03-21,2.081092747996585
2017-03-22,2.073432218988979
2017-03-23,2.0764101893916944
2017-03-24,2.0759416489053755
2017-03-27,2.0702933051133354
2017-03-28,2.081259810730563
2017-03-29,2.088677417173453
2017-03-30,2.0986318859349242
2017-03-31,2.0895468646139554
2017-04-03,2.0803431169514197
2017-04-04,2.0925410147488486
2017-04-05,2.0872243329434967
2017-04-06,2.0869596277594393
2017-04-07,2.0958467011744686
2017-04-10,2.091906777909471
2017-04-11,2.0998299900222652
2017-04-12,2.081504261912398
2017-04-13,2.0664560047721854
2017-04-17,2.0733291589239733
2017-04-18,2.0758328056017743
2017-04-19,2.071006242889582
2017-04-20,2.0821523350466333
2017-04-21,2.084407514019826
2017-04-24,2.09213412058143
2017-04-25,2.1078730161599397
2017-04-26,2.11543255022147
2017-04-27,2.117741578706952
2017-04-28,2.1108488283962084
2017-05-01,2.129840363058834
2017-05-02,2.126096170263241
2017-05-03,2.1218607751691785
2017-05-04,2.1215740256464577
2017-05-05,2.1404580310318346
2017-05-08,2.154014395946445
2017-05-09,2.1479120352903593
2017-05-10,2.1494999750163943
2017-05-11,2.1409718343899806
2017-05-12,2.125483545486155
2017-05-15,2.1219036121231407
2017-05-16,2.134528101886815
2017-05-17,2.1132000661741013
2017-05-18,2.1079897973164012
2017-05-19,2.117653768859467
2017-05-22,2.1241318869044847
2017-05-23,2.131185536341282
2017-05-24,2.133154034065146
2017-05-25,2.1272235067975678
2017-05-26,2.1322480697103914
2017-05-30,2.1219453520445772
2017-05-31,2.1190856333258448
2017-06-01,2.1245803807361505
2017-06-02,2.1317451250011445
2017-06-05,2.1329919461505646
2017-06-06,2.1273955894590877
2017-06-07,2.119380706120796
2017-06-08,2.139554817194472
2017-06-09,2.1456313547645975
2017-06-12,2.140105543780506
2017-06-13,2.150044265287855
2017-06-14,2.1514076694233473
2017-06-15,2.1536028405342207
2017-06-16,2.149621664965855
2017-06-19,2.133191448701131
2017-06-20,2.1415119412533685
2017-06-21,2.118434054344979
2017-06-22,2.105029027366698
2017-06-23,2.125666501862325
2017-06-26,2.1177735591246187
2017-06-27,2.122366718188318
2017-06-28,2.1283516300389382
2017-06-29,2.1377975534572697
2017-06-30,2.1199684914334065
2017-07-03,2.115407723700324
2017-07-05,2.1320379779290186
2017-07-06,2.141864941684706
2017-07-07,2.1444699210883713
2017-07-10,2.155367882565166
2017-07-11,2.1543639294024888
2017-07-12,2.15944887197334
2017-07-13,2.151978211238873
2017-07-14,2.1515760102463504
2017-07-17,2.1530263307990816
2017-07-18,2.1625421164411773
2017-07-19,2.159160829287674
2017-07-20,2.1622912977844306
2017-07-21,2.158671886898423
2017-07-24,2.173277404534042
2017-07-25,2.1729861554949395
2017-07-26,2.1721615826102627
2017-07-27,2.1665512906664777
2017-07-28,2.1701162268694207
2017-07-31,2.1694165867080257
2017-08-01,2.174431940621838
2017-08-02,2.173865120147731
2017-08-03,2.1787739248752804
2017-08-04,2.1668675393623857
2017-08-07,2.176435425999619
2017-08-08,2.1910753871819333
2017-08-09,2.193751406525061
2017-08-10,2.1677838145999617
2017-08-11,2.1580579406312896
2017-08-14,2.1814323957042197
2017-08-15,2.2014324733251542
2017-08-16,2.2016941309573244
2017-08-17,2.191189431962006
2017-08-18,2.163784512077164
2017-08-21,2.1576634899156355
2017-08-22,2.168184777268869
2017-08-23,2.167621783871372
2017-08-24,2.162144755765057
2017-08-25,2.1562945052040137
2017-08-28,2.1631168303485793
2017-08-29,2.1650964390619927
2017-08-30,2.1684630430287055
2017-08-31,2.1791420042914202
2017-09-01,2.1872863025736193
2017-09-05,2.177400409707661
2017-09-06,2.1613376863234057
2017-09-07,2.157603312082873
2017-09-08,2.16506417118565
2017-09-11,2.1786006216223055
2017-09-12,2.188117875235252
2017-09-13,2.1847759374418603
2017-09-14,2.1784109645988035
2017-09-15,2.1816575007352497
2017-09-18,2.1770922887129944
2017-09-19,2.1897757665149737
2017-09-20,2.1931979927629173
2017-09-21,2.190238449930162
2017-09-22,2.1953747438782956
2017-09-25,2.1839459900302414
2017-09-26,2.1937260192052794
2017-09-27,2.2104321763402974
2017-09-28,2.239535543217998
2017-09-29,2.234146166288867
2017-10-02,2.243855167326097
2017-10-03,2.2380712307928903
2017-10-04,2.2334634132397
2017-10-05,2.2441274279557297
2017-10-06,2.2528831269072374
2017-10-09,2.250104471854186
2017-10-10,2.2490324030624085
2017-10-11,2.2461917907485387
2017-10-12,2.257863558464494
2017-10-13,2.2633268653872385
2017-10-16,2.246094120598026
2017-10-17,2.2463967224337904
2017-10-18,2.2593764035210744
2017-10-19,2.2614454813603992
2017-10-20,2.2680328976496638
2017-10-23,2.2721477408325885
2017-10-24,2.280584374762471
2017-10-25,2.2780960925065807
2017-10-26,2.2800588607126633
2017-10-27,2.2834212683529587
2017-10-30,2.260604527747054
2017-10-31,2.2654658926531996
2017-11-01,2.2614639256609497
2017-11-02,2.2697022709124237
2017-11-03,2.2656967898576217
2017-11-06,2.2557782872637744
2017-11-07,2.2498989628504913
2017-11-08,2.2477353723369253
2017-11-09,2.231404677065002
2017-11-10,2.2269471795325324
2017-11-13,2.2249015549796627
2017-11-14,2.2444957490753943
2017-11-15,2.235043492072587
2017-11-16,2.2461861285267584
2017-11-17,2.232878061962615
2017-11-20,2.242930732062608
2017-11-21,2.2609821791656333
2017-11-22,2.253220300925979
2017-11-24,2.254155401925064
2017-11-27,2.26706215692467
2017-11-28,2.2860382280090685
2017-11-29,2.29588243011028
2017-11-30,2.2853520207923617
2017-12-01,2.281349884798034
2017-12-04,2.286150843044434
2017-12-05,2.2894793748956777
2017-12-06,2.2969660728126167
2017-12-07,2.3006838322644128
2017-12-08,2.2896007587108285
2017-12-11,2.2861250308289165
2017-12-12,2.3057683339834196
2017-12-13,2.3053407872658003
2017-12-14,2.296147041435032
2017-12-15,2.318846255225483
2017-12-18,2.323507850428841
2017-12-19,2.323891354537768
2017-12-20,2.3174370697234674
2017-12-21,2.3173274398103727
2017-12-22,2.305858473072515
2017-12-26,2.2962043919391175
2017-12-27,2.3089984801289583
2017-12-28,2.3063199842273647
2017-12-29,2.301976777996231
2018-01-02,2.2821506007124746
2018-01-03,2.274301027626624
2018-01-04,2.275919271918148
2018-01-05,2.299251794970492
2018-01-08,2.300391039590207
2018-01-09,2.2957677238863026
2018-01-10,2.2911392023618027
2018-01-11,2.3028513669335355
2018-01-12,2.316444487361034
2018-01-16,2.3193947638365566
2018-01-17,2.3297265250841477
2018-01-18,2.3317715635610865
2018-01-19,2.348852986031256
2018-01-22,2.348594855657415
2018-01-23,2.34688617694745
2018-01-24,2.3395392231440444
2018-01-25,2.349394265420394
2018-01-26,2.357295689949624
2018-01-29,2.35454510009388
2018-01-30,2.3381440415523422
2018-01-31,2.334873256588613
2018-02-01,2.3415811260165658
2018-02-02,2.3363043579198592
2018-02-05,2.2654803457743617
2018-02-06,2.2616263091536326
2018-02-07,2.275861882111563
2018-02-08,2.2377181508018795
2018-02-09,2.2397363582290555
2018-02-12,2.259295609411516
2018-02-13,2.262480402481536
2018-02-14,2.278842120834164
2018-02-15,2.2890008477494073
2018-02-16,2.2963892664343426
2018-02-20,2.2872740754628835
2018-02-21,2.285078413326922
2018-02-22,2.2755360483911926
2018-02-23,2.286129356359137
2018-02-26,2.2983475568637024
2018-02-27,2.2871503397581403
2018-02-28,2.277844208158973
2018-03-01,2.261969483331239
2018-03-02,2.2687102416551705
2018-03-05,2.2716957131193825
2018-03-06,2.278845394100331
2018-03-07,2.287945178357009
2018-03-08,2.293056551438487
2018-03-09,2.310122743565529
2018-03-12,2.3146732485362107
2018-03-13,2.3115987624811116
2018-03-14,2.3080112231080325
2018-03-15,2.3155146452007
2018-03-16,2.3131046475888493
2018-03-19,2.306726029426867
2018-03-20,2.307655127148521
2018-03-21,2.309946591109293
2018-03-22,2.2884164636236926
2018-03-23,2.259465581057194
2018-03-26,2.273669969435574
2018-03-27,2.2719879297499426
2018-03-28,2.269452508941511
2018-03-29,2.266908555618173
2018-04-02,2.256101456313882
2018-04-03,2.2635306719814516
2018-04-04,2.271038608131233
2018-04-05,2.2781976608388015
2018-04-06,2.267384732595255
2018-04-09,2.259830190294721
2018-04-10,2.2765897004629227
2018-04-11,2.271884566139429
2018-04-12,2.2673952273005256
2018-04-13,2.261261663662759
2018-04-16,2.2756268061041167
2018-04-17,2.2897714218198133
2018-04-18,2.285767940695559
2018-04-19,2.28166842082338
2018-04-20,2.2788136937343015
2018-04-23,2.27481130851322
2018-04-24,2.26188588529246
2018-04-25,2.256244780833869
2018-04-26,2.2522784177830664
2018-04-27,2.254510165423961
2018-04-30,2.2467572515463003
2018-05-01,2.2504072850243544
2018-05-02,2.2381931002271362
2018-05-03,2.2380545994117704
2018-05-04,2.24561131065653
2018-05-07,2.252603233226717
2018-05-08,2.2646792915722243
2018-05-09,2.2617241824729573
2018-05-10,2.274376677380396
2018-05-11,2.2788477091138217
2018-05-14,2.2671311610653517
2018-05-15,2.2686214645858387
2018-05-16,2.2715267676314483
2018-05-17,2.2821446839137205
2018-05-18,2.2833485286361386
2018-05-21,2.28232770821665
2018-05-22,2.280001160780556
2018-05-23,2.285898116174549
2018-05-24,2.2996339598890256
2018-05-25,2.2922531613928188
2018-05-29,2.2791560974048384
2018-05-30,2.286000900932783
2018-05-31,2.2829699417801366
2018-06-01,2.2857374659342455
2018-06-04,2.3039870579409722
2018-06-05,2.3094643457984425
2018-06-06,2.2980375882717445
2018-06-07,2.2954392772828114
2018-06-08,2.2963052261662553
2018-06-11,2.2892226383163403
2018-06-12,2.288938184298204
2018-06-13,2.28619094318958
2018-06-14,2.28736779727583
2018-06-15,2.287089718516891
2018-06-18,2.2867948047547664
2018-06-19,2.2830529233022614
2018-06-20,2.278120454695802
2018-06-21,2.274140984382066
2018-06-22,2.275996395371852
2018-06-25,2.261391699116961
2018-06-26,2.2634437338201123
2018-06-27,2.2402253613487333
2018-06-28,2.2509909866300846
2018-06-29,2.2429275625306033
2018-07-02,2.250172848188863
2018-07-03,2.24973477351609
2018-07-05,2.263005529225648
2018-07-06,2.27977544484903
2018-07-09,2.2980745004992364
2018-07-10,2.2941094217540696
2018-07-11,2.2855937628677823
2018-07-12,2.29323770072392
2018-07-13,2.2963233618636987
2018-07-16,2.3009556237865336
2018-07-17,2.3026532053028883
2018-07-18,2.312338936166132
2018-07-19,2.3078499469530027
2018-07-20,2.312213779133621
2018-07-23,2.319584751720227
2018-07-24,2.320583492647206
2018-07-25,2.3333586059783418
2018-07-26,2.328334933268218
2018-07-27,2.304119284638032
2018-07-30,2.281282272212744
2018-07-31,2.2797807985921663
2018-08-01,2.2962817235683652
2018-08-02,2.3145724689380995
2018-08-03,2.309548695368848
2018-08-06,2.3166387690968833
2018-08-07,2.319425043697264
2018-08-08,2.314818221932545
2018-08-09,2.31457028863446
2018-08-10,2.3211457757424827
2018-08-13,2.3114631567481343
2018-08-14,2.3180745601211727
2018-08-15,2.3073159990961796
2018-08-16,2.3046631701659255
2018-08-17,2.3193152794135283
2018-08-20,2.319720458802254
2018-08-21,2.3238958906578957
2018-08-22,2.3202149411441924
2018-08-23,2.3228050500704964
2018-08-24,2.329111199440809
2018-08-27,2.3336394010398243
2018-08-28,2.3381229240323353
2018-08-29,2.3383941167146376
2018-08-30,2.3365149660882993
2018-08-31,2.3360801152417747
2018-09-04,2.3349336493234567
2018-09-05,2.3291936102310604
2018-09-06,2.332176695750587
2018-09-07,2.331163514596206
2018-09-10,2.340930118521774
2018-09-11,2.32922803427461
2018-09-12,2.3289739625817103
2018-09-13,2.335871052655082
2018-09-14,2.3379592364148736
2018-09-17,2.322857556913667
2018-09-18,2.313281213521629
2018-09-19,2.3134762179128816
2018-09-20,2.3210244599216923
2018-09-21,2.3184352940447934
2018-09-24,2.2914770984989743
2018-09-25,2.2923094366185524
2018-09-26,2.2946285554594685
2018-09-27,2.2941492363601994
2018-09-28,2.285351861740592
2018-10-01,2.2636193360023857
2018-10-02,2.263082034141021
2018-10-03,2.259070855787076
2018-10-04,2.2497936368427736
2018-10-05,2.2421586987173843
2018-10-08,2.2410762332080663
2018-10-09,2.2388390709662405
2018-10-10,2.1915993968778524
2018-10-11,2.174338611084328
2018-10-12,2.170808886419758
2018-10-15,2.174895208005952
2018-10-16,2.196955253763706
2018-10-17,2.194641179766012
2018-10-18,2.173968176953058
2018-10-19,2.1594619018441885
2018-10-22,2.1660182833675887
2018-10-23,2.15811895991304
2018-10-24,2.162356836310784
2018-10-25,2.153735079192085
2018-10-26,2.1652245766607887
2018-10-29,2.1575434960103426
2018-10-30,2.162483539178499
2018-10-31,2.18195072877506
2018-11-01,2.1643032939904097
2018-11-02,2.164392555504719
2018-11-05,2.157449724026415
2018-11-06,2.1687745882466194
2018-11-07,2.1901020877424653
2018-11-08,2.1923330721839305
2018-11-09,2.1825402042955755
2018-11-12,2.1877542085778754
2018-11-13,2.1811183202014632
2018-11-14,2.1798339174670547
2018-11-15,2.166765448658662
2018-11-16,2.1633397459265558
2018-11-19,2.1606071194228145
2018-11-20,2.1649311990875924
2018-11-21,2.154057731544388
2018-11-23,2.1566426612593754
2018-11-26,2.1490639584700366
2018-11-27,2.156304000809574
2018-11-28,2.1804164360421825
2018-11-29,2.1897305202628154
2018-11-30,2.186362182098509
2018-12-03,2.200494649699056
2018-12-04,2.1891118967291834
2018-12-06,2.1962942717331964
2018-12-07,2.2086394804112626
2018-12-10,2.2018269710115774
2018-12-11,2.2095638704320204
2018-12-12,2.215623541500546
2018-12-13,2.2113634424440995
2018-12-14,2.221855097144665
2018-12-17,2.229217462816587
2018-12-18,2.229186187072889
2018-12-19,2.2132500771710966
2018-12-20,2.2075661747604354
2018-12-21,2.2203321440109436
2018-12-24,2.2187539709947988
2018-12-26,2.2015026439395053
2018-12-27,2.205282169669701
2018-12-28,2.1983908826683853
2018-12-31,2.1674950440326604
2019-01-02,2.159316897957611
2019-01-03,2.166292805903189
2019-01-04,2.16464782021849
2019-01-07,2.1666769179839256
2019-01-08,2.171061135438063
2019-01-09,2.1692969198113747
2019-01-10,2.174141336258346
2019-01-11,2.1703004811993507
2019-01-14,2.164536967437697
2019-01-15,2.157354004682645
2019-01-16,2.167129307547008
2019-01-17,2.17488874074304
2019-01-18,2.1592879822373567
2019-01-22,2.1664070691897472
2019-01-23,2.1663234181750477
2019-01-24,2.1653079105256854
2019-01-25,2.164052317080631
2019-01-28,2.1666016919677533
2019-01-29,2.1698340026550937
2019-01-30,2.162662382081781
2019-01-31,2.1701683520759296
2019-02-01,2.1682619522911253
2019-02-04,2.1660749889543793
2019-02-05,2.1665889766086117
2019-02-06,2.1612760487896336
2019-02-07,2.1661298100799327
2019-02-08,2.1671505857630096
2019-02-11,2.1683959912641972
2019-02-12,2.1780008268471955
2019-02-13,2.180330258872227
2019-02-14,2.168263258117277
2019-02-15,2.1769427387504323
2019-02-19,2.185006071531632
2019-02-20,2.191595998321425
2019-02-21,2.1885584347509743
2019-02-22,2.1825997093783664
2019-02-25,2.179780055585391
2019-02-26,2.1823666012304783
2019-02-27,2.1786539068554487
2019-02-28,2.173584887424946
2019-03-01,2.170043829729326
2019-03-04,2.161418088776502
2019-03-05,2.1638836541851205
2019-03-06,2.1558346910610786
2019-03-07,2.1502812130395648
2019-03-08,2.1375908413298808
2019-03-11,2.1557172914890588
2019-03-12,2.1596187299071117
2019-03-13,2.172091118258973
2019-03-14,2.182481663170081
2019-03-15,2.183271994860535
2019-03-18,2.195374086902817
2019-03-19,2.1760244645309754
2019-03-20,2.162497360760223
2019-03-21,2.174682680925286
2019-03-22,2.1516080703942793
2019-03-25,2.1599032054412124
2019-03-26,2.174414988621017
2019-03-27,2.175486381066027
2019-03-28,2.179751124849725
2019-03-29,2.172158402884017
2019-04-01,2.1868351479766206
2019-04-02,2.1780648345162557
2019-04-03,2.1808369842830673
2019-04-04,2.182732804192716
2019-04-05,2.1903637867564987
2019-04-08,2.1847823187874655
2019-04-09,2.1796240744502424
2019-04-10,2.186963223387813
2019-04-11,2.197612464409348
2019-04-12,2.2079466826593896
2019-04-15,2.209241708023429
2019-04-16,2.2044853824229222
2019-04-17,2.1982802690559913
2019-04-18,2.2004894197088727
2019-04-22,2.193856556152432
2019-04-23,2.2049053695123373
2019-04-24,2.2118018555855627
2019-04-25,2.207552291447658
2019-04-26,2.2157927475191683
2019-04-29,2.222165320370107
2019-04-30,2.225617955330935
2019-05-01,2.2217475458149383
2019-05-02,2.2331508808469076
2019-05-03,2.244858675235013
2019-05-06,2.2506274891314897
2019-05-07,2.2372562018881768
2019-05-08,2.2164700241657282
2019-05-09,2.2230414660748252
2019-05-10,2.2246709641799836
2019-05-13,2.197603717283947
2019-05-14,2.1991384504968368
2019-05-15,2.206146379270201
2019-05-16,2.222589247566438
2019-05-17,2.231230903024384
2019-05-20,2.231266903516274
2019-05-21,2.2380055937321064
2019-05-22,2.2425888492249513
2019-05-23,2.241593566294736
2019-05-24,2.2396826765584876
2019-05-28,2.242874707726158
2019-05-29,2.229071026855355
2019-05-30,2.2295141539739274
2019-05-31,2.2321017521179614
2019-06-03,2.2186078933809044
2019-06-04,2.2358371589492605
2019-06-05,2.2572000937634242
2019-06-06,2.261608065122375
2019-06-07,2.2697616910770857
2019-06-10,2.285916471729701
2019-06-11,2.2901652756415767
2019-06-12,2.301606508706961
2019-06-13,2.306246921082452
2019-06-14,2.309139390722489
2019-06-17,2.30623746473255
2019-06-18,2.316214996337278
2019-06-19,2.3267698251660986
2019-06-20,2.3333396020517694
2019-06-21,2.323266867795256
2019-06-24,2.3214916388204134
2019-06-25,2.300099472629151
2019-06-26,2.288760641268923
2019-06-27,2.2950056538950814
2019-06-28,2.3054191870157155
2019-07-01,2.3250927042568583
2019-07-02,2.3321581908088658
2019-07-03,2.3529768033534495
2019-07-05,2.3537806333205373
2019-07-08,2.3439988505688922
2019-07-09,2.343408719477565
2019-07-10,2.3269670254543584
2019-07-11,2.3436908938173104
2019-07-12,2.3463359551498733
2019-07-15,2.34978756850592
2019-07-16,2.3600592547913126
2019-07-17,2.323713042328138
2019-07-18,2.345209701951641
2019-07-19,2.345847473293805
2019-07-22,2.3426093685821137
2019-07-23,2.3483939943223286
2019-07-24,2.3532040287307976
2019-07-25,2.355482725411929
2019-07-26,2.3725276592400575
2019-07-29,2.381559311532335
2019-07-30,2.3753980212696755
2019-07-31,2.354716760352486
2019-08-01,2.361381797848433
2019-08-02,2.3530850280856286
2019-08-05,2.312591912715492
2019-08-06,2.3234288113262616
2019-08-07,2.3299422204382534
2019-08-08,2.344934063846693
2019-08-09,2.3389117533327157
2019-08-12,2.3272594942469245
2019-08-13,2.3403896030092652
2019-08-14,2.334373962286898
2019-08-15,2.32150922848331
2019-08-16,2.329491155501064
2019-08-19,2.3360782029716565
2019-08-20,2.3381117546497547
2019-08-21,2.3448390271429824
2019-08-22,2.348141962965864
2019-08-23,2.33034027574922
2019-08-26,2.3259879350796355
2019-08-27,2.3325793267077666
2019-08-28,2.328089555395343
2019-08-29,2.340487624258748
2019-08-30,2.3489229982370396
2019-09-03,2.3531771467365363
2019-09-04,2.3499724057829225
2019-09-05,2.3565541897260616
2019-09-06,2.3336931136873886
2019-09-09,2.3215309500155468
2019-09-10,2.2949576378894743
2019-09-11,2.300205930662712
2019-09-12,2.3134270095084855
2019-09-13,2.3286721927315712
2019-09-16,2.315178985798504
2019-09-17,2.326250759284795
2019-09-18,2.3284218131875893
2019-09-19,2.337815564549476
2019-09-20,2.3498931511180294
2019-09-23,2.3464539082153095
2019-09-24,2.3491175489933105
2019-09-25,2.3577919470648436
2019-09-26,2.365079939138476
2019-09-27,2.364908749247793
2019-09-30,2.342024200706649
2019-10-01,2.3364371512091417
2019-10-02,2.3329284860947093
2019-10-03,2.3337367110016554
2019-10-04,2.3527850682356855
2019-10-07,2.3585318475409385
2019-10-08,2.3461142994505697
2019-10-09,2.3407007839330594
2019-10-10,2.343668789764136
2019-10-11,2.3471612480515116
2019-10-14,2.3575729500038536
2019-10-15,2.3669774326337847
2019-10-16,2.3608292859492335
2019-10-17,2.3623041907824756
2019-10-18,2.361533056971015
2019-10-21,2.3729389139737695
2019-10-22,2.363132204438011
2019-10-23,2.3581102282106237
2019-10-24,2.3688614820687026
2019-10-25,2.3683520965072242
2019-10-28,2.3719082782455527
2019-10-29,2.378982339804362
2019-10-30,2.399141660221326
2019-10-31,2.4022091390089213
2019-11-01,2.3825125326112264
2019-11-04,2.3722373441042097
2019-11-05,2.3770846381930886
2019-11-06,2.3775656539713443
2019-11-07,2.366461696022817
2019-11-08,2.3645382375862294
2019-11-11,2.369829033872778
2019-11-12,2.378268693040693
2019-11-13,2.380629205743965
2019-11-14,2.3970717575497758
2019-11-15,2.4049623309586066
2019-11-18,2.426264343034173
2019-11-19,2.4373283634576866
2019-11-20,2.437955802397888
2019-11-21,2.433540467521687
2019-11-22,2.422116821799839
2019-11-25,2.4388242320755316
2019-11-26,2.4274516023853066
2019-11-27,2.4190106067860206
2019-11-29,2.4093859578520296
2019-12-02,2.394159141267281
2019-12-03,2.3984570783809005
2019-12-04,2.3871414145517598
2019-12-05,2.4020337335947315
2019-12-06,2.398329037630585
2019-12-09,2.4028171928516757
2019-12-10,2.394994188851719
2019-12-11,2.3999937741156154
2019-12-12,2.399395734975781
2019-12-13,2.4202488271621387
2019-12-16,2.442200215732467
2019-12-17,2.4351612363785526
2019-12-18,2.4395257575684717
2019-12-19,2.432632976364175
2019-12-20,2.454846377906256
2019-12-23,2.4245917244517563
2019-12-24,2.4153171979419588
2019-12-26,2.4186031506879857
2019-12-27,2.419213542719359
2019-12-30,2.4268647055482275
2019-12-31,2.3896069804275144
2020-01-02,2.399230792168323
2020-01-03,2.348677903964346
2020-01-06,2.3304006915884306
2020-01-07,2.323143940278696
2020-01-08,2.339376925807712
2020-01-09,2.344419280608911
2020-01-10,2.345420063261448
2020-01-13,2.327174078336129
2020-01-14,2.3290041848847807
2020-01-15,2.3307854794901797
2020-01-16,2.3394469847759347
2020-01-17,2.352801593258231
2020-01-21,2.355032151831422
2020-01-22,2.351025056237479
2020-01-23,2.36401921267541
2020-01-24,2.3549975125675084
2020-01-27,2.348991777185849
2020-01-28,2.3631227168578515
2020-01-29,2.367946214340766
2020-01-30,2.373211247663281
2020-01-31,2.355740424392683
2020-02-03,2.3722221227597795
2020-02-04,2.388605324748744
2020-02-05,2.402925055287601
2020-02-06,2.4227228261185174
2020-02-07,2.4217738506195507
2020-02-10,2.4352749154030113
2020-02-11,2.4358695442151967
2020-02-12,2.446028901844227
2020-02-13,2.4469723708630857
2020-02-14,2.4418776655177337
2020-02-18,2.4365930546814685
2020-02-19,2.4320023144459664
2020-02-20,2.4247589809082797
2020-02-21,2.421875978624841
2020-02-24,2.402317999529292
2020-02-25,2.369542015385593
2020-02-26,2.366626518589621
2020-02-27,2.367204167725749
2020-02-28,2.3491087180281767
2020-03-02,2.4023276051770335
2020-03-03,2.3915814367691177
2020-03-04,2.414751055305127
2020-03-05,2.42185039093544
2020-03-06,2.4482376552597733
2020-03-09,2.5027376985628638
2020-03-10,2.470902989132792
2020-03-11,2.4924681989579
2020-03-12,2.5074943006438164
2020-03-13,2.450468001017221
2020-03-16,2.483337403044181
2020-03-17,2.4711703111321475
2020-03-18,2.4839260559966068
2020-03-19,2.4415031304264083
2020-03-20,2.456653040843992
2020-03-23,2.4777901723150317
2020-03-24,2.446910557692872
2020-03-25,2.4510535126580355
2020-03-26,2.4401771970197204
2020-03-27,2.4358523788911968
2020-03-30,2.4464891814764576
2020-03-31,2.4321198965747968
2020-04-01,2.433712090033635
2020-04-02,2.4082064304158375
2020-04-03,2.409544464259767
2020-04-06,2.411557186608646
2020-04-07,2.4248591568658777
2020-04-08,2.413431860604524
2020-04-09,2.4013991471612126
2020-04-13,2.368344980751557
2020-04-14,2.3662185048236344
2020-04-15,2.371301343915938
2020-04-16,2.3657073705473044
2020-04-17,2.362191830103419
2020-04-20,2.375591785943021
2020-04-21,2.3646734410681836
2020-04-22,2.353191980397692
2020-04-23,2.3481286184990156
2020-04-24,2.343707573509502
2020-04-27,2.347586523861678
2020-04-28,2.3647081992116887
2020-04-29,2.3457388871998983
2020-04-30,2.345879901434019
2020-05-01,2.338451543047615
2020-05-04,2.326549924235959
2020-05-05,2.3208962265850364
2020-05-06,2.3228267400960396
2020-05-07,2.3323238277770497
2020-05-08,2.3420919390760617
2020-05-11,2.342709497343923
2020-05-12,2.329321234973783
2020-05-13,2.319076594370591
2020-05-14,2.3070593888884763
2020-05-15,2.30367739256178
2020-05-18,2.3056177355673664
2020-05-19,2.310712675919797
2020-05-20,2.3093842794529795
2020-05-21,2.3171950659974683
2020-05-22,2.3181008447907767
2020-05-26,2.3306709809335557
2020-05-27,2.3502564391025125
2020-05-28,2.348529215883117
2020-05-29,2.349055613612855
2020-06-01,2.353488650446223
2020-06-02,2.3582238785666734
2020-06-03,2.367488464174634
2020-06-04,2.367282316351817
2020-06-05,2.3571978526799313
2020-06-08,2.3579771645298266
2020-06-09,2.356246595757465
2020-06-10,2.3421159702885204
2020-06-11,2.312431543367294
2020-06-12,2.2936539637854985
2020-06-15,2.31233124523075
2020-06-16,2.332015599026583
2020-06-17,2.3397174849941873
2020-06-18,2.3398794385964177
2020-06-19,2.333178589517053
2020-06-22,2.3411558145478377
2020-06-23,2.344927411012034
2020-06-24,2.322681471842986
2020-06-25,2.325168517690601
2020-06-26,2.3135441284498546
2020-06-29,2.3212244403207247
2020-06-30,2.3267150030100936
2020-07-01,2.333340622749236
2020-07-02,2.3365449211739495
2020-07-06,2.3395274090742983
2020-07-07,2.3429016817019623
2020-07-08,2.3408061239689615
2020-07-09,2.336192480301536
2020-07-10,2.3364295815010263
2020-07-13,2.340393385860469
2020-07-14,2.3430855839885214
2020-07-15,2.350282217388147
2020-07-16,2.3457763346921943
2020-07-17,2.3619730904051823
2020-07-20,2.3663983615128954
2020-07-21,2.3702082706749863
2020-07-22,2.3711358451960507
2020-07-23,2.3708024819140436
2020-07-24,2.348079601115457
2020-07-27,2.362537795932721
2020-07-28,2.35674549342688
2020-07-29,2.362992737684709
2020-07-30,2.3608721488957576
2020-07-31,2.3598110805914283
2020-08-03,2.395321081941541
2020-08-04,2.391818342459862
2020-08-05,2.4013804370047445
2020-08-06,2.3978346935467596
2020-08-07,2.4179748127794745
2020-08-10,2.4162200406428376
2020-08-11,2.425036292092462
2020-08-12,2.4270653966742186
2020-08-13,2.433394556470109
2020-08-14,2.4259756004986164
2020-08-17,2.4365155915607746
2020-08-18,2.4347950960747746
2020-08-19,2.4280226905624853
2020-08-20,2.421237570479514
2020-08-21,2.4163427413188203
2020-08-24,2.4191918500666136
2020-08-25,2.421956529394933
2020-08-26,2.4283643040450875
2020-08-27,2.436910457523967
2020-08-28,2.440266305187368
2020-08-31,2.4455145922903996
2020-09-01,2.454508190982759
2020-09-02,2.480704410171023
2020-09-03,2.448707843322352
2020-09-04,2.42517709511005
2020-09-08,2.4088283637773986
2020-09-09,2.409547502115451
2020-09-10,2.4090562098673125
2020-09-11,2.4011597202649018
2020-09-14,2.4173396253799075
2020-09-15,2.4235426901867303
2020-09-16,2.4268586742672182
2020-09-17,2.4143400350551576
2020-09-18,2.406210833621024
2020-09-21,2.3786535090687417
2020-09-22,2.378886073534592
2020-09-23,2.3652480114755083
2020-09-24,2.3575715945812425
2020-09-25,2.3921232965050954
2020-09-28,2.4070310533036006
2020-09-29,2.4218446023518627
2020-09-30,2.408661836545015
2020-10-01,2.42024367993034
2020-10-02,2.4118106912648543
2020-10-05,2.4235743253491284
2020-10-06,2.4330973830950486
2020-10-07,2.439998596850526
2020-10-08,2.441390184125308
2020-10-09,2.4639147172093514
2020-10-12,2.483122362004078
2020-10-13,2.5019920556072934
2020-10-14,2.4940565675160835
2020-10-15,2.482805867898416
2020-10-16,2.4920061173022536
2020-10-19,2.475709934953791
2020-10-20,2.4598883077387153
2020-10-21,2.4523690027097858
2020-10-22,2.4567424491408634
2020-10-23,2.446629364400505
2020-10-26,2.443630978740039
2020-10-27,2.4327306380956073
2020-10-28,2.410205872464978
2020-10-29,2.3996023646066615
2020-10-30,2.386339661558618
2020-11-02,2.390385622307093
2020-11-03,2.4350975207013446
2020-11-04,2.4613889878636304
2020-11-05,2.5095633893596627
2020-11-06,2.507949036998042
2020-11-09,2.443092627320171
2020-11-10,2.450890878956545
2020-11-11,2.468178902778099
2020-11-12,2.4738770616702337
2020-11-13,2.4758452521308785
2020-11-16,2.49342551688988
2020-11-17,2.4954839065329657
2020-11-18,2.4774691826081567
2020-11-19,2.4764992954396874
2020-11-20,2.4897470909368256
2020-11-23,2.483764123694044
2020-11-24,2.4811131357164857
2020-11-25,2.4920683298207407
2020-11-27,2.497466451909749
2020-11-30,2.495757507841445
2020-12-01,2.4951925607099836
2020-12-02,2.491056528583296
2020-12-03,2.500138447264607
2020-12-04,2.5014094015271673
2020-12-07,2.513195662880123
2020-12-08,2.524697286436477
2020-12-09,2.529031880996831
2020-12-10,2.5155526522534135
2020-12-11,2.511578122049479
2020-12-14,2.50839729939459
2020-12-15,2.5173576029004625
2020-12-16,2.5162979939782035
2020-12-17,2.525630937173776
2020-12-18,2.524081770908687
2020-12-21,2.530251964501477
2020-12-22,2.547320771385391
2020-12-23,2.535161120705375
2020-12-24,2.5364596692036825
2020-12-28,2.5607419877008466
2020-12-29,2.5497013451969317
2020-12-30,2.5631210865069236
2020-12-31,2.5523670489926014
2021-01-04,2.528944317510019
2021-01-05,2.5145087658569825
2021-01-06,2.55189675908491
2021-01-07,2.5744507213305723
2021-01-08,2.551957665605579
2021-01-11,2.548235903692449
2021-01-12,2.536126223715233
2021-01-13,2.53201205376646
2021-01-14,2.5066303498954072
2021-01-15,2.49255014094059
2021-01-19,2.453318032975675
2021-01-20,2.4708272919400107
2021-01-21,2.479806715673306
2021-01-22,2.474005971543163
2021-01-25,2.4569145028636523
2021-01-26,2.462893859938813
2021-01-27,2.4307247239334817
2021-01-28,2.422141097167097
2021-01-29,2.418754454437006
2021-02-01,2.4335286286392384
2021-02-02,2.443726370698783
2021-02-03,2.443830234194992
2021-02-04,2.4446407835519635
2021-02-05,2.4477975237878007
2021-02-08,2.467645255490973
2021-02-09,2.478522503927923
2021-02-10,2.4644474745770837
2021-02-11,2.465996874538323
2021-02-12,2.476127251055969
2021-02-16,2.4632986478238417
2021-02-17,2.462813029765599
2021-02-18,2.4662486349045496
2021-02-19,2.4772392255846545
2021-02-22,2.4573021017646144
2021-02-23,2.4386229610830674
2021-02-24,2.4494566474226573
2021-02-25,2.4310591731627627
2021-02-26,2.442147366373678
2021-03-01,2.4593831221770306
2021-03-02,2.4659305765044994
2021-03-03,2.4486150564258686
2021-03-04,2.420517940545001
2021-03-05,2.4302027790387624
2021-03-08,2.4566223779793988
2021-03-09,2.472698666203743
2021-03-10,2.496626248329292
2021-03-11,2.4989660700813463
2021-03-12,2.5101817835296996
2021-03-15,2.51090675914783
2021-03-16,2.5119927273448583
2021-03-17,2.5048364381212664
2021-03-18,2.4933896161051257
2021-03-19,2.4653189569820526
2021-03-22,2.4639091128326123
2021-03-23,2.447247125408694
2021-03-24,2.4242497730231416
2021-03-25,2.4366297086356514
2021-03-26,2.46487728598937
2021-03-29,2.469556746955572
2021-03-30,2.4777984315785013
2021-03-31,2.4695232350878458
2021-04-01,2.4821727465250887
2021-04-05,2.4953811266910417
2021-04-06,2.5119215048002808
2021-04-07,2.5063017029871606
2021-04-08,2.5168552863145615
2021-04-09,2.5320967865842126
2021-04-12,2.5242237954070386
2021-04-13,2.5175370137519923
2021-04-14,2.5167963446284696
2021-04-15,2.5104088658568204
2021-04-16,2.527065806698164
2021-04-19,2.5072662904710596
2021-04-20,2.4632649561551974
2021-04-21,2.5025419825015707
2021-04-22,2.4992639708592006
2021-04-23,2.5278847872832113
2021-04-26,2.539179802662754
2021-04-27,2.536141971195742
2021-04-28,2.5351139472388997
2021-04-29,2.5420427553171563
2021-04-30,2.5406895706275487
2021-05-03,2.5443913968030762
2021-05-04,2.538448778373462
2021-05-05,2.5375088206359826
2021-05-06,2.5400075825163575
2021-05-07,2.554336034296833
2021-05-10,2.542451317876016
2021-05-11,2.5199005024591563
2021-05-12,2.4565825010546556
2021-05-13,2.4550119296680406
2021-05-14,2.4951147861374747
2021-05-17,2.5028780517181293
2021-05-18,2.498401621834955
2021-05-19,2.488567620166703
2021-05-20,2.497817822998972
2021-05-21,2.5116918296373445
2021-05-24,2.5268329911274146
2021-05-25,2.5172290592282214
2021-05-26,2.528641128318951
2021-05-27,2.5371091271628146
2021-05-28,2.5402473674713404
2021-06-01,2.5724028098992884
2021-06-02,2.549408929765588
2021-06-03,2.5408838955735025
2021-06-04,2.542609886244794
2021-06-07,2.5472161680724197
2021-06-08,2.5584118020460416
2021-06-09,2.561969279167283
2021-06-10,2.56370191077248
2021-06-11,2.585209989489892
2021-06-14,2.5752785952348956
2021-06-15,2.56656230107296
2021-06-16,2.5729656899293154
2021-06-17,2.5413599651399825
2021-06-18,2.508623770209053
2021-06-21,2.520966339768293
2021-06-22,2.535047644564396
2021-06-23,2.5469107667534243
2021-06-24,2.554719756116094
2021-06-25,2.5672610438879024
2021-06-28,2.570653649497737
2021-06-29,2.576498730447833
2021-06-30,2.585894265639696
2021-07-01,2.5825262215248337
2021-07-02,2.5907744633970626
2021-07-06,2.6107262089745795
2021-07-07,2.619563705643749
2021-07-08,2.5980043599825624
2021-07-09,2.6283083739090793
2021-07-12,2.6426535273546805
2021-07-13,2.6307041376916223
2021-07-14,2.6222934002546423
2021-07-15,2.62892109494096
2021-07-16,2.592297461494021
2021-07-19,2.5580471344781808
2021-07-20,2.577128294004764
2021-07-21,2.595392306961585
2021-07-22,2.5918719388194424
2021-07-23,2.614408479202184
2021-07-26,2.630602943153032
2021-07-27,2.6172430674850626
2021-07-28,2.6207305104848864
2021-07-29,2.63232631238655
2021-07-30,2.6357630798567055
2021-08-02,2.617495090514213
2021-08-03,2.6322877944469054
2021-08-04,2.61904335743096
2021-08-05,2.626650766851881
2021-08-06,2.6485977810605923
2021-08-09,2.6308595540378863
2021-08-10,2.652222169400509
2021-08-11,2.666321199629412
2021-08-12,2.6607189907491797
2021-08-13,2.658112916736491
2021-08-16,2.655719693931938
2021-08-17,2.6418673022799
2021-08-18,2.6220876471217767
2021-08-19,2.6136649588969787
2021-08-20,2.613497549535304
2021-08-23,2.6272593181774035
2021-08-24,2.6374026938219854
2021-08-25,2.6483584963539117
2021-08-26,2.6469085770888645
2021-08-27,2.659343707830475
2021-08-30,2.658993466951042
2021-08-31,2.643690249013604
2021-09-01,2.6377141553090255
2021-09-02,2.6495770055255186
2021-09-03,2.6554060692387838
2021-09-07,2.6517092958812323
2021-09-08,2.6446060283392496
2021-09-09,2.6397341268068195
2021-09-10,2.6274281395035404
2021-09-13,2.617838358983139
2021-09-14,2.612849567970675
2021-09-15,2.6219852171036107
2021-09-16,2.620103528693899
2021-09-17,2.6153208436966806
2021-09-20,2.583285631056307
2021-09-21,2.578714728673394
2021-09-22,2.595122106260889
2021-09-23,2.61818984040966
2021-09-24,2.6216119957517914
2021-09-27,2.6235637669605003
2021-09-28,2.605386065813413
2021-09-29,2.6167624200887194
2021-09-30,2.5747052888083943
2021-10-01,2.599107441120956
2021-10-04,2.607489382172966
2021-10-05,2.616915924909082
2021-10-06,2.6134225291766295
2021-10-07,2.633660389517526
2021-10-08,2.6153563768970503
2021-10-11,2.585883946283988
2021-10-12,2.5654039791640906
2021-10-13,2.5489222349895537
2021-10-14,2.5660169596301503
2021-10-15,2.5737609182887295
2021-10-18,2.5923099120264954
2021-10-19,2.591382323224972
2021-10-20,2.6134162277598585
2021-10-21,2.6220460188642303
2021-10-22,2.62475589215836
2021-10-25,2.6374022756173123
2021-10-26,2.63901428982094
2021-10-27,2.6274506606109544
2021-10-28,2.624897168390205
2021-10-29,2.6289938318316324
2021-11-01,2.6391249608108946
2021-11-02,2.6399460639382855
2021-11-03,2.642975372752188
2021-11-04,2.659805602234281
2021-11-05,2.698178056764881
2021-11-08,2.707043626964899
2021-11-09,2.7085617250198406
2021-11-10,2.7016248730204033
2021-11-11,2.686413225047611
2021-11-12,2.6926339697786728
2021-11-15,2.6890178556241935
2021-11-16,2.6821194575745873
2021-11-17,2.6876822922996944
2021-11-18,2.6968872293523196
2021-11-19,2.6755353131898163
2021-11-22,2.682819396213147
2021-11-23,2.68605024574516
2021-11-24,2.6916470996985797
2021-11-26,2.645532878892018
2021-11-29,2.6533690561320684
2021-11-30,2.636194471467249
2021-12-01,2.6124146368141763
2021-12-02,2.623741180271825
2021-12-03,2.6276537589425772
2021-12-06,2.645098446519094
2021-12-07,2.663639834851044
2021-12-08,2.6792982876060334
2021-12-09,2.6734993842243724
2021-12-10,2.6841956415625052
2021-12-13,2.660524618964975
2021-12-14,2.6419862758067754
2021-12-15,2.649990296313133
2021-12-16,2.641434569355068
2021-12-17,2.6080359083127305
2021-12-20,2.5771964267462333
2021-12-21,2.6001000031901365
2021-12-22,2.6203808795637085
2021-12-23,2.625530463195152
2021-12-27,2.6779238420687843
2021-12-28,2.68529967021689
2021-12-29,2.6979490735269747
2021-12-30,2.677286331167591
2021-12-31,2.6740164476074435
2022-01-03,2.6606010471983255
2022-01-04,2.6807798630732167
2022-01-05,2.6804813540012113
2022-01-06,2.7156156214728973
2022-01-07,2.7068730790080497
2022-01-10,2.710831817626376
2022-01-11,2.716948474761515
2022-01-12,2.744390842831971
2022-01-13,2.7477490709243506
2022-01-14,2.745526798332778
2022-01-18,2.748194539640703
2022-01-19,2.7320334389354453
2022-01-20,2.700427734737612
2022-01-21,2.720942176069945
2022-01-24,2.716290494730076
2022-01-25,2.721739005631882
2022-01-26,2.7243441615523314
2022-01-27,2.759614666324723
2022-01-28,2.762533926204666
2022-01-31,2.7537284935375896
2022-02-01,2.7685015416334395
2022-02-02,2.8145505259565526
2022-02-03,2.760109741889721
2022-02-04,2.771357235017342
2022-02-07,2.7789106460267576
2022-02-08,2.764521563937413
2022-02-09,2.7764821412322718
2022-02-10,2.7917619098100004
2022-02-11,2.817405934095355
2022-02-14,2.8180510876905247
2022-02-15,2.822383885185326
2022-02-16,2.847345135233858
2022-02-17,2.8704112395600156
2022-02-18,2.867843678432288
2022-02-22,2.875904048064939
2022-02-23,2.891901410740497
2022-02-24,2.8579093176958277
2022-02-25,2.8456612398767387
2022-02-28,2.8962938185583167
2022-03-01,2.89623150832808
2022-03-02,2.9217993604318666
2022-03-03,2.95904440974979
2022-03-04,2.986757486653213
2022-03-07,2.9581134533339775
2022-03-08,2.9323814794522853
2022-03-09,2.902581010334755
2022-03-10,2.9503810360985505
2022-03-11,2.972990934937092
2022-03-14,2.976645598385355
2022-03-15,2.933833867971258
2022-03-16,2.9081573148218047
2022-03-17,2.8772600143995284
2022-03-18,2.8449108824801694
2022-03-21,2.8572129992186968
2022-03-22,2.8395876079402584
2022-03-23,2.8464839162910436
2022-03-24,2.8652386628014823
2022-03-25,2.91401963466382
2022-03-28,2.9226003444987128
2022-03-29,2.916441421289025
2022-03-30,2.9162954548894913
2022-03-31,2.889974703202089
2022-04-01,2.9047266246785064
2022-04-04,2.884512172785799
2022-04-05,2.87359627166543
2022-04-06,2.8586412991027883
2022-04-07,2.8885227976004932
2022-04-08,2.920318486357021
2022-04-11,2.943258983186767
2022-04-12,2.9467767153943676
2022-04-13,2.972693709343778
2022-04-14,3.0044087556792
2022-04-18,3.051391565957283
2022-04-19,3.062396700802409
2022-04-20,3.082560261574132
2022-04-21,3.0815632255223844
2022-04-22,3.06763205965136
2022-04-25,3.0161641214780635
2022-04-26,3.039498592374023
2022-04-27,3.0567461790658346
2022-04-28,3.064711269068617
2022-04-29,3.092171078522573
2022-05-02,3.029104713617162
2022-05-03,3.0676799412728353
2022-05-04,3.0762487833482535
2022-05-05,3.0882472910646386
2022-05-06,3.1019721906786235
2022-05-09,3.114678313309049
2022-05-10,3.1447729715523725
2022-05-11,3.2144609982902277
2022-05-12,3.165150224231342
2022-05-13,3.1385115313399963
2022-05-16,3.1800720043356088
2022-05-17,3.170192254047958
2022-05-18,3.1796606890288515
2022-05-19,3.1521144615403527
2022-05-20,3.178197339070253
2022-05-23,3.1959346369614683
2022-05-24,3.215688972061195
2022-05-25,3.2064913222147746
2022-05-26,3.227766312222072
2022-05-27,3.206502112258562
2022-05-31,3.1814877815459663
2022-06-01,3.230119111787406
2022-06-02,3.1884152231739127
2022-06-03,3.198968751723579
2022-06-06,3.194904701388368
2022-06-07,3.1212441170287732
2022-06-08,3.0969474862060227
2022-06-09,3.1126821872695647
2022-06-10,3.1429713386570803
2022-06-13,3.152336838170273
2022-06-14,3.1644097673161213
2022-06-15,3.143893155742442
2022-06-16,3.100055902103441
2022-06-17,3.0532228678839193
2022-06-21,3.0312434351584963
2022-06-22,3.005436536073743
2022-06-23,2.9635847971767317
2022-06-24,2.972834211582296
2022-06-27,2.9954256631671115
2022-06-28,3.0239970401595415
2022-06-29,3.0237210636085594
2022-06-30,3.016963688213149
2022-07-01,2.9988442100767063
2022-07-05,2.9686373067281604
2022-07-06,2.9471572951326257
2022-07-07,2.933508588769631
2022-07-08,2.9023493423365485
2022-07-11,2.923690318782594
2022-07-12,2.8992460563147042
2022-07-13,2.917430266584455
2022-07-14,2.9240660936653176
2022-07-15,2.939957283506139
2022-07-18,2.958186172574879
2022-07-19,2.9606556274978657
2022-07-20,2.9481113940088215
2022-07-21,2.9424602577875727
2022-07-22,2.9736340012486098
2022-07-25,2.987954327925839
2022-07-26,3.0148179975801184
2022-07-27,3.0236432143172314
2022-07-28,3.0361179075148144
2022-07-29,3.0625357308797
2022-08-01,3.067801366336343
2022-08-02,3.048842764960891
2022-08-03,3.017719847494257
2022-08-04,3.0083073370401716
2022-08-05,2.994207537239674
2022-08-08,2.995379767679628
2022-08-09,3.0388784855416
2022-08-10,3.0214472308372486
2022-08-11,3.045329051136797
2022-08-12,3.024122730937977
2022-08-15,3.024343447290516
2022-08-16,3.0283551338734465
2022-08-17,3.0568487058715266
2022-08-18,3.0902218023702113
2022-08-19,3.108400063547788
2022-08-22,3.117977335638714
2022-08-23,3.1108502389235366
2022-08-24,3.0971014734232414
2022-08-25,3.103843026614113
2022-08-26,3.086279948320133
2022-08-29,3.0725599328448507
2022-08-30,3.0785837519728996
2022-08-31,3.0561900791687613
2022-09-01,3.0564567028366216
2022-09-02,3.0703433303344956
2022-09-06,3.0764478806576494
2022-09-07,3.054811911301182
2022-09-08,3.047358880308245
2022-09-09,3.0459320264982126
2022-09-12,3.036190135459425
2022-09-13,3.037739488178424
2022-09-14,3.0482445499669115
2022-09-15,3.0362256965445513
2022-09-16,3.044097862884799
2022-09-19,3.056446531537857
2022-09-20,3.0641958227359325
2022-09-21,3.092917144819249
2022-09-22,3.074557382848199
2022-09-23,3.0678274627812923
2022-09-26,3.0670214824318665
2022-09-27,3.079338239697656
2022-09-28,3.060298120996531
2022-09-29,3.0859374390252094
2022-09-30,3.0409473806072462
2022-10-03,3.050204877289783
2022-10-04,3.0244395432067415
2022-10-05,3.032919916991877
2022-10-06,3.0396674522174547
2022-10-07,3.0599056149967483
2022-10-10,3.0805652088457927
2022-10-11,3.0692835666701277
2022-10-12,3.0655171951171187
2022-10-13,3.08170343577645
2022-10-14,3.099255271860817
2022-10-17,3.096545866840863
2022-10-18,3.115195256483976
2022-10-19,3.1540539300204466
2022-10-20,3.143160546196917
2022-10-21,3.150484964816486
2022-10-24,3.1646135629402936
2022-10-25,3.1552649603289202
2022-10-26,3.1615189529422314
2022-10-27,3.174103848102291
2022-10-28,3.143011048830521
2022-10-31,3.163546080549254
2022-11-01,3.1699676402039025
2022-11-02,3.198575504849137
2022-11-03,3.2012002628576295
2022-11-04,3.195409076101522
2022-11-07,3.2120457688708015
2022-11-08,3.2146479598201663
2022-11-09,3.226387867029016
2022-11-10,3.1984714835121655
2022-11-11,3.1607665407214887
2022-11-14,3.1718269661854768
2022-11-15,3.1843586773661987
2022-11-16,3.1933028579455502
2022-11-17,3.228470020212553
2022-11-18,3.2648434877713632
2022-11-21,3.253747195040525
2022-11-22,3.2862870164532527
2022-11-23,3.2759770240856394
2022-11-25,3.2825120540619777
2022-11-28,3.3034284932228983
2022-11-29,3.3149552624732346
2022-11-30,3.3401243530346325
2022-12-01,3.343757238664958
2022-12-02,3.3346978950652417
2022-12-05,3.329602927713326
2022-12-06,3.36425506371972
2022-12-07,3.371262974852927
2022-12-08,3.349451278449335
2022-12-09,3.3480058721781805
2022-12-12,3.3694714528326246
2022-12-13,3.3949827393010623
2022-12-14,3.36335613370527
2022-12-15,3.3613408676698673
2022-12-16,3.383046719583436
2022-12-19,3.4109112561716146
2022-12-20,3.4242555096531437
2022-12-21,3.416897044878961
2022-12-22,3.4213531534440773
2022-12-23,3.43245091226024
2022-12-27,3.4023589849356304
2022-12-28,3.428850970481572
2022-12-29,3.3637495858898814
2022-12-30,3.339763279864026
2023-01-03,3.296799902070139
2023-01-04,3.2466851201171685
2023-01-05,3.276643425129705
2023-01-06,3.267335080817783
2023-01-09,3.245024165246028
2023-01-10,3.2487818680728613
2023-01-11,3.251195822679846
2023-01-12,3.2294454944673956
2023-01-13,3.224237641540583
2023-01-17,3.2270246645136673
2023-01-18,3.2198731580298428
2023-01-19,3.2364964911884404
2023-01-20,3.252551441650478
2023-01-23,3.2335121675356078
2023-01-24,3.2401709066742854
2023-01-25,3.2543619624952
2023-01-26,3.26685393639691
2023-01-27,3.2362565195604085
2023-01-30,3.2225525046905736
2023-01-31,3.2261422681404666
2023-02-01,3.2395273521377104
2023-02-02,3.231908382621251
2023-02-03,3.217433507625669
2023-02-06,3.204374267938358
2023-02-07,3.2479439619505923
2023-02-08,3.257318760211529
2023-02-09,3.288149600399601
2023-02-10,3.314220060544863
2023-02-13,3.3479816355975127
2023-02-14,3.3579733190115486
2023-02-15,3.3256425665604725
2023-02-16,3.3322113137119698
2023-02-17,3.33203989602591
2023-02-21,3.3094542928844275
2023-02-22,3.3033745963222216
2023-02-23,3.334291611645415
2023-02-24,3.349061981078881
2023-02-27,3.349881252550616
2023-02-28,3.3366436323583875
2023-03-01,3.3588551606769106
2023-03-02,3.384195158703923
2023-03-03,3.4025552983445864
2023-03-06,3.4021789944765968
2023-03-07,3.377546080048246
2023-03-08,3.414431166606622
2023-03-09,3.4040200107421223
2023-03-10,3.4441656959071865
2023-03-13,3.5091905464674893
2023-03-14,3.5389039117575214
2023-03-15,3.525759415327044
2023-03-16,3.5498032889303994
2023-03-17,3.549803257757162
2023-03-20,3.6065187162627037
2023-03-21,3.6114616447445904
2023-03-22,3.62188320564323
2023-03-23,3.5694475782200334
2023-03-24,3.606184585967617
2023-03-27,3.6210499102194547
2023-03-28,3.6370212540150417
2023-03-29,3.6559456689163308
2023-03-30,3.6696227378817494
2023-03-31,3.6677006002188404
2023-04-03,3.6634568189165613
2023-04-04,3.675664995510327
2023-04-05,3.681188584580586
2023-04-06,3.682531906529231
2023-04-10,3.708798700206768
2023-04-11,3.694946028817328
2023-04-12,3.697972342297283
2023-04-13,3.7173513745452715
2023-04-14,3.7026921784500852
2023-04-17,3.7176905236844826
2023-04-18,3.7066234047420226
2023-04-19,3.72907854997338
2023-04-20,3.7489338602725373
2023-04-21,3.773951614123531
2023-04-24,3.792337372760175
2023-04-25,3.76161516935983
2023-04-26,3.762800797432967
2023-04-27,3.7479041397693806
2023-04-28,3.80181686542486
2023-05-01,3.857880729557933
2023-05-02,3.868648489563184
2023-05-03,3.8386606421440512
2023-05-04,3.780989276800636
2023-05-05,3.8150577657802143
2023-05-08,3.762917812185072
2023-05-09,3.760696993351142
2023-05-10,3.781209071973426
2023-05-11,3.7970478007618316
2023-05-12,3.8417544928611105
2023-05-15,3.863026019124461
2023-05-16,3.8680064818634676
2023-05-17,3.8937463132976133
2023-05-18,3.895716908014926
2023-05-19,3.8960494090134383
2023-05-22,3.8442953784970952
2023-05-23,3.8068362309910055
2023-05-24,3.7997589980846405
2023-05-25,3.8055505536042507
2023-05-26,3.816945243644385
2023-05-30,3.80759770982815
2023-05-31,3.7938704102496814
2023-06-01,3.8140832976244896
2023-06-02,3.848428365373452
2023-06-05,3.8644061123394535
2023-06-06,3.832720366065835
2023-06-07,3.8510190697949924
2023-06-08,3.8421682900835537
2023-06-09,3.81670613037906
2023-06-12,3.849316679964977
2023-06-13,3.8620789301071348
2023-06-14,3.8625358106595624
2023-06-15,3.8799489683369868
2023-06-16,3.9134124946243496
2023-06-20,3.8818029094912543
2023-06-21,3.877531355290537
2023-06-22,3.842395389201309
2023-06-23,3.780196860202758
2023-06-26,3.818914077421396
2023-06-27,3.835316989631118
2023-06-28,3.851751806165097
2023-06-29,3.8400156217228107
2023-06-30,3.8315592324586563
2023-07-03,3.8301902835829744
2023-07-05,3.8339137891521404
2023-07-06,3.8581093996522298
2023-07-07,3.8458783230802775
2023-07-10,3.8814021217940997
2023-07-11,3.8907634381932494
2023-07-12,3.904574832638878
2023-07-13,3.8634675930256135
2023-07-14,3.888433372993629
2023-07-17,3.8743508194110667
2023-07-18,3.8745994110007005
2023-07-19,3.8645677391880224
2023-07-20,3.8872780920571093
2023-07-21,3.8606378082801704
2023-07-24,3.8703192385027188
2023-07-25,3.902596440788812
2023-07-26,3.872763669133598
2023-07-27,3.87498975266569
2023-07-28,3.87954783791061
2023-07-31,3.89222140253273
2023-08-01,3.808622751750043
2023-08-02,3.827878502823447
2023-08-03,3.758738991610292
2023-08-04,3.774067935481119
2023-08-07,3.81688261860413
2023-08-08,3.8248189356183846
2023-08-09,3.8175974035895885
2023-08-10,3.826542035322849
2023-08-11,3.821794931855465
2023-08-14,3.8208026828762383
2023-08-15,3.8162396919984696
2023-08-16,3.8235976885625447
2023-08-17,3.811621625560488
2023-08-18,3.817655573925004
2023-08-21,3.8474288054992014
2023-08-22,3.860213797841752
2023-08-23,3.896094272242674
2023-08-24,3.875300701447606
2023-08-25,3.859975627173853
2023-08-28,3.8642834084693707
2023-08-29,3.8873030020011687
2023-08-30,3.9145756943513836
2023-08-31,3.8887129463045214
2023-09-01,3.894717034990653
2023-09-05,3.842542771561319
2023-09-06,3.825648266740246
2023-09-07,3.832729792433729
2023-09-08,3.8328773649759578
2023-09-11,3.8826375346362236
2023-09-12,3.9013768010495653
2023-09-13,3.888411025076766
2023-09-14,3.9027733678065295
2023-09-15,3.890809513728131
2023-09-18,3.8995628532885784
2023-09-19,3.9054066643264593
2023-09-20,3.9020356131061225
2023-09-21,3.9137478683600495
2023-09-22,3.9158451033116837
2023-09-25,3.9313250668820876
2023-09-26,3.8878726597524964
2023-09-27,3.904785589840436
2023-09-28,3.9134896427449615
2023-09-29,3.8602361615920926
2023-10-02,3.8607212992465936
2023-10-03,3.850252551080901
2023-10-04,3.8593603833060595
2023-10-05,3.8686728233500576
2023-10-06,3.887874185942082
2023-10-09,3.93180127222236
2023-10-10,3.899022562754868
2023-10-11,3.9386810567587984
2023-10-12,3.9301075463614685
2023-10-13,3.8992890954587662
2023-10-16,3.9126858197277357
2023-10-17,3.9529277790571307
2023-10-18,3.9342052966676953
2023-10-19,3.939101849759046
2023-10-20,3.912329674848561
2023-10-23,3.948462718592084
2023-10-24,3.9653625400170847
2023-10-25,3.984621946026381
2023-10-26,3.968609838395471
2023-10-27,3.9764932657901686
2023-10-30,3.974819309458788
2023-10-31,3.9594435775547514
2023-11-01,3.9681540885504925
2023-11-02,3.9814040142527114
2023-11-03,3.958617315810669
2023-11-06,3.9778944991579417
2023-11-07,3.977636850964666
2023-11-08,3.9992012607528413
2023-11-09,4.066394155803969
2023-11-10,4.110225728690874
2023-11-13,4.0958762217606
2023-11-14,4.104322858979205
2023-11-15,4.1125030353317245
2023-11-16,4.109752558754694
2023-11-17,4.10971186707726
2023-11-20,4.1388802567740415
2023-11-21,4.183811464681593
2023-11-22,4.214913967558771
2023-11-24,4.2503056788147795
2023-11-27,4.244124171958963
2023-11-28,4.236246398774339
2023-11-29,4.20323067118235
2023-11-30,4.232916463411868
2023-12-01,4.207201175259517
2023-12-04,4.223762514589539
2023-12-05,4.228169087063166
2023-12-06,4.19922315600334
2023-12-07,4.230278113401585
2023-12-08,4.26591722887808
2023-12-11,4.301298944852385
2023-12-12,4.377799442772028
2023-12-13,4.3720675020754785
2023-12-14,4.3318979078809825
2023-12-15,4.379453347758867
2023-12-18,4.450626313528453
2023-12-19,4.498790315886769
2023-12-20,4.503346010636926
2023-12-21,4.500653696794084
2023-12-22,4.559026629497288
2023-12-26,4.5977841980882825
2023-12-27,4.594838737858647
2023-12-28,4.581662945939905
2023-12-29,4.556041026020782
2024-01-02,4.48405981598568
2024-01-03,4.468752748347992
2024-01-04,4.4457858276233075
2024-01-05,4.448523733302674
2024-01-08,4.438959305330337
2024-01-09,4.437522233255934
2024-01-10,4.438502384601452
2024-01-11,4.454847198095482
2024-01-12,4.4762146042161115
2024-01-16,4.48266622973745
2024-01-17,4.478130565543429
2024-01-18,4.484824159850522
2024-01-19,4.530637111375796
2024-01-22,4.52921009386101
2024-01-23,4.529808975508515
2024-01-24,4.515647044315747
2024-01-25,4.508121387843465
2024-01-26,4.512883685658457
2024-01-29,4.503778087180351
2024-01-30,4.505876377059216
2024-01-31,4.432612714571936
2024-02-01,4.465742054517303
2024-02-02,4.476278349300053
2024-02-05,4.45366874820438
2024-02-06,4.416896432583163
2024-02-07,4.393466476521605
2024-02-08,4.3737196956419115
2024-02-09,4.403377540967628
2024-02-12,4.33763220055232
2024-02-13,4.290107901859542
2024-02-14,4.3279620625518636
2024-02-15,4.342245330658702
2024-02-16,4.332442352292601
2024-02-20,4.314592585817075
2024-02-21,4.285307442255492
2024-02-22,4.315907394059702
2024-02-23,4.330665631947139
2024-02-26,4.316984199833779
2024-02-27,4.260033431757418
2024-02-28,4.244252374703182
2024-02-29,4.260810230832552
2024-03-01,4.2765676883403785
2024-03-04,4.266600263440049
2024-03-05,4.251728163482472
2024-03-06,4.299750225520901
2024-03-07,4.292688708189135
2024-03-08,4.318213231947895
2024-03-11,4.3142493856597115
2024-03-12,4.359716655434478
2024-03-13,4.377328978365829
2024-03-14,4.370958723720633
2024-03-15,4.370290498537452
2024-03-18,4.372915616758194
2024-03-19,4.398045804573776
2024-03-20,4.443807725828715
2024-03-21,4.439835606075469
2024-03-22,4.451433992159318
2024-03-25,4.486262038421434
2024-03-26,4.4816416307492775
2024-03-27,4.451882036616996
2024-03-28,4.432055200957316
2024-04-01,4.453257795930462
2024-04-02,4.458118342210289
2024-04-03,4.491258673758888
2024-04-04,4.452961307518297
2024-04-05,4.453520511577323
2024-04-08,4.432402389370501
2024-04-09,4.416696205927761
2024-04-10,4.452137305663896
2024-04-11,4.506343103031284
2024-04-12,4.511902314314638
2024-04-15,4.485213054939794
2024-04-16,4.47659669343566
2024-04-17,4.459663573498605
2024-04-18,4.438545664074008
2024-04-19,4.394595967801672
2024-04-22,4.399433194259702
2024-04-23,4.453419985886132
2024-04-24,4.4732274769435145
2024-04-25,4.468072141705073
2024-04-26,4.464836431076144
2024-04-29,4.434573534186724
2024-04-30,4.450081771340342
2024-05-01,4.418135069234969
2024-05-02,4.409744557606709
2024-05-03,4.383117229867837
2024-05-06,4.451218802136563
2024-05-07,4.418712883244242
2024-05-08,4.379033983760573
2024-05-09,4.389414408298492
2024-05-10,4.402037989790485
2024-05-13,4.3692087576264225
2024-05-14,4.3363135986360275
2024-05-15,4.420413250415539
2024-05-16,4.410047949678698
2024-05-17,4.415018733343361
2024-05-20,4.413756994610527
2024-05-21,4.449510479807259
2024-05-22,4.404926109295168
2024-05-23,4.446722915951887
2024-05-24,4.464811169657727
2024-05-28,4.465548304650078
2024-05-29,4.464696105622959
2024-05-30,4.416514945809715
2024-05-31,4.473923980543046
2024-06-03,4.509563663751953
2024-06-04,4.528232432570044
2024-06-05,4.503266077706359
2024-06-06,4.532293273743903
2024-06-07,4.573162116997069
2024-06-10,4.589028651139481
2024-06-11,4.6239423724671305
2024-06-12,4.7494270931542575
2024-06-13,4.697339243097898
2024-06-14,4.699006795956586
2024-06-17,4.684448251252454
2024-06-18,4.685397465048627
2024-06-20,4.722536586533424
2024-06-21,4.692572223972134
2024-06-24,4.663557216194651
2024-06-25,4.73047931119427
2024-06-26,4.747317168668438
2024-06-27,4.733214051035455
2024-06-28,4.711273651754555
2024-07-01,4.758717663320129
2024-07-02,4.768307808615619
2024-07-03,4.785640354710172
2024-07-05,4.81000906967079
2024-07-08,4.782213951589661
2024-07-09,4.769839939415923
2024-07-10,4.8113615626243895
2024-07-11,4.755474283698143
2024-07-12,4.760153392212952
2024-07-15,4.771520608487407
2024-07-16,4.764328474747737
2024-07-17,4.750932622589283
2024-07-18,4.728218247636181
2024-07-19,4.732571593985039
2024-07-22,4.746950021233997
2024-07-23,4.7359947344117055
2024-07-24,4.725651616193449
2024-07-25,4.700819606390413
2024-07-26,4.692775542540255
2024-07-29,4.68076477099708
2024-07-30,4.645818405974539
2024-07-31,4.684115517068183
2024-08-01,4.662876093006361
2024-08-02,4.641381784920024
2024-08-05,4.611818704612703
2024-08-06,4.536826666769351
2024-08-07,4.5432098581723235
2024-08-08,4.5688271106639045
2024-08-09,4.594373096051942
2024-08-12,4.561631304255786
2024-08-13,4.579548605833405
2024-08-14,4.627440381994425
2024-08-15,4.658210581408361
2024-08-16,4.670990570656462
2024-08-19,4.664966051111313
2024-08-20,4.6770265886344475
2024-08-21,4.676299403566886
2024-08-22,4.681910870907379
2024-08-23,4.693148408421984
2024-08-26,4.700769867971556
2024-08-27,4.704103547461941
2024-08-28,4.681894796096889
2024-08-29,4.708044234310423
2024-08-30,4.738606580889497
2024-09-03,4.700854116198129
2024-09-04,4.656340389115633
2024-09-05,4.637228478801545
2024-09-06,4.5799191732975855
2024-09-09,4.601848137688184
2024-09-10,4.592025038858246
2024-09-11,4.648046462441547
2024-09-12,4.696274906153342
2024-09-13,4.727647168986633
2024-09-16,4.717376425154182
2024-09-17,4.691884786735718
2024-09-18,4.649441404853429
2024-09-19,4.684115494519974
2024-09-20,4.7087480663028
2024-09-23,4.7352190614345036
2024-09-24,4.728686351765604
2024-09-25,4.741239087614096
2024-09-26,4.729240526974926
2024-09-27,4.73044591176818
2024-09-30,4.730859072883983
2024-10-01,4.729187866066094
2024-10-02,4.746684552275622
2024-10-03,4.7656862621658345
2024-10-04,4.82809610423828
2024-10-07,4.795413712350625
2024-10-08,4.780895502879651
2024-10-09,4.812049545439376
2024-10-10,4.773804302193663
2024-10-11,4.789039900382193
2024-10-14,4.825197307866487
2024-10-15,4.826350003430559
2024-10-16,4.978962058404963
2024-10-17,4.987157335878593
2024-10-18,5.008156592881191
2024-10-21,4.91227061564518
2024-10-22,4.885010306186153
2024-10-23,4.82448403377244
2024-10-24,4.851341134116899
2024-10-25,4.828835812561598
2024-10-28,4.835348341846972
2024-10-29,4.845214333640027
2024-10-30,4.869771430684548
2024-10-31,4.8394766430937795
2024-11-01,4.825540315286859
2024-11-04,4.838052212580324
2024-11-05,4.863110484619715
2024-11-06,5.05349628099868
2024-11-07,5.0929219606579545
2024-11-08,5.106431616282661
2024-11-11,5.119864716094158
2024-11-12,5.116472098697479
2024-11-13,5.169353110356293
2024-11-14,5.161755300665858
2024-11-15,5.165732531396708
2024-11-18,5.168840520771147
2024-11-19,5.207527096298822
2024-11-20,5.210022405907328
2024-11-21,5.207237208189022
2024-11-22,5.195361426799834
2024-11-25,5.179770750597201
2024-11-26,5.155704372851482
2024-11-27,5.169936809753289
2024-11-29,5.158457368320477
2024-12-02,5.18526947879678
2024-12-03,5.182330161280095
2024-12-04,5.1316834714551245
2024-12-05,5.158269063194969
2024-12-06,5.125457074085482
2024-12-09,5.118806576448213
2024-12-10,5.155222243150857
2024-12-11,5.187243756613117
2024-12-12,5.1772206098963505
2024-12-13,5.270410514566944
2024-12-16,5.314564653216883
2024-12-17,5.194216893124897
2024-12-18,5.15204777895781
2024-12-19,5.181051653365917
2024-12-20,5.2255121155659
2024-12-23,5.258227848284505
2024-12-24,5.265736647522677
2024-12-26,5.286594341250152
2024-12-27,5.267404528140896
2024-12-30,5.230816045685443
2024-12-31,5.2522108751963135
