date,portfolio_value
2011-02-28,985270.8987856177
2011-03-01,990180.1890150723
2011-03-02,978373.9127710452
2011-03-03,977564.1197639186
2011-03-04,1008278.5837452486
2011-03-07,996245.4722623234
2011-03-08,984041.6833348958
2011-03-09,982190.6266052331
2011-03-10,976289.7924690666
2011-03-11,939412.6546314768
2011-03-14,947359.4456526852
2011-03-15,942944.2637883164
2011-03-16,945400.0441692437
2011-03-17,912000.6475135154
2011-03-18,934830.5510393329
2011-03-21,942603.6056258064
2011-03-22,966379.1590234485
2011-03-23,966905.8128175146
2011-03-24,968674.392729947
2011-03-25,982384.6858618038
2011-03-28,996376.8313478887
2011-03-29,999764.5856604903
2011-03-30,1013171.4988883337
2011-03-31,1025385.0363313168
2011-04-01,1015642.9265114078
2011-04-04,1017593.010131811
2011-04-05,1022167.2666322705
2011-04-06,1018338.4653095462
2011-04-07,1017790.7657252462
2011-04-08,1010950.0985239797
2011-04-11,1000173.1907399794
2011-04-12,988425.186058119
2011-04-13,992950.6808983437
2011-04-14,998394.4649495503
2011-04-15,1007284.551254286
2011-04-18,1007065.6845747364
2011-04-19,994028.83121369
2011-04-20,1005678.9696563024
2011-04-21,1024750.6439056306
2011-04-25,1033084.9676773701
2011-04-26,1026090.2830989116
2011-04-27,1037747.2546743657
2011-04-28,1038149.7390821012
2011-04-29,1040228.3435795853
2011-05-02,1023934.7956162993
2011-05-03,1006307.8214321119
2011-05-04,983158.9212768303
2011-05-05,971527.9698378041
2011-05-06,969296.1613060759
2011-05-09,982003.5977989322
2011-05-10,994455.5697454107
2011-05-11,1001896.198789836
2011-05-12,988878.4761913867
2011-05-13,991572.6889700181
2011-05-16,957646.5772180613
2011-05-17,940611.7855005981
2011-05-18,946282.5186017912
2011-05-19,961498.5159872272
2011-05-20,975890.7029551829
2011-05-23,961129.9374724345
2011-05-24,946436.3445797727
2011-05-25,953396.9684796296
2011-05-26,961945.8963505647
2011-05-27,971790.7085608699
2011-05-31,968218.4042701992
2011-06-01,985692.6751877235
2011-06-02,940885.731804153
2011-06-03,941087.1118991491
2011-06-06,918573.4092253625
2011-06-07,907175.9884101675
2011-06-08,896960.0744745401
2011-06-09,893408.2078597305
2011-06-10,914231.7152291078
2011-06-13,881404.9583145392
2011-06-14,889421.5383426329
2011-06-15,912434.0461683531
2011-06-16,881316.2182919679
2011-06-17,875729.3599096485
2011-06-20,881494.4233386909
2011-06-21,898936.8584526447
2011-06-22,922807.6195453566
2011-06-23,906666.4041422926
2011-06-24,916250.7517362067
2011-06-27,885624.6651237762
2011-06-28,896269.6138897154
2011-06-29,909736.1006749038
2011-06-30,916416.5724194004
2011-07-01,925787.9657318799
2011-07-05,962855.1916023332
2011-07-06,963956.8193405998
2011-07-07,962263.868017493
2011-07-08,985777.9321815054
2011-07-11,975182.9466426944
2011-07-12,952933.1182555298
2011-07-13,959575.6918180316
2011-07-14,959319.9341452827
2011-07-15,946696.5450062982
2011-07-18,952361.3727212474
2011-07-19,938834.8866832738
2011-07-20,961162.4043424336
2011-07-21,946096.784357443
2011-07-22,967408.3133093654
2011-07-25,958678.2589383916
2011-07-26,940373.6573451493
2011-07-27,930160.7936096865
2011-07-28,917111.7415891376
2011-07-29,914840.2415755533
2011-08-01,914384.0077869674
2011-08-02,906984.346669728
2011-08-03,871785.7243827695
2011-08-04,863247.7428577157
2011-08-05,800902.1727348474
2011-08-08,783753.9296396843
2011-08-09,724050.3173315108
2011-08-10,792472.1817276111
2011-08-11,733532.4297557503
2011-08-12,778927.4144948709
2011-08-15,786420.8590742304
2011-08-16,792758.6665345608
2011-08-17,777296.2785955976
2011-08-18,768706.0478438633
2011-08-19,724261.9839294507
2011-08-22,702660.8870548506
2011-08-23,707220.982789383
2011-08-24,730079.5493310197
2011-08-25,735647.468198331
2011-08-26,728046.8483261112
2011-08-29,747581.9451368152
2011-08-30,785225.5077383018
2011-08-31,776797.3134683043
2011-09-01,776796.7010213127
2011-09-02,767277.9023849516
2011-09-06,747856.8562165551
2011-09-07,739837.8318540927
2011-09-08,775072.496509809
2011-09-09,769835.9916758403
2011-09-12,736127.9686618778
2011-09-13,749411.9048848087
2011-09-14,753747.5245516549
2011-09-15,758883.5434948995
2011-09-16,777562.3376401286
2011-09-19,785012.6367914174
2011-09-20,757389.4947693483
2011-09-21,756049.9682290228
2011-09-22,718578.4213317008
2011-09-23,683808.6546870812
2011-09-26,668760.974582697
2011-09-27,699293.1187361362
2011-09-28,697479.2990194113
2011-09-29,670575.6083046958
2011-09-30,676649.6022610088
2011-10-03,639321.3566247298
2011-10-04,631907.0958753437
2011-10-05,647530.8136936569
2011-10-06,665450.993776883
2011-10-07,673099.4991332964
2011-10-10,664233.9980785887
2011-10-11,706585.126544528
2011-10-12,713267.8538356185
2011-10-13,727568.3809744072
2011-10-14,729751.1724515803
2011-10-17,742881.6083379467
2011-10-18,721534.7728485222
2011-10-19,734097.9904187035
2011-10-20,721643.9532976863
2011-10-21,726153.2384145912
2011-10-24,754353.9904646741
2011-10-25,765676.5207418352
2011-10-26,750652.8873717206
2011-10-27,756348.3933777336
2011-10-28,806305.8981744859
2011-10-31,801131.2708462899
2011-11-01,785930.6199872238
2011-11-02,783753.3396583134
2011-11-03,809092.5742746547
2011-11-04,825593.2857978328
2011-11-07,808270.9091859534
2011-11-08,811468.0994556795
2011-11-09,821299.1570894883
2011-11-10,776738.55680398
2011-11-11,782879.7882725735
2011-11-14,803497.4578945178
2011-11-15,796277.8102204632
2011-11-16,785131.3238282801
2011-11-17,774975.3818061616
2011-11-18,758219.6123856371
2011-11-21,763652.2735193506
2011-11-22,755249.3402988473
2011-11-23,750370.0281925453
2011-11-25,725329.8142762885
2011-11-28,727680.976637097
2011-11-29,750625.4916262001
2011-11-30,739249.5490749775
2011-12-01,780786.7851060396
2011-12-02,785735.7430609579
2011-12-05,782266.8581873021
2011-12-06,794241.8119406663
2011-12-07,788958.9421773757
2011-12-08,792466.1098227566
2011-12-09,773616.2179810952
2011-12-12,794929.9993851254
2011-12-13,775330.5936610494
2011-12-14,764463.5130547683
2011-12-15,760379.3961729553
2011-12-16,767286.3183910442
2011-12-19,768567.225809251
2011-12-20,756725.6506188534
2011-12-21,782035.178569351
2011-12-22,779648.1821919176
2011-12-23,778991.263548464
2011-12-27,788831.9125538787
2011-12-28,785672.1715838125
2011-12-29,770377.2734080376
2011-12-30,781168.6736745388
2012-01-03,769418.107097614
2012-01-04,781411.4941359257
2012-01-05,785731.4420440107
2012-01-06,792948.2888057261
2012-01-09,797392.2701079262
2012-01-10,804485.525080155
2012-01-11,818896.6471195127
2012-01-12,818132.9134937573
2012-01-13,825200.5686638479
2012-01-17,814513.4181429282
2012-01-18,822740.3776554688
2012-01-19,824694.4472092469
2012-01-20,822809.6116454271
2012-01-23,829651.3771112575
2012-01-24,838655.5743209231
2012-01-25,833318.3149405468
2012-01-26,842183.6571403742
2012-01-27,835303.9009376755
2012-01-30,831803.3434862396
2012-01-31,826725.4024160247
2012-02-01,830754.0752531906
2012-02-02,840631.7784895822
2012-02-03,842805.1319281517
2012-02-06,858129.3762522787
2012-02-07,849497.5756278733
2012-02-08,848772.8541369664
2012-02-09,849053.9746133939
2012-02-10,855776.9173349374
2012-02-13,855634.8645156894
2012-02-14,859428.7157974287
2012-02-15,853464.6084081565
2012-02-16,852692.7222049432
2012-02-17,865230.9755380854
2012-02-21,858218.4584911771
2012-02-22,852980.2150407699
2012-02-23,863161.3465981041
2012-02-24,866073.195100503
2012-02-27,870034.4397359595
2012-02-28,868105.3081892751
2012-02-29,861223.542760501
2012-03-01,858781.7188945956
2012-03-02,858358.93917555
2012-03-05,862441.805592854
2012-03-06,851372.2681205218
2012-03-07,849004.457413927
2012-03-08,856796.1385310473
2012-03-09,869814.2891280553
2012-03-12,873303.1365709772
2012-03-13,867457.486455065
2012-03-14,878263.9518361689
2012-03-15,874169.2589378726
2012-03-16,878375.3207627987
2012-03-19,884109.8272798987
2012-03-20,885884.2269994919
2012-03-21,887197.6870209983
2012-03-22,888714.8043426225
2012-03-23,883044.137846434
2012-03-26,887056.1960328161
2012-03-27,895573.6757774359
2012-03-28,894049.7053530209
2012-03-29,894135.2438376759
2012-03-30,881528.5628325907
2012-04-02,891238.8086916051
2012-04-03,903581.6998484345
2012-04-04,893250.5824378829
2012-04-05,889237.0961135385
2012-04-09,886891.4762914205
2012-04-10,868400.4521286762
2012-04-11,857942.0653323964
2012-04-12,857021.6810472196
2012-04-13,872334.1933458501
2012-04-16,858878.0349603016
2012-04-17,853855.4242374212
2012-04-18,871368.3217671785
2012-04-19,876471.1307252755
2012-04-20,874075.2698123438
2012-04-23,873184.2990388458
2012-04-24,862185.8817739179
2012-04-25,866138.289517555
2012-04-26,875899.3558123067
2012-04-27,890514.8790311565
2012-04-30,890997.4669496287
2012-05-01,880306.707511394
2012-05-02,897006.4113477
2012-05-03,893160.9436943142
2012-05-04,880539.0319471274
2012-05-07,872879.0540004142
2012-05-08,866670.675793901
2012-05-09,867757.6421067021
2012-05-10,872002.8371308098
2012-05-11,879799.9002406438
2012-05-14,877017.8295905167
2012-05-15,872933.2381467719
2012-05-16,868566.9640714881
2012-05-17,855881.0089543764
2012-05-18,843165.3635950993
2012-05-21,837167.3828429177
2012-05-22,850492.1876688955
2012-05-23,857615.8445333681
2012-05-24,861166.8573591565
2012-05-25,866535.822979752
2012-05-29,859051.8274566338
2012-05-30,875769.2963206717
2012-05-31,864372.2526371742
2012-06-01,856509.4227341877
2012-06-04,835851.9231748399
2012-06-05,832181.7169286321
2012-06-06,827519.7779994207
2012-06-07,849325.9806675592
2012-06-08,856837.3303002383
2012-06-11,864112.8217079124
2012-06-12,844804.5461448141
2012-06-13,856078.2908315549
2012-06-14,854758.5110347577
2012-06-15,862340.30910417
2012-06-18,871169.3072147463
2012-06-19,878434.1329057903
2012-06-20,888206.3331280906
2012-06-21,892739.8946982697
2012-06-22,871740.2605222127
2012-06-25,888610.1966666296
2012-06-26,873895.0098951841
2012-06-27,875342.5472340209
2012-06-28,881249.2418507396
2012-06-29,870820.8208696776
2012-07-02,907390.5995265284
2012-07-03,912684.7286843073
2012-07-05,926839.4808836258
2012-07-06,920070.518597612
2012-07-09,919830.7036712
2012-07-10,916905.7813427399
2012-07-11,910261.9504127536
2012-07-12,911895.3334765148
2012-07-13,901928.8334095973
2012-07-16,914902.386929556
2012-07-17,907082.1064689616
2012-07-18,910471.2764141393
2012-07-19,904629.7934812887
2012-07-20,906783.7528627069
2012-07-23,885606.0311538618
2012-07-24,876398.0433822068
2012-07-25,871062.7981375918
2012-07-26,859726.9212738081
2012-07-27,876905.8933840469
2012-07-30,889173.4934927097
2012-07-31,892485.0727120014
2012-08-01,862611.2126643262
2012-08-02,875370.3121550316
2012-08-03,869380.455955132
2012-08-06,890391.1888909986
2012-08-07,896374.0527036061
2012-08-08,897086.2033796846
2012-08-09,898764.2884569893
2012-08-10,891429.6432338981
2012-08-13,891009.5295885381
2012-08-14,887407.7427818733
2012-08-15,892002.1979871029
2012-08-16,889310.2733643908
2012-08-17,902197.1054308045
2012-08-20,895809.285679623
2012-08-21,891815.2388792412
2012-08-22,889081.3189367196
2012-08-23,891020.9808594267
2012-08-24,888145.7976536541
2012-08-27,886628.7443145011
2012-08-28,887805.1047117729
2012-08-29,895772.2930389734
2012-08-30,894166.0495515442
2012-08-31,887263.9557323649
2012-09-04,909969.9872320639
2012-09-05,911391.5799484857
2012-09-06,904032.0483760417
2012-09-07,921264.73318442
2012-09-10,928248.7929644943
2012-09-11,923002.2659311527
2012-09-12,928579.5092029038
2012-09-13,929020.1469431195
2012-09-14,943537.4650598468
2012-09-17,944504.9207926342
2012-09-18,941547.5064369647
2012-09-19,944994.9751459771
2012-09-20,940558.6914456164
2012-09-21,947174.2166216259
2012-09-24,939292.1903406049
2012-09-25,936605.3670838047
2012-09-26,924382.506666752
2012-09-27,921215.9363301005
2012-09-28,928344.8342042303
2012-10-01,925276.9750773401
2012-10-02,926228.1216444384
2012-10-03,926739.8227752455
2012-10-04,934135.8883548124
2012-10-05,943235.3624045607
2012-10-08,943096.6308252094
2012-10-09,931956.1730266559
2012-10-10,928165.2152667976
2012-10-11,923131.159013692
2012-10-12,921666.6900881946
2012-10-15,917522.1538771654
2012-10-16,920044.6296759952
2012-10-17,933742.2246713595
2012-10-18,927516.7040208561
2012-10-19,926202.9519506525
2012-10-22,900227.4758459738
2012-10-23,904991.8192712147
2012-10-24,896705.779440245
2012-10-25,894571.4702967776
2012-10-26,891650.5479019884
2012-10-31,888683.7847511121
2012-11-01,880689.4838387789
2012-11-02,884744.8250324082
2012-11-05,882769.0498928238
2012-11-06,877747.868974697
2012-11-07,883809.8143907066
2012-11-08,875003.2489497015
2012-11-09,865493.8020408143
2012-11-12,866462.8468741167
2012-11-13,871370.6655067491
2012-11-14,857281.7244418373
2012-11-15,845124.8978357835
2012-11-16,850526.2299741799
2012-11-19,852998.9501853915
2012-11-20,872984.615597493
2012-11-21,878307.7858432708
2012-11-23,872580.3351487899
2012-11-26,888655.6850870259
2012-11-27,892638.1606498103
2012-11-28,883985.3959600406
2012-11-29,897850.2908080345
2012-11-30,899138.5036552744
2012-12-03,896168.40888085
2012-12-04,890667.5649707456
2012-12-05,874821.9546549647
2012-12-06,874978.1052124511
2012-12-07,871497.5763732246
2012-12-10,879163.4141266507
2012-12-11,875945.596063319
2012-12-12,878497.5226178247
2012-12-13,882431.4589633945
2012-12-14,879864.8284374635
2012-12-17,877857.0076295254
2012-12-18,884775.4348537636
2012-12-19,903727.4647322589
2012-12-20,897117.0350641386
2012-12-21,903295.7292884592
2012-12-24,894540.7584162983
2012-12-26,890083.5132013966
2012-12-27,887597.4331527462
2012-12-28,894083.7853972011
2012-12-31,880642.499475147
2013-01-02,902888.6934691598
2013-01-03,919977.4325292668
2013-01-04,919185.9221953662
2013-01-07,926024.0980583696
2013-01-08,929420.3987427726
2013-01-09,927687.6003004357
2013-01-10,922503.5018021789
2013-01-11,931480.5949881854
2013-01-14,930403.7807284597
2013-01-15,937881.1808440057
2013-01-16,934547.3202854889
2013-01-17,938989.5375588915
2013-01-18,947605.3981486885
2013-01-22,953324.9212507461
2013-01-23,954421.095217494
2013-01-24,953436.9795176615
2013-01-25,955814.2018481187
2013-01-28,963006.6569845899
2013-01-29,955157.9916049306
2013-01-30,955749.4169614238
2013-01-31,956232.8995301967
2013-02-01,962822.6908588916
2013-02-04,983865.8747686878
2013-02-05,967237.8061395126
2013-02-06,979641.5494647124
2013-02-07,973416.6261156147
2013-02-08,966553.5579361912
2013-02-11,967423.5607443072
2013-02-12,976824.9229700337
2013-02-13,984827.7091917474
2013-02-14,988381.0339455194
2013-02-15,989890.6721337828
2013-02-19,997172.1777026026
2013-02-20,996379.1017765334
2013-02-21,979912.5893129348
2013-02-22,972134.818447748
2013-02-25,981218.7200206158
2013-02-26,952886.8231694917
2013-02-27,965471.7713304567
2013-02-28,978899.9531951704
2013-03-01,981004.8095156442
2013-03-04,996958.5393857331
2013-03-05,1014529.2679937917
2013-03-06,1037464.644655007
2013-03-07,1042429.1003630213
2013-03-08,1053148.6445488264
2013-03-11,1057809.0973400136
2013-03-12,1057969.575414666
2013-03-13,1056125.4960162267
2013-03-14,1055662.2866548558
2013-03-15,1063782.724964582
2013-03-18,1074256.0743827713
2013-03-19,1066136.0499626386
2013-03-20,1072185.7153731578
2013-03-21,1085508.540004822
2013-03-22,1063386.8161318875
2013-03-25,1080127.5430388998
2013-03-26,1076829.269870449
2013-03-27,1089360.22617173
2013-03-28,1090463.522424412
2013-04-01,1082578.6436174817
2013-04-02,1077755.831695228
2013-04-03,1083155.409280026
2013-04-04,1071652.1740961215
2013-04-05,1081070.177446503
2013-04-08,1074269.3034823295
2013-04-09,1083765.0663158926
2013-04-10,1092831.3210658089
2013-04-11,1104904.6799145592
2013-04-12,1107597.2662344908
2013-04-15,1091724.7468669447
2013-04-16,1072518.5974059473
2013-04-17,1099125.1657179368
2013-04-18,1077760.316301952
2013-04-19,1082371.6851308218
2013-04-22,1094992.6771831745
2013-04-23,1102650.9849060876
2013-04-24,1125248.9120527788
2013-04-25,1133841.0929337346
2013-04-26,1138350.9884823586
2013-04-29,1123514.465063622
2013-04-30,1136747.0711502056
2013-05-01,1121494.289739208
2013-05-02,1123297.4184431592
2013-05-03,1131147.861712558
2013-05-06,1151271.518637735
2013-05-07,1153145.3511555176
2013-05-08,1148890.8863943247
2013-05-09,1156426.4565513937
2013-05-10,1157635.3677326373
2013-05-13,1166148.6962200003
2013-05-14,1168833.015924918
2013-05-15,1179201.5859392586
2013-05-16,1179488.5583394219
2013-05-17,1162237.3380193932
2013-05-20,1175881.1684872715
2013-05-21,1169139.4972884732
2013-05-22,1159768.1936027205
2013-05-23,1165420.0263198777
2013-05-24,1166235.7186890058
2013-05-28,1160245.1662377715
2013-05-29,1167499.0118443416
2013-05-30,1162171.90446557
2013-05-31,1176738.6406691032
2013-06-03,1164867.4513088753
2013-06-04,1172393.116689352
2013-06-05,1160522.5003252642
2013-06-06,1152733.0164613773
2013-06-07,1147275.6924380527
2013-06-10,1173529.1785832164
2013-06-11,1182380.7095480305
2013-06-12,1164003.1358700467
2013-06-13,1139635.8370123245
2013-06-14,1164829.763413725
2013-06-17,1155927.4203930784
2013-06-18,1165887.2839379327
2013-06-19,1185363.2083386465
2013-06-20,1162498.7724980088
2013-06-21,1119288.8699463352
2013-06-24,1124279.3780173315
2013-06-25,1106328.8183492457
2013-06-26,1115845.5672109586
2013-06-27,1140234.3011373642
2013-06-28,1153714.5226008967
2013-07-01,1160546.4483525201
2013-07-02,1174439.0420626767
2013-07-03,1171628.5391329562
2013-07-05,1168909.6995520114
2013-07-08,1197264.8848801632
2013-07-09,1205326.949664756
2013-07-10,1218902.4672709643
2013-07-11,1210234.8726344602
2013-07-12,1247743.503819223
2013-07-15,1259198.2058734244
2013-07-16,1261959.7910394527
2013-07-17,1257369.8149263058
2013-07-18,1269754.6625378598
2013-07-19,1274740.3328687393
2013-07-22,1281883.3835748667
2013-07-23,1293685.0073806283
2013-07-24,1283852.5933170465
2013-07-25,1280538.071149777
2013-07-26,1276320.5752063943
2013-07-29,1265281.212160127
2013-07-30,1261691.0296207815
2013-07-31,1266812.3497804229
2013-08-01,1250538.1549638323
2013-08-02,1277327.4085519775
2013-08-05,1286386.2807704003
2013-08-06,1265307.3174472244
2013-08-07,1242594.9795062267
2013-08-08,1240739.40320461
2013-08-09,1250465.658182821
2013-08-12,1259371.8813964038
2013-08-13,1246673.9899613452
2013-08-14,1258536.8836139739
2013-08-15,1239202.575672394
2013-08-16,1216579.8106930275
2013-08-19,1201878.1701558428
2013-08-20,1209555.445775087
2013-08-21,1227458.9016660515
2013-08-22,1219110.1191157163
2013-08-23,1229941.8537004117
2013-08-26,1250873.409580849
2013-08-27,1222199.7791220495
2013-08-28,1205734.0852213604
2013-08-29,1238631.7163512644
2013-08-30,1219319.6686899345
2013-09-03,1220000.967325581
2013-09-04,1230848.3474192135
2013-09-05,1242950.452036796
2013-09-06,1242676.094343794
2013-09-09,1243236.1511814704
2013-09-10,1275674.3069832167
2013-09-11,1273936.8064586183
2013-09-12,1274679.7527258666
2013-09-13,1277004.7680397658
2013-09-16,1273480.7039361855
2013-09-17,1294859.7102391124
2013-09-18,1292895.2617553258
2013-09-19,1320364.7567588156
2013-09-20,1317240.0670786095
2013-09-23,1303614.2496290822
2013-09-24,1310201.3111877304
2013-09-25,1317784.730110315
2013-09-26,1316770.6849935863
2013-09-27,1335997.2422318046
2013-09-30,1338359.0880737854
2013-10-01,1357419.793945632
2013-10-02,1384332.4733318016
2013-10-03,1393402.2540225554
2013-10-04,1381335.683313638
2013-10-07,1392520.7924080899
2013-10-08,1351451.4941982233
2013-10-09,1309325.1209841028
2013-10-10,1309530.3370233504
2013-10-11,1360253.0933138686
2013-10-14,1371125.779709844
2013-10-15,1382298.3470951214
2013-10-16,1374723.9298122781
2013-10-17,1396936.1360379877
2013-10-18,1410604.7323527627
2013-10-21,1416400.1950863653
2013-10-22,1414215.865262791
2013-10-23,1426627.2506903964
2013-10-24,1425925.8617198872
2013-10-25,1415007.0990420135
2013-10-28,1405959.6532213797
2013-10-29,1406356.3297869614
2013-10-30,1401316.0834494985
2013-10-31,1391024.6953717014
2013-11-01,1370009.1252070162
2013-11-04,1387091.02638029
2013-11-05,1389348.1854752817
2013-11-06,1359098.776992293
2013-11-07,1356584.018372462
2013-11-08,1355204.1685580267
2013-11-11,1357040.4268443752
2013-11-12,1371939.1207099615
2013-11-13,1366240.8785112416
2013-11-14,1370578.0783995925
2013-11-15,1380431.5776152024
2013-11-18,1370288.6251955242
2013-11-19,1358833.1231100378
2013-11-20,1362894.2660418437
2013-11-21,1366874.5823147716
2013-11-22,1373854.835481147
2013-11-25,1389696.7680235186
2013-11-26,1413935.105497786
2013-11-27,1413186.1850499806
2013-11-29,1418626.0714556677
2013-12-02,1399998.8718843611
2013-12-03,1384288.1157527976
2013-12-04,1392626.9430188385
2013-12-05,1398004.9066804764
2013-12-06,1378148.7409307824
2013-12-09,1394402.6901005162
2013-12-10,1396890.9128407456
2013-12-11,1378091.4510333694
2013-12-12,1374301.6349415777
2013-12-13,1376606.7447980626
2013-12-16,1508536.9723965742
2013-12-17,1544890.6010116385
2013-12-18,1509322.930015666
2013-12-19,1573160.6092842873
2013-12-20,1589502.6445400084
2013-12-23,1638103.6149741246
2013-12-24,1794115.7514417293
2013-12-26,1796781.4113914433
2013-12-27,1810261.3763196378
2013-12-30,1820773.4043191539
2013-12-31,1827326.2609965613
2014-01-02,1860470.2072984155
2014-01-03,1853796.312740418
2014-01-06,1852743.9015977094
2014-01-07,1854991.7480025995
2014-01-08,1879352.0228836504
2014-01-09,1866804.2701750516
2014-01-10,1869297.9940304908
2014-01-13,1871320.6350841534
2014-01-14,1855043.8765032387
2014-01-15,1891100.684361983
2014-01-16,1928783.0734107534
2014-01-17,1929484.703333074
2014-01-21,1923544.261430974
2014-01-22,1951018.5321113835
2014-01-23,1945906.471163512
2014-01-24,1916915.2714051518
2014-01-27,1829920.0955261178
2014-01-28,1832373.6637364642
2014-01-29,1844934.355591521
2014-01-30,1818008.9124051058
2014-01-31,1852433.1942440388
2014-02-03,1824077.8377425403
2014-02-04,1759914.7914675488
2014-02-05,1759931.0737543905
2014-02-06,1727709.9206779439
2014-02-07,1772496.346184
2014-02-10,1808705.7203155812
2014-02-11,1794394.7296380159
2014-02-12,1826741.2909085103
2014-02-13,1852419.883214781
2014-02-14,1845373.2140704528
2014-02-18,1893094.5294106568
2014-02-19,1913763.3815789323
2014-02-20,1929976.3462710166
2014-02-21,1951619.7117494433
2014-02-24,1953425.6882524742
2014-02-25,1960506.1205173826
2014-02-26,1989399.7290832235
2014-02-27,2006791.4743939892
2014-02-28,1980552.037685429
2014-03-03,1994873.8231790282
2014-03-04,1995881.2100313995
2014-03-05,2042358.4602304401
2014-03-06,2026740.7962576884
2014-03-07,2002778.8604939298
2014-03-10,1990633.5381968461
2014-03-11,1972452.4973960498
2014-03-12,1982311.667861321
2014-03-13,1976340.6944217228
2014-03-14,1966106.8605738222
2014-03-17,1929540.3857268721
2014-03-18,1975822.048239055
2014-03-19,1983874.4811539522
2014-03-20,1960173.5192130809
2014-03-21,1948369.904141308
2014-03-24,1892385.92214714
2014-03-25,1866771.8116888355
2014-03-26,1845304.6572579066
2014-03-27,1834346.3431921443
2014-03-28,1833792.2855503864
2014-03-31,1847453.7808796072
2014-04-01,1885069.2095119047
2014-04-02,1923471.6295448355
2014-04-03,1889458.5902446148
2014-04-04,1853951.8323314416
2014-04-07,1790998.3652427671
2014-04-08,1769213.1277849728
2014-04-09,1794568.69282041
2014-04-10,1799586.4202009866
2014-04-11,1719802.407316326
2014-04-14,1653843.9945141869
2014-04-15,1614429.653597889
2014-04-16,1644555.0543401628
2014-04-17,1696682.7865719283
2014-04-21,1710327.7125480087
2014-04-22,1740361.4011943252
2014-04-23,1731237.627630971
2014-04-24,1711228.9255140992
2014-04-25,1668937.3025554726
2014-04-28,1627490.0139312863
2014-04-29,1617268.9543798075
2014-04-30,1617141.2417050058
2014-05-01,1619488.8127277284
2014-05-02,1617119.9020854707
2014-05-05,1601957.563083807
2014-05-06,1579475.7107580246
2014-05-07,1514610.3191236174
2014-05-08,1495939.041286125
2014-05-09,1497894.131245934
2014-05-12,1524628.6474808818
2014-05-13,1534734.74107196
2014-05-14,1533939.6618746824
2014-05-15,1520970.9182937895
2014-05-16,1481847.5605397008
2014-05-19,1497126.9931069354
2014-05-20,1501072.1906472826
2014-05-21,1481311.8895244098
2014-05-22,1520693.3851258531
2014-05-23,1538469.1930382042
2014-05-27,1564789.9259857412
2014-05-28,1585662.347257513
2014-05-29,1593310.8491604403
2014-05-30,1584867.6460156473
2014-06-02,1589122.4088317119
2014-06-03,1592421.2606038414
2014-06-04,1593306.457745625
2014-06-05,1614501.6606841404
2014-06-06,1615688.3269539857
2014-06-09,1624064.686548164
2014-06-10,1633022.4789827596
2014-06-11,1648604.4036273474
2014-06-12,1649022.1419708037
2014-06-13,1623863.9522374878
2014-06-16,1628922.5054154128
2014-06-17,1631536.1915976147
2014-06-18,1631012.2365255817
2014-06-19,1631635.06965172
2014-06-20,1648253.0416647203
2014-06-23,1648939.8212421087
2014-06-24,1637748.9365979675
2014-06-25,1622727.167177351
2014-06-26,1643421.9369676267
2014-06-27,1629070.8904787388
2014-06-30,1636705.9706001023
2014-07-01,1632306.7868714193
2014-07-02,1640294.8151200714
2014-07-03,1637956.6625207872
2014-07-07,1618397.6397658521
2014-07-08,1592685.1925008262
2014-07-09,1578261.8623094184
2014-07-10,1570525.0985795653
2014-07-11,1554094.0784037483
2014-07-14,1567426.1467923333
2014-07-15,1548844.7221074074
2014-07-16,1532423.722513142
2014-07-17,1538735.0767464356
2014-07-18,1528388.1177438074
2014-07-21,1550155.0540567776
2014-07-22,1548627.1654930047
2014-07-23,1549197.7817175754
2014-07-24,1562746.022884694
2014-07-25,1563206.8066333528
2014-07-28,1525916.655112576
2014-07-29,1535052.0246129492
2014-07-30,1534690.4637259475
2014-07-31,1529693.1972580948
2014-08-01,1471964.856195038
2014-08-04,1465639.2495429767
2014-08-05,1492477.8842203026
2014-08-06,1479592.6519897582
2014-08-07,1473068.755483312
2014-08-08,1456798.6229429573
2014-08-11,1504902.0375161774
2014-08-12,1503832.1518780198
2014-08-13,1496206.341392844
2014-08-14,1500667.1022887777
2014-08-15,1502513.6997284475
2014-08-18,1500370.2091143327
2014-08-19,1513490.2350088318
2014-08-20,1511490.1574692023
2014-08-21,1512045.348996515
2014-08-22,1533649.0103955555
2014-08-25,1541704.4320187557
2014-08-26,1571680.0944699908
2014-08-27,1577633.836577039
2014-08-28,1573488.2846066125
2014-08-29,1574964.6694233918
2014-09-02,1590315.6124177752
2014-09-03,1577366.4185475048
2014-09-04,1569867.7818758416
2014-09-05,1559703.3414368562
2014-09-08,1583317.2123037924
2014-09-09,1568656.90294408
2014-09-10,1566232.1522726107
2014-09-11,1578483.6995944988
2014-09-12,1574634.7318360575
2014-09-15,1524841.3485946553
2014-09-16,1518725.549134904
2014-09-17,1546369.4054204852
2014-09-18,1530789.3318797424
2014-09-19,1528746.6059065273
2014-09-22,1512976.5222541091
2014-09-23,1501885.7864513274
2014-09-24,1487760.274701445
2014-09-25,1528519.0526519387
2014-09-26,1509206.2632426857
2014-09-29,1533359.529753204
2014-09-30,1522416.274880145
2014-10-01,1509828.193924374
2014-10-02,1488808.9852275888
2014-10-03,1475953.396414967
2014-10-06,1496225.9406443394
2014-10-07,1500738.4159290197
2014-10-08,1441767.362228016
2014-10-09,1457026.597345317
2014-10-10,1415479.8967188334
2014-10-13,1392595.1230760533
2014-10-14,1352603.3464436159
2014-10-15,1389050.9598547292
2014-10-16,1414723.2292546842
2014-10-17,1385113.228010854
2014-10-20,1400762.2359313148
2014-10-21,1405002.6961439378
2014-10-22,1434588.3122093654
2014-10-23,1430990.8491856214
2014-10-24,1445690.3622923372
2014-10-27,1455694.9334402499
2014-10-28,1488314.9218730123
2014-10-29,1527022.6025828284
2014-10-30,1509508.4029783132
2014-10-31,1523246.7942846008
2014-11-03,1538796.2175098367
2014-11-04,1536871.5431040626
2014-11-05,1511610.0716596686
2014-11-06,1507829.9562059618
2014-11-07,1516090.6130988558
2014-11-10,1526755.208500983
2014-11-11,1534390.7806651895
2014-11-12,1555453.39206722
2014-11-13,1524280.2565148121
2014-11-14,1523964.5886240022
2014-11-17,1514349.707607878
2014-11-18,1509244.72307222
2014-11-19,1513412.941429217
2014-11-20,1518131.0794914367
2014-11-21,1506371.33700871
2014-11-24,1530113.4013716476
2014-11-25,1540750.901662306
2014-11-26,1557355.6224125312
2014-11-28,1539694.319584911
2014-12-01,1495361.1245813468
2014-12-02,1503076.9809599093
2014-12-03,1514049.7869101325
2014-12-04,1521716.870504165
2014-12-05,1527042.059410271
2014-12-08,1527631.3405851603
2014-12-09,1565379.296499978
2014-12-10,1557291.9377970365
2014-12-11,1524659.1191726339
2014-12-12,1558703.5929454146
2014-12-15,3283914.882453323
2014-12-16,3215843.3187733856
2014-12-17,3512812.117257536
2014-12-18,3621513.774091985
2014-12-19,3504636.9428276457
2014-12-22,3501240.6911085965
2014-12-23,3439078.996845431
2014-12-24,3454442.7786657247
2014-12-26,3504648.9969867845
2014-12-29,3476402.468728749
2014-12-30,3406646.920059094
2014-12-31,3363677.0282675694
2015-01-02,3428112.297445096
2015-01-05,3322499.036296378
2015-01-06,3352538.4450819963
2015-01-07,3532938.7076893873
2015-01-08,3608803.7591446238
2015-01-09,3413339.269951262
2015-01-12,3388502.8122561164
2015-01-13,3420063.709359969
2015-01-14,3363821.825908553
2015-01-15,3263741.1114144074
2015-01-16,3448601.4589634645
2015-01-20,3384771.072276338
2015-01-21,3370080.915624635
2015-01-22,3497848.3594556516
2015-01-23,3312136.8451491743
2015-01-26,3393755.4319210923
2015-01-27,3259143.2835666738
2015-01-28,3198207.660567775
2015-01-29,3406888.5789381145
2015-01-30,3171116.7300769887
2015-02-02,3326148.2583938097
2015-02-03,3402664.0256086076
2015-02-04,3241803.316433264
2015-02-05,3388436.4333211286
2015-02-06,3251213.876840635
2015-02-09,3244822.171303325
2015-02-10,3354940.7631539376
2015-02-11,3271916.9469840718
2015-02-12,3374579.5119314143
2015-02-13,3352197.5204169275
2015-02-17,3324084.356365599
2015-02-18,3303962.4338610284
2015-02-19,3241895.5502622123
2015-02-20,3282124.276211322
2015-02-23,3218353.359447783
2015-02-24,3233060.128430983
2015-02-25,3193552.738624907
2015-02-26,3189553.2402143935
2015-02-27,3170317.4181725024
2015-03-02,3291400.900136239
2015-03-03,3229598.579344476
2015-03-04,3232510.3069408787
2015-03-05,3297533.2807705854
2015-03-06,3153097.5008018888
2015-03-09,3325598.073344414
2015-03-10,3163492.5695042065
2015-03-11,3284807.941030107
2015-03-12,3435035.083956784
2015-03-13,3309498.4305917844
2015-03-16,3490631.824899097
2015-03-17,3437802.3846974317
2015-03-18,3580239.3487765705
2015-03-19,3469530.585154136
2015-03-20,3676590.323019428
2015-03-23,3549653.5018371493
2015-03-24,3540606.493103193
2015-03-25,3386513.4486314203
2015-03-26,3487974.8247076115
2015-03-27,3539141.0878090532
2015-03-30,3615614.998420639
2015-03-31,3455943.817188772
2015-04-01,3483515.994693155
2015-04-02,3533276.7214828627
2015-04-06,3547373.0164880324
2015-04-07,3464395.3653381984
2015-04-08,3534514.692048111
2015-04-09,3542531.1089962423
2015-04-10,3567725.210678543
2015-04-13,3501907.1963416226
2015-04-14,3535477.935843724
2015-04-15,3557956.1955483346
2015-04-16,3473555.1988511616
2015-04-17,3315656.2969312607
2015-04-20,3495112.476099591
2015-04-21,3438929.8903992316
2015-04-22,3477129.704000505
2015-04-23,3507967.9092102055
2015-04-24,3494670.639611442
2015-04-27,3376348.5674932506
2015-04-28,3432079.502738183
2015-04-29,3359860.6121258363
2015-04-30,3228607.2106349
2015-05-01,3397284.618370113
2015-05-04,3359119.5334194624
2015-05-05,3210317.9241973613
2015-05-06,3253805.5394941545
2015-05-07,3303160.2520730007
2015-05-08,3383294.8949185973
2015-05-11,3267664.2536975075
2015-05-12,3274649.6792273074
2015-05-13,3287549.668515823
2015-05-14,3434323.0116969924
2015-05-15,3397993.191851597
2015-05-18,3426123.2697050106
2015-05-19,3381945.2404362033
2015-05-20,3358766.7162600243
2015-05-21,3353146.5352360783
2015-05-22,3342253.8869350497
2015-05-26,3239214.9175727186
2015-05-27,3415775.8432091614
2015-05-28,3328214.2557787513
2015-05-29,3312908.044590898
2015-06-01,3365241.9488948206
2015-06-02,3365756.3692113515
2015-06-03,3420914.7186014396
2015-06-04,3373139.023000297
2015-06-05,3417725.3698469787
2015-06-08,3421053.338350461
2015-06-09,3471448.7956572096
2015-06-10,3625563.2078929255
2015-06-11,3572483.424013927
2015-06-12,3544517.062419065
2015-06-15,3584133.1575554674
2015-06-16,3619879.9789939374
2015-06-17,3538518.820260422
2015-06-18,3541020.2763777315
2015-06-19,3562543.0614113477
2015-06-22,3582555.7539998484
2015-06-23,3588890.0407424727
2015-06-24,3583978.939035088
2015-06-25,3543765.9428036925
2015-06-26,3538275.7990176873
2015-06-29,3587985.583140039
2015-06-30,3625388.965913156
2015-07-01,3580863.0545257167
2015-07-02,3587275.926749224
2015-07-06,3562412.0987354224
2015-07-07,3564945.4624537867
2015-07-08,3561802.92851714
2015-07-09,3581736.4733269364
2015-07-10,3614065.733746077
2015-07-13,3579091.0226636915
2015-07-14,3604162.545863986
2015-07-15,3582355.9310533623
2015-07-16,3604315.0058594826
2015-07-17,3614713.051868369
2015-07-20,3611102.9870849764
2015-07-21,3608407.0269436245
2015-07-22,3660332.8623269065
2015-07-23,3612556.5753498236
2015-07-24,3576085.7018480576
2015-07-27,3558080.40644452
2015-07-28,3506850.095458196
2015-07-29,3508267.5463139564
2015-07-30,3559177.698039365
2015-07-31,3582968.335935603
2015-08-03,3581227.192285078
2015-08-04,3551206.5430115415
2015-08-05,3562143.4394480647
2015-08-06,3482073.7667226284
2015-08-07,3442312.3172573675
2015-08-10,3408123.506828522
2015-08-11,3410502.575554756
2015-08-12,3397692.1416574973
2015-08-13,3404790.1188998744
2015-08-14,3446940.4914088566
2015-08-17,3492176.1337989173
2015-08-18,3468055.8419536953
2015-08-19,3406909.044667434
2015-08-20,3376838.8349194275
2015-08-21,3374342.1458306923
2015-08-24,3323984.8146772073
2015-08-25,3184621.617780525
2015-08-26,3085213.5934641287
2015-08-27,3152074.4075196446
2015-08-28,3233582.01714634
2015-08-31,3230908.2233319776
2015-09-01,3234721.8327130796
2015-09-02,3192715.3227007217
2015-09-03,3210233.288793411
2015-09-04,3272348.0704444805
2015-09-08,3230338.0870682485
2015-09-09,3255018.4511793377
2015-09-10,3196182.5093417456
2015-09-11,3212436.1448447662
2015-09-14,3259513.5074757575
2015-09-15,3237512.8778849486
2015-09-16,3282462.9879204175
2015-09-17,3298917.23371477
2015-09-18,3427419.5096394974
2015-09-21,3277967.472773674
2015-09-22,3255944.8689051187
2015-09-23,3252178.365245377
2015-09-24,3230846.7260165703
2015-09-25,3129141.3607639964
2015-09-28,3065958.8567574807
2015-09-29,2974145.52196023
2015-09-30,3018711.897636767
2015-10-01,3043627.1421993864
2015-10-02,3078824.573318739
2015-10-05,3089050.5902109225
2015-10-06,3091505.6652414766
2015-10-07,3085062.2772283484
2015-10-08,3099524.809514229
2015-10-09,3120434.436688947
2015-10-12,3120970.5295016333
2015-10-13,3087500.8673963165
2015-10-14,3075022.5808863183
2015-10-15,3099410.9708808353
2015-10-16,3102041.402284226
2015-10-19,3119918.1802896345
2015-10-20,3104600.982072154
2015-10-21,3109546.2037939723
2015-10-22,3061543.7533484646
2015-10-23,3085441.627696754
2015-10-26,3089453.253038684
2015-10-27,3082998.969487214
2015-10-28,3106665.4351631706
2015-10-29,3105795.6871443926
2015-10-30,3111198.609370526
2015-11-02,3129967.71453484
2015-11-03,3155150.4253173047
2015-11-04,3165846.02808816
2015-11-05,3152018.2655205135
2015-11-06,3193315.7986762244
2015-11-09,3122780.0385133913
2015-11-10,3140794.279714079
2015-11-11,3139897.948606572
2015-11-12,3170332.8441578792
2015-11-13,3107977.708579288
2015-11-16,3058928.1746428283
2015-11-17,3103193.3873418765
2015-11-18,3083729.2297882675
2015-11-19,3112186.839055736
2015-11-20,3142103.1813697466
2015-11-23,3131362.750711207
2015-11-24,3160354.319464652
2015-11-25,3170480.975184148
2015-11-27,3163387.240784603
2015-11-30,3192449.3149639294
2015-12-01,3173439.234790966
2015-12-02,3144696.027212946
2015-12-03,3122765.2433963288
2015-12-04,3075877.2902952707
2015-12-07,3043314.725561814
2015-12-08,3061691.364253309
2015-12-09,3002148.782224004
2015-12-10,3018803.4763529785
2015-12-11,3011239.619099746
2015-12-14,2977711.8159888345
2015-12-15,2989293.4041202376
2015-12-16,3024388.296881418
2015-12-17,3052462.650962187
2015-12-18,3109084.2690583584
2015-12-21,3006452.8480635877
2015-12-22,3015445.364989575
2015-12-23,3035589.9714542516
2015-12-24,3060108.591007258
2015-12-28,3040025.8055057
2015-12-29,3040652.9883127706
2015-12-30,3045481.7852735533
2015-12-31,3032765.0835908432
2016-01-04,2983975.2179940697
2016-01-05,2947790.5738115446
2016-01-06,2946386.769784132
2016-01-07,2904050.3692946974
2016-01-08,2827224.562397276
2016-01-11,2748362.4223615867
2016-01-12,2726570.6666590506
2016-01-13,2712404.584800555
2016-01-14,2657449.7712719357
2016-01-15,2675483.444930604
2016-01-19,2591708.1402024496
2016-01-20,2662785.8539122506
2016-01-21,2630272.1145709297
2016-01-22,2647682.278171914
2016-01-25,2690895.5956560597
2016-01-26,2647859.37143892
2016-01-27,2643191.049174983
2016-01-28,2602458.643693678
2016-01-29,2597848.5563901006
2016-02-01,2655052.346446721
2016-02-02,2653459.513218564
2016-02-03,2592417.2178326515
2016-02-04,2614006.1614078293
2016-02-05,2568515.96917529
2016-02-08,2497429.35009411
2016-02-09,2457583.4540912122
2016-02-10,2450814.836948189
2016-02-11,2459996.960905549
2016-02-12,2435964.2934411643
2016-02-16,2498767.6468082173
2016-02-17,2552208.851217822
2016-02-18,2577604.7914609085
2016-02-19,2574915.972822103
2016-02-22,2569743.841172589
2016-02-23,2596061.8553678305
2016-02-24,2593869.104721611
2016-02-25,2623059.659896948
2016-02-26,2678595.210087361
2016-02-29,2659127.1887914473
2016-03-01,2650064.6938701686
2016-03-02,2701263.113369114
2016-03-03,2710378.336727293
2016-03-04,2714245.1116056894
2016-03-07,2736476.9110976188
2016-03-08,2722172.6504327497
2016-03-09,2721412.9911132134
2016-03-10,2716340.76916545
2016-03-11,2723922.2947233254
2016-03-14,2744154.8075058004
2016-03-15,2704657.4626684575
2016-03-16,2709500.203002898
2016-03-17,2727885.9203736247
2016-03-18,2755317.047392177
2016-03-21,2763707.1427343907
2016-03-22,2780538.4103296837
2016-03-23,2763398.7677094047
2016-03-24,2752471.8695748737
2016-03-28,2756216.0409617405
2016-03-29,2782247.6013825485
2016-03-30,2797601.18093477
2016-03-31,2815542.6121140914
2016-04-01,2800376.242172076
2016-04-04,2807830.595700347
2016-04-05,2807758.236336108
2016-04-06,2789752.896646015
2016-04-07,2803517.7929681544
2016-04-08,2785269.905752911
2016-04-11,2789180.0252883346
2016-04-12,2772712.150832168
2016-04-13,2803135.4505385207
2016-04-14,2817809.344670642
2016-04-15,2847003.300161645
2016-04-18,2849175.0766731463
2016-04-19,2857688.387027345
2016-04-20,2861523.0501425383
2016-04-21,2865166.441887317
2016-04-22,2868670.287577414
2016-04-25,2858083.6240528403
2016-04-26,2881962.401513676
2016-04-27,2868450.3006921
2016-04-28,2866543.649397163
2016-04-29,2849249.025010975
2016-05-02,2855011.283368578
2016-05-03,2875381.3057388035
2016-05-04,2852588.122874902
2016-05-05,2833140.4284889414
2016-05-06,2817317.3571341042
2016-05-09,2841391.435961816
2016-05-10,2808052.928326293
2016-05-11,2822992.8002656032
2016-05-12,2790677.860217619
2016-05-13,2787502.1545599354
2016-05-16,2775782.3718852773
2016-05-17,2763460.2932892703
2016-05-18,2772661.238551627
2016-05-19,2761240.5177011373
2016-05-20,2752054.395508647
2016-05-23,2785266.6574131725
2016-05-24,2788844.152018068
2016-05-25,2788838.6514714854
2016-05-26,2801760.681524145
2016-05-27,2802263.8500075187
2016-05-31,2834647.768752504
2016-06-01,2850382.781623137
2016-06-02,2842755.3785604592
2016-06-03,2843183.042819274
2016-06-06,2930102.944978704
2016-06-07,2887708.8199169296
2016-06-08,2906268.89418746
2016-06-09,2895745.489105166
2016-06-10,2847376.839520102
2016-06-13,2807387.038794656
2016-06-14,2784688.487597266
2016-06-15,2798524.089973023
2016-06-16,2779074.1018734053
2016-06-17,2763861.6823325297
2016-06-20,2814724.9702517865
2016-06-21,2820162.1723748925
2016-06-22,2828110.3430620115
2016-06-23,2836100.5218200684
2016-06-24,2844896.270612691
2016-06-27,2761617.4827859276
2016-06-28,2741993.1016352163
2016-06-29,2784345.014160661
2016-06-30,2824934.02903581
2016-07-01,2864936.6981132138
2016-07-05,2871463.9760695533
2016-07-06,2872539.5846774913
2016-07-07,2876249.2155455295
2016-07-08,2881222.004495119
2016-07-11,2935518.1934342617
2016-07-12,2959589.49150951
2016-07-13,2959549.939197326
2016-07-14,2935823.1914470918
2016-07-15,2972722.3158486355
2016-07-18,2969843.412912924
2016-07-19,2957912.248628571
2016-07-20,2956052.22148324
2016-07-21,2960623.749675385
2016-07-22,2950544.7387262736
2016-07-25,2964506.408874884
2016-07-26,2987060.395272466
2016-07-27,2993313.6632127403
2016-07-28,2980968.01335666
2016-07-29,2975077.5593482614
2016-08-01,2982178.12490656
2016-08-02,2961133.132605449
2016-08-03,2951982.331300634
2016-08-04,2964017.123473047
2016-08-05,2964528.4288640404
2016-08-08,3020026.4939814317
2016-08-09,3023156.164766743
2016-08-10,3009120.0559035996
2016-08-11,2999449.8645381443
2016-08-12,3006956.5365953906
2016-08-15,2996368.3239940144
2016-08-16,2989133.607125716
2016-08-17,2957361.653464293
2016-08-18,2974026.5252654096
2016-08-19,2975810.8410026906
2016-08-22,2965373.5818763818
2016-08-23,2970709.8729082257
2016-08-24,2964894.5828637416
2016-08-25,2971956.8050718103
2016-08-26,2977542.361750124
2016-08-29,2966676.4669482154
2016-08-30,2993690.5763937673
2016-08-31,2973526.3594765593
2016-09-01,2985456.452653971
2016-09-02,2998459.1255503986
2016-09-06,3019053.575167424
2016-09-07,3054788.6298201415
2016-09-08,3064537.7185532968
2016-09-09,3040006.00337641
2016-09-12,2929349.361425929
2016-09-13,2970028.6467737737
2016-09-14,2931780.976370717
2016-09-15,2925989.220193268
2016-09-16,2986222.510006405
2016-09-19,2974208.318754753
2016-09-20,2959528.207217635
2016-09-21,2969143.7571789585
2016-09-22,3024906.8226749226
2016-09-23,3046516.82981273
2016-09-26,3004871.7775825607
2016-09-27,2945782.416410751
2016-09-28,2988851.3801805205
2016-09-29,2973953.4563575946
2016-09-30,2910489.2417518864
2016-10-03,2952865.7281879564
2016-10-04,2919614.825349015
2016-10-05,2911608.7250769306
2016-10-06,2920990.8173041763
2016-10-07,2909870.6821156396
2016-10-10,2915194.2405474284
2016-10-11,2929719.512174118
2016-10-12,2873148.2108536656
2016-10-13,2868036.845426422
2016-10-14,2850942.9709456125
2016-10-17,2859184.153257702
2016-10-18,2845709.3379389336
2016-10-19,2889403.2615178176
2016-10-20,2892648.613032216
2016-10-21,2874257.7295535086
2016-10-24,2864190.779951262
2016-10-25,2860122.716344605
2016-10-26,2805170.6093749823
2016-10-27,2760200.6425804044
2016-10-28,2742980.417185048
2016-10-31,2728394.138227121
2016-11-01,2718636.325364718
2016-11-02,2643720.817490999
2016-11-03,2612359.511584483
2016-11-04,2617904.002436191
2016-11-07,2579574.676902873
2016-11-08,2679411.699237906
2016-11-09,2736809.126707739
2016-11-10,2775266.491108194
2016-11-11,2846187.64396094
2016-11-14,2860246.2806145847
2016-11-15,2865738.066791951
2016-11-16,2909861.9703700333
2016-11-17,2885345.832929086
2016-11-18,2943429.2224179185
2016-11-21,2906533.668130072
2016-11-22,2952819.1063052905
2016-11-23,2970958.1887581795
2016-11-25,2960589.7725553433
2016-11-28,2942218.178420057
2016-11-29,2902685.9723998075
2016-11-30,2956386.979263427
2016-12-01,2916765.6733343205
2016-12-02,2902600.816801218
2016-12-05,2932499.5160804545
2016-12-06,2965622.877205409
2016-12-07,2931030.0511042424
2016-12-08,2996564.2312556617
2016-12-09,2967032.7021285575
2016-12-12,2946803.7795920693
2016-12-13,2907608.0822380865
2016-12-14,2925649.7424362744
2016-12-15,2904705.4599425253
2016-12-16,2919697.4148943126
2016-12-19,2931472.5583529975
2016-12-20,2955421.702041867
2016-12-21,2958494.535601995
2016-12-22,2921720.198946387
2016-12-23,2945692.7382905823
2016-12-27,2954197.891053401
2016-12-28,2975149.364381018
2016-12-29,2941305.8984235968
2016-12-30,2943553.0960900364
2017-01-03,2919968.402668862
2017-01-04,2978059.8443435477
2017-01-05,3002392.225706055
2017-01-06,2960239.644390167
2017-01-09,2945401.5721452017
2017-01-10,2962110.833529995
2017-01-11,2963931.1068751332
2017-01-12,2961377.4001743486
2017-01-13,2976283.9712838144
2017-01-17,2999700.332638813
2017-01-18,3008511.3213113374
2017-01-19,3031747.15894957
2017-01-20,3027030.5546324905
2017-01-23,3026765.4428330516
2017-01-24,3030854.9618327045
2017-01-25,3041282.237052094
2017-01-26,3077735.158924272
2017-01-27,3058913.7763615157
2017-01-30,3023779.346873098
2017-01-31,2979566.6646166407
2017-02-01,2988323.26280469
2017-02-02,2968281.9847903084
2017-02-03,2992204.7310896646
2017-02-06,3008901.350206096
2017-02-07,2956298.745427969
2017-02-08,2943481.9026800697
2017-02-09,2948257.8728533657
2017-02-10,2982378.394254457
2017-02-13,2975091.2695063506
2017-02-14,2996461.0670400364
2017-02-15,2990663.0062030726
2017-02-16,3008319.4364737915
2017-02-17,2982179.374050468
2017-02-21,2973435.944338323
2017-02-22,2997720.0650143335
2017-02-23,2947787.0174104935
2017-02-24,2882912.415002645
2017-02-27,2917863.647789344
2017-02-28,2877898.2457365636
2017-03-01,2834982.5717199547
2017-03-02,2867650.6660570092
2017-03-03,2832809.7430750616
2017-03-06,2781032.419241033
2017-03-07,2763619.7811330105
2017-03-08,2688565.951724746
2017-03-09,2659325.328997411
2017-03-10,2651311.9068993614
2017-03-13,2685134.6365574547
2017-03-14,2653676.530594289
2017-03-15,2647248.535558784
2017-03-16,2691615.939514909
2017-03-17,2686813.3315429976
2017-03-20,2664142.5744844433
2017-03-21,2633705.548394733
2017-03-22,2567291.92960601
2017-03-23,2597746.037093131
2017-03-24,2617861.383369536
2017-03-27,2630185.019991216
2017-03-28,2640378.4138904912
2017-03-29,2702572.070998127
2017-03-30,2703713.362458727
2017-03-31,2742804.640630221
2017-04-03,2713990.149677514
2017-04-04,2692921.1458436996
2017-04-05,2664081.2063063257
2017-04-06,2661274.065925491
2017-04-07,2683841.4853727613
2017-04-10,2684839.62993993
2017-04-11,2694696.0435328535
2017-04-12,2659703.014501025
2017-04-13,2653467.0543285124
2017-04-17,2586661.223517338
2017-04-18,2618544.468795294
2017-04-19,2588374.0448262766
2017-04-20,2532027.237433118
2017-04-21,2548770.2865248565
2017-04-24,2534046.952041726
2017-04-25,2585231.3355030403
2017-04-26,2600696.110391302
2017-04-27,2580188.3770605302
2017-04-28,2557393.7540785153
2017-05-01,2569857.4640237805
2017-05-02,2537743.92347129
2017-05-03,2505340.6407450205
2017-05-04,2451737.5301121934
2017-05-05,2475193.0578465518
2017-05-08,2493797.153190731
2017-05-09,2511782.9075772213
2017-05-10,2510112.6079004407
2017-05-11,2511993.1200654875
2017-05-12,2517147.0264713517
2017-05-15,2479289.2130025956
2017-05-16,2517442.5286473157
2017-05-17,2494754.7845083275
2017-05-18,2442057.2714797533
2017-05-19,2454101.8208576464
2017-05-22,2478484.307148849
2017-05-23,2482225.8936912306
2017-05-24,2485370.7713878313
2017-05-25,2481428.201201711
2017-05-26,2496920.277135664
2017-05-30,2461729.429562046
2017-05-31,2444204.0349047272
2017-06-01,2468467.2283324627
2017-06-02,2492035.6192687927
2017-06-05,2490035.890917465
2017-06-06,2495206.165157613
2017-06-07,2466486.180101664
2017-06-08,2495686.948903822
2017-06-09,2484029.311208861
2017-06-12,2457591.5797080705
2017-06-13,2447198.1489291317
2017-06-14,2445632.491447316
2017-06-15,2432684.9197021513
2017-06-16,2416016.069150074
2017-06-19,2407065.6063183355
2017-06-20,2445618.6366641666
2017-06-21,2438390.552708261
2017-06-22,2453216.5030669887
2017-06-23,2483395.0565306963
2017-06-26,2493021.652113199
2017-06-27,2489913.922343732
2017-06-28,2475789.9339220133
2017-06-29,2523128.7789598443
2017-06-30,2464143.8483393225
2017-07-03,2459319.2854004987
2017-07-05,2477526.3968365686
2017-07-06,2506126.527384727
2017-07-07,2475716.89636945
2017-07-10,2500601.0921376506
2017-07-11,2511290.990953544
2017-07-12,2501720.204336073
2017-07-13,2514393.154500413
2017-07-14,2506743.489692488
2017-07-17,2508798.6916936925
2017-07-18,2508781.212421901
2017-07-19,2516464.2363294815
2017-07-20,2513907.819074536
2017-07-21,2505631.094287244
2017-07-24,2511779.338113193
2017-07-25,2509804.8992222515
2017-07-26,2506581.229541667
2017-07-27,2479878.790334732
2017-07-28,2491928.939505126
2017-07-31,2462040.0533088334
2017-08-01,2440417.7245350718
2017-08-02,2424154.638792432
2017-08-03,2407821.782711568
2017-08-04,2422703.609391299
2017-08-07,2405520.7841104306
2017-08-08,2434944.9889551285
2017-08-09,2383257.1961745964
2017-08-10,2374664.8323984477
2017-08-11,2335291.56559756
2017-08-14,2346626.080698842
2017-08-15,2353593.4477938493
2017-08-16,2338049.856287876
2017-08-17,2345547.35512365
2017-08-18,2315128.5779605866
2017-08-21,2278252.618080858
2017-08-22,2280373.855782397
2017-08-23,2346166.8905087146
2017-08-24,2358733.8634362314
2017-08-25,2343158.4510252685
2017-08-28,2360268.088410678
2017-08-29,2374797.820046038
2017-08-30,2381987.071897013
2017-08-31,2392472.837600416
2017-09-01,2430807.0619781497
2017-09-05,2434736.2197635095
2017-09-06,2400191.0988701815
2017-09-07,2415221.717285759
2017-09-08,2420178.864862228
2017-09-11,2393694.864368255
2017-09-12,2420919.3062241687
2017-09-13,2437913.9043282666
2017-09-14,2430336.1810319345
2017-09-15,2422650.3121694904
2017-09-18,2450896.1692984514
2017-09-19,2461539.837853366
2017-09-20,2458656.8728366815
2017-09-21,2472728.0803367915
2017-09-22,2474870.4931688644
2017-09-25,2462857.778717595
2017-09-26,2461908.759461547
2017-09-27,2488532.6378500527
2017-09-28,2514774.0768433246
2017-09-29,2505496.994661217
2017-10-02,2524309.8496392732
2017-10-03,2533757.7783158654
2017-10-04,2545973.0236545345
2017-10-05,2558895.298850082
2017-10-06,2568254.6316992226
2017-10-09,2558683.315760258
2017-10-10,2546862.071514936
2017-10-11,2544274.3933488172
2017-10-12,2540380.779114987
2017-10-13,2511207.73644606
2017-10-16,2508742.9910058076
2017-10-17,2495924.1899561924
2017-10-18,2507948.6490156814
2017-10-19,2495463.680888736
2017-10-20,2515931.264068502
2017-10-23,2528822.2509300476
2017-10-24,2513388.3713974925
2017-10-25,2519747.128689247
2017-10-26,2489315.8457070393
2017-10-27,2475244.9123241203
2017-10-30,2505251.8022012278
2017-10-31,2500797.569769259
2017-11-01,2464645.9802934835
2017-11-02,2478700.4835439078
2017-11-03,2492124.223938101
2017-11-06,2506252.895411647
2017-11-07,2463116.841860348
2017-11-08,2443549.8749612854
2017-11-09,2479870.935758903
2017-11-10,2481720.74160757
2017-11-13,2468507.4746460943
2017-11-14,2465377.3918310646
2017-11-15,2476014.665009231
2017-11-16,2494541.5617320323
2017-11-17,2535500.1275747414
2017-11-20,2531319.305119904
2017-11-21,2550423.604984725
2017-11-22,2582225.5896324585
2017-11-24,2608712.621888377
2017-11-27,2599935.104413993
2017-11-28,2570035.955253533
2017-11-29,2562512.4844174557
2017-11-30,2539557.373762194
2017-12-01,2569865.5482882685
2017-12-04,2511805.580469507
2017-12-05,2518716.4744444676
2017-12-06,2475420.7046240326
2017-12-07,2516662.9158497765
2017-12-08,2518926.6282324493
2017-12-11,2534847.3551193657
2017-12-12,2504094.138479269
2017-12-13,2563844.78067061
2017-12-14,2548019.1017696797
2017-12-15,2529814.5970495176
2017-12-18,2589440.834525615
2017-12-19,2581454.2616276667
2017-12-20,2587441.326624837
2017-12-21,2588938.116869171
2017-12-22,2596936.8120635552
2017-12-26,2610401.5691844537
2017-12-27,2615351.33811516
2017-12-28,2597517.4038515566
2017-12-29,2590017.7306741443
2018-01-02,2604665.9846194317
2018-01-03,2618640.428354506
2018-01-04,2626287.1292557293
2018-01-05,2650302.0258958405
2018-01-08,2663994.4751680084
2018-01-09,2642457.791146542
2018-01-10,2667892.086088652
2018-01-11,2679479.128772843
2018-01-12,2660950.3433074933
2018-01-16,2639483.975794042
2018-01-17,2629869.4444680843
2018-01-18,2668721.509279735
2018-01-19,2698094.7683010357
2018-01-22,2703852.0496619837
2018-01-23,2753759.305080555
2018-01-24,2718514.916641613
2018-01-25,2723151.1725845262
2018-01-26,2685304.350217318
2018-01-29,2718306.849339043
2018-01-30,2675377.5762670976
2018-01-31,2611049.665863636
2018-02-01,2572999.19076831
2018-02-02,2579810.5398950945
2018-02-05,2559496.6666353983
2018-02-06,2438232.0625828593
2018-02-07,2514931.5113965026
2018-02-08,2535247.7800795077
2018-02-09,2424646.202468006
2018-02-12,2447541.6482232725
2018-02-13,2483613.470641892
2018-02-14,2505856.453149855
2018-02-15,2544047.5522718662
2018-02-16,2548996.109546894
2018-02-20,2547896.616536877
2018-02-21,2539560.139551192
2018-02-22,2509976.4182451717
2018-02-23,2496895.514224275
2018-02-26,2534406.429283118
2018-02-27,2549857.017851188
2018-02-28,2502348.3526907195
2018-03-01,2497532.0995443724
2018-03-02,2506995.377290001
2018-03-05,2510332.928185199
2018-03-06,2525098.2314160233
2018-03-07,2538401.938906895
2018-03-08,2535167.996206985
2018-03-09,2530541.3856207677
2018-03-12,2576372.788722595
2018-03-13,2555131.44082213
2018-03-14,2535143.846316054
2018-03-15,2504891.83952673
2018-03-16,2495372.656800999
2018-03-19,2494283.7710840018
2018-03-20,2475544.2542117164
2018-03-21,2495833.7389264875
2018-03-22,2500091.746098573
2018-03-23,2459155.6274288576
2018-03-26,2353351.8236348485
2018-03-27,2380170.5247289417
2018-03-28,2313254.344390074
2018-03-29,2320183.920801199
2018-04-02,2304372.6286454056
2018-04-03,2243255.3864213135
2018-04-04,2280681.399777014
2018-04-05,2294533.221909217
2018-04-06,2307646.2665639245
2018-04-09,2272226.1993739503
2018-04-10,2330740.998853181
2018-04-11,2380236.9273842704
2018-04-12,2373890.9839757616
2018-04-13,2379002.029168089
2018-04-16,2384876.915303593
2018-04-17,2416701.025544944
2018-04-18,2438025.1212600106
2018-04-19,2440956.952721997
2018-04-20,2454359.5325711537
2018-04-23,2414848.4163063485
2018-04-24,2407612.9389368123
2018-04-25,2354136.457561146
2018-04-26,2357958.063275838
2018-04-27,2370588.108489119
2018-04-30,2376577.2171438504
2018-05-01,2361183.13387667
2018-05-02,2400812.0304945023
2018-05-03,2377544.3441374875
2018-05-04,2362579.6883554235
2018-05-07,2405329.6564933984
2018-05-08,2449668.1187917027
2018-05-09,2390234.104243918
2018-05-10,2374203.3903371384
2018-05-11,2402021.869372936
2018-05-14,2420104.098613659
2018-05-15,2434908.293430282
2018-05-16,2449950.8828404928
2018-05-17,2480216.3271199972
2018-05-18,2478317.7469764818
2018-05-21,2459770.1320414157
2018-05-22,2439546.99195219
2018-05-23,2437840.0267857444
2018-05-24,2465143.6394026736
2018-05-25,2448640.4941614503
2018-05-29,2491253.268803311
2018-05-30,2456645.9987894483
2018-05-31,2491754.6438349443
2018-06-01,2475365.0052122087
2018-06-04,2471254.6388630182
2018-06-05,2519618.41065294
2018-06-06,2517733.743744035
2018-06-07,2506981.188688088
2018-06-08,2492523.343520833
2018-06-11,2507541.096749715
2018-06-12,2522706.5551966093
2018-06-13,2548670.5514743496
2018-06-14,2522386.7158712097
2018-06-15,2514075.454907792
2018-06-18,2530343.510258481
2018-06-19,2536299.7455322477
2018-06-20,2536651.3745030733
2018-06-21,2498766.718941709
2018-06-22,2554865.2234551758
2018-06-25,2566121.6112376354
2018-06-26,2569008.0723986374
2018-06-27,2554736.504137504
2018-06-28,2514910.2232576027
2018-06-29,2544231.6260371692
2018-07-02,2555759.608016761
2018-07-03,2611407.244467914
2018-07-05,2583872.8145614434
2018-07-06,2592448.1915269615
2018-07-09,2613500.9228748586
2018-07-10,2604755.3295609932
2018-07-11,2613570.1654329617
2018-07-12,2603974.765262599
2018-07-13,2592700.039847437
2018-07-16,2563156.9777533733
2018-07-17,2595529.6626648153
2018-07-18,2577214.656814555
2018-07-19,2612049.5075526317
2018-07-20,2603777.4929515896
2018-07-23,2613274.908425841
2018-07-24,2558961.843039906
2018-07-25,2595465.016310697
2018-07-26,2643142.1113044024
2018-07-27,2575263.669823125
2018-07-30,2519591.0401769676
2018-07-31,2546862.703790263
2018-08-01,2595628.4096999858
2018-08-02,2583841.82049684
2018-08-03,2555061.5600089333
2018-08-06,2568881.6745911622
2018-08-07,2563432.719769483
2018-08-08,2556514.8647586685
2018-08-09,2583709.7157763615
2018-08-10,2622547.690425007
2018-08-13,2568828.8325610943
2018-08-14,2554759.92164387
2018-08-15,2517859.235058759
2018-08-16,2509816.772230261
2018-08-17,2543575.7736464054
2018-08-20,2566724.812285966
2018-08-21,2607447.750847674
2018-08-22,2632434.522536408
2018-08-23,2640559.751639086
2018-08-24,2661664.013728398
2018-08-27,2663193.3217164753
2018-08-28,2683111.905992168
2018-08-29,2693451.0958889616
2018-08-30,2752963.7226062035
2018-08-31,2766341.32930597
2018-09-04,2767845.4337623115
2018-09-05,2690832.2679548673
2018-09-06,2661000.441219623
2018-09-07,2631670.761922648
2018-09-10,2653765.388047406
2018-09-11,2601828.215403309
2018-09-12,2587618.660310555
2018-09-13,2575980.586345797
2018-09-14,2569734.9845360685
2018-09-17,2530032.1462099943
2018-09-18,2545949.0909868022
2018-09-19,2508390.636293324
2018-09-20,2530091.838057873
2018-09-21,2541153.7082016775
2018-09-24,2562270.6684008
2018-09-25,2553063.4661383675
2018-09-26,2515010.7170279836
2018-09-27,2498223.0582866743
2018-09-28,2430763.035628887
2018-10-01,2398868.8278961163
2018-10-02,2387659.0810837913
2018-10-03,2402870.353663454
2018-10-04,2352494.2604130926
2018-10-05,2322530.474731339
2018-10-08,2289152.298012659
2018-10-09,2278818.349852769
2018-10-10,2243520.16184844
2018-10-11,2212341.310379131
2018-10-12,2151736.649598911
2018-10-15,2188792.5577494693
2018-10-16,2203374.091737509
2018-10-17,2223016.074398575
2018-10-18,2244802.724438755
2018-10-19,2141769.2516378732
2018-10-22,2140145.7026575194
2018-10-23,2122850.8371449774
2018-10-24,2057114.4099644113
2018-10-25,2013903.8014932997
2018-10-26,2066993.8996413301
2018-10-29,2016237.1799344067
2018-10-30,2013177.6555127262
2018-10-31,2030349.659064584
2018-11-01,2063756.7667345589
2018-11-02,2104733.985312182
2018-11-05,2085313.5715453532
2018-11-06,2058174.4428823448
2018-11-07,2073140.7351902933
2018-11-08,2106113.053701692
2018-11-09,2062223.0603104387
2018-11-12,2000664.6163257833
2018-11-13,1923045.761934211
2018-11-14,1888002.6876973775
2018-11-15,1890690.9922118238
2018-11-16,1903873.9614046747
2018-11-19,1877731.887748781
2018-11-20,1849488.2561558874
2018-11-21,1845991.8111731748
2018-11-23,1866837.83492495
2018-11-26,1824212.995172914
2018-11-27,1834913.820574813
2018-11-28,1830931.9299487802
2018-11-29,1897551.8178285144
2018-11-30,1854681.5261863892
2018-12-03,1846765.1931890154
2018-12-04,1886481.552466726
2018-12-06,1809492.7801001708
2018-12-07,1825077.3548083594
2018-12-10,1771578.6272390198
2018-12-11,1767831.0855473299
2018-12-12,1768224.7711621113
2018-12-13,1758607.4440617587
2018-12-14,1768615.6771076245
2018-12-17,1719144.1808490227
2018-12-18,1649664.16829273
2018-12-19,1651062.5607782064
2018-12-20,1608782.0213851333
2018-12-21,1553480.7375160838
2018-12-24,1540453.0157415257
2018-12-26,1476086.1059759879
2018-12-27,1560348.7102553493
2018-12-28,1609184.696507122
2018-12-31,1604407.9731249637
2019-01-02,1644569.5869151705
2019-01-03,1655483.0835081043
2019-01-04,1605553.372298293
2019-01-07,1713144.2162571412
2019-01-08,1721521.6127678382
2019-01-09,1753952.1185570098
2019-01-10,1770390.7332716216
2019-01-11,1776162.1700510792
2019-01-14,1764578.8150294567
2019-01-15,1747133.7888997812
2019-01-16,1774806.5890029282
2019-01-17,1762178.4491526592
2019-01-18,1753872.376921136
2019-01-22,1758085.5723249812
2019-01-23,1727435.6997085463
2019-01-24,1731137.4137527794
2019-01-25,1752338.2850320372
2019-01-28,1761376.6517774602
2019-01-29,1736327.7065983624
2019-01-30,1727994.667776247
2019-01-31,1764538.4974646205
2019-02-01,1777104.3774126358
2019-02-04,1778962.0296757687
2019-02-05,1780324.2681540365
2019-02-06,1784087.4877681334
2019-02-07,1778804.1684436444
2019-02-08,1766907.7584697483
2019-02-11,1773449.7524718286
2019-02-12,1765616.9700255466
2019-02-13,1783163.5694151307
2019-02-14,1801571.3580734609
2019-02-15,1813031.7124500186
2019-02-19,1831742.972028739
2019-02-20,1820822.7691682337
2019-02-21,1843444.3655416549
2019-02-22,1835909.1583561355
2019-02-25,1848434.2670650561
2019-02-26,1841179.5908436817
2019-02-27,1852741.618432814
2019-02-28,1845567.4980792196
2019-03-01,1850006.2366231144
2019-03-04,1843549.7294785955
2019-03-05,1835260.4095235085
2019-03-06,1810601.1348046414
2019-03-07,1839200.363360113
2019-03-08,1821393.119079504
2019-03-11,1818502.0385860284
2019-03-12,1849585.5084048265
2019-03-13,1847017.651591494
2019-03-14,1847556.8492651398
2019-03-15,1834147.5372406568
2019-03-18,1832381.8929800382
2019-03-19,1829882.6528893805
2019-03-20,1830647.2324419625
2019-03-21,1820662.2875150512
2019-03-22,1812692.5413770797
2019-03-25,1776006.000657449
2019-03-26,1766508.0983687225
2019-03-27,1771343.8334334313
2019-03-28,1758916.0129026342
2019-03-29,1753633.8818136884
2019-04-01,1750321.6643425499
2019-04-02,1772339.1725412142
2019-04-03,1794386.322721299
2019-04-04,1784511.3589085068
2019-04-05,1787030.609857795
2019-04-08,1790025.2298008818
2019-04-09,1788634.4958472338
2019-04-10,1750954.9606635117
2019-04-11,1738520.165022545
2019-04-12,1711474.3107568105
2019-04-15,1701916.7571689307
2019-04-16,1687417.5050813216
2019-04-17,1673752.4640984861
2019-04-18,1661670.3181511648
2019-04-22,1663253.1086145334
2019-04-23,1675097.955945661
2019-04-24,1676866.6890012068
2019-04-25,1677113.03133623
2019-04-26,1677275.876551159
2019-04-29,1700649.8918138559
2019-04-30,1690045.5903520505
2019-05-01,1686434.6168505563
2019-05-02,1693695.261401547
2019-05-03,1717967.5678508796
2019-05-06,1748125.1084795285
2019-05-07,1733138.0790657953
2019-05-08,1724977.3578007014
2019-05-09,1717343.5500320913
2019-05-10,1700325.227720338
2019-05-13,1705669.4046119119
2019-05-14,1682322.433200648
2019-05-15,1697490.8985731856
2019-05-16,1690276.0669604207
2019-05-17,1696362.950812287
2019-05-20,1687094.2977153477
2019-05-21,1677623.6687147464
2019-05-22,1672205.8119740626
2019-05-23,1657911.6904536593
2019-05-24,1644418.799021518
2019-05-28,1654451.4145175398
2019-05-29,1639579.362467567
2019-05-30,1609161.509054571
2019-05-31,1613925.540494298
2019-06-03,1563775.0195743334
2019-06-04,1547853.0562421326
2019-06-05,1583819.5444844556
2019-06-06,1559696.2531342895
2019-06-07,1570787.9006234962
2019-06-10,1574508.3095319334
2019-06-11,1571360.5540462274
2019-06-12,1594733.3166124036
2019-06-13,1575723.0851712208
2019-06-14,1585898.3476347222
2019-06-17,1607665.600610707
2019-06-18,1600334.1044555658
2019-06-19,1629094.5745046209
2019-06-20,1629899.558080962
2019-06-21,1643431.310615239
2019-06-24,1646483.731355261
2019-06-25,1631510.205528024
2019-06-26,1613656.0352442458
2019-06-27,1612889.5544597786
2019-06-28,1651557.1077235166
2019-07-01,1668789.6964952857
2019-07-02,1668550.7268414134
2019-07-03,1671405.3333122288
2019-07-05,1685140.3730326898
2019-07-08,1686750.3657987316
2019-07-09,1684369.0478721003
2019-07-10,1699561.295949357
2019-07-11,1700971.7234053742
2019-07-12,1690981.3421881485
2019-07-15,1691272.5728097353
2019-07-16,1694574.0704724723
2019-07-17,1693653.7686114209
2019-07-18,1689160.8752032663
2019-07-19,1694555.1366971186
2019-07-22,1690486.221105122
2019-07-23,1694565.37278529
2019-07-24,1719947.556007826
2019-07-25,1713380.7039268943
2019-07-26,1719401.547520608
2019-07-29,1728907.875789497
2019-07-30,1740881.0009237644
2019-07-31,1747441.6863230031
2019-08-01,1730300.1239554523
2019-08-02,1711331.6796497263
2019-08-05,1681757.8901135558
2019-08-06,1618132.003612819
2019-08-07,1649889.074121041
2019-08-08,1661812.228859587
2019-08-09,1688503.6227071937
2019-08-12,1685789.8521125468
2019-08-13,1677017.90042331
2019-08-14,1726080.991405883
2019-08-15,1670215.8782304644
2019-08-16,1683020.0402876725
2019-08-19,1694512.4253678184
2019-08-20,1721553.6126919945
2019-08-21,1713375.7462545985
2019-08-22,1714082.9780826354
2019-08-23,1724466.1746979929
2019-08-26,1661255.1876117047
2019-08-27,1662943.466778254
2019-08-28,1655221.4106524168
2019-08-29,1668655.8427965867
2019-08-30,1683533.7150231432
2019-09-03,1682730.3727603273
2019-09-04,1666356.2970271502
2019-09-05,1683421.092620883
2019-09-06,1696758.540759136
2019-09-09,1677100.2402318504
2019-09-10,1676884.6273971447
2019-09-11,1697633.0777189792
2019-09-12,1670646.0203494735
2019-09-13,1672510.8102364657
2019-09-16,1684466.8392466893
2019-09-17,1690066.790887986
2019-09-18,1695821.0277704766
2019-09-19,1695165.418306957
2019-09-20,1754377.043612996
2019-09-23,1734284.0884554547
2019-09-24,1709506.5460814752
2019-09-25,1690303.6992905557
2019-09-26,1672862.3805639525
2019-09-27,1648413.6074706318
2019-09-30,1619033.501530149
2019-10-01,1614094.0189330624
2019-10-02,1632174.2673004777
2019-10-03,1620284.082539346
2019-10-04,1629375.986003893
2019-10-07,1650069.187630685
2019-10-08,1627776.1663732037
2019-10-09,1575534.7507360058
2019-10-10,1605297.1272844758
2019-10-11,1613621.3661119253
2019-10-14,1626245.6269816116
2019-10-15,1632867.1830909455
2019-10-16,1647562.3586861508
2019-10-17,1657191.0727241708
2019-10-18,1643868.7712442963
2019-10-21,1652858.198594522
2019-10-22,1649939.5734289875
2019-10-23,1631792.9203955997
2019-10-24,1630368.2869035064
2019-10-25,1636292.7360836435
2019-10-28,1640774.9687457504
2019-10-29,1638871.119075445
2019-10-30,1623965.771660502
2019-10-31,1653458.3861570964
2019-11-01,1657005.774009573
2019-11-04,1652344.3981596238
2019-11-05,1661049.833621187
2019-11-06,1653664.5738666793
2019-11-07,1630541.656258979
2019-11-08,1640669.0895258146
2019-11-11,1640292.4998742552
2019-11-12,1630973.7011751267
2019-11-13,1654234.5672737332
2019-11-14,1632132.8924622934
2019-11-15,1631184.8663045373
2019-11-18,1649394.0619437343
2019-11-19,1656770.7592107903
2019-11-20,1660804.9925091178
2019-11-21,1647232.1022768945
2019-11-22,1641010.7620513532
2019-11-25,1722449.2297537003
2019-11-26,1711455.289277915
2019-11-27,1738554.5396866754
2019-11-29,1732687.5421310663
2019-12-02,1735044.4929745265
2019-12-03,1745297.91299133
2019-12-04,1725805.2866044699
2019-12-05,1723379.7716302683
2019-12-06,1726174.7897523234
2019-12-09,1788758.0646910286
2019-12-10,1784994.9594383026
2019-12-11,1771904.9728802175
2019-12-12,1788312.687254735
2019-12-13,1797618.405881711
2019-12-16,1787648.240973046
2019-12-17,1778562.9382758208
2019-12-18,1767108.343605412
2019-12-19,1787308.4819973058
2019-12-20,1793563.7095446247
2019-12-23,1830452.2030663695
2019-12-24,1847680.34229956
2019-12-26,1844658.511192918
2019-12-27,1835694.0685664075
2019-12-30,1838881.2801349284
2019-12-31,1831688.5417875429
2020-01-02,1805912.8705415495
2020-01-03,1843548.9487163422
2020-01-06,1821666.658619866
2020-01-07,1834726.0389018261
2020-01-08,1813147.309728142
2020-01-09,1825248.0357220476
2020-01-10,1832709.6764079507
2020-01-13,1779156.4110368122
2020-01-14,1808763.1930808441
2020-01-15,1819266.6229455464
2020-01-16,1829071.621258975
2020-01-17,1836614.9789624966
2020-01-21,1823518.7309613004
2020-01-22,1810479.584172178
2020-01-23,1802694.050446712
2020-01-24,1795738.388980766
2020-01-27,1798092.4810924402
2020-01-28,1790228.3827705544
2020-01-29,1792200.385211196
2020-01-30,1769904.496767917
2020-01-31,1763357.9197296835
2020-02-03,1734264.4242750702
2020-02-04,1738751.4690902748
2020-02-05,1773252.0081203645
2020-02-06,1780643.8824290112
2020-02-07,1776890.5743215994
2020-02-10,1768657.7624664127
2020-02-11,1777128.6076691577
2020-02-12,1779273.1211589952
2020-02-13,1797992.412840399
2020-02-14,1795257.5452201844
2020-02-18,1806605.5871041114
2020-02-19,1806753.848902354
2020-02-20,1834967.7913162254
2020-02-21,1843965.1609981672
2020-02-24,1832780.9680802946
2020-02-25,1765834.4326485903
2020-02-26,1700154.622241329
2020-02-27,1701903.3998155661
2020-02-28,1642608.9323327576
2020-03-02,1616507.1899536967
2020-03-03,1689966.3276946326
2020-03-04,1615738.576970236
2020-03-05,1689762.861790989
2020-03-06,1615831.0629398015
2020-03-09,1539395.549149816
2020-03-10,1380474.2605819383
2020-03-11,1414679.1007774833
2020-03-12,1291496.2911200686
2020-03-13,1144707.0468949014
2020-03-16,1199885.8817743708
2020-03-17,1103415.5810586507
2020-03-18,1077277.8286222962
2020-03-19,1112816.4402458572
2020-03-20,1147561.5918950753
2020-03-23,1151800.8211559062
2020-03-24,1095502.4983888282
2020-03-25,1208303.9006558354
2020-03-26,1215265.4203370605
2020-03-27,1273773.9481033366
2020-03-30,1226914.5178097668
2020-03-31,1278261.3539638866
2020-04-01,1235360.6384944331
2020-04-02,1155684.1106048026
2020-04-03,1172183.3881057478
2020-04-06,1165006.6817661775
2020-04-07,1241327.279998183
2020-04-08,1248508.5669783198
2020-04-09,1315483.0128191947
2020-04-13,1346857.4920185595
2020-04-14,1337819.245694919
2020-04-15,1370799.0730553188
2020-04-16,1321783.8224012356
2020-04-17,1320591.280002218
2020-04-20,1395217.689217195
2020-04-21,1378895.1029681007
2020-04-22,1333328.6583790223
2020-04-23,1376588.7754948873
2020-04-24,1379827.8967130035
2020-04-27,1415054.9689984801
2020-04-28,1455556.1808179158
2020-04-29,1446675.9389616072
2020-04-30,1451492.9499131357
2020-05-01,1428148.216069829
2020-05-04,1425932.9466733537
2020-05-05,1454961.7092778115
2020-05-06,1469111.883047589
2020-05-07,1485297.3107074548
2020-05-08,1492680.5099879291
2020-05-11,1566163.253665096
2020-05-12,1557131.3556450042
2020-05-13,1496499.6902139469
2020-05-14,1469783.1088343922
2020-05-15,1517281.056438036
2020-05-18,1505802.8682171425
2020-05-19,1536055.2120229115
2020-05-20,1518807.6152257302
2020-05-21,1538225.6525517046
2020-05-22,1528395.8895840177
2020-05-26,1526921.2030837531
2020-05-27,1532888.7086854577
2020-05-28,1530567.704798807
2020-05-29,1526379.3459305423
2020-06-01,1568543.0258676943
2020-06-02,1566898.3418145482
2020-06-03,1557826.0376947378
2020-06-04,1564075.8269666492
2020-06-05,1562746.8114833706
2020-06-08,1634560.2452182483
2020-06-09,1626150.7687531174
2020-06-10,1623427.844433128
2020-06-11,1631229.0478997382
2020-06-12,1547588.8708570665
2020-06-15,1622447.6887179136
2020-06-16,1637239.5401894096
2020-06-17,1648639.1285946644
2020-06-18,1674738.8865033826
2020-06-19,1704272.7810452997
2020-06-22,1721710.3690209694
2020-06-23,1738012.8228242206
2020-06-24,1757533.8002018626
2020-06-25,1750103.1830600542
2020-06-26,1724735.8668565475
2020-06-29,1681661.9163147213
2020-06-30,1722373.80335082
2020-07-01,1728757.2811134811
2020-07-02,1749233.3101882392
2020-07-06,1762078.7860199264
2020-07-07,1784853.0818967626
2020-07-08,1778826.2535837993
2020-07-09,1767509.378589987
2020-07-10,1762998.20700646
2020-07-13,1719358.3300439229
2020-07-14,1720382.413893937
2020-07-15,1719059.7553821132
2020-07-16,1704887.2959533606
2020-07-17,1718757.7152704373
2020-07-20,1755674.5251087912
2020-07-21,1785513.3325341293
2020-07-22,1760425.218433328
2020-07-23,1750416.8931903807
2020-07-24,1710207.2629347767
2020-07-27,1709655.4027779158
2020-07-28,1705847.613182673
2020-07-29,1668240.6193865621
2020-07-30,1697518.0556516778
2020-07-31,1652581.2594794305
2020-08-03,1728164.1138493046
2020-08-04,1730337.7733681402
2020-08-05,1713826.4371219657
2020-08-06,1672479.227952864
2020-08-07,1698911.9810802734
2020-08-10,1718801.912786633
2020-08-11,1710035.2013899288
2020-08-12,1692897.0777753307
2020-08-13,1707145.6713658595
2020-08-14,1709247.4213165718
2020-08-17,1701713.8493041939
2020-08-18,1695702.7909262353
2020-08-19,1697514.321316423
2020-08-20,1634179.5703573455
2020-08-21,1582366.9879066458
2020-08-24,1541121.892110876
2020-08-25,1566194.4172029418
2020-08-26,1568919.3410447235
2020-08-27,1530642.6585944705
2020-08-28,1543874.8528904058
2020-08-31,1562586.940454498
2020-09-01,1588217.0815314564
2020-09-02,1592694.2806360975
2020-09-03,1564213.6665696716
2020-09-04,1506409.5446886339
2020-09-08,1499146.2834385606
2020-09-09,1507517.3456098635
2020-09-10,1557389.6708432634
2020-09-11,1526612.2410126473
2020-09-14,1544177.7077452957
2020-09-15,1556680.086338388
2020-09-16,1582350.6143842358
2020-09-17,1601331.2148808197
2020-09-18,1632907.8834243203
2020-09-21,1629824.847240391
2020-09-22,1617133.6630571617
2020-09-23,1578662.4047050187
2020-09-24,1541480.291968508
2020-09-25,1590898.704473593
2020-09-28,1617968.5323380488
2020-09-29,1690799.8015364888
2020-09-30,1663104.8450272107
2020-10-01,1684970.1081862603
2020-10-02,1689157.195527612
2020-10-05,1716255.7335655936
2020-10-06,1763477.2037281313
2020-10-07,1759878.789035568
2020-10-08,1783695.831843871
2020-10-09,1825451.7820281873
2020-10-12,1787554.2613612225
2020-10-13,1834310.0838735416
2020-10-14,1825579.0246983047
2020-10-15,1819375.7477000423
2020-10-16,1817104.416474802
2020-10-19,1801287.5843404096
2020-10-20,1794695.8111939782
2020-10-21,1745415.2744161298
2020-10-22,1729261.2593851546
2020-10-23,1753856.6188835972
2020-10-26,1722091.0408471837
2020-10-27,1697105.316581758
2020-10-28,1709137.680932826
2020-10-29,1636799.6026015296
2020-10-30,1638987.2879806333
2020-11-02,1590722.7411631842
2020-11-03,1633351.353699167
2020-11-04,1653743.7209696919
2020-11-05,1734768.3284847303
2020-11-06,1754263.0137633577
2020-11-09,1562998.8379128668
2020-11-10,1590342.329328581
2020-11-11,1613178.1071045294
2020-11-12,1665001.7741536421
2020-11-13,1623225.2112219725
2020-11-16,1619213.1430003587
2020-11-17,1678354.5716470033
2020-11-18,1687287.9606143704
2020-11-19,1746564.6387849906
2020-11-20,1831941.701053511
2020-11-23,1915140.3219619903
2020-11-24,1792122.8532612019
2020-11-25,1841468.660738149
2020-11-27,1895198.8198782788
2020-11-30,1906146.8979936154
2020-12-01,1824993.6131725463
2020-12-02,1836007.6244365606
2020-12-03,1834039.551922832
2020-12-04,1822047.7144027061
2020-12-07,1862173.231866083
2020-12-08,1917886.4796628375
2020-12-09,1899001.9741525524
2020-12-10,1892161.7376166165
2020-12-11,1873213.6903136834
2020-12-14,1879835.4155437446
2020-12-15,1886565.7226394697
2020-12-16,1941680.9438949395
2020-12-17,1985064.9699774852
2020-12-18,2005557.432673422
2020-12-21,2087488.2209722016
2020-12-22,2228039.522745655
2020-12-23,2198773.6123566423
2020-12-24,2207112.478599132
2020-12-28,2159753.421293107
2020-12-29,2094926.6696227558
2020-12-30,2140098.888981148
2020-12-31,2072462.110015645
2021-01-04,2063771.3141770624
2021-01-05,2056523.2131233024
2021-01-06,2103754.273817681
2021-01-07,2205616.878176892
2021-01-08,2200844.371242202
2021-01-11,2289314.9450536803
2021-01-12,2318837.262081391
2021-01-13,2297850.6069853883
2021-01-14,2359322.6202322706
2021-01-15,2257280.041610028
2021-01-19,2285428.320707936
2021-01-20,2345135.4731199373
2021-01-21,2449179.1727764746
2021-01-22,2494099.5606241724
2021-01-25,2550505.3662424483
2021-01-26,2680453.259308409
2021-01-27,2619405.6599947005
2021-01-28,2479569.552235283
2021-01-29,2555494.251513823
2021-02-01,2538165.553193331
2021-02-02,2559060.2100231717
2021-02-03,2704425.650078596
2021-02-04,2742013.579720481
2021-02-05,2756435.1197069557
2021-02-08,2894255.6245565284
2021-02-09,3076646.198798251
2021-02-10,3038299.105707954
2021-02-11,2928312.3620586805
2021-02-12,2923063.3670200724
2021-02-16,2926351.191166377
2021-02-17,2848162.3058841876
2021-02-18,2730599.5361727807
2021-02-19,2785480.4041860057
2021-02-22,2683842.5499770558
2021-02-23,2436836.6761153853
2021-02-24,2469551.2468965016
2021-02-25,2424931.638603826
2021-02-26,2367784.418070242
2021-03-01,2447799.5866137254
2021-03-02,2490579.482861155
2021-03-03,2364085.3419412985
2021-03-04,2181256.138495811
2021-03-05,2087934.4216785217
2021-03-08,2123779.725326124
2021-03-09,2229027.845683206
2021-03-10,2263247.337064432
2021-03-11,2392339.703141844
2021-03-12,2420106.5785844387
2021-03-15,2441295.4590055216
2021-03-16,2371076.7658999185
2021-03-17,2399923.562049072
2021-03-18,2339750.296006926
2021-03-19,2358332.048865247
2021-03-22,2316879.542945437
2021-03-23,2243463.9363038335
2021-03-24,2103075.4441830153
2021-03-25,2103376.746290128
2021-03-26,2051802.768364394
2021-03-29,2068270.8296358197
2021-03-30,2094675.554024308
2021-03-31,2142161.5139768375
2021-04-01,2170345.990812956
2021-04-05,2120964.096414571
2021-04-06,2193197.2996073756
2021-04-07,2135621.218688799
2021-04-08,2172920.8274930166
2021-04-09,2147600.219678224
2021-04-12,2092828.027607564
2021-04-13,2067666.1982025146
2021-04-14,2067939.9889599206
2021-04-15,1963461.6754008702
2021-04-16,1971918.9370132333
2021-04-19,1936970.0277677746
2021-04-20,1874877.4666102745
2021-04-21,1926300.1490742331
2021-04-22,2006295.3207356457
2021-04-23,1992081.9061922561
2021-04-26,2077983.0285715857
2021-04-27,2091636.4566612584
2021-04-28,2117924.479611015
2021-04-29,2069235.8698402778
2021-04-30,2069698.6491586068
2021-05-03,2008559.1655455409
2021-05-04,2006135.0125715549
2021-05-05,1981483.0738235123
2021-05-06,1926438.7927224427
2021-05-07,1945670.5285385973
2021-05-10,1932271.1073479955
2021-05-11,1926404.3287279315
2021-05-12,1912177.9876833586
2021-05-13,1759214.529852605
2021-05-14,1836284.499626401
2021-05-17,1918728.6384117566
2021-05-18,1994903.1865003246
2021-05-19,1952170.7180176734
2021-05-20,1952643.483091805
2021-05-21,2006197.7523621789
2021-05-24,1971593.4546261476
2021-05-25,1999311.5487124058
2021-05-26,2029152.1300378025
2021-05-27,2080871.9568940091
2021-05-28,2039780.1512496297
2021-06-01,2084277.351772634
2021-06-02,2102915.615770548
2021-06-03,2120268.1873839446
2021-06-04,2077758.7126311793
2021-06-07,2172121.090077087
2021-06-08,2203791.2415821617
2021-06-09,2230779.2055951874
2021-06-10,2169040.572913976
2021-06-11,2198978.3355496004
2021-06-14,2199002.4647399387
2021-06-15,2210667.0510681705
2021-06-16,2269075.381275113
2021-06-17,2233845.563729568
2021-06-18,2264570.4763571727
2021-06-21,2246569.6854540096
2021-06-22,2216764.318909682
2021-06-23,2275153.2812372684
2021-06-24,2266396.5938617606
2021-06-25,2266840.28855693
2021-06-28,2251423.949750591
2021-06-29,2242921.2474293923
2021-06-30,2252021.323559204
2021-07-01,2209734.7351176427
2021-07-02,2158875.266867551
2021-07-06,2163537.4945134437
2021-07-07,2096005.7378187673
2021-07-08,2164280.9542998155
2021-07-09,2161158.105037502
2021-07-12,2185137.7187596466
2021-07-13,2180574.692628449
2021-07-14,2071969.8882590928
2021-07-15,2074866.4287841916
2021-07-16,2040298.640735147
2021-07-19,2055359.1329741091
2021-07-20,2034234.5401226694
2021-07-21,2089186.4408317555
2021-07-22,2110358.111744526
2021-07-23,2055120.306954572
2021-07-26,2054697.6998763343
2021-07-27,2020208.8457389006
2021-07-28,2060133.6987332033
2021-07-29,2045084.5303624677
2021-07-30,2058881.4124682932
2021-08-02,2066682.6568423936
2021-08-03,1984993.4583885556
2021-08-04,1935582.4698228375
2021-08-05,1921834.935711465
2021-08-06,1963441.1848973571
2021-08-09,1962880.015266737
2021-08-10,1982412.8262905478
2021-08-11,1923513.7927555053
2021-08-12,1924674.7546519183
2021-08-13,1863976.3353012544
2021-08-16,1847134.1576405643
2021-08-17,1833490.8086759166
2021-08-18,1831034.7322587527
2021-08-19,1782529.819384346
2021-08-20,1758476.1971979751
2021-08-23,1800628.51159722
2021-08-24,1866283.9945285916
2021-08-25,1881207.1796072545
2021-08-26,1885781.8117544819
2021-08-27,1903256.7280270695
2021-08-30,1890441.225552025
2021-08-31,1900655.147741057
2021-09-01,1914840.0041021795
2021-09-02,1945512.0566071747
2021-09-03,1917858.9396428943
2021-09-07,1909230.647479416
2021-09-08,1874694.258928681
2021-09-09,1905374.2169560622
2021-09-10,1891204.1436758211
2021-09-13,1826816.4849038154
2021-09-14,1849450.8944151024
2021-09-15,1817909.9235358236
2021-09-16,1842249.0158233393
2021-09-17,1869080.7332138743
2021-09-20,1818688.0135147625
2021-09-21,1818800.3884951088
2021-09-22,1823563.480844656
2021-09-23,1841885.858621639
2021-09-24,1845469.8621372038
2021-09-27,1885145.6907933685
2021-09-28,1865827.793559345
2021-09-29,1797295.006519287
2021-09-30,1808914.1004050737
2021-10-01,1766129.8390926078
2021-10-04,1792723.4587240645
2021-10-05,1751160.899164648
2021-10-06,1728896.4551665762
2021-10-07,1754366.6277683116
2021-10-08,1755735.710505299
2021-10-11,1753265.5524922172
2021-10-12,1736996.5507289278
2021-10-13,1722840.5560597756
2021-10-14,1675320.9178569845
2021-10-15,1687249.1416367115
2021-10-18,1674361.898625498
2021-10-19,1681030.459602985
2021-10-20,1693322.9815561774
2021-10-21,1683187.8430127397
2021-10-22,1688507.2840498483
2021-10-25,1711622.3637580578
2021-10-26,1701411.761565917
2021-10-27,1678264.0096014475
2021-10-28,1634395.3637839162
2021-10-29,1664121.7002128693
2021-11-01,1722407.7288279594
2021-11-02,1744778.1640962414
2021-11-03,1745267.2290382495
2021-11-04,1738716.1805641777
2021-11-05,1754415.7764001242
2021-11-08,1766169.3290880336
2021-11-09,1751385.9926850828
2021-11-10,1705240.112383756
2021-11-11,1704037.6077953847
2021-11-12,1695122.631465634
2021-11-15,1684236.6295802828
2021-11-16,1663003.6908309825
2021-11-17,1654248.217768025
2021-11-18,1628207.0841977217
2021-11-19,1602795.0811385831
2021-11-22,1587001.1196381398
2021-11-23,1581283.8774912031
2021-11-24,1610896.9935534035
2021-11-26,1599009.3368404256
2021-11-29,1507221.8707887495
2021-11-30,1540348.4705042304
2021-12-01,1473049.4927905214
2021-12-02,1457025.8951551355
2021-12-03,1438279.3104258878
2021-12-06,1432297.4182102254
2021-12-07,1474687.939230856
2021-12-08,1550370.0232829915
2021-12-09,1523700.7630144279
2021-12-10,1488683.6827972173
2021-12-13,1469894.9575510614
2021-12-14,1441922.3206779014
2021-12-15,1422026.0498508506
2021-12-16,1425818.846163057
2021-12-17,1440757.7719369666
2021-12-20,1407160.6964854335
2021-12-21,1402118.6643268114
2021-12-22,1425393.9209129855
2021-12-23,1450974.5012074078
2021-12-27,1459458.4520892496
2021-12-28,1460757.3244231904
2021-12-29,1455946.8833137688
2021-12-30,1467649.1318967321
2021-12-31,1452509.7433044312
2022-01-03,1463141.8420843165
2022-01-04,1469025.7705849402
2022-01-05,1439626.7198151683
2022-01-06,1416034.8747373992
2022-01-07,1392794.9047246107
2022-01-10,1385374.8293706542
2022-01-11,1416354.3058362347
2022-01-12,1427215.8396286336
2022-01-13,1434576.9774441025
2022-01-14,1416709.6402915816
2022-01-18,1436715.3851630806
2022-01-19,1388999.3244184915
2022-01-20,1375998.8677119517
2022-01-21,1350440.3090327384
2022-01-24,1288701.2289043244
2022-01-25,1338564.289395898
2022-01-26,1315756.7126412375
2022-01-27,1299915.5860648907
2022-01-28,1254370.2008371244
2022-01-31,1314896.8232061027
2022-02-01,1368579.6867938258
2022-02-02,1342792.6412237284
2022-02-03,1360195.652309856
2022-02-04,1337854.4570293007
2022-02-07,1356107.048746388
2022-02-08,1342496.5936471592
2022-02-09,1363574.942699698
2022-02-10,1416047.3592278925
2022-02-11,1412638.9984942987
2022-02-14,1371824.2835153611
2022-02-15,1363842.381592204
2022-02-16,1397073.1149350514
2022-02-17,1412356.4026278032
2022-02-18,1362394.7477481966
2022-02-22,1339736.9693104462
2022-02-23,1342014.4109784337
2022-02-24,1305290.2268435971
2022-02-25,1323132.0493970993
2022-02-28,1377369.9837858388
2022-03-01,1396167.145011717
2022-03-02,1379986.1913986055
2022-03-03,1416176.7092371925
2022-03-04,1434874.4334276887
2022-03-07,1434900.614095945
2022-03-08,1414313.829424561
2022-03-09,1370616.4931208242
2022-03-10,1430386.007526312
2022-03-11,1439298.728687715
2022-03-14,1377646.8463791416
2022-03-15,1333392.3237741955
2022-03-16,1359048.921771157
2022-03-17,1417491.9163471677
2022-03-18,1415442.9739518291
2022-03-21,1444759.6071599794
2022-03-22,1434330.6813074178
2022-03-23,1473547.379502199
2022-03-24,1437237.809304331
2022-03-25,1477068.5118252363
2022-03-28,1458026.0041317616
2022-03-29,1462192.0115479992
2022-03-30,1475015.2979537172
2022-03-31,1480373.320656979
2022-04-01,1465830.4058954387
2022-04-04,1458492.9678717453
2022-04-05,1457800.3721677866
2022-04-06,1435131.7081032053
2022-04-07,1422307.0600323179
2022-04-08,1444393.0988268375
2022-04-11,1445372.2289827853
2022-04-12,1432766.7705402146
2022-04-13,1470703.0300514908
2022-04-14,1515230.4396940304
2022-04-18,1497443.609215383
2022-04-19,1487184.5263656122
2022-04-20,1527664.6031624605
2022-04-21,1501335.9131692548
2022-04-22,1484742.783830642
2022-04-25,1424009.3520199426
2022-04-26,1448343.4377112356
2022-04-27,1417803.881273909
2022-04-28,1411917.952788076
2022-04-29,1452557.5445732544
2022-05-02,1393994.1005583305
2022-05-03,1425854.8906690453
2022-05-04,1440539.2145723726
2022-05-05,1475293.5774630248
2022-05-06,1426185.6909715154
2022-05-09,1328123.3592482845
2022-05-10,1281026.913522622
2022-05-11,1305138.3769082904
2022-05-12,1287212.7458910784
2022-05-13,1310561.9458753888
2022-05-16,1371620.259052013
2022-05-17,1361546.589009104
2022-05-18,1404094.5834744142
2022-05-19,1366299.8592515197
2022-05-20,1354456.1932132212
2022-05-23,1362301.3108161574
2022-05-24,1370047.036577264
2022-05-25,1379964.1281810515
2022-05-26,1392179.737710438
2022-05-27,1433304.8843163736
2022-05-31,1440862.0839587136
2022-06-01,1467367.6062179965
2022-06-02,1445830.568412704
2022-06-03,1503066.712103978
2022-06-06,1479885.5326600655
2022-06-07,1500036.6708686012
2022-06-08,1507023.3037275085
2022-06-09,1491629.8463970548
2022-06-10,1477184.5778570063
2022-06-13,1396124.0855647458
2022-06-14,1362074.9000911806
2022-06-15,1365553.3158616675
2022-06-16,1357569.4622336028
2022-06-17,1296524.7826425005
2022-06-21,1289212.9095761473
2022-06-22,1294260.734449744
2022-06-23,1269236.0435112366
2022-06-24,1258740.4174936553
2022-06-27,1324700.324743281
2022-06-28,1331256.4538854132
2022-06-29,1292393.0117224397
2022-06-30,1289218.9891750189
2022-07-01,1265351.8625206342
2022-07-05,1255246.8496716083
2022-07-06,1239574.3667533495
2022-07-07,1263894.500119864
2022-07-08,1254411.1056622583
2022-07-11,1242662.9720532254
2022-07-12,1227056.9891583766
2022-07-13,1239555.2544174108
2022-07-14,1212098.950290982
2022-07-15,1219264.9981912957
2022-07-18,1251089.239096784
2022-07-19,1256152.3785376183
2022-07-20,1293480.1955792424
2022-07-21,1282911.2323700404
2022-07-22,1284189.0186650683
2022-07-25,1295705.7883922954
2022-07-26,1311773.72717932
2022-07-27,1315203.7587392062
2022-07-28,1339277.1112631792
2022-07-29,1353822.9429964214
2022-08-01,1370912.8569936694
2022-08-02,1387299.2553191602
2022-08-03,1372472.4385222543
2022-08-04,1420532.5517644817
2022-08-05,1441726.5136542586
2022-08-08,1429685.586705814
2022-08-09,1408798.7471128139
2022-08-10,1398667.9516625605
2022-08-11,1425599.930399878
2022-08-12,1422261.7724100344
2022-08-15,1435282.5121576935
2022-08-16,1449132.7661525214
2022-08-17,1460380.2442999026
2022-08-18,1466099.352551633
2022-08-19,1479423.5716390065
2022-08-22,1485660.5985169923
2022-08-23,1468539.0827953217
2022-08-24,1467960.125623098
2022-08-25,1472875.347125281
2022-08-26,1503991.7415836712
2022-08-29,1473288.5549222233
2022-08-30,1438927.1406558296
2022-08-31,1430756.12908359
2022-09-01,1384692.7187062595
2022-09-02,1406811.5203469188
2022-09-06,1391284.6019252548
2022-09-07,1356124.8116431404
2022-09-08,1374877.7839697294
2022-09-09,1392522.5356355463
2022-09-12,1420118.6274581093
2022-09-13,1453634.9654827435
2022-09-14,1401972.742101126
2022-09-15,1400431.3471452885
2022-09-16,1360791.6420662026
2022-09-19,1346532.8319747576
2022-09-20,1361474.3657771568
2022-09-21,1342129.730756947
2022-09-22,1286763.405469956
2022-09-23,1246776.374053135
2022-09-26,1222963.0352004243
2022-09-27,1231636.9023890016
2022-09-28,1237899.5419266343
2022-09-29,1249608.9683819306
2022-09-30,1240023.374591863
2022-10-03,1225614.4798264268
2022-10-04,1239465.6078881824
2022-10-05,1272324.796380009
2022-10-06,1284542.1918653273
2022-10-07,1289447.011951982
2022-10-10,1265794.302424874
2022-10-11,1262844.270635208
2022-10-12,1262612.255207356
2022-10-13,1265753.0627271219
2022-10-14,1291225.1163411327
2022-10-17,1273292.6330105301
2022-10-18,1285991.5962097037
2022-10-19,1292845.854858542
2022-10-20,1292755.6343163901
2022-10-21,1273621.2623446472
2022-10-24,1282253.1305864463
2022-10-25,1296202.8739633823
2022-10-26,1330593.1691726246
2022-10-27,1322352.4084355938
2022-10-28,1304132.926006152
2022-10-31,1281924.075877885
2022-11-01,1297053.2316094204
2022-11-02,1293087.6434049313
2022-11-03,1280863.127717155
2022-11-04,1258078.6391106432
2022-11-07,1256089.7815570373
2022-11-08,1258351.5460608725
2022-11-09,1258725.4382406026
2022-11-10,1231560.05173859
2022-11-11,1277330.8279171523
2022-11-14,1280673.6804534334
2022-11-15,1270369.6830316787
2022-11-16,1271992.7302034015
2022-11-17,1260363.9953477043
2022-11-18,1260093.7990658844
2022-11-21,1268476.152961435
2022-11-22,1269546.2024130458
2022-11-23,1275214.39830154
2022-11-25,1285532.4398450407
2022-11-28,1281980.4178415763
2022-11-29,1281418.3604012188
2022-11-30,1261381.545508473
2022-12-01,1295654.3036028182
2022-12-02,1306685.547620533
2022-12-05,1294216.0136978326
2022-12-06,1277434.2254086176
2022-12-07,1301171.7708749454
2022-12-08,1301851.6958887877
2022-12-09,1300729.3013541605
2022-12-12,1297608.1603235456
2022-12-13,1320644.6147335959
2022-12-14,1328004.6065051605
2022-12-15,1329450.852856843
2022-12-16,1307432.7592463244
2022-12-19,1285947.9465137504
2022-12-20,1304620.5399376235
2022-12-21,1310207.530565228
2022-12-22,1335067.3629080977
2022-12-23,1322821.8810285837
2022-12-27,1328361.245904293
2022-12-28,1315820.5620048218
2022-12-29,1309116.2521104203
2022-12-30,1341757.981102923
2023-01-03,1303975.7245425903
2023-01-04,1294203.5435226168
2023-01-05,1303283.1235161189
2023-01-06,1303448.6292343151
2023-01-09,1333347.865848327
2023-01-10,1347491.0187584131
2023-01-11,1344537.899911384
2023-01-12,1381372.3455260873
2023-01-13,1387890.223958184
2023-01-17,1394550.9151061936
2023-01-18,1384078.9505917984
2023-01-19,1375363.4499092484
2023-01-20,1355480.9916870275
2023-01-23,1347674.4182275676
2023-01-24,1366045.8455527443
2023-01-25,1363134.8173623227
2023-01-26,1350828.3271770377
2023-01-27,1364297.8645070863
2023-01-30,1352792.3503772349
2023-01-31,1335699.9330374887
2023-02-01,1356176.9269915754
2023-02-02,1358825.8323346865
2023-02-03,1390057.6116631385
2023-02-06,1382172.035582835
2023-02-07,1388521.8644977768
2023-02-08,1389700.1604661108
2023-02-09,1386809.03750933
2023-02-10,1383690.477265766
2023-02-13,1373110.5539542239
2023-02-14,1402145.8116139425
2023-02-15,1359108.4606308553
2023-02-16,1388156.764723234
2023-02-17,1392170.8266548675
2023-02-21,1367569.905595698
2023-02-22,1337600.1346559098
2023-02-23,1339486.7317028318
2023-02-24,1347510.7402770838
2023-02-27,1347675.7699711495
2023-02-28,1350227.982064762
2023-03-01,1372334.9487636187
2023-03-02,1370556.4982635297
2023-03-03,1383677.1198917946
2023-03-06,1375003.5374133927
2023-03-07,1367014.324273535
2023-03-08,1353961.6776753059
2023-03-09,1337326.1727507822
2023-03-10,1290518.2619493115
2023-03-13,1274645.6387234342
2023-03-14,1268010.9680288036
2023-03-15,1241092.536180337
2023-03-16,1211845.2062093483
2023-03-17,1215506.0856500592
2023-03-20,1203849.5506404373
2023-03-21,1213626.42585725
2023-03-22,1230796.7737182656
2023-03-23,1216002.3539784919
2023-03-24,1210914.0815895395
2023-03-27,1219373.3880152937
2023-03-28,1234361.142734675
2023-03-29,1240970.4465049074
2023-03-30,1259053.4460772164
2023-03-31,1253465.2295963387
2023-04-03,1260001.3349887854
2023-04-04,1244694.9243752505
2023-04-05,1219708.8292402138
2023-04-06,1234339.5511054902
2023-04-10,1240189.8788688944
2023-04-11,1246206.5556113375
2023-04-12,1238557.3064800375
2023-04-13,1244841.6507218191
2023-04-14,1247101.8592790938
2023-04-17,1277855.2580918868
2023-04-18,1286156.3571882397
2023-04-19,1300080.0692541758
2023-04-20,1286103.0537622783
2023-04-21,1289737.5097194947
2023-04-24,1286472.0235293813
2023-04-25,1256720.6812707586
2023-04-26,1255149.1611825123
2023-04-27,1224911.390434882
2023-04-28,1244310.5375664593
2023-05-01,1292182.5200328731
2023-05-02,1295568.058785484
2023-05-03,1298369.221072166
2023-05-04,1246868.9602043794
2023-05-05,1255974.764642843
2023-05-08,1279365.2391551072
2023-05-09,1286409.3484548426
2023-05-10,1282636.4707966733
2023-05-11,1274003.2878446982
2023-05-12,1273253.7936703805
2023-05-15,1276426.057056011
2023-05-16,1287541.2827639524
2023-05-17,1316422.716700407
2023-05-18,1291643.2430693952
2023-05-19,1336571.06223666
2023-05-22,1353592.6397428797
2023-05-23,1361570.2740705132
2023-05-24,1330861.0695621984
2023-05-25,1265137.393032172
2023-05-26,1256425.3680783221
2023-05-30,1236539.351816612
2023-05-31,1225710.59359767
2023-06-01,1246731.7025708219
2023-06-02,1245172.4744104303
2023-06-05,1266955.3623197353
2023-06-06,1239796.6547242622
2023-06-07,1247156.3718719112
2023-06-08,1231587.1131747097
2023-06-09,1216087.681902615
2023-06-12,1222024.8879275937
2023-06-13,1245816.0712068814
2023-06-14,1223041.3661444015
2023-06-15,1220328.216124647
2023-06-16,1228069.125381629
2023-06-20,1238862.5076297286
2023-06-21,1226850.900673903
2023-06-22,1216238.0690321918
2023-06-23,1196887.5231748654
2023-06-26,1178205.4845858875
2023-06-27,1153503.20057766
2023-06-28,1181282.7374511468
2023-06-29,1169685.3335650817
2023-06-30,1175014.4061455282
2023-07-03,1175665.2536307243
2023-07-05,1179376.8634412491
2023-07-06,1172786.1044399233
2023-07-07,1163318.3999769795
2023-07-10,1183138.314857791
2023-07-11,1179527.7577515072
2023-07-12,1178827.0792521539
2023-07-13,1171495.7236797127
2023-07-14,1162654.7329996363
2023-07-17,1177254.6048031047
2023-07-18,1169853.1930129875
2023-07-19,1163927.274973073
2023-07-20,1174958.5508152118
2023-07-21,1164004.7952596464
2023-07-24,1139679.7321594127
2023-07-25,1125097.678505413
2023-07-26,1123197.1986907434
2023-07-27,1114222.3654651635
2023-07-28,1133299.3746020757
2023-07-31,1140219.5049586503
2023-08-01,1133877.7411576
2023-08-02,1141997.9631719259
2023-08-03,1124028.8526868087
2023-08-04,1115155.6022240617
2023-08-07,1115745.478808879
2023-08-08,1142064.7654231759
2023-08-09,1159623.1123892309
2023-08-10,1141300.7428772952
2023-08-11,1146616.4414411222
2023-08-14,1145776.91485695
2023-08-15,1130023.5837520154
2023-08-16,1108802.5693453401
2023-08-17,1108701.132088189
2023-08-18,1094862.962150511
2023-08-21,1104493.8303622417
2023-08-22,1098800.9658356982
2023-08-23,1102461.4110101655
2023-08-24,1106376.1397418582
2023-08-25,1085909.7361991256
2023-08-28,1089245.7199716577
2023-08-29,1096175.4058377193
2023-08-30,1118301.7112592813
2023-08-31,1118536.5622021614
2023-09-01,1121270.5735459852
2023-09-05,1104489.8254529927
2023-09-06,1104342.114023809
2023-09-07,1091414.0489175494
2023-09-08,1089807.3538519326
2023-09-11,1095090.1820091074
2023-09-12,1103276.1275119986
2023-09-13,1086301.0474884398
2023-09-14,1097784.7557458754
2023-09-15,1104289.3734906646
2023-09-18,1097727.19699327
2023-09-19,1105292.9488962102
2023-09-20,1096296.7779288164
2023-09-21,1096155.5242955154
2023-09-22,1082053.4985598351
2023-09-25,1076080.526939581
2023-09-26,1090796.129921106
2023-09-27,1082557.4380110304
2023-09-28,1078615.5421267687
2023-09-29,1077887.4502740954
2023-10-02,1043856.2004649816
2023-10-03,1040281.8885070975
2023-10-04,1019465.923433945
2023-10-05,1034886.4668018633
2023-10-06,1029385.5481055161
2023-10-09,1036788.1331145276
2023-10-10,1021970.9852507352
2023-10-11,1020460.1274577224
2023-10-12,1005416.2981987416
2023-10-13,998913.8816015647
2023-10-16,992248.6219704894
2023-10-17,1016133.4654930653
2023-10-18,1011272.0851124229
2023-10-19,999323.2265919317
2023-10-20,996727.5199376536
2023-10-23,978437.641936071
2023-10-24,980128.8890571569
2023-10-25,982626.0154733994
2023-10-26,977259.5455741235
2023-10-27,970269.2535740213
2023-10-30,966879.148528445
2023-10-31,969224.8068213526
2023-11-01,973531.0440463189
2023-11-02,1038698.1750398743
2023-11-03,1063348.874477227
2023-11-06,1077920.130451224
2023-11-07,1082116.1444275193
2023-11-08,1086843.135001184
2023-11-09,1102005.797723082
2023-11-10,1065409.7596992597
2023-11-13,1060786.9799928775
2023-11-14,1077735.7639898031
2023-11-15,1107529.3795107608
2023-11-16,1092058.590864672
2023-11-17,1070575.8209121285
2023-11-20,1077603.1339432702
2023-11-21,1074499.7224112435
2023-11-22,1069274.870409906
2023-11-24,1083628.5284004866
2023-11-27,1093282.2019007304
2023-11-28,1087188.4013063805
2023-11-29,1097486.741226936
2023-11-30,1095288.328048816
2023-12-01,1105760.2810159186
2023-12-04,1110175.9558565016
2023-12-05,1102070.0893262515
2023-12-06,1101151.0581345072
2023-12-07,1095882.5204245606
2023-12-08,1098404.2665535146
2023-12-11,1084567.1080044352
2023-12-12,1101528.2375012324
2023-12-13,1110139.9266092102
2023-12-14,1127135.8737418377
2023-12-15,1127974.5610358063
2023-12-18,1106134.9009209562
2023-12-19,1122122.4462590346
2023-12-20,1124989.9400576095
2023-12-21,1120772.296785226
2023-12-22,1145188.168683906
2023-12-26,1180626.3269081316
2023-12-27,1205654.4700489333
2023-12-28,1206574.0435492285
2023-12-29,1193131.006125947
2024-01-02,1172466.7760369147
2024-01-03,1158962.5505594343
2024-01-04,1167000.4012975735
2024-01-05,1156541.0000332186
2024-01-08,1212952.2286479354
2024-01-09,1241014.616716377
2024-01-10,1226109.3635219417
2024-01-11,1219021.799130025
2024-01-12,1225178.8262424425
2024-01-16,1229781.4901086392
2024-01-17,1218338.4012295648
2024-01-18,1174505.1895098984
2024-01-19,1179182.711617467
2024-01-22,1214833.1876858266
2024-01-23,1221220.643486371
2024-01-24,1200842.3319605074
2024-01-25,1204146.7310598062
2024-01-26,1227100.5727179777
2024-01-29,1232213.0269828374
2024-01-30,1230759.9607013275
2024-01-31,1224312.4053184318
2024-02-01,1198393.5428224208
2024-02-02,1203521.7836944365
2024-02-05,1209214.099770475
2024-02-06,1208217.6015073326
2024-02-07,1218912.4435530074
2024-02-08,1251057.0002544445
2024-02-09,1256675.2325242972
2024-02-12,1280207.4124802833
2024-02-13,1256776.4043617526
2024-02-14,1241040.664291944
2024-02-15,1275587.5679876648
2024-02-16,1305158.604231452
2024-02-20,1269525.2325972456
2024-02-21,1244773.5738302127
2024-02-22,1220526.2207483714
2024-02-23,1249292.7412496728
2024-02-26,1281873.8644007954
2024-02-27,1291024.047607873
2024-02-28,1269513.4850966693
2024-02-29,1260360.8457418804
2024-03-01,1286189.7014945988
2024-03-04,1265047.7888826907
2024-03-05,1241247.2842564555
2024-03-06,1219487.8779699306
2024-03-07,1210114.6558348197
2024-03-08,1230919.325789908
2024-03-11,1191475.1816302035
2024-03-12,1181873.149688847
2024-03-13,1205306.5243821784
2024-03-14,1177344.4572603905
2024-03-15,1185882.056224093
2024-03-18,1164321.190644133
2024-03-19,1244622.0525923166
2024-03-20,1264363.0215195024
2024-03-21,1230766.090878648
2024-03-22,1214519.1937202963
2024-03-25,1207053.3976625768
2024-03-26,1212360.9723217476
2024-03-27,1216884.9888247496
2024-03-28,1228338.8664498385
2024-04-01,1224394.5273371602
2024-04-02,1206127.0302852506
2024-04-03,1195938.7516691866
2024-04-04,1213438.0482181697
2024-04-05,1192587.0310362359
2024-04-08,1203100.5446482787
2024-04-09,1198294.2295799819
2024-04-10,1188491.3447338343
2024-04-11,1182024.741505328
2024-04-12,1183556.3506391412
2024-04-15,1159771.279164039
2024-04-16,1131224.7881388185
2024-04-17,1121343.2053231243
2024-04-18,1106407.6811949979
2024-04-19,1102544.7309378828
2024-04-22,1081769.4684436303
2024-04-23,1094027.508634687
2024-04-24,1100109.8181231858
2024-04-25,1083858.1994059107
2024-04-26,1071799.7312429692
2024-04-29,1092914.4507913922
2024-04-30,1108560.908369793
2024-05-01,1093782.8884335083
2024-05-02,1111666.0628226672
2024-05-03,1141071.7571732858
2024-05-06,1144349.825043889
2024-05-07,1164944.1079242802
2024-05-08,1141372.1067122961
2024-05-09,1139727.3647818372
2024-05-10,1114464.816923831
2024-05-13,1051335.4036658546
2024-05-14,1061266.679898331
2024-05-15,1071652.4324357118
2024-05-16,1071963.6901237143
2024-05-17,1059294.1688291854
2024-05-20,1063495.1945995714
2024-05-21,1066014.3645922395
2024-05-22,1048987.5305653263
2024-05-23,1043539.1709871752
2024-05-24,1037083.4439486908
2024-05-28,1048543.9710227031
2024-05-29,1050479.1608090375
2024-05-30,1057458.4291462568
2024-05-31,1029461.8821730984
2024-06-03,1035680.53376641
2024-06-04,1011100.2891971617
2024-06-05,1024599.1109934908
2024-06-06,1022311.5245513984
2024-06-07,1029834.3332768279
2024-06-10,1031287.9513973653
2024-06-11,1021572.2294492031
2024-06-12,1020752.7043854118
2024-06-13,1026660.8749879817
2024-06-14,1017568.7826295769
2024-06-17,1003345.5507227264
2024-06-18,1003994.6134439121
2024-06-20,1013650.6169635325
2024-06-21,1019070.3870276317
2024-06-24,1005744.37531278
2024-06-25,989622.9901420007
2024-06-26,998204.0419020654
2024-06-27,1007676.8104443803
2024-06-28,1011665.9345728321
2024-07-01,1010674.7403654705
2024-07-02,995673.3691002624
2024-07-03,999808.2273139916
2024-07-05,1000102.5437952207
2024-07-08,1000732.2479240621
2024-07-09,999334.388374761
2024-07-10,1010054.125338522
2024-07-11,1041451.9541480594
2024-07-12,1038623.0676347144
2024-07-15,1056153.3468247252
2024-07-16,1072333.447663006
2024-07-17,1065236.4896531773
2024-07-18,1032050.9348286586
2024-07-19,1034337.6000895178
2024-07-22,1045685.4785752476
2024-07-23,1062835.909597763
2024-07-24,1071677.832310679
2024-07-25,1069287.9792366708
2024-07-26,1061551.3487493398
2024-07-29,1052390.8276591795
2024-07-30,1045977.110701868
2024-07-31,1017964.6031482095
2024-08-01,1006690.8890493317
2024-08-02,969680.5799014795
2024-08-05,951928.8369028374
2024-08-06,904896.7207842185
2024-08-07,881349.2675640642
2024-08-08,874026.782611661
2024-08-09,884193.2862281741
2024-08-12,888558.2550945085
2024-08-13,887289.9887400287
2024-08-14,898370.5018538509
2024-08-15,909864.4375025171
2024-08-16,922458.3274604132
2024-08-19,927048.3122859024
2024-08-20,928287.2109022093
2024-08-21,937351.0342342297
2024-08-22,928032.3872011293
2024-08-23,930477.1464765713
2024-08-26,963018.6028901936
2024-08-27,948084.7702876522
2024-08-28,944908.2863807444
2024-08-29,948402.4483636579
2024-08-30,942730.6331157108
2024-09-03,949971.55155711
2024-09-04,932926.8005315427
2024-09-05,929192.4736638848
2024-09-06,926647.3338847549
2024-09-09,912030.2459514623
2024-09-10,925992.1058690281
2024-09-11,922592.8977536496
2024-09-12,933685.397280394
2024-09-13,960050.5391006443
2024-09-16,950436.8115740727
2024-09-17,951286.6606797858
2024-09-18,949041.0102814684
2024-09-19,956689.7169161261
2024-09-20,968232.8408776964
2024-09-23,945265.5217904099
2024-09-24,940323.7992790345
2024-09-25,934774.590718678
2024-09-26,927618.358805387
2024-09-27,935842.518793209
2024-09-30,927660.1819431244
2024-10-01,931375.399151895
2024-10-02,928903.9512113648
2024-10-03,930275.1097386824
2024-10-04,934324.8381173746
2024-10-07,940464.8614371888
2024-10-08,916547.8822096692
2024-10-09,911185.4005099093
2024-10-10,924776.1138189781
2024-10-11,948511.628902321
2024-10-14,979877.864256277
2024-10-15,996524.6657456701
2024-10-16,1002890.5816239174
2024-10-17,997197.957748723
2024-10-18,1003389.4403048353
2024-10-21,996895.5998595689
2024-10-22,1000209.4554997532
2024-10-23,997049.1519858513
2024-10-24,985607.1044727226
2024-10-25,978414.0445474822
2024-10-28,995792.5454484747
2024-10-29,991155.4432758294
2024-10-30,975276.0358708396
2024-10-31,975167.7636201944
2024-11-01,982993.8008936489
2024-11-04,982962.242019841
2024-11-05,992355.972505513
2024-11-06,1030371.0363705199
2024-11-07,1061277.0439291273
2024-11-08,1102640.6216902265
2024-11-11,1139221.5174889194
2024-11-12,1132299.011520639
2024-11-13,1103816.0688883972
2024-11-14,1080447.0027543802
2024-11-15,1060917.87500135
2024-11-18,1034808.8476359295
2024-11-19,1076392.8942041209
2024-11-20,1084135.5476823172
2024-11-21,1091824.2612794328
2024-11-22,1131755.6844598055
2024-11-25,1133895.1126418551
2024-11-26,1130463.5322881194
2024-11-27,1155616.2877083
2024-11-29,1150744.2052386503
2024-12-02,1164214.664325298
2024-12-03,1152442.881102618
2024-12-04,1160846.8687422688
2024-12-05,1147412.9729323643
2024-12-06,1150906.5691982594
2024-12-09,1158581.268105794
2024-12-10,1162113.0042705764
2024-12-11,1150261.1831386364
2024-12-12,1161869.0078289537
2024-12-13,1132822.0460922006
2024-12-16,1134950.525549533
2024-12-17,1134125.795021589
2024-12-18,1136691.965967683
2024-12-19,1068188.36772345
2024-12-20,1057821.0528839803
2024-12-23,1049165.0762695456
2024-12-24,1053551.443733663
2024-12-26,1072112.8839959668
2024-12-27,1070162.0720378875
2024-12-30,1053603.1606687992
2024-12-31,1037551.1378749713
