date,portfolio_value
2010-09-30,1000079.3650793651
2010-10-01,1000158.736457546
2010-10-04,1000238.1141350426
2010-10-05,1000317.498112355
2010-10-06,1000396.888389983
2010-10-07,1000476.2849684267
2010-10-08,1000555.6878481861
2010-10-11,1000635.0970297614
2010-10-12,1000714.5125136527
2010-10-13,1000793.9343003602
2010-10-14,1000873.362390384
2010-10-15,1000952.7967842245
2010-10-18,1001032.237482382
2010-10-19,1001111.6844853568
2010-10-20,1001191.1377936492
2010-10-21,1001270.5974077599
2010-10-22,1001350.0633281891
2010-10-25,1001429.5355554373
2010-10-26,1001509.0140900052
2010-10-27,1001588.4989323933
2010-10-28,1001667.9900831021
2010-10-29,1001747.4875426325
2010-11-01,1001826.9913114851
2010-11-02,1001906.5013901605
2010-11-03,1001986.0177791597
2010-11-04,1002065.5404789834
2010-11-05,1002145.0694901325
2010-11-08,1002224.6048131079
2010-11-09,1002304.1464484105
2010-11-10,1002383.6943965413
2010-11-11,1002463.2486580014
2010-11-12,1002542.8092332918
2010-11-15,1002622.3761229134
2010-11-16,1002701.9493273676
2010-11-17,1002781.5288471555
2010-11-18,1002861.1146827783
2010-11-19,1002940.7068347372
2010-11-22,1003020.3053035336
2010-11-23,1003099.9100896688
2010-11-24,1003179.5211936441
2010-11-26,1003259.1386159611
2010-11-29,1003338.7623571211
2010-11-30,1003418.3924176256
2010-12-01,1003498.0287979762
2010-12-02,1003577.6714986744
2010-12-03,1003657.320520222
2010-12-06,1003736.9758631204
2010-12-07,1003816.6375278714
2010-12-08,1003896.3055149768
2010-12-09,1003975.9798249383
2010-12-10,1004055.6604582578
2010-12-13,1004135.347415437
2010-12-14,1004215.0406969779
2010-12-15,1004294.7403033824
2010-12-16,1004374.4462351525
2010-12-17,1004454.1584927903
2010-12-20,1004533.8770767977
2010-12-21,1004613.6019876768
2010-12-22,1004693.3332259298
2010-12-23,1004773.0707920588
2010-12-27,1004852.8146865661
2010-12-28,1004932.564909954
2010-12-29,1005012.3214627246
2010-12-30,1005092.0843453803
2010-12-31,1005171.8535584236
2011-01-03,1005251.6291023567
2011-01-04,1005331.4109776823
2011-01-05,1005411.1991849028
2011-01-06,1005490.9937245207
2011-01-07,1005570.7945970385
2011-01-10,1005650.601802959
2011-01-11,1005730.4153427846
2011-01-12,1005810.2352170182
2011-01-13,1005890.0614261624
2011-01-14,1005969.89397072
2011-01-18,1006049.7328511939
2011-01-19,1006129.5780680869
2011-01-20,1006209.4296219018
2011-01-21,1006289.2875131416
2011-01-24,1006369.1517423093
2011-01-25,1006449.022309908
2011-01-26,1006528.8992164405
2011-01-27,1006608.78246241
2011-01-28,1006688.6720483197
2011-01-31,1006768.5679746728
2011-02-01,1006848.4702419724
2011-02-02,1006928.3788507218
2011-02-03,1007008.2938014242
2011-02-04,1007088.2150945831
2011-02-07,1007168.1427307017
2011-02-08,1007248.0767102835
2011-02-09,1007328.0170338319
2011-02-10,1007407.9637018505
2011-02-11,1007487.9167148427
2011-02-14,1007567.8760733121
2011-02-15,1007647.8417777624
2011-02-16,1007727.8138286972
2011-02-17,1007807.7922266201
2011-02-18,1007887.776972035
2011-02-22,1007967.7680654455
2011-02-23,1008047.7655073554
2011-02-24,1008127.7692982687
2011-02-25,1008207.7794386892
2011-02-28,1008287.7959291209
2011-03-01,1008367.8187700676
2011-03-02,1008447.8479620336
2011-03-03,1008527.8835055226
2011-03-04,1008607.925401039
2011-03-07,1008687.9736490867
2011-03-08,1008768.0282501699
2011-03-09,1008848.089204793
2011-03-10,1008928.15651346
2011-03-11,1009008.2301766754
2011-03-14,1009088.3101949433
2011-03-15,1009168.3965687683
2011-03-16,1009248.4892986547
2011-03-17,1009328.588385107
2011-03-18,1009408.6938286297
2011-03-21,1009488.8056297272
2011-03-22,1009568.9237889042
2011-03-23,1009649.0483066653
2011-03-24,1009729.179183515
2011-03-25,1009809.3164199581
2011-03-28,1009889.4600164994
2011-03-29,1009969.6099736436
2011-03-30,1010049.7662918954
2011-03-31,1010129.9289717599
2011-04-01,1010210.0980137418
2011-04-04,1010290.2734183461
2011-04-05,1010370.4551860777
2011-04-06,1010450.6433174417
2011-04-07,1010530.837812943
2011-04-08,1010611.0386730869
2011-04-11,1010691.2458983784
2011-04-12,1010771.4594893227
2011-04-13,1010851.679446425
2011-04-14,1010931.9057701906
2011-04-15,1011012.1384611247
2011-04-18,1011092.3775197328
2011-04-19,1011172.6229465201
2011-04-20,1011252.8747419921
2011-04-21,1011333.1329066542
2011-04-25,1011413.3974410119
2011-04-26,1011493.6683455707
2011-04-27,1011573.9456208362
2011-04-28,1011654.2292673141
2011-04-29,1011734.51928551
2011-05-02,1011814.8156759294
2011-05-03,1011895.1184390783
2011-05-04,1011975.4275754624
2011-05-05,1012055.7430855874
2011-05-06,1012136.0649699593
2011-05-09,1012216.393229084
2011-05-10,1012296.7278634672
2011-05-11,1012377.0688736151
2011-05-12,1012457.4162600336
2011-05-13,1012537.7700232288
2011-05-16,1012618.1301637068
2011-05-17,1012698.4966819738
2011-05-18,1012778.8695785359
2011-05-19,1012859.2488538993
2011-05-20,1012939.6345085703
2011-05-23,1013020.0265430551
2011-05-24,1013100.42495786
2011-05-25,1013180.8297534916
2011-05-26,1013261.2409304561
2011-05-27,1013341.6584892601
2011-05-31,1013422.0824304101
2011-06-01,1013502.5127544125
2011-06-02,1013582.949461774
2011-06-03,1013663.3925530011
2011-06-06,1013743.8420286005
2011-06-07,1013824.297889079
2011-06-08,1013904.7601349432
2011-06-09,1013985.2287666999
2011-06-10,1014065.703784856
2011-06-13,1014146.1851899183
2011-06-14,1014226.6729823936
2011-06-15,1014307.167162789
2011-06-16,1014387.6677316115
2011-06-17,1014468.174689368
2011-06-20,1014548.6880365656
2011-06-21,1014629.2077737113
2011-06-22,1014709.7339013123
2011-06-23,1014790.2664198759
2011-06-24,1014870.8053299092
2011-06-27,1014951.3506319195
2011-06-28,1015031.902326414
2011-06-29,1015112.4604139002
2011-06-30,1015193.0248948855
2011-07-01,1015273.5957698772
2011-07-05,1015354.1730393828
2011-07-06,1015434.7567039097
2011-07-07,1015515.3467639656
2011-07-08,1015595.943220058
2011-07-11,1015676.5460726945
2011-07-12,1015757.1553223828
2011-07-13,1015837.7709696306
2011-07-14,1015918.3930149457
2011-07-15,1015999.0214588357
2011-07-18,1016079.6563018087
2011-07-19,1016160.2975443723
2011-07-20,1016240.9451870346
2011-07-21,1016321.5992303033
2011-07-22,1016402.2596746867
2011-07-25,1016482.9265206927
2011-07-26,1016563.5997688292
2011-07-27,1016644.2794196045
2011-07-28,1016724.9654735266
2011-07-29,1016805.6579311038
2011-08-01,1016886.3567928444
2011-08-02,1016967.0620592565
2011-08-03,1017047.7737308485
2011-08-04,1017128.4918081287
2011-08-05,1017209.2162916055
2011-08-08,1017289.9471817873
2011-08-09,1017370.6844791827
2011-08-10,1017451.4281843001
2011-08-11,1017532.1782976481
2011-08-12,1017612.9348197352
2011-08-15,1017693.6977510701
2011-08-16,1017774.4670921615
2011-08-17,1017855.242843518
2011-08-18,1017936.0250056485
2011-08-19,1018016.8135790617
2011-08-22,1018097.6085642664
2011-08-23,1018178.4099617715
2011-08-24,1018259.2177720859
2011-08-25,1018340.0319957186
2011-08-26,1018420.8526331786
2011-08-29,1018501.6796849748
2011-08-30,1018582.5131516166
2011-08-31,1018663.3530336127
2011-09-01,1018744.1993314725
2011-09-02,1018825.0520457051
2011-09-06,1018905.9111768199
2011-09-07,1018986.7767253261
2011-09-08,1019067.6486917329
2011-09-09,1019148.5270765497
2011-09-12,1019229.411880286
2011-09-13,1019310.303103451
2011-09-14,1019391.2007465545
2011-09-15,1019472.1048101059
2011-09-16,1019553.0152946146
2011-09-19,1019633.9322005904
2011-09-20,1019714.8555285428
2011-09-21,1019795.7852789816
2011-09-22,1019876.7214524164
2011-09-23,1019957.6640493571
2011-09-26,1020038.6130703134
2011-09-27,1020119.5685157952
2011-09-28,1020200.5303863123
2011-09-29,1020281.4986823747
2011-09-30,1054854.0904928627
2011-10-03,972217.9883581551
2011-10-04,931564.5296419259
2011-10-05,971518.840632331
2011-10-06,1008944.1384376114
2011-10-07,1012123.527446815
2011-10-10,964681.8262832628
2011-10-11,1030757.5579115798
2011-10-12,1043794.2325474974
2011-10-13,1091480.2478743182
2011-10-14,1073313.50664175
2011-10-17,1125035.9997269383
2011-10-18,1060873.3158139065
2011-10-19,1068483.353497192
2011-10-20,1056268.0789379333
2011-10-21,1057241.019497161
2011-10-24,1074729.7248634994
2011-10-25,1115498.5552052215
2011-10-26,1144568.311598887
2011-10-27,1159106.847351223
2011-10-28,1211940.2454919121
2011-10-31,1242541.5955620243
2011-11-01,1251794.3955436016
2011-11-02,1209919.2346096097
2011-11-03,1231860.1079942784
2011-11-04,1284399.9175790353
2011-11-07,1283762.6890614834
2011-11-08,1255199.1605761938
2011-11-09,1318776.0230454446
2011-11-10,1260635.9060303087
2011-11-11,1273726.3934498623
2011-11-14,1328011.4674705225
2011-11-15,1317662.2395905575
2011-11-16,1340581.6337008723
2011-11-17,1274312.139382904
2011-11-18,1238975.2856875483
2011-11-21,1207497.8950374664
2011-11-22,1153659.495930878
2011-11-23,1137905.6549434538
2011-11-25,1074760.705139089
2011-11-28,1086548.8937012947
2011-11-29,1132488.1874336544
2011-11-30,1138187.7973175747
2011-12-01,1203522.3494918705
2011-12-02,1200874.7792651593
2011-12-05,1209330.5917313548
2011-12-06,1235386.377949263
2011-12-07,1211839.636971427
2011-12-08,1185981.30293006
2011-12-09,1156348.8774003964
2011-12-12,1195975.7922271467
2011-12-13,1162585.4760521483
2011-12-14,1144251.2540172522
2011-12-15,1146962.244875711
2011-12-16,1165155.0461914146
2011-12-19,1168362.3330867423
2011-12-20,1133576.4163793372
2011-12-21,1184137.0304578408
2011-12-22,1184662.114696968
2011-12-23,1206936.8704834534
2011-12-27,1222814.1002114532
2011-12-28,1227547.784323309
2011-12-29,1199912.6491127808
2011-12-30,1272898.4691938853
2012-01-03,1289682.5754608647
2012-01-04,1285089.3310028312
2012-01-05,1241511.2488295983
2012-01-06,1250765.8593624723
2012-01-09,1269282.017288432
2012-01-10,1267806.5401643296
2012-01-11,1218649.524017583
2012-01-12,1241754.921154666
2012-01-13,1235391.2104201585
2012-01-17,1213978.691784493
2012-01-18,1206919.564221273
2012-01-19,1223918.3931079716
2012-01-20,1199405.7027000291
2012-01-23,1214323.9173836953
2012-01-24,1203406.1199547062
2012-01-25,1209250.4610869947
2012-01-26,1220973.4105022557
2012-01-27,1209430.9253427042
2012-01-30,1203926.7049566067
2012-01-31,1184873.5181479524
2012-02-01,1189723.3964167167
2012-02-02,1216951.1844555675
2012-02-03,1231371.955299464
2012-02-06,1256705.891385318
2012-02-07,1231217.7965263848
2012-02-08,1256604.8317077863
2012-02-09,1241977.4248621769
2012-02-10,1244403.3605466161
2012-02-13,1220593.821032642
2012-02-14,1226374.6834589834
2012-02-15,1221580.6017368957
2012-02-16,1241802.6363335548
2012-02-17,1251252.9348527724
2012-02-21,1264001.6931741028
2012-02-22,1253530.4361951016
2012-02-23,1296431.5359365512
2012-02-24,1298335.8362109142
2012-02-27,1317175.9731168686
2012-02-28,1278022.64711014
2012-02-29,1285361.5160667622
2012-03-01,1272603.1531376303
2012-03-02,1276485.8293540992
2012-03-05,1220654.6795642138
2012-03-06,1214429.2540209694
2012-03-07,1202134.9938093792
2012-03-08,1226424.1729954374
2012-03-09,1253557.2871521472
2012-03-12,1217404.2632146792
2012-03-13,1202004.867049218
2012-03-14,1205487.7483080062
2012-03-15,1228858.8507715336
2012-03-16,1257977.1211044234
2012-03-19,1250686.341954183
2012-03-20,1240693.0426699505
2012-03-21,1230734.912438894
2012-03-22,1229006.4747606243
2012-03-23,1207014.8213783647
2012-03-26,1205758.243765137
2012-03-27,1210574.9021366658
2012-03-28,1182490.7853685303
2012-03-29,1174254.2429663108
2012-03-30,1150848.5417552611
2012-04-02,1150547.1788012187
2012-04-03,1143874.8446519477
2012-04-04,1156958.1053109006
2012-04-05,1121904.966361865
2012-04-09,1133122.8092453135
2012-04-10,1160235.9477673757
2012-04-11,1157619.1384245253
2012-04-12,1178579.4588919294
2012-04-13,1198575.8834393378
2012-04-16,1179744.215296082
2012-04-17,1157303.7232519588
2012-04-18,1171412.137655145
2012-04-19,1171250.2011377928
2012-04-20,1157231.552846092
2012-04-23,1172047.2803982622
2012-04-24,1165042.816283549
2012-04-25,1167731.0785327454
2012-04-26,1198002.5567493616
2012-04-27,1211900.8184467764
2012-04-30,1201200.3035357334
2012-05-01,1173775.9454600369
2012-05-02,1173621.6271373162
2012-05-03,1154825.8802808337
2012-05-04,1143611.456776422
2012-05-07,1119071.9422973727
2012-05-08,1100948.2103169435
2012-05-09,1102746.3168006989
2012-05-10,1088300.3326982206
2012-05-11,1084891.7365746908
2012-05-14,1096726.2801233204
2012-05-15,1073696.5126747482
2012-05-16,1061721.04225634
2012-05-17,1048174.6238561744
2012-05-18,1017370.2165729136
2012-05-21,1014176.958474152
2012-05-22,1021684.2103593429
2012-05-23,1031817.3510288758
2012-05-24,1023935.1568703896
2012-05-25,1038409.5040106036
2012-05-29,1033923.2577020574
2012-05-30,1036581.7617388563
2012-05-31,1016485.9036747644
2012-06-01,999942.3471250262
2012-06-04,979074.280063428
2012-06-05,972466.6483649415
2012-06-06,974612.1953564588
2012-06-07,991562.3279405921
2012-06-08,990128.234413435
2012-06-11,986594.7995969313
2012-06-12,973323.6843072957
2012-06-13,987110.3300959652
2012-06-14,991521.9863071165
2012-06-15,999039.2144948115
2012-06-18,1004156.487320929
2012-06-19,1008147.3658984964
2012-06-20,1027323.4992906401
2012-06-21,1042503.0854914433
2012-06-22,1021865.5246051211
2012-06-25,1051870.482672267
2012-06-26,1026185.7256199761
2012-06-27,1033560.2380526203
2012-06-28,1050449.804989305
2012-06-29,1032613.7461352823
2012-07-02,1058288.6700548315
2012-07-03,1069023.150668814
2012-07-05,1090157.479896981
2012-07-06,1079848.8630298716
2012-07-09,1074586.3137864817
2012-07-10,1072780.7534166137
2012-07-11,1046061.2596459732
2012-07-12,1032298.4403729712
2012-07-13,1008344.0573204622
2012-07-16,1027929.2340321218
2012-07-17,1012658.1293174924
2012-07-18,1017743.9027046841
2012-07-19,1024328.0926266093
2012-07-20,1026504.531852339
2012-07-23,1011399.7165526773
2012-07-24,999074.4302209006
2012-07-25,986226.1447454673
2012-07-26,967370.5139052324
2012-07-27,985330.9327181377
2012-07-30,994331.012598257
2012-07-31,1003824.3057540201
2012-08-01,983084.1154078807
2012-08-02,930926.9017660345
2012-08-03,938733.6186724711
2012-08-06,972092.6623488585
2012-08-07,970705.9235552428
2012-08-08,973407.2461419747
2012-08-09,974506.3829715411
2012-08-10,972171.7455544557
2012-08-13,979884.5975910178
2012-08-14,979646.1505001511
2012-08-15,981571.1123520592
2012-08-16,981454.7865350646
2012-08-17,987766.3632919744
2012-08-20,986372.1908460612
2012-08-21,990391.8755941564
2012-08-22,977337.959226481
2012-08-23,984368.4799855343
2012-08-24,972025.75431958
2012-08-27,971313.5275230021
2012-08-28,969812.7159838862
2012-08-29,965947.717712149
2012-08-30,958270.7418873702
2012-08-31,944813.3568401658
2012-09-04,949649.6191185566
2012-09-05,946111.6793417798
2012-09-06,951035.4166140889
2012-09-07,968970.6800951255
2012-09-10,979862.4681474227
2012-09-11,983336.864139465
2012-09-12,981870.9032630585
2012-09-13,987068.0460964901
2012-09-14,1000852.6573539037
2012-09-17,993757.2803011579
2012-09-18,979679.7035101359
2012-09-19,969362.676412347
2012-09-20,956234.3450239312
2012-09-21,949881.847356542
2012-09-24,946219.9774796838
2012-09-25,940485.8183177308
2012-09-26,927131.9511258666
2012-09-27,929029.5096408899
2012-09-28,932978.4098679058
2012-10-01,926265.8645390517
2012-10-02,933098.6206958158
2012-10-03,922833.2249543812
2012-10-04,928159.8996704707
2012-10-05,937793.9869467833
2012-10-08,949281.9652609667
2012-10-09,943581.3254369396
2012-10-10,931550.8742889166
2012-10-11,928870.303032745
2012-10-12,928051.8922663284
2012-10-15,909767.1826960314
2012-10-16,912084.6836878532
2012-10-17,920564.1918537945
2012-10-18,921165.8003251798
2012-10-19,916152.7471821986
2012-10-22,897437.5287130674
2012-10-23,909552.6663889758
2012-10-24,874323.3600223688
2012-10-25,866849.4299737489
2012-10-26,857414.3184289973
2012-10-31,857667.7386910464
2012-11-01,863580.6970076079
2012-11-02,877284.8369780511
2012-11-05,870935.0199753593
2012-11-06,875549.8889553268
2012-11-07,881075.0423869786
2012-11-08,860401.9126288518
2012-11-09,856063.2232047813
2012-11-12,852864.1516910706
2012-11-13,839870.2532753032
2012-11-14,834750.9903839992
2012-11-15,821793.379150558
2012-11-16,806772.6099547433
2012-11-19,809505.4860544455
2012-11-20,829915.4927393356
2012-11-21,834318.5180914722
2012-11-23,834305.1818934239
2012-11-26,843643.4351287001
2012-11-27,846660.9708937898
2012-11-28,839341.2382966864
2012-11-29,841328.7461115004
2012-11-30,848198.0168429706
2012-12-03,847993.6604848384
2012-12-04,846649.9719518329
2012-12-05,844033.3185376672
2012-12-06,856838.8796690054
2012-12-07,853509.2179825966
2012-12-10,854034.669823308
2012-12-11,853592.4253959107
2012-12-12,858197.8322474527
2012-12-13,875025.1802680742
2012-12-14,869303.3006906302
2012-12-17,870148.6760928064
2012-12-18,886352.6248891255
2012-12-19,908463.0055176399
2012-12-20,891353.688445764
2012-12-21,900857.947398698
2012-12-24,890077.7566212232
2012-12-26,879657.5419223729
2012-12-27,871845.5612924367
2012-12-28,878884.1627064518
2012-12-31,859419.1823411961
2013-01-02,871828.3049318745
2013-01-03,915672.4733868219
2013-01-04,916356.9257834068
2013-01-07,912143.8177686002
2013-01-08,901651.8782148379
2013-01-09,892397.9354178716
2013-01-10,895701.0573996813
2013-01-11,900500.0918682894
2013-01-14,899866.9456411044
2013-01-15,905523.0549931679
2013-01-16,900677.129317448
2013-01-17,895675.9831279671
2013-01-18,908271.9857135761
2013-01-22,911255.8866017745
2013-01-23,910540.6968132261
2013-01-24,926740.7400602748
2013-01-25,933980.7807168228
2013-01-28,948228.0733648062
2013-01-29,938118.8782257781
2013-01-30,938446.2892500779
2013-01-31,935624.4768197518
2013-02-01,915872.2404739306
2013-02-04,928779.3020244839
2013-02-05,910289.9311419248
2013-02-06,922410.2782977385
2013-02-07,917837.3890874165
2013-02-08,916666.1810995252
2013-02-11,923354.7633988399
2013-02-12,927814.1679364984
2013-02-13,927813.3401885093
2013-02-14,928629.4890646549
2013-02-15,927112.2281555721
2013-02-19,925943.7642070868
2013-02-20,931607.2707817405
2013-02-21,905521.474131244
2013-02-22,897226.4408067954
2013-02-25,905607.5350376421
2013-02-26,881290.9501856469
2013-02-27,890850.2276149876
2013-02-28,904364.5282627274
2013-03-01,899841.8700146445
2013-03-04,895626.8431546711
2013-03-05,902453.5815446778
2013-03-06,916758.2537932007
2013-03-07,925969.288349052
2013-03-08,937214.160279081
2013-03-11,945328.9716469287
2013-03-12,945535.1962225834
2013-03-13,946891.1901367535
2013-03-14,944315.9511486782
2013-03-15,945599.4926382628
2013-03-18,953101.1787383164
2013-03-19,941249.6121954212
2013-03-20,939811.5510062734
2013-03-21,949144.3861236054
2013-03-22,929802.6253496022
2013-03-25,943037.9105898652
2013-03-26,928052.246953541
2013-03-27,943876.6603362431
2013-03-28,933917.0788129806
2013-04-01,925409.7361947302
2013-04-02,914443.1426642775
2013-04-03,927202.6245086113
2013-04-04,914673.143714763
2013-04-05,926265.5064296533
2013-04-08,916635.5300283671
2013-04-09,912637.4706191937
2013-04-10,915609.3501122901
2013-04-11,932072.7272102494
2013-04-12,931371.3081223596
2013-04-15,918027.2673924363
2013-04-16,891994.7102709659
2013-04-17,907419.5000472172
2013-04-18,898003.5964494294
2013-04-19,888791.4063129786
2013-04-22,891039.6334265241
2013-04-23,908293.7197399993
2013-04-24,921739.9579997964
2013-04-25,932690.1212386129
2013-04-26,932529.6718785575
2013-04-29,928252.9481119808
2013-04-30,935014.8132676011
2013-05-01,934145.6445959659
2013-05-02,929243.2218743013
2013-05-03,935770.8958835745
2013-05-06,943547.9283795613
2013-05-07,952115.8889225605
2013-05-08,957486.6878680289
2013-05-09,976584.18944568
2013-05-10,988057.5589684525
2013-05-13,986099.3492360449
2013-05-14,996517.1739539434
2013-05-15,1004289.0927709814
2013-05-16,1012888.900948174
2013-05-17,1007518.1401030986
2013-05-20,1024375.9617086381
2013-05-21,1031655.6133862861
2013-05-22,1019274.9030327045
2013-05-23,1015775.2466447712
2013-05-24,1002813.1586645229
2013-05-28,1000938.1742323688
2013-05-29,1010831.934030323
2013-05-30,1002129.2438030537
2013-05-31,1011497.7855807147
2013-06-03,994764.6989691508
2013-06-04,1003159.6884937965
2013-06-05,1002598.889327543
2013-06-06,985850.2846033032
2013-06-07,986610.9012983819
2013-06-10,1007907.4692368488
2013-06-11,1009658.5762302817
2013-06-12,997778.7791450755
2013-06-13,981380.7505527849
2013-06-14,994197.7642335183
2013-06-17,980898.0469208192
2013-06-18,990982.1397520482
2013-06-19,1000681.6490124523
2013-06-20,984832.979968615
2013-06-21,953768.8173174602
2013-06-24,957620.5671157327
2013-06-25,939656.085403559
2013-06-26,941298.169332592
2013-06-27,963983.0530520374
2013-06-28,975954.0901870311
2013-07-01,976488.6760334333
2013-07-02,985203.3484067626
2013-07-03,987846.0175913721
2013-07-05,984350.7966203095
2013-07-08,990309.173349861
2013-07-09,1001572.9665807651
2013-07-10,1000718.5057750469
2013-07-11,1004902.5227809831
2013-07-12,1023303.3770927072
2013-07-15,1022811.2768081825
2013-07-16,1024339.2118271195
2013-07-17,1026573.0496963622
2013-07-18,1022185.8232362643
2013-07-19,1025350.7141413623
2013-07-22,1025398.0971997869
2013-07-23,1029791.0208386771
2013-07-24,1017382.9492455572
2013-07-25,1032540.497473509
2013-07-26,1031375.1732453066
2013-07-29,1036530.4805143183
2013-07-30,1036281.0261175345
2013-07-31,1029157.8870494743
2013-08-01,1051109.001411433
2013-08-02,1067109.8714226496
2013-08-05,1083938.0308857907
2013-08-06,1077655.436947025
2013-08-07,1070341.6305261943
2013-08-08,1061857.7662703344
2013-08-09,1061703.5569109404
2013-08-12,1070476.2097661302
2013-08-13,1061957.8803714118
2013-08-14,1066066.540328254
2013-08-15,1051501.6931281043
2013-08-16,1042632.8924272495
2013-08-19,1047849.3205752383
2013-08-20,1039781.642815456
2013-08-21,1047001.7919976242
2013-08-22,1037404.5032303076
2013-08-23,1051051.1972180787
2013-08-26,1057013.4985437181
2013-08-27,1051175.4402728574
2013-08-28,1035738.4678422648
2013-08-29,1048560.7401599482
2013-08-30,1040874.507218236
2013-09-03,1045138.5918028479
2013-09-04,1051294.3585455818
2013-09-05,1059932.8232735593
2013-09-06,1055955.3507366795
2013-09-09,1055881.1169322333
2013-09-10,1066196.3513184472
2013-09-11,1065642.1361778341
2013-09-12,1067551.1334900856
2013-09-13,1059202.1299108227
2013-09-16,1046547.5968789621
2013-09-17,1058670.9968723808
2013-09-18,1058904.9373289964
2013-09-19,1071601.8471754836
2013-09-20,1079302.6908330768
2013-09-23,1072113.2385322028
2013-09-24,1080831.8730753192
2013-09-25,1082786.0285314345
2013-09-26,1081442.5573895734
2013-09-27,1099532.6177297172
2013-09-30,1094607.4814553116
2013-10-01,1087081.6306542773
2013-10-02,1087068.430095316
2013-10-03,1093402.020766146
2013-10-04,1082049.589099258
2013-10-07,1092078.320561428
2013-10-08,1074595.5167004373
2013-10-09,1050193.860603531
2013-10-10,1057377.3065675695
2013-10-11,1092875.863694824
2013-10-14,1099136.0585269532
2013-10-15,1109611.6487447203
2013-10-16,1094149.1798000864
2013-10-17,1111458.1956753256
2013-10-18,1120853.818062474
2013-10-21,1124126.5810840086
2013-10-22,1113979.3564264341
2013-10-23,1134347.5869304305
2013-10-24,1134392.1289425497
2013-10-25,1134591.5890976558
2013-10-28,1135744.8957043092
2013-10-29,1136343.3791640794
2013-10-30,1132838.2723144747
2013-10-31,1109206.3646159302
2013-11-01,1097766.099320424
2013-11-04,1108053.4100267822
2013-11-05,1107608.0166475908
2013-11-06,1104236.9376802782
2013-11-07,1107968.7710097083
2013-11-08,1090170.6805313118
2013-11-11,1121454.7376658376
2013-11-12,1124775.6351842019
2013-11-13,1123381.3455508032
2013-11-14,1120673.902457693
2013-11-15,1130645.5303403893
2013-11-18,1126159.1256575233
2013-11-19,1103299.1459928106
2013-11-20,1100687.7513834354
2013-11-21,1113963.1713864997
2013-11-22,1121026.6812453116
2013-11-25,1129147.6420632463
2013-11-26,1137684.7781672273
2013-11-27,1143043.5556637445
2013-11-29,1149351.7319374906
2013-12-02,1129046.7901776605
2013-12-03,1123969.0881929456
2013-12-04,1114445.3350654359
2013-12-05,1125781.2813084102
2013-12-06,1103253.2754205887
2013-12-09,1112373.0023858564
2013-12-10,1119395.660344835
2013-12-11,1110742.003434089
2013-12-12,1096078.3315269342
2013-12-13,1090064.8636530468
2013-12-16,1091565.2148047541
2013-12-17,1101247.1845314053
2013-12-18,1091468.2278064408
2013-12-19,1116382.075895428
2013-12-20,1130931.946043596
2013-12-23,1140005.6316401775
2013-12-24,1146024.8473437952
2013-12-26,1143067.1840844806
2013-12-27,1150805.4147014434
2013-12-30,1148484.4295118852
2013-12-31,1138848.8977949603
2014-01-02,1153815.9309417836
2014-01-03,1138932.8296380902
2014-01-06,1131610.037632837
2014-01-07,1140808.6201718878
2014-01-08,1159335.8010000961
2014-01-09,1161461.1346616466
2014-01-10,1161537.4942042904
2014-01-13,1159503.8671748424
2014-01-14,1149035.809115541
2014-01-15,1159642.922062242
2014-01-16,1186516.847071169
2014-01-17,1191211.2755605152
2014-01-21,1205193.7295573219
2014-01-22,1215102.7905823682
2014-01-23,1216608.4627299812
2014-01-24,1212275.5200470586
2014-01-27,1170154.4519601448
2014-01-28,1163133.1556924586
2014-01-29,1168108.3295038152
2014-01-30,1144613.837300951
2014-01-31,1153810.291583221
2014-02-03,1139108.1928647528
2014-02-04,1114927.0284859035
2014-02-05,1106418.5787167246
2014-02-06,1099234.6135240132
2014-02-07,1112301.6238480778
2014-02-10,1126822.667329231
2014-02-11,1120667.6775736723
2014-02-12,1150245.304973426
2014-02-13,1163024.8986273615
2014-02-14,1154054.0011780648
2014-02-18,1166850.9846982176
2014-02-19,1164626.8442971583
2014-02-20,1161884.2885436576
2014-02-21,1183316.4149256018
2014-02-24,1179384.131033389
2014-02-25,1190616.3232365272
2014-02-26,1199695.2736477805
2014-02-27,1203028.5978308753
2014-02-28,1192987.9163163458
2014-03-03,1202820.387185666
2014-03-04,1203298.588649337
2014-03-05,1220022.6547397196
2014-03-06,1213442.1809327062
2014-03-07,1223344.8657976915
2014-03-10,1237119.3742441286
2014-03-11,1236431.6591210044
2014-03-12,1232166.2626656678
2014-03-13,1231639.1400156254
2014-03-14,1221577.206181142
2014-03-17,1208930.6983106632
2014-03-18,1232908.4172978424
2014-03-19,1242809.14481225
2014-03-20,1226475.046482661
2014-03-21,1240390.7979942516
2014-03-24,1205823.3409263727
2014-03-25,1201586.9436334989
2014-03-26,1190300.9826981092
2014-03-27,1190585.4888951124
2014-03-28,1189146.7361006418
2014-03-31,1202235.6978034836
2014-04-01,1215501.9349574936
2014-04-02,1224582.1523014123
2014-04-03,1213097.9580156105
2014-04-04,1193684.2596227196
2014-04-07,1181098.1463515921
2014-04-08,1165934.3137092087
2014-04-09,1178279.6177620932
2014-04-10,1186361.5374014268
2014-04-11,1157222.2300224507
2014-04-14,1135145.4952447729
2014-04-15,1137801.6127369679
2014-04-16,1148069.1609579935
2014-04-17,1165646.6356039601
2014-04-21,1179229.8224095493
2014-04-22,1192566.269115469
2014-04-23,1186139.497360574
2014-04-24,1171905.3221559487
2014-04-25,1165164.7961211854
2014-04-28,1143906.969364002
2014-04-29,1151071.8312414463
2014-04-30,1136038.2958672717
2014-05-01,1132809.7299846841
2014-05-02,1134000.1246052424
2014-05-05,1125309.5211908033
2014-05-06,1110596.2026256481
2014-05-07,1078731.4668651836
2014-05-08,1072050.3577265602
2014-05-09,1079696.2541507785
2014-05-12,1086241.378018416
2014-05-13,1081297.3745031196
2014-05-14,1067997.434925902
2014-05-15,1063948.386744033
2014-05-16,1064310.4825788932
2014-05-19,1065928.840245616
2014-05-20,1067247.4919854435
2014-05-21,1052999.0382829024
2014-05-22,1065219.697659319
2014-05-23,1072012.1173095575
2014-05-27,1083302.3952120221
2014-05-28,1084600.0953185689
2014-05-29,1078281.1621272182
2014-05-30,1075358.1765603644
2014-06-02,1070311.6168727577
2014-06-03,1071186.5143058044
2014-06-04,1061346.1086238679
2014-06-05,1073316.8404311903
2014-06-06,1081364.3969847665
2014-06-09,1100889.5249882455
2014-06-10,1095302.6196554482
2014-06-11,1099249.0025184322
2014-06-12,1103096.1159565905
2014-06-13,1097339.449109027
2014-06-16,1106591.1708506849
2014-06-17,1117286.00148968
2014-06-18,1120735.2071237238
2014-06-19,1123038.215537922
2014-06-20,1129635.4177408395
2014-06-23,1129186.3834973965
2014-06-24,1117236.8193248082
2014-06-25,1114437.6124439924
2014-06-26,1120079.7273759888
2014-06-27,1125681.1266511467
2014-06-30,1128769.0454798674
2014-07-01,1127584.7908981906
2014-07-02,1133260.959865108
2014-07-03,1133261.8996061739
2014-07-07,1122861.1516268929
2014-07-08,1103158.4579903688
2014-07-09,1097194.8069226616
2014-07-10,1099745.6771224672
2014-07-11,1090470.2912873945
2014-07-14,1090754.5662899443
2014-07-15,1091233.9674332747
2014-07-16,1084644.0287543342
2014-07-17,1087155.1285054556
2014-07-18,1075706.1810019964
2014-07-21,1111405.761485912
2014-07-22,1105831.0600437482
2014-07-23,1104820.931098642
2014-07-24,1113108.9412983914
2014-07-25,1106358.4646714127
2014-07-28,1218282.9068929362
2014-07-29,1250717.6717953703
2014-07-30,1171727.0613650638
2014-07-31,1166949.9137617454
2014-08-01,1153926.990180818
2014-08-04,1129457.1373477841
2014-08-05,1153228.0232474385
2014-08-06,1144469.1816763252
2014-08-07,1136399.9785005907
2014-08-08,1113831.242829052
2014-08-11,1143501.8127663226
2014-08-12,1144109.879878403
2014-08-13,1148628.3915569417
2014-08-14,1156993.0202406987
2014-08-15,1158687.585937237
2014-08-18,1165767.0332900032
2014-08-19,1165647.776088827
2014-08-20,1161728.0256380877
2014-08-21,1170159.9368836451
2014-08-22,1168738.8220217435
2014-08-25,1161143.1816911022
2014-08-26,1179513.9868050076
2014-08-27,1165828.9298530642
2014-08-28,1160883.3874896192
2014-08-29,1160230.889882305
2014-09-02,1159670.3513930624
2014-09-03,1156571.732854113
2014-09-04,1152912.5283485819
2014-09-05,1145070.952891825
2014-09-08,1147090.860273091
2014-09-09,1147912.3971514008
2014-09-10,1144001.1467133928
2014-09-11,1159297.5784839618
2014-09-12,1149821.0257335466
2014-09-15,1128915.741507371
2014-09-16,1124090.2539262134
2014-09-17,1123753.6502059791
2014-09-18,1115233.7240540253
2014-09-19,1109938.6979730255
2014-09-22,1086680.046417778
2014-09-23,1088421.2725786627
2014-09-24,1079269.734183387
2014-09-25,1088981.406320419
2014-09-26,1069547.038421097
2014-09-29,1080583.640674595
2014-09-30,1081160.3572328426
2014-10-01,1071292.4134782474
2014-10-02,1056005.532501443
2014-10-03,1047096.8013369791
2014-10-06,1044245.1677618659
2014-10-07,1048155.9225213502
2014-10-08,1022913.502632375
2014-10-09,1039633.9239131656
2014-10-10,1020133.3001399215
2014-10-13,1014280.922432699
2014-10-14,997305.5554228172
2014-10-15,1034280.092943251
2014-10-16,1048370.9747233625
2014-10-17,1026550.4572669502
2014-10-20,1050266.5367014243
2014-10-21,1050220.0418554866
2014-10-22,1051896.199541194
2014-10-23,1054615.1075968035
2014-10-24,1057899.9365137091
2014-10-27,1049310.4130172536
2014-10-28,1070209.2160652606
2014-10-29,1094147.2693748914
2014-10-30,1097890.1636287814
2014-10-31,1103869.1835133107
2014-11-03,1104164.7925491622
2014-11-04,1107950.3473744565
2014-11-05,1092632.7010638607
2014-11-06,1080630.2630934252
2014-11-07,1092705.9398669754
2014-11-10,1092855.8447341418
2014-11-11,1086525.8973908445
2014-11-12,1101269.206075452
2014-11-13,1088235.6001796534
2014-11-14,1091973.971972973
2014-11-17,1076504.2520140652
2014-11-18,1070074.0583951238
2014-11-19,1077348.6413533927
2014-11-20,1085399.8958791585
2014-11-21,1083362.9225555563
2014-11-24,1089463.6577576569
2014-11-25,1082299.557659985
2014-11-26,1074862.1745136857
2014-11-28,1053812.1274018935
2014-12-01,1041978.830263095
2014-12-02,1040456.8608104067
2014-12-03,1051236.3626272937
2014-12-04,1051835.0469589287
2014-12-05,1051713.5929527546
2014-12-08,1042293.1841862815
2014-12-09,1059952.8294512406
2014-12-10,1051159.8682434813
2014-12-11,1031548.5016290166
2014-12-12,1044957.6989302426
2014-12-15,1020508.8839873901
2014-12-16,1022002.5026040005
2014-12-17,1029602.2739190983
2014-12-18,1043033.4095712629
2014-12-19,1065043.6662515106
2014-12-22,1064312.858268419
2014-12-23,1159004.302283045
2014-12-24,1156726.1821618408
2014-12-26,1155687.3578360258
2014-12-29,1160764.4060267536
2014-12-30,1162652.0516193144
2014-12-31,1182109.9311204595
2015-01-02,1159158.3140483769
2015-01-05,1153561.1345928633
2015-01-06,1121741.6326068197
2015-01-07,1097364.6326711774
2015-01-08,1106842.8819721753
2015-01-09,1127223.2168744055
2015-01-12,1120844.4206996844
2015-01-13,1110811.05276
2015-01-14,1113568.0321941697
2015-01-15,1093770.673723693
2015-01-16,1090290.4621044258
2015-01-20,1092979.5929399247
2015-01-21,1093026.5263123848
2015-01-22,1085789.0511381277
2015-01-23,1106447.1502368005
2015-01-26,1105049.3831693921
2015-01-27,1118739.1492421618
2015-01-28,1106593.1787566605
2015-01-29,1084071.0502148077
2015-01-30,1095564.3894088701
2015-02-02,1077395.1295492426
2015-02-03,1103134.8987763335
2015-02-04,1120945.6702773515
2015-02-05,1110162.5779276502
2015-02-06,1127378.8631123453
2015-02-09,1123170.9845579735
2015-02-10,1098437.6474109231
2015-02-11,1111219.0646905417
2015-02-12,1112738.7267434027
2015-02-13,1124564.5002962255
2015-02-17,1132132.400151827
2015-02-18,1129895.2348900465
2015-02-19,1128991.9282313068
2015-02-20,1122348.0456127746
2015-02-23,1119748.2339585943
2015-02-24,1121961.007627128
2015-02-25,1132475.1253340857
2015-02-26,1132672.3517115603
2015-02-27,1131800.5232046682
2015-03-02,1121231.7715649623
2015-03-03,1118080.6523313043
2015-03-04,1128900.573617479
2015-03-05,1124223.4777655955
2015-03-06,1126228.1159080868
2015-03-09,1090952.6166794566
2015-03-10,1111264.4823240002
2015-03-11,1087879.0766758404
2015-03-12,1075892.9561238093
2015-03-13,1091647.364387118
2015-03-16,1069017.4011057755
2015-03-17,1088232.9277002208
2015-03-18,1081219.6942781054
2015-03-19,1093592.422689404
2015-03-20,1083308.8579555058
2015-03-23,1096228.288143081
2015-03-24,1104576.804029329
2015-03-25,1100520.509379782
2015-03-26,1089995.9100207554
2015-03-27,1082830.9905366146
2015-03-30,1081563.9441500024
2015-03-31,1095912.3351456195
2015-04-01,1094102.7916470005
2015-04-02,1103299.5817682727
2015-04-06,1098987.8911560967
2015-04-07,1105671.1017419144
2015-04-08,1111693.9081441734
2015-04-09,1110572.6132612599
2015-04-10,1113725.4739694817
2015-04-13,1124773.3456023722
2015-04-14,1123668.7211487943
2015-04-15,1133652.1914791695
2015-04-16,1132339.0755360844
2015-04-17,1134181.1169106388
2015-04-20,1128500.0415475885
2015-04-21,1135086.6928394253
2015-04-22,1127181.000349623
2015-04-23,1136321.0622208526
2015-04-24,1136280.1165715156
2015-04-27,1129979.6011747944
2015-04-28,1108774.1846341821
2015-04-29,1106845.2248629322
2015-04-30,1095262.2314772375
2015-05-01,1077485.184085822
2015-05-04,1092272.7247091304
2015-05-05,1094866.5855517297
2015-05-06,1080739.5542874965
2015-05-07,1068523.5179775378
2015-05-08,1070210.7222444648
2015-05-11,1096002.956432321
2015-05-12,1096191.8851470128
2015-05-13,1092779.5640494071
2015-05-14,1088645.0290018674
2015-05-15,1103164.8174063151
2015-05-18,1107011.6810710048
2015-05-19,1102015.2799555578
2015-05-20,1108454.931993714
2015-05-21,1105595.332177128
2015-05-22,1106529.288169104
2015-05-26,1110747.9587152463
2015-05-27,1097313.0865750453
2015-05-28,1109134.9222964877
2015-05-29,1114851.4804241369
2015-06-01,1106015.0268753213
2015-06-02,1118779.3143479137
2015-06-03,1126583.822232344
2015-06-04,1128726.7306770035
2015-06-05,1132810.6108678684
2015-06-08,1141451.838375322
2015-06-09,1134985.1542967686
2015-06-10,1126638.5860129453
2015-06-11,1135191.478127369
2015-06-12,1144650.6499474458
2015-06-15,1142071.5025506841
2015-06-16,1131579.6952192427
2015-06-17,1128095.9229391683
2015-06-18,1117719.0912054426
2015-06-19,1135510.4606811258
2015-06-22,1140093.012808024
2015-06-23,1137983.602243043
2015-06-24,1138898.76954223
2015-06-25,1138536.4057936114
2015-06-26,1121704.9745323213
2015-06-29,1109076.9444821824
2015-06-30,1098979.6498583267
2015-07-01,1087771.5241524137
2015-07-02,1080170.280642681
2015-07-06,1076822.3636127678
2015-07-07,1070983.4363093148
2015-07-08,1067769.494082336
2015-07-09,1065116.6416705092
2015-07-10,1075699.9913016784
2015-07-13,1082223.7126712233
2015-07-14,1086713.0125858563
2015-07-15,1086024.0369119614
2015-07-16,1086771.2310184245
2015-07-17,1089427.7132807313
2015-07-20,1081105.8503006815
2015-07-21,1079461.919730204
2015-07-22,1079309.642784584
2015-07-23,1068953.0616924332
2015-07-24,1059372.81281961
2015-07-27,1040095.7536997474
2015-07-28,1019743.7322183845
2015-07-29,1027822.9836763138
2015-07-30,1032206.894341314
2015-07-31,1028177.0320616852
2015-08-03,1019718.6958866308
2015-08-04,1028494.7137838397
2015-08-05,1023036.2564639564
2015-08-06,1016635.0934843093
2015-08-07,1009475.817283265
2015-08-10,1014625.6268394716
2015-08-11,1021496.102478335
2015-08-12,1015935.0556096539
2015-08-13,1009921.377129351
2015-08-14,1002308.4176968514
2015-08-17,1009459.1182532349
2015-08-18,1004970.0432147731
2015-08-19,989334.1924812928
2015-08-20,986320.7529941406
2015-08-21,979496.2042898791
2015-08-24,945645.0956715618
2015-08-25,920165.3370302725
2015-08-26,892588.4117203548
2015-08-27,918178.5812776268
2015-08-28,968575.4911410009
2015-08-31,967934.0004952748
2015-09-01,962343.8321859214
2015-09-02,928211.237270195
2015-09-03,937806.1847231635
2015-09-04,948333.1054305873
2015-09-08,940592.4369379287
2015-09-09,959332.6720926535
2015-09-10,958449.6046446628
2015-09-11,959102.0133432694
2015-09-14,962599.4378251738
2015-09-15,957528.3938140726
2015-09-16,966171.7429157546
2015-09-17,977788.3571826543
2015-09-18,978846.219620949
2015-09-21,950780.940752723
2015-09-22,955595.003565543
2015-09-23,942986.389534521
2015-09-24,938273.2953431061
2015-09-25,923901.8215947993
2015-09-28,917687.9340375935
2015-09-29,894380.8987282957
2015-09-30,877400.8772242783
2015-10-01,888551.648698535
2015-10-02,904908.5527282996
2015-10-05,932084.5884459267
2015-10-06,957873.7034974452
2015-10-07,959938.8489446463
2015-10-08,974873.368686556
2015-10-09,985587.1902402267
2015-10-12,968183.816231234
2015-10-13,959425.4714411934
2015-10-14,957893.0466296247
2015-10-15,960424.5917253968
2015-10-16,970337.1911053186
2015-10-19,968772.3014737774
2015-10-20,975426.3031202493
2015-10-21,957768.5939634724
2015-10-22,940111.5353885035
2015-10-23,944893.4644842722
2015-10-26,936194.0573906935
2015-10-27,907372.1559984894
2015-10-28,915864.0415747071
2015-10-29,916688.8624841904
2015-10-30,920746.6210381667
2015-11-02,929127.0256367765
2015-11-03,950338.4147208536
2015-11-04,955285.4334281761
2015-11-05,958329.8657066104
2015-11-06,971177.5393140931
2015-11-09,973157.9082553121
2015-11-10,936758.0269511911
2015-11-11,939851.8732533439
2015-11-12,930445.4212489914
2015-11-13,926053.0256035236
2015-11-16,905080.004195817
2015-11-17,904614.942128603
2015-11-18,901413.9871920884
2015-11-19,909072.7882087578
2015-11-20,907823.648663963
2015-11-23,916742.2120866973
2015-11-24,915360.5995996472
2015-11-25,930227.8031025971
2015-11-27,920584.1778751718
2015-11-30,929856.5397166419
2015-12-01,915369.9713122536
2015-12-02,915495.4698686864
2015-12-03,905411.4400777094
2015-12-04,863837.6473436302
2015-12-07,865078.6350584159
2015-12-08,873721.7210483387
2015-12-09,871256.6292682522
2015-12-10,880254.5838206641
2015-12-11,876513.0143438079
2015-12-14,826269.2768453687
2015-12-15,823945.6721168453
2015-12-16,825550.3750185653
2015-12-17,834904.7312464843
2015-12-18,824868.2400794459
2015-12-21,810555.0155969624
2015-12-22,820088.8170535758
2015-12-23,830570.6121439331
2015-12-24,828792.893018085
2015-12-28,817236.6263889079
2015-12-29,812162.2484287103
2015-12-30,813158.6269323211
2015-12-31,812158.0050149139
2016-01-04,803926.4331139481
2016-01-05,790066.5674165498
2016-01-06,780363.5946170428
2016-01-07,759706.5275769559
2016-01-08,742392.003272668
2016-01-11,730378.2896040028
2016-01-12,724587.2719687223
2016-01-13,718056.7505609598
2016-01-14,706267.6810421079
2016-01-15,712551.2106947849
2016-01-19,683891.953720118
2016-01-20,696977.7093785667
2016-01-21,686640.8937285352
2016-01-22,708470.0798178392
2016-01-25,718315.4951416826
2016-01-26,709843.7649597318
2016-01-27,716814.6123948899
2016-01-28,727955.6329770156
2016-01-29,752472.2243292582
2016-02-01,757114.76990163
2016-02-02,759795.706713305
2016-02-03,761329.7899183152
2016-02-04,773301.034464943
2016-02-05,776888.6421065358
2016-02-08,768717.2711862928
2016-02-09,748630.1053205682
2016-02-10,742975.7659094068
2016-02-11,734706.2145374987
2016-02-12,707667.8544415658
2016-02-16,725969.9558989992
2016-02-17,745501.2093728393
2016-02-18,747602.2815935652
2016-02-19,741899.3690540948
2016-02-22,736954.5467236261
2016-02-23,746330.0531963871
2016-02-24,743489.0339062262
2016-02-25,744634.9518863363
2016-02-26,757636.5882406767
2016-02-29,766096.5314175405
2016-03-01,762131.2282931696
2016-03-02,785506.6977319942
2016-03-03,800277.6337217009
2016-03-04,806137.4595495958
2016-03-07,828082.3154593371
2016-03-08,820361.8882278168
2016-03-09,821295.0131895996
2016-03-10,812719.5414486025
2016-03-11,810863.7332071783
2016-03-14,822259.8562545715
2016-03-15,809061.0504890032
2016-03-16,809292.862578248
2016-03-17,823156.7896719566
2016-03-18,820675.1906063195
2016-03-21,821517.2507735747
2016-03-22,825539.9117999729
2016-03-23,810624.26967227
2016-03-24,805556.1516052573
2016-03-28,805897.9966815138
2016-03-29,808277.5803664505
2016-03-30,809348.3645125035
2016-03-31,809914.1823811106
2016-04-01,812331.1487757126
2016-04-04,797462.2070681711
2016-04-05,799621.1450247645
2016-04-06,785471.2186978308
2016-04-07,791572.7285370833
2016-04-08,782292.1350161526
2016-04-11,793261.610538235
2016-04-12,798853.8854238241
2016-04-13,806824.8619314753
2016-04-14,816740.0524471762
2016-04-15,820356.458572834
2016-04-18,814874.2143181156
2016-04-19,822119.8834186654
2016-04-20,829086.7136361791
2016-04-21,837481.3022762211
2016-04-22,845158.571431084
2016-04-25,834813.9150620254
2016-04-26,851717.0390624695
2016-04-27,850985.1565995489
2016-04-28,851256.1790328939
2016-04-29,846412.3947002505
2016-05-02,833286.9070152715
2016-05-03,836710.8515385132
2016-05-04,820920.1646133948
2016-05-05,809417.8699808186
2016-05-06,805680.1929405484
2016-05-09,807390.4929070772
2016-05-10,803296.0460067312
2016-05-11,817054.178760693
2016-05-12,801697.3538803314
2016-05-13,806058.2270151434
2016-05-16,801410.6807189955
2016-05-17,810018.184696215
2016-05-18,799383.4006798796
2016-05-19,796112.7739341847
2016-05-20,801819.3480505378
2016-05-23,821593.2247299212
2016-05-24,829032.4310772732
2016-05-25,827484.7559013269
2016-05-26,839125.5377233244
2016-05-27,845832.9370613904
2016-05-31,849054.0151130604
2016-06-01,849744.8580653599
2016-06-02,858252.080689196
2016-06-03,856702.7200268595
2016-06-06,876286.784221836
2016-06-07,866242.3736694789
2016-06-08,874623.2021068621
2016-06-09,869968.5960068499
2016-06-10,854889.8205370293
2016-06-13,850060.1328710973
2016-06-14,838277.3459604296
2016-06-15,838775.9663860074
2016-06-16,832796.3508400657
2016-06-17,844112.4479099553
2016-06-20,846095.4333224647
2016-06-21,853049.0243184996
2016-06-22,851451.6851665482
2016-06-23,846313.8470033231
2016-06-24,871963.1832972752
2016-06-27,829160.1722151367
2016-06-28,813160.6433503894
2016-06-29,850849.3224113701
2016-06-30,833740.6896045341
2016-07-01,852792.7794791266
2016-07-05,849786.9954769337
2016-07-06,849755.9562150377
2016-07-07,850868.3807301641
2016-07-08,862628.2792827702
2016-07-11,906882.6981618053
2016-07-12,914541.651556736
2016-07-13,893132.3159119043
2016-07-14,881014.7528452082
2016-07-15,879911.3114083917
2016-07-18,881487.5148153051
2016-07-19,883496.3184587515
2016-07-20,889560.1336038916
2016-07-21,881880.0970792432
2016-07-22,884191.2108606081
2016-07-25,883619.6476982124
2016-07-26,901843.2946009947
2016-07-27,896390.9037223244
2016-07-28,888489.92805565
2016-07-29,908769.0994942016
2016-08-01,914222.4651381377
2016-08-02,910991.8462991823
2016-08-03,905304.708022572
2016-08-04,904047.4821998385
2016-08-05,901224.9378271276
2016-08-08,912656.410169257
2016-08-09,901898.7817411381
2016-08-10,898527.7407644109
2016-08-11,896229.1321733006
2016-08-12,904291.8287776072
2016-08-15,902812.1387447097
2016-08-16,901999.7443567513
2016-08-17,917691.5935455009
2016-08-18,936437.9777745272
2016-08-19,944785.5739216228
2016-08-22,924225.3575664181
2016-08-23,948163.4704213293
2016-08-24,951051.2367875677
2016-08-25,975773.9113672916
2016-08-26,990184.6673942867
2016-08-29,977993.8650250444
2016-08-30,980930.3254662382
2016-08-31,962374.6720937077
2016-09-01,946498.6691698187
2016-09-02,954873.5216816862
2016-09-06,967047.1446433907
2016-09-07,970419.6479394955
2016-09-08,988818.329671167
2016-09-09,958191.7884387703
2016-09-12,935091.6407146723
2016-09-13,985753.0736834245
2016-09-14,958304.0562390051
2016-09-15,957992.5681503909
2016-09-16,965369.4328840626
2016-09-19,972847.445959728
2016-09-20,968791.731852184
2016-09-21,987030.0748370755
2016-09-22,998558.3145896759
2016-09-23,1010287.7095904476
2016-09-26,1004396.9813393744
2016-09-27,989410.5349143897
2016-09-28,987722.9651065257
2016-09-29,1033468.1111690901
2016-09-30,1007498.5935281996
2016-10-03,1001115.6942052791
2016-10-04,1016092.8556004503
2016-10-05,1017187.7053422146
2016-10-06,999286.8396174891
2016-10-07,992934.4848722426
2016-10-10,1005508.0611062639
2016-10-11,1015028.3624062531
2016-10-12,1016127.0132474516
2016-10-13,1008610.0164433826
2016-10-14,1005584.3456601361
2016-10-17,991146.0007012753
2016-10-18,997273.8503199727
2016-10-19,1004343.8984366216
2016-10-20,1005103.9614057144
2016-10-21,1003179.453916714
2016-10-24,980991.390157194
2016-10-25,996499.340618831
2016-10-26,995049.8442462159
2016-10-27,992779.098519216
2016-10-28,979680.3794736787
2016-10-31,978684.9212849332
2016-11-01,973461.7256302417
2016-11-02,951531.9297981947
2016-11-03,930062.2416749052
2016-11-04,938186.6196780676
2016-11-07,964331.263912732
2016-11-08,974834.3549341974
2016-11-09,987187.0825631343
2016-11-10,995002.3970108277
2016-11-11,1017581.6111301815
2016-11-14,1032712.9394656086
2016-11-15,996986.3183673737
2016-11-16,1017864.4703643866
2016-11-17,1011372.8702274531
2016-11-18,1014830.7514656981
2016-11-21,1009209.2591697829
2016-11-22,1063238.9059663739
2016-11-23,1048389.8565418792
2016-11-25,1050335.1265407472
2016-11-28,1043202.1404078318
2016-11-29,1033096.7710478099
2016-11-30,1015952.188308193
2016-12-01,1016333.539232546
2016-12-02,996055.2356328128
2016-12-05,1003451.5728905468
2016-12-06,1019126.4537689466
2016-12-07,1010812.1561329877
2016-12-08,1046282.5979004457
2016-12-09,1051082.8345119741
2016-12-12,1024326.1794626766
2016-12-13,1008036.620077742
2016-12-14,1018834.8970853208
2016-12-15,1011329.2180367102
2016-12-16,1015092.944232219
2016-12-19,1011134.2325768362
2016-12-20,1017712.2327214032
2016-12-21,1020556.6632772412
2016-12-22,1008337.3207642081
2016-12-23,1013289.9706921087
2016-12-27,1017064.6666386566
2016-12-28,1014340.9677594844
2016-12-29,1008292.0373347198
2016-12-30,1009969.6916669055
2017-01-03,997558.6371129545
2017-01-04,1008080.3744918724
2017-01-05,1014082.7344217387
2017-01-06,999407.1486095791
2017-01-09,1005138.0033958064
2017-01-10,1007035.50655514
2017-01-11,1008934.9652792081
2017-01-12,994363.5910315935
2017-01-13,998589.9189766416
2017-01-17,1000117.6131188017
2017-01-18,994142.0093539356
2017-01-19,988943.7288033967
2017-01-20,992700.31404202
2017-01-23,992103.195211523
2017-01-24,988788.4203576753
2017-01-25,992951.0949641824
2017-01-26,992634.9984248815
2017-01-27,981428.5971382636
2017-01-30,976845.5493601644
2017-01-31,978291.2919052865
2017-02-01,977849.2667855206
2017-02-02,984454.9139100598
2017-02-03,986203.4289988962
2017-02-06,961505.0133402736
2017-02-07,965056.440045486
2017-02-08,947608.8138652928
2017-02-09,962982.6655905787
2017-02-10,968022.9260634073
2017-02-13,954147.0823265236
2017-02-14,916838.5103664558
2017-02-15,928326.8936446337
2017-02-16,938068.2970326162
2017-02-17,940059.744682407
2017-02-21,943118.1258434412
2017-02-22,948827.9161067456
2017-02-23,943869.6856637268
2017-02-24,939670.0365857208
2017-02-27,941577.4283579857
2017-02-28,939542.1907322836
2017-03-01,934040.6872915472
2017-03-02,947496.2344185187
2017-03-03,935796.4871915436
2017-03-06,939273.2267993037
2017-03-07,933188.0982482592
2017-03-08,931071.1200749429
2017-03-09,928821.660061339
2017-03-10,919507.4294561698
2017-03-13,916150.619665772
2017-03-14,917944.9492562703
2017-03-15,923639.0191294405
2017-03-16,941089.1035585905
2017-03-17,939587.43251284
2017-03-20,936030.1223244076
2017-03-21,922780.04005678
2017-03-22,905974.8456664843
2017-03-23,912557.3181178714
2017-03-24,910948.5958819301
2017-03-27,913133.2961130608
2017-03-28,909264.0343087841
2017-03-29,916087.6250984193
2017-03-30,930152.8602157482
2017-03-31,930659.0002574298
2017-04-03,917216.6481528817
2017-04-04,902667.9444625427
2017-04-05,895443.6840626979
2017-04-06,911756.5853596263
2017-04-07,897711.6320750269
2017-04-10,901844.7129066993
2017-04-11,910620.0139511018
2017-04-12,910500.0263689331
2017-04-13,913473.2030976509
2017-04-17,904925.5381842436
2017-04-18,899832.1247428474
2017-04-19,892161.6545325553
2017-04-20,885019.2479210807
2017-04-21,898043.0893026341
2017-04-24,900209.0216167434
2017-04-25,912764.8948853
2017-04-26,924547.9498160355
2017-04-27,926884.4105125732
2017-04-28,921609.7642701912
2017-05-01,927262.0267968333
2017-05-02,922901.154374768
2017-05-03,924258.3813649738
2017-05-04,900137.6871357355
2017-05-05,921517.8962248706
2017-05-08,905196.895154579
2017-05-09,907402.9557790875
2017-05-10,920015.7548232052
2017-05-11,920469.8123974142
2017-05-12,911598.3560068674
2017-05-15,911067.506742841
2017-05-16,918179.4022906631
2017-05-17,914931.8512157684
2017-05-18,893149.6309659008
2017-05-19,942839.9972881047
2017-05-22,946249.9230814354
2017-05-23,949877.138519155
2017-05-24,945269.279622105
2017-05-25,935389.1968711691
2017-05-26,938634.309122662
2017-05-30,918092.3391096313
2017-05-31,906915.6944471794
2017-06-01,919203.4442761318
2017-06-02,917153.6670866541
2017-06-05,900699.97808186
2017-06-06,904805.2087271218
2017-06-07,883588.3565408069
2017-06-08,891039.4981754964
2017-06-09,898327.0441870213
2017-06-12,889088.4973944025
2017-06-13,904194.1850056938
2017-06-14,914139.5054988933
2017-06-15,919890.383541319
2017-06-16,913122.7530516905
2017-06-19,897085.9912787224
2017-06-20,887297.4542921348
2017-06-21,862746.0912242059
2017-06-22,868079.0158996927
2017-06-23,875360.6874582521
2017-06-26,876723.1439586396
2017-06-27,881445.7641711711
2017-06-28,868855.5935324766
2017-06-29,889934.4314981918
2017-06-30,875742.8572757767
2017-07-03,875181.3628938341
2017-07-05,865618.0740906915
2017-07-06,859599.7043785757
2017-07-07,833429.6284529271
2017-07-10,841318.9528345464
2017-07-11,838555.3459245508
2017-07-12,827274.1282892756
2017-07-13,829278.5417332292
2017-07-14,821313.5073922202
2017-07-17,827506.1576132581
2017-07-18,822623.3941228972
2017-07-19,823614.0764314911
2017-07-20,815927.7017337005
2017-07-21,793324.2326845402
2017-07-24,790744.1952916897
2017-07-25,794358.3870839479
2017-07-26,798336.2212152885
2017-07-27,794977.6981850528
2017-07-28,779215.7631408782
2017-07-31,787723.882692232
2017-08-01,786212.8297553397
2017-08-02,779197.4737599618
2017-08-03,774427.0518641195
2017-08-04,777794.1524199
2017-08-07,770938.6359945233
2017-08-08,773124.9342333085
2017-08-09,758848.9012810683
2017-08-10,757330.7586229396
2017-08-11,750623.6176624108
2017-08-14,746125.8522904048
2017-08-15,737468.6074575456
2017-08-16,739769.20069872
2017-08-17,748768.4974102466
2017-08-18,744076.1161294726
2017-08-21,741944.3354618006
2017-08-22,745906.9052608806
2017-08-23,757407.8462697114
2017-08-24,768310.6729115088
2017-08-25,755699.6832252619
2017-08-28,760114.5038235236
2017-08-29,760698.087098931
2017-08-30,748311.7287398432
2017-08-31,760989.3984004274
2017-09-01,773844.0586492113
2017-09-05,783584.2824488014
2017-09-06,782821.7022819099
2017-09-07,781547.3134967732
2017-09-08,791732.9409183669
2017-09-11,798998.7164506618
2017-09-12,834375.7213640949
2017-09-13,848930.5388428302
2017-09-14,852474.7137696063
2017-09-15,831381.7475424664
2017-09-18,837971.097406619
2017-09-19,851514.1213895186
2017-09-20,833802.4549703422
2017-09-21,838864.3966123066
2017-09-22,846588.4261189931
2017-09-25,824044.2644314191
2017-09-26,827189.3236415111
2017-09-27,853840.433095167
2017-09-28,832739.1868940901
2017-09-29,808873.6953358894
2017-10-02,812676.269403109
2017-10-03,810211.5224864724
2017-10-04,800381.7779960978
2017-10-05,817670.7975022336
2017-10-06,815197.5096713793
2017-10-09,806646.341738101
2017-10-10,796097.4930611318
2017-10-11,797476.2961269293
2017-10-12,785997.5599729887
2017-10-13,774157.0616145586
2017-10-16,774520.9957621346
2017-10-17,777120.5367461037
2017-10-18,779325.1003690764
2017-10-19,772840.071141065
2017-10-20,775578.362753066
2017-10-23,778776.4239611515
2017-10-24,778373.45229117
2017-10-25,779143.498443466
2017-10-26,769922.1991617727
2017-10-27,771654.506421828
2017-10-30,775160.9144142697
2017-10-31,771411.1983632288
2017-11-01,769486.1680629582
2017-11-02,769861.5413286327
2017-11-03,769399.2175687297
2017-11-06,772772.658775778
2017-11-07,765934.5610370033
2017-11-08,763900.2040947519
2017-11-09,779519.4943602151
2017-11-10,787128.767441075
2017-11-13,778613.7637908647
2017-11-14,766770.0367223598
2017-11-15,753612.6448410699
2017-11-16,753420.049343916
2017-11-17,766672.7902005007
2017-11-20,763176.1272428134
2017-11-21,746871.4576295284
2017-11-22,757245.4092481295
2017-11-24,747093.3534073565
2017-11-27,749265.5342323313
2017-11-28,762034.9551912921
2017-11-29,777953.7349112539
2017-11-30,773470.5296847684
2017-12-01,801036.781883183
2017-12-04,796930.097584713
2017-12-05,765997.2133797294
2017-12-06,752366.542057029
2017-12-07,795810.8495577492
2017-12-08,778491.2037008405
2017-12-11,800701.0366474743
2017-12-12,788468.2121499064
2017-12-13,803548.147373424
2017-12-14,786937.6467864605
2017-12-15,778342.1365932972
2017-12-18,777283.3363261143
2017-12-19,802006.1961228374
2017-12-20,790300.4521206311
2017-12-21,807025.1872843815
2017-12-22,809263.4353209296
2017-12-26,825723.1376046379
2017-12-27,809002.3689903488
2017-12-28,798647.4521582696
2017-12-29,814120.6090772129
2018-01-02,826647.3210793913
2018-01-03,822024.8253304515
2018-01-04,805849.5882986651
2018-01-05,802057.7945314036
2018-01-08,802985.5206128185
2018-01-09,801158.003608348
2018-01-10,803842.2149297227
2018-01-11,814675.3661573714
2018-01-12,790155.4058544236
2018-01-16,811067.5817680323
2018-01-17,806209.1131452847
2018-01-18,799519.3680612886
2018-01-19,796588.832696891
2018-01-22,809870.4646963145
2018-01-23,820351.5561588615
2018-01-24,828760.914058841
2018-01-25,812221.4201462015
2018-01-26,803774.5410613399
2018-01-29,818143.0899213295
2018-01-30,800088.9374262282
2018-01-31,785896.1251967927
2018-02-01,781996.998070686
2018-02-02,810383.0390446293
2018-02-05,789568.723412416
2018-02-06,756372.7402250204
2018-02-07,770642.5772435885
2018-02-08,765250.9916562041
2018-02-09,746541.2437070997
2018-02-12,768111.2861649137
2018-02-13,778800.396448617
2018-02-14,796331.4969828314
2018-02-15,801162.0095192466
2018-02-16,794595.902271753
2018-02-20,794914.3228981263
2018-02-21,800079.7547950585
2018-02-22,783428.989206477
2018-02-23,787073.9284647182
2018-02-26,819146.3631014797
2018-02-27,817828.0881244625
2018-02-28,802714.208156241
2018-03-01,807435.8230011014
2018-03-02,798210.1515996234
2018-03-05,792384.3488047346
2018-03-06,794091.4006871913
2018-03-07,769812.4370115902
2018-03-08,773339.6319885035
2018-03-09,768433.4579149148
2018-03-12,756750.293565581
2018-03-13,756396.2116014439
2018-03-14,765286.5615195497
2018-03-15,758077.0168484772
2018-03-16,761024.6621768754
2018-03-19,771348.4192035703
2018-03-20,755824.1859636975
2018-03-21,778083.197726508
2018-03-22,788702.3376380443
2018-03-23,793300.6129324755
2018-03-26,782858.1702486074
2018-03-27,800503.5420379259
2018-03-28,786079.6592877401
2018-03-29,775298.7720564433
2018-04-02,772515.8281387449
2018-04-03,808771.3114969351
2018-04-04,823836.5097713826
2018-04-05,830605.9907853061
2018-04-06,840280.4526208403
2018-04-09,831871.5550216621
2018-04-10,826889.9619272196
2018-04-11,831747.2124009831
2018-04-12,838763.5260790248
2018-04-13,821289.4323648141
2018-04-16,822153.5806420308
2018-04-17,824379.7460159427
2018-04-18,833666.6488517333
2018-04-19,836486.3924072231
2018-04-20,841849.5960525378
2018-04-23,859243.3400003633
2018-04-24,901805.0014900147
2018-04-25,938571.556267544
2018-04-26,887763.7291786274
2018-04-27,908722.7009969975
2018-04-30,894676.2173926206
2018-05-01,854520.5392046468
2018-05-02,844425.4040331678
2018-05-03,824922.380379564
2018-05-04,833015.9071320406
2018-05-07,842956.0723680967
2018-05-08,837939.6736115002
2018-05-09,842130.5134214594
2018-05-10,839379.8049709544
2018-05-11,864057.2060035393
2018-05-14,880968.477460446
2018-05-15,891921.2208755581
2018-05-16,903793.4540299498
2018-05-17,905964.5809794884
2018-05-18,921478.1128967953
2018-05-21,927910.2005485531
2018-05-22,922873.6221468794
2018-05-23,916496.6014332031
2018-05-24,923612.4589795095
2018-05-25,913675.0330706442
2018-05-29,913751.4106782561
2018-05-30,908461.8082428842
2018-05-31,912787.5551891972
2018-06-01,887144.5828725679
2018-06-04,901498.9225837927
2018-06-05,921253.7775367236
2018-06-06,918710.7972924961
2018-06-07,932764.6561643368
2018-06-08,940110.5503231791
2018-06-11,950193.2321903389
2018-06-12,943428.674431319
2018-06-13,928568.186502636
2018-06-14,900427.3047223407
2018-06-15,895675.924398786
2018-06-18,913340.9800514034
2018-06-19,919345.5419688844
2018-06-20,937612.9530179676
2018-06-21,936934.0058686014
2018-06-22,944849.4388985923
2018-06-25,930445.7293293705
2018-06-26,923967.8614141402
2018-06-27,944013.4095112412
2018-06-28,938391.8658624133
2018-06-29,925525.5569504575
2018-07-02,925698.9198742914
2018-07-03,929524.6611463748
2018-07-05,919725.0140652464
2018-07-06,917461.1927002373
2018-07-09,930232.5141008862
2018-07-10,927725.1472741718
2018-07-11,930096.4529647925
2018-07-12,922421.3821907776
2018-07-13,927705.4725777692
2018-07-16,926253.317389512
2018-07-17,934543.0142100825
2018-07-18,933499.647377152
2018-07-19,954153.8977236628
2018-07-20,948322.5366023352
2018-07-23,947016.4097585661
2018-07-24,938228.7468558475
2018-07-25,934812.7040400429
2018-07-26,950837.1835031061
2018-07-27,909003.2083273242
2018-07-30,921509.5597601577
2018-07-31,928207.8619429852
2018-08-01,935980.4932902969
2018-08-02,922690.1383401222
2018-08-03,914681.1685753237
2018-08-06,924002.8885275417
2018-08-07,908235.7945593752
2018-08-08,918816.2889594757
2018-08-09,922090.1211467314
2018-08-10,921111.6838195364
2018-08-13,927250.297255395
2018-08-14,935390.8785820998
2018-08-15,927920.5598085292
2018-08-16,924601.6814156997
2018-08-17,940688.7282125066
2018-08-20,941126.521410216
2018-08-21,974855.4807151683
2018-08-22,976531.6145108343
2018-08-23,982827.1330248608
2018-08-24,953001.9816499419
2018-08-27,935603.7601070743
2018-08-28,937403.2426838732
2018-08-29,944107.5512399068
2018-08-30,952585.8146335548
2018-08-31,948439.6177582499
2018-09-04,964492.9247537443
2018-09-05,955386.1077857743
2018-09-06,988011.3160282904
2018-09-07,977863.5880402536
2018-09-10,968593.9864561781
2018-09-11,960595.6153106848
2018-09-12,961421.9816585988
2018-09-13,955128.0779173906
2018-09-14,947557.4405227858
2018-09-17,930797.4757120231
2018-09-18,923205.6483218966
2018-09-19,916801.6043265469
2018-09-20,917093.3819017104
2018-09-21,921923.0197779818
2018-09-24,907944.8985138496
2018-09-25,926969.6541129935
2018-09-26,932462.2426156165
2018-09-27,925712.4197163121
2018-09-28,919602.3770691489
2018-10-01,931936.7758267669
2018-10-02,906815.252394275
2018-10-03,916287.357045185
2018-10-04,914542.5846885418
2018-10-05,908107.1578691832
2018-10-08,894982.5063592433
2018-10-09,890331.6874359854
2018-10-10,880366.1122382749
2018-10-11,869972.0456012464
2018-10-12,868649.4764100824
2018-10-15,897850.4842060662
2018-10-16,908376.5312684651
2018-10-17,906595.1842458354
2018-10-18,902635.9550073761
2018-10-19,879069.3467465846
2018-10-22,871724.3743644026
2018-10-23,871707.9739394861
2018-10-24,865335.5135325898
2018-10-25,860351.8005436558
2018-10-26,868703.3951274563
2018-10-29,868625.0354191923
2018-10-30,887660.2716669879
2018-10-31,900277.2195121781
2018-11-01,914542.7769502945
2018-11-02,921312.9867576079
2018-11-05,841336.097058279
2018-11-06,881203.5140040783
2018-11-07,896166.5289273739
2018-11-08,842660.9309036445
2018-11-09,808616.7521393675
2018-11-12,775203.1853825194
2018-11-13,756943.9150735979
2018-11-14,766089.9017207677
2018-11-15,751655.2246238225
2018-11-16,750132.2328665233
2018-11-19,748019.2915534378
2018-11-20,733456.4052232695
2018-11-21,730180.484272283
2018-11-23,730801.0516909203
2018-11-26,728446.6129544359
2018-11-27,726004.5597499972
2018-11-28,724579.1227813853
2018-11-29,734650.3743116687
2018-11-30,727998.0895283142
2018-12-03,728959.0332584621
2018-12-04,750480.4555690342
2018-12-06,717454.6261452303
2018-12-07,726461.9329611472
2018-12-10,707770.6804327272
2018-12-11,703960.4903900195
2018-12-12,704718.1214599302
2018-12-13,692794.4984519801
2018-12-14,698010.9551368731
2018-12-17,690523.2288287859
2018-12-18,673234.3563067458
2018-12-19,670857.6775743165
2018-12-20,663409.0894791258
2018-12-21,645545.6466192702
2018-12-24,638821.2082472797
2018-12-26,615289.6355916135
2018-12-27,632421.6135843801
2018-12-28,638622.8682942432
2018-12-31,637504.1638643749
2019-01-02,654085.7901896836
2019-01-03,670338.813244175
2019-01-04,651357.5117206766
2019-01-07,685026.1705138343
2019-01-08,692982.4973480138
2019-01-09,715375.2189015221
2019-01-10,719589.6221717726
2019-01-11,727979.6569153855
2019-01-14,734092.3809393516
2019-01-15,722227.28380033
2019-01-16,726523.5839702386
2019-01-17,723231.7450170628
2019-01-18,729493.9994466275
2019-01-22,731719.0995063401
2019-01-23,717978.4516618655
2019-01-24,727852.2560857688
2019-01-25,730603.6699122093
2019-01-28,741497.8975944103
2019-01-29,729741.6475651991
2019-01-30,727441.6406677105
2019-01-31,732499.5176256279
2019-02-01,739468.1912428114
2019-02-04,739481.7349812435
2019-02-05,736067.9499879552
2019-02-06,739297.1831613524
2019-02-07,725603.6852104493
2019-02-08,711703.564811482
2019-02-11,719036.2764124721
2019-02-12,713516.0573453641
2019-02-13,719772.8467307609
2019-02-14,729475.3305408907
2019-02-15,734445.9151215062
2019-02-19,739730.6967097201
2019-02-20,743445.389511774
2019-02-21,737450.9242742852
2019-02-22,734069.9759180965
2019-02-25,739379.1512985462
2019-02-26,733725.0365504627
2019-02-27,739162.2870922846
2019-02-28,745924.2811195275
2019-03-01,747385.2351784761
2019-03-04,760539.0055428044
2019-03-05,744679.3464559562
2019-03-06,735119.577340792
2019-03-07,727926.2905535887
2019-03-08,704970.5547415002
2019-03-11,700275.6291456454
2019-03-12,719762.2523156013
2019-03-13,727613.4232993316
2019-03-14,736161.113015367
2019-03-15,728016.745239318
2019-03-18,741462.1458514512
2019-03-19,744932.2609138432
2019-03-20,756399.4697970763
2019-03-21,745729.4881380443
2019-03-22,749529.4467143018
2019-03-25,730355.9512340856
2019-03-26,729785.3310142397
2019-03-27,740771.9968585273
2019-03-28,733595.0451124762
2019-03-29,727519.9121737711
2019-04-01,726124.3681642881
2019-04-02,736997.280819778
2019-04-03,740138.994225222
2019-04-04,740098.2433513233
2019-04-05,748789.5878225437
2019-04-08,751997.5639591722
2019-04-09,751432.1333968904
2019-04-10,749338.7152963809
2019-04-11,749528.462601781
2019-04-12,747696.057377979
2019-04-15,741522.3422442421
2019-04-16,746347.3233564021
2019-04-17,738712.9386696083
2019-04-18,730875.8526191919
2019-04-22,732315.9965798636
2019-04-23,735836.4630935979
2019-04-24,741948.117932961
2019-04-25,743760.0617575955
2019-04-26,750355.0702759498
2019-04-29,755694.1408952131
2019-04-30,748745.0970184532
2019-05-01,751519.9433149361
2019-05-02,749378.4380627729
2019-05-03,762480.6659219393
2019-05-06,769964.9000194175
2019-05-07,784001.5490630477
2019-05-08,784817.2297397007
2019-05-09,766019.4662533095
2019-05-10,760763.6120458903
2019-05-13,764795.8930228632
2019-05-14,745741.0432614466
2019-05-15,753405.8600831984
2019-05-16,750202.4312410648
2019-05-17,744518.4178705534
2019-05-20,738283.0895655933
2019-05-21,737323.3353181406
2019-05-22,732903.4809665064
2019-05-23,722491.6014641196
2019-05-24,718016.1348909504
2019-05-28,722660.0898546583
2019-05-29,719323.3054106112
2019-05-30,711502.160854498
2019-05-31,778331.9265130264
2019-06-03,764298.0269528335
2019-06-04,759701.9711875812
2019-06-05,766773.3594324957
2019-06-06,767733.764712709
2019-06-07,776606.9722593772
2019-06-10,782658.7383729641
2019-06-11,793686.7134469079
2019-06-12,792398.0327792256
2019-06-13,792518.5783670256
2019-06-14,790066.8752114883
2019-06-17,797530.8299549493
2019-06-18,792535.0180957647
2019-06-19,805066.6909270573
2019-06-20,804585.5882928561
2019-06-21,803358.2372525644
2019-06-24,802041.7816960257
2019-06-25,793563.1454570538
2019-06-26,793442.7085229049
2019-06-27,789683.2353396699
2019-06-28,798179.5322042797
2019-07-01,796453.9721937621
2019-07-02,787748.850907371
2019-07-03,792384.8585482897
2019-07-05,798189.4940588876
2019-07-08,798461.1287402326
2019-07-09,799455.6782765809
2019-07-10,804238.9199940591
2019-07-11,799619.0380982957
2019-07-12,798352.9399796401
2019-07-15,796686.4199030185
2019-07-16,801638.8612291387
2019-07-17,800026.4227096501
2019-07-18,784873.2917044095
2019-07-19,787997.5343559806
2019-07-22,781519.371487503
2019-07-23,757198.9231862227
2019-07-24,770463.6502333918
2019-07-25,769770.0471814737
2019-07-26,774686.0425416861
2019-07-29,785116.9954083156
2019-07-30,791290.3953266895
2019-07-31,792513.0720360081
2019-08-01,791571.1660505087
2019-08-02,777147.1569208967
2019-08-05,771664.349620916
2019-08-06,749764.5311871334
2019-08-07,751480.9611746281
2019-08-08,756322.6666854138
2019-08-09,746379.0144651327
2019-08-12,743150.1028585155
2019-08-13,738547.6874804437
2019-08-14,749314.6698659826
2019-08-15,739238.813929725
2019-08-16,746391.9835312092
2019-08-19,751500.0457745532
2019-08-20,759563.4509346889
2019-08-21,769097.6683643461
2019-08-22,755139.3612415026
2019-08-23,758017.5044688941
2019-08-26,725324.417364312
2019-08-27,727627.2742569217
2019-08-28,738616.5137175866
2019-08-29,747063.6496420922
2019-08-30,754112.1096543662
2019-09-03,746703.9024581783
2019-09-04,739455.2506605536
2019-09-05,745062.3685159113
2019-09-06,754318.3670505723
2019-09-09,771198.7929137326
2019-09-10,779261.7115695095
2019-09-11,777330.7368501246
2019-09-12,771238.158623201
2019-09-13,783871.4837556864
2019-09-16,786414.404863327
2019-09-17,787267.1439520067
2019-09-18,777075.468401642
2019-09-19,784643.5082441672
2019-09-20,838115.2564056915
2019-09-23,844804.1228575581
2019-09-24,836176.672198838
2019-09-25,833722.5770200738
2019-09-26,824088.7534837486
2019-09-27,814287.3763555745
2019-09-30,798295.4403857557
2019-10-01,798570.4348670094
2019-10-02,793444.0033960936
2019-10-03,790254.4675357819
2019-10-04,794051.8347470639
2019-10-07,794981.7180970197
2019-10-08,773309.7993370439
2019-10-09,764596.3099439075
2019-10-10,764306.2918692413
2019-10-11,772994.7779700957
2019-10-14,757348.8994438184
2019-10-15,760076.15174141
2019-10-16,764832.7802174736
2019-10-17,764367.8972196999
2019-10-18,756190.2377097874
2019-10-21,760017.6807032987
2019-10-22,756846.2244678208
2019-10-23,762355.6103520378
2019-10-24,760523.9231603614
2019-10-25,764602.3999978248
2019-10-28,771639.9327168199
2019-10-29,774128.0832495182
2019-10-30,752411.4892423854
2019-10-31,749858.7976099617
2019-11-01,747148.4875706055
2019-11-04,757803.9882530319
2019-11-05,762580.515425216
2019-11-06,753239.2111031365
2019-11-07,744199.1527091172
2019-11-08,747772.7380078855
2019-11-11,750390.2561140967
2019-11-12,748657.7705914835
2019-11-13,749470.5866693205
2019-11-14,744720.6524387592
2019-11-15,745767.3481125059
2019-11-18,737241.3130791167
2019-11-19,733630.9997520931
2019-11-20,735558.5493883042
2019-11-21,738215.1775089648
2019-11-22,741636.5061708464
2019-11-25,758462.5002641621
2019-11-26,761859.8537491424
2019-11-27,767727.8054845259
2019-11-29,772872.9173587085
2019-12-02,770344.1841601006
2019-12-03,774729.2801871375
2019-12-04,764904.34017647
2019-12-05,760915.8073224874
2019-12-06,754855.408384307
2019-12-09,764274.4133583849
2019-12-10,759425.6424441795
2019-12-11,751648.2829956262
2019-12-12,754290.5531154827
2019-12-13,762718.966874219
2019-12-16,755483.008910528
2019-12-17,755750.4106135876
2019-12-18,753110.2822187475
2019-12-19,766267.4352493894
2019-12-20,755688.999433999
2019-12-23,756912.7699841083
2019-12-24,773638.1495647079
2019-12-26,754721.7652143842
2019-12-27,760706.3401086688
2019-12-30,767806.8707105608
2019-12-31,768265.5928694502
2020-01-02,765948.7236191862
2020-01-03,783756.4524721884
2020-01-06,770992.1970698292
2020-01-07,789978.3491180545
2020-01-08,798758.9525264573
2020-01-09,791764.8329808022
2020-01-10,794493.4555425888
2020-01-13,783745.9978210903
2020-01-14,805385.9658061237
2020-01-15,809121.403743506
2020-01-16,825921.2546705275
2020-01-17,815719.8340145606
2020-01-21,808004.5940845885
2020-01-22,798079.0745877298
2020-01-23,786498.2117526561
2020-01-24,783286.6485187388
2020-01-27,760023.5785658433
2020-01-28,762781.6879824953
2020-01-29,764790.3663629706
2020-01-30,746103.8402168676
2020-01-31,748555.6028163234
2020-02-03,741596.5936069262
2020-02-04,728296.3696599102
2020-02-05,743425.810347029
2020-02-06,749383.2114462791
2020-02-07,743751.5098674912
2020-02-10,744490.65574549
2020-02-11,753146.314952316
2020-02-12,754558.0833220779
2020-02-13,739964.5722051605
2020-02-14,747725.3270212285
2020-02-18,750455.785587543
2020-02-19,740646.7480858556
2020-02-20,758654.6208081086
2020-02-21,800461.4829244755
2020-02-24,801052.1945940075
2020-02-25,765020.1256834741
2020-02-26,748154.6868461502
2020-02-27,729019.4004253866
2020-02-28,708608.2032549997
2020-03-02,689980.460337485
2020-03-03,727130.826944518
2020-03-04,707641.7811495328
2020-03-05,725071.1293475885
2020-03-06,704763.4551309315
2020-03-09,666731.5344162384
2020-03-10,585663.5779643494
2020-03-11,600431.8171337927
2020-03-12,550591.8365652066
2020-03-13,485553.6187069541
2020-03-16,516151.6664331954
2020-03-17,477376.6552836051
2020-03-18,472947.4510960794
2020-03-19,505241.3362678044
2020-03-20,498950.98306916904
2020-03-23,494664.39863879234
2020-03-24,469978.2925528968
2020-03-25,518608.3617611535
2020-03-26,525992.3380785947
2020-03-27,545049.874828678
2020-03-30,519973.30020224024
2020-03-31,530018.7193732508
2020-04-01,514110.2434157833
2020-04-02,478547.6246166964
2020-04-03,492245.8241060617
2020-04-06,478359.6047883297
2020-04-07,536136.1544574287
2020-04-08,543813.7488599636
2020-04-09,592420.1867119209
2020-04-13,597508.2383016034
2020-04-14,579580.0355333048
2020-04-15,612544.641772295
2020-04-16,569993.3198524574
2020-04-17,581854.0107653503
2020-04-20,611012.9957066331
2020-04-21,596290.2618579721
2020-04-22,586160.2668245552
2020-04-23,596322.3740864043
2020-04-24,618530.8291139964
2020-04-27,626325.1193548938
2020-04-28,656934.0719505105
2020-04-29,664928.7582824377
2020-04-30,679983.6654061031
2020-05-01,657247.5627707957
2020-05-04,656957.4249940026
2020-05-05,657666.3035554363
2020-05-06,656129.8361086006
2020-05-07,652915.5777498418
2020-05-08,650345.756345164
2020-05-11,692177.3034040987
2020-05-12,676267.0635316042
2020-05-13,642626.0539680583
2020-05-14,640613.983283875
2020-05-15,664570.6171071716
2020-05-18,675807.1438037587
2020-05-19,698975.3063340605
2020-05-20,688432.3735078722
2020-05-21,695997.759660766
2020-05-22,694554.3458292695
2020-05-26,707180.7655775634
2020-05-27,675238.1171503577
2020-05-28,674187.1940331298
2020-05-29,678763.302091568
2020-06-01,708662.0223320961
2020-06-02,707552.4557555836
2020-06-03,717044.92607413
2020-06-04,739387.031204901
2020-06-05,739241.0766589984
2020-06-08,779570.8543098371
2020-06-09,762916.0356641457
2020-06-10,753213.9081721255
2020-06-11,760876.3348458412
2020-06-12,722456.354074631
2020-06-15,739646.8064407461
2020-06-16,757928.9771588652
2020-06-17,750788.3814413823
2020-06-18,755672.8061435447
2020-06-19,766758.4012953056
2020-06-22,773534.8558172843
2020-06-23,779673.7046754748
2020-06-24,775608.7080455341
2020-06-25,757877.5200737508
2020-06-26,765621.5727027048
2020-06-29,735622.0216107183
2020-06-30,743111.2370603437
2020-07-01,743742.8400658965
2020-07-02,760717.2418298625
2020-07-06,780447.4197045154
2020-07-07,781561.7901911973
2020-07-08,769272.1424255513
2020-07-09,771637.4069242607
2020-07-10,777518.8058072593
2020-07-13,758097.9196787096
2020-07-14,749003.6618020171
2020-07-15,746829.405929413
2020-07-16,746061.818535083
2020-07-17,743285.4361232652
2020-07-20,753897.241642912
2020-07-21,772057.8773128587
2020-07-22,756641.2359351724
2020-07-23,765755.6568378526
2020-07-24,749028.7180356628
2020-07-27,745405.9412065252
2020-07-28,740838.7263566913
2020-07-29,730616.5915271614
2020-07-30,735423.7676548043
2020-07-31,716880.2305096799
2020-08-03,732024.2731704684
2020-08-04,737488.4023764831
2020-08-05,750013.7786571264
2020-08-06,727993.3452514143
2020-08-07,756279.104010499
2020-08-10,752942.122135588
2020-08-11,766402.7715797283
2020-08-12,757012.6020732303
2020-08-13,745707.4690864105
2020-08-14,736119.0112750583
2020-08-17,734899.7138304192
2020-08-18,732909.6524607191
2020-08-19,741162.9688781182
2020-08-20,734279.5041159285
2020-08-21,720682.3599806168
2020-08-24,707629.6633869763
2020-08-25,722929.6704657868
2020-08-26,710940.6795714903
2020-08-27,705606.8570580195
2020-08-28,719694.5165716794
2020-08-31,705056.5438773743
2020-09-01,702626.9963039975
2020-09-02,690537.1381582593
2020-09-03,706465.4812326404
2020-09-04,683891.3084642299
2020-09-08,682115.4419116005
2020-09-09,665162.3638817676
2020-09-10,680394.8557218944
2020-09-11,654628.0141604939
2020-09-14,664408.0826586552
2020-09-15,680105.185352678
2020-09-16,694621.01345516
2020-09-17,698105.5167882234
2020-09-18,703530.5098851897
2020-09-21,677246.8750340879
2020-09-22,670453.9217522813
2020-09-23,665310.5914017835
2020-09-24,643633.5081949234
2020-09-25,651101.2615723356
2020-09-28,660830.6325922783
2020-09-29,680405.936421574
2020-09-30,664051.3058390972
2020-10-01,672660.3790364441
2020-10-02,681584.7448071755
2020-10-05,685113.9819867075
2020-10-06,713568.9847124517
2020-10-07,701970.1363615689
2020-10-08,710231.8533042789
2020-10-09,721339.93431329
2020-10-12,685847.8242307123
2020-10-13,705597.3545719031
2020-10-14,689706.9163552066
2020-10-15,682142.3687765014
2020-10-16,667210.0086878756
2020-10-19,675844.4170685695
2020-10-20,658547.892969487
2020-10-21,650832.7818838751
2020-10-22,657226.6486292619
2020-10-23,669513.476419747
2020-10-26,670141.6253816556
2020-10-27,658049.0443919641
2020-10-28,656397.2410040483
2020-10-29,632197.5738079577
2020-10-30,628445.4970618088
2020-11-02,619121.615220607
2020-11-03,638375.819222483
2020-11-04,641000.512600053
2020-11-05,646597.6266304291
2020-11-06,643712.2622390819
2020-11-09,644609.2955613657
2020-11-10,668670.5468307689
2020-11-11,653221.1962025057
2020-11-12,666799.8017776251
2020-11-13,654436.1614285512
2020-11-16,662861.6977363469
2020-11-17,680822.605004535
2020-11-18,687987.9220249146
2020-11-19,681437.79488224
2020-11-20,691180.9784432711
2020-11-23,700916.6841677082
2020-11-24,702696.7316225687
2020-11-25,721364.367896317
2020-11-27,729352.9123448255
2020-11-30,726193.489134386
2020-12-01,709328.1674724154
2020-12-02,720477.1538220685
2020-12-03,735684.0193729678
2020-12-04,749350.0266012003
2020-12-07,756403.4301462948
2020-12-08,761352.3893112177
2020-12-09,756414.709738142
2020-12-10,763835.8180831354
2020-12-11,761066.5007469705
2020-12-14,756086.3811118405
2020-12-15,756025.7000909831
2020-12-16,791594.1717867674
2020-12-17,802304.0055333778
2020-12-18,830094.1600654257
2020-12-21,836152.1743492372
2020-12-22,853295.1129778697
2020-12-23,854750.3057918905
2020-12-24,847915.161627467
2020-12-28,848958.6413704725
2020-12-29,837504.1442066352
2020-12-30,864818.1672515108
2020-12-31,847410.4984829413
2021-01-04,871764.8256490258
2021-01-05,886059.5393875107
2021-01-06,909237.456806007
2021-01-07,914437.6639941344
2021-01-08,922074.0005231084
2021-01-11,957876.4894864805
2021-01-12,995748.5250976428
2021-01-13,984291.2393457649
2021-01-14,1031828.4172591103
2021-01-15,1033631.9540933295
2021-01-19,1064506.005033992
2021-01-20,1060567.6223598057
2021-01-21,1055110.3510222018
2021-01-22,1076697.539013754
2021-01-25,1087974.1222669757
2021-01-26,1095908.4450676334
2021-01-27,1098889.7502349983
2021-01-28,1062308.8414425259
2021-01-29,1062241.3775353981
2021-02-01,1072821.9163710407
2021-02-02,1102820.9279916442
2021-02-03,1138448.3245337026
2021-02-04,1163097.7119275995
2021-02-05,1216814.6318070728
2021-02-08,1292087.7898300188
2021-02-09,1310160.673260464
2021-02-10,1326040.0912006414
2021-02-11,1286065.834225859
2021-02-12,1294184.3398374547
2021-02-16,1282388.8636247355
2021-02-17,1262952.2786947426
2021-02-18,1238280.2821206816
2021-02-19,1296844.121216586
2021-02-22,1300031.7255876644
2021-02-23,1225582.9722633534
2021-02-24,1248552.4486544477
2021-02-25,1252051.9290042338
2021-02-26,1193987.4894672185
2021-03-01,1212935.6296115331
2021-03-02,1298698.900518966
2021-03-03,1246760.279943054
2021-03-04,1176499.1610458132
2021-03-05,1147444.531754137
2021-03-08,1196470.886055826
2021-03-09,1247826.2569518087
2021-03-10,1235847.227975105
2021-03-11,1271299.6572552205
2021-03-12,1326970.9401823145
2021-03-15,1347014.1526033173
2021-03-16,1326995.1224682066
2021-03-17,1321217.944737746
2021-03-18,1286044.3219566424
2021-03-19,1295772.022149597
2021-03-22,1288328.700798891
2021-03-23,1258586.7603552362
2021-03-24,1187640.3999723622
2021-03-25,1206069.1099225292
2021-03-26,1174626.552260879
2021-03-29,1169945.0558096769
2021-03-30,1191621.1226528368
2021-03-31,1167885.7326950682
2021-04-01,1161653.1332635703
2021-04-05,1155014.525552086
2021-04-06,1175113.6520733377
2021-04-07,1138449.8033158637
2021-04-08,1141208.1272972552
2021-04-09,1134445.1400853703
2021-04-12,1102435.7497626415
2021-04-13,1077129.1077938562
2021-04-14,1104253.1189176412
2021-04-15,1064307.766607691
2021-04-16,1055632.494147282
2021-04-19,1045493.8197459909
2021-04-20,1019510.2426846281
2021-04-21,1034487.2425585606
2021-04-22,1062389.3285197697
2021-04-23,1050888.5483070686
2021-04-26,1099551.8876068837
2021-04-27,1110284.68527099
2021-04-28,1110161.6007655554
2021-04-29,1094816.1656588125
2021-04-30,1099700.7694303798
2021-05-03,1073911.5555033318
2021-05-04,1061916.7425950845
2021-05-05,1054226.4002468372
2021-05-06,1011190.4074061185
2021-05-07,1028388.2064530202
2021-05-10,1027070.4940748337
2021-05-11,1031651.7723489424
2021-05-12,1022501.761047321
2021-05-13,965707.8060819462
2021-05-14,997486.8629883889
2021-05-17,1039303.6754288264
2021-05-18,1062129.2478151815
2021-05-19,1045938.527009347
2021-05-20,1043960.4330081389
2021-05-21,1078422.5881016375
2021-05-24,1061249.032691962
2021-05-25,1073923.1807448016
2021-05-26,1094309.1864234575
2021-05-27,1106359.0398308309
2021-05-28,1111000.0532488513
2021-06-01,1137731.7434874012
2021-06-02,1143660.0555663435
2021-06-03,1152486.5874247013
2021-06-04,1141344.244906565
2021-06-07,1168844.2120494302
2021-06-08,1177462.3267934406
2021-06-09,1172940.3495936247
2021-06-10,1151988.0006990512
2021-06-11,1163784.0599522446
2021-06-14,1629713.2394659277
2021-06-15,1606665.9633763086
2021-06-16,1610286.2950014358
2021-06-17,1603092.630799244
2021-06-18,1622145.5208205665
2021-06-21,1609296.780570282
2021-06-22,1635736.8489553803
2021-06-23,1716339.256924419
2021-06-24,1740044.1331397502
2021-06-25,1824049.240588792
2021-06-28,1784467.2427603984
2021-06-29,1802425.6605511263
2021-06-30,1771446.5088120508
2021-07-01,1790619.9132463473
2021-07-02,1752737.1872663568
2021-07-06,1746569.5058758596
2021-07-07,1680449.4015727632
2021-07-08,1693129.0738523914
2021-07-09,1690097.2244430135
2021-07-12,1694653.8610851958
2021-07-13,1707042.3909093593
2021-07-14,1634378.6532790656
2021-07-15,1571725.2048134687
2021-07-16,1533231.7904593328
2021-07-19,1531030.5291644996
2021-07-20,1525882.1583517457
2021-07-21,1569821.7511588992
2021-07-22,1571709.795252307
2021-07-23,1548452.5732988198
2021-07-26,1559131.7429789314
2021-07-27,1552653.3131462813
2021-07-28,1560009.2286239285
2021-07-29,1558414.1037515663
2021-07-30,1565415.8003494989
2021-08-02,1551916.477114885
2021-08-03,1533198.3121924833
2021-08-04,1514869.019070184
2021-08-05,1535436.961336385
2021-08-06,1537783.0826717678
2021-08-09,1539643.264544452
2021-08-10,1561721.9421579912
2021-08-11,1517349.589100186
2021-08-12,1561718.8786117
2021-08-13,1508321.615773996
2021-08-16,1480958.3648643335
2021-08-17,1458453.3575126652
2021-08-18,1468892.4676109727
2021-08-19,1414519.4309271376
2021-08-20,1511234.8336492572
2021-08-23,1544299.3306118522
2021-08-24,1585154.7518666165
2021-08-25,1600567.5923464752
2021-08-26,1619196.7486162437
2021-08-27,1640330.4217644273
2021-08-30,1650834.0722581344
2021-08-31,1676061.8759630166
2021-09-01,1693774.112652435
2021-09-02,1728977.880022231
2021-09-03,1729861.5128578935
2021-09-07,1711912.6240970825
2021-09-08,1680991.4680561728
2021-09-09,1718350.5132908293
2021-09-10,1716122.768590984
2021-09-13,1684519.2864204287
2021-09-14,1665148.9314489518
2021-09-15,1664446.8185902713
2021-09-16,1679432.5380357483
2021-09-17,1693060.4074522592
2021-09-20,1663136.6548871375
2021-09-21,1659821.0462214805
2021-09-22,1691313.463209681
2021-09-23,1724436.9796644144
2021-09-24,1692779.446587268
2021-09-27,1746723.5327560818
2021-09-28,1740684.2247441534
2021-09-29,1674289.50683775
2021-09-30,1699418.883723205
2021-10-01,1678995.8859984758
2021-10-04,1674923.184565851
2021-10-05,1632640.0334517723
2021-10-06,1624633.2697992423
2021-10-07,1645525.0889835707
2021-10-08,1664830.977211662
2021-10-11,1656776.3129262973
2021-10-12,1641422.6871817096
2021-10-13,1609107.6297159432
2021-10-14,1571417.9548702918
2021-10-15,1576629.8594251769
2021-10-18,1544766.2498687597
2021-10-19,1551285.809384045
2021-10-20,1556113.3171538867
2021-10-21,1560753.103737956
2021-10-22,1576632.7546056448
2021-10-25,1578897.110349799
2021-10-26,1538135.8498196614
2021-10-27,1520857.7697469897
2021-10-28,1506036.7511627993
2021-10-29,1513289.428706775
2021-11-01,1537753.8182381014
2021-11-02,1537440.4557044834
2021-11-03,1573356.7437919106
2021-11-04,1564863.9369564308
2021-11-05,1555015.6602071694
2021-11-08,1580896.3042046437
2021-11-09,1583211.423610366
2021-11-10,1548961.3286007938
2021-11-11,1544620.8642817088
2021-11-12,1545934.6340696467
2021-11-15,1532606.3872385186
2021-11-16,1520958.0142536364
2021-11-17,1510475.3448895179
2021-11-18,1562886.7997283465
2021-11-19,1549587.8632262046
2021-11-22,1523977.8656736535
2021-11-23,1509214.901459152
2021-11-24,1536781.2761014053
2021-11-26,1542297.6527995982
2021-11-29,1503670.9040804454
2021-11-30,1521467.6819045471
2021-12-01,1480886.4574982224
2021-12-02,1463999.331756599
2021-12-03,1466651.737523428
2021-12-06,1470402.1251190254
2021-12-07,1495863.5919468189
2021-12-08,1524020.346370273
2021-12-09,1519243.9077467616
2021-12-10,1498682.9475210623
2021-12-13,1489543.450004705
2021-12-14,1471047.1559760554
2021-12-15,1462417.3734670205
2021-12-16,1478426.037689714
2021-12-17,1486189.2463403353
2021-12-20,1487300.84382269
2021-12-21,1474859.9782206789
2021-12-22,1482723.360896299
2021-12-23,1492165.3926343769
2021-12-27,1478559.8923323196
2021-12-28,1485959.7750161581
2021-12-29,1474698.4524976474
2021-12-30,1481985.3933444289
2021-12-31,1486270.3363513597
2022-01-03,1520318.2528784638
2022-01-04,1530695.9973967192
2022-01-05,1491571.5112035442
2022-01-06,1475554.401041617
2022-01-07,1466457.4956731775
2022-01-10,1448726.8434673743
2022-01-11,1470094.9433644365
2022-01-12,1475615.521685233
2022-01-13,1486440.5708777797
2022-01-14,1481082.9378289816
2022-01-18,1469549.950722197
2022-01-19,1422892.8140159498
2022-01-20,1376770.8920712702
2022-01-21,1346035.1331861587
2022-01-24,1325460.4768242755
2022-01-25,1346886.516275286
2022-01-26,1320916.644477019
2022-01-27,1277900.0710870808
2022-01-28,1256560.2522580766
2022-01-31,1332838.9664322413
2022-02-01,1359446.5884875758
2022-02-02,1300081.508855131
2022-02-03,1314420.3419436228
2022-02-04,1280124.6480234198
2022-02-07,1290749.5134900506
2022-02-08,1278924.4933208954
2022-02-09,1309147.7935102638
2022-02-10,1341060.3656184617
2022-02-11,1320757.3193041782
2022-02-14,1290466.9510016558
2022-02-15,1318364.3816804362
2022-02-16,1341555.9963434197
2022-02-17,1355291.991520751
2022-02-18,1306427.2124521274
2022-02-22,1294444.73421083
2022-02-23,1292411.1768911958
2022-02-24,1270653.1334078882
2022-02-25,1264712.1433927324
2022-02-28,1311109.4420851981
2022-03-01,1317204.7443939364
2022-03-02,1273048.9698247174
2022-03-03,1305479.9088206803
2022-03-04,1308417.4975159357
2022-03-07,1329353.640989212
2022-03-08,1299292.0092481107
2022-03-09,1263203.7903858484
2022-03-10,1303146.140248994
2022-03-11,1283623.224803005
2022-03-14,1225082.138631642
2022-03-15,1189928.102100155
2022-03-16,1222897.1229486999
2022-03-17,1280013.8730465814
2022-03-18,1306438.2875516322
2022-03-21,1313105.9214271146
2022-03-22,1299035.8927574698
2022-03-23,1333359.4136040967
2022-03-24,1315562.4438885201
2022-03-25,1324410.3167130454
2022-03-28,1306834.193270566
2022-03-29,1330365.4557737168
2022-03-30,1347912.387972042
2022-03-31,1354367.1587655963
2022-04-01,1325139.936642088
2022-04-04,1352524.028856164
2022-04-05,1360302.1145322344
2022-04-06,1312476.4177415967
2022-04-07,1267780.1051566668
2022-04-08,1269802.5431045108
2022-04-11,1280414.7479921933
2022-04-12,1235419.6628167515
2022-04-13,1230947.0635437972
2022-04-14,1255909.6579974915
2022-04-18,1196065.4729357276
2022-04-19,1182656.493579661
2022-04-20,1192516.1285618038
2022-04-21,1189480.3783668564
2022-04-22,1181523.7886069105
2022-04-25,1129717.5532946817
2022-04-26,1146557.289156173
2022-04-27,1089568.4062069573
2022-04-28,1070253.7888872263
2022-04-29,1167436.4623116828
2022-05-02,1115244.025243943
2022-05-03,1123079.5214042636
2022-05-04,1120770.8173021975
2022-05-05,1191614.0564591084
2022-05-06,1101128.7841851423
2022-05-09,1050587.5184579096
2022-05-10,994097.596960534
2022-05-11,971986.7801563211
2022-05-12,964315.1610018967
2022-05-13,984423.0485687288
2022-05-16,1004997.9902351651
2022-05-17,1004435.3932118762
2022-05-18,1044872.5711447861
2022-05-19,1005783.1748952826
2022-05-20,985294.2533731069
2022-05-23,960920.9199040235
2022-05-24,964634.4722371912
2022-05-25,966583.5056386978
2022-05-26,977081.9075698621
2022-05-27,1006424.614674745
2022-05-31,1042837.0987889102
2022-06-01,1035589.7092917461
2022-06-02,1032960.1346877443
2022-06-03,1074558.8922228925
2022-06-06,1052960.733532981
2022-06-07,1050488.1401993702
2022-06-08,1072402.0034083393
2022-06-09,1063584.3532565066
2022-06-10,1045567.681168547
2022-06-13,1011183.2663333861
2022-06-14,958814.5844622223
2022-06-15,966432.0257354993
2022-06-16,992726.1566203998
2022-06-17,961290.6910377574
2022-06-21,946955.2061812931
2022-06-22,983953.79497648
2022-06-23,985996.1876241175
2022-06-24,969860.2228525606
2022-06-27,1002198.7150903143
2022-06-28,990237.2337684539
2022-06-29,943272.1839184158
2022-06-30,946043.294630132
2022-07-01,930397.8854287226
2022-07-05,949013.6417220385
2022-07-06,945141.5624984696
2022-07-07,959067.6683890563
2022-07-08,986397.0996534226
2022-07-11,975600.6922047655
2022-07-12,962240.521744866
2022-07-13,937785.0535501417
2022-07-14,921316.13764543
2022-07-15,908617.61431302
2022-07-18,931019.9722401056
2022-07-19,923107.7132612357
2022-07-20,965527.8310281173
2022-07-21,977500.5334640105
2022-07-22,974736.3926056734
2022-07-25,954097.7352222647
2022-07-26,955687.7853972736
2022-07-27,936908.0171470325
2022-07-28,963724.2902684424
2022-07-29,965526.164681883
2022-08-01,983171.511396029
2022-08-02,991391.4774968708
2022-08-03,978265.2527778329
2022-08-04,993678.5020306192
2022-08-05,1002146.8548810546
2022-08-08,1018420.587881531
2022-08-09,999053.6031990406
2022-08-10,1010631.1638239403
2022-08-11,1041711.9381473766
2022-08-12,1051271.3952706996
2022-08-15,1069156.9821073215
2022-08-16,1066458.990273581
2022-08-17,1062314.4486386643
2022-08-18,1056067.4140201027
2022-08-19,1044808.5018545503
2022-08-22,1025161.7682370611
2022-08-23,1002538.6829224708
2022-08-24,1010967.0544396659
2022-08-25,1012938.7686039745
2022-08-26,1040509.9473408054
2022-08-29,994092.2225086116
2022-08-30,982807.8757173177
2022-08-31,980193.8262941808
2022-09-01,961210.005362841
2022-09-02,966140.0455645961
2022-09-06,939393.7951756141
2022-09-07,931693.237017948
2022-09-08,959655.4211926551
2022-09-09,957134.0747406115
2022-09-12,956654.7119117246
2022-09-13,989970.2936081346
2022-09-14,952921.843158149
2022-09-15,961451.5302917566
2022-09-16,942228.5856443726
2022-09-19,920609.8811172192
2022-09-20,922792.8952537628
2022-09-21,915252.6141397589
2022-09-22,883667.5944834255
2022-09-23,871150.0132461832
2022-09-26,862068.3377887555
2022-09-27,861191.638030146
2022-09-28,859962.7072276807
2022-09-29,871154.5064568111
2022-09-30,864338.0137146862
2022-10-03,849985.3533560795
2022-10-04,878360.1463758682
2022-10-05,895021.6324410698
2022-10-06,903362.0311491863
2022-10-07,900840.9934634919
2022-10-10,854449.9526841214
2022-10-11,855396.7859636628
2022-10-12,847875.0436380258
2022-10-13,822294.9829600618
2022-10-14,849473.1211340531
2022-10-17,815489.6797235534
2022-10-18,828800.2055169409
2022-10-19,829191.5325400908
2022-10-20,829499.6387474119
2022-10-21,818700.306085661
2022-10-24,829981.7657743441
2022-10-25,858291.7574844554
2022-10-26,883094.0892806774
2022-10-27,861492.4196148885
2022-10-28,856881.384305011
2022-10-31,898377.847330777
2022-11-01,894708.0054624167
2022-11-02,897173.5013564834
2022-11-03,870750.9617039335
2022-11-04,852059.6097675796
2022-11-07,846431.0292237011
2022-11-08,843213.4723699475
2022-11-09,826900.3114433817
2022-11-10,802543.3966060589
2022-11-11,883541.3185663252
2022-11-14,916109.6217525643
2022-11-15,885610.1175040022
2022-11-16,879038.9598215471
2022-11-17,857831.5819623125
2022-11-18,860216.5975483189
2022-11-21,855910.5459771631
2022-11-22,839597.2843914701
2022-11-23,850770.3390645736
2022-11-25,849954.8229784911
2022-11-28,814240.8620234779
2022-11-29,803199.12083207
2022-11-30,788637.1122785994
2022-12-01,810577.7382769474
2022-12-02,817207.4465749279
2022-12-05,805128.3847985982
2022-12-06,791404.9395530829
2022-12-07,778247.869166335
2022-12-08,770196.1280398518
2022-12-09,773718.649800198
2022-12-12,765396.3668300209
2022-12-13,771744.3609703474
2022-12-14,780986.9664587531
2022-12-15,768098.0502454744
2022-12-16,726628.1769651376
2022-12-19,697335.000285477
2022-12-20,739476.4635454755
2022-12-21,750015.8549481297
2022-12-22,759474.9124974896
2022-12-23,747768.2563086238
2022-12-27,738950.3546327084
2022-12-28,741953.4754016501
2022-12-29,734708.1504240324
2022-12-30,753731.3672543617
2023-01-03,772181.5884790818
2023-01-04,786425.1235479995
2023-01-05,791651.3574644852
2023-01-06,768641.3162744647
2023-01-09,795389.3114226412
2023-01-10,794439.50241138
2023-01-11,724618.2552556802
2023-01-12,743143.9457556403
2023-01-13,748735.006324617
2023-01-17,765443.8556261096
2023-01-18,761215.6831381884
2023-01-19,752826.2270200928
2023-01-20,739999.3597230152
2023-01-23,751233.0108675965
2023-01-24,762465.893667464
2023-01-25,768118.6532221427
2023-01-26,757039.3620761058
2023-01-27,767119.5614802107
2023-01-30,697810.7443713489
2023-01-31,693362.485630343
2023-02-01,694984.0383735057
2023-02-02,697714.9869818704
2023-02-03,705840.5247458965
2023-02-06,706845.277506396
2023-02-07,700368.8059396329
2023-02-08,694569.7724912539
2023-02-09,686749.6294449889
2023-02-10,695237.3696072495
2023-02-13,686685.353644445
2023-02-14,683428.9079055507
2023-02-15,681357.8646765882
2023-02-16,690612.9197713091
2023-02-17,685828.6316095663
2023-02-21,671069.0733778661
2023-02-22,661829.101313628
2023-02-23,661064.270540219
2023-02-24,666607.8780486375
2023-02-27,660958.1094413556
2023-02-28,663777.6182990054
2023-03-01,663636.2297885075
2023-03-02,666507.6694508621
2023-03-03,672007.8079461496
2023-03-06,682361.9928199742
2023-03-07,675380.9550847283
2023-03-08,667940.9058869886
2023-03-09,674537.1718155358
2023-03-10,661798.5163222048
2023-03-13,650859.2720427201
2023-03-14,647126.4059475524
2023-03-15,646640.5438281726
2023-03-16,639261.1930764862
2023-03-17,643458.1948529141
2023-03-20,636484.28512168
2023-03-21,642550.6404928437
2023-03-22,650010.605008488
2023-03-23,643549.7225431049
2023-03-24,639920.7572979683
2023-03-27,645296.1096435507
2023-03-28,647374.8563410364
2023-03-29,649713.5756451682
2023-03-30,654215.3359500802
2023-03-31,645296.0186922412
2023-04-03,657240.2726140217
2023-04-04,665118.1578549413
2023-04-05,662090.9641784602
2023-04-06,667887.8493097186
2023-04-10,673490.672905435
2023-04-11,686313.8768535092
2023-04-12,668758.0700263344
2023-04-13,680982.4119676431
2023-04-14,715108.7391135329
2023-04-17,737086.5823658877
2023-04-18,724128.8734398811
2023-04-19,705702.2139992255
2023-04-20,697901.8405847723
2023-04-21,692488.8891267718
2023-04-24,674132.4843776111
2023-04-25,694443.1227511717
2023-04-26,700038.6034721638
2023-04-27,682855.7484588872
2023-04-28,703716.4322541738
2023-05-01,710458.0517904485
2023-05-02,700763.300445674
2023-05-03,701790.4941512534
2023-05-04,688985.1524502295
2023-05-05,693041.8621922642
2023-05-08,713100.7839738684
2023-05-09,734376.0338686112
2023-05-10,730396.8819099275
2023-05-11,733890.7898467311
2023-05-12,719478.4561804835
2023-05-15,744378.8943456121
2023-05-16,763262.5646114954
2023-05-17,811448.6066176977
2023-05-18,796119.3044333508
2023-05-19,848333.500570351
2023-05-22,853047.538385635
2023-05-23,838937.745883788
2023-05-24,818415.5421825751
2023-05-25,746635.0347322744
2023-05-26,726022.5168096451
2023-05-30,722709.6727598141
2023-05-31,707455.8158286233
2023-06-01,711238.7661950453
2023-06-02,705863.8864198196
2023-06-05,703877.7831151525
2023-06-06,651112.3160080425
2023-06-07,661031.4559303599
2023-06-08,649159.1844885567
2023-06-09,640192.7020456085
2023-06-12,635501.002137317
2023-06-13,663006.0346402983
2023-06-14,650249.3650105108
2023-06-15,643097.5783664288
2023-06-16,650958.8966710502
2023-06-20,655817.8972391674
2023-06-21,655235.3813425954
2023-06-22,649758.2810096666
2023-06-23,645179.9794019447
2023-06-26,639004.2591811323
2023-06-27,628026.8040637923
2023-06-28,640094.5947728193
2023-06-29,634436.991790429
2023-06-30,633257.0956543268
2023-07-03,639141.964612382
2023-07-05,630384.2601364569
2023-07-06,623940.7265705798
2023-07-07,620937.356558218
2023-07-10,626219.5302271724
2023-07-11,629326.199482783
2023-07-12,616515.5947912972
2023-07-13,618644.6033509373
2023-07-14,621092.6803582372
2023-07-17,629994.2072382243
2023-07-18,630069.1660620056
2023-07-19,635354.9260209725
2023-07-20,636507.9965809991
2023-07-21,636819.885844864
2023-07-24,632603.9344578496
2023-07-25,627954.15690092
2023-07-26,634194.2794582829
2023-07-27,616853.0309451605
2023-07-28,614972.883181832
2023-07-31,630424.612198847
2023-08-01,619293.0522798084
2023-08-02,611865.811401273
2023-08-03,603564.444576217
2023-08-04,602847.0532620421
2023-08-07,597608.0782731072
2023-08-08,597999.608038146
2023-08-09,596997.0770838994
2023-08-10,591741.4608268964
2023-08-11,591451.3225034837
2023-08-14,584485.4320247073
2023-08-15,580454.9397770576
2023-08-16,571015.1605790873
2023-08-17,569149.942175979
2023-08-18,573269.3520248162
2023-08-21,576076.420216923
2023-08-22,577027.10687843
2023-08-23,573074.9884576035
2023-08-24,583025.8421733881
2023-08-25,573142.4796847864
2023-08-28,577053.1556663305
2023-08-29,577447.0911025398
2023-08-30,580737.0794839982
2023-08-31,577708.2933887955
2023-09-01,578654.5855442731
2023-09-05,579538.1814585974
2023-09-06,582066.3914414517
2023-09-07,577685.0254912511
2023-09-08,580082.9137232776
2023-09-11,579919.6011783374
2023-09-12,588373.6163907318
2023-09-13,580484.0342910634
2023-09-14,583165.4332173329
2023-09-15,596104.8941572567
2023-09-18,581182.3393108845
2023-09-19,575239.6167730124
2023-09-20,564565.3877616384
2023-09-21,547840.9458580853
2023-09-22,547675.2902460124
2023-09-25,538781.6218026922
2023-09-26,542998.0751861339
2023-09-27,537438.7332117042
2023-09-28,538034.7644637737
2023-09-29,538004.4429110638
2023-10-02,528604.0894368559
2023-10-03,555965.9192660098
2023-10-04,552866.0406962215
2023-10-05,559198.3723470845
2023-10-06,549543.0762211963
2023-10-09,558416.6913394236
2023-10-10,564456.72873712
2023-10-11,566092.5415540423
2023-10-12,561026.1041857383
2023-10-13,557880.1042073317
2023-10-16,566166.474580241
2023-10-17,575890.3980640626
2023-10-18,566641.6424719515
2023-10-19,546798.2868053631
2023-10-20,547785.5981425688
2023-10-23,532748.6573843472
2023-10-24,532119.3504417675
2023-10-25,531068.2623503776
2023-10-26,519425.3907961804
2023-10-27,519317.33423105784
2023-10-30,526784.2531061001
2023-10-31,532439.9099651983
2023-11-01,522668.7637535147
2023-11-02,547870.2127960373
2023-11-03,563401.4752020253
2023-11-06,554369.9502742873
2023-11-07,536415.5308049723
2023-11-08,529646.505684018
2023-11-09,527262.9867327113
2023-11-10,516213.8397432353
2023-11-13,523538.96212719445
2023-11-14,547121.9471954583
2023-11-15,550487.3576558599
2023-11-16,541288.5707858789
2023-11-17,540371.9659261778
2023-11-20,544723.3836251189
2023-11-21,542663.1047091167
2023-11-22,542880.6905188787
2023-11-24,557206.9915928378
2023-11-27,563223.0052306907
2023-11-28,557506.7598369898
2023-11-29,559739.3382007879
2023-11-30,558690.8684181619
2023-12-01,565332.6896256356
2023-12-04,578937.2851189949
2023-12-05,566881.7246684905
2023-12-06,569104.358851839
2023-12-07,560986.4808054429
2023-12-08,569227.37080582
2023-12-11,568577.9692054685
2023-12-12,578524.3345061075
2023-12-13,586547.42512421
2023-12-14,587574.7773197624
2023-12-15,585864.6735021928
2023-12-18,576465.6209851024
2023-12-19,590655.5496125054
2023-12-20,602144.5519774272
2023-12-21,598875.4022912687
2023-12-22,613522.1985079814
2023-12-26,631631.2450892101
2023-12-27,635876.2863644146
2023-12-28,634627.9398937658
2023-12-29,623854.7304033324
2024-01-02,622341.5007322474
2024-01-03,611228.109508443
2024-01-04,626940.6164694923
2024-01-05,621700.9029683718
2024-01-08,609056.8364280122
2024-01-09,614508.5155280712
2024-01-10,584093.9655580941
2024-01-11,585584.3464156006
2024-01-12,571036.5155805808
2024-01-16,571372.1230421484
2024-01-17,569241.3778053483
2024-01-18,530146.4974337004
2024-01-19,518148.65018263605
2024-01-22,546884.6848702084
2024-01-23,541929.5201733706
2024-01-24,532088.7281007692
2024-01-25,553782.7977636771
2024-01-26,570323.8855503151
2024-01-29,560869.4133014063
2024-01-30,565526.1759153927
2024-01-31,564115.4375570021
2024-02-01,575649.1238511764
2024-02-02,557458.5575159085
2024-02-05,568024.9814503893
2024-02-06,567955.4658270628
2024-02-07,549840.8148655493
2024-02-08,580609.6100990438
2024-02-09,590473.9285872878
2024-02-12,603561.1086392677
2024-02-13,581864.0345546855
2024-02-14,575018.6464335129
2024-02-15,586555.2262343524
2024-02-16,622426.6370066481
2024-02-20,617484.3676462987
2024-02-21,629633.1194167646
2024-02-22,631599.964346483
2024-02-23,671711.0592222089
2024-02-26,686763.8476676864
2024-02-27,686838.4877606098
2024-02-28,682913.8578738128
2024-02-29,677535.2519560693
2024-03-01,698694.7562007613
2024-03-04,729995.4311337591
2024-03-05,734778.8755517594
2024-03-06,714920.9811722768
2024-03-07,748788.3659024371
2024-03-08,790984.257355002
2024-03-11,738174.0366427073
2024-03-12,736767.5947237323
2024-03-13,758896.8283764949
2024-03-14,721537.3749715625
2024-03-15,725858.3964780645
2024-03-18,727169.2879118469
2024-03-19,746763.5660951416
2024-03-20,739507.8655236927
2024-03-21,742672.8509119978
2024-03-22,749924.1778526368
2024-03-25,745133.1981113227
2024-03-26,734583.0638961092
2024-03-27,724700.6023355424
2024-03-28,719292.6436370588
2024-04-01,707424.3135372074
2024-04-02,680600.0355405718
2024-04-03,672552.3832510231
2024-04-04,672447.7762548072
2024-04-05,666314.5731200636
2024-04-08,697968.0903231066
2024-04-09,685579.3673822994
2024-04-10,680349.0220256324
2024-04-11,659066.4637036338
2024-04-12,670542.1387490538
2024-04-15,647130.4143919006
2024-04-16,640649.135986761
2024-04-17,632152.5934893555
2024-04-18,623074.3826218657
2024-04-19,624199.6388827988
2024-04-22,611248.7294897967
2024-04-23,611779.9583048451
2024-04-24,618095.6891510441
2024-04-25,610014.3987205855
2024-04-26,608130.2453537792
2024-04-29,608905.1613088474
2024-04-30,619709.7737936978
2024-05-01,611349.82207634
2024-05-02,607269.6349388354
2024-05-03,609175.0049909521
2024-05-06,614018.0106101779
2024-05-07,622922.356643302
2024-05-08,632894.000060572
2024-05-09,643154.6357937378
2024-05-10,639620.9735143142
2024-05-13,642642.9811693372
2024-05-14,633113.9475205594
2024-05-15,630193.7583338819
2024-05-16,634036.8750597584
2024-05-17,665752.3322919767
2024-05-20,673903.2902666973
2024-05-21,675091.5787860069
2024-05-22,672381.1658958273
2024-05-23,664501.753895989
2024-05-24,680147.6755571761
2024-05-28,692146.0476062159
2024-05-29,697602.1705830073
2024-05-30,694433.4536952345
2024-05-31,682150.0356463873
2024-06-03,683877.9838329077
2024-06-04,676788.4192485824
2024-06-05,673029.5175736723
2024-06-06,669655.3545398016
2024-06-07,669546.2041073869
2024-06-10,662630.129485544
2024-06-11,665061.0655921191
2024-06-12,678155.8768778228
2024-06-13,673836.464514226
2024-06-14,651343.7555824151
2024-06-17,634274.07498817
2024-06-18,627123.0677568644
2024-06-20,622813.8670715652
2024-06-21,621502.2405524981
2024-06-24,618956.4686281512
2024-06-25,613801.4029166474
2024-06-26,607584.1461327967
2024-06-27,612785.8358568336
2024-06-28,621972.2341608471
2024-07-01,612948.6380304507
2024-07-02,603312.4602656737
2024-07-03,608607.3513271767
2024-07-05,612737.4908790372
2024-07-08,620028.2568218332
2024-07-09,614109.3512012807
2024-07-10,615688.719474762
2024-07-11,641727.13328437
2024-07-12,656872.7950767777
2024-07-15,661082.7861168988
2024-07-16,675762.8328662468
2024-07-17,669572.6685177785
2024-07-18,648321.2305701047
2024-07-19,646282.2648069904
2024-07-22,637005.2259929581
2024-07-23,651833.4676279972
2024-07-24,648613.4721297579
2024-07-25,641910.6352200609
2024-07-26,640474.3806098609
2024-07-29,630895.0749449817
2024-07-30,637468.5111195387
2024-07-31,626806.8842928354
2024-08-01,613831.1239093133
2024-08-02,593624.5892109768
2024-08-05,565602.7546713749
2024-08-06,545547.1633854219
2024-08-07,528242.9568267064
2024-08-08,520370.48431696545
2024-08-09,528157.4497454184
2024-08-12,528920.5874810498
2024-08-13,512082.4386607375
2024-08-14,510087.5761282753
2024-08-15,508727.11413637066
2024-08-16,519800.11283461016
2024-08-19,521436.01532576676
2024-08-20,514098.1405351875
2024-08-21,522371.73075192136
2024-08-22,520647.08986224013
2024-08-23,525107.0609307351
2024-08-26,545113.1208103921
2024-08-27,530927.7771002146
2024-08-28,531326.6236737091
2024-08-29,543998.478990088
2024-08-30,537489.9906601196
2024-09-03,533432.5115639593
2024-09-04,514820.1592560822
2024-09-05,507203.6883012921
2024-09-06,507853.8689400926
2024-09-09,492134.63597210764
2024-09-10,497017.1549549761
2024-09-11,493126.5638232572
2024-09-12,498713.2044499283
2024-09-13,511247.013722267
2024-09-16,507981.8379222617
2024-09-17,509238.37899446266
2024-09-18,505860.4437765219
2024-09-19,504413.91705086554
2024-09-20,508787.66395361844
2024-09-23,498455.4543834378
2024-09-24,500812.95735274296
2024-09-25,497975.9799748376
2024-09-26,498510.26116595475
2024-09-27,508152.76903850265
2024-09-30,505079.4762057571
2024-10-01,503202.9177610557
2024-10-02,506457.95370983216
2024-10-03,502070.97940794815
2024-10-04,501578.55735911935
2024-10-07,512488.99313396163
2024-10-08,495817.4415935588
2024-10-09,497551.2130188329
2024-10-10,501636.4385801609
2024-10-11,503800.6033082129
2024-10-14,506901.2022697185
2024-10-15,523469.8279588726
2024-10-16,523572.9282903488
2024-10-17,523264.0740762967
2024-10-18,526084.3596527223
2024-10-21,530447.1976993355
2024-10-22,530364.6526813951
2024-10-23,533513.2273081625
2024-10-24,530408.5830541437
2024-10-25,534693.8224948298
2024-10-28,545899.3159051298
2024-10-29,543187.1924311728
2024-10-30,543679.1979907904
2024-10-31,543499.1042105657
2024-11-01,530655.4997871354
2024-11-04,534117.0664780554
2024-11-05,528173.633041434
2024-11-06,532834.9883717978
2024-11-07,536587.576784891
2024-11-08,540423.6996892166
2024-11-11,548481.6894366264
2024-11-12,550103.2215161173
2024-11-13,540656.8016290509
2024-11-14,526614.1043859837
2024-11-15,515059.3143460793
2024-11-18,492017.21879318455
2024-11-19,495584.4857162984
2024-11-20,495098.1514745748
2024-11-21,493739.4481212346
2024-11-22,510393.83752926014
2024-11-25,520606.0851889769
2024-11-26,519057.8622506189
2024-11-27,536722.3881507696
2024-11-29,532545.3272443915
2024-12-02,541213.4205462298
2024-12-03,530933.4623632192
2024-12-04,522092.0500882098
2024-12-05,521279.7746959305
2024-12-06,518091.36500422965
2024-12-09,520026.82185105013
2024-12-10,517682.92408450827
2024-12-11,512808.5144750154
2024-12-12,512535.4832413216
2024-12-13,496518.21444727294
2024-12-16,488060.9790061879
2024-12-17,499049.8436465891
2024-12-18,499360.1045952795
2024-12-19,472517.9997451143
2024-12-20,476082.1212876357
2024-12-23,474852.51862416504
2024-12-24,476263.8367271771
2024-12-26,485858.7840371118
2024-12-27,485828.61984436086
2024-12-30,479124.3760385931
2024-12-31,470096.38410094084
