date,portfolio_value
2010-09-30,1000526.1199289366
2010-10-01,992815.9784835142
2010-10-04,995019.9377512624
2010-10-05,989198.3840686388
2010-10-06,1002904.0362265583
2010-10-07,1002004.9523875334
2010-10-08,999708.2303150354
2010-10-11,1002258.6914677132
2010-10-12,1000359.8867670947
2010-10-13,1006216.063188574
2010-10-14,1015730.6933633592
2010-10-15,1009566.8589633701
2010-10-18,1014231.8396177182
2010-10-19,1015495.8664248135
2010-10-20,1007437.8809117427
2010-10-21,1015574.3039362741
2010-10-22,1018713.1677579902
2010-10-25,1021378.4463397487
2010-10-26,1021847.0520858048
2010-10-27,1023621.3293167541
2010-10-28,1018734.9002301726
2010-10-29,1019075.6504787097
2010-11-01,1017494.5917047696
2010-11-02,1025366.9283837241
2010-11-03,1028315.4024570248
2010-11-04,1031224.5204548134
2010-11-05,1047858.9080257239
2010-11-08,1048691.3562916205
2010-11-09,1045855.3939556532
2010-11-10,1041806.3237056965
2010-11-11,1043377.9191064475
2010-11-12,1043159.3244425708
2010-11-15,1035474.2078378785
2010-11-16,1031505.1685048637
2010-11-17,1018753.0152971705
2010-11-18,1015367.5178906672
2010-11-19,1026189.6833850235
2010-11-22,1032025.8527256274
2010-11-23,1036527.8123187812
2010-11-24,1025511.276502039
2010-11-26,1042447.0693902912
2010-11-29,1026737.5636609297
2010-11-30,1026275.3232448765
2010-12-01,1013827.2163558381
2010-12-02,1028893.452141271
2010-12-03,1035225.3924821011
2010-12-06,1037627.014618405
2010-12-07,1039819.1349773032
2010-12-08,1039111.8632180664
2010-12-09,1040234.580064325
2010-12-10,1048972.433591157
2010-12-13,1053732.5614717046
2010-12-14,1055886.1784997827
2010-12-15,1053439.2272461075
2010-12-16,1052337.3175043433
2010-12-17,1053251.241345949
2010-12-20,1050639.8748413853
2010-12-21,1050208.7886136663
2010-12-22,1055606.2718173405
2010-12-23,1059740.4417460277
2010-12-27,1060000.283566134
2010-12-28,1059662.460382648
2010-12-29,1059214.8232612414
2010-12-30,1059263.8029861103
2010-12-31,1050260.2601336392
2011-01-03,1053246.3118192162
2011-01-04,1052128.7147295477
2011-01-05,1050312.598035628
2011-01-06,1055656.9553466053
2011-01-07,1053735.547000365
2011-01-10,1053078.821819261
2011-01-11,1050920.636852109
2011-01-12,1052372.9029265475
2011-01-13,1063100.450051162
2011-01-14,1062748.904603475
2011-01-18,1067223.3343698415
2011-01-19,1060035.7422652184
2011-01-20,1049332.6079566614
2011-01-21,1043946.0019687407
2011-01-24,1048686.355940189
2011-01-25,1059786.4490567704
2011-01-26,1064745.8607599183
2011-01-27,1070195.696607633
2011-01-28,1066064.8016114032
2011-01-31,1045081.3929665239
2011-02-01,1051310.5735999413
2011-02-02,1066368.3233978818
2011-02-03,1065410.2279625135
2011-02-04,1061606.6633093464
2011-02-07,1065540.9301578617
2011-02-08,1068847.7020841984
2011-02-09,1070175.0694620253
2011-02-10,1067527.5901013075
2011-02-11,1070316.244883499
2011-02-14,1073543.0068624928
2011-02-15,1075582.2880146897
2011-02-16,1071711.1795904457
2011-02-17,1078446.1108521952
2011-02-18,1085194.7238805927
2011-02-22,1088231.4491318066
2011-02-23,1061125.9896537194
2011-02-24,1058094.5026172614
2011-02-25,1065836.8565776786
2011-02-28,1071178.019416214
2011-03-01,1080283.2803261962
2011-03-02,1065986.345600228
2011-03-03,1066415.115894776
2011-03-04,1082875.2737927001
2011-03-07,1073137.1301417374
2011-03-08,1071351.9781324815
2011-03-09,1083838.0494077723
2011-03-10,1079169.1215345692
2011-03-11,1054107.987196815
2011-03-14,1059468.374957269
2011-03-15,1053888.861615458
2011-03-16,1049156.3713786746
2011-03-17,1024546.1667548845
2011-03-18,1041455.8040155283
2011-03-21,1047592.1953117788
2011-03-22,1064706.3020420417
2011-03-23,1058050.7977240947
2011-03-24,1053992.593758714
2011-03-25,1064754.3487957392
2011-03-28,1065384.889836597
2011-03-29,1060597.9154826214
2011-03-30,1068511.4779006664
2011-03-31,1083961.3678767073
2011-04-01,1084423.0960207768
2011-04-04,1093879.4133952286
2011-04-05,1092928.5545934027
2011-04-06,1093928.7081370968
2011-04-07,1092375.9990346597
2011-04-08,1082820.7038174064
2011-04-11,1080324.3663277656
2011-04-12,1074194.6104688558
2011-04-13,1066052.7430384713
2011-04-14,1071136.9101474527
2011-04-15,1075482.7459597504
2011-04-18,1077081.228448234
2011-04-19,1062808.1333543148
2011-04-20,1066477.1565486179
2011-04-21,1076067.9397226006
2011-04-25,1079484.8622226398
2011-04-26,1081247.2979074745
2011-04-27,1087390.1928626182
2011-04-28,1099875.0195538353
2011-04-29,1104992.641441319
2011-05-02,1101139.4476329929
2011-05-03,1099681.3939107067
2011-05-04,1094893.0591588449
2011-05-05,1094508.3150878882
2011-05-06,1084189.762902403
2011-05-09,1090716.681104671
2011-05-10,1095429.6086258178
2011-05-11,1098831.2400593616
2011-05-12,1093542.8307846314
2011-05-13,1090629.6205481112
2011-05-16,1081664.696944664
2011-05-17,1072963.2159558749
2011-05-18,1074793.6940467642
2011-05-19,1083680.8095050626
2011-05-20,1089235.3283671523
2011-05-23,1079710.9069742295
2011-05-24,1064251.2184679247
2011-05-25,1067489.577664102
2011-05-26,1073807.1437095264
2011-05-27,1078853.6554144805
2011-05-31,1103664.4015728647
2011-06-01,1113070.7803475587
2011-06-02,1089488.3619180184
2011-06-03,1088995.9582865927
2011-06-06,1084610.8840913149
2011-06-07,1078035.1794628191
2011-06-08,1082691.0664951063
2011-06-09,1071684.234631391
2011-06-10,1082856.969314966
2011-06-13,1069640.4833048058
2011-06-14,1070103.3347602726
2011-06-15,1086954.0510968443
2011-06-16,1074427.5742966959
2011-06-17,1073942.660924863
2011-06-20,1078396.4647023617
2011-06-21,1076065.7119528684
2011-06-22,1090117.3799172535
2011-06-23,1085162.201679882
2011-06-24,1094638.6460164427
2011-06-27,1082679.4120945127
2011-06-28,1085915.0811634148
2011-06-29,1095523.1548347247
2011-06-30,1099621.320348629
2011-07-01,1107711.3479599687
2011-07-05,1126895.009580248
2011-07-06,1130984.1025381126
2011-07-07,1132307.7191090188
2011-07-08,1143103.9615555748
2011-07-11,1139597.8353263966
2011-07-12,1128495.006354494
2011-07-13,1127301.3537909912
2011-07-14,1125512.060677149
2011-07-15,1117986.3159782568
2011-07-18,1119173.5189404334
2011-07-19,1110301.761452461
2011-07-20,1125133.8344453217
2011-07-21,1119691.328420543
2011-07-22,1124521.0287797689
2011-07-25,1118391.6326959056
2011-07-26,1107700.568083893
2011-07-27,1100403.048218034
2011-07-28,1083973.353207529
2011-07-29,1083728.337083464
2011-08-01,1084112.5856175816
2011-08-02,1081773.6389718882
2011-08-03,1059253.828715574
2011-08-04,1065724.0796822116
2011-08-05,1018731.8466278905
2011-08-08,995829.1059676734
2011-08-09,968169.234086915
2011-08-10,1006848.8092422261
2011-08-11,965441.2789403441
2011-08-12,996314.073583538
2011-08-15,1006902.0873243712
2011-08-16,1024479.2527326394
2011-08-17,1019468.7884196879
2011-08-18,1023635.0630046654
2011-08-19,990744.0915475157
2011-08-22,979128.0966887338
2011-08-23,978831.1032652834
2011-08-24,1005757.3790002494
2011-08-25,1011813.1467112346
2011-08-26,997496.0853141662
2011-08-29,1014973.7149745398
2011-08-30,1041030.3441642465
2011-08-31,1040991.8179268884
2011-09-01,1035257.6294599494
2011-09-02,1022314.2199398181
2011-09-06,1003597.581696531
2011-09-07,998460.2332736335
2011-09-08,1023694.2347850262
2011-09-09,1018098.3218935607
2011-09-12,991871.564388598
2011-09-13,998559.5631681839
2011-09-14,1005721.3836736707
2011-09-15,1011651.3460119772
2011-09-16,1027744.3581307958
2011-09-19,1029851.3439186641
2011-09-20,1014511.434151841
2011-09-21,1007585.2840542801
2011-09-22,993791.4612777606
2011-09-23,969723.988897046
2011-09-26,968832.3325432471
2011-09-27,994789.3478816069
2011-09-28,994231.2575050709
2011-09-29,993118.414845043
2011-09-30,1005030.9280615094
2011-10-03,969072.6022125073
2011-10-04,963494.4565432564
2011-10-05,974360.6721054247
2011-10-06,992879.7544825351
2011-10-07,994752.8213025087
2011-10-10,985599.370432631
2011-10-11,1017124.4994562385
2011-10-12,1018351.4346217979
2011-10-13,1027162.6399073706
2011-10-14,1019178.2271504054
2011-10-17,1029004.8895415325
2011-10-18,1013321.9896662382
2011-10-19,1032592.8114056507
2011-10-20,1021583.1430412284
2011-10-21,1027235.4625670098
2011-10-24,1055415.138826331
2011-10-25,1066203.447558221
2011-10-26,1047497.9651584215
2011-10-27,1074792.99288424
2011-10-28,1106126.3456979874
2011-10-31,1115078.2620752295
2011-11-01,1084884.7825981986
2011-11-02,1057193.8885954495
2011-11-03,1074213.7193792034
2011-11-04,1094763.6519843992
2011-11-07,1082103.5131082542
2011-11-08,1084623.739690615
2011-11-09,1099042.8663919705
2011-11-10,1057866.7104697987
2011-11-11,1067367.133406867
2011-11-14,1082309.541643824
2011-11-15,1077565.9359114156
2011-11-16,1085317.7300215047
2011-11-17,1076306.8390778466
2011-11-18,1065099.7920532043
2011-11-21,1063568.4733904647
2011-11-22,1040675.2640768262
2011-11-23,1040426.5423063772
2011-11-25,1013544.3999392081
2011-11-28,1009691.4906681923
2011-11-29,1037220.2131656215
2011-11-30,1037431.8085402969
2011-12-01,1074276.8079261745
2011-12-02,1074237.8147677022
2011-12-05,1127959.1408735758
2011-12-06,1139487.4150456798
2011-12-07,1137573.2385609138
2011-12-08,1141685.5569883548
2011-12-09,1116134.9598307665
2011-12-12,1145786.4122740438
2011-12-13,1129092.7661815505
2011-12-14,1124651.5161438729
2011-12-15,1117298.7665988405
2011-12-16,1125210.5716566858
2011-12-19,1129222.6938066361
2011-12-20,1107231.6093204676
2011-12-21,1151762.2180242338
2011-12-22,1147901.780246457
2011-12-23,1151812.2805775777
2011-12-27,1168434.3822253298
2011-12-28,1169516.5935621522
2011-12-29,1150370.2711571497
2011-12-30,1161150.415799467
2012-01-03,1146519.0618922347
2012-01-04,1156803.902870587
2012-01-05,1159869.17203409
2012-01-06,1162909.224732564
2012-01-09,1157149.4227263418
2012-01-10,1160812.6975202463
2012-01-11,1170208.4749298224
2012-01-12,1169543.9843379138
2012-01-13,1169895.6563997532
2012-01-17,1164009.4161599625
2012-01-18,1165508.4092031019
2012-01-19,1176425.7475712884
2012-01-20,1185996.8970010432
2012-01-23,1191314.4248855137
2012-01-24,1190357.116046625
2012-01-25,1186685.8323652532
2012-01-26,1203420.4156830483
2012-01-27,1199994.835886347
2012-01-30,1196949.004029015
2012-01-31,1197807.7483134016
2012-02-01,1205356.101884597
2012-02-02,1214047.8207288182
2012-02-03,1214902.8015787173
2012-02-06,1225803.9573708598
2012-02-07,1226274.4671262135
2012-02-08,1225996.0154939487
2012-02-09,1223904.9451667974
2012-02-10,1221846.9052174017
2012-02-13,1218302.3447033719
2012-02-14,1225329.6739748474
2012-02-15,1223512.0049318536
2012-02-16,1219154.5724887466
2012-02-17,1231179.7587055543
2012-02-21,1233482.0130925137
2012-02-22,1227977.6314453366
2012-02-23,1230189.2996117405
2012-02-24,1234270.2839952237
2012-02-27,1234652.9463516283
2012-02-28,1227274.2502973631
2012-02-29,1226114.9595316015
2012-03-01,1216327.467451074
2012-03-02,1211682.4645757647
2012-03-05,1218757.1234812452
2012-03-06,1217369.0108823893
2012-03-07,1199791.5304052562
2012-03-08,1202522.6063125185
2012-03-09,1231769.5188738646
2012-03-12,1235126.425003608
2012-03-13,1226448.4789401826
2012-03-14,1240937.2856442188
2012-03-15,1240218.7273288677
2012-03-16,1242011.0708330714
2012-03-19,1249997.2565656474
2012-03-20,1252214.0821637763
2012-03-21,1249571.5076715103
2012-03-22,1250044.1179649131
2012-03-23,1245116.5724653308
2012-03-26,1247776.943026871
2012-03-27,1263106.913185226
2012-03-28,1262123.5494818024
2012-03-29,1255271.9254559197
2012-03-30,1245021.3760851203
2012-04-02,1254397.226764573
2012-04-03,1260253.0919483376
2012-04-04,1253275.4059000926
2012-04-05,1238134.2294580205
2012-04-09,1235078.4704986857
2012-04-10,1224118.2324658222
2012-04-11,1209275.4614340325
2012-04-12,1213401.86227751
2012-04-13,1231194.2624339282
2012-04-16,1224788.6060237149
2012-04-17,1217436.060861275
2012-04-18,1229673.8264247773
2012-04-19,1226240.4037853621
2012-04-20,1225743.1770327399
2012-04-23,1224796.643137357
2012-04-24,1220936.416693007
2012-04-25,1222082.7821284314
2012-04-26,1235382.6488063594
2012-04-27,1248019.5540104036
2012-04-30,1245570.256842553
2012-05-01,1234387.0810359188
2012-05-02,1248471.3973703373
2012-05-03,1247915.0219282345
2012-05-04,1244839.0516548671
2012-05-07,1229975.919325441
2012-05-08,1238067.9414428738
2012-05-09,1234007.993299195
2012-05-10,1229789.6061029122
2012-05-11,1231827.73626564
2012-05-14,1230183.8626690565
2012-05-15,1224013.8758076818
2012-05-16,1219551.6979075333
2012-05-17,1215615.725109301
2012-05-18,1201957.3463566091
2012-05-21,1184950.2074082273
2012-05-22,1195236.670476136
2012-05-23,1199833.766186844
2012-05-24,1199830.2231717724
2012-05-25,1204789.5558288742
2012-05-29,1195165.5222978198
2012-05-30,1209420.2734532324
2012-05-31,1199502.48068505
2012-06-01,1201085.1707712705
2012-06-04,1177699.110909969
2012-06-05,1179099.7747331855
2012-06-06,1180842.4707913056
2012-06-07,1199886.8508682614
2012-06-08,1200976.799487817
2012-06-11,1204274.5735001825
2012-06-12,1189298.25743488
2012-06-13,1199860.6771579839
2012-06-14,1193478.6992525095
2012-06-15,1198755.326040301
2012-06-18,1206523.8550395845
2012-06-19,1212355.815624586
2012-06-20,1219230.7501737229
2012-06-21,1223258.8656318411
2012-06-22,1203020.3860921732
2012-06-25,1214779.1294678855
2012-06-26,1195974.9115811477
2012-06-27,1204096.247821354
2012-06-28,1217542.353143686
2012-06-29,1209062.2375848312
2012-07-02,1244036.7023782036
2012-07-03,1249840.7062869635
2012-07-05,1255894.6056297466
2012-07-06,1256632.6424202533
2012-07-09,1248370.7062209793
2012-07-10,1251975.6967761833
2012-07-11,1244058.372672413
2012-07-12,1248291.0223786898
2012-07-13,1242555.294122186
2012-07-16,1259892.0986640053
2012-07-17,1255140.1294826323
2012-07-18,1255856.392831379
2012-07-19,1254030.762634645
2012-07-20,1257752.9321049054
2012-07-23,1248413.2105532729
2012-07-24,1233509.0988291714
2012-07-25,1228377.3029604761
2012-07-26,1216894.528534624
2012-07-27,1232818.4247446745
2012-07-30,1252676.006623936
2012-07-31,1255648.8661842006
2012-08-01,1234538.2514768282
2012-08-02,1236251.2792535487
2012-08-03,1232555.7956422071
2012-08-06,1249924.7178499266
2012-08-07,1246663.4047131944
2012-08-08,1250894.2669207125
2012-08-09,1249208.6977237866
2012-08-10,1246866.9978872621
2012-08-13,1248188.2684189703
2012-08-14,1244643.3939374087
2012-08-15,1249605.0645768926
2012-08-16,1251950.9256846828
2012-08-17,1264694.3572996666
2012-08-20,1264743.0901608348
2012-08-21,1266870.7052452664
2012-08-22,1258838.5237016315
2012-08-23,1260226.959504284
2012-08-24,1250637.7243879677
2012-08-27,1258615.546376603
2012-08-28,1263207.924087658
2012-08-29,1267067.4135182092
2012-08-30,1266102.5246554688
2012-08-31,1256148.946876137
2012-09-04,1273331.1422447327
2012-09-05,1270803.308941674
2012-09-06,1265532.0121284605
2012-09-07,1285525.7750568565
2012-09-10,1294703.9865835782
2012-09-11,1289757.1470850527
2012-09-12,1293788.2250296292
2012-09-13,1290647.6986691863
2012-09-14,1310791.253138435
2012-09-17,1313210.8239014475
2012-09-18,1311239.295619544
2012-09-19,1307119.8492956373
2012-09-20,1304010.7870893308
2012-09-21,1310691.5210880789
2012-09-24,1312109.5944239988
2012-09-25,1308653.0427538715
2012-09-26,1301976.5477754248
2012-09-27,1294286.0815775096
2012-09-28,1297009.4296743223
2012-10-01,1292059.9170803793
2012-10-02,1295677.9902002532
2012-10-03,1291263.4866362056
2012-10-04,1297351.1514495008
2012-10-05,1306662.4673247486
2012-10-08,1306193.4832148121
2012-10-09,1302185.5975655192
2012-10-10,1298558.448853651
2012-10-11,1294665.3561128695
2012-10-12,1289976.4246063437
2012-10-15,1284620.5819177087
2012-10-16,1287824.8585585393
2012-10-17,1302989.4865917019
2012-10-18,1306058.0572353008
2012-10-19,1306893.0073946659
2012-10-22,1293075.2209880173
2012-10-23,1300775.6179875252
2012-10-24,1293219.3283054843
2012-10-25,1291521.7891795337
2012-10-26,1289162.439404549
2012-10-31,1296870.955428267
2012-11-01,1302665.7366314554
2012-11-02,1307551.0578712942
2012-11-05,1300453.6047204242
2012-11-06,1304834.313733382
2012-11-07,1302591.9624790584
2012-11-08,1296548.3314164043
2012-11-09,1284193.818816933
2012-11-12,1282789.2827858517
2012-11-13,1278113.6395719738
2012-11-14,1263596.701760428
2012-11-15,1248187.206236987
2012-11-16,1255331.5871352917
2012-11-19,1262726.928740695
2012-11-20,1283404.9927354797
2012-11-21,1283998.433855217
2012-11-23,1285135.848212864
2012-11-26,1300855.082669455
2012-11-27,1301311.0890380994
2012-11-28,1293825.4442435578
2012-11-29,1306414.5226142218
2012-11-30,1313475.2937387333
2012-12-03,1319224.104414039
2012-12-04,1317258.0946279354
2012-12-05,1314174.2730982255
2012-12-06,1313755.2696634321
2012-12-07,1314731.2275460074
2012-12-10,1320698.6468016969
2012-12-11,1319528.977529407
2012-12-12,1315991.9466127725
2012-12-13,1318458.2176402137
2012-12-14,1315625.9082004814
2012-12-17,1305064.208741852
2012-12-18,1317839.9514196783
2012-12-19,1333417.2868641557
2012-12-20,1331792.258871928
2012-12-21,1339574.6580354215
2012-12-24,1328303.9332962667
2012-12-26,1322521.0276883694
2012-12-27,1319729.667951214
2012-12-28,1321267.1629601321
2012-12-31,1309496.3018958473
2013-01-02,1332797.7958238039
2013-01-03,1359620.9474997325
2013-01-04,1360227.2755810083
2013-01-07,1363204.5600159566
2013-01-08,1363799.565375749
2013-01-09,1363896.6205112254
2013-01-10,1360646.1104881607
2013-01-11,1366358.3776584535
2013-01-14,1366645.929697914
2013-01-15,1369226.2408182889
2013-01-16,1368395.0206173244
2013-01-17,1371429.1007663603
2013-01-18,1379017.8228319352
2013-01-22,1387841.5586652767
2013-01-23,1388142.8476706555
2013-01-24,1393243.8631744022
2013-01-25,1388334.9414967643
2013-01-28,1400586.2860187995
2013-01-29,1402018.7357712614
2013-01-30,1401072.089279942
2013-01-31,1405342.2975045564
2013-02-01,1400779.2131794642
2013-02-04,1408728.4060616996
2013-02-05,1394711.965532764
2013-02-06,1407618.4910323033
2013-02-07,1404202.755515612
2013-02-08,1400774.8724922943
2013-02-11,1406957.6558833283
2013-02-12,1412739.9946994854
2013-02-13,1418247.8720889706
2013-02-14,1415907.8542535622
2013-02-15,1419566.0962170362
2013-02-19,1419483.4722464413
2013-02-20,1423756.3492669354
2013-02-21,1413885.5079214666
2013-02-22,1408268.513197562
2013-02-25,1412675.8795297318
2013-02-26,1392642.1673283735
2013-02-27,1396962.0428541056
2013-02-28,1413623.8770364034
2013-03-01,1411769.3552934707
2013-03-04,1412294.0410586528
2013-03-05,1418176.1913348662
2013-03-06,1430777.5967197167
2013-03-07,1433505.0653137085
2013-03-08,1434989.4923818952
2013-03-11,1436768.5336856982
2013-03-12,1440763.028544847
2013-03-13,1443492.1320488034
2013-03-14,1449142.7937940403
2013-03-15,1461751.9323466285
2013-03-18,1459804.8600494964
2013-03-19,1462691.3025909832
2013-03-20,1463491.1289994135
2013-03-21,1472565.2179421962
2013-03-22,1461396.623496344
2013-03-25,1476873.4866446964
2013-03-26,1470361.085067291
2013-03-27,1477225.1789522597
2013-03-28,1475607.8473276612
2013-04-01,1469570.331752742
2013-04-02,1454431.7419847196
2013-04-03,1456688.1672552293
2013-04-04,1450170.0813900148
2013-04-05,1455697.018059284
2013-04-08,1453658.6893487365
2013-04-09,1452146.7621073222
2013-04-10,1457574.5468284523
2013-04-11,1468040.373144119
2013-04-12,1473914.9138428832
2013-04-15,1459740.064346727
2013-04-16,1437721.923510749
2013-04-17,1451453.7984186378
2013-04-18,1439433.3415594664
2013-04-19,1438187.1665576568
2013-04-22,1443226.5560407115
2013-04-23,1453027.2271766572
2013-04-24,1470472.5960164077
2013-04-25,1469661.9299632795
2013-04-26,1469828.9818362743
2013-04-29,1469311.4183706767
2013-04-30,1483093.8112354027
2013-05-01,1468299.1996483058
2013-05-02,1460496.676062678
2013-05-03,1475461.8953141887
2013-05-06,1491649.7157501855
2013-05-07,1499266.589573444
2013-05-08,1501801.5972909802
2013-05-09,1502096.7826694679
2013-05-10,1499011.8177305302
2013-05-13,1500426.940790077
2013-05-14,1497207.3470087347
2013-05-15,1511230.147866971
2013-05-16,1524025.4628364735
2013-05-17,1513320.863474096
2013-05-20,1527212.583169134
2013-05-21,1526155.207571186
2013-05-22,1523255.285071684
2013-05-23,1514491.030068791
2013-05-24,1512152.4020669686
2013-05-28,1509581.823076044
2013-05-29,1507689.8323417774
2013-05-30,1498523.2526973411
2013-05-31,1503709.655208658
2013-06-03,1489158.359140193
2013-06-04,1492777.4063261768
2013-06-05,1489947.6100361417
2013-06-06,1476074.0294725231
2013-06-07,1475838.7671518966
2013-06-10,1496115.257788852
2013-06-11,1493166.7243796152
2013-06-12,1480236.4847854255
2013-06-13,1471532.242451954
2013-06-14,1488895.9566562
2013-06-17,1478688.0602153884
2013-06-18,1490336.4683711533
2013-06-19,1501448.7416843425
2013-06-20,1488037.6816010643
2013-06-21,1461003.1853463976
2013-06-24,1466200.277269618
2013-06-25,1449663.9250502808
2013-06-26,1455778.7265513928
2013-06-27,1480552.462980144
2013-06-28,1491525.5331357713
2013-07-01,1492537.3323430754
2013-07-02,1504532.7431360795
2013-07-03,1506164.1176244975
2013-07-05,1505871.5691942966
2013-07-08,1521230.4345327215
2013-07-09,1534737.1619833505
2013-07-10,1546552.2939474676
2013-07-11,1542020.1316790613
2013-07-12,1563029.1287965053
2013-07-15,1568097.0714019088
2013-07-16,1577582.4854711874
2013-07-17,1571540.5765763754
2013-07-18,1581343.6580503702
2013-07-19,1588829.9275145698
2013-07-22,1592249.6057425982
2013-07-23,1601745.5411539671
2013-07-24,1596576.011131319
2013-07-25,1601138.5221312407
2013-07-26,1598016.7500247278
2013-07-29,1593894.0959501334
2013-07-30,1585634.8419336816
2013-07-31,1580498.2708306513
2013-08-01,1579364.9982420332
2013-08-02,1592051.0783226846
2013-08-05,1597314.7402207814
2013-08-06,1592185.8087727774
2013-08-07,1581208.6267434263
2013-08-08,1576059.0322313567
2013-08-09,1580169.8638767886
2013-08-12,1578602.4896495184
2013-08-13,1568171.4137778354
2013-08-14,1577281.5152350878
2013-08-15,1567628.0850904842
2013-08-16,1547197.0697779257
2013-08-19,1537848.457124454
2013-08-20,1542239.4167954181
2013-08-21,1544195.3527487174
2013-08-22,1537446.5515893004
2013-08-23,1548654.2055648693
2013-08-26,1552454.203654226
2013-08-27,1539374.9566012737
2013-08-28,1513731.6632229874
2013-08-29,1528346.3479536953
2013-08-30,1515903.6083547953
2013-09-03,1509621.9262008872
2013-09-04,1510297.2574918284
2013-09-05,1522010.882781765
2013-09-06,1523491.4672208163
2013-09-09,1528102.7205307346
2013-09-10,1542223.1181982176
2013-09-11,1548993.7769505973
2013-09-12,1551707.8268841575
2013-09-13,1551592.5594734796
2013-09-16,1548951.4645409493
2013-09-17,1560820.381575765
2013-09-18,1565158.3552500976
2013-09-19,1577403.0834085995
2013-09-20,1588178.9593332356
2013-09-23,1586371.63360131
2013-09-24,1584694.1054896472
2013-09-25,1581902.5743365542
2013-09-26,1571888.0277819452
2013-09-27,1579584.1877712482
2013-09-30,1577649.4516048562
2013-10-01,1570471.317572315
2013-10-02,1572236.595741782
2013-10-03,1569386.8607463602
2013-10-04,1554258.184427083
2013-10-07,1564947.557276856
2013-10-08,1562969.4533945539
2013-10-09,1549201.9311488585
2013-10-10,1546418.919455522
2013-10-11,1584470.7131823464
2013-10-14,1595589.1424167233
2013-10-15,1601885.2561052085
2013-10-16,1581535.7644908049
2013-10-17,1601902.4917515097
2013-10-18,1611610.8215468344
2013-10-21,1617691.4233433497
2013-10-22,1616311.1411640458
2013-10-23,1630928.8333187422
2013-10-24,1629873.071621204
2013-10-25,1629865.367926745
2013-10-28,1635003.8862194787
2013-10-29,1628670.5591391898
2013-10-30,1631368.1180123915
2013-10-31,1615586.5683439313
2013-11-01,1607407.5405155174
2013-11-04,1612241.3213418408
2013-11-05,1622171.702404951
2013-11-06,1616582.699560775
2013-11-07,1624573.8589845567
2013-11-08,1611823.953705583
2013-11-11,1624004.051715717
2013-11-12,1627818.0617381898
2013-11-13,1624067.854693214
2013-11-14,1628437.7694884953
2013-11-15,1631923.8301967762
2013-11-18,1643225.9005324512
2013-11-19,1636982.7368724167
2013-11-20,1638281.8827465707
2013-11-21,1645031.7735548343
2013-11-22,1655743.1972473466
2013-11-25,1666602.3925380858
2013-11-26,1675393.8794074417
2013-11-27,1686121.7215839943
2013-11-29,1693889.2748823436
2013-12-02,1679891.9940078955
2013-12-03,1679888.4958364207
2013-12-04,1667919.9716228822
2013-12-05,1675761.9829288484
2013-12-06,1671318.103035142
2013-12-09,1680087.5857680822
2013-12-10,1674505.5853856504
2013-12-11,1669593.2057143552
2013-12-12,1660351.159185857
2013-12-13,1660167.507593728
2013-12-16,1670427.055797785
2013-12-17,1676397.8608032172
2013-12-18,1666996.091057491
2013-12-19,1681453.7832691008
2013-12-20,1697276.2626501666
2013-12-23,1709305.9564112097
2013-12-24,1718885.4618971718
2013-12-26,1714335.329777059
2013-12-27,1723459.138031723
2013-12-30,1717895.2523122372
2013-12-31,1710832.0216319414
2014-01-02,1715351.3976040771
2014-01-03,1706457.2217404256
2014-01-06,1701735.3875906735
2014-01-07,1699166.0824640703
2014-01-08,1704309.9433831666
2014-01-09,1705132.1881911426
2014-01-10,1706401.7459404499
2014-01-13,1717690.4644158087
2014-01-14,1694177.4098089715
2014-01-15,1710584.5623277046
2014-01-16,1722280.3368174678
2014-01-17,1723202.5794412931
2014-01-21,1726083.516498407
2014-01-22,1732928.9497833524
2014-01-23,1735634.6195829466
2014-01-24,1728530.4758727811
2014-01-27,1691342.596950202
2014-01-28,1680175.2260184248
2014-01-29,1682147.3436326815
2014-01-30,1673280.241509989
2014-01-31,1680176.8094572087
2014-02-03,1668095.1914881866
2014-02-04,1638759.7067454401
2014-02-05,1641103.5982748354
2014-02-06,1629707.3457919196
2014-02-07,1639677.029467017
2014-02-10,1656411.4267660491
2014-02-11,1658323.9874355951
2014-02-12,1676954.7575319353
2014-02-13,1683245.802277155
2014-02-14,1688509.602803773
2014-02-18,1701230.5423689475
2014-02-19,1694351.0361762545
2014-02-20,1691177.962465903
2014-02-21,1702630.9608619087
2014-02-24,1702319.867296035
2014-02-25,1707076.3294005094
2014-02-26,1716445.920297543
2014-02-27,1710929.647487904
2014-02-28,1717101.631541932
2014-03-03,1723616.672303656
2014-03-04,1729917.0527576187
2014-03-05,1744799.0900660362
2014-03-06,1743374.6670398917
2014-03-07,1750718.4403561584
2014-03-10,1753141.7708608564
2014-03-11,1747739.7519324652
2014-03-12,1745822.716850287
2014-03-13,1751970.5051330174
2014-03-14,1746150.1843670825
2014-03-17,1736021.1421344664
2014-03-18,1754071.1937669436
2014-03-19,1759596.536797143
2014-03-20,1754280.978221631
2014-03-21,1772753.1389210213
2014-03-24,1765330.7175814519
2014-03-25,1755528.0402590483
2014-03-26,1751704.2656949777
2014-03-27,1736953.7015426399
2014-03-28,1731261.5810780996
2014-03-31,1750627.8241362246
2014-04-01,1764562.3771556313
2014-04-02,1772935.0780696892
2014-04-03,1773783.1340039738
2014-04-04,1763053.4004510024
2014-04-07,1751875.4895225337
2014-04-08,1736046.0525132008
2014-04-09,1734853.6355145986
2014-04-10,1751201.4271826572
2014-04-11,1720683.909751855
2014-04-14,1702980.68947045
2014-04-15,1704243.749238372
2014-04-16,1707213.1751269167
2014-04-17,1725330.9086354838
2014-04-21,1726724.4073144333
2014-04-22,1735035.308811518
2014-04-23,1737798.170497878
2014-04-24,1729072.7356688203
2014-04-25,1726748.3781307433
2014-04-28,1710794.5773155652
2014-04-29,1711769.250737064
2014-04-30,1718949.5034521648
2014-05-01,1722657.652597563
2014-05-02,1726892.6570734987
2014-05-05,1719115.2239586364
2014-05-06,1719018.5881414684
2014-05-07,1706023.8981276485
2014-05-08,1709470.6911271997
2014-05-09,1720329.9467203617
2014-05-12,1735147.6777023382
2014-05-13,1729993.3784534049
2014-05-14,1714972.038890021
2014-05-15,1714163.411013289
2014-05-16,1707540.4945134784
2014-05-19,1717363.5183092912
2014-05-20,1717368.8679275294
2014-05-21,1703684.4923428134
2014-05-22,1722779.8108453183
2014-05-23,1733508.654172628
2014-05-27,1746149.591859636
2014-05-28,1746340.5138337025
2014-05-29,1738433.2517306553
2014-05-30,1744897.2728186797
2014-06-02,1742280.0333294563
2014-06-03,1740942.9103208291
2014-06-04,1743617.6800973623
2014-06-05,1767911.6347394458
2014-06-06,1779838.0782757495
2014-06-09,1790530.8487523536
2014-06-10,1789725.527832236
2014-06-11,1783830.2061660206
2014-06-12,1779414.135501944
2014-06-13,1768100.5412436316
2014-06-16,1769932.6588226254
2014-06-17,1777845.8144480102
2014-06-18,1777934.599166388
2014-06-19,1785750.1209993889
2014-06-20,1791522.8165593904
2014-06-23,1788326.4711083318
2014-06-24,1789900.0207776222
2014-06-25,1781281.9087642028
2014-06-26,1787067.463256576
2014-06-27,1795834.5030205273
2014-06-30,1795093.9111344072
2014-07-01,1798892.9962378135
2014-07-02,1799905.5857170504
2014-07-03,1799319.1933471917
2014-07-07,1796187.8985678952
2014-07-08,1795704.169627502
2014-07-09,1781735.9665992737
2014-07-10,1783530.531967769
2014-07-11,1776623.3156903367
2014-07-14,1778493.935628969
2014-07-15,1783394.8847111661
2014-07-16,1774953.110221972
2014-07-17,1778218.1088820726
2014-07-18,1766672.390807833
2014-07-21,1775392.8786168003
2014-07-22,1771020.6554406313
2014-07-23,1775278.1576778886
2014-07-24,1776550.7780977846
2014-07-25,1772074.153151008
2014-07-28,1763282.4682016557
2014-07-29,1764415.8740725077
2014-07-30,1759273.0464260278
2014-07-31,1764358.1204102216
2014-08-01,1744929.6079735095
2014-08-04,1738496.448254079
2014-08-05,1753223.4143568114
2014-08-06,1748615.399210382
2014-08-07,1753620.6535097861
2014-08-08,1746118.8414249383
2014-08-11,1766981.523622544
2014-08-12,1765626.472189347
2014-08-13,1763633.8040575732
2014-08-14,1768816.0709787526
2014-08-15,1773610.9594260613
2014-08-18,1778527.7273878416
2014-08-19,1785168.8156080968
2014-08-20,1785346.635890956
2014-08-21,1789527.396169524
2014-08-22,1792919.2021475888
2014-08-25,1787003.625294682
2014-08-26,1798378.7176436635
2014-08-27,1797638.9958739402
2014-08-28,1792424.4134971588
2014-08-29,1794863.3189872187
2014-09-02,1802462.6638395377
2014-09-03,1797417.6198009702
2014-09-04,1793029.8625224489
2014-09-05,1791831.490678639
2014-09-08,1801984.0343927776
2014-09-09,1793629.960419482
2014-09-10,1780456.3237005947
2014-09-11,1786679.8467536762
2014-09-12,1777483.0112668136
2014-09-15,1761049.5565851196
2014-09-16,1761121.5719496878
2014-09-17,1768257.5878777136
2014-09-18,1766633.6695000941
2014-09-19,1772866.766876419
2014-09-22,1763007.8843520405
2014-09-23,1747954.7049910815
2014-09-24,1734429.653491642
2014-09-25,1750764.9934404248
2014-09-26,1727659.7509314823
2014-09-29,1735951.5232832977
2014-09-30,1718613.5083103958
2014-10-01,1726034.9030077688
2014-10-02,1716033.554911002
2014-10-03,1710443.1978889208
2014-10-06,1721734.136219071
2014-10-07,1724390.182282468
2014-10-08,1716934.4175048585
2014-10-09,1737673.9991227498
2014-10-10,1721624.426617491
2014-10-13,1738319.8544575402
2014-10-14,1731881.4564390448
2014-10-15,1737451.150048107
2014-10-16,1742141.130086471
2014-10-17,1726765.443724681
2014-10-20,1742378.5239582763
2014-10-21,1749093.1572354455
2014-10-22,1766054.1111949843
2014-10-23,1757157.5908671755
2014-10-24,1761330.5507674078
2014-10-27,1773832.107773155
2014-10-28,1794516.7825573175
2014-10-29,1804637.4165528722
2014-10-30,1807620.5501799285
2014-10-31,1819955.407457554
2014-11-03,1830782.8676310987
2014-11-04,1832942.4361648278
2014-11-05,1823614.722261984
2014-11-06,1825772.9477195898
2014-11-07,1836171.4113809085
2014-11-10,1842396.9795026514
2014-11-11,1840665.620425225
2014-11-12,1849344.574421298
2014-11-13,1838433.3513998145
2014-11-14,1833777.8116872949
2014-11-17,1825190.6576870554
2014-11-18,1821766.142393517
2014-11-19,1814466.5999375575
2014-11-20,1823613.1811025792
2014-11-21,1819163.936612301
2014-11-24,1837619.1432371472
2014-11-25,1842534.0164906103
2014-11-26,1845854.3760266288
2014-11-28,1835765.4404947392
2014-12-01,1825807.605421107
2014-12-02,1829922.2466083881
2014-12-03,1840607.9607585853
2014-12-04,1841712.1401231312
2014-12-05,1842425.9818281466
2014-12-08,1835153.900466861
2014-12-09,1853981.536408201
2014-12-10,1843336.4234425449
2014-12-11,1828154.624439629
2014-12-12,1830001.8408343852
2014-12-15,1802021.1890687195
2014-12-16,1806192.5430827648
2014-12-17,1809233.3465503238
2014-12-18,1813163.989610511
2014-12-19,1845792.1299470442
2014-12-22,1856877.4974433044
2014-12-23,1957304.221601003
2014-12-24,1956297.2196802935
2014-12-26,1961699.5777194449
2014-12-29,1973349.4090161077
2014-12-30,1976935.6220735977
2014-12-31,1966914.5068802382
2015-01-02,1954303.5513711076
2015-01-05,1960957.179182446
2015-01-06,1933260.9186615197
2015-01-07,1917443.3379567892
2015-01-08,1926432.0158169328
2015-01-09,1939424.579246349
2015-01-12,1931995.3154307546
2015-01-13,1928311.101100325
2015-01-14,1924242.7287104477
2015-01-15,1915768.4362659566
2015-01-16,1915244.5878560778
2015-01-20,1914357.8242378684
2015-01-21,1906377.3849955506
2015-01-22,1931757.4126848916
2015-01-23,1944414.9005649572
2015-01-26,1941798.286291166
2015-01-27,1953400.1701372804
2015-01-28,1938840.852593079
2015-01-29,1930491.14161504
2015-01-30,1924577.2851410056
2015-02-02,1912619.714277743
2015-02-03,1931581.8566973987
2015-02-04,1946401.5617966605
2015-02-05,1953100.085417404
2015-02-06,1961634.949551552
2015-02-09,1951124.5034945619
2015-02-10,1937898.9952635295
2015-02-11,1946908.0330308266
2015-02-12,1955930.0286115117
2015-02-13,1963391.2261372043
2015-02-17,1965544.934167669
2015-02-18,1966935.6306565139
2015-02-19,1964753.5924023797
2015-02-20,1963481.1265048264
2015-02-23,1972603.7084580567
2015-02-24,1970241.3350134436
2015-02-25,1975624.105890978
2015-02-26,1979533.4392086694
2015-02-27,1984458.1897589327
2015-03-02,1981285.960552676
2015-03-03,1989669.9117779387
2015-03-04,1982875.2075690336
2015-03-05,1980581.1807548488
2015-03-06,1983423.7430472018
2015-03-09,1970058.1620389014
2015-03-10,1979408.8837715308
2015-03-11,1965304.3471787164
2015-03-12,1977781.5913971004
2015-03-13,1998628.8818658157
2015-03-16,1980598.6125359256
2015-03-17,2005052.7338627747
2015-03-18,1998048.4692588751
2015-03-19,2014149.51070375
2015-03-20,2015921.8940518904
2015-03-23,2031884.9872307782
2015-03-24,2032393.465463134
2015-03-25,2019613.6669785134
2015-03-26,2004322.5146718863
2015-03-27,2005424.6018926834
2015-03-30,2010163.1793653867
2015-03-31,2029710.1515051622
2015-04-01,2027043.4561381922
2015-04-02,2026701.08663536
2015-04-06,2024863.192639301
2015-04-07,2030473.528077524
2015-04-08,2026137.400959889
2015-04-09,2014097.903213974
2015-04-10,2023493.8921979622
2015-04-13,2036310.851938714
2015-04-14,2029265.1775675511
2015-04-15,2030166.4529644954
2015-04-16,2032295.6636544704
2015-04-17,2022979.6784100132
2015-04-20,2014162.654887111
2015-04-21,2022504.1484478607
2015-04-22,2017552.1724272382
2015-04-23,2024316.5557762126
2015-04-24,2025000.249035635
2015-04-27,2029531.8391772816
2015-04-28,2034467.5068115364
2015-04-29,2031144.4086594624
2015-04-30,2015147.2984967225
2015-05-01,1989308.6091128415
2015-05-04,2001700.7585395644
2015-05-05,2003900.5717522216
2015-05-06,1997679.869093546
2015-05-07,1993945.6689679928
2015-05-08,1992302.0608586264
2015-05-11,2015341.929190958
2015-05-12,2013635.415613491
2015-05-13,2009296.6023155563
2015-05-14,2014490.8885950178
2015-05-15,2021111.5349105345
2015-05-18,2031152.0445521676
2015-05-19,2027044.9139186144
2015-05-20,2028660.302392752
2015-05-21,2020178.51040029
2015-05-22,2017323.0258720494
2015-05-26,2013177.5807894506
2015-05-27,2003940.4222383394
2015-05-28,2017180.9591133904
2015-05-29,2016161.5609620856
2015-06-01,2007589.1018975638
2015-06-02,2010884.365497404
2015-06-03,2015355.8412281296
2015-06-04,2015408.1110986685
2015-06-05,2013132.4630365502
2015-06-08,2015529.5453139492
2015-06-09,2008029.6512360012
2015-06-10,2012974.2545404504
2015-06-11,2027680.123983702
2015-06-12,2040867.8091626796
2015-06-15,2031203.4754359578
2015-06-16,2028725.8624886614
2015-06-17,2026684.3784114039
2015-06-18,2033637.7212799916
2015-06-19,2057202.227667807
2015-06-22,2050733.7122587613
2015-06-23,2062482.1684113308
2015-06-24,2066389.218412995
2015-06-25,2059794.1338988233
2015-06-26,2057702.238222315
2015-06-29,2052196.6368538036
2015-06-30,2021521.8186583628
2015-07-01,2032836.8416909245
2015-07-02,2038267.4284876725
2015-07-06,2046798.582819101
2015-07-07,2038106.2194777078
2015-07-08,2057008.2324364353
2015-07-09,2033851.729407351
2015-07-10,2044388.970655868
2015-07-13,2051326.7986644
2015-07-14,2067710.5820240655
2015-07-15,2073104.107226436
2015-07-16,2068982.1262879176
2015-07-17,2078113.043040545
2015-07-20,2071710.2636055953
2015-07-21,2066811.8984094255
2015-07-22,2075941.6586214562
2015-07-23,2057119.4031454062
2015-07-24,2046590.7970733235
2015-07-27,2042159.4959444331
2015-07-28,2022343.2691893873
2015-07-29,2045257.0779810692
2015-07-30,2055729.588032076
2015-07-31,2061984.4811716531
2015-08-03,2066472.1703267086
2015-08-04,2067084.8550842558
2015-08-05,2061236.7170346382
2015-08-06,2068277.4290077395
2015-08-07,2053399.602824921
2015-08-10,2046137.395136406
2015-08-11,2063000.453425958
2015-08-12,2045289.2511693535
2015-08-13,2047296.4840902796
2015-08-14,2059039.6317137198
2015-08-17,2066207.6486624603
2015-08-18,2074457.4123343232
2015-08-19,2074122.3363055065
2015-08-20,2067306.160064123
2015-08-21,2061641.4542419726
2015-08-24,2011964.9761941289
2015-08-25,1970344.8682336898
2015-08-26,1946885.4920564878
2015-08-27,1974865.8492637584
2015-08-28,2002243.6492651976
2015-08-31,2013550.3486322742
2015-09-01,2006598.064704873
2015-09-02,1974610.9515001292
2015-09-03,1992395.6789106461
2015-09-04,2003119.082583527
2015-09-08,1984593.2785990345
2015-09-09,2008999.6931659137
2015-09-10,1998240.7620958171
2015-09-11,2009560.966845131
2015-09-14,2017364.1253028011
2015-09-15,2012449.4627425042
2015-09-16,2020033.5962729114
2015-09-17,2031904.965538785
2015-09-18,2038900.5472973834
2015-09-21,2036011.2375077188
2015-09-22,2044724.2404734083
2015-09-23,2038817.2769265883
2015-09-24,2042750.3972923981
2015-09-25,2033275.791272032
2015-09-28,2040638.7023469477
2015-09-29,2014085.5954813822
2015-09-30,1996148.7245557546
2015-10-01,2010347.9913097073
2015-10-02,2000770.5245222563
2015-10-05,2033990.4934947714
2015-10-06,2050108.9372917993
2015-10-07,2065668.1624265537
2015-10-08,2082232.1448035156
2015-10-09,2084327.2088596455
2015-10-12,2096853.831646818
2015-10-13,2087861.7326546817
2015-10-14,2063820.6081833602
2015-10-15,2071740.0580056703
2015-10-16,2085433.9097175167
2015-10-19,2095505.950229073
2015-10-20,2105024.783753478
2015-10-21,2094619.2498628327
2015-10-22,2096321.437717604
2015-10-23,2108094.265504522
2015-10-26,2120330.3035270404
2015-10-27,2101902.9578783237
2015-10-28,2120436.1346945893
2015-10-29,2121511.7877090713
2015-10-30,2103884.5071143215
2015-11-02,2109663.126915885
2015-11-03,2120281.9574079877
2015-11-04,2133986.137402923
2015-11-05,2142630.914499008
2015-11-06,2145646.9786130567
2015-11-09,2136631.390718801
2015-11-10,2136285.4661782314
2015-11-11,2141447.5539001958
2015-11-12,2125819.6918234825
2015-11-13,2110236.740268422
2015-11-16,2094038.6327772753
2015-11-17,2110074.250031794
2015-11-18,2114132.0345140216
2015-11-19,2132744.103289981
2015-11-20,2142511.151469854
2015-11-23,2149033.8656900423
2015-11-24,2155472.5736269006
2015-11-25,2161996.4117224347
2015-11-27,2169409.3177800793
2015-11-30,2174685.853162302
2015-12-01,2165231.915098549
2015-12-02,2169705.854743799
2015-12-03,2150165.334659317
2015-12-04,2126203.169761755
2015-12-07,2129838.600006947
2015-12-08,2117209.9340526797
2015-12-09,2107535.918836897
2015-12-10,2096407.9634531846
2015-12-11,2099995.500894978
2015-12-14,2067370.613089804
2015-12-15,2090287.9779487005
2015-12-16,2110723.3601518036
2015-12-17,2133121.094887706
2015-12-18,2111913.958184673
2015-12-21,2086473.7879436035
2015-12-22,2105189.2532782936
2015-12-23,2116514.0324835954
2015-12-24,2133334.810131734
2015-12-28,2131795.6515295515
2015-12-29,2133437.8682169453
2015-12-30,2144103.804196919
2015-12-31,2118367.7426815103
2016-01-04,2079540.1226846618
2016-01-05,2075239.0200790828
2016-01-06,2091258.8364922705
2016-01-07,2070837.413057112
2016-01-08,2024647.097231118
2016-01-11,2016537.5551191592
2016-01-12,1999931.2040014097
2016-01-13,1993211.3884970075
2016-01-14,1953986.6392926222
2016-01-15,1972958.3530782675
2016-01-19,1933345.055346658
2016-01-20,1946019.0779787272
2016-01-21,1915730.226261755
2016-01-22,1928466.1301520607
2016-01-25,1933605.5094620998
2016-01-26,1934989.784822187
2016-01-27,1949862.6127937422
2016-01-28,1948885.1496256131
2016-01-29,1969099.1842186672
2016-02-01,1989924.402580929
2016-02-02,1985168.4257948848
2016-02-03,1953346.2805232008
2016-02-04,1953545.8684817865
2016-02-05,1951339.1711395115
2016-02-08,1943124.7037099157
2016-02-09,1912912.2515329767
2016-02-10,1911442.7334995482
2016-02-11,1899347.3449146324
2016-02-12,1885933.4937553206
2016-02-16,1917549.9554617761
2016-02-17,1931306.6996408107
2016-02-18,1950490.635469708
2016-02-19,1961126.2790750538
2016-02-22,1953822.7323129796
2016-02-23,1976740.0487825281
2016-02-24,1962912.9690067833
2016-02-25,1974646.8684803497
2016-02-26,2006290.2631060395
2016-02-29,2001748.487336507
2016-03-01,1986629.9959550176
2016-03-02,2022361.0100402809
2016-03-03,2038192.9646802752
2016-03-04,2043888.7086060306
2016-03-07,2064515.1062545571
2016-03-08,2060506.4761871877
2016-03-09,2040362.4589439393
2016-03-10,2040158.140715733
2016-03-11,2047748.89377169
2016-03-14,2062325.9327441594
2016-03-15,2047751.6256400573
2016-03-16,2041022.9598113557
2016-03-17,2070205.6495377328
2016-03-18,2085248.4597471042
2016-03-21,2083311.7149205906
2016-03-22,2085151.8647207813
2016-03-23,2071196.1171635287
2016-03-24,2066541.4773748498
2016-03-28,2065760.8207916191
2016-03-29,2084597.1217148274
2016-03-30,2094843.019729711
2016-03-31,2095880.9450840575
2016-04-01,2087090.0392729708
2016-04-04,2089820.009796275
2016-04-05,2085152.684382598
2016-04-06,2063462.6378194732
2016-04-07,2076200.9367226688
2016-04-08,2064841.9157829292
2016-04-11,2075399.4580908285
2016-04-12,2071833.1719834115
2016-04-13,2098600.8711417792
2016-04-14,2113103.406209164
2016-04-15,2116087.6808866234
2016-04-18,2113508.705544046
2016-04-19,2128993.1352670565
2016-04-20,2130525.424069948
2016-04-21,2126162.9362441762
2016-04-22,2131601.9719881415
2016-04-25,2130914.308892228
2016-04-26,2140335.487006978
2016-04-27,2143617.7735818927
2016-04-28,2148130.8131410577
2016-04-29,2141444.9388168957
2016-05-02,2135774.02546589
2016-05-03,2142437.523566866
2016-05-04,2138547.045620834
2016-05-05,2127158.417204894
2016-05-06,2124659.0003072266
2016-05-09,2126907.9633804797
2016-05-10,2125359.6907296022
2016-05-11,2137227.488880396
2016-05-12,2121527.244128485
2016-05-13,2127124.244930674
2016-05-16,2113142.931179944
2016-05-17,2106728.1969125983
2016-05-18,2105513.0039139525
2016-05-19,2094309.8879679244
2016-05-20,2095755.2104644305
2016-05-23,2106286.89226684
2016-05-24,2117083.9765937994
2016-05-25,2126837.3270325796
2016-05-26,2130127.3880687375
2016-05-27,2136086.0934944605
2016-05-31,2138268.830025209
2016-06-01,2138220.162925641
2016-06-02,2139463.361146269
2016-06-03,2139566.140741623
2016-06-06,2139567.3216980277
2016-06-07,2142323.2225128827
2016-06-08,2157137.036559718
2016-06-09,2153830.9372615167
2016-06-10,2152503.004364164
2016-06-13,2122052.9842119464
2016-06-14,2110042.166375038
2016-06-15,2105967.62510114
2016-06-16,2097464.749711004
2016-06-17,2102978.248251912
2016-06-20,2103408.1142119924
2016-06-21,2110668.993617847
2016-06-22,2112272.653639616
2016-06-23,2120653.923011687
2016-06-24,2134058.1116260486
2016-06-27,2066146.506696613
2016-06-28,2027151.5995616284
2016-06-29,2053955.3589555896
2016-06-30,2087814.698043153
2016-07-01,2096917.191419494
2016-07-05,2093549.095932993
2016-07-06,2081979.499824104
2016-07-07,2096239.7857815952
2016-07-08,2106057.680723172
2016-07-11,2145757.3139218455
2016-07-12,2161989.202316813
2016-07-13,2176781.623020139
2016-07-14,2171928.00055775
2016-07-15,2189013.506585359
2016-07-18,2172882.3437520587
2016-07-19,2176590.4562625005
2016-07-20,2170547.87062573
2016-07-21,2171780.74554709
2016-07-22,2178657.3680340294
2016-07-25,2182591.4759549526
2016-07-26,2184469.304871844
2016-07-27,2189897.2535924464
2016-07-28,2185770.991957095
2016-07-29,2183036.9322314844
2016-08-01,2180240.4580945517
2016-08-02,2179363.7566736834
2016-08-03,2172640.339745537
2016-08-04,2175928.504744072
2016-08-05,2196143.45343581
2016-08-08,2207172.1300941636
2016-08-09,2210638.268914313
2016-08-10,2208942.861653572
2016-08-11,2199037.9806385385
2016-08-12,2208798.294243552
2016-08-15,2212471.284649709
2016-08-16,2222047.5386974346
2016-08-17,2207385.6633200427
2016-08-18,2218398.3537964723
2016-08-19,2220657.9776689853
2016-08-22,2222972.99032766
2016-08-23,2226286.622050593
2016-08-24,2241236.8641721723
2016-08-25,2240582.3625062583
2016-08-26,2243533.0171334324
2016-08-29,2234312.981431531
2016-08-30,2260269.5258270004
2016-08-31,2255310.700329472
2016-09-01,2248750.4358071345
2016-09-02,2253096.603491922
2016-09-06,2252620.756933917
2016-09-07,2270977.594501284
2016-09-08,2274292.238324233
2016-09-09,2277835.5903146863
2016-09-12,2213152.4795181267
2016-09-13,2245655.8770179935
2016-09-14,2211845.7400412993
2016-09-15,2203226.368240848
2016-09-16,2228823.7926369025
2016-09-19,2229630.799135304
2016-09-20,2226336.6980578476
2016-09-21,2215403.4654729576
2016-09-22,2249482.6824338827
2016-09-23,2264331.754799497
2016-09-26,2245656.690308533
2016-09-27,2226376.3298504236
2016-09-28,2241821.939910057
2016-09-29,2245192.638914139
2016-09-30,2227576.8634581524
2016-10-03,2230612.979415258
2016-10-04,2234120.598986433
2016-10-05,2224101.827279171
2016-10-06,2228317.2362145903
2016-10-07,2230809.0773755284
2016-10-10,2228038.6929722573
2016-10-11,2244202.918944214
2016-10-12,2226827.3035063585
2016-10-13,2212494.0673145587
2016-10-14,2213647.565032383
2016-10-17,2218689.8373191976
2016-10-18,2202452.43951322
2016-10-19,2217604.4093586258
2016-10-20,2219308.1959461714
2016-10-21,2218603.337487896
2016-10-24,2225593.8277186328
2016-10-25,2233389.0439158226
2016-10-26,2220935.896478249
2016-10-27,2220541.5177276707
2016-10-28,2204284.3705964666
2016-10-31,2202080.4438336096
2016-11-01,2192383.9001761274
2016-11-02,2172053.202089713
2016-11-03,2181981.2958765505
2016-11-04,2177271.715886087
2016-11-07,2165962.622407686
2016-11-08,2199547.1750105717
2016-11-09,2245324.370146644
2016-11-10,2295856.4112756657
2016-11-11,2358746.1515254136
2016-11-14,2366305.6190520185
2016-11-15,2354872.411853279
2016-11-16,2381460.2157074255
2016-11-17,2378700.32895528
2016-11-18,2416501.464058309
2016-11-21,2402010.490827048
2016-11-22,2440792.2445781953
2016-11-23,2442593.289205432
2016-11-25,2447262.104093203
2016-11-28,2445338.8931247666
2016-11-29,2436092.3638067176
2016-11-30,2441325.3305738154
2016-12-01,2450401.439181677
2016-12-02,2435266.9782993654
2016-12-05,2462476.533562465
2016-12-06,2491764.7454399806
2016-12-07,2493249.322991288
2016-12-08,2552392.8816595837
2016-12-09,2555788.221219791
2016-12-12,2548914.6815461363
2016-12-13,2527845.067579615
2016-12-14,2539157.9093261533
2016-12-15,2524933.39146275
2016-12-16,2545839.444917981
2016-12-19,2554952.6139549706
2016-12-20,2571474.600996679
2016-12-21,2584718.864746949
2016-12-22,2577795.995164499
2016-12-23,2576930.71350466
2016-12-27,2581443.910634468
2016-12-28,2593849.0279054795
2016-12-29,2575900.0506515442
2016-12-30,2569303.0338866822
2017-01-03,2556492.5336956712
2017-01-04,2582134.4361832575
2017-01-05,2569873.356013509
2017-01-06,2557817.8860549843
2017-01-09,2545180.881297064
2017-01-10,2560731.58762847
2017-01-11,2563729.446528209
2017-01-12,2542737.862261258
2017-01-13,2547439.21131303
2017-01-17,2527514.3487332817
2017-01-18,2525721.9276319626
2017-01-19,2518013.222344474
2017-01-20,2509358.4126608083
2017-01-23,2521178.5752801555
2017-01-24,2531488.2849665866
2017-01-25,2541484.336816949
2017-01-26,2558162.630443278
2017-01-27,2554898.2245728797
2017-01-30,2529168.988913732
2017-01-31,2519194.863728039
2017-02-01,2516135.086340886
2017-02-02,2510011.691300744
2017-02-03,2532602.6243580617
2017-02-06,2539936.2250807574
2017-02-07,2528452.7195165018
2017-02-08,2508709.0059599765
2017-02-09,2521037.968620246
2017-02-10,2542727.2016638885
2017-02-13,2558961.761429997
2017-02-14,2564536.98784281
2017-02-15,2569988.15280669
2017-02-16,2586382.5291080675
2017-02-17,2578574.2280799365
2017-02-21,2575928.172917885
2017-02-22,2590852.9687711536
2017-02-23,2593105.544515607
2017-02-24,2585006.2223127056
2017-02-27,2584613.401761938
2017-02-28,2572305.869882003
2017-03-01,2566351.335155853
2017-03-02,2591291.2919877456
2017-03-03,2581509.526597194
2017-03-06,2577795.0681814607
2017-03-07,2575677.5162587566
2017-03-08,2554626.9197671143
2017-03-09,2539862.4263826655
2017-03-10,2541020.7833822328
2017-03-13,2546618.3293169797
2017-03-14,2552049.138726708
2017-03-15,2539267.254890988
2017-03-16,2578059.221789357
2017-03-17,2597553.973658345
2017-03-20,2574556.9677724508
2017-03-21,2546804.162078817
2017-03-22,2497964.411277958
2017-03-23,2526018.011118504
2017-03-24,2527319.9278210294
2017-03-27,2530989.1400703625
2017-03-28,2522056.778057209
2017-03-29,2540154.765190615
2017-03-30,2563160.1705316855
2017-03-31,2571836.7603034857
2017-04-03,2555351.5398056917
2017-04-04,2547405.149572128
2017-04-05,2532437.817312927
2017-04-06,2535351.0153111285
2017-04-07,2549486.8434072807
2017-04-10,2546192.540294129
2017-04-11,2562969.188583432
2017-04-12,2549485.736673446
2017-04-13,2536707.6902376725
2017-04-17,2523839.368638965
2017-04-18,2557698.251511913
2017-04-19,2562706.517573971
2017-04-20,2561222.0811956367
2017-04-21,2594246.5165173323
2017-04-24,2582840.500163605
2017-04-25,2609282.406215645
2017-04-26,2644395.932385901
2017-04-27,2636607.1531768776
2017-04-28,2617301.5281499373
2017-05-01,2619328.67043728
2017-05-02,2613981.680554093
2017-05-03,2606496.7557759844
2017-05-04,2598937.295070892
2017-05-05,2604436.3562314254
2017-05-08,2609857.338846761
2017-05-09,2603796.1807841416
2017-05-10,2597002.318213213
2017-05-11,2591349.921832317
2017-05-12,2578698.544030866
2017-05-15,2575579.614051859
2017-05-16,2588458.3995172707
2017-05-17,2594281.955178885
2017-05-18,2535438.0784982443
2017-05-19,2529323.8325343216
2017-05-22,2546337.215838925
2017-05-23,2561121.616825454
2017-05-24,2570101.721930616
2017-05-25,2563911.7201999645
2017-05-26,2575465.1884883046
2017-05-30,2562356.508160186
2017-05-31,2564829.4936590265
2017-06-01,2572283.1729736105
2017-06-02,2595171.7304355633
2017-06-05,2588915.0342528378
2017-06-06,2586902.5407197825
2017-06-07,2577354.923963911
2017-06-08,2608179.591926283
2017-06-09,2641821.3863215283
2017-06-12,2639285.623058538
2017-06-13,2633788.1943422514
2017-06-14,2651124.4075243375
2017-06-15,2646921.130528446
2017-06-16,2639097.2935824334
2017-06-19,2612504.2298321817
2017-06-20,2640437.028589933
2017-06-21,2606143.466171239
2017-06-22,2607007.8256405243
2017-06-23,2618426.048885337
2017-06-26,2622929.610598758
2017-06-27,2632454.2531368914
2017-06-28,2610658.0753306877
2017-06-29,2654944.421554209
2017-06-30,2611651.66281651
2017-07-03,2634890.8548088097
2017-07-05,2622723.3897696817
2017-07-06,2637570.7947485084
2017-07-07,2615605.298135375
2017-07-10,2617389.8248136104
2017-07-11,2621162.8185544624
2017-07-12,2613722.94687834
2017-07-13,2624199.8378185024
2017-07-14,2620780.7664058697
2017-07-17,2638790.130850965
2017-07-18,2631059.9078524867
2017-07-19,2632439.3129951735
2017-07-20,2646201.029747304
2017-07-21,2647963.3089291435
2017-07-24,2646535.1286376016
2017-07-25,2649198.0499628037
2017-07-26,2653688.0512903784
2017-07-27,2645023.1086660055
2017-07-28,2646230.5535601387
2017-07-31,2656014.833319125
2017-08-01,2654321.994213426
2017-08-02,2643747.7383605996
2017-08-03,2635267.9606195954
2017-08-04,2635876.9540069755
2017-08-07,2636761.7023101356
2017-08-08,2658656.0088720033
2017-08-09,2640907.4396250807
2017-08-10,2648771.1848228658
2017-08-11,2599014.5364365866
2017-08-14,2613144.0026008813
2017-08-15,2626344.024770755
2017-08-16,2626187.64392294
2017-08-17,2636620.362746989
2017-08-18,2605101.3974001794
2017-08-21,2603494.6099920976
2017-08-22,2588588.637789457
2017-08-23,2616437.920420164
2017-08-24,2620949.8418346364
2017-08-25,2616739.031110971
2017-08-28,2616202.6861627493
2017-08-29,2606606.600449481
2017-08-30,2605015.14114805
2017-08-31,2621413.6100806724
2017-09-01,2640482.1696695704
2017-09-05,2629944.5182544123
2017-09-06,2610253.413813071
2017-09-07,2609377.2839044747
2017-09-08,2624344.005592226
2017-09-11,2624250.4103547065
2017-09-12,2649718.381086059
2017-09-13,2656975.209078019
2017-09-14,2654231.838193992
2017-09-15,2656564.7556465794
2017-09-18,2667235.12052381
2017-09-19,2674868.9072679784
2017-09-20,2683784.571098845
2017-09-21,2696068.6444548746
2017-09-22,2704738.6253355965
2017-09-25,2709452.743023861
2017-09-26,2716740.3236189876
2017-09-27,2747505.1980172954
2017-09-28,2765507.091713671
2017-09-29,2745530.0439826692
2017-10-02,2773269.8758754567
2017-10-03,2777039.3785044183
2017-10-04,2767697.5600500014
2017-10-05,2768564.751074402
2017-10-06,2786337.857194094
2017-10-09,2783769.6803850885
2017-10-10,2788272.4941067803
2017-10-11,2790569.0961147365
2017-10-12,2794766.7519782516
2017-10-13,2788000.5789079093
2017-10-16,2790557.627187438
2017-10-17,2792105.6699742363
2017-10-18,2804082.023689848
2017-10-19,2806932.039791025
2017-10-20,2807278.961627974
2017-10-23,2811430.5660389233
2017-10-24,2800926.827879287
2017-10-25,2811449.0474679754
2017-10-26,2796544.8745917953
2017-10-27,2794152.594427732
2017-10-30,2778657.2606680593
2017-10-31,2784236.594390837
2017-11-01,2771055.267904628
2017-11-02,2791059.310168577
2017-11-03,2761532.4525594283
2017-11-06,2756287.942332967
2017-11-07,2727274.07710144
2017-11-08,2712971.4472324066
2017-11-09,2720149.6469062134
2017-11-10,2710493.2348181666
2017-11-13,2714838.135853256
2017-11-14,2729090.1922163586
2017-11-15,2727859.3665165687
2017-11-16,2723972.9715324123
2017-11-17,2761621.0915443623
2017-11-20,2765544.5408721096
2017-11-21,2772621.2456065402
2017-11-22,2786177.3975247648
2017-11-24,2777766.524530987
2017-11-27,2785092.1986539355
2017-11-28,2786039.9895022633
2017-11-29,2832979.3129812176
2017-11-30,2800966.736754908
2017-12-01,2818106.2119962675
2017-12-04,2824436.126993665
2017-12-05,2809978.7724706754
2017-12-06,2788989.003512075
2017-12-07,2786036.691384992
2017-12-08,2770140.061734642
2017-12-11,2765719.2947671707
2017-12-12,2771623.2885758434
2017-12-13,2784863.5816233642
2017-12-14,2773776.352319388
2017-12-15,2786983.3716362333
2017-12-18,2808686.123670004
2017-12-19,2798828.121198001
2017-12-20,2793536.8959022085
2017-12-21,2794480.422130813
2017-12-22,2789589.237819547
2017-12-26,2786744.0314460956
2017-12-27,2780727.7718163542
2017-12-28,2788021.627105206
2017-12-29,2776954.593957626
2018-01-02,2756787.7299106643
2018-01-03,2755087.6572974445
2018-01-04,2759729.3901281087
2018-01-05,2757549.1385459504
2018-01-08,2766669.004526962
2018-01-09,2762625.5815242664
2018-01-10,2776448.994473236
2018-01-11,2786191.836802534
2018-01-12,2793767.2758905003
2018-01-16,2800744.830757726
2018-01-17,2793338.133937888
2018-01-18,2797521.312419647
2018-01-19,2804154.674200165
2018-01-22,2795384.372227793
2018-01-23,2815117.0432380107
2018-01-24,2809014.2486524386
2018-01-25,2812206.0624444163
2018-01-26,2779788.5204868526
2018-01-29,2797138.349570071
2018-01-30,2794610.4493416967
2018-01-31,2762620.342751214
2018-02-01,2770519.4758485225
2018-02-02,2782952.586298319
2018-02-05,2740659.5843366007
2018-02-06,2635918.685313253
2018-02-07,2681884.6944813184
2018-02-08,2691589.4470481635
2018-02-09,2631594.728458435
2018-02-12,2634309.756390541
2018-02-13,2660065.6337435306
2018-02-14,2659208.524684602
2018-02-15,2678162.234556118
2018-02-16,2705742.9159732787
2018-02-20,2696323.060866986
2018-02-21,2702309.221874324
2018-02-22,2687150.1654240987
2018-02-23,2687623.0625973535
2018-02-26,2703669.3436740856
2018-02-27,2705737.853578574
2018-02-28,2676481.6074939384
2018-03-01,2693404.4927390516
2018-03-02,2696527.241984143
2018-03-05,2687641.5179022974
2018-03-06,2720227.330187056
2018-03-07,2742487.330251681
2018-03-08,2736594.994878948
2018-03-09,2749353.5074381535
2018-03-12,2793066.1740329363
2018-03-13,2794589.3323213817
2018-03-14,2787248.027368924
2018-03-15,2780376.2039249255
2018-03-16,2796319.1745219263
2018-03-19,2809066.941161997
2018-03-20,2774243.9673041003
2018-03-21,2782274.8757971916
2018-03-22,2778175.853383034
2018-03-23,2726007.858003794
2018-03-26,2701537.7891135397
2018-03-27,2747263.245878604
2018-03-28,2743678.232008004
2018-03-29,2727195.0647339094
2018-04-02,2743329.9570913753
2018-04-03,2720920.9685910377
2018-04-04,2739090.3327323548
2018-04-05,2758647.2342637
2018-04-06,2772156.9489945965
2018-04-09,2733004.714297751
2018-04-10,2741072.9206288275
2018-04-11,2767115.8365799356
2018-04-12,2749125.383216683
2018-04-13,2752675.9785218867
2018-04-16,2765237.2896164823
2018-04-17,2771942.9163891375
2018-04-18,2785745.437837851
2018-04-19,2793475.8481331314
2018-04-20,2799925.1446566973
2018-04-23,2785881.9945947677
2018-04-24,2807178.2520932355
2018-04-25,2777507.2748275064
2018-04-26,2770488.4968408225
2018-04-27,2778176.7605689964
2018-04-30,2772773.4662199095
2018-05-01,2770569.1667059
2018-05-02,2771966.3375142836
2018-05-03,2759666.660895887
2018-05-04,2762427.263528599
2018-05-07,2785112.69617414
2018-05-08,2800072.1301206094
2018-05-09,2801860.254025282
2018-05-10,2813535.9325794554
2018-05-11,2825286.4415245685
2018-05-14,2810695.2147120438
2018-05-15,2823133.8153677136
2018-05-16,2824761.8228496183
2018-05-17,2844194.8806681517
2018-05-18,2853403.3939580563
2018-05-21,2860347.511939603
2018-05-22,2878855.036145918
2018-05-23,2879979.6457351116
2018-05-24,2884284.6614758745
2018-05-25,2884133.1354188533
2018-05-29,2890533.2481757645
2018-05-30,2884878.990648176
2018-05-31,2900083.441015523
2018-06-01,2894032.581801327
2018-06-04,2922292.371394819
2018-06-05,2934517.820432214
2018-06-06,2938280.278853368
2018-06-07,2954398.555323918
2018-06-08,2945024.354030149
2018-06-11,2939277.7558449833
2018-06-12,2935933.3378939405
2018-06-13,2932885.5320244296
2018-06-14,2936243.6525733247
2018-06-15,2942155.041545639
2018-06-18,2958239.8914671945
2018-06-19,2968840.738456044
2018-06-20,2971611.411334379
2018-06-21,2977028.309168504
2018-06-22,2975748.040734188
2018-06-25,2976277.146233319
2018-06-26,2959156.919627003
2018-06-27,2937330.7990640923
2018-06-28,2923290.1801050017
2018-06-29,2917147.0052168625
2018-07-02,2939575.5790894064
2018-07-03,2958514.586755452
2018-07-05,2960771.3908348423
2018-07-06,2968416.81041599
2018-07-09,2977428.4763925564
2018-07-10,2960133.7278872137
2018-07-11,2965239.252000681
2018-07-12,2930520.367532456
2018-07-13,2935047.948942339
2018-07-16,2945758.6406824766
2018-07-17,2924562.9089543466
2018-07-18,2931701.709141741
2018-07-19,2947217.128222652
2018-07-20,2949568.430935868
2018-07-23,2953599.545744971
2018-07-24,2935963.2067176625
2018-07-25,2924325.6922179675
2018-07-26,2950546.5045607984
2018-07-27,2919721.9208044377
2018-07-30,2906986.525550741
2018-07-31,2897899.7334568286
2018-08-01,2912130.293417499
2018-08-02,2913906.21103663
2018-08-03,2897015.858465687
2018-08-06,2900012.770595393
2018-08-07,2895119.271921864
2018-08-08,2917604.8738268446
2018-08-09,2919525.234511585
2018-08-10,2920689.422887229
2018-08-13,2914086.7944609406
2018-08-14,2920330.98821777
2018-08-15,2918857.0876168967
2018-08-16,2919104.535835808
2018-08-17,2927527.6925719166
2018-08-20,2930710.812276843
2018-08-21,2953017.784206042
2018-08-22,2959157.982400325
2018-08-23,2953439.477698312
2018-08-24,2944501.8050541217
2018-08-27,2933828.373809542
2018-08-28,2934810.193593805
2018-08-29,2929616.432952859
2018-08-30,2941550.3748858017
2018-08-31,2944651.4422417325
2018-09-04,2939613.7859291607
2018-09-05,2946714.292914318
2018-09-06,2942506.1386808697
2018-09-07,2940772.726626049
2018-09-10,2933476.306150855
2018-09-11,2932291.687628912
2018-09-12,2924320.669170996
2018-09-13,2908876.3991228505
2018-09-14,2927713.141435037
2018-09-17,2924793.00539118
2018-09-18,2903492.3704789756
2018-09-19,2904583.5711455992
2018-09-20,2914666.4917083606
2018-09-21,2925146.3186554327
2018-09-24,2897767.470803109
2018-09-25,2885892.573627189
2018-09-26,2862147.757105531
2018-09-27,2848658.352391032
2018-09-28,2856133.155624706
2018-10-01,2827348.3581232335
2018-10-02,2811342.069699339
2018-10-03,2829407.2565893694
2018-10-04,2825568.929891806
2018-10-05,2812957.440500532
2018-10-08,2821726.6830715593
2018-10-09,2826341.902138329
2018-10-10,2824824.4200862534
2018-10-11,2770804.454799842
2018-10-12,2704308.02892182
2018-10-15,2733091.3121954314
2018-10-16,2739384.1509212265
2018-10-17,2750962.4928610665
2018-10-18,2739459.206689058
2018-10-19,2712976.0372713935
2018-10-22,2699839.2462049075
2018-10-23,2699047.9879986783
2018-10-24,2664321.1753761997
2018-10-25,2662996.2562153577
2018-10-26,2673135.7660930157
2018-10-29,2680730.359722611
2018-10-30,2668241.5028762133
2018-10-31,2673033.4284318807
2018-11-01,2682109.260058055
2018-11-02,2704038.946269366
2018-11-05,2691259.289587794
2018-11-06,2699555.319625268
2018-11-07,2703854.8983419742
2018-11-08,2735144.6641701306
2018-11-09,2727729.7641236526
2018-11-12,2730254.8190822015
2018-11-13,2715455.5060186395
2018-11-14,2698019.0402049613
2018-11-15,2695092.318089473
2018-11-16,2701185.6960556684
2018-11-19,2715891.7137350105
2018-11-20,2689711.775552592
2018-11-21,2677517.0151896807
2018-11-23,2696380.9548475347
2018-11-26,2670991.7145358664
2018-11-27,2678053.570725759
2018-11-28,2693942.838295833
2018-11-29,2713998.657841781
2018-11-30,2709929.840024678
2018-12-03,2707720.188962338
2018-12-04,2665469.5665464876
2018-12-06,2627612.62688885
2018-12-07,2647601.9026936046
2018-12-10,2604673.934464217
2018-12-11,2597144.858967498
2018-12-12,2604634.0066225175
2018-12-13,2590728.2618034217
2018-12-14,2589077.2057713424
2018-12-17,2554204.332542736
2018-12-18,2528915.7849849076
2018-12-19,2502459.5753196124
2018-12-20,2488406.055511158
2018-12-21,2482791.471200605
2018-12-24,2445379.2738711303
2018-12-26,2415532.7745278366
2018-12-27,2450294.40988219
2018-12-28,2488879.8231905224
2018-12-31,2464602.5161724696
2019-01-02,2508532.7821166357
2019-01-03,2536901.3892227374
2019-01-04,2523686.736909841
2019-01-07,2579002.503767146
2019-01-08,2606812.1202658936
2019-01-09,2615847.2684323527
2019-01-10,2611589.5360816442
2019-01-11,2618691.3274275074
2019-01-14,2612401.282347656
2019-01-15,2595813.606585706
2019-01-16,2630107.254045327
2019-01-17,2629370.2836400024
2019-01-18,2633803.8877815814
2019-01-22,2657665.9564862605
2019-01-23,2644169.1667718347
2019-01-24,2652306.816483398
2019-01-25,2658205.9229941475
2019-01-28,2680747.6750731785
2019-01-29,2675582.0643557897
2019-01-30,2665192.8937589615
2019-01-31,2680508.50798751
2019-02-01,2707797.3294665194
2019-02-04,2716443.044826147
2019-02-05,2728633.4489989066
2019-02-06,2734664.7100262754
2019-02-07,2750926.362703488
2019-02-08,2734627.2313528997
2019-02-11,2750996.276372897
2019-02-12,2749714.6008607014
2019-02-13,2770153.4787890003
2019-02-14,2772047.5677519953
2019-02-15,2782899.248264533
2019-02-19,2809910.016468872
2019-02-20,2807869.6618372677
2019-02-21,2817034.2837592787
2019-02-22,2804273.0791070824
2019-02-25,2805854.3408711404
2019-02-26,2803326.883551563
2019-02-27,2802598.2033328298
2019-02-28,2807681.5120882653
2019-03-01,2801800.4788702163
2019-03-04,2807050.1053342153
2019-03-05,2795180.192163603
2019-03-06,2765181.583107985
2019-03-07,2750124.282480432
2019-03-08,2746042.1877814727
2019-03-11,2749945.7345261048
2019-03-12,2765559.258212107
2019-03-13,2768591.157043366
2019-03-14,2780892.5390993487
2019-03-15,2767968.915196397
2019-03-18,2784793.79644173
2019-03-19,2765413.0292142886
2019-03-20,2743907.681557305
2019-03-21,2726040.5561817777
2019-03-22,2709385.589252813
2019-03-25,2693212.7370924326
2019-03-26,2718500.8011968895
2019-03-27,2745234.4264068366
2019-03-28,2744376.2596405405
2019-03-29,2731664.189243162
2019-04-01,2746968.574533701
2019-04-02,2757615.125045032
2019-04-03,2755179.7512819725
2019-04-04,2771966.8412877256
2019-04-05,2788135.0074985796
2019-04-08,2792486.8890462047
2019-04-09,2774723.0830441765
2019-04-10,2788320.733154516
2019-04-11,2795900.839931756
2019-04-12,2791208.84935735
2019-04-15,2794741.159800502
2019-04-16,2803886.1408434473
2019-04-17,2807785.355483173
2019-04-18,2793037.5026240707
2019-04-22,2777767.297827889
2019-04-23,2802154.923896779
2019-04-24,2828469.461574196
2019-04-25,2808953.5049854214
2019-04-26,2818102.6906906175
2019-04-29,2835744.750436284
2019-04-30,2834064.855500956
2019-05-01,2833486.7820489914
2019-05-02,2830283.4843425034
2019-05-03,2842895.278925387
2019-05-06,2863542.994597653
2019-05-07,2860800.525810037
2019-05-08,2823970.85358193
2019-05-09,2827083.1707822327
2019-05-10,2824937.4788026363
2019-05-13,2822339.1391735347
2019-05-14,2790401.073556875
2019-05-15,2791483.878741817
2019-05-16,2794416.824480447
2019-05-17,2807080.6049104165
2019-05-20,2810958.4700993085
2019-05-21,2797144.7602780606
2019-05-22,2810388.883370997
2019-05-23,2791524.7710729064
2019-05-24,2786345.9353700266
2019-05-28,2796288.575146585
2019-05-29,2774733.304941157
2019-05-30,2749342.565493574
2019-05-31,2753613.6180793047
2019-06-03,2747929.2215716923
2019-06-04,2738632.004810055
2019-06-05,2754336.926595175
2019-06-06,2753331.5384375034
2019-06-07,2752405.4585747463
2019-06-10,2774805.2750399704
2019-06-11,2784981.790462757
2019-06-12,2786148.6215328537
2019-06-13,2790964.8077654247
2019-06-14,2794878.828752553
2019-06-17,2792750.364001226
2019-06-18,2792226.1400173353
2019-06-19,2803720.7792871995
2019-06-20,2790606.9576136884
2019-06-21,2795414.2686995883
2019-06-24,2783420.0754727228
2019-06-25,2796821.419635054
2019-06-26,2776373.035671461
2019-06-27,2804058.558346519
2019-06-28,2831718.4903823207
2019-07-01,2824977.1131067877
2019-07-02,2827127.880365022
2019-07-03,2825222.704939082
2019-07-05,2855312.363960868
2019-07-08,2850505.4476331556
2019-07-09,2838960.9788208837
2019-07-10,2826791.9478661246
2019-07-11,2830811.220191663
2019-07-12,2840592.4120027246
2019-07-15,2836575.176705299
2019-07-16,2848697.2820039866
2019-07-17,2842512.2589972643
2019-07-18,2829617.011454697
2019-07-19,2836875.881347079
2019-07-22,2826090.6110020103
2019-07-23,2827662.876940185
2019-07-24,2857009.671796232
2019-07-25,2852387.797473129
2019-07-26,2863451.708807693
2019-07-29,2869665.3428015956
2019-07-30,2882799.487513697
2019-07-31,2879642.0060232333
2019-08-01,2848131.5259709335
2019-08-02,2828658.5158993946
2019-08-05,2813433.3410594836
2019-08-06,2758791.467211458
2019-08-07,2772077.2171506165
2019-08-08,2769149.093023082
2019-08-09,2807458.4080667323
2019-08-12,2804844.763060122
2019-08-13,2773838.5777729657
2019-08-14,2800440.745520802
2019-08-15,2740353.56619049
2019-08-16,2752010.1385441176
2019-08-19,2771488.4525987706
2019-08-20,2788777.209564383
2019-08-21,2771868.2043520208
2019-08-22,2776007.3473551422
2019-08-23,2765145.741730774
2019-08-26,2731969.4107448617
2019-08-27,2730072.629708502
2019-08-28,2726790.231452385
2019-08-29,2735994.594514648
2019-08-30,2754854.8270964557
2019-09-03,2744764.165673693
2019-09-04,2730514.012834133
2019-09-05,2752822.8948065774
2019-09-06,2762579.362683906
2019-09-09,2807318.4368945286
2019-09-10,2836520.6290864293
2019-09-11,2858731.9247474754
2019-09-12,2873093.272289088
2019-09-13,2897860.2478355025
2019-09-16,2900154.52983384
2019-09-17,2886588.00252163
2019-09-18,2885607.37472046
2019-09-19,2879143.5329810297
2019-09-20,2897985.0154824774
2019-09-23,2889671.9201666894
2019-09-24,2880238.8093737136
2019-09-25,2884245.6454073847
2019-09-26,2882934.8958981275
2019-09-27,2883569.4372267574
2019-09-30,2863169.65744772
2019-10-01,2855832.4752507065
2019-10-02,2857548.894985779
2019-10-03,2803694.5120193115
2019-10-04,2809399.4899172625
2019-10-07,2834141.9246343924
2019-10-08,2827386.0128182983
2019-10-09,2794064.004062417
2019-10-10,2801406.893686267
2019-10-11,2817447.2826773073
2019-10-14,2829850.8956272295
2019-10-15,2832173.507695043
2019-10-16,2853712.6556788464
2019-10-17,2863277.3084813403
2019-10-18,2879487.685889482
2019-10-21,2893767.021436935
2019-10-22,2916421.6561355344
2019-10-23,2918182.8640003875
2019-10-24,2915727.4759165333
2019-10-25,2904479.633403412
2019-10-28,2917392.9629608453
2019-10-29,2944045.601337201
2019-10-30,2935160.46747784
2019-10-31,2940390.3905836223
2019-11-01,2947519.6999279736
2019-11-04,2965376.696656208
2019-11-05,2986053.331212077
2019-11-06,2988102.6843925733
2019-11-07,2986677.970310455
2019-11-08,2971590.539648634
2019-11-11,2971239.1860102606
2019-11-12,2964871.261310145
2019-11-13,2957542.6165912463
2019-11-14,2957073.5911158537
2019-11-15,2947474.008960231
2019-11-18,2965398.451737308
2019-11-19,2973051.938996212
2019-11-20,2966031.2332234937
2019-11-21,2954419.166661664
2019-11-22,2950516.6998021333
2019-11-25,2966523.9722933895
2019-11-26,2973083.6521055805
2019-11-27,2980675.9273016606
2019-11-29,2991759.6238169437
2019-12-02,2979255.881980463
2019-12-03,2957171.0902889934
2019-12-04,2944056.8700850434
2019-12-05,2952825.0507222274
2019-12-06,2965682.8867436713
2019-12-09,2985341.9378204662
2019-12-10,2987577.1283412245
2019-12-11,2984314.039824746
2019-12-12,2982206.58915591
2019-12-13,3000752.288509139
2019-12-16,3000349.913807372
2019-12-17,3024224.3335382785
2019-12-18,3030277.7666184218
2019-12-19,3032255.1881604004
2019-12-20,3033361.259325013
2019-12-23,3032469.127795782
2019-12-24,3036722.97722651
2019-12-26,3024866.876451734
2019-12-27,3026009.974835482
2019-12-30,3038102.2969052373
2019-12-31,3022720.741489761
2020-01-02,3011652.6736659934
2020-01-03,3041011.528669735
2020-01-06,3012066.074854734
2020-01-07,3003270.661604364
2020-01-08,2991041.8311899826
2020-01-09,2986722.690122643
2020-01-10,2995188.121105424
2020-01-13,2991691.3774693958
2020-01-14,2999732.005816493
2020-01-15,2996928.0836452
2020-01-16,3006894.6792071043
2020-01-17,3012457.9690321195
2020-01-21,3010395.365361535
2020-01-22,3008715.256072721
2020-01-23,3004840.075638259
2020-01-24,2993057.1481604083
2020-01-27,2995512.5653695697
2020-01-28,2954237.4548529303
2020-01-29,2953168.2176333065
2020-01-30,2957095.111068106
2020-01-31,2952535.478783516
2020-02-03,2934849.6348770047
2020-02-04,2928536.22612223
2020-02-05,2972392.4148377357
2020-02-06,2974387.3533663
2020-02-07,2971974.314443329
2020-02-10,2954920.61454262
2020-02-11,2977448.504197268
2020-02-12,2969908.3491691295
2020-02-13,2993780.004143029
2020-02-14,2977758.578434794
2020-02-18,2979709.841981776
2020-02-19,2961735.2314278637
2020-02-20,2991296.060740012
2020-02-21,2991795.2127653453
2020-02-24,2989395.352682687
2020-02-25,2908866.544485222
2020-02-26,2839703.1119454643
2020-02-27,2815561.910229891
2020-02-28,2681487.7290091272
2020-03-02,2671626.8890082766
2020-03-03,2740994.0805119313
2020-03-04,2654976.903108112
2020-03-05,2696381.5414086888
2020-03-06,2619596.5916780457
2020-03-09,2473723.8001835756
2020-03-10,2318599.936760448
2020-03-11,2362151.274344575
2020-03-12,2193702.627916099
2020-03-13,2015917.7385257133
2020-03-16,2084960.9265474237
2020-03-17,1890580.2735057096
2020-03-18,1686103.6321331512
2020-03-19,1754763.4773303797
2020-03-20,1782519.1434632994
2020-03-23,1696422.697111995
2020-03-24,1609011.4555381206
2020-03-25,1775540.0100570063
2020-03-26,1831576.50794476
2020-03-27,1934362.6858466964
2020-03-30,1835643.964999479
2020-03-31,1904126.1130067036
2020-04-01,1848846.0824996852
2020-04-02,1762241.4226046354
2020-04-03,1756252.2461873647
2020-04-06,1705096.1999767895
2020-04-07,1834795.1799836082
2020-04-08,1841759.0715568839
2020-04-09,1981642.7688333155
2020-04-13,1947216.610610536
2020-04-14,1880848.8296489087
2020-04-15,1875731.7165021591
2020-04-16,1799557.7632592604
2020-04-17,1841685.8968494113
2020-04-20,1898912.102012347
2020-04-21,1900893.2958114021
2020-04-22,1812298.188298631
2020-04-23,1875992.9323825215
2020-04-24,1863880.075757934
2020-04-27,1952918.7867691033
2020-04-28,2042348.9904541813
2020-04-29,2086428.0835689097
2020-04-30,2079152.8753286419
2020-05-01,2049857.249550085
2020-05-04,1957242.9860884203
2020-05-05,1909129.8116306108
2020-05-06,1907247.869615193
2020-05-07,1904934.1202117212
2020-05-08,1963530.4096560709
2020-05-11,1949859.2193323567
2020-05-12,1909420.6476612359
2020-05-13,1854552.9360901786
2020-05-14,1800682.1219320747
2020-05-15,1826722.113479711
2020-05-18,1909478.9337585247
2020-05-19,1931288.194113373
2020-05-20,1952136.2292307601
2020-05-21,1997076.0121974146
2020-05-22,1979895.4408344184
2020-05-26,2033629.355834256
2020-05-27,2113630.967725527
2020-05-28,2086976.2105527343
2020-05-29,2042594.973374281
2020-06-01,2044541.071810083
2020-06-02,2055271.8178360867
2020-06-03,2115537.120889023
2020-06-04,2171520.5810896964
2020-06-05,2208502.923191041
2020-06-08,2281090.3422229453
2020-06-09,2286667.8876431203
2020-06-10,2198227.6825088295
2020-06-11,2149936.660397702
2020-06-12,2033612.6919047486
2020-06-15,2066560.096664525
2020-06-16,2090854.7097384785
2020-06-17,2084195.7921320957
2020-06-18,2079145.5176798555
2020-06-19,2077876.2947236623
2020-06-22,2062780.5971618504
2020-06-23,2054686.1654272543
2020-06-24,2056142.188930815
2020-06-25,2017430.850890774
2020-06-26,2041695.4683341146
2020-06-29,2030027.5736763414
2020-06-30,2062998.5689573183
2020-07-01,2044269.8196386143
2020-07-02,2050944.973780594
2020-07-06,2039348.547874528
2020-07-07,2046078.1629218638
2020-07-08,2008308.909667463
2020-07-09,1990782.990637622
2020-07-10,1997689.7404622275
2020-07-13,2021680.4857875246
2020-07-14,2002298.5891995255
2020-07-15,2074265.9147862324
2020-07-16,2085427.1712761081
2020-07-17,2078489.565914393
2020-07-20,2057043.6968344846
2020-07-21,2112279.9647924425
2020-07-22,2085938.623517278
2020-07-23,2146741.5494548515
2020-07-24,2110641.1429094276
2020-07-27,2094738.3540517977
2020-07-28,2108185.231556981
2020-07-29,2095725.125290883
2020-07-30,2118312.722562313
2020-07-31,2086123.6309638754
2020-08-03,2121179.3932645465
2020-08-04,2135653.0764614213
2020-08-05,2161228.7205471145
2020-08-06,2149170.062334305
2020-08-07,2203310.153710301
2020-08-10,2227248.685942834
2020-08-11,2253496.558312841
2020-08-12,2217960.8524027225
2020-08-13,2236504.0996726905
2020-08-14,2238341.202823194
2020-08-17,2237869.8212451967
2020-08-18,2212415.525946065
2020-08-19,2224421.826332371
2020-08-20,2197379.729150514
2020-08-21,2180206.2344253827
2020-08-24,2188130.330383343
2020-08-25,2207996.233442511
2020-08-26,2180656.9352245526
2020-08-27,2218783.1359281433
2020-08-28,2222065.924141976
2020-08-31,2218447.629007586
2020-09-01,2193485.704209092
2020-09-02,2192842.1405555713
2020-09-03,2261116.043554664
2020-09-04,2201894.228153518
2020-09-08,2217030.4752012356
2020-09-09,2126263.4169639195
2020-09-10,2180372.5937396795
2020-09-11,2138149.2477118885
2020-09-14,2145762.138839151
2020-09-15,2163906.9305204037
2020-09-16,2200208.712755339
2020-09-17,2198150.9091165448
2020-09-18,2214446.448721415
2020-09-21,2138363.8047029683
2020-09-22,2085198.6437882737
2020-09-23,2106670.0588192497
2020-09-24,2058279.2847613168
2020-09-25,2067866.177370162
2020-09-28,2105270.631233587
2020-09-29,2153710.912920798
2020-09-30,2103789.6482556793
2020-10-01,2130970.2889499
2020-10-02,2163630.7326320806
2020-10-05,2134068.384229482
2020-10-06,2189634.7750805477
2020-10-07,2151900.0759794307
2020-10-08,2191955.9954631045
2020-10-09,2207997.1883633803
2020-10-12,2213090.9062010655
2020-10-13,2241899.1206049854
2020-10-14,2230565.1488986798
2020-10-15,2241038.8495942377
2020-10-16,2232200.658490085
2020-10-19,2261253.7313672374
2020-10-20,2232874.9635506496
2020-10-21,2242549.927657255
2020-10-22,2250000.840324945
2020-10-23,2262790.0130894138
2020-10-26,2277437.728094393
2020-10-27,2232257.272051306
2020-10-28,2251106.4146654005
2020-10-29,2185862.17532243
2020-10-30,2217006.595465367
2020-11-02,2207617.4572442616
2020-11-03,2227643.780649025
2020-11-04,2206726.406011062
2020-11-05,2255345.364268634
2020-11-06,2265259.5697442982
2020-11-09,2298618.824965011
2020-11-10,2358205.2048820076
2020-11-11,2340650.9742276436
2020-11-12,2340037.205659413
2020-11-13,2322587.824338277
2020-11-16,2376274.262249663
2020-11-17,2406462.089349824
2020-11-18,2387336.9984792215
2020-11-19,2361910.9462297047
2020-11-20,2381522.0307473447
2020-11-23,2377450.5644902596
2020-11-24,2404586.3896527826
2020-11-25,2423929.6439913535
2020-11-27,2417671.952879217
2020-11-30,2393250.739910307
2020-12-01,2378295.4475981956
2020-12-02,2398689.47152602
2020-12-03,2439084.9176303903
2020-12-04,2468264.5344639146
2020-12-07,2484021.084178938
2020-12-08,2495049.878738269
2020-12-09,2516410.2992613763
2020-12-10,2503110.572246333
2020-12-11,2506989.1462791436
2020-12-14,2499859.492302931
2020-12-15,2494229.8433223353
2020-12-16,2507469.898219597
2020-12-17,2520732.588419053
2020-12-18,2517072.5479035224
2020-12-21,2498426.149591748
2020-12-22,2500737.878470233
2020-12-23,2512181.851112715
2020-12-24,2505203.382460251
2020-12-28,2509133.3627467044
2020-12-29,2511749.377899445
2020-12-30,2528490.024198717
2020-12-31,2516266.4976058193
2021-01-04,2541086.7708198037
2021-01-05,2531051.772657131
2021-01-06,2593484.589388682
2021-01-07,2596267.180710149
2021-01-08,2588983.263573033
2021-01-11,2599490.851719299
2021-01-12,2612471.93828253
2021-01-13,2596749.3376896107
2021-01-14,2635041.298787727
2021-01-15,2635207.306914412
2021-01-19,2622919.686988863
2021-01-20,2624401.0045031495
2021-01-21,2625811.16250883
2021-01-22,2644321.2927151397
2021-01-25,2618341.0874951286
2021-01-26,2617822.5035485835
2021-01-27,2595504.189390748
2021-01-28,2553194.5433292175
2021-01-29,2570109.041054882
2021-02-01,2549477.9240544355
2021-02-02,2579420.863269778
2021-02-03,2590779.426842564
2021-02-04,2600268.253268257
2021-02-05,2631428.886198147
2021-02-08,2663048.1810280024
2021-02-09,2696284.553521081
2021-02-10,2698957.3773232773
2021-02-11,2702189.680935116
2021-02-12,2710872.9343242324
2021-02-16,2712664.2072100933
2021-02-17,2713273.6668296317
2021-02-18,2704587.83050661
2021-02-19,2730019.283104194
2021-02-22,2753310.41596665
2021-02-23,2727541.2188247526
2021-02-24,2748383.5522536724
2021-02-25,2765272.7047188296
2021-02-26,2718126.0746956626
2021-03-01,2720698.0908428314
2021-03-02,2760934.38163451
2021-03-03,2781838.961372974
2021-03-04,2737159.454544465
2021-03-05,2716591.507701222
2021-03-08,2794314.8413073146
2021-03-09,2778786.379164994
2021-03-10,2820616.5164262275
2021-03-11,2825709.4180605914
2021-03-12,2853179.115587925
2021-03-15,2842910.6212317464
2021-03-16,2827979.016429341
2021-03-17,2828965.5323231183
2021-03-18,2839943.9914367762
2021-03-19,2826781.7115256125
2021-03-22,2788294.060158628
2021-03-23,2760124.541615961
2021-03-24,2739562.1851336886
2021-03-25,2739532.3807667163
2021-03-26,2757171.437050392
2021-03-29,2758441.2580007706
2021-03-30,2782532.710449774
2021-03-31,2760244.446236498
2021-04-01,2778927.567107438
2021-04-05,2787417.1682758215
2021-04-06,2815749.509769918
2021-04-07,2787839.766498682
2021-04-08,2792034.4808397302
2021-04-09,2792555.4678196507
2021-04-12,2806801.9200822334
2021-04-13,2791661.3500457425
2021-04-14,2813708.197742003
2021-04-15,2799108.152080216
2021-04-16,2823503.8260221314
2021-04-19,2819896.8423099993
2021-04-20,2801632.148368321
2021-04-21,2795688.890358358
2021-04-22,2822353.281308591
2021-04-23,2807785.995873775
2021-04-26,2827479.2177175977
2021-04-27,2827617.258366289
2021-04-28,2830928.6692350633
2021-04-29,2822437.6299500326
2021-04-30,2833713.2992565497
2021-05-03,2851261.2113495125
2021-05-04,2843379.0506089698
2021-05-05,2836905.0407237145
2021-05-06,2826144.738728148
2021-05-07,2846608.5037994203
2021-05-10,2866969.1124410494
2021-05-11,2855421.3082185094
2021-05-12,2835841.2720956965
2021-05-13,2813421.4870544192
2021-05-14,2827221.8355436265
2021-05-17,2864681.3464718754
2021-05-18,2867407.351536346
2021-05-19,2849244.6514563677
2021-05-20,2831161.2655311483
2021-05-21,2858296.570555659
2021-05-24,2845630.059568247
2021-05-25,2841345.664904021
2021-05-26,2850669.2324865595
2021-05-27,2858010.377920123
2021-05-28,2855365.7055828907
2021-06-01,2875259.8642520127
2021-06-02,2860763.6986074457
2021-06-03,2866494.0751651535
2021-06-04,2851545.5627500876
2021-06-07,2878181.187570528
2021-06-08,2856295.7250260543
2021-06-09,2861271.137259221
2021-06-10,2839001.9221718577
2021-06-11,2868705.3943772106
2021-06-14,2864924.902355577
2021-06-15,2833479.3328981586
2021-06-16,2849036.8706577537
2021-06-17,2818296.6199973235
2021-06-18,2807760.6582209743
2021-06-21,2791722.6551499744
2021-06-22,2816552.4056715216
2021-06-23,2828926.9727904554
2021-06-24,2841006.900759325
2021-06-25,2831692.830680907
2021-06-28,2832984.050848815
2021-06-29,2825278.3298147367
2021-06-30,2822887.8064595847
2021-07-01,2830953.531535187
2021-07-02,2814492.427047634
2021-07-06,2813011.724897198
2021-07-07,2793847.7978269015
2021-07-08,2789752.0647793985
2021-07-09,2803957.4091599844
2021-07-12,2826238.758485389
2021-07-13,2809844.3979988196
2021-07-14,2794254.479880815
2021-07-15,2821816.3184913723
2021-07-16,2818119.2965529985
2021-07-19,2787892.2113354993
2021-07-20,2770604.8933223505
2021-07-21,2801287.7447851505
2021-07-22,2734706.695735298
2021-07-23,2730484.3263208563
2021-07-26,2757413.30323766
2021-07-27,2765532.1676279414
2021-07-28,2774979.915718231
2021-07-29,2780231.975265171
2021-07-30,2786859.5894141304
2021-08-02,2760266.315108636
2021-08-03,2744567.857619006
2021-08-04,2760091.188513616
2021-08-05,2760254.2329451973
2021-08-06,2795234.382917743
2021-08-09,2791183.3965114434
2021-08-10,2833264.8537700213
2021-08-11,2845267.400956381
2021-08-12,2837912.8689242085
2021-08-13,2823774.8771756995
2021-08-16,2813488.4419437884
2021-08-17,2810714.8962018355
2021-08-18,2800881.034086615
2021-08-19,2763397.9412990212
2021-08-20,2767718.3217308572
2021-08-23,2777344.0030854
2021-08-24,2793317.4956065016
2021-08-25,2789054.055331678
2021-08-26,2793864.0739457323
2021-08-27,2807260.5892617134
2021-08-30,2801100.398121465
2021-08-31,2820046.7013751594
2021-09-01,2832240.3662583297
2021-09-02,2834437.85474385
2021-09-03,2834407.2692923755
2021-09-07,2830613.4155705073
2021-09-08,2820255.825571403
2021-09-09,2820416.4662064724
2021-09-10,2809736.4397758325
2021-09-13,2795117.182664346
2021-09-14,2774680.5888765217
2021-09-15,2759758.3936381107
2021-09-16,2777735.681305337
2021-09-17,2808652.781626278
2021-09-20,2787698.3748605414
2021-09-21,2765841.3148804344
2021-09-22,2756640.7325946745
2021-09-23,2771728.943563772
2021-09-24,2793915.315044172
2021-09-27,2832485.5543566095
2021-09-28,2841976.6015077857
2021-09-29,2820008.3422751254
2021-09-30,2811904.86442343
2021-10-01,2786543.2468662546
2021-10-04,2830747.236172991
2021-10-05,2797644.0913559953
2021-10-06,2802538.561238241
2021-10-07,2807942.9239941495
2021-10-08,2833997.809293305
2021-10-11,2835298.412578647
2021-10-12,2833254.0814827727
2021-10-13,2815122.88245275
2021-10-14,2804724.277770289
2021-10-15,2803573.583386887
2021-10-18,2817655.9770150357
2021-10-19,2806657.8101506573
2021-10-20,2829976.68473477
2021-10-21,2829868.374690776
2021-10-22,2839356.850412528
2021-10-25,2838929.28208944
2021-10-26,2839708.5793780955
2021-10-27,2840734.1211970956
2021-10-28,2838197.471379037
2021-10-29,2857715.4337387388
2021-11-01,2885702.498871613
2021-11-02,2873057.1043568403
2021-11-03,2898327.7419068078
2021-11-04,2899691.6989178876
2021-11-05,2936838.0242189406
2021-11-08,2938610.8914209586
2021-11-09,2936608.2104766285
2021-11-10,2949435.3894497547
2021-11-11,2940852.7052645367
2021-11-12,2919331.527054826
2021-11-15,2928271.2229895764
2021-11-16,2917293.5904960344
2021-11-17,2916399.5553160915
2021-11-18,2905574.1185516263
2021-11-19,2897438.161543047
2021-11-22,2913062.01097045
2021-11-23,2913214.296444419
2021-11-24,2908628.462374392
2021-11-26,2877723.403110413
2021-11-29,2816764.7955257664
2021-11-30,2846134.768420395
2021-12-01,2828213.9909608928
2021-12-02,2827333.101785413
2021-12-03,2842549.9569550343
2021-12-06,2850445.954640115
2021-12-07,2834201.382850663
2021-12-08,2869890.150799853
2021-12-09,2869474.7152674934
2021-12-10,2846442.47233142
2021-12-13,2863674.2489210926
2021-12-14,2855199.717233877
2021-12-15,2837868.136847795
2021-12-16,2879936.2923147636
2021-12-17,2871876.3170835325
2021-12-20,2852613.540883684
2021-12-21,2833525.722171933
2021-12-22,2856382.7257317677
2021-12-23,2881930.1788833733
2021-12-27,2890895.493153022
2021-12-28,2916254.6540902564
2021-12-29,2911243.6037063566
2021-12-30,2909416.942411297
2021-12-31,2913612.01512477
2022-01-03,2922497.610482984
2022-01-04,2955213.663196526
2022-01-05,2979022.677973619
2022-01-06,2962943.7833650946
2022-01-07,2976666.1712534633
2022-01-10,2962351.0044657313
2022-01-11,2944052.035998712
2022-01-12,2957761.628482888
2022-01-13,3000040.007767966
2022-01-14,2976381.268606855
2022-01-18,2977234.0266875946
2022-01-19,2941539.762824225
2022-01-20,2912122.5643700063
2022-01-21,2916315.234290279
2022-01-24,2882011.446102171
2022-01-25,2910506.3123712987
2022-01-26,2869792.087895274
2022-01-27,2833015.791069279
2022-01-28,2805816.6830755505
2022-01-31,2839813.2272677715
2022-02-01,2860011.2513028383
2022-02-02,2855984.0740270675
2022-02-03,2890550.497399048
2022-02-04,2853091.2957765367
2022-02-07,2873659.946159988
2022-02-08,2876238.4186653397
2022-02-09,2859459.8345242073
2022-02-10,2896787.3693552813
2022-02-11,2896742.522953467
2022-02-14,2860363.157373912
2022-02-15,2864787.225479561
2022-02-16,2891167.448915256
2022-02-17,2898505.173036859
2022-02-18,2881341.3546124822
2022-02-22,2874544.534775953
2022-02-23,2861971.280858278
2022-02-24,2805341.569386185
2022-02-25,2836155.9213499837
2022-02-28,2852319.812314422
2022-03-01,2831040.6545697246
2022-03-02,2835578.6130404053
2022-03-03,2872759.0132103683
2022-03-04,2853007.903584151
2022-03-07,2834797.1748559596
2022-03-08,2803331.6836448302
2022-03-09,2790303.043093686
2022-03-10,2822693.8293561162
2022-03-11,2827983.19893561
2022-03-14,2823160.758766727
2022-03-15,2785495.788789792
2022-03-16,2824042.994963754
2022-03-17,2845824.228857534
2022-03-18,2853879.8444982176
2022-03-21,2868566.052421124
2022-03-22,2904323.509018223
2022-03-23,2887766.014806606
2022-03-24,2832920.6030526236
2022-03-25,2898702.5163989966
2022-03-28,2893107.7116213953
2022-03-29,2914563.544176942
2022-03-30,2940461.397360369
2022-03-31,2926065.0285901856
2022-04-01,2909447.1912744413
2022-04-04,2894803.442179351
2022-04-05,2897427.8670844724
2022-04-06,2875690.5539890565
2022-04-07,2840466.155628375
2022-04-08,2843369.263560114
2022-04-11,2847904.630188486
2022-04-12,2837858.312774011
2022-04-13,2842414.126397868
2022-04-14,2863144.4808784653
2022-04-18,2841559.6594426716
2022-04-19,2852305.544072904
2022-04-20,2884829.7268826915
2022-04-21,2877926.7685469184
2022-04-22,2860174.0651141317
2022-04-25,2816926.5277109514
2022-04-26,2816502.4737325846
2022-04-27,2777638.6335716485
2022-04-28,2774054.237867196
2022-04-29,2802636.9483819874
2022-05-02,2745074.665608891
2022-05-03,2766006.4637750997
2022-05-04,2767547.3077151193
2022-05-05,2790486.7948351284
2022-05-06,2739866.492615921
2022-05-09,2730858.095507507
2022-05-10,2678702.078290598
2022-05-11,2694629.089896084
2022-05-12,2671322.0536013655
2022-05-13,2660196.25506076
2022-05-16,2695726.245828964
2022-05-17,2709386.279564445
2022-05-18,2735754.266489535
2022-05-19,2679585.819218066
2022-05-20,2679352.6675408687
2022-05-23,2676932.9040717273
2022-05-24,2705644.84083558
2022-05-25,2703744.103876887
2022-05-26,2719100.873713244
2022-05-27,2739137.9015426864
2022-05-31,2768511.513860131
2022-06-01,2770272.2627324397
2022-06-02,2760782.437607506
2022-06-03,2780881.949389046
2022-06-06,2771377.7978432
2022-06-07,2769152.003542774
2022-06-08,2775072.6829120433
2022-06-09,2757462.4212553347
2022-06-10,2735309.789670638
2022-06-13,2679084.010017963
2022-06-14,2641546.7418249743
2022-06-15,2647134.7971630096
2022-06-16,2636105.542042096
2022-06-17,2617079.4315266977
2022-06-21,2617124.554633593
2022-06-22,2643387.1977107855
2022-06-23,2627623.3093891717
2022-06-24,2634871.2823774503
2022-06-27,2674419.48717025
2022-06-28,2685228.142668771
2022-06-29,2648861.0618521376
2022-06-30,2660293.0065385248
2022-07-01,2663709.6778933913
2022-07-05,2666199.1403219486
2022-07-06,2653974.6472943006
2022-07-07,2648881.513479584
2022-07-08,2658079.1205645893
2022-07-11,2661446.249753443
2022-07-12,2664352.4745448465
2022-07-13,2642530.2277211887
2022-07-14,2628288.6998238643
2022-07-15,2643526.815126722
2022-07-18,2665730.4069309155
2022-07-19,2669547.3595915292
2022-07-20,2703196.0886231344
2022-07-21,2704518.7633882025
2022-07-22,2719357.7526940103
2022-07-25,2723238.1620159224
2022-07-26,2742015.6840784834
2022-07-27,2722622.452473263
2022-07-28,2736388.9919058583
2022-07-29,2746524.9989435305
2022-08-01,2773773.980775821
2022-08-02,2761389.265035562
2022-08-03,2751339.7777925245
2022-08-04,2752125.468764107
2022-08-05,2752711.8453726163
2022-08-08,2760255.9655058375
2022-08-09,2764071.9313271306
2022-08-10,2756791.580064429
2022-08-11,2791975.5853423197
2022-08-12,2802115.401260444
2022-08-15,2827295.9317060323
2022-08-16,2836210.366593265
2022-08-17,2828824.187497091
2022-08-18,2825655.8858047794
2022-08-19,2827108.985196401
2022-08-22,2802657.0179037116
2022-08-23,2770173.8170906743
2022-08-24,2757797.26328055
2022-08-25,2766319.9048415073
2022-08-26,2786798.7662984976
2022-08-29,2739224.5025954465
2022-08-30,2734566.436292413
2022-08-31,2715914.514368383
2022-09-01,2700052.282178302
2022-09-02,2704899.3551168903
2022-09-06,2684848.5820548274
2022-09-07,2680659.936137925
2022-09-08,2697762.6575949155
2022-09-09,2702988.7849755627
2022-09-12,2717134.1350014242
2022-09-13,2720128.104701077
2022-09-14,2677856.5881750328
2022-09-15,2692385.9233947955
2022-09-16,2700487.2973377327
2022-09-19,2703818.8676836966
2022-09-20,2711228.685257834
2022-09-21,2704529.3347584214
2022-09-22,2667791.358572476
2022-09-23,2646858.98980621
2022-09-26,2614161.271306565
2022-09-27,2593359.987270428
2022-09-28,2588549.1459376165
2022-09-29,2597859.5061210347
2022-09-30,2582607.546369779
2022-10-03,2563148.964474253
2022-10-04,2614959.6269108644
2022-10-05,2629747.9776526466
2022-10-06,2617794.7201643935
2022-10-07,2602660.6267297976
2022-10-10,2584394.6265085335
2022-10-11,2587863.6715196166
2022-10-12,2579263.6124625467
2022-10-13,2613600.039293031
2022-10-14,2655164.441129472
2022-10-17,2630881.105975357
2022-10-18,2650984.418746654
2022-10-19,2669315.9402378984
2022-10-20,2617675.324064897
2022-10-21,2602370.6519337767
2022-10-24,2622394.9197094613
2022-10-25,2640611.246742595
2022-10-26,2673124.672192743
2022-10-27,2691166.940405881
2022-10-28,2695686.9925995166
2022-10-31,2756971.0925490297
2022-11-01,2753628.4330170085
2022-11-02,2751697.855191295
2022-11-03,2719485.1490098806
2022-11-04,2736558.7828659355
2022-11-07,2745623.474548365
2022-11-08,2742159.927987045
2022-11-09,2765566.3913587234
2022-11-10,2732374.3211747506
2022-11-11,2783515.9461005363
2022-11-14,2802501.1768397857
2022-11-15,2796625.3924545734
2022-11-16,2802632.67047446
2022-11-17,2785447.390176724
2022-11-18,2783752.4331645044
2022-11-21,2805628.7534854296
2022-11-22,2792339.1099504926
2022-11-23,2792251.6452213624
2022-11-25,2812756.6763636195
2022-11-28,2803385.870147592
2022-11-29,2796335.7391163227
2022-11-30,2778768.813025724
2022-12-01,2825182.5002819765
2022-12-02,2827831.3351066965
2022-12-05,2799873.587821336
2022-12-06,2788678.4537528963
2022-12-07,2767655.62493244
2022-12-08,2757642.6844649785
2022-12-09,2780092.133873798
2022-12-12,2751142.9804206965
2022-12-13,2760817.9282016503
2022-12-14,2739402.3737509996
2022-12-15,2727807.4000823395
2022-12-16,2708788.157379442
2022-12-19,2701001.7275983375
2022-12-20,2695266.4701429894
2022-12-21,2704650.294883774
2022-12-22,2733427.809111656
2022-12-23,2715939.9892221964
2022-12-27,2728104.5831836285
2022-12-28,2721427.8273602244
2022-12-29,2704470.266048244
2022-12-30,2725036.644269221
2023-01-03,2730673.496274641
2023-01-04,2729799.6498009004
2023-01-05,2741731.826341198
2023-01-06,2733078.3005293678
2023-01-09,2755961.0788246575
2023-01-10,2760646.086591435
2023-01-11,2760406.829156325
2023-01-12,2793237.648693554
2023-01-13,2801458.8830689397
2023-01-17,2805059.619167648
2023-01-18,2783492.0703968676
2023-01-19,2772681.8566420064
2023-01-20,2757337.079711019
2023-01-23,2775835.384885846
2023-01-24,2796909.1837456385
2023-01-25,2787868.875762326
2023-01-26,2776187.545567704
2023-01-27,2788434.0591398478
2023-01-30,2798171.8596646204
2023-01-31,2807003.262744509
2023-02-01,2820562.4374583405
2023-02-02,2831423.265924056
2023-02-03,2875680.060869868
2023-02-06,2861302.1610800824
2023-02-07,2848513.832259607
2023-02-08,2877451.017822555
2023-02-09,2856659.46537078
2023-02-10,2847447.431178875
2023-02-13,2851077.9751853333
2023-02-14,2846794.447287443
2023-02-15,2856491.9033558643
2023-02-16,2878871.588411561
2023-02-17,2871230.693640157
2023-02-21,2860377.68233505
2023-02-22,2830166.321644529
2023-02-23,2829788.0257140244
2023-02-24,2840017.917860821
2023-02-27,2819840.4704282056
2023-02-28,2823614.6314974427
2023-03-01,2825111.4488041494
2023-03-02,2800798.382252262
2023-03-03,2796881.8754220703
2023-03-06,2799553.5518073053
2023-03-07,2795060.075679603
2023-03-08,2774183.8624829073
2023-03-09,2706706.058280728
2023-03-10,2643017.2961375075
2023-03-13,2524091.9052922013
2023-03-14,2536863.461323094
2023-03-15,2549606.8351683016
2023-03-16,2557731.004566922
2023-03-17,2530450.2028159397
2023-03-20,2508071.4991558385
2023-03-21,2553792.2439565114
2023-03-22,2541636.0763255083
2023-03-23,2491200.209581546
2023-03-24,2513984.3217966296
2023-03-27,2531261.7666470474
2023-03-28,2533638.935543106
2023-03-29,2510607.099505713
2023-03-30,2501397.8920518216
2023-03-31,2505674.116456755
2023-04-03,2524149.0682313484
2023-04-04,2498524.0510138744
2023-04-05,2482670.6034073215
2023-04-06,2474957.2861676263
2023-04-10,2494781.2080393187
2023-04-11,2503904.161922842
2023-04-12,2521676.8149328385
2023-04-13,2508330.9189693094
2023-04-14,2512961.175073244
2023-04-17,2520305.1758921873
2023-04-18,2511600.8544418756
2023-04-19,2521131.320156966
2023-04-20,2524778.956514291
2023-04-21,2508311.575148045
2023-04-24,2504706.480751221
2023-04-25,2492746.958562816
2023-04-26,2452838.5204171636
2023-04-27,2429765.8865476567
2023-04-28,2449473.1323645934
2023-05-01,2444556.686667034
2023-05-02,2405480.8903752593
2023-05-03,2388454.6668949393
2023-05-04,2351507.831551821
2023-05-05,2348453.5582684344
2023-05-08,2356070.2150795027
2023-05-09,2343480.5884835464
2023-05-10,2326321.0865192167
2023-05-11,2318590.6563120647
2023-05-12,2319616.828960827
2023-05-15,2325387.6308909315
2023-05-16,2324440.570199439
2023-05-17,2338393.859516946
2023-05-18,2351151.54285467
2023-05-19,2357074.208783471
2023-05-22,2367630.924657813
2023-05-23,2401174.566995566
2023-05-24,2381444.7625191254
2023-05-25,2338470.3171791276
2023-05-26,2346998.63125071
2023-05-30,2367571.420313496
2023-05-31,2367178.018219428
2023-06-01,2378902.8587276326
2023-06-02,2440991.64456046
2023-06-05,2431187.6226343634
2023-06-06,2475715.487216111
2023-06-07,2548237.8367559444
2023-06-08,2521745.899801269
2023-06-09,2509811.6183104636
2023-06-12,2508231.6964232633
2023-06-13,2546302.542478943
2023-06-14,2548883.8259175927
2023-06-15,2547459.429859851
2023-06-16,2605872.1259850184
2023-06-20,2591582.116281826
2023-06-21,2590647.2528639343
2023-06-22,2538888.708005166
2023-06-23,2527856.7669237773
2023-06-26,2523033.637132008
2023-06-27,2520432.262240898
2023-06-28,2532420.9929959546
2023-06-29,2547088.639188333
2023-06-30,2526960.407989369
2023-07-03,2560285.9540705024
2023-07-05,2554104.321555021
2023-07-06,2542192.528206816
2023-07-07,2556861.1209893357
2023-07-10,2571349.153920719
2023-07-11,2588028.3527219696
2023-07-12,2599241.1732236217
2023-07-13,2604739.516280331
2023-07-14,2623698.1210430716
2023-07-17,2619186.493181776
2023-07-18,2626879.854388593
2023-07-19,2645272.024415977
2023-07-20,2675921.85750139
2023-07-21,2657677.10780324
2023-07-24,2671829.839765803
2023-07-25,2674633.6989837345
2023-07-26,2692837.5215687444
2023-07-27,2680438.901016434
2023-07-28,2644111.006133872
2023-07-31,2674697.4264992387
2023-08-01,2683588.724418082
2023-08-02,2660527.0761336433
2023-08-03,2635423.338314313
2023-08-04,2649127.740649983
2023-08-07,2642782.254302273
2023-08-08,2648726.59772013
2023-08-09,2623578.5654902468
2023-08-10,2599160.7527005556
2023-08-11,2603606.288878726
2023-08-14,2576068.9963169857
2023-08-15,2589713.304458487
2023-08-16,2566199.0397465546
2023-08-17,2570619.329631627
2023-08-18,2561639.812153877
2023-08-21,2533405.055008214
2023-08-22,2544068.414817569
2023-08-23,2540291.159221606
2023-08-24,2575659.7411463466
2023-08-25,2538318.5767223183
2023-08-28,2553521.9655658663
2023-08-29,2551875.1695032534
2023-08-30,2577510.9891030435
2023-08-31,2583904.7604168407
2023-09-01,2597788.6256183935
2023-09-05,2575104.945611798
2023-09-06,2585118.3544315016
2023-09-07,2572248.416194194
2023-09-08,2559291.6207845043
2023-09-11,2601227.824182009
2023-09-12,2628523.7947892225
2023-09-13,2596210.8422673573
2023-09-14,2616683.3543376853
2023-09-15,2642301.4593874426
2023-09-18,2620502.0519570564
2023-09-19,2612427.062383907
2023-09-20,2623025.81084303
2023-09-21,2634470.3009155723
2023-09-22,2604743.690313961
2023-09-25,2597874.2173203756
2023-09-26,2606807.193433516
2023-09-27,2597827.1708487202
2023-09-28,2587615.302765599
2023-09-29,2591440.721918019
2023-10-02,2576843.59001418
2023-10-03,2569431.4553743345
2023-10-04,2542746.350981133
2023-10-05,2600282.169459656
2023-10-06,2588960.615070494
2023-10-09,2608447.13475098
2023-10-10,2619470.571371448
2023-10-11,2624422.669272168
2023-10-12,2617626.033979138
2023-10-13,2605332.6472127996
2023-10-16,2593198.692773879
2023-10-17,2632464.0146208666
2023-10-18,2624422.5024044532
2023-10-19,2601699.8689836985
2023-10-20,2595614.025571617
2023-10-23,2597519.643883609
2023-10-24,2588661.7120562308
2023-10-25,2612138.214439181
2023-10-26,2618801.479987014
2023-10-27,2562388.947095675
2023-10-30,2550400.676978093
2023-10-31,2571325.4173919572
2023-11-01,2554022.509687581
2023-11-02,2589605.5467085587
2023-11-03,2635310.886869528
2023-11-06,2647149.095712245
2023-11-07,2645104.5067905425
2023-11-08,2641636.7169586155
2023-11-09,2654411.2746741176
2023-11-10,2641601.15338469
2023-11-13,2655914.5822302066
2023-11-14,2696651.988331797
2023-11-15,2715990.9325869363
2023-11-16,2693739.86296945
2023-11-17,2704501.9184463457
2023-11-20,2704455.371540082
2023-11-21,2719965.556570914
2023-11-22,2724909.5485018757
2023-11-24,2743728.6909560976
2023-11-27,2737711.6252941475
2023-11-28,2723096.6553973295
2023-11-29,2734423.087554116
2023-11-30,2735043.7808716106
2023-12-01,2768031.1975323907
2023-12-04,2795078.150432989
2023-12-05,2775360.6084586135
2023-12-06,2775865.194616214
2023-12-07,2767840.8603565283
2023-12-08,2789305.824741631
2023-12-11,2779881.598088164
2023-12-12,2777762.982780528
2023-12-13,2806951.5870667123
2023-12-14,2846848.455502329
2023-12-15,2844675.44610824
2023-12-18,2840722.2873299043
2023-12-19,2862734.1893560328
2023-12-20,2884712.315671536
2023-12-21,2866623.3138180166
2023-12-22,2891604.6833557733
2023-12-26,2907353.3224857515
2023-12-27,2914933.0653357897
2023-12-28,2920421.3781578434
2023-12-29,2905286.5436474453
2024-01-02,2915858.4016021
2024-01-03,2892756.337487157
2024-01-04,2894849.650132309
2024-01-05,2884179.174592817
2024-01-08,2866229.1410132595
2024-01-09,2870207.851251843
2024-01-10,2864015.877368856
2024-01-11,2861310.493241115
2024-01-12,2852784.520960747
2024-01-16,2840279.7354145916
2024-01-17,2838953.6708077984
2024-01-18,2821848.07458403
2024-01-19,2828901.9647392845
2024-01-22,2874406.7123296713
2024-01-23,2863005.38096352
2024-01-24,2866960.914431385
2024-01-25,2869276.0631049033
2024-01-26,2873769.418681735
2024-01-29,2866391.268693876
2024-01-30,2873048.7372253924
2024-01-31,2852099.2043147106
2024-02-01,2820325.5639797645
2024-02-02,2807879.7155905473
2024-02-05,2805346.8740703063
2024-02-06,2795399.1218337193
2024-02-07,2771693.8469146527
2024-02-08,2800952.2993104886
2024-02-09,2801837.68156251
2024-02-12,2831722.194064071
2024-02-13,2788036.310409201
2024-02-14,2791644.164899667
2024-02-15,2810189.9499609424
2024-02-16,2820809.334189255
2024-02-20,2816502.1415861994
2024-02-21,2803779.3197818473
2024-02-22,2763473.303222617
2024-02-23,2809120.647114636
2024-02-26,2805177.0994977667
2024-02-27,2796317.6800894253
2024-02-28,2798811.2216756395
2024-02-29,2793694.6591900676
2024-03-01,2788190.1029099002
2024-03-04,2802590.874564228
2024-03-05,2817445.8050289513
2024-03-06,2802187.495466858
2024-03-07,2797027.393319067
2024-03-08,2832050.708677312
2024-03-11,2828352.0824261354
2024-03-12,2806244.6798660913
2024-03-13,2818713.9816332525
2024-03-14,2785882.1050577913
2024-03-15,2812045.57246661
2024-03-18,2785781.368954136
2024-03-19,2800328.971036805
2024-03-20,2817484.452336717
2024-03-21,2833218.438076078
2024-03-22,2819470.6831620983
2024-03-25,2816373.478283412
2024-03-26,2802211.7951369993
2024-03-27,2819969.2092579943
2024-03-28,2838738.7598771257
2024-04-01,2828530.4645158714
2024-04-02,2816501.2343051527
2024-04-03,2798517.935099263
2024-04-04,2808351.892255626
2024-04-05,2766671.782971087
2024-04-08,2799591.0855146213
2024-04-09,2799740.3357268907
2024-04-10,2793453.7284318814
2024-04-11,2766577.384291537
2024-04-12,2797058.9354760707
2024-04-15,2782325.5335573764
2024-04-16,2770614.268822255
2024-04-17,2769036.318646344
2024-04-18,2759217.851565882
2024-04-19,2792861.218004784
2024-04-22,2762144.487917624
2024-04-23,2784423.442311792
2024-04-24,2795795.5684001204
2024-04-25,2787619.912181027
2024-04-26,2763325.6590505457
2024-04-29,2781121.754558136
2024-04-30,2791466.6572238975
2024-05-01,2785122.0643134764
2024-05-02,2773812.8199464004
2024-05-03,2780016.4258723264
2024-05-06,2797830.295338547
2024-05-07,2800308.976618003
2024-05-08,2780101.9606315386
2024-05-09,2774062.6972530563
2024-05-10,2770576.0877015716
2024-05-13,2776139.5347242854
2024-05-14,2775049.396696465
2024-05-15,2767041.2095260206
2024-05-16,2795059.3777540447
2024-05-17,2778758.8847797434
2024-05-20,2775120.5386890187
2024-05-21,2761876.5744083
2024-05-22,2756777.6596351266
2024-05-23,2741002.468012388
2024-05-24,2724810.786848599
2024-05-28,2729848.4562807227
2024-05-29,2714805.6967225065
2024-05-30,2740870.5344472285
2024-05-31,2742357.9030963937
2024-06-03,2756035.571352832
2024-06-04,2745851.612700985
2024-06-05,2731455.4817682235
2024-06-06,2745766.1826740797
2024-06-07,2728075.6469770186
2024-06-10,2719735.112210271
2024-06-11,2713078.306374313
2024-06-12,2721478.8195638554
2024-06-13,2719089.19966401
2024-06-14,2695205.5836426844
2024-06-17,2697719.6242951667
2024-06-18,2695144.1068626554
2024-06-20,2716630.9447805574
2024-06-21,2707956.394266927
2024-06-24,2721431.446440707
2024-06-25,2705843.3521409295
2024-06-26,2710057.649019492
2024-06-27,2727809.2206238797
2024-06-28,2750253.483825971
2024-07-01,2720351.303717433
2024-07-02,2731479.2691669506
2024-07-03,2708050.3310428774
2024-07-05,2686497.7700108653
2024-07-08,2702688.8482675697
2024-07-09,2696240.2368976637
2024-07-10,2706524.8673874
2024-07-11,2809850.422127427
2024-07-12,2808347.639930665
2024-07-15,2847005.444984336
2024-07-16,2919302.460919333
2024-07-17,2985380.7657789206
2024-07-18,3014689.817457704
2024-07-19,2995183.545223593
2024-07-22,2997914.5049376353
2024-07-23,3044815.9216434765
2024-07-24,3036936.89446234
2024-07-25,3059722.6082321703
2024-07-26,3072200.975054285
2024-07-29,3074846.964644306
2024-07-30,3121481.721342887
2024-07-31,3084328.3844792675
2024-08-01,3079705.0212705424
2024-08-02,3074214.2309851456
2024-08-05,3009123.5248716027
2024-08-06,2975811.430188943
2024-08-07,2986135.301633769
2024-08-08,2956725.3580873064
2024-08-09,2980215.158890855
2024-08-12,2960033.0797531344
2024-08-13,2974877.4156500893
2024-08-14,2997841.589765613
2024-08-15,3030114.994642494
2024-08-16,3070416.89716469
2024-08-19,3074649.099647603
2024-08-20,3076900.663248488
2024-08-21,3078247.6974093346
2024-08-22,3085277.8583408077
2024-08-23,3122283.520032727
2024-08-26,3148293.7982700183
2024-08-27,3101137.5845254753
2024-08-28,3111834.8772213487
2024-08-29,3111936.5770742553
2024-08-30,3112260.8654591865
2024-09-03,3124186.6275434596
2024-09-04,3104451.67237921
2024-09-05,3089448.579382491
2024-09-06,3075123.6433090824
2024-09-09,3031665.162435646
2024-09-10,3040683.683514178
2024-09-11,3009946.2279001237
2024-09-12,3043900.0033120695
2024-09-13,3097114.135448522
2024-09-16,3119527.366556925
2024-09-17,3138929.2744541927
2024-09-18,3142894.9418265573
2024-09-19,3151135.7069749823
2024-09-20,3143949.9648002232
2024-09-23,3139962.7905481886
2024-09-24,3132598.007243763
2024-09-25,3116963.057990095
2024-09-26,3125109.312005606
2024-09-27,3137865.7784737865
2024-09-30,3149612.301265579
2024-10-01,3146101.2583691888
2024-10-02,3113096.146226556
2024-10-03,3097183.4660807587
2024-10-04,3099194.0754597536
2024-10-07,3102366.181255901
2024-10-08,3079702.7706088712
2024-10-09,3091968.5153884105
2024-10-10,3101484.577772556
2024-10-11,3122741.303582534
2024-10-14,3125408.972959107
2024-10-15,3173925.35928612
2024-10-16,3181277.0323394523
2024-10-17,3190359.1519805402
2024-10-18,3185149.5149996243
2024-10-21,3150782.189186646
2024-10-22,3154559.8075051224
2024-10-23,3155802.2988356473
2024-10-24,3137029.491710997
2024-10-25,3122450.922363672
2024-10-28,3143479.3598604957
2024-10-29,3136466.783115549
2024-10-30,3147718.824547205
2024-10-31,3133300.976424303
2024-11-01,3102650.4361805688
2024-11-04,3113041.599369035
2024-11-05,3120074.242261015
2024-11-06,3212323.9694833113
2024-11-07,3192852.8842576477
2024-11-08,3187483.3107081456
2024-11-11,3222445.281750442
2024-11-12,3220340.496254376
2024-11-13,3206443.0090325032
2024-11-14,3198734.9675705372
2024-11-15,3203872.2383245677
2024-11-18,3169028.9702315475
2024-11-19,3168189.766300425
2024-11-20,3169035.6634309166
2024-11-21,3180588.1694144127
2024-11-22,3206107.705453818
2024-11-25,3223060.049783908
2024-11-26,3204872.414192069
2024-11-27,3219574.849706661
2024-11-29,3201826.1189284343
2024-12-02,3207695.369560681
2024-12-03,3198341.958112396
2024-12-04,3197900.274821185
2024-12-05,3206047.6907099015
2024-12-06,3195157.9123699935
2024-12-09,3221413.2000493533
2024-12-10,3223962.31826864
2024-12-11,3205719.8259050474
2024-12-12,3222907.7073117937
2024-12-13,3213346.8551185676
2024-12-16,3198885.000116691
2024-12-17,3190090.92045194
2024-12-18,3174241.832368852
2024-12-19,3131206.6396417
2024-12-20,3132725.7335618166
2024-12-23,3125458.8078858163
2024-12-24,3130602.0808466403
2024-12-26,3150864.299608294
2024-12-27,3148710.8587467116
2024-12-30,3143202.118340784
2024-12-31,3128108.7724317694
