date,portfolio_value
2010-09-30,1000580.1048615709
2010-10-01,995737.1534779255
2010-10-04,996230.426398796
2010-10-05,991828.2615510393
2010-10-06,1006394.4107220408
2010-10-07,1004370.3906444748
2010-10-08,1002276.244954196
2010-10-11,1005576.3707018472
2010-10-12,1003292.267525161
2010-10-13,1009770.7354992155
2010-10-14,1020196.7371241314
2010-10-15,1015899.8341731025
2010-10-18,1019257.9150821925
2010-10-19,1020945.8970391991
2010-10-20,1010761.5735472712
2010-10-21,1020228.6735627975
2010-10-22,1022758.8132453875
2010-10-25,1025212.9037510662
2010-10-26,1025609.5520703499
2010-10-27,1028442.5057975546
2010-10-28,1024217.0036442897
2010-10-29,1023689.1301150409
2010-11-01,1020132.0095437458
2010-11-02,1028573.2380193048
2010-11-03,1030990.7614128249
2010-11-04,1034478.0760730108
2010-11-05,1048891.226257395
2010-11-08,1051330.0911223604
2010-11-09,1050545.4321451988
2010-11-10,1045940.7570812851
2010-11-11,1047337.4384264257
2010-11-12,1045865.7002224509
2010-11-15,1037803.3734752424
2010-11-16,1036320.2750084839
2010-11-17,1024858.2737034509
2010-11-18,1021661.5539449542
2010-11-19,1032880.5958678939
2010-11-22,1039463.0293813855
2010-11-23,1042792.581579796
2010-11-24,1033159.0338608838
2010-11-26,1048468.4862818489
2010-11-29,1033086.1560558694
2010-11-30,1032276.1014085222
2010-12-01,1020751.5176817435
2010-12-02,1032720.3884901946
2010-12-03,1038188.5765105849
2010-12-06,1041941.5498916947
2010-12-07,1042563.1746789839
2010-12-08,1042361.0809774456
2010-12-09,1044039.0103564578
2010-12-10,1050363.2595887883
2010-12-13,1053876.9589586675
2010-12-14,1054818.5336181025
2010-12-15,1050241.178325908
2010-12-16,1049469.6137997601
2010-12-17,1048068.7775592571
2010-12-20,1046173.6744923427
2010-12-21,1046346.0027089528
2010-12-22,1050539.148685137
2010-12-23,1054354.1482007059
2010-12-27,1054687.7622916044
2010-12-28,1054673.8320648947
2010-12-29,1055071.093181182
2010-12-30,1055470.865342536
2010-12-31,1046928.0083218704
2011-01-03,1048144.7669391425
2011-01-04,1048091.5694403951
2011-01-05,1047183.8283377585
2011-01-06,1050697.5601461271
2011-01-07,1048307.9122561131
2011-01-10,1048203.6714264512
2011-01-11,1046398.1504517195
2011-01-12,1045805.3610034464
2011-01-13,1058724.311279448
2011-01-14,1056375.7960387298
2011-01-18,1062026.8689229912
2011-01-19,1060590.4774857815
2011-01-20,1052244.1976968439
2011-01-21,1046467.9258153044
2011-01-24,1053013.1817824098
2011-01-25,1063718.261363531
2011-01-26,1070642.56141453
2011-01-27,1082514.214497746
2011-01-28,1077851.0788419836
2011-01-31,1056111.8274244568
2011-02-01,1061230.223084765
2011-02-02,1075935.3879863864
2011-02-03,1074746.3539336396
2011-02-04,1068788.4163009964
2011-02-07,1071607.6231480555
2011-02-08,1078854.9548096687
2011-02-09,1081699.285105462
2011-02-10,1080912.4561082807
2011-02-11,1084561.8586008237
2011-02-14,1085003.8639825121
2011-02-15,1087332.7624105283
2011-02-16,1082934.0552484782
2011-02-17,1090433.7973876942
2011-02-18,1094353.9390750902
2011-02-22,1097318.2263731281
2011-02-23,1067645.2950070219
2011-02-24,1060399.0200166712
2011-02-25,1071960.3733700959
2011-02-28,1078339.1220822982
2011-03-01,1084724.9281343555
2011-03-02,1070330.2101816994
2011-03-03,1066905.5827528255
2011-03-04,1082267.5532960757
2011-03-07,1074144.3678769432
2011-03-08,1073036.7510552844
2011-03-09,1083691.8457449845
2011-03-10,1076462.9728474647
2011-03-11,1052752.4914625243
2011-03-14,1057609.6517831655
2011-03-15,1050564.461442071
2011-03-16,1045899.3540176373
2011-03-17,1022080.3815032474
2011-03-18,1043661.8848639234
2011-03-21,1050526.8917105051
2011-03-22,1065840.3447658152
2011-03-23,1057984.134885955
2011-03-24,1056559.7379929728
2011-03-25,1065860.3893919801
2011-03-28,1070965.3841183186
2011-03-29,1068372.741769346
2011-03-30,1078719.878152968
2011-03-31,1094183.3318246705
2011-04-01,1094893.5247528087
2011-04-04,1096137.8541028542
2011-04-05,1097479.9372076364
2011-04-06,1100950.908005769
2011-04-07,1099362.2682536694
2011-04-08,1092483.9354916452
2011-04-11,1095421.847975561
2011-04-12,1085416.726094259
2011-04-13,1076370.5982813674
2011-04-14,1079174.9592139104
2011-04-15,1083800.4079080913
2011-04-18,1090618.5661404075
2011-04-19,1075359.604248642
2011-04-20,1078946.0569408555
2011-04-21,1099745.4222329694
2011-04-25,1104562.320560879
2011-04-26,1113206.4625337613
2011-04-27,1115957.149949092
2011-04-28,1120270.7453708241
2011-04-29,1123407.1235557909
2011-05-02,1116168.604899671
2011-05-03,1108443.5347000125
2011-05-04,1102426.4719382685
2011-05-05,1104175.898491612
2011-05-06,1095653.9575091903
2011-05-09,1102840.5079113871
2011-05-10,1109847.432325021
2011-05-11,1109285.3201502177
2011-05-12,1103918.7902764587
2011-05-13,1097253.4127810732
2011-05-16,1088289.53662419
2011-05-17,1076096.144145931
2011-05-18,1076879.5526881723
2011-05-19,1085817.3636238908
2011-05-20,1090779.642898607
2011-05-23,1082073.1675658827
2011-05-24,1067728.2947588803
2011-05-25,1067258.6932558024
2011-05-26,1072510.5114017113
2011-05-27,1080693.5353307398
2011-05-31,1080046.955380391
2011-06-01,1085613.8866562245
2011-06-02,1061191.4229327166
2011-06-03,1066615.5347805596
2011-06-06,1060365.9401765778
2011-06-07,1056900.234037978
2011-06-08,1062194.0374197715
2011-06-09,1054247.8267058136
2011-06-10,1062685.0603532898
2011-06-13,1052622.4229040823
2011-06-14,1058182.808713722
2011-06-15,1076442.7803937283
2011-06-16,1065997.522786713
2011-06-17,1061535.2846843423
2011-06-20,1069317.2820954486
2011-06-21,1068904.8069882987
2011-06-22,1079522.8415639007
2011-06-23,1071517.0296894964
2011-06-24,1077095.9368563902
2011-06-27,1070535.244726534
2011-06-28,1072497.411154463
2011-06-29,1076356.1165716618
2011-06-30,1078161.688421265
2011-07-01,1086549.4586684825
2011-07-05,1099233.7061457667
2011-07-06,1102508.3770899419
2011-07-07,1099790.6964101973
2011-07-08,1109945.8066166413
2011-07-11,1105527.3799109992
2011-07-12,1094584.2400021818
2011-07-13,1093292.6981645168
2011-07-14,1089824.8685880566
2011-07-15,1080687.9292431516
2011-07-18,1083468.7038746185
2011-07-19,1078880.8835875497
2011-07-20,1095587.6894424835
2011-07-21,1092756.2762330985
2011-07-22,1098166.0267094257
2011-07-25,1089671.2182904547
2011-07-26,1079746.2448982028
2011-07-27,1074104.4856628475
2011-07-28,1056411.7745159967
2011-07-29,1049582.8348933917
2011-08-01,1056216.4057094771
2011-08-02,1051321.8781440016
2011-08-03,1031229.6439347503
2011-08-04,1013729.6686436934
2011-08-05,995741.8808545973
2011-08-08,987018.3304336264
2011-08-09,981718.581590389
2011-08-10,996348.8429350724
2011-08-11,982466.9855167884
2011-08-12,994015.6868826537
2011-08-15,1000081.6574013162
2011-08-16,1007027.5593403294
2011-08-17,1005045.3534077524
2011-08-18,1005792.315726344
2011-08-19,994093.1211416975
2011-08-22,991960.2879382698
2011-08-23,989564.7840413315
2011-08-24,997795.6575405088
2011-08-25,999430.6756524488
2011-08-26,994377.0588357464
2011-08-29,1000938.8099352719
2011-08-30,1011079.1034469405
2011-08-31,1011458.2601208715
2011-09-01,1007844.3595790284
2011-09-02,1003126.9994100117
2011-09-06,997383.3192214081
2011-09-07,993434.3552671038
2011-09-08,1003108.0747530704
2011-09-09,1001306.2671751736
2011-09-12,992887.0143895893
2011-09-13,995739.5173971336
2011-09-14,998276.6208858421
2011-09-15,999432.9437314441
2011-09-16,1005373.1853232419
2011-09-19,1006522.3822305514
2011-09-20,999985.3942855273
2011-09-21,995818.5739838493
2011-09-22,992680.4307955117
2011-09-23,981540.9170475407
2011-09-26,982922.6624834439
2011-09-27,991405.2116306239
2011-09-28,992104.4659838272
2011-09-29,988108.6945832503
2011-09-30,1002539.6524522133
2011-10-03,965057.9062035094
2011-10-04,959519.9866753573
2011-10-05,968906.6228388994
2011-10-06,989560.962309353
2011-10-07,991719.1961289393
2011-10-10,983594.2658032061
2011-10-11,1015504.4121369965
2011-10-12,1015513.0952386656
2011-10-13,1022302.9363067483
2011-10-14,1016195.266255749
2011-10-17,1026176.6374274443
2011-10-18,1011162.196354518
2011-10-19,1031723.3664670112
2011-10-20,1019287.6025538039
2011-10-21,1025489.425861427
2011-10-24,1056212.0906211017
2011-10-25,1069928.8549034046
2011-10-26,1052442.012292798
2011-10-27,1085579.7489729456
2011-10-28,1115923.2896928058
2011-10-31,1124892.527934729
2011-11-01,1094994.297032409
2011-11-02,1064945.986811557
2011-11-03,1083518.1967974561
2011-11-04,1106524.1291862137
2011-11-07,1093393.4814602672
2011-11-08,1097188.4291413536
2011-11-09,1113484.136110474
2011-11-10,1069889.6412115572
2011-11-11,1077932.3285892226
2011-11-14,1095489.3702649353
2011-11-15,1090755.1205349402
2011-11-16,1101140.5827682412
2011-11-17,1092073.2388413234
2011-11-18,1077613.8603179553
2011-11-21,1077028.2276591463
2011-11-22,1052270.0119181143
2011-11-23,1051170.6613451238
2011-11-25,1022406.6415988047
2011-11-28,1020218.7703285946
2011-11-29,1047006.9613978578
2011-11-30,1048342.570689064
2011-12-01,1087163.0940756274
2011-12-02,1087852.0335048903
2011-12-05,1181106.6842877567
2011-12-06,1193479.4065133089
2011-12-07,1190816.338104847
2011-12-08,1197235.1796314279
2011-12-09,1164677.2806403579
2011-12-12,1200199.57429608
2011-12-13,1182511.0113036884
2011-12-14,1180180.424423632
2011-12-15,1167916.721585083
2011-12-16,1176113.9940186269
2011-12-19,1195346.91687831
2011-12-20,1164884.4392877547
2011-12-21,1213442.6675608847
2011-12-22,1211010.5277036724
2011-12-23,1214749.3208270422
2011-12-27,1233212.1618457923
2011-12-28,1235373.2526530442
2011-12-29,1211437.234526998
2011-12-30,1224290.8313601036
2012-01-03,1209573.4265503243
2012-01-04,1219134.7043496228
2012-01-05,1219245.279587851
2012-01-06,1224092.2731215765
2012-01-09,1218211.0394960793
2012-01-10,1222012.4188444496
2012-01-11,1233313.1106482393
2012-01-12,1232621.3481488135
2012-01-13,1231696.325732043
2012-01-17,1225373.9089557724
2012-01-18,1227424.8314414504
2012-01-19,1237804.587491601
2012-01-20,1246723.7648669127
2012-01-23,1252797.500282685
2012-01-24,1255231.2626817033
2012-01-25,1251461.5314144052
2012-01-26,1267407.8620723437
2012-01-27,1264492.680659063
2012-01-30,1260814.9196387192
2012-01-31,1260523.7411441447
2012-02-01,1269219.0022472152
2012-02-02,1279934.6109039257
2012-02-03,1281597.291954367
2012-02-06,1294147.5024317743
2012-02-07,1292469.5784330415
2012-02-08,1292136.6508367253
2012-02-09,1292033.03550295
2012-02-10,1289284.9835863286
2012-02-13,1285517.5844542817
2012-02-14,1291442.2862382883
2012-02-15,1289715.009974158
2012-02-16,1284723.6418333107
2012-02-17,1297084.5913232202
2012-02-21,1297617.0856919736
2012-02-22,1290085.6340986842
2012-02-23,1293933.4672938886
2012-02-24,1296418.7320813015
2012-02-27,1297823.055374243
2012-02-28,1291172.554682464
2012-02-29,1287730.7218602758
2012-03-01,1277691.0938845812
2012-03-02,1274470.6213846023
2012-03-05,1280738.246421643
2012-03-06,1278403.6098614212
2012-03-07,1261730.5827757637
2012-03-08,1264459.2140901105
2012-03-09,1303096.8993377457
2012-03-12,1307889.556447337
2012-03-13,1299132.9697111147
2012-03-14,1313710.906421664
2012-03-15,1313533.8223123823
2012-03-16,1316241.3113177535
2012-03-19,1324444.1808719265
2012-03-20,1327939.491400605
2012-03-21,1325343.2404431049
2012-03-22,1327421.370676077
2012-03-23,1321433.731918643
2012-03-26,1324837.1283530458
2012-03-27,1341345.4063298572
2012-03-28,1341022.515412315
2012-03-29,1335314.3174539169
2012-03-30,1324359.9532713315
2012-04-02,1332983.6836679408
2012-04-03,1340824.0027775671
2012-04-04,1333239.1688357322
2012-04-05,1317236.8881017487
2012-04-09,1314672.7198192717
2012-04-10,1303748.821297737
2012-04-11,1288592.9784063958
2012-04-12,1293301.321688787
2012-04-13,1312011.1825524082
2012-04-16,1304448.954233637
2012-04-17,1297426.3108385927
2012-04-18,1310662.3053837386
2012-04-19,1308175.252695467
2012-04-20,1307792.5904816287
2012-04-23,1307735.7520925167
2012-04-24,1303430.3698757058
2012-04-25,1305903.058238706
2012-04-26,1319954.130699025
2012-04-27,1333920.2835577328
2012-04-30,1330786.7618938093
2012-05-01,1318035.394126847
2012-05-02,1334219.039914961
2012-05-03,1333500.0935902349
2012-05-04,1329794.7344949692
2012-05-07,1312684.5919185814
2012-05-08,1322296.1434867522
2012-05-09,1319101.689355244
2012-05-10,1316201.1017362033
2012-05-11,1318507.0814960876
2012-05-14,1316957.4080970667
2012-05-15,1309018.6029959442
2012-05-16,1303113.6872742707
2012-05-17,1296576.1857429242
2012-05-18,1283205.1460379774
2012-05-21,1267683.1781469497
2012-05-22,1279661.1430313326
2012-05-23,1284792.718972723
2012-05-24,1284326.9316135154
2012-05-25,1290474.7391820762
2012-05-29,1281808.6664266281
2012-05-30,1297550.5063634717
2012-05-31,1285491.5571256261
2012-06-01,1286979.3399267797
2012-06-04,1262207.2072571726
2012-06-05,1264811.5861117237
2012-06-06,1264446.2430632252
2012-06-07,1284463.6277788095
2012-06-08,1288457.1449453635
2012-06-11,1291302.422590589
2012-06-12,1274189.42023588
2012-06-13,1284209.668145689
2012-06-14,1277897.425604828
2012-06-15,1286711.3082709766
2012-06-18,1294020.3497948055
2012-06-19,1301004.1436980513
2012-06-20,1309570.5894379872
2012-06-21,1312421.8664229366
2012-06-22,1292833.652908927
2012-06-25,1306718.002598219
2012-06-26,1286171.306327627
2012-06-27,1296645.1956568866
2012-06-28,1308673.0755855967
2012-06-29,1296422.273091087
2012-07-02,1335135.3769436537
2012-07-03,1342846.474571108
2012-07-05,1350908.7779186945
2012-07-06,1349758.8824175627
2012-07-09,1339503.039560162
2012-07-10,1345058.3091645772
2012-07-11,1333303.7282777317
2012-07-12,1338033.172134002
2012-07-13,1330511.00287963
2012-07-16,1348858.426335532
2012-07-17,1343207.7688552781
2012-07-18,1346086.5351093356
2012-07-19,1345058.1611309384
2012-07-20,1349563.8847843134
2012-07-23,1337765.785429132
2012-07-24,1320161.0156828873
2012-07-25,1313323.1538941178
2012-07-26,1300146.8746848698
2012-07-27,1319459.675559035
2012-07-30,1340435.5367812838
2012-07-31,1343630.1718924674
2012-08-01,1319082.9410129818
2012-08-02,1321043.5354303587
2012-08-03,1314235.2825297606
2012-08-06,1335877.3104174896
2012-08-07,1332430.0282773732
2012-08-08,1336383.376437348
2012-08-09,1336144.627701109
2012-08-10,1333211.0899110308
2012-08-13,1333907.3874764943
2012-08-14,1329388.3188633602
2012-08-15,1335965.5329282088
2012-08-16,1337435.5901081795
2012-08-17,1352977.4080920257
2012-08-20,1352624.2028821367
2012-08-21,1354555.9589655832
2012-08-22,1344835.3278981033
2012-08-23,1346532.9839586464
2012-08-24,1334621.3947489725
2012-08-27,1343535.266525367
2012-08-28,1349072.2440443705
2012-08-29,1353593.4200083562
2012-08-30,1352433.6700476403
2012-08-31,1342958.7955599225
2012-09-04,1360859.3579478727
2012-09-05,1358452.2412173783
2012-09-06,1353890.3545041457
2012-09-07,1377336.1133513204
2012-09-10,1388844.883413636
2012-09-11,1384525.329894916
2012-09-12,1387353.953543397
2012-09-13,1382928.2116500486
2012-09-14,1406221.626915784
2012-09-17,1409772.00508095
2012-09-18,1408110.9086773698
2012-09-19,1403340.1374897389
2012-09-20,1398622.4874906503
2012-09-21,1405386.8088751407
2012-09-24,1406723.5507856105
2012-09-25,1403335.6156118605
2012-09-26,1393732.1256749453
2012-09-27,1384230.9855857696
2012-09-28,1387972.953809126
2012-10-01,1385340.028056669
2012-10-02,1389674.718049095
2012-10-03,1384454.5539278917
2012-10-04,1391826.8721580754
2012-10-05,1401792.2655130601
2012-10-08,1400813.1516825426
2012-10-09,1395824.1407090167
2012-10-10,1392108.8887678096
2012-10-11,1387996.7998286148
2012-10-12,1381964.792763212
2012-10-15,1375670.4326659865
2012-10-16,1379839.8804826217
2012-10-17,1396614.5515826656
2012-10-18,1399568.8232260784
2012-10-19,1400522.7735661904
2012-10-22,1386338.581579975
2012-10-23,1395720.1644552434
2012-10-24,1388110.9473113706
2012-10-25,1385382.9896347902
2012-10-26,1382340.271133337
2012-10-31,1390439.6765492647
2012-11-01,1395707.4643167907
2012-11-02,1399990.945602669
2012-11-05,1392102.7698795863
2012-11-06,1396746.332853682
2012-11-07,1394280.97688187
2012-11-08,1387496.9024990003
2012-11-09,1373221.1680295991
2012-11-12,1372287.1050795277
2012-11-13,1365165.8319161038
2012-11-14,1349924.839108538
2012-11-15,1335333.017562842
2012-11-16,1342595.1344864299
2012-11-19,1349106.4022836788
2012-11-20,1370975.3037977489
2012-11-21,1371899.9113394744
2012-11-23,1373362.4847518306
2012-11-26,1391511.906583943
2012-11-27,1393105.3984661954
2012-11-28,1385285.2117544692
2012-11-29,1399042.9169116984
2012-11-30,1406521.6461443887
2012-12-03,1413390.0753504892
2012-12-04,1411432.5174080809
2012-12-05,1407866.2139213977
2012-12-06,1408029.2044180203
2012-12-07,1409407.9222359182
2012-12-10,1416007.3894745882
2012-12-11,1416371.1173650536
2012-12-12,1413536.343353372
2012-12-13,1415593.7887989008
2012-12-14,1412203.6930722161
2012-12-17,1399639.7768486238
2012-12-18,1413415.7864241977
2012-12-19,1431684.4197022093
2012-12-20,1428584.178224173
2012-12-21,1436345.995395499
2012-12-24,1424824.0855935337
2012-12-26,1418334.7446270268
2012-12-27,1415574.6573919237
2012-12-28,1417564.5709016046
2012-12-31,1403514.2114715385
2013-01-02,1429210.2063048396
2013-01-03,1458429.1250629756
2013-01-04,1460772.1233431716
2013-01-07,1463284.2240455437
2013-01-08,1464200.244853623
2013-01-09,1464220.2857200566
2013-01-10,1461009.2496477822
2013-01-11,1467753.5755736807
2013-01-14,1468529.6332304156
2013-01-15,1471175.2092435444
2013-01-16,1469842.5472517202
2013-01-17,1472644.9548886006
2013-01-18,1481663.1628302438
2013-01-22,1491413.001314714
2013-01-23,1492850.5188532465
2013-01-24,1498266.9044414645
2013-01-25,1492428.999776513
2013-01-28,1505704.22229687
2013-01-29,1507255.6924969128
2013-01-30,1507138.8678349385
2013-01-31,1511389.399239605
2013-02-01,1507715.9533652142
2013-02-04,1516709.6936116323
2013-02-05,1500902.1776996474
2013-02-06,1514530.9116307758
2013-02-07,1511337.4132982858
2013-02-08,1507056.479688186
2013-02-11,1515345.7706811538
2013-02-12,1522734.1125144346
2013-02-13,1528951.7201164234
2013-02-14,1528108.357516289
2013-02-15,1532645.6781500976
2013-02-19,1534435.160567307
2013-02-20,1539419.2914367816
2013-02-21,1528890.0027370348
2013-02-22,1524809.5256800326
2013-02-25,1529036.9301197545
2013-02-26,1507680.7978850415
2013-02-27,1510333.7461645014
2013-02-28,1527654.2882675112
2013-03-01,1525781.115347752
2013-03-04,1525607.8051502996
2013-03-05,1532147.2406671075
2013-03-06,1548533.2484250236
2013-03-07,1552136.7261352069
2013-03-08,1555596.1587170614
2013-03-11,1558169.2681174774
2013-03-12,1562381.911629899
2013-03-13,1564782.824266161
2013-03-14,1570747.1243953994
2013-03-15,1582890.930992986
2013-03-18,1580773.7620790484
2013-03-19,1584514.9541993218
2013-03-20,1585503.6982457782
2013-03-21,1595742.683194624
2013-03-22,1581836.9707867391
2013-03-25,1598491.2833928752
2013-03-26,1591110.3968623574
2013-03-27,1598758.62884416
2013-03-28,1596092.1871320137
2013-04-01,1590094.7359546341
2013-04-02,1574359.7877598358
2013-04-03,1577372.7792364801
2013-04-04,1569671.4480579083
2013-04-05,1575970.0155612247
2013-04-08,1571926.0450022034
2013-04-09,1569263.6447668995
2013-04-10,1575263.7129681965
2013-04-11,1585409.8416070167
2013-04-12,1591776.1600239337
2013-04-15,1577657.93154407
2013-04-16,1554476.4600665474
2013-04-17,1566664.5846776974
2013-04-18,1554898.8641899442
2013-04-19,1554039.9622272255
2013-04-22,1560207.089954971
2013-04-23,1569642.5991172341
2013-04-24,1587983.596173043
2013-04-25,1585221.4476007142
2013-04-26,1583488.1764926622
2013-04-29,1583244.4370549282
2013-04-30,1597052.022783449
2013-05-01,1579312.8421722443
2013-05-02,1570536.8931994205
2013-05-03,1587726.288960774
2013-05-06,1605883.2097874563
2013-05-07,1613446.4306648916
2013-05-08,1615866.5110100694
2013-05-09,1618586.0683606686
2013-05-10,1614520.0780250905
2013-05-13,1615810.4853836414
2013-05-14,1612325.9711413325
2013-05-15,1627654.8396189695
2013-05-16,1641836.1439581774
2013-05-17,1628773.2104596319
2013-05-20,1644338.2299096007
2013-05-21,1642399.6703666793
2013-05-22,1636991.497249387
2013-05-23,1626128.484960347
2013-05-24,1622290.6120337136
2013-05-28,1618486.3213708622
2013-05-29,1616900.8514537006
2013-05-30,1609022.9119902258
2013-05-31,1616721.3798798833
2013-06-03,1601466.9502315142
2013-06-04,1604408.8766767196
2013-06-05,1602665.734203013
2013-06-06,1585623.888389647
2013-06-07,1584805.0735893517
2013-06-10,1606389.8810104649
2013-06-11,1604754.9186036256
2013-06-12,1588918.0546703145
2013-06-13,1580562.4131388182
2013-06-14,1600327.009316355
2013-06-17,1587861.51358274
2013-06-18,1600956.3954046383
2013-06-19,1613354.3191517433
2013-06-20,1599501.8121608559
2013-06-21,1568946.9160591797
2013-06-24,1574128.6712680804
2013-06-25,1557244.5038894447
2013-06-26,1561073.7768042386
2013-06-27,1588831.8308249072
2013-06-28,1602674.4342124627
2013-07-01,1605172.6101802448
2013-07-02,1620405.7007758345
2013-07-03,1621587.396188057
2013-07-05,1627226.892803037
2013-07-08,1641539.913130614
2013-07-09,1656312.1883974099
2013-07-10,1670103.2462326952
2013-07-11,1663703.7933923549
2013-07-12,1686242.8258627474
2013-07-15,1691808.91205226
2013-07-16,1702854.3042863198
2013-07-17,1696586.3651310047
2013-07-18,1707474.5621284302
2013-07-19,1715924.4813337037
2013-07-22,1720233.4718619266
2013-07-23,1729407.6937946856
2013-07-24,1725810.3292698981
2013-07-25,1729692.8715771486
2013-07-26,1725304.136902159
2013-07-29,1718610.7053745415
2013-07-30,1711554.3735691335
2013-07-31,1707719.3631430254
2013-08-01,1708266.8233900543
2013-08-02,1724553.1029912536
2013-08-05,1731950.0835789815
2013-08-06,1726811.0133272565
2013-08-07,1713200.4674941718
2013-08-08,1706601.3406626254
2013-08-09,1713173.5883762275
2013-08-12,1712557.4949802908
2013-08-13,1700356.3419428093
2013-08-14,1710659.5430652825
2013-08-15,1700503.6914004905
2013-08-16,1678322.5859494663
2013-08-19,1668774.6780821597
2013-08-20,1674580.781105361
2013-08-21,1678551.9921478895
2013-08-22,1671751.3582537796
2013-08-23,1684871.1024166143
2013-08-26,1689973.4396902912
2013-08-27,1675419.6462834717
2013-08-28,1646028.9413701582
2013-08-29,1662313.4785693826
2013-08-30,1646867.9735807055
2013-09-03,1639112.8232163538
2013-09-04,1640740.5144515573
2013-09-05,1656470.880925901
2013-09-06,1657765.4271285173
2013-09-09,1663178.3219630404
2013-09-10,1678521.787636621
2013-09-11,1687099.0101308383
2013-09-12,1689005.8273884992
2013-09-13,1688644.5137634177
2013-09-16,1685179.1476476267
2013-09-17,1696101.7473309725
2013-09-18,1699182.9969990365
2013-09-19,1714618.1321890028
2013-09-20,1728734.0640336806
2013-09-23,1726375.773390509
2013-09-24,1725977.3626492997
2013-09-25,1723032.9927314825
2013-09-26,1712034.3429264692
2013-09-27,1722139.367237827
2013-09-30,1719379.6296587437
2013-10-01,1711744.14178012
2013-10-02,1714149.463572402
2013-10-03,1711415.9338200234
2013-10-04,1693851.3566153008
2013-10-07,1704951.2711681349
2013-10-08,1702641.5395599804
2013-10-09,1688024.4406803083
2013-10-10,1682880.7984324566
2013-10-11,1725505.0225904407
2013-10-14,1737755.697233977
2013-10-15,1745091.5993183753
2013-10-16,1722718.7645838337
2013-10-17,1745825.5731250418
2013-10-18,1755444.9082614023
2013-10-21,1761183.2415264065
2013-10-22,1759523.0234941181
2013-10-23,1774667.3252567092
2013-10-24,1774894.220347142
2013-10-25,1774941.7694652374
2013-10-28,1780824.9804534684
2013-10-29,1772545.7191263174
2013-10-30,1774586.3770638611
2013-10-31,1755838.072971364
2013-11-01,1746534.7965496161
2013-11-04,1752648.035628004
2013-11-05,1763813.510545527
2013-11-06,1758198.7644177903
2013-11-07,1765405.9736288777
2013-11-08,1751802.9412680108
2013-11-11,1765431.2813361376
2013-11-12,1768992.6646244018
2013-11-13,1764980.8140805315
2013-11-14,1770279.0147596519
2013-11-15,1774658.6169638594
2013-11-18,1785282.8816451349
2013-11-19,1777985.4708812512
2013-11-20,1779825.6205499598
2013-11-21,1787046.0103109293
2013-11-22,1799527.804673127
2013-11-25,1812956.9200340593
2013-11-26,1822386.1171938793
2013-11-27,1833557.2183668392
2013-11-29,1841365.3100856547
2013-12-02,1826653.6783808311
2013-12-03,1826151.5763834147
2013-12-04,1812894.23324581
2013-12-05,1823741.1162145832
2013-12-06,1817563.3918391017
2013-12-09,1828701.7416382534
2013-12-10,1823315.9195524172
2013-12-11,1816430.255042657
2013-12-12,1803824.9913342977
2013-12-13,1803473.544755896
2013-12-16,1814439.0146354644
2013-12-17,1819531.130545936
2013-12-18,1808855.018808841
2013-12-19,1824987.3793216434
2013-12-20,1841856.4427069202
2013-12-23,1856722.5133822488
2013-12-24,1867126.7469849407
2013-12-26,1862471.4948843913
2013-12-27,1871997.1739880838
2013-12-30,1865834.5016021973
2013-12-31,1857511.8426237814
2014-01-02,1863101.7187416963
2014-01-03,1852516.0791949318
2014-01-06,1848281.1341228862
2014-01-07,1845319.766792341
2014-01-08,1851451.1707866758
2014-01-09,1849980.0648522475
2014-01-10,1851751.0825587027
2014-01-13,1864157.1992534527
2014-01-14,1836893.8352615233
2014-01-15,1854675.5345382746
2014-01-16,1868886.8618198496
2014-01-17,1870224.3799595586
2014-01-21,1871128.1800878232
2014-01-22,1877382.6870735348
2014-01-23,1880791.568818381
2014-01-24,1872884.6858766396
2014-01-27,1831427.898224294
2014-01-28,1819473.9311378372
2014-01-29,1823135.6104792776
2014-01-30,1811828.2850009564
2014-01-31,1821445.644055801
2014-02-03,1808168.2795677888
2014-02-04,1774786.4955706133
2014-02-05,1776902.539933696
2014-02-06,1765544.8757130948
2014-02-07,1776312.7895218912
2014-02-10,1794243.6033229833
2014-02-11,1795845.0897135607
2014-02-12,1816483.148680685
2014-02-13,1822280.812165098
2014-02-14,1827865.5444406334
2014-02-18,1842017.2983483654
2014-02-19,1834410.4500095723
2014-02-20,1828956.6254977074
2014-02-21,1840366.490393
2014-02-24,1840248.3162557238
2014-02-25,1844495.5381147205
2014-02-26,1854684.6040557502
2014-02-27,1848154.153798917
2014-02-28,1856083.1300413362
2014-03-03,1861961.542958652
2014-03-04,1867588.0703319805
2014-03-05,1883422.6828821057
2014-03-06,1881731.7346970006
2014-03-07,1888071.7564003842
2014-03-10,1888952.387231373
2014-03-11,1883495.6863873608
2014-03-12,1882731.3381652422
2014-03-13,1889625.4159355178
2014-03-14,1882285.550252626
2014-03-17,1872713.859612461
2014-03-18,1890223.32606502
2014-03-19,1897589.072331824
2014-03-20,1889990.162939436
2014-03-21,1912265.5692230426
2014-03-24,1903601.4312131435
2014-03-25,1892565.0935863347
2014-03-26,1887623.7371380622
2014-03-27,1872766.152502576
2014-03-28,1866390.9678748148
2014-03-31,1885544.6474537351
2014-04-01,1898497.9141335133
2014-04-02,1907759.1505216334
2014-04-03,1907110.1216504655
2014-04-04,1897460.3997904377
2014-04-07,1883650.938614252
2014-04-08,1866314.7457864285
2014-04-09,1864531.9064330165
2014-04-10,1883320.204420309
2014-04-11,1849511.7869205126
2014-04-14,1829875.3404457988
2014-04-15,1835259.2033687627
2014-04-16,1838984.1827902617
2014-04-17,1857914.0749669748
2014-04-21,1859228.8966060109
2014-04-22,1868096.918106214
2014-04-23,1871568.7799968326
2014-04-24,1863246.4207084302
2014-04-25,1860623.8026269816
2014-04-28,1843686.5469629096
2014-04-29,1844290.238131908
2014-04-30,1851930.6780220473
2014-05-01,1856024.3607796791
2014-05-02,1862262.6826784906
2014-05-05,1854074.7618655304
2014-05-06,1854428.5030634669
2014-05-07,1839289.611623019
2014-05-08,1843474.1661982893
2014-05-09,1853314.8955684754
2014-05-12,1869507.0466078334
2014-05-13,1865294.8899491748
2014-05-14,1848278.8643495918
2014-05-15,1846147.429861684
2014-05-16,1838949.493333252
2014-05-19,1847825.550470085
2014-05-20,1847264.2555559853
2014-05-21,1832167.6879043216
2014-05-22,1853087.8574038665
2014-05-23,1865070.0849582395
2014-05-27,1878685.3506017816
2014-05-28,1877812.932898675
2014-05-29,1867768.943898231
2014-05-30,1873865.391824798
2014-06-02,1872728.3890301299
2014-06-03,1871758.2245178926
2014-06-04,1875416.5115525334
2014-06-05,1901671.6249225128
2014-06-06,1913595.9939699648
2014-06-09,1925285.2393351265
2014-06-10,1925713.488202051
2014-06-11,1918710.1687656273
2014-06-12,1912411.563032887
2014-06-13,1899662.4767737442
2014-06-16,1900267.2068761585
2014-06-17,1907297.3894236584
2014-06-18,1909853.4295325452
2014-06-19,1915950.667292531
2014-06-20,1918865.9119879522
2014-06-23,1915609.836773565
2014-06-24,1919544.0485204875
2014-06-25,1909075.7807478956
2014-06-26,1914549.8289517425
2014-06-27,1922482.0384571522
2014-06-30,1923007.2725279685
2014-07-01,1927023.013710041
2014-07-02,1928381.4812222687
2014-07-03,1928323.7978182589
2014-07-07,1924848.338138567
2014-07-08,1923829.0501594017
2014-07-09,1907756.3700442372
2014-07-10,1910178.936320523
2014-07-11,1901784.1333034905
2014-07-14,1904037.8417690718
2014-07-15,1910608.7994208094
2014-07-16,1899386.7764497404
2014-07-17,1903459.9516391126
2014-07-18,1890026.4694721405
2014-07-21,1899398.6625428055
2014-07-22,1896060.4467262921
2014-07-23,1901753.2527609693
2014-07-24,1904436.4000355238
2014-07-25,1900311.2670996871
2014-07-28,1890470.0982904185
2014-07-29,1892454.7444799137
2014-07-30,1888022.4289511368
2014-07-31,1895142.6583735493
2014-08-01,1872790.0045523425
2014-08-04,1866028.4973595182
2014-08-05,1883429.4858378929
2014-08-06,1878738.9661239532
2014-08-07,1881939.1816411477
2014-08-08,1872300.6035049902
2014-08-11,1895979.9461918003
2014-08-12,1894517.7542471683
2014-08-13,1892479.0393255285
2014-08-14,1898988.7414044486
2014-08-15,1903986.4265693089
2014-08-18,1909496.2388926423
2014-08-19,1917002.29228495
2014-08-20,1915546.2471104597
2014-08-21,1920569.7625826572
2014-08-22,1924972.0185364056
2014-08-25,1917625.9760991775
2014-08-26,1930974.7281570265
2014-08-27,1928690.679334177
2014-08-28,1922795.2869235834
2014-08-29,1925981.8412890735
2014-09-02,1935442.0678720565
2014-09-03,1929444.5456077706
2014-09-04,1924053.377704989
2014-09-05,1922240.3771753805
2014-09-08,1933390.1440507541
2014-09-09,1923782.6503060437
2014-09-10,1908847.8898331618
2014-09-11,1917315.4361274969
2014-09-12,1906298.818486208
2014-09-15,1886690.1136853439
2014-09-16,1885337.7909797246
2014-09-17,1893486.7642574497
2014-09-18,1891849.2349831907
2014-09-19,1896427.062930689
2014-09-22,1885608.058890746
2014-09-23,1869784.2045993535
2014-09-24,1854618.776209973
2014-09-25,1873465.5805223247
2014-09-26,1847939.7687353315
2014-09-29,1858182.0815832403
2014-09-30,1838972.9474485845
2014-10-01,1847254.6256002516
2014-10-02,1836401.9208739304
2014-10-03,1830790.3134498529
2014-10-06,1842685.8949329653
2014-10-07,1846103.313868378
2014-10-08,1840265.5626030576
2014-10-09,1863147.6187911828
2014-10-10,1846476.2832266435
2014-10-13,1866339.851973636
2014-10-14,1859974.9196620143
2014-10-15,1866869.9798197246
2014-10-16,1871357.3200773161
2014-10-17,1853322.684982337
2014-10-20,1869895.253346609
2014-10-21,1876482.7136034772
2014-10-22,1896751.7825309709
2014-10-23,1885809.0300053211
2014-10-24,1890898.0332106124
2014-10-27,1905744.163936098
2014-10-28,1927312.8720932489
2014-10-29,1937626.654386543
2014-10-30,1940933.6390292714
2014-10-31,1953441.109001857
2014-11-03,1965783.288154765
2014-11-04,1968459.0557315056
2014-11-05,1957845.7245928608
2014-11-06,1959595.0126116779
2014-11-07,1970915.5516522513
2014-11-10,1978389.5505662712
2014-11-11,1976602.9279405598
2014-11-12,1985529.8091151584
2014-11-13,1973928.8324367322
2014-11-14,1969223.2213230305
2014-11-17,1960555.9619057975
2014-11-18,1957251.4785721758
2014-11-19,1948613.5039952344
2014-11-20,1958254.1556435118
2014-11-21,1952633.133712598
2014-11-24,1973439.0228667243
2014-11-25,1979462.689560007
2014-11-26,1984691.4197897762
2014-11-28,1975652.5226979093
2014-12-01,1965876.6076623185
2014-12-02,1970952.8819417926
2014-12-03,1983131.946669022
2014-12-04,1985081.3104899942
2014-12-05,1986546.2407589636
2014-12-08,1979495.813903671
2014-12-09,1998477.2517291056
2014-12-10,1987661.5475849155
2014-12-11,1970393.3899461892
2014-12-12,1972032.1100156035
2014-12-15,1941762.2101483208
2014-12-16,1945551.3986487861
2014-12-17,1950418.7536404778
2014-12-18,1955576.197314051
2014-12-19,1992317.8378356039
2014-12-22,2004940.0738724337
2014-12-23,2016094.9783343414
2014-12-24,2016214.8678018262
2014-12-26,2022495.6794923889
2014-12-29,2038946.3380526423
2014-12-30,2043403.9297107894
2014-12-31,2025333.7119971784
2015-01-02,2012293.566374491
2015-01-05,2018654.892640863
2015-01-06,1989106.1667620966
2015-01-07,1973490.4253446516
2015-01-08,1981675.3491044536
2015-01-09,1993595.427259365
2015-01-12,1985968.2837714762
2015-01-13,1981970.8207991775
2015-01-14,1977894.1261028391
2015-01-15,1969670.5636884926
2015-01-16,1968934.2202714453
2015-01-20,1967233.1882828258
2015-01-21,1959836.5464565551
2015-01-22,1986618.3256066053
2015-01-23,1999422.9153846714
2015-01-26,1996738.8698198537
2015-01-27,2009156.2147118016
2015-01-28,1992236.056768547
2015-01-29,1983485.436565249
2015-01-30,1976739.6049239074
2015-02-02,1965952.1540558012
2015-02-03,1986102.4755677816
2015-02-04,1999496.8161575487
2015-02-05,2006948.520196279
2015-02-06,2013669.0179775385
2015-02-09,2001357.1227993458
2015-02-10,1987322.448953874
2015-02-11,1995967.6425064018
2015-02-12,2008258.0895552807
2015-02-13,2015548.7419886745
2015-02-17,2017831.0345615693
2015-02-18,2019945.4837179831
2015-02-19,2015699.6715928048
2015-02-20,2012741.9673230902
2015-02-23,2022546.0824885322
2015-02-24,2018595.7319129922
2015-02-25,2024459.690420501
2015-02-26,2028478.0560216361
2015-02-27,2034324.7756734611
2015-03-02,2031063.9296638411
2015-03-03,2037106.8953945052
2015-03-04,2029153.863218837
2015-03-05,2026721.6436413096
2015-03-06,2028675.0722761261
2015-03-09,2013932.3196832684
2015-03-10,2025642.5918367023
2015-03-11,2010601.4896589057
2015-03-12,2024572.5762118348
2015-03-13,2046311.144382217
2015-03-16,2027014.6230036248
2015-03-17,2052720.8720941313
2015-03-18,2045484.9172806928
2015-03-19,2061558.3632745594
2015-03-20,2064831.4467554477
2015-03-23,2080584.5309803006
2015-03-24,2081135.8975712613
2015-03-25,2067834.3986612263
2015-03-26,2051479.952066029
2015-03-27,2052756.8618532612
2015-03-30,2057843.1843197881
2015-03-31,2076532.2397294615
2015-04-01,2073802.45535757
2015-04-02,2074814.9276000708
2015-04-06,2072709.9566206776
2015-04-07,2075225.804152334
2015-04-08,2069937.6098897513
2015-04-09,2056690.650547334
2015-04-10,2067618.6327074468
2015-04-13,2082329.1541216443
2015-04-14,2075010.2779331673
2015-04-15,2080136.7584627336
2015-04-16,2087918.964129234
2015-04-17,2081205.7340230984
2015-04-20,2075563.1189301678
2015-04-21,2083171.8790833645
2015-04-22,2078260.5367780197
2015-04-23,2086201.1626094757
2015-04-24,2087380.5187492196
2015-04-27,2090535.5642571934
2015-04-28,2096702.9833190707
2015-04-29,2093291.8668814185
2015-04-30,2077532.2865208169
2015-05-01,2053193.7178116047
2015-05-04,2067296.9206301314
2015-05-05,2069129.3858716327
2015-05-06,2062893.6440041421
2015-05-07,2060812.2233505629
2015-05-08,2059265.8837215656
2015-05-11,2082948.952786054
2015-05-12,2082495.893128485
2015-05-13,2078039.055635663
2015-05-14,2085212.4526208495
2015-05-15,2092229.9206829485
2015-05-18,2103913.958155909
2015-05-19,2110878.1369021367
2015-05-20,2112914.3871278195
2015-05-21,2104102.4303347827
2015-05-22,2100370.6741761467
2015-05-26,2097110.8237156768
2015-05-27,2087503.5628668708
2015-05-28,2101119.4059769604
2015-05-29,2099739.465958694
2015-06-01,2092447.7170076573
2015-06-02,2096261.717281262
2015-06-03,2102457.230460456
2015-06-04,2101711.9243048434
2015-06-05,2099964.4148713415
2015-06-08,2102286.0416031233
2015-06-09,2094763.655891712
2015-06-10,2098548.0876009245
2015-06-11,2113491.366605307
2015-06-12,2127574.03120963
2015-06-15,2118913.7518567774
2015-06-16,2115972.4154063533
2015-06-17,2113275.8102864726
2015-06-18,2118542.7847205955
2015-06-19,2142637.822221313
2015-06-22,2136387.7331706868
2015-06-23,2148834.579065832
2015-06-24,2151691.41934457
2015-06-25,2146580.550242923
2015-06-26,2144129.703993162
2015-06-29,2141668.4862684305
2015-06-30,2112194.435466223
2015-07-01,2124817.348526548
2015-07-02,2130010.1835245877
2015-07-06,2141644.2470808346
2015-07-07,2130005.59685141
2015-07-08,2150518.240917085
2015-07-09,2127149.2444489757
2015-07-10,2138105.109428547
2015-07-13,2145551.4981070766
2015-07-14,2162843.748901642
2015-07-15,2168966.6093058293
2015-07-16,2164855.550921797
2015-07-17,2174708.0424597226
2015-07-20,2168771.31225215
2015-07-21,2165238.0672831787
2015-07-22,2175662.1470062463
2015-07-23,2153833.310589584
2015-07-24,2144454.7701536836
2015-07-27,2139508.946974788
2015-07-28,2118221.4485491053
2015-07-29,2141158.27162495
2015-07-30,2153297.021421379
2015-07-31,2161585.360361377
2015-08-03,2166377.974993215
2015-08-04,2172973.5518631414
2015-08-05,2168678.084180086
2015-08-06,2174829.339409719
2015-08-07,2159008.1696032244
2015-08-10,2148898.195449002
2015-08-11,2166255.9992049113
2015-08-12,2146462.864723778
2015-08-13,2149788.651136698
2015-08-14,2162122.43781941
2015-08-17,2170772.4321020986
2015-08-18,2179364.109387099
2015-08-19,2178440.8361883243
2015-08-20,2170551.410639213
2015-08-21,2162055.2966978555
2015-08-24,2079170.4449744348
2015-08-25,2061548.0113370253
2015-08-26,2051341.5370639306
2015-08-27,2064279.7259927946
2015-08-28,2075614.4943049487
2015-08-31,2080687.6975484751
2015-09-01,2076918.1188610368
2015-09-02,2063581.8191220532
2015-09-03,2071657.5056908745
2015-09-04,2076934.1244713785
2015-09-08,2069339.501343585
2015-09-09,2080381.4353874444
2015-09-10,2075633.5643595417
2015-09-11,2080898.0896479054
2015-09-14,2084453.8281306438
2015-09-15,2082391.3712101507
2015-09-16,2085910.7073961801
2015-09-17,2090665.8710417326
2015-09-18,2093800.78742117
2015-09-21,2093393.4532508764
2015-09-22,2097190.7829552256
2015-09-23,2095443.0987274034
2015-09-24,2097064.718579731
2015-09-25,2093282.6194991097
2015-09-28,2095328.5864163968
2015-09-29,2083393.883370583
2015-09-30,2059480.44221549
2015-10-01,2076376.9478913702
2015-10-02,2070689.755938971
2015-10-05,2105745.627752778
2015-10-06,2123134.8286483358
2015-10-07,2138892.056947834
2015-10-08,2158596.9362244154
2015-10-09,2161484.7679393315
2015-10-12,2174703.0812594686
2015-10-13,2164326.168504973
2015-10-14,2138219.3629329554
2015-10-15,2140637.2637056997
2015-10-16,2152407.993418673
2015-10-19,2161166.430318259
2015-10-20,2171762.2104955474
2015-10-21,2161392.4957194664
2015-10-22,2164805.0938711353
2015-10-23,2177740.779179842
2015-10-26,2191831.2394245556
2015-10-27,2175670.806549059
2015-10-28,2188697.237735385
2015-10-29,2191528.302579017
2015-10-30,2180218.4500009394
2015-11-02,2182525.8818772063
2015-11-03,2197757.1672547036
2015-11-04,2211687.904024683
2015-11-05,2226121.3615324143
2015-11-06,2233840.588813218
2015-11-09,2224169.8567010076
2015-11-10,2219453.6513009607
2015-11-11,2223249.678505922
2015-11-12,2203511.692370263
2015-11-13,2187765.4418120524
2015-11-16,2165311.064211516
2015-11-17,2181614.75368541
2015-11-18,2183348.6532376898
2015-11-19,2195211.8466239143
2015-11-20,2204566.709058311
2015-11-23,2214907.6598041006
2015-11-24,2224838.8011834295
2015-11-25,2232464.435901058
2015-11-27,2240663.916229945
2015-11-30,2251168.071426261
2015-12-01,2239719.4024521685
2015-12-02,2249429.084544434
2015-12-03,2227182.970071872
2015-12-04,2199731.09836055
2015-12-07,2203361.553952282
2015-12-08,2190283.5186073678
2015-12-09,2180168.1481011272
2015-12-10,2168963.360169315
2015-12-11,2174753.5000700625
2015-12-14,2140606.8129590196
2015-12-15,2159045.8255886496
2015-12-16,2184462.090441349
2015-12-17,2206292.6553184954
2015-12-18,2185716.9238164024
2015-12-21,2159174.9901241134
2015-12-22,2176838.2138671777
2015-12-23,2185338.2417342705
2015-12-24,2203541.006144074
2015-12-28,2200849.430500038
2015-12-29,2201939.6227790304
2015-12-30,2214908.2605348798
2015-12-31,2190698.3258827995
2016-01-04,2146527.4597085104
2016-01-05,2134815.725714806
2016-01-06,2149350.5257118437
2016-01-07,2129207.7374441233
2016-01-08,2078541.83019943
2016-01-11,2068790.4490845087
2016-01-12,2052614.4427264524
2016-01-13,2048856.9452452126
2016-01-14,2010250.238146455
2016-01-15,2032501.0525685456
2016-01-19,1986647.4527276945
2016-01-20,2005603.2190579514
2016-01-21,1972795.382437721
2016-01-22,1983165.4695086763
2016-01-25,1995232.410950849
2016-01-26,1997503.6509949923
2016-01-27,2014634.3836129138
2016-01-28,2007846.769053414
2016-01-29,2028160.4700599771
2016-02-01,2048096.2779329813
2016-02-02,2041262.325868135
2016-02-03,2006437.705691344
2016-02-04,2004366.1286653378
2016-02-05,2001321.0202324032
2016-02-08,1993752.9781744222
2016-02-09,1966526.6346694303
2016-02-10,1965702.4722886214
2016-02-11,1955476.3593708482
2016-02-12,1939306.9070833405
2016-02-16,1970728.4154329568
2016-02-17,1986896.4463354826
2016-02-18,2005066.0071471315
2016-02-19,2013769.9434670683
2016-02-22,2005209.3944804203
2016-02-23,2028840.7197763664
2016-02-24,2016654.1724947258
2016-02-25,2036102.1820436958
2016-02-26,2065843.602809582
2016-02-29,2061475.398414688
2016-03-01,2044258.4121614653
2016-03-02,2081401.6509488178
2016-03-03,2097543.796961484
2016-03-04,2103118.9765731255
2016-03-07,2128145.165915744
2016-03-08,2123010.034637889
2016-03-09,2104810.3416493223
2016-03-10,2104704.416735352
2016-03-11,2112678.6975968163
2016-03-14,2129362.8308300073
2016-03-15,2115146.998431886
2016-03-16,2107521.164620141
2016-03-17,2139585.672629616
2016-03-18,2155061.815809725
2016-03-21,2151197.5435222513
2016-03-22,2153915.6357557294
2016-03-23,2138307.952346592
2016-03-24,2134776.6354896077
2016-03-28,2132725.3220333494
2016-03-29,2153794.1686601
2016-03-30,2166804.982039181
2016-03-31,2168323.8137194435
2016-04-01,2157866.594872951
2016-04-04,2156872.8593539833
2016-04-05,2150965.557563053
2016-04-06,2128112.7680552285
2016-04-07,2141176.7804422965
2016-04-08,2129791.129281015
2016-04-11,2139358.7526073856
2016-04-12,2137138.6157007325
2016-04-13,2169360.7658408405
2016-04-14,2184263.097165041
2016-04-15,2186828.0634573516
2016-04-18,2183754.393088649
2016-04-19,2200791.8005875503
2016-04-20,2202933.4377891454
2016-04-21,2200661.599343185
2016-04-22,2206744.45287225
2016-04-25,2204547.8739275397
2016-04-26,2210832.4434057362
2016-04-27,2215620.3835564028
2016-04-28,2220540.0929420306
2016-04-29,2214057.4319322933
2016-05-02,2208816.0437748097
2016-05-03,2214311.6117512574
2016-05-04,2208974.80143893
2016-05-05,2197600.7283953773
2016-05-06,2199335.983918818
2016-05-09,2203082.1827104776
2016-05-10,2198996.4810511093
2016-05-11,2216203.4948205734
2016-05-12,2200470.9051683056
2016-05-13,2204011.940585442
2016-05-16,2186939.3774482617
2016-05-17,2182996.6579059963
2016-05-18,2186575.645125518
2016-05-19,2174902.897421786
2016-05-20,2177087.687926002
2016-05-23,2190812.2201249087
2016-05-24,2202816.2020440632
2016-05-25,2212944.209684903
2016-05-26,2217078.4191665244
2016-05-27,2225349.8978609405
2016-05-31,2228178.997925478
2016-06-01,2228628.302066792
2016-06-02,2231907.712069259
2016-06-03,2231107.980483235
2016-06-06,2232322.9392352127
2016-06-07,2236631.840768249
2016-06-08,2247986.59507648
2016-06-09,2243687.708265409
2016-06-10,2244949.9694102136
2016-06-13,2216250.536885776
2016-06-14,2202360.5654012207
2016-06-15,2198352.6398882205
2016-06-16,2191287.902410872
2016-06-17,2197042.4226165856
2016-06-20,2199763.4461155147
2016-06-21,2208312.8210907085
2016-06-22,2210010.8934948873
2016-06-23,2218864.343562864
2016-06-24,2229247.4186088745
2016-06-27,2156585.3997957385
2016-06-28,2109988.472572759
2016-06-29,2135717.8267588075
2016-06-30,2175412.595779981
2016-07-01,2187779.917150471
2016-07-05,2184110.062476706
2016-07-06,2169799.92269878
2016-07-07,2186347.810873452
2016-07-08,2200435.3967176313
2016-07-11,2244022.7556970017
2016-07-12,2261637.420680986
2016-07-13,2276273.7688968536
2016-07-14,2270628.210238083
2016-07-15,2291397.0353057384
2016-07-18,2274602.591389782
2016-07-19,2278159.9599390593
2016-07-20,2272376.169167587
2016-07-21,2273316.971478178
2016-07-22,2280810.4231884885
2016-07-25,2286818.062663956
2016-07-26,2288712.8977803015
2016-07-27,2296046.2717716843
2016-07-28,2293567.291132703
2016-07-29,2292930.4907177323
2016-08-01,2288801.013716442
2016-08-02,2287760.371703611
2016-08-03,2279521.734843564
2016-08-04,2284727.781700091
2016-08-05,2304476.21255966
2016-08-08,2316758.1149793672
2016-08-09,2316135.6747755324
2016-08-10,2316990.1503821625
2016-08-11,2306936.971446841
2016-08-12,2318169.3238013806
2016-08-15,2324749.061826735
2016-08-16,2333799.5651862253
2016-08-17,2316613.993415523
2016-08-18,2329762.7170642386
2016-08-19,2334598.8755221055
2016-08-22,2336558.7870856365
2016-08-23,2340551.53219856
2016-08-24,2356730.448484776
2016-08-25,2354397.9238141733
2016-08-26,2358537.3966569053
2016-08-29,2349369.5703693884
2016-08-30,2378706.2478443235
2016-08-31,2371869.085565979
2016-09-01,2363366.9137485344
2016-09-02,2366504.464818797
2016-09-06,2364360.483194252
2016-09-07,2384485.990032392
2016-09-08,2388818.5693462985
2016-09-09,2393786.315588041
2016-09-12,2320733.838122669
2016-09-13,2355592.482966611
2016-09-14,2316468.005384187
2016-09-15,2307414.493865808
2016-09-16,2332418.0059320144
2016-09-19,2332865.6195123014
2016-09-20,2328784.3368410254
2016-09-21,2317120.1172316843
2016-09-22,2354407.761283269
2016-09-23,2370654.2924873303
2016-09-26,2350357.5254247435
2016-09-27,2330087.34041862
2016-09-28,2349067.46193988
2016-09-29,2353448.3001486943
2016-09-30,2335073.6052676667
2016-10-03,2342493.1207002755
2016-10-04,2347567.1683815382
2016-10-05,2338928.0990869445
2016-10-06,2346684.3871963876
2016-10-07,2347382.0019473527
2016-10-10,2343000.4731881004
2016-10-11,2362107.628084159
2016-10-12,2341564.157152328
2016-10-13,2322555.1122696027
2016-10-14,2323717.237052441
2016-10-17,2329268.3434257708
2016-10-18,2310813.4455156
2016-10-19,2327132.00553602
2016-10-20,2325449.222928769
2016-10-21,2324724.694388053
2016-10-24,2333888.3452987606
2016-10-25,2340781.4637694266
2016-10-26,2325930.234760619
2016-10-27,2327124.600654465
2016-10-28,2321206.1540722097
2016-10-31,2317507.9084043247
2016-11-01,2309504.4314311896
2016-11-02,2290414.6961281463
2016-11-03,2299698.137412497
2016-11-04,2296734.9381948663
2016-11-07,2284355.9868926415
2016-11-08,2323799.7699660375
2016-11-09,2384928.020133123
2016-11-10,2444395.9029809264
2016-11-11,2516129.9974348242
2016-11-14,2522966.415703997
2016-11-15,2510023.06461257
2016-11-16,2538870.631616673
2016-11-17,2533542.981309032
2016-11-18,2575506.0357147013
2016-11-21,2557764.2230709973
2016-11-22,2601479.3802035465
2016-11-23,2605837.7779406635
2016-11-25,2606982.251063208
2016-11-28,2603945.0559951346
2016-11-29,2593936.6027827905
2016-11-30,2605909.6937126303
2016-12-01,2618204.9357139785
2016-12-02,2601536.104948301
2016-12-05,2630973.0524478303
2016-12-06,2666604.3715530755
2016-12-07,2668192.72823952
2016-12-08,2734208.117850627
2016-12-09,2738419.9639374507
2016-12-12,2728730.4294764423
2016-12-13,2698766.437750837
2016-12-14,2711915.660409264
2016-12-15,2699942.136165221
2016-12-16,2720964.6146341898
2016-12-19,2729692.24271587
2016-12-20,2747641.96846754
2016-12-21,2766354.492895819
2016-12-22,2758717.4468070273
2016-12-23,2756844.9848214067
2016-12-27,2763961.0464340984
2016-12-28,2775015.898358626
2016-12-29,2755795.6203131406
2016-12-30,2747363.645544189
2017-01-03,2732361.1075891894
2017-01-04,2757968.1712028016
2017-01-05,2744389.250345381
2017-01-06,2731258.519517419
2017-01-09,2715854.5156632904
2017-01-10,2733781.8439774993
2017-01-11,2736865.4049256137
2017-01-12,2714674.2889112458
2017-01-13,2718130.5004162295
2017-01-17,2699780.000748299
2017-01-18,2696455.225624377
2017-01-19,2681187.7726145163
2017-01-20,2674171.0604940387
2017-01-23,2688093.6769716796
2017-01-24,2698370.524368286
2017-01-25,2705054.138834503
2017-01-26,2722485.289834674
2017-01-27,2716934.9663765156
2017-01-30,2691621.375654727
2017-01-31,2680645.3830293696
2017-02-01,2672876.8783560027
2017-02-02,2662648.136902951
2017-02-03,2690151.5911589805
2017-02-06,2662768.237829415
2017-02-07,2659265.4100455097
2017-02-08,2637236.595468648
2017-02-09,2648977.1442068545
2017-02-10,2673468.4350951584
2017-02-13,2688580.734650394
2017-02-14,2693194.060468355
2017-02-15,2700054.959365053
2017-02-16,2713557.3008209816
2017-02-17,2704608.984986975
2017-02-21,2703836.487036351
2017-02-22,2716809.826117232
2017-02-23,2717652.4391202703
2017-02-24,2708149.767874146
2017-02-27,2710412.771429186
2017-02-28,2700660.1030041194
2017-03-01,2693845.2425185037
2017-03-02,2719595.648546494
2017-03-03,2711458.921394044
2017-03-06,2706859.5385623616
2017-03-07,2705420.3852467146
2017-03-08,2686251.984958594
2017-03-09,2675751.4212195124
2017-03-10,2674966.527476123
2017-03-13,2678799.910681338
2017-03-14,2682140.651993846
2017-03-15,2670840.4515397106
2017-03-16,2710511.994817868
2017-03-17,2730636.602761063
2017-03-20,2708000.1928262664
2017-03-21,2682202.624932424
2017-03-22,2633502.7379066898
2017-03-23,2664240.517523317
2017-03-24,2666504.8352100872
2017-03-27,2671226.1249170024
2017-03-28,2662607.5078547862
2017-03-29,2678974.3385209036
2017-03-30,2702427.0440409523
2017-03-31,2711227.9015719877
2017-04-03,2692863.2652005674
2017-04-04,2687390.4604309215
2017-04-05,2672483.782744519
2017-04-06,2676651.00052932
2017-04-07,2691488.141407275
2017-04-10,2687261.0009619263
2017-04-11,2707896.36423118
2017-04-12,2694118.2250863286
2017-04-13,2679164.5924732955
2017-04-17,2663207.2714431216
2017-04-18,2701962.6009108336
2017-04-19,2709106.4211054463
2017-04-20,2708065.8597878446
2017-04-21,2743120.308087903
2017-04-24,2730430.93066828
2017-04-25,2757177.3862436195
2017-04-26,2795372.213196743
2017-04-27,2785325.436517036
2017-04-28,2765082.806351259
2017-05-01,2768557.606961283
2017-05-02,2763482.282869528
2017-05-03,2757225.257797943
2017-05-04,2749778.3652005033
2017-05-05,2759270.4206280503
2017-05-08,2764872.0393858403
2017-05-09,2761369.3037941894
2017-05-10,2756004.5776435114
2017-05-11,2747760.6082198434
2017-05-12,2732921.6182959722
2017-05-15,2730444.514662337
2017-05-16,2749488.242302499
2017-05-17,2754048.3781490303
2017-05-18,2691689.902570347
2017-05-19,2685774.83062923
2017-05-22,2706458.5545410705
2017-05-23,2722518.4082163796
2017-05-24,2731975.565672109
2017-05-25,2724963.8167616697
2017-05-26,2736114.9872567286
2017-05-30,2724692.711034639
2017-05-31,2726325.156774233
2017-06-01,2734450.577810798
2017-06-02,2761550.69404543
2017-06-05,2757764.29690678
2017-06-06,2758062.069886053
2017-06-07,2748083.084831509
2017-06-08,2783063.5336069223
2017-06-09,2818771.959516147
2017-06-12,2812563.801848451
2017-06-13,2808720.3855350316
2017-06-14,2825809.9994845255
2017-06-15,2820247.881408628
2017-06-16,2814834.7852945896
2017-06-19,2783479.856634894
2017-06-20,2815496.706679919
2017-06-21,2778364.01959974
2017-06-22,2777315.961373058
2017-06-23,2791490.8664730103
2017-06-26,2796895.464888255
2017-06-27,2809890.8058021124
2017-06-28,2784317.9960308606
2017-06-29,2833167.7758014943
2017-06-30,2786410.7002447764
2017-07-03,2809751.3929889305
2017-07-05,2797440.5592050515
2017-07-06,2812572.0581866843
2017-07-07,2788247.933827182
2017-07-10,2791694.0177881373
2017-07-11,2796818.18847333
2017-07-12,2787792.812793022
2017-07-13,2800758.7874118485
2017-07-14,2796662.4102023435
2017-07-17,2817917.1542058485
2017-07-18,2809737.4122409844
2017-07-19,2810849.4911815505
2017-07-20,2826317.379398915
2017-07-21,2826100.9034340936
2017-07-24,2825853.434673694
2017-07-25,2829119.271135944
2017-07-26,2832873.592640224
2017-07-27,2819776.5059704185
2017-07-28,2819354.2669916255
2017-07-31,2831054.396333105
2017-08-01,2827030.703733993
2017-08-02,2815036.1865463695
2017-08-03,2808263.603667008
2017-08-04,2809306.5916150627
2017-08-07,2811132.92776704
2017-08-08,2835233.535045515
2017-08-09,2813163.786872308
2017-08-10,2821303.172597441
2017-08-11,2769385.5189068834
2017-08-14,2783818.602363205
2017-08-15,2799815.7244275864
2017-08-16,2799729.4809726328
2017-08-17,2810899.328979974
2017-08-18,2774422.7962155873
2017-08-21,2771985.2887074235
2017-08-22,2755347.1227556807
2017-08-23,2786722.697215497
2017-08-24,2791956.846022305
2017-08-25,2786115.434029777
2017-08-28,2785465.612547861
2017-08-29,2775544.9630630356
2017-08-30,2773811.2090409673
2017-08-31,2793071.5286814016
2017-09-01,2814401.7116651954
2017-09-05,2803016.01935911
2017-09-06,2779754.638944011
2017-09-07,2779176.6804387732
2017-09-08,2795186.3258781475
2017-09-11,2794794.5536780483
2017-09-12,2824910.7171075507
2017-09-13,2834288.5610124175
2017-09-14,2832133.508993813
2017-09-15,2835007.8173426795
2017-09-18,2846882.986252281
2017-09-19,2855967.2581718154
2017-09-20,2865277.147178471
2017-09-21,2878030.082393245
2017-09-22,2887492.084623891
2017-09-25,2890938.1138377367
2017-09-26,2898940.4561360725
2017-09-27,2930668.910199609
2017-09-28,2950680.8562760833
2017-09-29,2928288.6591928
2017-10-02,2959047.90988247
2017-10-03,2963852.268266703
2017-10-04,2953721.5396977044
2017-10-05,2955834.5419728304
2017-10-06,2976668.0367732705
2017-10-09,2973642.624662571
2017-10-10,2979808.80769446
2017-10-11,2982460.3758810884
2017-10-12,2986780.911011554
2017-10-13,2979024.0956288837
2017-10-16,2980928.8974995175
2017-10-17,2984175.475466335
2017-10-18,2996302.276196494
2017-10-19,2998581.0044574193
2017-10-20,2998173.11411707
2017-10-23,3001915.0940432795
2017-10-24,2989749.6934953555
2017-10-25,3004535.2637249874
2017-10-26,2988967.1208766736
2017-10-27,2989610.7443172573
2017-10-30,2974137.9177274136
2017-10-31,2982572.182958451
2017-11-01,2967347.33891902
2017-11-02,2991378.927299822
2017-11-03,2960991.161664781
2017-11-06,2956281.6346023576
2017-11-07,2924282.7660222026
2017-11-08,2907083.4038871704
2017-11-09,2914165.2899169726
2017-11-10,2904645.825280436
2017-11-13,2909425.827961609
2017-11-14,2926503.4207305266
2017-11-15,2925084.9754406624
2017-11-16,2922656.9397154986
2017-11-17,2967969.667944629
2017-11-20,2971499.1779162223
2017-11-21,2979862.2820599913
2017-11-22,2994221.467433023
2017-11-24,2984465.7653817385
2017-11-27,2991542.614715986
2017-11-28,2993129.4594968637
2017-11-29,3043894.1130072363
2017-11-30,3008765.2496649683
2017-12-01,3026226.4276753464
2017-12-04,3030709.924476475
2017-12-05,3013523.742412078
2017-12-06,2991467.641628763
2017-12-07,2986400.730011813
2017-12-08,2970397.4955867385
2017-12-11,2963931.965176014
2017-12-12,2970482.6377745224
2017-12-13,2985752.941031521
2017-12-14,2973611.7877492895
2017-12-15,2989315.5912727993
2017-12-18,3014334.505974791
2017-12-19,3003595.667478344
2017-12-20,2994931.809523888
2017-12-21,2995995.290363963
2017-12-22,2991364.479299793
2017-12-26,2986608.5258270637
2017-12-27,2980395.17779115
2017-12-28,2988671.3993113907
2017-12-29,2976348.051750914
2018-01-02,2952812.1954006795
2018-01-03,2950948.741957816
2018-01-04,2953960.2004781812
2018-01-05,2950340.2783570946
2018-01-08,2962469.8080401486
2018-01-09,2959324.1785908616
2018-01-10,2974449.6295534163
2018-01-11,2985472.6732921577
2018-01-12,2990698.1209272128
2018-01-16,2997985.067469174
2018-01-17,2991026.3746925043
2018-01-18,2998050.1048571053
2018-01-19,3006712.8433130994
2018-01-22,2996768.584921252
2018-01-23,3014121.8351218286
2018-01-24,3008814.134270947
2018-01-25,3011484.582540883
2018-01-26,2975167.4974972415
2018-01-29,2995875.6076442776
2018-01-30,2997513.5527007617
2018-01-31,2960565.097619406
2018-02-01,2968181.4616494565
2018-02-02,2983132.522388683
2018-02-05,2935555.709797265
2018-02-06,2818464.141382622
2018-02-07,2867797.411804267
2018-02-08,2877336.6520137377
2018-02-09,2815868.8812265573
2018-02-12,2821067.4755904246
2018-02-13,2847471.536009344
2018-02-14,2846903.866993285
2018-02-15,2864618.460208557
2018-02-16,2898413.74237826
2018-02-20,2890993.3518907274
2018-02-21,2898316.4198194477
2018-02-22,2878753.6015703175
2018-02-23,2880500.291715214
2018-02-26,2900387.4976138202
2018-02-27,2901684.5643993574
2018-02-28,2882815.120463132
2018-03-01,2898293.409935338
2018-03-02,2904943.323625719
2018-03-05,2893522.355545713
2018-03-06,2929837.980175038
2018-03-07,2953235.8370984225
2018-03-08,2945812.4330772357
2018-03-09,2961437.7823730716
2018-03-12,3006144.1928072157
2018-03-13,3008704.5283429245
2018-03-14,3000965.828046685
2018-03-15,2995298.4240777725
2018-03-16,3012462.014413086
2018-03-19,3028308.456088058
2018-03-20,2991599.8236834956
2018-03-21,3003280.858966265
2018-03-22,2996417.605390734
2018-03-23,2935125.6511888066
2018-03-26,2910742.6267730193
2018-03-27,2959762.2610799153
2018-03-28,2954933.944123363
2018-03-29,2933518.3808480892
2018-04-02,2952891.5988320974
2018-04-03,2929288.178256305
2018-04-04,2948417.6226110905
2018-04-05,2968848.86626688
2018-04-06,2979278.595455774
2018-04-09,2935167.2779743723
2018-04-10,2946877.2517531486
2018-04-11,2974048.035792654
2018-04-12,2956240.7787838625
2018-04-13,2958946.0794581585
2018-04-16,2974635.435673982
2018-04-17,2981386.199237914
2018-04-18,2996762.758392939
2018-04-19,3007533.6332220105
2018-04-20,3010275.622405031
2018-04-23,2995066.5269949683
2018-04-24,3022229.5107090874
2018-04-25,2987061.4802759094
2018-04-26,2980785.195992489
2018-04-27,2991948.628752783
2018-04-30,2984702.9225278716
2018-05-01,2988546.340140619
2018-05-02,2992806.0566991894
2018-05-03,2976847.110971639
2018-05-04,2980994.3626589724
2018-05-07,3004957.913210176
2018-05-08,3020009.743257887
2018-05-09,3021719.962068212
2018-05-10,3034746.6880847844
2018-05-11,3046770.810433005
2018-05-14,3031508.742994261
2018-05-15,3045118.492147516
2018-05-16,3049344.4476695377
2018-05-17,3070451.356039827
2018-05-18,3078498.472202332
2018-05-21,3084056.6249563782
2018-05-22,3107601.7647324055
2018-05-23,3107480.12613214
2018-05-24,3110300.7939104913
2018-05-25,3108610.050528802
2018-05-29,3114721.798275914
2018-05-30,3109322.0550339064
2018-05-31,3127885.782789607
2018-06-01,3118555.227525077
2018-06-04,3147916.7724468964
2018-06-05,3162032.1235810225
2018-06-06,3171466.5013595806
2018-06-07,3183625.545763454
2018-06-08,3176880.191361359
2018-06-11,3170070.978546394
2018-06-12,3166159.5349633633
2018-06-13,3164577.9347978476
2018-06-14,3169057.6438048044
2018-06-15,3176852.945332328
2018-06-18,3192258.8503780994
2018-06-19,3204826.8018617043
2018-06-20,3207760.7618419155
2018-06-21,3216968.136616236
2018-06-22,3214396.427137874
2018-06-25,3215110.7009130297
2018-06-26,3195559.6244075405
2018-06-27,3169047.587162449
2018-06-28,3155861.3952097967
2018-06-29,3147718.5268214876
2018-07-02,3168745.952156663
2018-07-03,3190284.392651717
2018-07-05,3194166.1231688783
2018-07-06,3202502.2228063666
2018-07-09,3214784.2364509436
2018-07-10,3196974.9014927754
2018-07-11,3204102.4822564903
2018-07-12,3164147.470920528
2018-07-13,3168475.4322055983
2018-07-16,3180576.111136989
2018-07-17,3158085.7366760857
2018-07-18,3166363.9695785777
2018-07-19,3181356.3970639566
2018-07-20,3182168.8012221158
2018-07-23,3188282.7346212016
2018-07-24,3168960.4095073477
2018-07-25,3154395.1323197274
2018-07-26,3183366.9156495687
2018-07-27,3147488.503460995
2018-07-30,3130708.78339765
2018-07-31,3120918.536783113
2018-08-01,3137779.397508296
2018-08-02,3140488.8335554437
2018-08-03,3120289.2380825407
2018-08-06,3123077.213256074
2018-08-07,3115856.734111741
2018-08-08,3139426.5823969273
2018-08-09,3139928.6839520973
2018-08-10,3140624.176963632
2018-08-13,3132055.3722533826
2018-08-14,3139474.200966688
2018-08-15,3140287.654916761
2018-08-16,3142683.2591530145
2018-08-17,3152804.692790455
2018-08-20,3155287.177862188
2018-08-21,3180910.3049168014
2018-08-22,3186941.6954126977
2018-08-23,3179840.7044964386
2018-08-24,3167840.8885105215
2018-08-27,3155599.8080921
2018-08-28,3157275.692035521
2018-08-29,3151660.5724010426
2018-08-30,3165688.910761796
2018-08-31,3168861.9457421936
2018-09-04,3164136.693094764
2018-09-05,3171217.3671517284
2018-09-06,3167432.5819405788
2018-09-07,3167201.464515373
2018-09-10,3159469.398244204
2018-09-11,3155294.070239509
2018-09-12,3146251.524406563
2018-09-13,3126987.670349554
2018-09-14,3147431.728256961
2018-09-17,3144955.267861427
2018-09-18,3122913.53308909
2018-09-19,3126750.157203978
2018-09-20,3138550.8766521397
2018-09-21,3144374.277456501
2018-09-24,3112797.8383421097
2018-09-25,3100113.8271077834
2018-09-26,3071922.286753745
2018-09-27,3054961.435034512
2018-09-28,3062028.399583278
2018-10-01,3029490.998993124
2018-10-02,3012267.897131385
2018-10-03,3033090.126441339
2018-10-04,3028148.439395989
2018-10-05,3014264.8711615666
2018-10-08,3025372.87568937
2018-10-09,3030390.858292396
2018-10-10,3026532.66890126
2018-10-11,2965941.0833963268
2018-10-12,2892698.9615895827
2018-10-15,2925395.075274172
2018-10-16,2932563.008457587
2018-10-17,2945403.2216590648
2018-10-18,2932153.8801169284
2018-10-19,2904201.506575153
2018-10-22,2889730.9101741314
2018-10-23,2886746.312532007
2018-10-24,2848447.508140764
2018-10-25,2845569.606528839
2018-10-26,2862866.4844389637
2018-10-29,2871841.7953219577
2018-10-30,2864112.773063556
2018-10-31,2862507.697263951
2018-11-01,2868869.413042783
2018-11-02,2896491.5958141806
2018-11-05,2884663.9545582677
2018-11-06,2891069.215989612
2018-11-07,2893864.215207884
2018-11-08,2930192.4181988933
2018-11-09,2922460.6272326135
2018-11-12,2925408.6408279366
2018-11-13,2910977.8050964107
2018-11-14,2891165.5414216607
2018-11-15,2889673.3795117335
2018-11-16,2898843.795382364
2018-11-19,2912140.096279991
2018-11-20,2883144.168249609
2018-11-21,2868089.382229896
2018-11-23,2890461.156253584
2018-11-26,2863705.6804636316
2018-11-27,2874061.5369837354
2018-11-28,2890912.469164146
2018-11-29,2911893.7656395785
2018-11-30,2911038.106012294
2018-12-03,2905586.926055241
2018-12-04,2857416.0753092463
2018-12-06,2819681.3068940984
2018-12-07,2844055.799743245
2018-12-10,2796304.838538948
2018-12-11,2786852.3971204977
2018-12-12,2797392.9477854962
2018-12-13,2780160.4605936958
2018-12-14,2781506.3768630526
2018-12-17,2741061.8367731175
2018-12-18,2712576.6270034495
2018-12-19,2682346.800468354
2018-12-20,2664997.2139846557
2018-12-21,2658146.0673989668
2018-12-24,2599435.6391368387
2018-12-26,2586561.199886533
2018-12-27,2601823.539877149
2018-12-28,2619244.4318661788
2018-12-31,2594814.906288407
2019-01-02,2636458.564423125
2019-01-03,2665183.789195445
2019-01-04,2647871.137702253
2019-01-07,2707222.7500520167
2019-01-08,2738820.0166954626
2019-01-09,2756887.6277564755
2019-01-10,2755300.166792868
2019-01-11,2763639.812549968
2019-01-14,2760529.5001508663
2019-01-15,2740054.6456738054
2019-01-16,2775953.9993610904
2019-01-17,2777519.4915459147
2019-01-18,2791289.9827630436
2019-01-22,2813506.5986666665
2019-01-23,2793797.865425183
2019-01-24,2805128.7826297428
2019-01-25,2805182.795208446
2019-01-28,2826686.371433534
2019-01-29,2818644.812058375
2019-01-30,2811767.446311648
2019-01-31,2834393.4687584583
2019-02-01,2863577.765903491
2019-02-04,2872698.658230815
2019-02-05,2884356.500816945
2019-02-06,2892357.3994040783
2019-02-07,2912711.177428865
2019-02-08,2895694.967996123
2019-02-11,2910707.347654218
2019-02-12,2907980.601573118
2019-02-13,2930034.3716953546
2019-02-14,2933375.4507502294
2019-02-15,2935560.2823713226
2019-02-19,2957927.352282011
2019-02-20,2951728.110559866
2019-02-21,2961493.3358570514
2019-02-22,2932314.445232172
2019-02-25,2930347.1287483526
2019-02-26,2935588.102931472
2019-02-27,2931009.5352742593
2019-02-28,2937530.803658681
2019-03-01,2929275.974521591
2019-03-04,2940109.6294577178
2019-03-05,2924628.406532804
2019-03-06,2899640.1892601256
2019-03-07,2883020.654404521
2019-03-08,2874258.8731233263
2019-03-11,2883983.806766001
2019-03-12,2902690.534583361
2019-03-13,2905667.857091426
2019-03-14,2916503.8357994235
2019-03-15,2904413.791887328
2019-03-18,2927617.0366982957
2019-03-19,2921290.624562372
2019-03-20,2899823.324904521
2019-03-21,2888730.863059216
2019-03-22,2879783.8021432306
2019-03-25,2860582.869955737
2019-03-26,2879361.0946731553
2019-03-27,2910703.1050523794
2019-03-28,2908007.9480304834
2019-03-29,2898085.5253637857
2019-04-01,2914232.149321262
2019-04-02,2924790.7838030113
2019-04-03,2925097.787734765
2019-04-04,2939380.414484204
2019-04-05,2957625.2959410027
2019-04-08,2961685.287188621
2019-04-09,2939136.9601245266
2019-04-10,2953660.2778769266
2019-04-11,2965013.7174846884
2019-04-12,2960705.7936673257
2019-04-15,2968147.987515926
2019-04-16,2973202.482152632
2019-04-17,2976654.239416535
2019-04-18,2963428.275243513
2019-04-22,2946032.1298817615
2019-04-23,2969969.337617238
2019-04-24,2996934.835558124
2019-04-25,2974922.1408326263
2019-04-26,2986737.304037102
2019-04-29,3004462.240118522
2019-04-30,3006895.0962774134
2019-05-01,3005251.1600610767
2019-05-02,3007778.8878477863
2019-05-03,3023081.023967433
2019-05-06,3045023.6087653767
2019-05-07,3034203.69940608
2019-05-08,2990372.5780498693
2019-05-09,2995919.075410555
2019-05-10,2995409.381943404
2019-05-13,2990140.2519557714
2019-05-14,2954668.1641084957
2019-05-15,2961543.7960556615
2019-05-16,2965335.7778822635
2019-05-17,2978201.0968081113
2019-05-20,2982526.477653089
2019-05-21,2973003.5310045592
2019-05-22,2993368.743195247
2019-05-23,2971144.182548727
2019-05-24,2963266.4029008304
2019-05-28,2979547.124153044
2019-05-29,2959862.93126735
2019-05-30,2933513.2273299727
2019-05-31,2943135.9963730285
2019-06-03,2932885.776365805
2019-06-04,2928094.492044162
2019-06-05,2951286.9538784064
2019-06-06,2954913.228083267
2019-06-07,2950408.452226545
2019-06-10,2973601.1912102355
2019-06-11,2983275.8210100476
2019-06-12,2986801.3199388483
2019-06-13,2992754.4784856685
2019-06-14,2998153.6962411664
2019-06-17,3001391.911065673
2019-06-18,3000459.4108701325
2019-06-19,3017553.1065297443
2019-06-20,3009393.2376303617
2019-06-21,3015271.103261691
2019-06-24,2992469.230333228
2019-06-25,3004877.573794442
2019-06-26,2983144.7865488464
2019-06-27,3010262.6257019695
2019-06-28,3038045.5033422736
2019-07-01,3032881.3408498834
2019-07-02,3039629.7474421393
2019-07-03,3042044.9790800703
2019-07-05,3073859.3901147717
2019-07-08,3066974.305289406
2019-07-09,3056512.2418261184
2019-07-10,3047268.192638648
2019-07-11,3053674.7006577174
2019-07-12,3064865.9911002982
2019-07-15,3060557.903142792
2019-07-16,3073564.618846833
2019-07-17,3068161.230845385
2019-07-18,3051379.7731978362
2019-07-19,3055764.26586699
2019-07-22,3041036.2285421835
2019-07-23,3041001.549888038
2019-07-24,3078299.058240593
2019-07-25,3082824.2623550696
2019-07-26,3092314.9235204845
2019-07-29,3096512.45411057
2019-07-30,3119028.5017589456
2019-07-31,3119899.1093044877
2019-08-01,3087541.50862621
2019-08-02,3062443.308351326
2019-08-05,3044021.500137684
2019-08-06,2981034.410732184
2019-08-07,2997063.9071503947
2019-08-08,2992125.041477722
2019-08-09,3041519.9688355313
2019-08-12,3034280.5317523484
2019-08-13,2995618.9599165437
2019-08-14,3026582.521869593
2019-08-15,2960294.693471807
2019-08-16,2976870.8024955983
2019-08-19,3004252.491271362
2019-08-20,3022225.749681419
2019-08-21,3000342.113739999
2019-08-22,3010005.770148407
2019-08-23,2997976.6395054534
2019-08-26,2958733.2014973704
2019-08-27,2958319.116195209
2019-08-28,2955168.831313382
2019-08-29,2966300.3100918373
2019-08-30,2990690.1973692556
2019-09-03,2975294.451604536
2019-09-04,2961269.566266398
2019-09-05,2987465.068782703
2019-09-06,3002068.588064124
2019-09-09,3047135.370297735
2019-09-10,3075597.9532862366
2019-09-11,3106508.5207446376
2019-09-12,3121655.2466930025
2019-09-13,3145672.182352404
2019-09-16,3146619.2873616205
2019-09-17,3131359.8351587215
2019-09-18,3125970.5683052493
2019-09-19,3122366.4167891312
2019-09-20,3139189.501222232
2019-09-23,3130531.8259491473
2019-09-24,3115746.1515912404
2019-09-25,3122245.192579254
2019-09-26,3119913.268483815
2019-09-27,3122193.732423161
2019-09-30,3097583.278087486
2019-10-01,3082818.1505064843
2019-10-02,3077864.0126288324
2019-10-03,3023952.9127591196
2019-10-04,3028172.0614722027
2019-10-07,3055731.081348739
2019-10-08,3047238.161244167
2019-10-09,3011770.403318515
2019-10-10,3019086.310518399
2019-10-11,3038431.654212438
2019-10-14,3050997.993885625
2019-10-15,3051831.056660119
2019-10-16,3070355.0176446955
2019-10-17,3077544.6420151163
2019-10-18,3090701.785544814
2019-10-21,3102057.586938371
2019-10-22,3127693.8841002085
2019-10-23,3127778.5178261925
2019-10-24,3131771.0589454006
2019-10-25,3129723.549395802
2019-10-28,3141481.7260213457
2019-10-29,3170310.9528015433
2019-10-30,3159291.491774275
2019-10-31,3169996.261396729
2019-11-01,3170999.089891314
2019-11-04,3198706.0434651
2019-11-05,3217729.093209802
2019-11-06,3233939.518519166
2019-11-07,3228139.347843865
2019-11-08,3210111.3162372503
2019-11-11,3207522.894780189
2019-11-12,3201737.732158625
2019-11-13,3193894.260683353
2019-11-14,3196471.3099635965
2019-11-15,3189619.4374594814
2019-11-18,3211848.7132462417
2019-11-19,3215371.48750823
2019-11-20,3206145.1572061754
2019-11-21,3195720.0874681743
2019-11-22,3188741.1179799493
2019-11-25,3203945.0655733105
2019-11-26,3211731.567412996
2019-11-27,3219727.561498094
2019-11-29,3229760.6171828853
2019-12-02,3219464.1148465644
2019-12-03,3194150.383023154
2019-12-04,3180771.6132399277
2019-12-05,3189647.76966419
2019-12-06,3200736.51982391
2019-12-09,3220494.594205963
2019-12-10,3220553.4844811396
2019-12-11,3212596.4597765245
2019-12-12,3206919.291652568
2019-12-13,3225665.2336769756
2019-12-16,3225075.192806334
2019-12-17,3245799.981092139
2019-12-18,3253575.662494784
2019-12-19,3256664.1900005187
2019-12-20,3256652.946518448
2019-12-23,3254498.508308913
2019-12-24,3259082.0318938224
2019-12-26,3244679.3681352916
2019-12-27,3246535.3005788787
2019-12-30,3259224.023339515
2019-12-31,3244276.7683630735
2020-01-02,3232459.947813317
2020-01-03,3257053.2676039105
2020-01-06,3229672.4452982936
2020-01-07,3219006.380041171
2020-01-08,3207902.3067354867
2020-01-09,3204486.501184921
2020-01-10,3214927.0314356536
2020-01-13,3211974.363895763
2020-01-14,3221760.051188625
2020-01-15,3220051.5322856857
2020-01-16,3230799.7668991727
2020-01-17,3244460.631963948
2020-01-21,3242771.9339679466
2020-01-22,3239565.253553448
2020-01-23,3228003.7504014797
2020-01-24,3209942.070680457
2020-01-27,3215691.708050986
2020-01-28,3174323.599505961
2020-01-29,3176003.89804102
2020-01-30,3182127.5645039524
2020-01-31,3181901.2391556706
2020-02-03,3163164.2304068417
2020-02-04,3160607.2217029864
2020-02-05,3196972.779384992
2020-02-06,3198965.920977488
2020-02-07,3193803.8897213633
2020-02-10,3176124.966782094
2020-02-11,3199610.306990884
2020-02-12,3194970.074521125
2020-02-13,3225221.677264999
2020-02-14,3206176.6514106123
2020-02-18,3206486.1997060864
2020-02-19,3190124.688773214
2020-02-20,3220485.860700639
2020-02-21,3222894.5114302714
2020-02-24,3223390.5746788476
2020-02-25,3147327.7517737565
2020-02-26,3080815.6908564023
2020-02-27,3023842.330138569
2020-02-28,2968503.7505708383
2020-03-02,2968117.5556812
2020-03-03,2979929.3152112914
2020-03-04,2970564.466038837
2020-03-05,2973360.838794475
2020-03-06,2970474.4851440745
2020-03-09,2965303.363695258
2020-03-10,2959693.665498845
2020-03-11,2959995.314935957
2020-03-12,2957675.885682789
2020-03-13,2954640.0898585306
2020-03-16,2954160.589384107
2020-03-17,2952916.406843653
2020-03-18,2951800.7863237304
2020-03-19,2952515.97078962
2020-03-20,2953049.0237957793
2020-03-23,2952614.0872446657
2020-03-24,2952344.02643591
2020-03-25,2953763.331489873
2020-03-26,2954168.00100733
2020-03-27,2955276.8007422034
2020-03-30,2954815.7563182926
2020-03-31,2974269.8138366486
2020-04-01,2927157.5542127644
2020-04-02,2781280.4714685124
2020-04-03,2764569.449239989
2020-04-06,2688504.550516388
2020-04-07,2886624.7065299777
2020-04-08,2899527.3643232854
2020-04-09,3102986.7043058923
2020-04-13,3067496.6542481817
2020-04-14,2972277.598877121
2020-04-15,2980833.448771004
2020-04-16,2871054.2148180967
2020-04-17,2917803.3651185636
2020-04-20,3006880.4414061015
2020-04-21,3003652.1963853356
2020-04-22,2864332.6553766537
2020-04-23,2959770.002960615
2020-04-24,2939369.6873095077
2020-04-27,3071866.087378978
2020-04-28,3224082.5166982273
2020-04-29,3294823.9403946656
2020-04-30,3305796.4078696654
2020-05-01,3273314.2424776163
2020-05-04,3136788.4054182605
2020-05-05,3072413.3386510382
2020-05-06,3069505.9715094203
2020-05-07,3078641.1102074506
2020-05-08,3164272.6487122364
2020-05-11,3149623.4364841715
2020-05-12,3089806.247053981
2020-05-13,3003286.6953086043
2020-05-14,2945136.5282233604
2020-05-15,2971288.5191290365
2020-05-18,3058202.188081977
2020-05-19,3116603.132742852
2020-05-20,3123907.261967862
2020-05-21,3182573.104763868
2020-05-22,3168862.2234843103
2020-05-26,3218450.171580468
2020-05-27,3298947.280232079
2020-05-28,3271657.2216454614
2020-05-29,3224976.2796472996
2020-06-01,3237720.313536103
2020-06-02,3259448.3977418817
2020-06-03,3322066.0938648423
2020-06-04,3373505.6993667353
2020-06-05,3402602.4166715345
2020-06-08,3497682.049466441
2020-06-09,3499064.832710513
2020-06-10,3409442.766243012
2020-06-11,3356216.926303693
2020-06-12,3208679.9730872954
2020-06-15,3253304.6338743484
2020-06-16,3284000.3760850513
2020-06-17,3285506.656569857
2020-06-18,3272963.026051592
2020-06-19,3265018.4380453536
2020-06-22,3251935.1699919105
2020-06-23,3245701.988511656
2020-06-24,3253790.711496231
2020-06-25,3201056.102930462
2020-06-26,3230399.229127764
2020-06-29,3210971.723302715
2020-06-30,3231817.5020357342
2020-07-01,3204888.7352782153
2020-07-02,3215343.9481734345
2020-07-06,3203343.691197511
2020-07-07,3217479.348626381
2020-07-08,3155400.4546944643
2020-07-09,3132794.145799114
2020-07-10,3135371.708899509
2020-07-13,3168859.2597975573
2020-07-14,3150408.741859736
2020-07-15,3251674.0743290577
2020-07-16,3268340.1159284427
2020-07-17,3268297.800818112
2020-07-20,3238159.297600813
2020-07-21,3308735.67638001
2020-07-22,3271923.6615708442
2020-07-23,3359644.9259978817
2020-07-24,3302955.2769251363
2020-07-27,3290777.897917532
2020-07-28,3310159.767135086
2020-07-29,3289191.605433005
2020-07-30,3329367.3141526636
2020-07-31,3281992.2070968025
2020-08-03,3341412.256617405
2020-08-04,3370930.5059571275
2020-08-05,3410226.9565688362
2020-08-06,3387770.8242685
2020-08-07,3463370.819962554
2020-08-10,3496081.5309121236
2020-08-11,3533716.1711604195
2020-08-12,3485132.4054682185
2020-08-13,3523564.339885244
2020-08-14,3525182.6688134307
2020-08-17,3527501.744549138
2020-08-18,3494370.156364932
2020-08-19,3508743.877947971
2020-08-20,3465271.035365489
2020-08-21,3436557.8171209665
2020-08-24,3441846.8589579174
2020-08-25,3468983.3024427677
2020-08-26,3429079.768942057
2020-08-27,3492966.4510769267
2020-08-28,3502768.621904589
2020-08-31,3490743.6428845003
2020-09-01,3449082.6735524056
2020-09-02,3442915.413339982
2020-09-03,3534535.811656942
2020-09-04,3443189.4861927517
2020-09-08,3460477.696041123
2020-09-09,3328697.324176632
2020-09-10,3407176.354307622
2020-09-11,3347525.457651334
2020-09-14,3355696.0684965774
2020-09-15,3385223.5088524655
2020-09-16,3441981.8507142286
2020-09-17,3431712.9593619327
2020-09-18,3463080.6462349365
2020-09-21,3346099.755908033
2020-09-22,3274868.855490145
2020-09-23,3302081.727852644
2020-09-24,3229256.4777377965
2020-09-25,3242231.0913733263
2020-09-28,3299101.3592510414
2020-09-29,3367483.7090642513
2020-09-30,3302744.6512159766
2020-10-01,3344310.5318047036
2020-10-02,3385474.325293593
2020-10-05,3343125.5978810196
2020-10-06,3427377.480589861
2020-10-07,3367338.981067503
2020-10-08,3420837.4074161155
2020-10-09,3442441.5321995467
2020-10-12,3455545.7517194585
2020-10-13,3500274.248572763
2020-10-14,3479558.818335578
2020-10-15,3495500.1372937015
2020-10-16,3487612.006258357
2020-10-19,3545605.5414720066
2020-10-20,3503579.629109199
2020-10-21,3517981.163702625
2020-10-22,3530470.157090726
2020-10-23,3548571.2413912658
2020-10-26,3572724.9957242804
2020-10-27,3515819.8274778086
2020-10-28,3540611.605927774
2020-10-29,3445161.9359513195
2020-10-30,3487206.8235205547
2020-11-02,3468252.8720524767
2020-11-03,3495702.7706832225
2020-11-04,3474556.776934354
2020-11-05,3535283.9116867073
2020-11-06,3553612.851815558
2020-11-09,3592155.337406327
2020-11-10,3671313.6371908695
2020-11-11,3650565.1598278414
2020-11-12,3651360.936049948
2020-11-13,3625656.464879163
2020-11-16,3697704.2981299297
2020-11-17,3739601.3876820463
2020-11-18,3712103.1665074336
2020-11-19,3675944.1894852943
2020-11-20,3707804.560249747
2020-11-23,3705729.079973128
2020-11-24,3741890.6514321268
2020-11-25,3778193.008865921
2020-11-27,3773058.288178108
2020-11-30,3741873.1372264414
2020-12-01,3720607.752195262
2020-12-02,3747818.4075188506
2020-12-03,3780765.7785412576
2020-12-04,3827260.176788394
2020-12-07,3854262.688201741
2020-12-08,3868328.3252287507
2020-12-09,3903482.4869248806
2020-12-10,3889799.630159472
2020-12-11,3898649.001572208
2020-12-14,3885498.870705939
2020-12-15,3875404.22479899
2020-12-16,3895495.939359048
2020-12-17,3918648.6319468026
2020-12-18,3916679.2524253936
2020-12-21,3883251.3239821927
2020-12-22,3889774.460357694
2020-12-23,3906155.866031963
2020-12-24,3895367.9557071077
2020-12-28,3900487.214007718
2020-12-29,3904947.412277293
2020-12-30,3941932.4559062948
2020-12-31,3923982.6333973645
2021-01-04,3967519.008332816
2021-01-05,3957168.5678033694
2021-01-06,4078618.3002071213
2021-01-07,4078561.570971496
2021-01-08,4063797.4261119254
2021-01-11,4088057.4638695265
2021-01-12,4109682.2030906836
2021-01-13,4085756.0624117507
2021-01-14,4139788.074198056
2021-01-15,4154548.0347684603
2021-01-19,4133367.6191677717
2021-01-20,4136896.820374193
2021-01-21,4129994.379087978
2021-01-22,4168948.5248135077
2021-01-25,4128955.8300412996
2021-01-26,4129241.892431693
2021-01-27,4089497.0172140766
2021-01-28,4012669.3217701474
2021-01-29,4043819.7891490436
2021-02-01,4017933.33711195
2021-02-02,4069242.3974421592
2021-02-03,4085845.1920194523
2021-02-04,4105344.1758539598
2021-02-05,4157305.293822035
2021-02-08,4213844.050538979
2021-02-09,4266017.974371154
2021-02-10,4274490.551693181
2021-02-11,4279766.05914045
2021-02-12,4292615.564106781
2021-02-16,4291395.363167221
2021-02-17,4288939.167639089
2021-02-18,4281157.987578604
2021-02-19,4325514.977379437
2021-02-22,4377989.5027878275
2021-02-23,4335307.9750862345
2021-02-24,4373841.129022072
2021-02-25,4410661.49264117
2021-02-26,4328178.731164916
2021-03-01,4320643.024500457
2021-03-02,4393884.297471752
2021-03-03,4433922.017437814
2021-03-04,4354202.8715474885
2021-03-05,4319778.991183535
2021-03-08,4464188.785473704
2021-03-09,4432628.550402073
2021-03-10,4506117.927770565
2021-03-11,4512917.3244555425
2021-03-12,4566013.799951996
2021-03-15,4541085.102400544
2021-03-16,4517279.522458141
2021-03-17,4516433.863453398
2021-03-18,4533122.243083541
2021-03-19,4502236.073210524
2021-03-22,4439993.51344589
2021-03-23,4388234.2554898625
2021-03-24,4346388.061335186
2021-03-25,4347296.57904092
2021-03-26,4379683.982931308
2021-03-29,4385731.695781911
2021-03-30,4430922.539305584
2021-03-31,4395566.770702473
2021-04-01,4421207.32276999
2021-04-05,4442464.014121473
2021-04-06,4487453.462602732
2021-04-07,4444572.9548722105
2021-04-08,4455498.976662127
2021-04-09,4454360.697009171
2021-04-12,4484357.208547727
2021-04-13,4460825.051517815
2021-04-14,4515211.976483348
2021-04-15,4478309.799967948
2021-04-16,4529796.356188049
2021-04-19,4517708.065009158
2021-04-20,4473211.590395931
2021-04-21,4466446.094295678
2021-04-22,4507133.582368405
2021-04-23,4492666.988928287
2021-04-26,4515032.6047798805
2021-04-27,4505980.403599506
2021-04-28,4503451.953876143
2021-04-29,4482795.015472703
2021-04-30,4497429.7429361865
2021-05-03,4539569.165387897
2021-05-04,4528707.175149472
2021-05-05,4533672.190036054
2021-05-06,4518178.047691231
2021-05-07,4550692.180726446
2021-05-10,4579518.928904917
2021-05-11,4554246.314416548
2021-05-12,4515416.788941193
2021-05-13,4479775.542471047
2021-05-14,4512763.633478279
2021-05-17,4582262.623510357
2021-05-18,4574813.684376099
2021-05-19,4541500.442916175
2021-05-20,4502173.673622914
2021-05-21,4558082.632828045
2021-05-24,4538248.7054216545
2021-05-25,4521972.225658492
2021-05-26,4537626.688821501
2021-05-27,4554852.365053747
2021-05-28,4545475.304965924
2021-06-01,4585487.302808458
2021-06-02,4552629.654565638
2021-06-03,4562091.072251742
2021-06-04,4534814.068762456
2021-06-07,4586069.845234508
2021-06-08,4571051.032399692
2021-06-09,4581550.530089701
2021-06-10,4536588.565902782
2021-06-11,4597275.744299638
2021-06-14,4599538.655467134
2021-06-15,4521278.021589197
2021-06-16,4551727.266041065
2021-06-17,4501841.77900804
2021-06-18,4486898.2451483
2021-06-21,4468599.676354293
2021-06-22,4508391.172430222
2021-06-23,4533403.9569828315
2021-06-24,4566692.628209202
2021-06-25,4555461.460914839
2021-06-28,4544428.126091693
2021-06-29,4537028.158704396
2021-06-30,4541048.434534261
2021-07-01,4551418.27899136
2021-07-02,4532223.631160578
2021-07-06,4531216.756971058
2021-07-07,4505102.680381891
2021-07-08,4503641.222273129
2021-07-09,4521723.117092738
2021-07-12,4552379.765250347
2021-07-13,4530898.822125336
2021-07-14,4508601.790517084
2021-07-15,4560308.730978161
2021-07-16,4553982.095012345
2021-07-19,4514692.506746632
2021-07-20,4491708.552901614
2021-07-21,4537169.59885125
2021-07-22,4512989.813514514
2021-07-23,4505125.663985924
2021-07-26,4549798.834119624
2021-07-27,4550549.388632987
2021-07-28,4559829.824792666
2021-07-29,4568234.3313224185
2021-07-30,4573335.147531563
2021-08-02,4548735.451754002
2021-08-03,4530923.382395784
2021-08-04,4559504.534302153
2021-08-05,4568490.611943942
2021-08-06,4615757.27252405
2021-08-09,4615429.374117249
2021-08-10,4628956.449058845
2021-08-11,4651315.691682334
2021-08-12,4660617.000210545
2021-08-13,4646213.590914754
2021-08-16,4637130.767843983
2021-08-17,4617719.578948097
2021-08-18,4590576.085704115
2021-08-19,4553298.659860274
2021-08-20,4545987.180543358
2021-08-23,4547514.661355976
2021-08-24,4581452.713717107
2021-08-25,4589723.454766377
2021-08-26,4594813.163841055
2021-08-27,4619221.726691143
2021-08-30,4594915.604304506
2021-08-31,4631504.828609386
2021-09-01,4628223.967484579
2021-09-02,4630572.057608372
2021-09-03,4662927.403189865
2021-09-07,4640751.904170031
2021-09-08,4645226.047939631
2021-09-09,4632468.430012319
2021-09-10,4621901.159741725
2021-09-13,4593534.0453911275
2021-09-14,4573782.299572239
2021-09-15,4547493.346601711
2021-09-16,4576345.617195198
2021-09-17,4630065.301919032
2021-09-20,4606893.893886212
2021-09-21,4548905.544382795
2021-09-22,4533398.673143468
2021-09-23,4556087.065790634
2021-09-24,4590379.47568065
2021-09-27,4637191.857417906
2021-09-28,4654468.4493349325
2021-09-29,4605572.55009107
2021-09-30,4602310.590342373
2021-10-01,4570794.785415022
2021-10-04,4641560.429605362
2021-10-05,4587929.974674255
2021-10-06,4598032.200470853
2021-10-07,4605996.406693582
2021-10-08,4636378.530605195
2021-10-11,4637222.957887752
2021-10-12,4636053.443591947
2021-10-13,4605659.318321599
2021-10-14,4587891.682371686
2021-10-15,4574732.511458778
2021-10-18,4589968.780130334
2021-10-19,4575846.58165358
2021-10-20,4618150.616350486
2021-10-21,4618757.2911359025
2021-10-22,4636643.211518517
2021-10-25,4632828.056971271
2021-10-26,4632544.364026894
2021-10-27,4627563.384995932
2021-10-28,4620509.762677036
2021-10-29,4646931.9530664105
2021-11-01,4691420.049346027
2021-11-02,4670113.248318018
2021-11-03,4707845.688158685
2021-11-04,4706765.814263853
2021-11-05,4770248.503792549
2021-11-08,4771648.108730519
2021-11-09,4779172.149404136
2021-11-10,4799694.31836533
2021-11-11,4784046.01764554
2021-11-12,4748649.230356806
2021-11-15,4766954.832056609
2021-11-16,4744637.235490607
2021-11-17,4742555.288186244
2021-11-18,4722920.091751606
2021-11-19,4714069.752040508
2021-11-22,4750900.304635662
2021-11-23,4740634.25899255
2021-11-24,4730133.209139822
2021-11-26,4687838.226476971
2021-11-29,4593213.875866477
2021-11-30,4636641.739897694
2021-12-01,4618482.995595243
2021-12-02,4621825.5867724065
2021-12-03,4648760.578999963
2021-12-06,4666659.005844612
2021-12-07,4643740.181451212
2021-12-08,4697030.267535154
2021-12-09,4698164.330626069
2021-12-10,4659202.678403765
2021-12-13,4696639.95365963
2021-12-14,4683766.913475302
2021-12-15,4666910.40226753
2021-12-16,4727761.943959124
2021-12-17,4715557.5260547465
2021-12-20,4689517.276677313
2021-12-21,4660502.720050649
2021-12-22,4691326.901845815
2021-12-23,4723519.7020351095
2021-12-27,4744497.637291415
2021-12-28,4776685.455404744
2021-12-29,4771418.542846595
2021-12-30,4773599.922824607
2021-12-31,4786132.579258639
2022-01-03,4804122.814509899
2022-01-04,4867349.533939805
2022-01-05,4909538.501538422
2022-01-06,4884133.648851012
2022-01-07,4899218.2887304695
2022-01-10,4876152.132496884
2022-01-11,4847053.952235182
2022-01-12,4855210.961670992
2022-01-13,4943660.14336199
2022-01-14,4901389.4713441115
2022-01-18,4905394.77072333
2022-01-19,4832969.264674078
2022-01-20,4770395.114835896
2022-01-21,4783787.456169017
2022-01-24,4729851.997722959
2022-01-25,4770982.834958942
2022-01-26,4693294.343940028
2022-01-27,4649477.982748394
2022-01-28,4595197.83506757
2022-01-31,4655264.044449077
2022-02-01,4695020.148033487
2022-02-02,4679531.2695084745
2022-02-03,4758252.372121376
2022-02-04,4683042.239830724
2022-02-07,4710762.051341844
2022-02-08,4731029.736995949
2022-02-09,4691155.610713308
2022-02-10,4749544.34208991
2022-02-11,4747120.272716387
2022-02-14,4691650.836302191
2022-02-15,4696555.62065815
2022-02-16,4750626.3179580625
2022-02-17,4761816.568506829
2022-02-18,4738655.800746624
2022-02-22,4720592.021887489
2022-02-23,4693414.1357617015
2022-02-24,4589882.096315254
2022-02-25,4643093.810889928
2022-02-28,4677117.871779281
2022-03-01,4636132.493375419
2022-03-02,4648398.500644406
2022-03-03,4722354.862348811
2022-03-04,4689724.452730946
2022-03-07,4678121.985819623
2022-03-08,4606405.088868024
2022-03-09,4574585.441828552
2022-03-10,4646153.5716845235
2022-03-11,4651392.735362833
2022-03-14,4634332.626906977
2022-03-15,4559249.389804828
2022-03-16,4614691.767709548
2022-03-17,4645373.381874718
2022-03-18,4654125.458210225
2022-03-21,4677008.331402594
2022-03-22,4661195.563494005
2022-03-23,4661575.0109608155
2022-03-24,4561350.941145071
2022-03-25,4606334.633910252
2022-03-28,4589679.000041157
2022-03-29,4633874.079350475
2022-03-30,4621010.26760449
2022-03-31,4617632.752620707
2022-04-01,4585966.441528341
2022-04-04,4569912.544223084
2022-04-05,4571323.578035867
2022-04-06,4536994.797889991
2022-04-07,4481665.052474333
2022-04-08,4486961.206044331
2022-04-11,4495571.585182058
2022-04-12,4478560.7212686725
2022-04-13,4480748.158470258
2022-04-14,4516160.587032195
2022-04-18,4482304.062393588
2022-04-19,4495348.215303056
2022-04-20,4552915.341873702
2022-04-21,4544102.34367877
2022-04-22,4517237.40541986
2022-04-25,4450516.060785506
2022-04-26,4450474.09428474
2022-04-27,4389729.623168151
2022-04-28,4387569.088418027
2022-04-29,4425392.803030966
2022-05-02,4353023.1175255915
2022-05-03,4388916.075789065
2022-05-04,4380613.889718763
2022-05-05,4421916.322548261
2022-05-06,4341017.158853449
2022-05-09,4339731.18472187
2022-05-10,4270458.3588732695
2022-05-11,4290098.39197079
2022-05-12,4260003.934113306
2022-05-13,4238756.3275491595
2022-05-16,4288422.705947775
2022-05-17,4312169.0050240625
2022-05-18,4351358.256642852
2022-05-19,4267047.830589935
2022-05-20,4276159.992001733
2022-05-23,4271354.667429726
2022-05-24,4325905.185916093
2022-05-25,4319943.328437635
2022-05-26,4345792.374236527
2022-05-27,4376064.021567361
2022-05-31,4425159.312352
2022-06-01,4428400.480744651
2022-06-02,4411052.651126972
2022-06-03,4440160.205308115
2022-06-06,4425932.371374302
2022-06-07,4425539.95032112
2022-06-08,4432623.526468956
2022-06-09,4408136.225730972
2022-06-10,4368648.006027459
2022-06-13,4285573.788235338
2022-06-14,4234552.35202738
2022-06-15,4243058.687577782
2022-06-16,4204450.156887404
2022-06-17,4191738.7975581437
2022-06-21,4190241.691542439
2022-06-22,4205802.896958336
2022-06-23,4197942.414411083
2022-06-24,4203227.064125878
2022-06-27,4225014.8721214635
2022-06-28,4231303.660272313
2022-06-29,4210161.597878723
2022-06-30,4219521.670073465
2022-07-01,4231245.682213995
2022-07-05,4241694.410589821
2022-07-06,4218826.820237858
2022-07-07,4207735.885462417
2022-07-08,4223540.2859327
2022-07-11,4224223.284021813
2022-07-12,4233793.609766314
2022-07-13,4195086.352429081
2022-07-14,4170302.3580586603
2022-07-15,4205371.449888806
2022-07-18,4251089.097784158
2022-07-19,4262779.515876452
2022-07-20,4318844.70543124
2022-07-21,4319689.639725905
2022-07-22,4341295.1802619705
2022-07-25,4347305.619665716
2022-07-26,4387265.173882742
2022-07-27,4373538.380337293
2022-07-28,4415983.149128518
2022-07-29,4427753.186539788
2022-08-01,4472266.971654531
2022-08-02,4437350.574310439
2022-08-03,4420496.287622335
2022-08-04,4410959.821719415
2022-08-05,4411686.452526005
2022-08-08,4424180.411462349
2022-08-09,4439701.634805895
2022-08-10,4433917.352445779
2022-08-11,4494275.670846599
2022-08-12,4505107.42365943
2022-08-15,4548387.296837649
2022-08-16,4565597.391987945
2022-08-17,4556839.5650499845
2022-08-18,4548574.668778456
2022-08-19,4534769.815969027
2022-08-22,4487065.500471703
2022-08-23,4431462.038352744
2022-08-24,4411092.978089599
2022-08-25,4427758.4665873395
2022-08-26,4456639.205797545
2022-08-29,4367803.381231843
2022-08-30,4371080.822184938
2022-08-31,4338201.188329762
2022-09-01,4314265.654411029
2022-09-02,4322600.605959268
2022-09-06,4284433.746615877
2022-09-07,4285434.706047683
2022-09-08,4314830.22918229
2022-09-09,4328153.775633118
2022-09-12,4362525.970492766
2022-09-13,4362242.284706876
2022-09-14,4298285.739727003
2022-09-15,4333267.173195001
2022-09-16,4343709.825726336
2022-09-19,4338586.556779164
2022-09-20,4353920.818974933
2022-09-21,4346705.337277902
2022-09-22,4284951.719586271
2022-09-23,4268322.991790496
2022-09-26,4215614.911608667
2022-09-27,4195495.500535615
2022-09-28,4196290.365529554
2022-09-29,4202950.892963159
2022-09-30,4187013.983056052
2022-10-03,4173327.006587886
2022-10-04,4234352.879746507
2022-10-05,4242880.002676251
2022-10-06,4233272.896176429
2022-10-07,4213013.74036355
2022-10-10,4204041.338052152
2022-10-11,4205182.083952685
2022-10-12,4199895.79214315
2022-10-13,4236681.520901572
2022-10-14,4268106.751012127
2022-10-17,4247235.62953293
2022-10-18,4257701.434262121
2022-10-19,4272675.536482939
2022-10-20,4226889.6388725545
2022-10-21,4209767.77571336
2022-10-24,4229628.584045969
2022-10-25,4204721.377567332
2022-10-26,4217516.242607309
2022-10-27,4228855.235894824
2022-10-28,4232449.631013331
2022-10-31,4268577.697115821
2022-11-01,4267410.654086064
2022-11-02,4251455.748076339
2022-11-03,4209696.275767579
2022-11-04,4222959.332327185
2022-11-07,4233084.640784048
2022-11-08,4229035.094981988
2022-11-09,4246987.294965621
2022-11-10,4225749.602158777
2022-11-11,4274255.426466873
2022-11-14,4285101.512773691
2022-11-15,4283483.546142205
2022-11-16,4276611.883961621
2022-11-17,4255845.6697649965
2022-11-18,4255927.574420914
2022-11-21,4259701.514168262
2022-11-22,4239540.155819477
2022-11-23,4244495.883033828
2022-11-25,4263086.228070345
2022-11-28,4253742.090483727
2022-11-29,4245411.356798032
2022-11-30,4227686.615011651
2022-12-01,4275310.390293222
2022-12-02,4273298.329753103
2022-12-05,4251334.022417345
2022-12-06,4249367.365152618
2022-12-07,4244694.062444053
2022-12-08,4229950.2364763245
2022-12-09,4247942.990560806
2022-12-12,4220717.54423395
2022-12-13,4222293.71363569
2022-12-14,4205089.173608256
2022-12-15,4200262.018350223
2022-12-16,4183160.465737484
2022-12-19,4180045.154092963
2022-12-20,4172022.742537125
2022-12-21,4180593.1068702033
2022-12-22,4214467.684588706
2022-12-23,4195208.021556114
2022-12-27,4203505.738909276
2022-12-28,4201209.030471743
2022-12-29,4189950.2468578503
2022-12-30,4203457.441532841
2023-01-03,4223375.348192849
2023-01-04,4228152.5392941525
2023-01-05,4245115.240711802
2023-01-06,4237774.2236644225
2023-01-09,4262762.419407038
2023-01-10,4274236.9893714
2023-01-11,4276417.273354015
2023-01-12,4306469.049733893
2023-01-13,4307410.575068955
2023-01-17,4316632.430446348
2023-01-18,4301310.307827152
2023-01-19,4289564.516127538
2023-01-20,4267777.552145454
2023-01-23,4289953.693198284
2023-01-24,4311795.467944777
2023-01-25,4281823.04157411
2023-01-26,4265936.680526164
2023-01-27,4290516.124432964
2023-01-30,4305954.638721193
2023-01-31,4308320.218371026
2023-02-01,4318440.974705524
2023-02-02,4325924.773380699
2023-02-03,4371213.805348707
2023-02-06,4342091.130224952
2023-02-07,4320875.502410155
2023-02-08,4360054.523279744
2023-02-09,4340981.123061391
2023-02-10,4326921.756748181
2023-02-13,4331385.031846425
2023-02-14,4338600.870056868
2023-02-15,4344622.310003309
2023-02-16,4391662.360416782
2023-02-17,4377781.210361454
2023-02-21,4367369.080139164
2023-02-22,4333562.0209110975
2023-02-23,4319343.499647559
2023-02-24,4332272.9949266175
2023-02-27,4300593.945682972
2023-02-28,4302557.198254455
2023-03-01,4304236.394790156
2023-03-02,4276513.850497823
2023-03-03,4270567.2511344915
2023-03-06,4277589.579956032
2023-03-07,4276757.258439957
2023-03-08,4248364.205676963
2023-03-09,4170016.1673038574
2023-03-10,4110784.304058102
2023-03-13,4014237.1024002233
2023-03-14,4015496.999875387
2023-03-15,4033396.906611456
2023-03-16,4026021.6298318757
2023-03-17,4020964.9477451025
2023-03-20,4012912.6372929383
2023-03-21,4035950.4723822544
2023-03-22,4035878.4971886943
2023-03-23,3997366.2396741323
2023-03-24,4011619.6737689334
2023-03-27,4024939.8965566624
2023-03-28,4026086.2387074237
2023-03-29,4008796.7996999477
2023-03-30,4011008.372826837
2023-03-31,3997335.1007544626
2023-04-03,4034541.285566053
2023-04-04,3998202.324803402
2023-04-05,3969572.8413450653
2023-04-06,3960310.2383469166
2023-04-10,3986479.470577117
2023-04-11,4002192.506791524
2023-04-12,4037166.2450135974
2023-04-13,4016371.4116873634
2023-04-14,4026843.7988158586
2023-04-17,4030066.6137099937
2023-04-18,4015824.8374480275
2023-04-19,4024960.902160018
2023-04-20,4043045.5144636505
2023-04-21,4028443.2280244003
2023-04-24,4023299.5562458844
2023-04-25,4007046.4807576356
2023-04-26,3941806.0526406225
2023-04-27,3899641.8554612133
2023-04-28,3923135.3453395776
2023-05-01,3923859.647658647
2023-05-02,3891369.3666937314
2023-05-03,3864227.176270033
2023-05-04,3814233.6138552777
2023-05-05,3808609.733137624
2023-05-08,3822133.753663891
2023-05-09,3823320.4625015804
2023-05-10,3791019.193462016
2023-05-11,3779118.5062226853
2023-05-12,3777267.456305257
2023-05-15,3791458.361579714
2023-05-16,3796485.906029601
2023-05-17,3796555.294537506
2023-05-18,3814835.866255085
2023-05-19,3817682.8345996914
2023-05-22,3818058.745998924
2023-05-23,3859856.9821238564
2023-05-24,3842294.8315007845
2023-05-25,3781649.139419582
2023-05-26,3793414.7172460905
2023-05-30,3828008.2486635004
2023-05-31,3834115.6249563848
2023-06-01,3861987.974174066
2023-06-02,3945570.890035182
2023-06-05,3922663.5146578387
2023-06-06,3970276.5504343305
2023-06-07,4066894.8171823467
2023-06-08,4031348.4500338286
2023-06-09,4013109.53516594
2023-06-12,4023116.5248209406
2023-06-13,4088525.430210156
2023-06-14,4092516.137208828
2023-06-15,4094114.3751136092
2023-06-16,4225378.348096269
2023-06-20,4196085.750183032
2023-06-21,4200697.898339569
2023-06-22,4112004.475318663
2023-06-23,4079602.1064420613
2023-06-26,4081456.1661474784
2023-06-27,4093487.964987016
2023-06-28,4109264.5959800365
2023-06-29,4122618.5071994285
2023-06-30,4097153.0045345677
2023-07-03,4149027.1550161587
2023-07-05,4140782.9279616424
2023-07-06,4124608.507207985
2023-07-07,4152981.04510124
2023-07-10,4174397.173106111
2023-07-11,4204428.82395459
2023-07-12,4218468.7751272
2023-07-13,4231531.234197577
2023-07-14,4268860.711953133
2023-07-17,4250852.741708218
2023-07-18,4266739.192959412
2023-07-19,4297159.381781633
2023-07-20,4350140.658161428
2023-07-21,4316462.964366388
2023-07-24,4335457.941838855
2023-07-25,4334320.92451784
2023-07-26,4358794.479158307
2023-07-27,4327941.601048065
2023-07-28,4268898.832733373
2023-07-31,4317618.727219749
2023-08-01,4329945.487466178
2023-08-02,4299932.2799288845
2023-08-03,4256339.748920215
2023-08-04,4270642.974680777
2023-08-07,4260345.788491387
2023-08-08,4271078.385529008
2023-08-09,4220155.654102932
2023-08-10,4183951.169600802
2023-08-11,4198563.406147944
2023-08-14,4154652.4488971084
2023-08-15,4176422.2176316446
2023-08-16,4148610.9982869523
2023-08-17,4170782.9764742525
2023-08-18,4155893.1037545567
2023-08-21,4112247.6907128473
2023-08-22,4117411.8867088417
2023-08-23,4105653.661449937
2023-08-24,4153527.898848263
2023-08-25,4092837.1835950376
2023-08-28,4115594.7374108587
2023-08-29,4121324.0956889456
2023-08-30,4165949.851351562
2023-08-31,4172054.472390114
2023-09-01,4192544.484512001
2023-09-05,4147735.8429757506
2023-09-06,4159727.861060434
2023-09-07,4136513.642952061
2023-09-08,4113501.9145856826
2023-09-11,4188625.2843035674
2023-09-12,4231725.134684603
2023-09-13,4173854.2215431663
2023-09-14,4208599.788260804
2023-09-15,4251021.168221403
2023-09-18,4200322.366350765
2023-09-19,4177062.0957066454
2023-09-20,4201105.229977175
2023-09-21,4230498.100109293
2023-09-22,4178055.8713861424
2023-09-25,4170081.4174754103
2023-09-26,4186132.503883903
2023-09-27,4175063.2632626053
2023-09-28,4153543.937600858
2023-09-29,4155189.1588300723
2023-10-02,4131898.244957903
2023-10-03,4132082.833310852
2023-10-04,4082830.031868415
2023-10-05,4166481.0612834683
2023-10-06,4147312.694947671
2023-10-09,4184477.1480481448
2023-10-10,4203803.245642526
2023-10-11,4209641.402851073
2023-10-12,4203831.603519211
2023-10-13,4180052.478789803
2023-10-16,4161641.205947733
2023-10-17,4229365.835677361
2023-10-18,4216925.908127547
2023-10-19,4174584.9740052824
2023-10-20,4152497.4054062623
2023-10-23,4174234.4749750355
2023-10-24,4153730.871943145
2023-10-25,4196869.064386781
2023-10-26,4203964.845374394
2023-10-27,4098858.4939778293
2023-10-30,4071030.6509215296
2023-10-31,4105380.788589943
2023-11-01,4056175.074342801
2023-11-02,4123807.3673428646
2023-11-03,4193449.697989074
2023-11-06,4219106.8426106945
2023-11-07,4218132.089205247
2023-11-08,4198936.62885168
2023-11-09,4229011.792336599
2023-11-10,4207735.918838585
2023-11-13,4239056.520693975
2023-11-14,4306523.1773880385
2023-11-15,4346542.529668775
2023-11-16,4305436.061097184
2023-11-17,4323604.030219262
2023-11-20,4323260.421360911
2023-11-21,4353007.43068872
2023-11-22,4358010.549344542
2023-11-24,4391493.300014119
2023-11-27,4382656.515594688
2023-11-28,4357296.439948461
2023-11-29,4374650.721473982
2023-11-30,4376645.787274129
2023-12-01,4429264.678923724
2023-12-04,4483157.326655826
2023-12-05,4443194.696379669
2023-12-06,4439365.194657921
2023-12-07,4430554.628731056
2023-12-08,4464864.6230696775
2023-12-11,4450813.94510527
2023-12-12,4450922.25903067
2023-12-13,4496464.77696234
2023-12-14,4556398.6933165975
2023-12-15,4547966.671166158
2023-12-18,4544197.984188727
2023-12-19,4585317.033140204
2023-12-20,4618621.2851413125
2023-12-21,4589719.529158722
2023-12-22,4632040.484149114
2023-12-26,4661221.629809063
2023-12-27,4675870.439967236
2023-12-28,4678931.515532586
2023-12-29,4656752.48772242
2024-01-02,4678891.614978187
2024-01-03,4617933.700026925
2024-01-04,4613032.17179451
2024-01-05,4572698.2023146795
2024-01-08,4542482.821529245
2024-01-09,4534942.765831256
2024-01-10,4522533.199230057
2024-01-11,4523251.191223966
2024-01-12,4511432.139194093
2024-01-16,4489274.143924877
2024-01-17,4466018.916927454
2024-01-18,4431123.085892028
2024-01-19,4443408.520304713
2024-01-22,4532965.105565123
2024-01-23,4510415.669518674
2024-01-24,4512211.006942772
2024-01-25,4515166.832882632
2024-01-26,4511842.520209328
2024-01-29,4507412.690771671
2024-01-30,4507788.136119956
2024-01-31,4467075.157622233
2024-02-01,4414093.310135696
2024-02-02,4385455.470532054
2024-02-05,4373639.441944494
2024-02-06,4368093.519350948
2024-02-07,4324176.071523462
2024-02-08,4376559.896778843
2024-02-09,4383507.169365716
2024-02-12,4450943.273135334
2024-02-13,4355405.298716243
2024-02-14,4379758.144805337
2024-02-15,4404427.481604134
2024-02-16,4427248.408160273
2024-02-20,4420286.612814971
2024-02-21,4393037.993509797
2024-02-22,4301055.37542714
2024-02-23,4370164.179458513
2024-02-26,4352581.260234063
2024-02-27,4338093.7039954
2024-02-28,4339360.340218889
2024-02-29,4333263.147112821
2024-03-01,4331503.128161362
2024-03-04,4356317.662551286
2024-03-05,4364234.8908199435
2024-03-06,4333571.70270133
2024-03-07,4326494.250390438
2024-03-08,4388042.618308771
2024-03-11,4372182.702621084
2024-03-12,4328393.379775783
2024-03-13,4348182.596719857
2024-03-14,4287743.250775723
2024-03-15,4337408.6628413135
2024-03-18,4290366.795276897
2024-03-19,4322849.609504309
2024-03-20,4344578.938285424
2024-03-21,4373149.175073849
2024-03-22,4351855.891544197
2024-03-25,4351506.769883839
2024-03-26,4321933.493174691
2024-03-27,4362182.753659411
2024-03-28,4401542.213942662
2024-04-01,4385496.694058589
2024-04-02,4365215.767387023
2024-04-03,4341303.75901722
2024-04-04,4361445.396009849
2024-04-05,4288404.972938812
2024-04-08,4345063.18623013
2024-04-09,4340409.549967071
2024-04-10,4334843.499809412
2024-04-11,4291442.275070869
2024-04-12,4345656.237365755
2024-04-15,4320891.648849009
2024-04-16,4286517.947369215
2024-04-17,4279150.438131867
2024-04-18,4262038.154394708
2024-04-19,4311495.463641945
2024-04-22,4259877.032481049
2024-04-23,4285920.780836325
2024-04-24,4314016.382498522
2024-04-25,4297765.795037665
2024-04-26,4258722.123442901
2024-04-29,4285697.537069569
2024-04-30,4310514.435921769
2024-05-01,4300856.591541706
2024-05-02,4277370.771863217
2024-05-03,4281808.046896362
2024-05-06,4310461.08360309
2024-05-07,4314145.093886499
2024-05-08,4329539.136410376
2024-05-09,4315355.404706772
2024-05-10,4320480.430997996
2024-05-13,4325190.516506773
2024-05-14,4321955.925118926
2024-05-15,4306244.26297516
2024-05-16,4353512.545027863
2024-05-17,4321151.097514031
2024-05-20,4313081.389149448
2024-05-21,4295818.751642689
2024-05-22,4289902.265559769
2024-05-23,4270209.478148102
2024-05-24,4240566.499551822
2024-05-28,4248622.264792673
2024-05-29,4232005.324433964
2024-05-30,4272082.572905747
2024-05-31,4265802.828297594
2024-06-03,4293776.494063242
2024-06-04,4276936.544489502
2024-06-05,4251029.907926038
2024-06-06,4276225.899085373
2024-06-07,4249057.303211336
2024-06-10,4229582.97673691
2024-06-11,4219096.319135775
2024-06-12,4237312.592327456
2024-06-13,4233526.045256909
2024-06-14,4186450.1310730698
2024-06-17,4180035.8126736525
2024-06-18,4173122.5587175842
2024-06-20,4211336.850534748
2024-06-21,4204130.571176005
2024-06-24,4220009.240537728
2024-06-25,4189519.0739290784
2024-06-26,4196592.057428158
2024-06-27,4225074.895355227
2024-06-28,4260961.116733948
2024-07-01,4213517.938409849
2024-07-02,4229494.555351818
2024-07-03,4206410.603674517
2024-07-05,4183644.6208515153
2024-07-08,4204022.159933801
2024-07-09,4192349.1957683745
2024-07-10,4196711.397510789
2024-07-11,4330058.572195819
2024-07-12,4333315.525701899
2024-07-15,4373175.545565222
2024-07-16,4465681.913255899
2024-07-17,4545097.718182895
2024-07-18,4607802.510584746
2024-07-19,4577252.331604075
2024-07-22,4585317.48555455
2024-07-23,4649358.062609331
2024-07-24,4638557.856520074
2024-07-25,4664175.930776855
2024-07-26,4680743.189113741
2024-07-29,4687227.325018565
2024-07-30,4742771.3985954365
2024-07-31,4688876.215268142
2024-08-01,4694075.783321391
2024-08-02,4688243.942199513
2024-08-05,4605593.13721625
2024-08-06,4559829.732445901
2024-08-07,4572304.521379425
2024-08-08,4529953.153185478
2024-08-09,4563266.561016988
2024-08-12,4537435.287234718
2024-08-13,4557793.507202327
2024-08-14,4587591.102196207
2024-08-15,4627445.472387495
2024-08-16,4668103.068429904
2024-08-19,4671225.268627645
2024-08-20,4675734.512831081
2024-08-21,4680623.8499384895
2024-08-22,4685276.496290852
2024-08-23,4724549.330442209
2024-08-26,4759591.330180541
2024-08-27,4702332.047152629
2024-08-28,4709255.839873701
2024-08-29,4707931.159452563
2024-08-30,4711310.176588909
2024-09-03,4722106.637458152
2024-09-04,4698794.649185818
2024-09-05,4678555.582936526
2024-09-06,4654986.38429049
2024-09-09,4603362.173756581
2024-09-10,4605489.391857408
2024-09-11,4565196.263602112
2024-09-12,4609290.865856235
2024-09-13,4673376.457540081
2024-09-16,4694712.412814485
2024-09-17,4718008.792415525
2024-09-18,4724256.968709732
2024-09-19,4735315.650856801
2024-09-20,4724025.204162457
2024-09-23,4722040.369151228
2024-09-24,4721494.29398701
2024-09-25,4699796.207653498
2024-09-26,4714791.060375091
2024-09-27,4729315.7908266885
2024-09-30,4736423.27870384
2024-10-01,4734472.135580645
2024-10-02,4686697.884920664
2024-10-03,4665023.209048446
2024-10-04,4665268.38173228
2024-10-07,4668586.221723373
2024-10-08,4636528.463133232
2024-10-09,4657176.193531178
2024-10-10,4664974.927640483
2024-10-11,4693221.565177488
2024-10-14,4701358.813047644
2024-10-15,4775514.239264874
2024-10-16,4784059.050854289
2024-10-17,4795887.510205264
2024-10-18,4797783.202366727
2024-10-21,4756356.995513222
2024-10-22,4760755.090816158
2024-10-23,4744560.924191107
2024-10-24,4713486.436844714
2024-10-25,4695717.433635161
2024-10-28,4716536.343056476
2024-10-29,4714139.97618272
2024-10-30,4733201.094393367
2024-10-31,4711826.620300226
2024-11-01,4669035.197642469
2024-11-04,4694975.409470978
2024-11-05,4704647.411911917
2024-11-06,4815334.4959059395
2024-11-07,4826056.8890965
2024-11-08,4806059.656009034
2024-11-11,4854262.584328348
2024-11-12,4850283.991115046
2024-11-13,4825204.74956593
2024-11-14,4810727.361394696
2024-11-15,4812563.736112771
2024-11-18,4757285.066353906
2024-11-19,4759963.377316954
2024-11-20,4758561.613600654
2024-11-21,4767555.0615493115
2024-11-22,4796314.943211508
2024-11-25,4825201.418473594
2024-11-26,4803430.872651781
2024-11-27,4824515.499151242
2024-11-29,4798932.597631109
2024-12-02,4808058.955255911
2024-12-03,4794430.684867862
2024-12-04,4790133.586545072
2024-12-05,4802503.007218305
2024-12-06,4786905.117861824
2024-12-09,4832548.98001103
2024-12-10,4831712.69396963
2024-12-11,4799594.84867907
2024-12-12,4825195.226933874
2024-12-13,4807082.105639876
2024-12-16,4792798.5759742325
2024-12-17,4781750.704363845
2024-12-18,4771415.367272832
2024-12-19,4702850.145240119
2024-12-20,4705344.575241985
2024-12-23,4699357.528593034
2024-12-24,4706426.735411456
2024-12-26,4740658.362971175
2024-12-27,4740118.089010264
2024-12-30,4732824.746998639
2024-12-31,4709939.258808493
