,portfolio_value
2011-04-04,1.0035196477363582
2011-04-05,1.001997565107375
2011-04-06,1.0027655702552698
2011-04-07,0.9999491172354891
2011-04-08,0.9963413212199705
2011-04-11,0.9968835308239614
2011-04-12,0.9940811638366515
2011-04-13,0.9922323520169087
2011-04-14,0.9899048702780608
2011-04-15,0.9934506011969546
2011-04-18,0.9931054527057616
2011-04-19,0.9927736352745534
2011-04-20,0.9987560650641425
2011-04-21,1.0067132883838534
2011-04-25,1.0060668111563889
2011-04-26,1.0121262876862354
2011-04-27,1.012466199696592
2011-04-28,1.0160272450604309
2011-04-29,1.017787714044741
2011-05-02,1.0159363812661601
2011-05-03,1.0110067767714557
2011-05-04,1.0091047102098947
2011-05-05,1.0063797426209833
2011-05-06,1.003134356914864
2011-05-09,1.0079636142231425
2011-05-10,1.0088570255866354
2011-05-11,1.0021855074822148
2011-05-12,0.9999633111744333
2011-05-13,0.9935504249112422
2011-05-16,0.9908123415597674
2011-05-17,0.9864582175233464
2011-05-18,0.9912193681118187
2011-05-19,0.995857620630023
2011-05-20,0.9999024701085273
2011-05-23,0.9926857907407466
2011-05-24,0.9891865283339338
2011-05-25,0.9905661967273498
2011-05-26,0.9951531739972858
2011-05-27,0.9958987137247359
2011-05-31,0.9973942411986978
2011-06-01,0.9935565562474222
2011-06-02,0.9761352493207287
2011-06-03,0.9734848282370852
2011-06-06,0.9719736408889192
2011-06-07,0.9724058302787647
2011-06-08,0.9757862376339121
2011-06-09,0.9758446562944061
2011-06-10,0.9766735392968517
2011-06-13,0.9755156198234254
2011-06-14,0.9805504210118899
2011-06-15,0.9800691506337558
2011-06-16,0.977355508481533
2011-06-17,0.975960111530294
2011-06-20,0.9768453105501546
2011-06-21,0.9805092651707833
2011-06-22,0.9836583722446448
2011-06-23,0.9770326499583988
2011-06-24,0.9746960839458362
2011-06-27,0.9754460099524144
2011-06-28,0.9766738293225283
2011-06-29,0.983411746181035
2011-06-30,0.9881882852976578
2011-07-01,0.9983436355927895
2011-07-05,1.0045570702978073
2011-07-06,1.0064375337210372
2011-07-07,1.0060445836320415
2011-07-08,1.0081282762815555
2011-07-11,1.0033407369236194
2011-07-12,0.9992843253715809
2011-07-13,1.000840180006302
2011-07-14,0.998286437126261
2011-07-15,0.9953265764172392
2011-07-18,0.9944557394274149
2011-07-19,0.9999062614266151
2011-07-20,1.0033679467260967
2011-07-21,1.0055329973393852
2011-07-22,1.009911385628776
2011-07-25,1.007018008676205
2011-07-26,0.9977582160362595
2011-07-27,0.9900568097483282
2011-07-28,0.9808482665076336
2011-07-29,0.9792006505848154
2011-08-01,0.9794328550641181
2011-08-02,0.9679631998384459
2011-08-03,0.9663405600403872
2011-08-04,0.9569584532117965
2011-08-05,0.9511462204598715
2011-08-08,0.9398283875843563
2011-08-09,0.9461889316298979
2011-08-10,0.9472550259978905
2011-08-11,0.9475572194330916
2011-08-12,0.9541206721189154
2011-08-15,0.9570260381867477
2011-08-16,0.9545539690909046
2011-08-17,0.9538587518035817
2011-08-18,0.9490373507276751
2011-08-19,0.9441918698967156
2011-08-22,0.9430870804082789
2011-08-23,0.9484137012423687
2011-08-24,0.9536984164434348
2011-08-25,0.9531804492867226
2011-08-26,0.9543465892141596
2011-08-29,0.9585367755797368
2011-08-30,0.9616005580857303
2011-08-31,0.9617036861075414
2011-09-01,0.9603356203785927
2011-09-02,0.955779482254811
2011-09-06,0.9536247496923842
2011-09-07,0.9545094865260053
2011-09-08,0.9566066989152638
2011-09-09,0.9532452915849539
2011-09-12,0.9516701457008578
2011-09-13,0.9525094152692801
2011-09-14,0.9547595494999525
2011-09-15,0.956357328250754
2011-09-16,0.9600752723082645
2011-09-19,0.9599007289070167
2011-09-20,0.9560355120813804
2011-09-21,0.9513425010873184
2011-09-22,0.9462274385507872
2011-09-23,0.9429830816080524
2011-09-26,0.9450593421634981
2011-09-27,0.9491187161210427
2011-09-28,0.9459397726076478
2011-09-29,0.9458913793734346
2011-09-30,0.9472413904712597
2011-10-03,0.9336424382653856
2011-10-04,0.9346587226178005
2011-10-05,0.9403077412350713
2011-10-06,0.9492509170460471
2011-10-07,0.949675782665178
2011-10-10,0.951731373980225
2011-10-11,0.9614081087138208
2011-10-12,0.9622656116001779
2011-10-13,0.9644318529066356
2011-10-14,0.9691314252288521
2011-10-17,0.9674891755012638
2011-10-18,0.9673701473587759
2011-10-19,0.9704870538561459
2011-10-20,0.9680424001197434
2011-10-21,0.9770463469192425
2011-10-24,0.9890796944779598
2011-10-25,0.9866419529320323
2011-10-26,0.9856733703515245
2011-10-27,1.0050789328324297
2011-10-28,1.0161263482428804
2011-10-31,1.012317908060823
2011-11-01,0.9932571714430831
2011-11-02,0.9894363942684881
2011-11-03,0.9999054879006164
2011-11-04,1.0048575897764151
2011-11-07,1.0034764893649086
2011-11-08,1.008168659577645
2011-11-09,0.9988959884842967
2011-11-10,0.987702401816221
2011-11-11,0.9961415510556288
2011-11-14,1.000118537335045
2011-11-15,1.0003284519023685
2011-11-16,0.9960209959466875
2011-11-17,0.9881945275782269
2011-11-18,0.9836256715950916
2011-11-21,0.9780618591190264
2011-11-22,0.9729508913908125
2011-11-23,0.9658591109320331
2011-11-25,0.956136025272448
2011-11-28,0.9638475653649168
2011-11-29,0.9754817514525838
2011-11-30,0.9900407321473699
2011-12-01,1.003340500050515
2011-12-02,1.0039203313519032
2011-12-05,1.0365864136515714
2011-12-06,1.0406723776826154
2011-12-07,1.0377112095040184
2011-12-08,1.0333106460263948
2011-12-09,1.03010754518076
2011-12-12,1.0362861590691672
2011-12-13,1.028622368389926
2011-12-14,1.0253970870939146
2011-12-15,1.0238028045188179
2011-12-16,1.0276473587424848
2011-12-19,1.02759391089278
2011-12-20,1.0271253780000844
2011-12-21,1.0442069805659684
2011-12-22,1.0444320497662782
2011-12-23,1.0478997338461402
2011-12-27,1.055275446845209
2011-12-28,1.0513972072741098
2011-12-29,1.0460551894744674
2011-12-30,1.0447952434558299
2012-01-03,1.0430021399879803
2012-01-04,1.0484567254272235
2012-01-05,1.0486301841714207
2012-01-06,1.0506888911979766
2012-01-09,1.0496584231605657
2012-01-10,1.054262769844493
2012-01-11,1.0543905340842976
2012-01-12,1.0547745036344969
2012-01-13,1.055648220924837
2012-01-17,1.0555722537164698
2012-01-18,1.0592803611827701
2012-01-19,1.0626286397976699
2012-01-20,1.0634304430934471
2012-01-23,1.0639118325063122
2012-01-24,1.0729344817503643
2012-01-25,1.0746320819746145
2012-01-26,1.076885010538126
2012-01-27,1.0715670725977577
2012-01-30,1.0698637571929612
2012-01-31,1.0708981648726794
2012-02-01,1.0753441059428885
2012-02-02,1.0751616295795734
2012-02-03,1.0814301350301831
2012-02-06,1.085079995409599
2012-02-07,1.085857341425496
2012-02-08,1.0850714289299233
2012-02-09,1.084709896197334
2012-02-10,1.0860041771655902
2012-02-13,1.0870936088659922
2012-02-14,1.0881784720275005
2012-02-15,1.0848336129346605
2012-02-16,1.0879632439900502
2012-02-17,1.0923592193740457
2012-02-21,1.0935753008493785
2012-02-22,1.0908748258699623
2012-02-23,1.0968375069417093
2012-02-24,1.0983305277138993
2012-02-27,1.1001287627665661
2012-02-28,1.0998449180908318
2012-02-29,1.1000443483189661
2012-03-01,1.1009363345620073
2012-03-02,1.0990934637634662
2012-03-05,1.1006598121343352
2012-03-06,1.092649068288312
2012-03-07,1.093362215693337
2012-03-08,1.1002414605528616
2012-03-09,1.1110761891632521
2012-03-12,1.113795251253472
2012-03-13,1.1136032196582943
2012-03-14,1.1175055053645404
2012-03-15,1.118488245482229
2012-03-16,1.118584856795503
2012-03-19,1.1225047259952146
2012-03-20,1.1234272126170457
2012-03-21,1.1220401513310416
2012-03-22,1.1200633251162153
2012-03-23,1.1181285399448773
2012-03-26,1.1277177337097586
2012-03-27,1.128230352014201
2012-03-28,1.1266813358714534
2012-03-29,1.1263138486389437
2012-03-30,1.1236747126999858
2012-04-02,1.1306463368154234
2012-04-03,1.135605098745047
2012-04-04,1.1303317141085205
2012-04-05,1.1291231360320042
2012-04-09,1.1253598965773521
2012-04-10,1.1155999675320947
2012-04-11,1.1145897838544538
2012-04-12,1.1184647801097098
2012-04-13,1.122343086091531
2012-04-16,1.1173704829406361
2012-04-17,1.1190366628756387
2012-04-18,1.1233623010319425
2012-04-19,1.1177126690455954
2012-04-20,1.1183459466501486
2012-04-23,1.1166341115078489
2012-04-24,1.1125491864426758
2012-04-25,1.118449014999169
2012-04-26,1.1244581275487417
2012-04-27,1.1309007883752145
2012-04-30,1.13022887716597
2012-05-01,1.1290155099662629
2012-05-02,1.1354383939897197
2012-05-03,1.1322960395588617
2012-05-04,1.123407496993146
2012-05-07,1.120795342703115
2012-05-08,1.1215096009747447
2012-05-09,1.1179711475925163
2012-05-10,1.121370247778766
2012-05-11,1.1236565368075855
2012-05-14,1.1193893189393211
2012-05-15,1.1184699047417606
2012-05-16,1.1191949154196807
2012-05-17,1.1099717649169714
2012-05-18,1.106101037826658
2012-05-21,1.1050551840399951
2012-05-22,1.1106123283789469
2012-05-23,1.1105201161574576
2012-05-24,1.113017149033275
2012-05-25,1.1137895506224313
2012-05-29,1.1128027362267807
2012-05-30,1.113889951432508
2012-05-31,1.1056365285168417
2012-06-01,1.0960460364215905
2012-06-04,1.0888922119069604
2012-06-05,1.0901296961685965
2012-06-06,1.0941138584367924
2012-06-07,1.1003476672979384
2012-06-08,1.1062215811632232
2012-06-11,1.103911308506142
2012-06-12,1.1012181748974132
2012-06-13,1.1032548069145958
2012-06-14,1.1060212264779565
2012-06-15,1.108542912109161
2012-06-18,1.1115858530136449
2012-06-19,1.1177905744126437
2012-06-20,1.1174067507315293
2012-06-21,1.1138239438829636
2012-06-22,1.1121271384385882
2012-06-25,1.1106386074169232
2012-06-26,1.107007651657091
2012-06-27,1.1136251248000049
2012-06-28,1.1132579011691603
2012-06-29,1.1112015689339476
2012-07-02,1.124798688196292
2012-07-03,1.127000616927909
2012-07-05,1.1276218574632373
2012-07-06,1.1239033775345209
2012-07-09,1.12468809087509
2012-07-10,1.1278347234354547
2012-07-11,1.1236951109705067
2012-07-12,1.1240899541470375
2012-07-13,1.1291354543850043
2012-07-16,1.1358581285232197
2012-07-17,1.137711404306788
2012-07-18,1.1415293624931215
2012-07-19,1.139909860730268
2012-07-20,1.1376218308504564
2012-07-23,1.1333508766187417
2012-07-24,1.1288930370686738
2012-07-25,1.127241811380125
2012-07-26,1.1306397320133668
2012-07-27,1.1420830812159146
2012-07-30,1.1490837900659243
2012-07-31,1.1480084689165748
2012-08-01,1.1395812588331955
2012-08-02,1.1401246872538524
2012-08-03,1.1453786098038017
2012-08-06,1.1480190438173619
2012-08-07,1.1459753456235398
2012-08-08,1.1467788539354653
2012-08-09,1.1418242063900288
2012-08-10,1.1425127512735134
2012-08-13,1.1409204187242872
2012-08-14,1.1411132927920398
2012-08-15,1.1441268461368126
2012-08-16,1.1463948409199738
2012-08-17,1.1509181694774084
2012-08-20,1.1505842879647543
2012-08-21,1.1483696824965115
2012-08-22,1.1459961809913806
2012-08-23,1.144386421136062
2012-08-24,1.144919456131593
2012-08-27,1.148880409090847
2012-08-28,1.1502157849170203
2012-08-29,1.1524639263854763
2012-08-30,1.1525855616208562
2012-08-31,1.1540204047750728
2012-09-04,1.159742047188669
2012-09-05,1.1601159359580682
2012-09-06,1.166437361341072
2012-09-07,1.171396319263093
2012-09-10,1.1729110632906243
2012-09-11,1.1715014998139115
2012-09-12,1.1747637526553492
2012-09-13,1.178418612312914
2012-09-14,1.1824566138416484
2012-09-17,1.1818633310546267
2012-09-18,1.1803710939076681
2012-09-19,1.177676973772933
2012-09-20,1.1749946319720599
2012-09-21,1.1746563112667374
2012-09-24,1.1769940833059696
2012-09-25,1.17398802354895
2012-09-26,1.1698955483186888
2012-09-27,1.1707323996830505
2012-09-28,1.1673240685764248
2012-10-01,1.1696948569744583
2012-10-02,1.1717600013956502
2012-10-03,1.174858251766277
2012-10-04,1.1799287606548878
2012-10-05,1.1852458909417596
2012-10-08,1.1820275096687545
2012-10-09,1.173672021293246
2012-10-10,1.1733460102046402
2012-10-11,1.1699265188145014
2012-10-12,1.1679064497111824
2012-10-15,1.1715588406142472
2012-10-16,1.1768565630702275
2012-10-17,1.1835070157339185
2012-10-18,1.1822711017931073
2012-10-19,1.176756103551979
2012-10-22,1.1740459994716101
2012-10-23,1.172244956183058
2012-10-24,1.1703503970625206
2012-10-25,1.1711204644698987
2012-10-26,1.170452548548518
2012-10-31,1.1721999751516927
2012-11-01,1.1758968198995636
2012-11-02,1.1732044151218795
2012-11-05,1.1729940042570486
2012-11-06,1.1770179518911652
2012-11-07,1.1677797198280822
2012-11-08,1.1635096054417295
2012-11-09,1.1620535938732757
2012-11-12,1.1635386662288731
2012-11-13,1.165724116362649
2012-11-14,1.153196931155761
2012-11-15,1.1525404749820356
2012-11-16,1.1580133052492574
2012-11-19,1.1683341074279467
2012-11-20,1.1764003768803126
2012-11-21,1.177282282879783
2012-11-23,1.1832985638062188
2012-11-26,1.188711168747232
2012-11-27,1.1882385335908714
2012-11-28,1.1873500802136665
2012-11-29,1.1935037292422537
2012-11-30,1.1928834047977628
2012-12-03,1.1917882914660243
2012-12-04,1.1916364036263887
2012-12-05,1.1883302414540178
2012-12-06,1.1893768872859876
2012-12-07,1.1893080626773713
2012-12-10,1.1938261634532634
2012-12-11,1.1944754866667844
2012-12-12,1.1932981611478581
2012-12-13,1.1896223912594388
2012-12-14,1.1863283826907711
2012-12-17,1.188590787493515
2012-12-18,1.1976851200366831
2012-12-19,1.200882449758526
2012-12-20,1.205074415230779
2012-12-21,1.2038914000403442
2012-12-24,1.2022919565360601
2012-12-26,1.1973498896345505
2012-12-27,1.1968044568292788
2012-12-28,1.1949482356368841
2012-12-31,1.1938876098070026
2013-01-02,1.2098581305522131
2013-01-03,1.2141650520215233
2013-01-04,1.2143517962324686
2013-01-07,1.2150430386350288
2013-01-08,1.2157978500810054
2013-01-09,1.2187409698477238
2013-01-10,1.2209254043094366
2013-01-11,1.2218356851718655
2013-01-14,1.2232279108638593
2013-01-15,1.226159654224765
2013-01-16,1.2268055338929207
2013-01-17,1.2319506648477692
2013-01-18,1.2374828434707463
2013-01-22,1.2424105579523892
2013-01-23,1.2435597456032565
2013-01-24,1.2429454284040884
2013-01-25,1.24307535831338
2013-01-28,1.246214463236826
2013-01-29,1.2493011424682223
2013-01-30,1.2493662796674272
2013-01-31,1.248748710830029
2013-02-01,1.252086217435105
2013-02-04,1.2516104006976287
2013-02-05,1.252491801869114
2013-02-06,1.2555624416691509
2013-02-07,1.2549876810573024
2013-02-08,1.2557507417172737
2013-02-11,1.2578231172944998
2013-02-12,1.2615559906082985
2013-02-13,1.2636435593785138
2013-02-14,1.2627387629819924
2013-02-15,1.266445808782319
2013-02-19,1.2728069979587757
2013-02-20,1.2696366330629294
2013-02-21,1.265370811816451
2013-02-22,1.2647829448865466
2013-02-25,1.2599619666059292
2013-02-26,1.2557651483189587
2013-02-27,1.263817359726654
2013-02-28,1.269323757732956
2013-03-01,1.265600339094626
2013-03-04,1.2729254233727612
2013-03-05,1.281609483702973
2013-03-06,1.287013496856557
2013-03-07,1.2854520003094922
2013-03-08,1.28652150770308
2013-03-11,1.2871455163697025
2013-03-12,1.2865897493612264
2013-03-13,1.28882581607851
2013-03-14,1.2908646252949967
2013-03-15,1.2939187681996982
2013-03-18,1.2911480594140947
2013-03-19,1.294430283491982
2013-03-20,1.299583866571153
2013-03-21,1.2996583977439802
2013-03-22,1.3002245557039867
2013-03-25,1.3064270493172168
2013-03-26,1.3075760430901902
2013-03-27,1.311319788925771
2013-03-28,1.3099938235412905
2013-04-01,1.3074804688777386
2013-04-02,1.3084241916898258
2013-04-03,1.3037797423273862
2013-04-04,1.3047306053815566
2013-04-05,1.3046796716787148
2013-04-08,1.3070172939124023
2013-04-09,1.3072136766099756
2013-04-10,1.3138066116178773
2013-04-11,1.3177579013460576
2013-04-12,1.3179931977609598
2013-04-15,1.305553688315132
2013-04-16,1.3090321535012017
2013-04-17,1.3075301465687101
2013-04-18,1.2981914903678953
2013-04-19,1.3076689428925683
2013-04-22,1.313184605149757
2013-04-23,1.322617509656443
2013-04-24,1.3271291992729313
2013-04-25,1.3252976408092967
2013-04-26,1.3250551503371923
2013-04-29,1.3250659482615559
2013-04-30,1.331772605175999
2013-05-01,1.3233232934741104
2013-05-02,1.3274187188827975
2013-05-03,1.3345242722252872
2013-05-06,1.340110462767991
2013-05-07,1.3459107185278172
2013-05-08,1.3435916037872238
2013-05-09,1.344252661690141
2013-05-10,1.3451856851709416
2013-05-13,1.3472484607310031
2013-05-14,1.3518129187994417
2013-05-15,1.359203212808549
2013-05-16,1.3551490247098579
2013-05-17,1.3542684207432942
2013-05-20,1.355211331847642
2013-05-21,1.3528652973046638
2013-05-22,1.3478096122828696
2013-05-23,1.345215694914643
2013-05-24,1.3442752405763145
2013-05-28,1.3447484805233003
2013-05-29,1.3419091021352036
2013-05-30,1.3415508642326626
2013-05-31,1.3378073079217252
2013-06-03,1.3319983464448422
2013-06-04,1.3314730652257933
2013-06-05,1.3227120987261354
2013-06-06,1.3230482058995214
2013-06-07,1.3293932186625943
2013-06-10,1.336497813860507
2013-06-11,1.331926734529047
2013-06-12,1.3230022051456856
2013-06-13,1.3268894129076425
2013-06-14,1.333674620314092
2013-06-17,1.336024717366073
2013-06-18,1.3433977626784568
2013-06-19,1.3403872154398986
2013-06-20,1.3253553985263293
2013-06-21,1.3165712868556634
2013-06-24,1.313320276443142
2013-06-25,1.3125672586169423
2013-06-26,1.3217927806730454
2013-06-27,1.3314061445904586
2013-06-28,1.330030367509055
2013-07-01,1.3339920748596754
2013-07-02,1.337408025816564
2013-07-03,1.3379576427920075
2013-07-05,1.3451739178954734
2013-07-08,1.3546690746881151
2013-07-09,1.3613395240978474
2013-07-10,1.3630545821499838
2013-07-11,1.3656035902774488
2013-07-12,1.374114383935742
2013-07-15,1.375769394480558
2013-07-16,1.3764917225353122
2013-07-17,1.376111106106571
2013-07-18,1.382532645592791
2013-07-19,1.3874115607129234
2013-07-22,1.3905353252254151
2013-07-23,1.3928129550056139
2013-07-24,1.3913835661816865
2013-07-25,1.3924409984373196
2013-07-26,1.3911388838121792
2013-07-29,1.3856665456425508
2013-07-30,1.382255779088909
2013-07-31,1.3811067869741436
2013-08-01,1.3848500909442423
2013-08-02,1.3924133460681496
2013-08-05,1.3918333931944684
2013-08-06,1.3857141433918105
2013-08-07,1.3770969770050852
2013-08-08,1.3791265176797887
2013-08-09,1.379640708138674
2013-08-12,1.3778678359745535
2013-08-13,1.3773507134479743
2013-08-14,1.3805861681522695
2013-08-15,1.369250562527974
2013-08-16,1.3626707796962363
2013-08-19,1.354505758212047
2013-08-20,1.3596598593149085
2013-08-21,1.3583646946210512
2013-08-22,1.3625867779709928
2013-08-23,1.367140355104622
2013-08-26,1.3675305428405593
2013-08-27,1.3531641200205295
2013-08-28,1.3491581489411792
2013-08-29,1.3584710907413278
2013-08-30,1.3493434255342818
2013-09-03,1.350267051932696
2013-09-04,1.3578582041282017
2013-09-05,1.3609485754203412
2013-09-06,1.3622289939981946
2013-09-09,1.3678523969981464
2013-09-10,1.3778585006934818
2013-09-11,1.3807616457898502
2013-09-12,1.3784296314291642
2013-09-13,1.3785487337436602
2013-09-16,1.3824403476282252
2013-09-17,1.386505787912427
2013-09-18,1.3930039759867334
2013-09-19,1.3947829287247453
2013-09-20,1.3958993234848471
2013-09-23,1.392855121065222
2013-09-24,1.3950478548566296
2013-09-25,1.3906545431408097
2013-09-26,1.391985700887319
2013-09-27,1.3915759478942098
2013-09-30,1.3890924781377336
2013-10-01,1.397436457405801
2013-10-02,1.396397921087222
2013-10-03,1.3916099328240976
2013-10-04,1.3914679121235745
2013-10-07,1.3879315602001705
2013-10-08,1.3761301135758073
2013-10-09,1.3729402437206177
2013-10-10,1.3848547659086918
2013-10-11,1.400225346933041
2013-10-14,1.4058236629181806
2013-10-15,1.404953524466448
2013-10-16,1.4096914277905401
2013-10-17,1.4172847569486664
2013-10-18,1.4253782740633114
2013-10-21,1.4296359397545353
2013-10-22,1.4308581772303461
2013-10-23,1.4331171451857119
2013-10-24,1.4360351654137447
2013-10-25,1.4373435743259306
2013-10-28,1.4354118446753443
2013-10-29,1.4368145404037382
2013-10-30,1.434257847711021
2013-10-31,1.4319022118737228
2013-11-01,1.4313609640646021
2013-11-04,1.4337700902297628
2013-11-05,1.4359682056358654
2013-11-06,1.438561306601367
2013-11-07,1.4251189518331626
2013-11-08,1.4323990872266088
2013-11-11,1.438263529943553
2013-11-12,1.4427087962351943
2013-11-13,1.4449572550690446
2013-11-14,1.4487826773716996
2013-11-15,1.4515736122533789
2013-11-18,1.4516557559258585
2013-11-19,1.4478011810509586
2013-11-20,1.4467714836131198
2013-11-21,1.4564237260813286
2013-11-22,1.464186354253306
2013-11-25,1.467877925973084
2013-11-26,1.4753547685856612
2013-11-27,1.4763040232102955
2013-11-29,1.475707253870808
2013-12-02,1.4708927810105847
2013-12-03,1.4671180198019484
2013-12-04,1.4652387650055938
2013-12-05,1.4633797251586242
2013-12-06,1.4698518271351215
2013-12-09,1.4761032016467808
2013-12-10,1.4752510661454046
2013-12-11,1.4668689259607621
2013-12-12,1.4649259419589984
2013-12-13,1.4642906169805254
2013-12-16,1.4694595300630713
2013-12-17,1.4707196584003228
2013-12-18,1.4788859745438525
2013-12-19,1.4823707870980782
2013-12-20,1.4889813892766284
2013-12-23,1.4903849726709666
2013-12-24,1.5022822995078764
2013-12-26,1.5039160598228707
2013-12-27,1.5024009285570343
2013-12-30,1.5004034123407899
2013-12-31,1.4978949733018694
2014-01-02,1.4871308544340485
2014-01-03,1.4855795900717133
2014-01-06,1.4860540878788884
2014-01-07,1.4923233848817703
2014-01-08,1.4969819610667423
2014-01-09,1.499974092450659
2014-01-10,1.5022095191235865
2014-01-13,1.4950326780821945
2014-01-14,1.4996354304243984
2014-01-15,1.5041200928949885
2014-01-16,1.5072845664160623
2014-01-17,1.502595679513667
2014-01-21,1.504180620551924
2014-01-22,1.5086241258121977
2014-01-23,1.5054011361795814
2014-01-24,1.4913560639756198
2014-01-27,1.4774781015079594
2014-01-28,1.4767881053242564
2014-01-29,1.4705282326776665
2014-01-30,1.4742400589369584
2014-01-31,1.4795512098208867
2014-02-03,1.4611739834517643
2014-02-04,1.4594143734029208
2014-02-05,1.459214301695472
2014-02-06,1.4631537448151013
2014-02-07,1.4737075683795529
2014-02-10,1.478080792113866
2014-02-11,1.4819352432628758
2014-02-12,1.4894166315692727
2014-02-13,1.4937923259345476
2014-02-14,1.4979837850960465
2014-02-18,1.5018407553244681
2014-02-19,1.501266064788877
2014-02-20,1.5075791170561716
2014-02-21,1.5089841636866752
2014-02-24,1.5141104614358236
2014-02-25,1.5169891251866334
2014-02-26,1.5205796972569736
2014-02-27,1.5233961570140955
2014-02-28,1.5277076241491159
2014-03-03,1.526923489850855
2014-03-04,1.5373749347076817
2014-03-05,1.5407953829101098
2014-03-06,1.5395853121031466
2014-03-07,1.542652401030467
2014-03-10,1.5433130958187053
2014-03-11,1.5404429245549718
2014-03-12,1.540477305280933
2014-03-13,1.5370412185928344
2014-03-14,1.5339560527251863
2014-03-17,1.5355377559286898
2014-03-18,1.5447238762962219
2014-03-19,1.5431357759253415
2014-03-20,1.5454716450766743
2014-03-21,1.544576596371117
2014-03-24,1.5390111307401442
2014-03-25,1.5403966070121262
2014-03-26,1.5402531933985526
2014-03-27,1.5363183727344234
2014-03-28,1.534352500849427
2014-03-31,1.5439053369351037
2014-04-01,1.5505639898939219
2014-04-02,1.554463707369509
2014-04-03,1.5503129003198497
2014-04-04,1.5375088360111526
2014-04-07,1.5216422433849215
2014-04-08,1.5192899863598268
2014-04-09,1.5287105709500506
2014-04-10,1.5178292527156418
2014-04-11,1.5009846794219948
2014-04-14,1.496770056611122
2014-04-15,1.4973817437623027
2014-04-16,1.5058979975331905
2014-04-17,1.5133642522952895
2014-04-21,1.5171610394952544
2014-04-22,1.5241037051330282
2014-04-23,1.518479740750999
2014-04-24,1.5181620185380809
2014-04-25,1.5069290127807875
2014-04-28,1.504794673156273
2014-04-29,1.5066658476145893
2014-04-30,1.515084091410489
2014-05-01,1.5177602950102453
2014-05-02,1.5192012992156552
2014-05-05,1.5188508372685396
2014-05-06,1.5083763048715668
2014-05-07,1.5059511379642339
2014-05-08,1.4970710659424096
2014-05-09,1.5010619671955623
2014-05-12,1.5160887192394568
2014-05-13,1.5176465294181356
2014-05-14,1.5088140654471447
2014-05-15,1.5033802905760991
2014-05-16,1.502411739762172
2014-05-19,1.509410014182534
2014-05-20,1.5076445032257921
2014-05-21,1.5114963619574497
2014-05-22,1.5199324600294826
2014-05-23,1.528156478053967
2014-05-27,1.5358198864984107
2014-05-28,1.53615711991896
2014-05-29,1.5382500786926745
2014-05-30,1.5440793377742577
2014-06-02,1.5453654493392532
2014-06-03,1.5446344293509204
2014-06-04,1.547036844920401
2014-06-05,1.5568086481679875
2014-06-06,1.5589045981911405
2014-06-09,1.5606518278351884
2014-06-10,1.557773694980225
2014-06-11,1.5541194302445172
2014-06-12,1.5469952015775026
2014-06-13,1.543564784639264
2014-06-16,1.54504072715042
2014-06-17,1.5497676207293212
2014-06-18,1.5545795407026424
2014-06-19,1.55588185460432
2014-06-20,1.5600926702571043
2014-06-23,1.5577167166623642
2014-06-24,1.5557306776305773
2014-06-25,1.5535718997360912
2014-06-26,1.5578231647842051
2014-06-27,1.5571010174621949
2014-06-30,1.554785190029582
2014-07-01,1.5587966357672582
2014-07-02,1.5601228035316632
2014-07-03,1.5628837397908653
2014-07-07,1.5612784149615166
2014-07-08,1.559399848767949
2014-07-09,1.5616213366310172
2014-07-10,1.558271401206897
2014-07-11,1.5528034653036662
2014-07-14,1.5589606012357606
2014-07-15,1.5607048798131786
2014-07-16,1.5598749911186969
2014-07-17,1.5578231722812683
2014-07-18,1.5608369967259494
2014-07-21,1.5633742120163825
2014-07-22,1.5637560447252241
2014-07-23,1.5646805664751173
2014-07-24,1.5659767307871326
2014-07-25,1.5600401350458646
2014-07-28,1.5582348286979912
2014-07-29,1.553215989893646
2014-07-30,1.5486761595536347
2014-07-31,1.5408980089172641
2014-08-01,1.5302731936809444
2014-08-04,1.533934298917353
2014-08-05,1.5320879406848602
2014-08-06,1.532366780896192
2014-08-07,1.5322841185762475
2014-08-08,1.536539332330105
2014-08-11,1.5474734302742252
2014-08-12,1.5501469584689689
2014-08-13,1.5569872395546551
2014-08-14,1.5587031362264308
2014-08-15,1.5591298876098278
2014-08-18,1.565789972351854
2014-08-19,1.5677071263947742
2014-08-20,1.572007591674421
2014-08-21,1.5733119169821395
2014-08-22,1.574194236527852
2014-08-25,1.5773256376078049
2014-08-26,1.5790585459031894
2014-08-27,1.5733195476378383
2014-08-28,1.5708444316688004
2014-08-29,1.5721973414516088
2014-09-02,1.5727058903947
2014-09-03,1.5683847241246751
2014-09-04,1.5656604421707305
2014-09-05,1.5702977360032488
2014-09-08,1.570722400439922
2014-09-09,1.563958894725984
2014-09-10,1.5657607455053755
2014-09-11,1.5676075015606796
2014-09-12,1.5584621010297448
2014-09-15,1.5502069359043262
2014-09-16,1.5591198238976478
2014-09-17,1.564087087513279
2014-09-18,1.5687576749218222
2014-09-19,1.5689406035092641
2014-09-22,1.5634207023746645
2014-09-23,1.5552495307865732
2014-09-24,1.5595544814966549
2014-09-25,1.5604164499483804
2014-09-26,1.564281241140641
2014-09-29,1.5661190096707858
2014-09-30,1.5561277631112649
2014-10-01,1.5519678298308386
2014-10-02,1.5435819848607206
2014-10-03,1.5501026793997905
2014-10-06,1.555778004177896
2014-10-07,1.5493689730120748
2014-10-08,1.5572915658905857
2014-10-09,1.5533732387748749
2014-10-10,1.5429443412663528
2014-10-13,1.5340153130917733
2014-10-14,1.5294151222103083
2014-10-15,1.5255981017870706
2014-10-16,1.5284367855570182
2014-10-17,1.5321050780816705
2014-10-20,1.5432684022707863
2014-10-21,1.5571031534496411
2014-10-22,1.559526212764149
2014-10-23,1.5675383897726944
2014-10-24,1.5765483179786508
2014-10-27,1.577342528717936
2014-10-28,1.5930836180145516
2014-10-29,1.6000362371317345
2014-10-30,1.6008029900219276
2014-10-31,1.613894333746492
2014-11-03,1.6178892921503611
2014-11-04,1.6145134784841457
2014-11-05,1.618056445039104
2014-11-06,1.623512155094394
2014-11-07,1.6277299326352053
2014-11-10,1.6331384514172238
2014-11-11,1.6369400250831223
2014-11-12,1.6392384056576659
2014-11-13,1.6363787959160367
2014-11-14,1.6339922554318962
2014-11-17,1.635580687630187
2014-11-18,1.6408447135378685
2014-11-19,1.6359949747304112
2014-11-20,1.6350900776325656
2014-11-21,1.635481429042274
2014-11-24,1.6393996416086125
2014-11-25,1.6465338253394157
2014-11-26,1.6508152776181504
2014-11-28,1.6462166169213803
2014-12-01,1.641672026466967
2014-12-02,1.6495196357193345
2014-12-03,1.6556439177029463
2014-12-04,1.6580714281992504
2014-12-05,1.6535484734575894
2014-12-08,1.646406446847641
2014-12-09,1.6518856238914879
2014-12-10,1.639059698065251
2014-12-11,1.6357990210636735
2014-12-12,1.6262920173389468
2014-12-15,1.6162168718520897
2014-12-16,1.6146921198632025
2014-12-17,1.628104705800609
2014-12-18,1.6376710017939713
2014-12-19,1.6461035690410304
2014-12-22,1.6572740418709346
2014-12-23,1.6596010239954262
2014-12-24,1.6582202097090781
2014-12-26,1.66606758645726
2014-12-29,1.6702381152705668
2014-12-30,1.670616016003704
2014-12-31,1.6484955792002929
2015-01-02,1.6442723267460684
2015-01-05,1.645017606543778
2015-01-06,1.6351769506086975
2015-01-07,1.6443715326566384
2015-01-08,1.6530035560327772
2015-01-09,1.6561952324565816
2015-01-12,1.6540678875968187
2015-01-13,1.6592712362165343
2015-01-14,1.6516848660140517
2015-01-15,1.6466132378993734
2015-01-16,1.6523088193341713
2015-01-20,1.661160333896173
2015-01-21,1.6566843072359663
2015-01-22,1.6760824017454643
2015-01-23,1.6777513745858954
2015-01-26,1.6778442714586213
2015-01-27,1.667991296593819
2015-01-28,1.6621843416148878
2015-01-29,1.663131891692561
2015-01-30,1.6523972384208683
2015-02-02,1.6455139753398842
2015-02-03,1.6485390249015233
2015-02-04,1.6486620570385853
2015-02-05,1.652589806425652
2015-02-06,1.6531784900432889
2015-02-09,1.6446355934762764
2015-02-10,1.6489134972145973
2015-02-11,1.6512181889666413
2015-02-12,1.6575968272121226
2015-02-13,1.655612840209193
2015-02-17,1.6538914644883107
2015-02-18,1.6553015062746916
2015-02-19,1.6530965783147324
2015-02-20,1.6605406026643317
2015-02-23,1.6700397502798046
2015-02-24,1.664733006688996
2015-02-25,1.6650686991882502
2015-02-26,1.665939487203159
2015-02-27,1.6648447243381894
2015-03-02,1.6684280300380738
2015-03-03,1.6654670160640905
2015-03-04,1.6608232916943306
2015-03-05,1.6655410298932676
2015-03-06,1.6575608355496485
2015-03-09,1.6620086267845111
2015-03-10,1.6600388454288253
2015-03-11,1.657522241187206
2015-03-12,1.6700660616218381
2015-03-13,1.6771556765210232
2015-03-16,1.684406230935629
2015-03-17,1.697268664698715
2015-03-18,1.6950602261789576
2015-03-19,1.7038858591403163
2015-03-20,1.7151205934105476
2015-03-23,1.7123435450219133
2015-03-24,1.7074313543878321
2015-03-25,1.6945364474006612
2015-03-26,1.690824980907529
2015-03-27,1.7011320748149985
2015-03-30,1.7070784164846882
2015-03-31,1.6996220651667135
2015-04-01,1.6934746427344964
2015-04-02,1.6966622803444842
2015-04-06,1.6911290959036673
2015-04-07,1.6869471146473844
2015-04-08,1.692371652708106
2015-04-09,1.692794184272979
2015-04-10,1.7003548498367143
2015-04-13,1.7070421670913467
2015-04-14,1.6987500562279487
2015-04-15,1.6917233604098163
2015-04-16,1.6925890644620192
2015-04-17,1.6830834425476184
2015-04-20,1.688129796513301
2015-04-21,1.6947957264592302
2015-04-22,1.7006018035651667
2015-04-23,1.7014339065946529
2015-04-24,1.704776513778795
2015-04-27,1.6992527747493233
2015-04-28,1.700709760176709
2015-04-29,1.6898879675707301
2015-04-30,1.6727719299904749
2015-05-01,1.680995431720972
2015-05-04,1.6870692978347512
2015-05-05,1.6800159279275828
2015-05-06,1.6733146517493354
2015-05-07,1.6787305760279767
2015-05-08,1.686533021353248
2015-05-11,1.689574426952134
2015-05-12,1.6872758566744253
2015-05-13,1.6878504495456599
2015-05-14,1.6996328286958147
2015-05-15,1.7044663469177954
2015-05-18,1.7132869774318813
2015-05-19,1.7203985427557125
2015-05-20,1.7223501928654377
2015-05-21,1.7200395190975926
2015-05-22,1.7191390989405033
2015-05-26,1.7136146077969157
2015-05-27,1.7190747747399897
2015-05-28,1.7214062910122592
2015-05-29,1.7201355901918638
2015-06-01,1.7219386924866376
2015-06-02,1.7182998396224534
2015-06-03,1.7253582345162428
2015-06-04,1.7209899300833054
2015-06-05,1.7177886304693564
2015-06-08,1.7174838761340427
2015-06-09,1.7124904893190966
2015-06-10,1.7188207174754688
2015-06-11,1.7316132943948577
2015-06-12,1.7328606288737711
2015-06-15,1.7330895872356513
2015-06-16,1.7356992476631619
2015-06-17,1.7372242721430653
2015-06-18,1.7502569806568196
2015-06-19,1.7550687406945775
2015-06-22,1.758610993070884
2015-06-23,1.756505548855503
2015-06-24,1.7559289369751103
2015-06-25,1.757956176650958
2015-06-26,1.76181809273403
2015-06-29,1.7491405969031937
2015-06-30,1.7453144911698282
2015-07-01,1.7631331414899667
2015-07-02,1.764389212340435
2015-07-06,1.7764119652003094
2015-07-07,1.7718690944941586
2015-07-08,1.7675766711336394
2015-07-09,1.763610539517096
2015-07-10,1.7802812138865658
2015-07-13,1.7941092447633742
2015-07-14,1.7922963469871338
2015-07-15,1.7996005333892957
2015-07-16,1.8092493705582608
2015-07-17,1.819945258589538
2015-07-20,1.8298619758651458
2015-07-21,1.824320658593893
2015-07-22,1.836776364329936
2015-07-23,1.823817941904284
2015-07-24,1.815880204320171
2015-07-27,1.8193769115685638
2015-07-28,1.8179432977732448
2015-07-29,1.8207679039451146
2015-07-30,1.8292449127497292
2015-07-31,1.8393011922309173
2015-08-03,1.8474872740443895
2015-08-04,1.8470834329135948
2015-08-05,1.8619207461221898
2015-08-06,1.8426422628090624
2015-08-07,1.8414862525151696
2015-08-10,1.8349604374872934
2015-08-11,1.8335296824619447
2015-08-12,1.8200885851801696
2015-08-13,1.8281686840372147
2015-08-14,1.8355365278748765
2015-08-17,1.8445727679476627
2015-08-18,1.8440539283939867
2015-08-19,1.8415225955976542
2015-08-20,1.8195902587162096
2015-08-21,1.80436905818624
2015-08-24,1.772825531383866
2015-08-25,1.7652756098530133
2015-08-26,1.7724742244962919
2015-08-27,1.7661423033460426
2015-08-28,1.759012090315931
2015-08-31,1.739898411463344
2015-09-01,1.7297443125326497
2015-09-02,1.7418884089792712
2015-09-03,1.7400369568237468
2015-09-04,1.7341548957990218
2015-09-08,1.7544526225457115
2015-09-09,1.7491473535617086
2015-09-10,1.750295035355418
2015-09-11,1.7589661847317442
2015-09-14,1.7625873211911096
2015-09-15,1.770364403476338
2015-09-16,1.7740593491948013
2015-09-17,1.7814598318152757
2015-09-18,1.7802984848011114
2015-09-21,1.7818624329975772
2015-09-22,1.7756277953809687
2015-09-23,1.7820838661282332
2015-09-24,1.7749478116654247
2015-09-25,1.7732820982343926
2015-09-28,1.7593007042199025
2015-09-29,1.7626050316977344
2015-09-30,1.7596765121686582
2015-10-01,1.7647462135932979
2015-10-02,1.762958964669392
2015-10-05,1.7749140497366693
2015-10-06,1.7543615107061523
2015-10-07,1.7613485861410894
2015-10-08,1.7636236770050338
2015-10-09,1.7645591032218562
2015-10-12,1.7806423766350503
2015-10-13,1.7705148836206361
2015-10-14,1.7577405861550406
2015-10-15,1.769924179737332
2015-10-16,1.7756967493602376
2015-10-19,1.7847550376537655
2015-10-20,1.779036837130104
2015-10-21,1.778211220983486
2015-10-22,1.7909892420976359
2015-10-23,1.8080332538430297
2015-10-26,1.82130293324252
2015-10-27,1.825257629517498
2015-10-28,1.8360484366376466
2015-10-29,1.8335257489599734
2015-10-30,1.8258013011935639
2015-11-02,1.8291265783572785
2015-11-03,1.8229298150867743
2015-11-04,1.827207535233938
2015-11-05,1.8313202125356591
2015-11-06,1.8313146910415248
2015-11-09,1.8251255078420285
2015-11-10,1.8289280270477066
2015-11-11,1.834398209615661
2015-11-12,1.8251789780322705
2015-11-13,1.8105418269216913
2015-11-16,1.808780004077554
2015-11-17,1.822344987639275
2015-11-18,1.8341659770530978
2015-11-19,1.8401438841224755
2015-11-20,1.8505499780017156
2015-11-23,1.8510931822307857
2015-11-24,1.8454229759318168
2015-11-25,1.8484157206032537
2015-11-27,1.8555921444381422
2015-11-30,1.8508810982034223
2015-12-01,1.8584749546752461
2015-12-02,1.862959385541619
2015-12-03,1.8419130256624023
2015-12-04,1.859150457807841
2015-12-07,1.862499992147415
2015-12-08,1.8626155153354922
2015-12-09,1.8439732214854834
2015-12-10,1.8382391138069778
2015-12-11,1.8303043250678779
2015-12-14,1.8275259336322722
2015-12-15,1.8373531783549364
2015-12-16,1.8621068265847476
2015-12-17,1.864367205464879
2015-12-18,1.8492476832278524
2015-12-21,1.8497325415201367
2015-12-22,1.8586192631800813
2015-12-23,1.8520108700444669
2015-12-24,1.8552716947359609
2015-12-28,1.8603340532320414
2015-12-29,1.8661800119835132
2015-12-30,1.8702229087746836
2015-12-31,1.8447048465475182
2016-01-04,1.8140061488083479
2016-01-05,1.8181425651864607
2016-01-06,1.8054074788839536
2016-01-07,1.7914095697259462
2016-01-08,1.772833153566146
2016-01-11,1.776083580307388
2016-01-12,1.7823315910842217
2016-01-13,1.7666170329523334
2016-01-14,1.7578822141948185
2016-01-15,1.755019764037322
2016-01-19,1.7529596478054439
2016-01-20,1.7583809896822653
2016-01-21,1.738557879028745
2016-01-22,1.7503049108743944
2016-01-25,1.7469309055291524
2016-01-26,1.745271021993637
2016-01-27,1.738476802117884
2016-01-28,1.7335367271697615
2016-01-29,1.7492256551769656
2016-02-01,1.7609877523512654
2016-02-02,1.7529984185205714
2016-02-03,1.7423883995919547
2016-02-04,1.7371574763654496
2016-02-05,1.7262202451824469
2016-02-08,1.7190839553941735
2016-02-09,1.7238465495737434
2016-02-10,1.7210281656574398
2016-02-11,1.7158638750284054
2016-02-12,1.7196351888685937
2016-02-16,1.7406985413524572
2016-02-17,1.747725889523874
2016-02-18,1.7471339087234519
2016-02-19,1.7501002262733392
2016-02-22,1.7506885250278792
2016-02-23,1.7540785469167055
2016-02-24,1.75847132355359
2016-02-25,1.7753530615757436
2016-02-26,1.775810681067211
2016-02-29,1.769060688346047
2016-03-01,1.7773462255203754
2016-03-02,1.783404407578557
2016-03-03,1.7803521280681054
2016-03-04,1.7684265349518782
2016-03-07,1.7569540882178023
2016-03-08,1.7598705291362469
2016-03-09,1.7573308864541963
2016-03-10,1.7535019568533188
2016-03-11,1.7651138276355678
2016-03-14,1.768385807130034
2016-03-15,1.7683490300502878
2016-03-16,1.7675605601153057
2016-03-17,1.7755344502449513
2016-03-18,1.7850886213679629
2016-03-21,1.785036014575741
2016-03-22,1.7871320800890602
2016-03-23,1.7814933577994965
2016-03-24,1.7793485882019735
2016-03-28,1.7782531017800984
2016-03-29,1.7954804954061516
2016-03-30,1.8014643982989935
2016-03-31,1.7926691165236577
2016-04-01,1.7962754344441683
2016-04-04,1.792247022458409
2016-04-05,1.7881789829717738
2016-04-06,1.7814069653057176
2016-04-07,1.7786593761485148
2016-04-08,1.7750323922275277
2016-04-11,1.7740188805645145
2016-04-12,1.7711459341214022
2016-04-13,1.784102858695302
2016-04-14,1.7868866125506284
2016-04-15,1.7888107057595404
2016-04-18,1.7915220681791362
2016-04-19,1.7909456412022569
2016-04-20,1.7869919487361614
2016-04-21,1.7799042486906598
2016-04-22,1.7743581448526695
2016-04-25,1.776799303604082
2016-04-26,1.777904047391938
2016-04-27,1.7731623308685815
2016-04-28,1.7696720721780252
2016-04-29,1.7682422121418586
2016-05-02,1.7779585418111088
2016-05-03,1.78273604237926
2016-05-04,1.7806623386410543
2016-05-05,1.7803315051777795
2016-05-06,1.779037116887526
2016-05-09,1.7869745192454196
2016-05-10,1.7864285241232984
2016-05-11,1.785009882429463
2016-05-12,1.7864983836740276
2016-05-13,1.783434415394482
2016-05-16,1.7770964796837627
2016-05-17,1.7629122155337953
2016-05-18,1.7717864104975443
2016-05-19,1.7691883439715541
2016-05-20,1.7705354302958276
2016-05-23,1.7739732218632611
2016-05-24,1.7853358043675354
2016-05-25,1.7821060376755509
2016-05-26,1.783724297677737
2016-05-27,1.7874030236768266
2016-05-31,1.7782933764855011
2016-06-01,1.7779981514084287
2016-06-02,1.7740618089367275
2016-06-03,1.770702736983651
2016-06-06,1.7646736723996579
2016-06-07,1.762532169865981
2016-06-08,1.7649855960415246
2016-06-09,1.7636646185650706
2016-06-10,1.7659366331596218
2016-06-13,1.7536359342243792
2016-06-14,1.750191332417275
2016-06-15,1.7446356222921517
2016-06-16,1.7459219088140336
2016-06-17,1.7403049361938776
2016-06-20,1.7419884528947143
2016-06-21,1.745755907053364
2016-06-22,1.7481803249039078
2016-06-23,1.7555196441374528
2016-06-24,1.741532823536523
2016-06-27,1.723596625494488
2016-06-28,1.71642467860639
2016-06-29,1.7302436043871943
2016-06-30,1.7494706640798894
2016-07-01,1.7453854617285445
2016-07-05,1.7484535536809007
2016-07-06,1.7492039592134452
2016-07-07,1.749699545922344
2016-07-08,1.7580623053667384
2016-07-11,1.7703244834079643
2016-07-12,1.7699132184259874
2016-07-13,1.776489936460756
2016-07-14,1.7779806051215843
2016-07-15,1.7849021425551714
2016-07-18,1.7818523738469296
2016-07-19,1.7857106063323556
2016-07-20,1.7814638920220247
2016-07-21,1.7800140744210224
2016-07-22,1.7843872096301925
2016-07-25,1.7875673520353554
2016-07-26,1.7875932777723742
2016-07-27,1.7807411133079232
2016-07-28,1.7836838001185025
2016-07-29,1.7821631589403002
2016-08-01,1.7829897964833927
2016-08-02,1.78137079770665
2016-08-03,1.7732037027364482
2016-08-04,1.7785296135930377
2016-08-05,1.7875434330633593
2016-08-08,1.7871242224026345
2016-08-09,1.789943085203402
2016-08-10,1.7910255140925377
2016-08-11,1.78667897874968
2016-08-12,1.7878778280864025
2016-08-15,1.7876419801869627
2016-08-16,1.786541572685594
2016-08-17,1.7845552814217838
2016-08-18,1.7850284436840878
2016-08-19,1.7830273585823504
2016-08-22,1.7861442672927044
2016-08-23,1.7886258197800506
2016-08-24,1.7955980549328179
2016-08-25,1.796194147470891
2016-08-26,1.7907499985042754
2016-08-29,1.7913581827507383
2016-08-30,1.7947467826349328
2016-08-31,1.7906013950425086
2016-09-01,1.7913268597865764
2016-09-02,1.7950636539407798
2016-09-06,1.793817279151981
2016-09-07,1.7983338091249572
2016-09-08,1.788911413965148
2016-09-09,1.779266735866507
2016-09-12,1.7656861479861363
2016-09-13,1.767392371875498
2016-09-14,1.7582058648458583
2016-09-15,1.7607356880692169
2016-09-16,1.766666556842953
2016-09-19,1.7681379503635304
2016-09-20,1.7638927997126113
2016-09-21,1.7669811127362829
2016-09-22,1.7866635118284315
2016-09-23,1.7874554998323284
2016-09-26,1.7733808709087617
2016-09-27,1.7697948754927455
2016-09-28,1.7746114210731343
2016-09-29,1.7690552472324774
2016-09-30,1.7592348356097356
2016-10-03,1.7582514163126146
2016-10-04,1.7543507907460416
2016-10-05,1.7533822975383906
2016-10-06,1.7560413151348953
2016-10-07,1.7543503177207609
2016-10-10,1.7546429473213543
2016-10-11,1.7502324743065514
2016-10-12,1.7437733405736893
2016-10-13,1.7384864692213684
2016-10-14,1.746402757908129
2016-10-17,1.7445117069472293
2016-10-18,1.7403476983785944
2016-10-19,1.7476957218051705
2016-10-20,1.7429237272722573
2016-10-21,1.7455173706081626
2016-10-24,1.7529457048627455
2016-10-25,1.7594946625992576
2016-10-26,1.751323367709242
2016-10-27,1.751288621741602
2016-10-28,1.7515351836674506
2016-10-31,1.760196466980013
2016-11-01,1.7534347357147744
2016-11-02,1.748145208669147
2016-11-03,1.7574292736337758
2016-11-04,1.7521875118839285
2016-11-07,1.7635984907135338
2016-11-08,1.7814315678251327
2016-11-09,1.7973556946099039
2016-11-10,1.8078752745394584
2016-11-11,1.8193135196596577
2016-11-14,1.817989290952665
2016-11-15,1.8202048799668735
2016-11-16,1.8251720289525402
2016-11-17,1.822526180714592
2016-11-18,1.8298208061199785
2016-11-21,1.8325172475755789
2016-11-22,1.8490971653115804
2016-11-23,1.849455622162317
2016-11-25,1.849731487378592
2016-11-28,1.8469843639572936
2016-11-29,1.8542897197528676
2016-11-30,1.858089248144331
2016-12-01,1.8546291852274073
2016-12-02,1.8531069715767363
2016-12-05,1.863369543995157
2016-12-06,1.8688898737456214
2016-12-07,1.8789500122467178
2016-12-08,1.9005938883209148
2016-12-09,1.8961723704048266
2016-12-12,1.8953361173450847
2016-12-13,1.8915212083702366
2016-12-14,1.8900509544634638
2016-12-15,1.8911152393500648
2016-12-16,1.8954638317844068
2016-12-19,1.8986447007786906
2016-12-20,1.9055775407163145
2016-12-21,1.909188220462736
2016-12-22,1.9060301564482687
2016-12-23,1.8986695463950092
2016-12-27,1.902457289844638
2016-12-28,1.904281046406735
2016-12-29,1.905425300822495
2016-12-30,1.8919267930928068
2017-01-03,1.8892276158803316
2017-01-04,1.8926454987097423
2017-01-05,1.8884307243413176
2017-01-06,1.886192809319599
2017-01-09,1.8715739910575078
2017-01-10,1.875201917870466
2017-01-11,1.8837446133130644
2017-01-12,1.8776314764951516
2017-01-13,1.881215329827023
2017-01-17,1.8785308513931138
2017-01-18,1.8809688604878656
2017-01-19,1.878787013327458
2017-01-20,1.8814985147211374
2017-01-23,1.884317526627295
2017-01-24,1.89844010438103
2017-01-25,1.9032634934419188
2017-01-26,1.9092085302756834
2017-01-27,1.9058255457674018
2017-01-30,1.895356437735339
2017-01-31,1.8904811206121725
2017-02-01,1.8908923724043143
2017-02-02,1.8884341598463963
2017-02-03,1.8986066696933996
2017-02-06,1.8893388152330066
2017-02-07,1.8942265819448867
2017-02-08,1.8870557071090794
2017-02-09,1.8927148018326567
2017-02-10,1.9013048818707394
2017-02-13,1.9093568783313088
2017-02-14,1.9108406197204122
2017-02-15,1.913273663186278
2017-02-16,1.9155386569181534
2017-02-17,1.914246811355958
2017-02-21,1.9213907406221638
2017-02-22,1.928253333446765
2017-02-23,1.922869345954429
2017-02-24,1.9105461708130647
2017-02-27,1.9038985651011697
2017-02-28,1.8997666277173901
2017-03-01,1.9042676322755376
2017-03-02,1.9004621099191008
2017-03-03,1.9027453362994464
2017-03-06,1.8965105793057835
2017-03-07,1.8986248696925232
2017-03-08,1.8838395118603228
2017-03-09,1.8782177141096332
2017-03-10,1.880597670750313
2017-03-13,1.880400841449252
2017-03-14,1.880088721530675
2017-03-15,1.8870055900614107
2017-03-16,1.8957524723263977
2017-03-17,1.897948701895093
2017-03-20,1.8873877122874585
2017-03-21,1.8749807314405222
2017-03-22,1.8694335257678347
2017-03-23,1.8734600559950678
2017-03-24,1.8743191470568217
2017-03-27,1.8728869415731888
2017-03-28,1.8791463498400858
2017-03-29,1.8852345649597138
2017-03-30,1.8925226433149454
2017-03-31,1.8883553103727373
2017-04-03,1.8846732590995383
2017-04-04,1.8921497786633426
2017-04-05,1.8874951428505213
2017-04-06,1.8875908904987766
2017-04-07,1.8936870967549133
2017-04-10,1.8918740196434278
2017-04-11,1.8954753025986864
2017-04-12,1.8859737322008017
2017-04-13,1.8803048508963331
2017-04-17,1.882324885198095
2017-04-18,1.884457902873325
2017-04-19,1.8795181281864692
2017-04-20,1.8847972888643119
2017-04-21,1.8866832013331312
2017-04-24,1.8890567803199265
2017-04-25,1.9006254699685776
2017-04-26,1.9042723564542121
2017-04-27,1.9018236426299675
2017-04-28,1.8963066623808138
2017-05-01,1.9085148999563215
2017-05-02,1.9061274085364648
2017-05-03,1.9024122032896653
2017-05-04,1.9003964106431974
2017-05-05,1.9119672794668965
2017-05-08,1.9183223778300968
2017-05-09,1.9114304061635732
2017-05-10,1.9156196769623786
2017-05-11,1.9103131654353689
2017-05-12,1.9032213287397033
2017-05-15,1.9015521491066298
2017-05-16,1.9091593276900045
2017-05-17,1.8960678139102516
2017-05-18,1.8917074561582892
2017-05-19,1.897500227863498
2017-05-22,1.9006820512064095
2017-05-23,1.906406432139692
2017-05-24,1.907470263141001
2017-05-25,1.902909676682853
2017-05-26,1.9065456564110543
2017-05-30,1.898231428813669
2017-05-31,1.8982618328145768
2017-06-01,1.9021643416996978
2017-06-02,1.9080842099108342
2017-06-05,1.90861597423196
2017-06-06,1.9084724347363722
2017-06-07,1.9009407340812983
2017-06-08,1.9136693144148356
2017-06-09,1.9190810407932528
2017-06-12,1.9175663048616067
2017-06-13,1.9239956321652865
2017-06-14,1.926169038104737
2017-06-15,1.9254938434424302
2017-06-16,1.926472178172897
2017-06-19,1.9145569246033443
2017-06-20,1.9214749417758565
2017-06-21,1.9080245959610105
2017-06-22,1.8981141010763198
2017-06-23,1.91198997369366
2017-06-26,1.9072754165089805
2017-06-27,1.9096064215442317
2017-06-28,1.9126909431925248
2017-06-29,1.9214631076650457
2017-06-30,1.9092074777760466
2017-07-03,1.910547286195841
2017-07-05,1.9197736878160512
2017-07-06,1.9255225446137576
2017-07-07,1.925376912469359
2017-07-10,1.9315696137839242
2017-07-11,1.9326454987218693
2017-07-12,1.936953326252195
2017-07-13,1.9349101574784422
2017-07-14,1.934377510144174
2017-07-17,1.934751449819949
2017-07-18,1.9397209871956962
2017-07-19,1.9376166718917023
2017-07-20,1.938854418644245
2017-07-21,1.9372606053945747
2017-07-24,1.942921426852117
2017-07-25,1.9425425256820383
2017-07-26,1.940889299499775
2017-07-27,1.9363071116343993
2017-07-28,1.939909108389338
2017-07-31,1.9418061189530857
2017-08-01,1.9430006807416418
2017-08-02,1.9431082010931986
2017-08-03,1.9426988091795554
2017-08-04,1.9376364789787506
2017-08-07,1.9421337957753955
2017-08-08,1.9506164870023002
2017-08-09,1.950745800939328
2017-08-10,1.9352736615435293
2017-08-11,1.9276453255864383
2017-08-14,1.9417652742021634
2017-08-15,1.9530473110029445
2017-08-16,1.951707825844689
2017-08-17,1.9447269867441361
2017-08-18,1.9289036149744316
2017-08-21,1.9227737338697675
2017-08-22,1.9294544144098853
2017-08-23,1.9333005718276626
2017-08-24,1.9317436579933478
2017-08-25,1.9286630305924468
2017-08-28,1.9331174575425525
2017-08-29,1.933690890550439
2017-08-30,1.9359715129168813
2017-08-31,1.944381988911088
2017-09-01,1.9498055744880487
2017-09-05,1.9424416560824855
2017-09-06,1.9314057641382822
2017-09-07,1.9300929475330042
2017-09-08,1.9341950141876327
2017-09-11,1.9393724035992772
2017-09-12,1.9445489546545442
2017-09-13,1.9436134914304217
2017-09-14,1.9403022590395267
2017-09-15,1.9435669941889824
2017-09-18,1.9421096131361006
2017-09-19,1.9492230217230757
2017-09-20,1.95324388302557
2017-09-21,1.950851882600464
2017-09-22,1.9529693815126978
2017-09-25,1.9494082131050467
2017-09-26,1.9534799583479385
2017-09-27,1.964984759658143
2017-09-28,1.9813152772968596
2017-09-29,1.9767074725912346
2017-10-02,1.9881503597521066
2017-10-03,1.9861618089600235
2017-10-04,1.9845702237486709
2017-10-05,1.9923526783832917
2017-10-06,1.997113698188381
2017-10-09,1.997163990875288
2017-10-10,1.997908830161863
2017-10-11,1.9976128123302268
2017-10-12,2.0011347967187985
2017-10-13,2.0024226367972457
2017-10-16,1.9972443539363964
2017-10-17,1.9980428467248634
2017-10-18,2.0067345987828493
2017-10-19,2.007747965607421
2017-10-20,2.012275877352911
2017-10-23,2.012779585641906
2017-10-24,2.015245778917905
2017-10-25,2.01627488668493
2017-10-26,2.0164253514360766
2017-10-27,2.021214058210616
2017-10-30,2.0093352350913296
2017-10-31,2.013286562597753
2017-11-01,2.010307933703064
2017-11-02,2.0175471782491967
2017-11-03,2.014970881923608
2017-11-06,2.008380771007819
2017-11-07,2.0007441875460605
2017-11-08,1.9968965102288987
2017-11-09,1.988455734678384
2017-11-10,1.9865041323484347
2017-11-13,1.9842007777470432
2017-11-14,1.9954700112744566
2017-11-15,1.9910923310761524
2017-11-16,1.9980073248519978
2017-11-17,1.993158341511986
2017-11-20,1.9974961278843986
2017-11-21,2.010910952746163
2017-11-22,2.0091703006957324
2017-11-24,2.0111849441565592
2017-11-27,2.017696266717415
2017-11-28,2.027815848469018
2017-11-29,2.0366849750192997
2017-11-30,2.0336359887539976
2017-12-01,2.0322834809061385
2017-12-04,2.0330552488217237
2017-12-05,2.0338847877819526
2017-12-06,2.036548334771627
2017-12-07,2.0396837189535613
2017-12-08,2.0340459325995472
2017-12-11,2.030546179042035
2017-12-12,2.0417766419216177
2017-12-13,2.0415761028714656
2017-12-14,2.036343825446028
2017-12-15,2.0527290772076086
2017-12-18,2.0570320540951523
2017-12-19,2.054753716705915
2017-12-20,2.051481021728641
2017-12-21,2.0502748646436206
2017-12-22,2.044892549247257
2017-12-26,2.039503624577601
2017-12-27,2.047161049793699
2017-12-28,2.048473821773663
2017-12-29,2.0432102037540734
2018-01-02,2.030352321432929
2018-01-03,2.0270151096083575
2018-01-04,2.0281590323073044
2018-01-05,2.0379023339510653
2018-01-08,2.0388659238807643
2018-01-09,2.0378887778516597
2018-01-10,2.036209330742712
2018-01-11,2.0434359212626347
2018-01-12,2.051189631449387
2018-01-16,2.0504040015298024
2018-01-17,2.056426337666547
2018-01-18,2.0589286817353236
2018-01-19,2.0691579403393145
2018-01-22,2.070146267374833
2018-01-23,2.0719964211805624
2018-01-24,2.067428607281561
2018-01-25,2.072445256397719
2018-01-26,2.0742231244695004
2018-01-29,2.0727584677926836
2018-01-30,2.063861820125175
2018-01-31,2.060750573355212
2018-02-01,2.0643546548966727
2018-02-02,2.061063772285645
2018-02-05,2.018757926813429
2018-02-06,2.0113337022596314
2018-02-07,2.021234817968381
2018-02-08,1.9989196284103636
2018-02-09,1.9949621590733622
2018-02-12,2.0108636738138537
2018-02-13,2.015634820465635
2018-02-14,2.022580896999946
2018-02-15,2.0336133206764813
2018-02-16,2.04106868898903
2018-02-20,2.0332320645687925
2018-02-21,2.0323295119393245
2018-02-22,2.022602519554523
2018-02-23,2.033160632196584
2018-02-26,2.044934881861186
2018-02-27,2.0348951820186953
2018-02-28,2.031196841622295
2018-03-01,2.019375988206984
2018-03-02,2.0242365572042273
2018-03-05,2.0256179271118913
2018-03-06,2.029089016356073
2018-03-07,2.036762690761197
2018-03-08,2.0429209365108156
2018-03-09,2.0572864044194374
2018-03-12,2.0646268884653725
2018-03-13,2.0625017193329764
2018-03-14,2.0563359044816023
2018-03-15,2.058961915290978
2018-03-16,2.0575020484021227
2018-03-19,2.053098453200757
2018-03-20,2.050528667832655
2018-03-21,2.053478969377103
2018-03-22,2.036708046772934
2018-03-23,2.0086383578171896
2018-03-26,2.017548140708168
2018-03-27,2.016801172324977
2018-03-28,2.012393411064233
2018-03-29,2.013466672738589
2018-04-02,2.0006545699353655
2018-04-03,2.000658193796586
2018-04-04,2.009513336570509
2018-04-05,2.015528797520665
2018-04-06,2.003408761211923
2018-04-09,1.9977566999093375
2018-04-10,2.0176448594283904
2018-04-11,2.015495813425371
2018-04-12,2.017806506345374
2018-04-13,2.0132339486992437
2018-04-16,2.023415471848709
2018-04-17,2.034805588691127
2018-04-18,2.0336127101376134
2018-04-19,2.031616063842142
2018-04-20,2.0296192207472226
2018-04-23,2.0230317143900627
2018-04-24,2.0125066179661673
2018-04-25,2.0056252355296587
2018-04-26,2.0075687495333323
2018-04-27,2.009745422919955
2018-04-30,2.0037428550512124
2018-05-01,2.0107831475436777
2018-05-02,2.001585466249528
2018-05-03,1.9977938653408347
2018-05-04,2.003916545794936
2018-05-07,2.0120587321235384
2018-05-08,2.0197536372945617
2018-05-09,2.019851259120389
2018-05-10,2.031729802052867
2018-05-11,2.036190312346658
2018-05-14,2.030557672403133
2018-05-15,2.031001830662917
2018-05-16,2.033258720367121
2018-05-17,2.0408626935583047
2018-05-18,2.040994587422084
2018-05-21,2.0399523568782687
2018-05-22,2.0392444175603397
2018-05-23,2.043567951727369
2018-05-24,2.0499457771539165
2018-05-25,2.044208390954228
2018-05-29,2.0351876775002795
2018-05-30,2.0417059509429696
2018-05-31,2.0421101973694107
2018-06-01,2.0446612593822473
2018-06-04,2.0545329354004602
2018-06-05,2.0581915162998192
2018-06-06,2.0502096084287134
2018-06-07,2.0491391419312515
2018-06-08,2.047486401843355
2018-06-11,2.042660682885007
2018-06-12,2.0436592795103774
2018-06-13,2.04313427003183
2018-06-14,2.0449324663633233
2018-06-15,2.0425999590804516
2018-06-18,2.040726141897134
2018-06-19,2.039049613778746
2018-06-20,2.037695658729924
2018-06-21,2.032896114864419
2018-06-22,2.0371318480928546
2018-06-25,2.02896883041952
2018-06-26,2.0299494694277436
2018-06-27,2.0166710595035995
2018-06-28,2.0220416631638947
2018-06-29,2.019185150835835
2018-07-02,2.0245655383180656
2018-07-03,2.0271050659294523
2018-07-05,2.0359198103094442
2018-07-06,2.047229334535733
2018-07-09,2.0597655144905573
2018-07-10,2.0571335450763026
2018-07-11,2.0532679647962135
2018-07-12,2.055100959076646
2018-07-13,2.0552821811234576
2018-07-16,2.059493174100674
2018-07-17,2.0607148665512565
2018-07-18,2.0647123850663456
2018-07-19,2.0631302563604876
2018-07-20,2.065600813866856
2018-07-23,2.070904648494697
2018-07-24,2.0693529318397346
2018-07-25,2.07774164405967
2018-07-26,2.077028280839742
2018-07-27,2.0614867590733557
2018-07-30,2.044843626459018
2018-07-31,2.0454047053730418
2018-08-01,2.057862829852877
2018-08-02,2.0647687949263442
2018-08-03,2.0594559205532645
2018-08-06,2.0629811130943483
2018-08-07,2.063357901446661
2018-08-08,2.062554054852941
2018-08-09,2.0625528908850024
2018-08-10,2.067152713030951
2018-08-13,2.0590126753454436
2018-08-14,2.061215573750312
2018-08-15,2.05606250931774
2018-08-16,2.0573024669057363
2018-08-17,2.0661272950194918
2018-08-20,2.06564482987236
2018-08-21,2.0711504168649624
2018-08-22,2.070612358990594
2018-08-23,2.0703417011374228
2018-08-24,2.0754138184499946
2018-08-27,2.078736180791677
2018-08-28,2.0822639850027715
2018-08-29,2.083400799432015
2018-08-30,2.0850637529310134
2018-08-31,2.0869446881261737
2018-09-04,2.0861248991009695
2018-09-05,2.0827384313282593
2018-09-06,2.0808727954258948
2018-09-07,2.08007642672458
2018-09-10,2.0850526755704992
2018-09-11,2.0804875862203285
2018-09-12,2.0795072970013213
2018-09-13,2.081497910089933
2018-09-14,2.083052182131659
2018-09-17,2.072729815000378
2018-09-18,2.066012212975686
2018-09-19,2.0677279910277884
2018-09-20,2.071794754931312
2018-09-21,2.0703954834331846
2018-09-24,2.053550221736045
2018-09-25,2.052579014322002
2018-09-26,2.049636012906777
2018-09-27,2.051780761457505
2018-09-28,2.047626466417851
2018-10-01,2.041200246980459
2018-10-02,2.0395620487101733
2018-10-03,2.038564559827798
2018-10-04,2.0293321968337827
2018-10-05,2.022391170813964
2018-10-08,2.0251774205396083
2018-10-09,2.0226250273514497
2018-10-10,1.9924193197377154
2018-10-11,1.9623463088785784
2018-10-12,1.9593911350894853
2018-10-15,1.9656986197379807
2018-10-16,1.9818211345103864
2018-10-17,1.9802453286576034
2018-10-18,1.967257594672089
2018-10-19,1.9542848909668127
2018-10-22,1.9536550915093849
2018-10-23,1.9447875206234333
2018-10-24,1.9189517343856406
2018-10-25,1.928329905033627
2018-10-26,1.9233171093794725
2018-10-29,1.9150358805699355
2018-10-30,1.9264808176196375
2018-10-31,1.9488036097134924
2018-11-01,1.9486986414759433
2018-11-02,1.944609541891145
2018-11-05,1.9432707595375538
2018-11-06,1.9533494025166311
2018-11-07,1.9693686806830264
2018-11-08,1.9738604459345677
2018-11-09,1.9648637800625086
2018-11-12,1.9472814979194821
2018-11-13,1.938264838743338
2018-11-14,1.9293468269355762
2018-11-15,1.930422147345229
2018-11-16,1.9289786033189122
2018-11-19,1.9150273857577131
2018-11-20,1.9037818623794565
2018-11-21,1.9005853112927982
2018-11-23,1.900596239234198
2018-11-26,1.9051496469871352
2018-11-27,1.913169982462147
2018-11-28,1.9337528403001176
2018-11-29,1.941276798914817
2018-11-30,1.94157584345935
2018-12-03,1.953822726873002
2018-12-04,1.9152275321476002
2018-12-06,1.9142032303138592
2018-12-07,1.9074761875123452
2018-12-10,1.900621364334032
2018-12-11,1.9052396770558104
2018-12-12,1.9144518476318217
2018-12-13,1.9092443471943272
2018-12-14,1.8997366545819394
2018-12-17,1.882739448860148
2018-12-18,1.8788454581652105
2018-12-19,1.8533449774701412
2018-12-20,1.8308003473324481
2018-12-21,1.8218311905647604
2018-12-24,1.802504585572312
2018-12-26,1.8139413758338303
2018-12-27,1.82074958872752
2018-12-28,1.8235685554030132
2018-12-31,1.8071749666251695
2019-01-02,1.8100816603026684
2019-01-03,1.7998219166757639
2019-01-04,1.8205832859603515
2019-01-07,1.8320655478865326
2019-01-08,1.8427696478866022
2019-01-09,1.8431966482294515
2019-01-10,1.8487033177447447
2019-01-11,1.846024439417335
2019-01-14,1.8396358235246042
2019-01-15,1.841184163686437
2019-01-16,1.8526376187236275
2019-01-17,1.862250072043898
2019-01-18,1.8612045369997081
2019-01-22,1.8571673498311934
2019-01-23,1.856299910517648
2019-01-24,1.8583104869807587
2019-01-25,1.865066318893854
2019-01-28,1.8625526633323042
2019-01-29,1.861845467868538
2019-01-30,1.8696486148342566
2019-01-31,1.8822416225674752
2019-02-01,1.8854288264510735
2019-02-04,1.8864663594248219
2019-02-05,1.8872179925949584
2019-02-06,1.8857272580360789
2019-02-07,1.8834752509128534
2019-02-08,1.8835629592344403
2019-02-11,1.8870295446046383
2019-02-12,1.892590904544757
2019-02-13,1.8950954270823426
2019-02-14,1.8903454825471364
2019-02-15,1.8943159718401077
2019-02-19,1.8988585444403947
2019-02-20,1.9011785943616526
2019-02-21,1.9008654531639397
2019-02-22,1.8967554709838295
2019-02-25,1.8979702432381829
2019-02-26,1.900239723533128
2019-02-27,1.898542978531455
2019-02-28,1.895505375051581
2019-03-01,1.89556534271991
2019-03-04,1.8979339344326402
2019-03-05,1.89287648556949
2019-03-06,1.8847848591664742
2019-03-07,1.8816043589661477
2019-03-08,1.8753841787102756
2019-03-11,1.8874515503003204
2019-03-12,1.8931116487887851
2019-03-13,1.9022181352811494
2019-03-14,1.9073955238867502
2019-03-15,1.9074420490295834
2019-03-18,1.9168316817914564
2019-03-19,1.9085835199421841
2019-03-20,1.9013044523004
2019-03-21,1.9088557612562846
2019-03-22,1.8957960386859973
2019-03-25,1.8977861373792577
2019-03-26,1.9052511902924414
2019-03-27,1.9070434093323054
2019-03-28,1.908831594074671
2019-03-29,1.9061063851739215
2019-04-01,1.9129399139855576
2019-04-02,1.909368494860297
2019-04-03,1.9132627243089844
2019-04-04,1.9141600364496862
2019-04-05,1.918651473956912
2019-04-08,1.9165880021290014
2019-04-09,1.9109068536482146
2019-04-10,1.9169539508460849
2019-04-11,1.9229207159555641
2019-04-12,1.9282111485755613
2019-04-15,1.9293629136094124
2019-04-16,1.9258331021519073
2019-04-17,1.9179679339031332
2019-04-18,1.9190299447414687
2019-04-22,1.9157013585220768
2019-04-23,1.923602540799214
2019-04-24,1.9298918200054462
2019-04-25,1.926680497015353
2019-04-26,1.9324691310356725
2019-04-29,1.939835747932784
2019-04-30,1.9414463504516384
2019-05-01,1.9376159244178477
2019-05-02,1.944885991349458
2019-05-03,1.9527569654921888
2019-05-06,1.9580239326974387
2019-05-07,1.9485342533128567
2019-05-08,1.9370214938792238
2019-05-09,1.9410866240283609
2019-05-10,1.938943466774342
2019-05-13,1.924289381007949
2019-05-14,1.9259827140572754
2019-05-15,1.9310082868061693
2019-05-16,1.941683677085705
2019-05-17,1.9444849849707517
2019-05-20,1.9459482621434825
2019-05-21,1.9518342527738417
2019-05-22,1.9566996966773882
2019-05-23,1.950305944527718
2019-05-24,1.947175500574665
2019-05-28,1.9516518621243277
2019-05-29,1.9395640164242791
2019-05-30,1.9366729171318893
2019-05-31,1.932610517584654
2019-06-03,1.921202647872354
2019-06-04,1.9287779898137667
2019-06-05,1.9442392320882789
2019-06-06,1.9473320084433499
2019-06-07,1.9503571403542534
2019-06-10,1.9595006529738275
2019-06-11,1.9616244861386818
2019-06-12,1.9671989749784216
2019-06-13,1.9688584890169605
2019-06-14,1.9718773112809216
2019-06-17,1.973317081554585
2019-06-18,1.9794233443847329
2019-06-19,1.9895014882980497
2019-06-20,1.9906945443000184
2019-06-21,1.9872640185567456
2019-06-24,1.9869746291870858
2019-06-25,1.9764367253623267
2019-06-26,1.964492629699484
2019-06-27,1.972271564181753
2019-06-28,1.9790381698948842
2019-07-01,1.9909954043011144
2019-07-02,1.996386298199266
2019-07-03,2.0085523355532677
2019-07-05,2.0110298847946293
2019-07-08,2.0040347730360315
2019-07-09,2.003522016749761
2019-07-10,1.9942189432568653
2019-07-11,2.0025204604317217
2019-07-12,2.006136178674434
2019-07-15,2.007731893153338
2019-07-16,2.014895428895919
2019-07-17,1.9919498098235193
2019-07-18,2.0051546563908347
2019-07-19,2.0058486652120293
2019-07-22,2.0030593045957445
2019-07-23,2.005932494184292
2019-07-24,2.0151658214371806
2019-07-25,2.0158114680717825
2019-07-26,2.0263042002981226
2019-07-29,2.0343819416153277
2019-07-30,2.0309159568029713
2019-07-31,2.017673488186631
2019-08-01,2.0199540534165696
2019-08-02,2.0084861390946216
2019-08-05,1.9789783455130001
2019-08-06,1.9794493517446838
2019-08-07,1.9830297087462831
2019-08-08,1.995394593887561
2019-08-09,1.994419928507595
2019-08-12,1.9857017865068434
2019-08-13,1.9933375807298916
2019-08-14,1.9943083982067913
2019-08-15,1.9801140899829193
2019-08-16,1.9896323984863393
2019-08-19,1.9979287079452237
2019-08-20,1.9992985915603714
2019-08-21,2.001941798444539
2019-08-22,2.0027391376658072
2019-08-23,1.9870943211022283
2019-08-26,1.9817134300613815
2019-08-27,1.9857918059760573
2019-08-28,1.9812220832893184
2019-08-29,1.9925391997919213
2019-08-30,2.0006930027201357
2019-09-03,2.001808042872052
2019-09-04,1.9970922838002143
2019-09-05,2.0008970972144615
2019-09-06,1.9893183947278912
2019-09-09,1.9814865832403525
2019-09-10,1.9653190538312613
2019-09-11,1.9715475259079076
2019-09-12,1.9818131999044635
2019-09-13,1.9863039238162234
2019-09-16,1.9802229482147378
2019-09-17,1.9891878978716249
2019-09-18,1.9941370275209995
2019-09-19,1.9968337557715485
2019-09-20,2.0102793993738315
2019-09-23,2.0026742880690183
2019-09-24,1.99886502400958
2019-09-25,2.004912729172947
2019-09-26,2.009405147721401
2019-09-27,2.0074194691229357
2019-09-30,1.9890059556722854
2019-10-01,1.9854777332659372
2019-10-02,1.9825462008630177
2019-10-03,1.9827787465197797
2019-10-04,1.9988841496591494
2019-10-07,2.003562130556003
2019-10-08,1.9939831243751587
2019-10-09,1.9868395623516841
2019-10-10,1.9965253713535547
2019-10-11,2.001208903585564
2019-10-14,2.010287151461302
2019-10-15,2.0192665806194388
2019-10-16,2.0161106472448864
2019-10-17,2.0151244233454317
2019-10-18,2.01598118628602
2019-10-21,2.0271339496193543
2019-10-22,2.0210089342892807
2019-10-23,2.016912464635524
2019-10-24,2.027197029213288
2019-10-25,2.0278102812301957
2019-10-28,2.03212339001879
2019-10-29,2.038455443380008
2019-10-30,2.0510777191451086
2019-10-31,2.058689462190418
2019-11-01,2.045540280766665
2019-11-04,2.0386421638017875
2019-11-05,2.041507410846757
2019-11-06,2.0444188901971914
2019-11-07,2.0338026909842437
2019-11-08,2.0302554445818863
2019-11-11,2.0340941443348948
2019-11-12,2.041657932681126
2019-11-13,2.0433376290498
2019-11-14,2.0531937394334254
2019-11-15,2.0576095480711656
2019-11-18,2.0700870994572593
2019-11-19,2.0774205221294135
2019-11-20,2.079555842788023
2019-11-21,2.076203043472375
2019-11-22,2.068259281875515
2019-11-25,2.0812669136189106
2019-11-26,2.0828875154383324
2019-11-27,2.0774777523436074
2019-11-29,2.074913010398396
2019-12-02,2.0647096600192745
2019-12-03,2.065311996248255
2019-12-04,2.056149924765831
2019-12-05,2.0648473563603797
2019-12-06,2.064643332146126
2019-12-09,2.0710287595927155
2019-12-10,2.068162332353726
2019-12-11,2.0719349411590207
2019-12-12,2.0693685920882112
2019-12-13,2.0829651383912346
2019-12-16,2.0952616202402736
2019-12-17,2.093237805923641
2019-12-18,2.0950565552053217
2019-12-19,2.092204196967605
2019-12-20,2.101047781624274
2019-12-23,2.094549669326902
2019-12-24,2.08991169134973
2019-12-26,2.090489578716387
2019-12-27,2.0892323220486304
2019-12-30,2.093699034103918
2019-12-31,2.0728047471225306
2020-01-02,2.075940620255635
2020-01-03,2.04398419270733
2020-01-06,2.0309960889255736
2020-01-07,2.02541084581799
2020-01-08,2.0349099317180235
2020-01-09,2.0401957374782653
2020-01-10,2.0454127271929674
2020-01-13,2.0306469197288344
2020-01-14,2.032290588458637
2020-01-15,2.0324272605359823
2020-01-16,2.037833435229543
2020-01-17,2.047430387282785
2020-01-21,2.0471091871300082
2020-01-22,2.0441065450545253
2020-01-23,2.0526962470801893
2020-01-24,2.042468228768264
2020-01-27,2.0389412499721526
2020-01-28,2.0441898084091976
2020-01-29,2.048818099264344
2020-01-30,2.0548077291319804
2020-01-31,2.0436360889848593
2020-02-03,2.0500878653959385
2020-02-04,2.0601838887014896
2020-02-05,2.0721236313200446
2020-02-06,2.0845295929921113
2020-02-07,2.0827516280267337
2020-02-10,2.092003494778244
2020-02-11,2.095390925514343
2020-02-12,2.10160272516707
2020-02-13,2.1060094000377454
2020-02-14,2.0993425091669904
2020-02-18,2.0971631299750166
2020-02-19,2.0928048941701674
2020-02-20,2.0909473621766366
2020-02-21,2.0876484863215996
2020-02-24,2.0738078576279966
2020-02-25,2.0441257124362906
2020-02-26,2.0339187073812823
2020-02-27,2.0123628544595027
2020-02-28,1.9962921082910186
2020-03-02,2.0123950280621496
2020-03-03,2.0067091353709245
2020-03-04,2.016819876555009
2020-03-05,2.0099513779104146
2020-03-06,2.011902674284498
2020-03-09,2.001383202822409
2020-03-10,2.0077993024452803
2020-03-11,1.998233090685557
2020-03-12,1.968600718095514
2020-03-13,1.973386731259463
2020-03-16,1.9444438443076901
2020-03-17,1.9603625257757042
2020-03-18,1.9418907965738668
2020-03-19,1.9273993800816838
2020-03-20,1.918575443815604
2020-03-23,1.9184055287671522
2020-03-24,1.9400943173258456
2020-03-25,1.9489058580402143
2020-03-26,1.9700344958681275
2020-03-27,1.9591709730869953
2020-03-30,1.9736456278779348
2020-03-31,1.9661048919760569
2020-04-01,1.9455130836396974
2020-04-02,1.9175218598839407
2020-04-03,1.9111851891051792
2020-04-06,1.915588356972626
2020-04-07,1.954525850720318
2020-04-08,1.962306430966844
2020-04-09,1.9971614511670306
2020-04-13,1.975004882432045
2020-04-14,1.9747669006952022
2020-04-15,1.962717947342651
2020-04-16,1.9443270026553323
2020-04-17,1.9654010729672111
2020-04-20,1.9712913094201667
2020-04-21,1.9424542760841041
2020-04-22,1.9295411975470669
2020-04-23,1.9311046085291608
2020-04-24,1.9325979443745298
2020-04-27,1.972537608562297
2020-04-28,1.9996330457603477
2020-04-29,2.020202219457095
2020-04-30,2.0119227017020993
2020-05-01,1.987838496973884
2020-05-04,1.9594668665419073
2020-05-05,1.9516031645553493
2020-05-06,1.9488924566951127
2020-05-07,1.9655395606483235
2020-05-08,1.9952069452361563
2020-05-11,1.9919276244366666
2020-05-12,1.9614366149124138
2020-05-13,1.9327896018907142
2020-05-14,1.9234901753189195
2020-05-15,1.934524120538705
2020-05-18,1.9695648477242562
2020-05-19,1.9771971186639639
2020-05-20,1.9894465000929649
2020-05-21,1.9931140357651755
2020-05-22,1.9915784533258676
2020-05-26,2.0067174028784027
2020-05-27,2.0364211945064623
2020-05-28,2.0310442358087895
2020-05-29,2.0256360583483715
2020-06-01,2.0397324174470266
2020-06-02,2.0416853967712387
2020-06-03,2.0585899118220268
2020-06-04,2.063684114528987
2020-06-05,2.0667520165033504
2020-06-08,2.079349747916779
2020-06-09,2.077915158437519
2020-06-10,2.0514396312636345
2020-06-11,2.008482571060208
2020-06-12,1.9753710741219483
2020-06-15,2.001871200853579
2020-06-16,2.0224339133684177
2020-06-17,2.0224015336019967
2020-06-18,2.0233103846583047
2020-06-19,2.0209483809363498
2020-06-22,2.026138558219755
2020-06-23,2.029216735084743
2020-06-24,2.0139534784289648
2020-06-25,2.0123082837027573
2020-06-26,1.9917368622591736
2020-06-29,1.994991140161766
2020-06-30,2.0039974569524475
2020-07-01,2.011902440205028
2020-07-02,2.0159450458889907
2020-07-06,2.021036780240136
2020-07-07,2.026277909526463
2020-07-08,2.0171309561860107
2020-07-09,2.0086844305905616
2020-07-10,2.0105083325480892
2020-07-13,2.0155947537054884
2020-07-14,2.016835194331944
2020-07-15,2.0281744164386577
2020-07-16,2.0240936840761283
2020-07-17,2.0422949948221607
2020-07-20,2.045856042672691
2020-07-21,2.05192527793458
2020-07-22,2.0469095870674847
2020-07-23,2.0525782152951684
2020-07-24,2.0284392263891338
2020-07-27,2.0403121399417063
2020-07-28,2.033509450390124
2020-07-29,2.0261187502988545
2020-07-30,2.0334933944043114
2020-07-31,2.029429130158476
2020-08-03,2.0656383133086997
2020-08-04,2.0657398092716033
2020-08-05,2.0787455021670382
2020-08-06,2.0733134882477753
2020-08-07,2.0967745406450318
2020-08-10,2.095694089706387
2020-08-11,2.097710024811
2020-08-12,2.094723273762941
2020-08-13,2.102156085373586
2020-08-14,2.098817078573626
2020-08-17,2.1137373313591317
2020-08-18,2.1107489250386884
2020-08-19,2.107893342570177
2020-08-20,2.1006451696366817
2020-08-21,2.0927442107299217
2020-08-24,2.0918402047026907
2020-08-25,2.097814030218707
2020-08-26,2.100843693405258
2020-08-27,2.1090723784077126
2020-08-28,2.112738167078773
2020-08-31,2.116334807642525
2020-09-01,2.11260853734877
2020-09-02,2.131594480514745
2020-09-03,2.114225382256965
2020-09-04,2.0897276672898224
2020-09-08,2.081396471401952
2020-09-09,2.076913085143067
2020-09-10,2.0804910069433076
2020-09-11,2.072006430699298
2020-09-14,2.0877802829237124
2020-09-15,2.0933604442753224
2020-09-16,2.1012975069204622
2020-09-17,2.0947888088687954
2020-09-18,2.0946018021990165
2020-09-21,2.0661528604192094
2020-09-22,2.0610191302021947
2020-09-23,2.051160896936512
2020-09-24,2.040490904933888
2020-09-25,2.0671813950797695
2020-09-28,2.0832141602441934
2020-09-29,2.1012042867557437
2020-09-30,2.0879390238504585
2020-10-01,2.0969165938076166
2020-10-02,2.0922529635560974
2020-10-05,2.102413788312985
2020-10-06,2.112186559533175
2020-10-07,2.115001977787697
2020-10-08,2.12316523061388
2020-10-09,2.139462557160164
2020-10-12,2.1495467459088617
2020-10-13,2.1640687541887034
2020-10-14,2.153427336525361
2020-10-15,2.1450885868098704
2020-10-16,2.1475511536312664
2020-10-19,2.148022548067996
2020-10-20,2.1365426756167643
2020-10-21,2.130416772466006
2020-10-22,2.139665695236664
2020-10-23,2.137255679853161
2020-10-26,2.1358228858852883
2020-10-27,2.1251122629276997
2020-10-28,2.1088817616685813
2020-10-29,2.0945113624166707
2020-10-30,2.0875819409502077
2020-11-02,2.0871838878960545
2020-11-03,2.1187410760177334
2020-11-04,2.136892276242622
2020-11-05,2.1709116708716087
2020-11-06,2.1711275849313347
2020-11-09,2.1315583213276414
2020-11-10,2.145371130615037
2020-11-11,2.1580967643275013
2020-11-12,2.1603269823472213
2020-11-13,2.1616914648417227
2020-11-16,2.1805067409086702
2020-11-17,2.1830052392065378
2020-11-18,2.167312434846293
2020-11-19,2.170289838415755
2020-11-20,2.1814747785255135
2020-11-23,2.174319865130654
2020-11-24,2.173292908931908
2020-11-25,2.1839505496218914
2020-11-27,2.1906404855812314
2020-11-30,2.189067156487382
2020-12-01,2.184248279081387
2020-12-02,2.1850827706660727
2020-12-03,2.1899846990145324
2020-12-04,2.19340820661627
2020-12-07,2.201620227283763
2020-12-08,2.2099613193060215
2020-12-09,2.209520432757514
2020-12-10,2.2006467844074415
2020-12-11,2.199665438523383
2020-12-14,2.1975531979016676
2020-12-15,2.207271556995744
2020-12-16,2.2064739149439196
2020-12-17,2.219806001951304
2020-12-18,2.2159953227250346
2020-12-21,2.2226252667061717
2020-12-22,2.2355075155295796
2020-12-23,2.2265828231205447
2020-12-24,2.225651108899992
2020-12-28,2.2429757606465675
2020-12-29,2.238886634546718
2020-12-30,2.2501161422171654
2020-12-31,2.2400383297848583
2021-01-04,2.230719399372177
2021-01-05,2.220944922628953
2021-01-06,2.252060753343363
2021-01-07,2.2746871606025474
2021-01-08,2.265467647594913
2021-01-11,2.267114526333404
2021-01-12,2.2641274910201457
2021-01-13,2.26276655512303
2021-01-14,2.2458920933033246
2021-01-15,2.240423302137677
2021-01-19,2.215401077349796
2021-01-20,2.2325014727481887
2021-01-21,2.239806710821276
2021-01-22,2.2387014176084317
2021-01-25,2.223508584449836
2021-01-26,2.230434590235433
2021-01-27,2.1929107820852187
2021-01-28,2.188257761524625
2021-01-29,2.1884318023259253
2021-02-01,2.19991946748181
2021-02-02,2.216910999578488
2021-02-03,2.220209245693737
2021-02-04,2.2233974518503636
2021-02-05,2.2291287000024553
2021-02-08,2.248222805974419
2021-02-09,2.2594628054154984
2021-02-10,2.252491000297474
2021-02-11,2.248751075227367
2021-02-12,2.254706323826457
2021-02-16,2.249728688866484
2021-02-17,2.2476033965284827
2021-02-18,2.2462104607417426
2021-02-19,2.2548517809769444
2021-02-22,2.241999643033794
2021-02-23,2.22624853591856
2021-02-24,2.2347641443765207
2021-02-25,2.2212485983224255
2021-02-26,2.2286994222349006
2021-03-01,2.24211849657277
2021-03-02,2.247386739206925
2021-03-03,2.231736932341133
2021-03-04,2.2018729381226674
2021-03-05,2.2057075812461595
2021-03-08,2.2249313075728887
2021-03-09,2.2413856284667912
2021-03-10,2.25532469330754
2021-03-11,2.2643440379560977
2021-03-12,2.2746795188497098
2021-03-15,2.279700289198851
2021-03-16,2.276106271822692
2021-03-17,2.2735030034339085
2021-03-18,2.2626106380673763
2021-03-19,2.2436537904596516
2021-03-22,2.2409369304980413
2021-03-23,2.2275878062418197
2021-03-24,2.2079228112054334
2021-03-25,2.215244513818683
2021-03-26,2.2321023469246013
2021-03-29,2.234865906790324
2021-03-30,2.2406547686602423
2021-03-31,2.2366002981645567
2021-04-01,2.2495927281049997
2021-04-05,2.2579301574344175
2021-04-06,2.273942461590273
2021-04-07,2.263795203680465
2021-04-08,2.272902344872306
2021-04-09,2.2791131329240217
2021-04-12,2.2690991053084777
2021-04-13,2.263031150393469
2021-04-14,2.2644464231363237
2021-04-15,2.2536308615938987
2021-04-16,2.265863268208681
2021-04-19,2.2509375275936554
2021-04-20,2.2233356875446013
2021-04-21,2.251543523484796
2021-04-22,2.252519990011073
2021-04-23,2.27211825771203
2021-04-26,2.2850581442785405
2021-04-27,2.28389241791849
2021-04-28,2.2851431417230454
2021-04-29,2.285414112179776
2021-04-30,2.286319576814589
2021-05-03,2.287591765224699
2021-05-04,2.27999664413724
2021-05-05,2.2791976572002692
2021-05-06,2.277572666764941
2021-05-07,2.290115569801775
2021-05-10,2.281796763063568
2021-05-11,2.268645295099546
2021-05-12,2.2281723172256376
2021-05-13,2.2204758182339512
2021-05-14,2.256618770854644
2021-05-17,2.267947738728296
2021-05-18,2.2709468755871933
2021-05-19,2.2624172463359074
2021-05-20,2.2679022248633967
2021-05-21,2.280164894896723
2021-05-24,2.2924701110614785
2021-05-25,2.285466759602544
2021-05-26,2.2981160460917875
2021-05-27,2.3058927446356825
2021-05-28,2.3083264445910414
2021-06-01,2.332743113359568
2021-06-02,2.31911302109272
2021-06-03,2.3176128523319
2021-06-04,2.319172472221363
2021-06-07,2.3318364455785505
2021-06-08,2.337105671720611
2021-06-09,2.339776152959339
2021-06-10,2.3353463308790907
2021-06-11,2.3543150945163145
2021-06-14,2.3508663567416357
2021-06-15,2.3378627698918195
2021-06-16,2.348027258838397
2021-06-17,2.3301424161500317
2021-06-18,2.304813276782279
2021-06-21,2.3172813449686
2021-06-22,2.3275650436261346
2021-06-23,2.337376755892328
2021-06-24,2.34331364958446
2021-06-25,2.3478571983492973
2021-06-28,2.3517375520496215
2021-06-29,2.3514462781989485
2021-06-30,2.35743224001614
2021-07-01,2.357680409587581
2021-07-02,2.3601633607409624
2021-07-06,2.3710483429448725
2021-07-07,2.3710988457101916
2021-07-08,2.358572185335549
2021-07-09,2.375120765704703
2021-07-12,2.381837761469979
2021-07-13,2.3765836030986662
2021-07-14,2.3689809278963665
2021-07-15,2.376441465293643
2021-07-16,2.3555802323417585
2021-07-19,2.334617463419158
2021-07-20,2.346624775986977
2021-07-21,2.3622699527044984
2021-07-22,2.3586576779346613
2021-07-23,2.3686094247480436
2021-07-26,2.382901738363438
2021-07-27,2.3728360957935557
2021-07-28,2.3764572687646934
2021-07-29,2.383696135818669
2021-07-30,2.3851832620877813
2021-08-02,2.374185947259452
2021-08-03,2.377710277117008
2021-08-04,2.371833223828428
2021-08-05,2.381504971039749
2021-08-06,2.399029717022185
2021-08-09,2.3890704567912975
2021-08-10,2.4020295585123597
2021-08-11,2.407668044530171
2021-08-12,2.4048042391799367
2021-08-13,2.3983601333496325
2021-08-16,2.392476389600957
2021-08-17,2.3830558155253
2021-08-18,2.368355999608621
2021-08-19,2.3596928163795843
2021-08-20,2.357989866662664
2021-08-23,2.3716108485807914
2021-08-24,2.3820366111867677
2021-08-25,2.3878175464162923
2021-08-26,2.3857168463724623
2021-08-27,2.3945212762934927
2021-08-30,2.3899650987746366
2021-08-31,2.386475094770409
2021-09-01,2.3832348621209793
2021-09-02,2.392975043936544
2021-09-03,2.402519103944101
2021-09-07,2.3937116115387167
2021-09-08,2.392726511054213
2021-09-09,2.3888388776790137
2021-09-10,2.380619018081651
2021-09-13,2.3748574226745456
2021-09-14,2.367758401231076
2021-09-15,2.375486251835662
2021-09-16,2.3806561489191567
2021-09-17,2.383161104577434
2021-09-20,2.3605806605611086
2021-09-21,2.3525515360159632
2021-09-22,2.36158713695127
2021-09-23,2.3791057310332744
2021-09-24,2.383076218502512
2021-09-27,2.385296924285414
2021-09-28,2.3701240045461254
2021-09-29,2.3710291396007435
2021-09-30,2.3516670441607155
2021-10-01,2.3637053636162504
2021-10-04,2.3705487725586183
2021-10-05,2.373800227397461
2021-10-06,2.3691891976656465
2021-10-07,2.384050539147153
2021-10-08,2.376771476652168
2021-10-11,2.359387670709923
2021-10-12,2.3474028975842236
2021-10-13,2.3372649674753316
2021-10-14,2.344814679870798
2021-10-15,2.3468412560494007
2021-10-18,2.3587544660571336
2021-10-19,2.358832152616193
2021-10-20,2.3723212741551647
2021-10-21,2.3765455506400865
2021-10-22,2.3782827173366567
2021-10-25,2.387523131410394
2021-10-26,2.387293829074802
2021-10-27,2.380649397484228
2021-10-28,2.3803273794176274
2021-10-29,2.3861177749279525
2021-11-01,2.398356276890121
2021-11-02,2.3999416430294436
2021-11-03,2.4039031034743608
2021-11-04,2.4131197420537753
2021-11-05,2.4373680299585905
2021-11-08,2.4445148800787786
2021-11-09,2.443299903129755
2021-11-10,2.4388900990716333
2021-11-11,2.4280434416391024
2021-11-12,2.4297635602703367
2021-11-15,2.430200081761922
2021-11-16,2.4245323100924034
2021-11-17,2.424012366449965
2021-11-18,2.426351336973552
2021-11-19,2.4142259675513937
2021-11-22,2.4192656087515676
2021-11-23,2.4184719371356813
2021-11-24,2.4247770168767233
2021-11-26,2.3929195066328006
2021-11-29,2.389084032406573
2021-11-30,2.3840714064377027
2021-12-01,2.362426595678036
2021-12-02,2.3690308865405654
2021-12-03,2.3689081605915248
2021-12-06,2.378862982419239
2021-12-07,2.392676786965919
2021-12-08,2.407706615935797
2021-12-09,2.4033292682097938
2021-12-10,2.4073312076653886
2021-12-13,2.392568749308339
2021-12-14,2.3784269992127216
2021-12-15,2.3850288780799547
2021-12-16,2.3822278442398597
2021-12-17,2.362859790572016
2021-12-20,2.3403921475784877
2021-12-21,2.351866043614596
2021-12-22,2.3677041335661215
2021-12-23,2.3728516540645144
2021-12-27,2.4048012459771653
2021-12-28,2.410768214341824
2021-12-29,2.41619387514907
2021-12-30,2.404520166886635
2021-12-31,2.404725750945797
2022-01-03,2.4002991027403695
2022-01-04,2.413151157645764
2022-01-05,2.413042343399719
2022-01-06,2.431803521022787
2022-01-07,2.4273094496290613
2022-01-10,2.425836346378565
2022-01-11,2.42854953950296
2022-01-12,2.4436940652693826
2022-01-13,2.450469710571911
2022-01-14,2.4465502682325297
2022-01-18,2.446161431893995
2022-01-19,2.4312027261659264
2022-01-20,2.407677373966489
2022-01-21,2.4046907650660785
2022-01-24,2.397410545331487
2022-01-25,2.401871361415904
2022-01-26,2.395760538647127
2022-01-27,2.404839208124785
2022-01-28,2.412008304837619
2022-01-31,2.415156217144186
2022-02-01,2.4286240290973518
2022-02-02,2.454704747971349
2022-02-03,2.431170786886569
2022-02-04,2.4337353344445916
2022-02-07,2.440084348550278
2022-02-08,2.43316565656896
2022-02-09,2.4380222068562674
2022-02-10,2.4506503664981407
2022-02-11,2.445817545196933
2022-02-14,2.437254458148699
2022-02-15,2.4429098992273266
2022-02-16,2.4593349568539926
2022-02-17,2.4543485961379035
2022-02-18,2.4473547601802386
2022-02-22,2.439178895983487
2022-02-23,2.4299141905457424
2022-02-24,2.420165824705275
2022-02-25,2.4369835134418736
2022-02-28,2.4663003162214863
2022-03-01,2.449825221676272
2022-03-02,2.479601069557413
2022-03-03,2.502609715573864
2022-03-04,2.507186279802395
2022-03-07,2.4670113483431066
2022-03-08,2.445640036149119
2022-03-09,2.4517712376879266
2022-03-10,2.481957298221337
2022-03-11,2.4855883306678246
2022-03-14,2.476805264070172
2022-03-15,2.4702373887059865
2022-03-16,2.479706575383722
2022-03-17,2.4777028313546694
2022-03-18,2.459672260830569
2022-03-21,2.4739455850070655
2022-03-22,2.4617306869268734
2022-03-23,2.463241522785519
2022-03-24,2.4689440473382995
2022-03-25,2.4984197913475463
2022-03-28,2.5007152963495622
2022-03-29,2.5043197317110515
2022-03-30,2.5043381944895633
2022-03-31,2.490299976627398
2022-04-01,2.494079670888277
2022-04-04,2.481682694317672
2022-04-05,2.4758437203922012
2022-04-06,2.4620647007450596
2022-04-07,2.4676882220403606
2022-04-08,2.4875408177397413
2022-04-11,2.483794889506157
2022-04-12,2.478350730495743
2022-04-13,2.5052597754897783
2022-04-14,2.5176894561483607
2022-04-18,2.5368939480106016
2022-04-19,2.5588235423424903
2022-04-20,2.575864321921345
2022-04-21,2.563147454890096
2022-04-22,2.5288408216029543
2022-04-25,2.499436345424887
2022-04-26,2.485474828038898
2022-04-27,2.4889494504873384
2022-04-28,2.520091184805399
2022-04-29,2.5079103210827425
2022-05-02,2.4710233714278393
2022-05-03,2.50212669187846
2022-05-04,2.5360439999428683
2022-05-05,2.513651864522007
2022-05-06,2.5025405101348404
2022-05-09,2.4746214998871214
2022-05-10,2.4762326850207113
2022-05-11,2.5023681231436288
2022-05-12,2.471887439502721
2022-05-13,2.4808410426885876
2022-05-16,2.502259585130214
2022-05-17,2.5183217761493064
2022-05-18,2.4918821751976243
2022-05-19,2.4627916076988887
2022-05-20,2.480822928176462
2022-05-23,2.5123965452377237
2022-05-24,2.524646251458574
2022-05-25,2.5278961260753086
2022-05-26,2.560953823120744
2022-05-27,2.5767743490803223
2022-05-31,2.563928730794272
2022-06-01,2.588537874904285
2022-06-02,2.5844589543103065
2022-06-03,2.5799409725330413
2022-06-06,2.5746019885247784
2022-06-07,2.532504605398673
2022-06-08,2.512012491894406
2022-06-09,2.4903098486712834
2022-06-10,2.474236928802013
2022-06-13,2.423935646094857
2022-06-14,2.423029616989197
2022-06-15,2.430419737742662
2022-06-16,2.400925534432293
2022-06-17,2.3894885532203136
2022-06-21,2.3929960601576683
2022-06-22,2.386577879098141
2022-06-23,2.3765226835764857
2022-06-24,2.3906145805443195
2022-06-27,2.3999823592682024
2022-06-28,2.4011104249156197
2022-06-29,2.397016143632131
2022-06-30,2.3936639785198803
2022-07-01,2.392983891087625
2022-07-05,2.38667470241194
2022-07-06,2.3795315924239238
2022-07-07,2.3794133328016027
2022-07-08,2.375113587894862
2022-07-11,2.3759196972467818
2022-07-12,2.367561926733906
2022-07-13,2.364384959024582
2022-07-14,2.3617980422749065
2022-07-15,2.3772569184377894
2022-07-18,2.387594255232089
2022-07-19,2.4106106123144766
2022-07-20,2.4167045866344266
2022-07-21,2.420739527290464
2022-07-22,2.4333412235310634
2022-07-25,2.449723216657021
2022-07-26,2.4647077175209744
2022-07-27,2.489140807122932
2022-07-28,2.5110881106475746
2022-07-29,2.543553751901534
2022-08-01,2.5539759862728117
2022-08-02,2.5357858770542734
2022-08-03,2.5264406654454596
2022-08-04,2.520619945782005
2022-08-05,2.505423757816996
2022-08-08,2.5014598447239913
2022-08-09,2.528959416670311
2022-08-10,2.535400779968914
2022-08-11,2.5599790945392735
2022-08-12,2.5616093292178093
2022-08-15,2.566874710136205
2022-08-16,2.5736119035215412
2022-08-17,2.5806646145853165
2022-08-18,2.6003502409143207
2022-08-19,2.5984507898311473
2022-08-22,2.581577081713999
2022-08-23,2.571631299094466
2022-08-24,2.5624175427633977
2022-08-25,2.5766591528387988
2022-08-26,2.5482235978240784
2022-08-29,2.5227266661635235
2022-08-30,2.5145931857081583
2022-08-31,2.4946363748760643
2022-09-01,2.491264865625861
2022-09-02,2.49324989374941
2022-09-06,2.485115197341499
2022-09-07,2.4899286034788535
2022-09-08,2.4959298194854487
2022-09-09,2.5097239640722897
2022-09-12,2.5140118627207664
2022-09-13,2.4820434626011374
2022-09-14,2.484546019912008
2022-09-15,2.474111230352628
2022-09-16,2.4740651924653
2022-09-19,2.481995860504301
2022-09-20,2.478134167613581
2022-09-21,2.4771826558664207
2022-09-22,2.453874763711865
2022-09-23,2.433199366886536
2022-09-26,2.4213705758024178
2022-09-27,2.4209733539263585
2022-09-28,2.4249027841578616
2022-09-29,2.422269717728404
2022-09-30,2.406714242488356
2022-10-03,2.4155206452683067
2022-10-04,2.428023278392294
2022-10-05,2.4311114121961435
2022-10-06,2.427760488955942
2022-10-07,2.4217895306684865
2022-10-10,2.4216371663832783
2022-10-11,2.4182321394931465
2022-10-12,2.415927335898786
2022-10-13,2.4323508319710028
2022-10-14,2.4325944986210724
2022-10-17,2.438082262044238
2022-10-18,2.447302564060472
2022-10-19,2.4532492857225217
2022-10-20,2.443288028675723
2022-10-21,2.4501933389558164
2022-10-24,2.459197390059099
2022-10-25,2.4653579721610117
2022-10-26,2.4654283198392974
2022-10-27,2.468571541781005
2022-10-28,2.4701453979610757
2022-10-31,2.4833459376901614
2022-11-01,2.4833616132377485
2022-11-02,2.4748130930178105
2022-11-03,2.4669901800150593
2022-11-04,2.473927605122738
2022-11-07,2.488822386614287
2022-11-08,2.4984654810572504
2022-11-09,2.4883279185339164
2022-11-10,2.5121090306657914
2022-11-11,2.50822776284454
2022-11-14,2.5057617805721946
2022-11-15,2.51481056199987
2022-11-16,2.513163880051812
2022-11-17,2.5226711513880926
2022-11-18,2.541776046435264
2022-11-21,2.534159709500386
2022-11-22,2.5564721521680704
2022-11-23,2.557026662203429
2022-11-25,2.5654512251284034
2022-11-28,2.562158621775795
2022-11-29,2.5656460437677833
2022-11-30,2.580046622974347
2022-12-01,2.5833254265965055
2022-12-02,2.5796260966427047
2022-12-05,2.560778888961452
2022-12-06,2.5622684585554714
2022-12-07,2.5646744172436162
2022-12-08,2.556739195501454
2022-12-09,2.5510917530698665
2022-12-12,2.568914142244664
2022-12-13,2.583512519271877
2022-12-14,2.5622054513882744
2022-12-15,2.5462620904261857
2022-12-16,2.545509864173587
2022-12-19,2.550365568677418
2022-12-20,2.5578406565080662
2022-12-21,2.5677292520470947
2022-12-22,2.562151488599622
2022-12-23,2.567304177999416
2022-12-27,2.5485217522610046
2022-12-28,2.552779450599183
2022-12-29,2.5373434585605965
2022-12-30,2.5319805815742362
2023-01-03,2.5026929709843184
2023-01-04,2.486113782460069
2023-01-05,2.4927691796752613
2023-01-06,2.507745925843251
2023-01-09,2.504106066917233
2023-01-10,2.512431439862719
2023-01-11,2.5153465960591266
2023-01-12,2.512675294124908
2023-01-13,2.5100932214828653
2023-01-17,2.5120641593309285
2023-01-18,2.4932026251384483
2023-01-19,2.49243245116912
2023-01-20,2.4992715420749247
2023-01-23,2.4954044285191492
2023-01-24,2.5024324242328193
2023-01-25,2.5057046539688033
2023-01-26,2.509661454212624
2023-01-27,2.4988521470533733
2023-01-30,2.494377114821316
2023-01-31,2.5004103441397767
2023-02-01,2.507442811665835
2023-02-02,2.5065916836304893
2023-02-03,2.5053428508078053
2023-02-06,2.495777944886538
2023-02-07,2.5144996243749382
2023-02-08,2.523764587349822
2023-02-09,2.529878879140939
2023-02-10,2.5408717564207888
2023-02-13,2.554999814443205
2023-02-14,2.561739004107325
2023-02-15,2.548575482265604
2023-02-16,2.556105038767983
2023-02-17,2.5526281200428516
2023-02-21,2.5358286706836983
2023-02-22,2.528702487598284
2023-02-23,2.541051209817414
2023-02-24,2.5481372160803417
2023-02-27,2.5443344571363644
2023-02-28,2.5422763295277364
2023-03-01,2.5558673899892987
2023-03-02,2.5660922056325366
2023-03-03,2.577323719728806
2023-03-06,2.5742625770358503
2023-03-07,2.564180053434219
2023-03-08,2.5752536625004816
2023-03-09,2.55304451119734
2023-03-10,2.549676220328442
2023-03-13,2.567294831638798
2023-03-14,2.5839174566549965
2023-03-15,2.569061582790761
2023-03-16,2.5798396022429815
2023-03-17,2.58049485732898
2023-03-20,2.601763412333585
2023-03-21,2.606346254073973
2023-03-22,2.610698058486721
2023-03-23,2.5839899353422426
2023-03-24,2.6026397084385238
2023-03-27,2.6090178597409803
2023-03-28,2.6169917433350243
2023-03-29,2.626480370594833
2023-03-30,2.633594058112247
2023-03-31,2.630696122065029
2023-04-03,2.633502408306799
2023-04-04,2.629104530220564
2023-04-05,2.6269385025789034
2023-04-06,2.6275094549062468
2023-04-10,2.642465090425084
2023-04-11,2.634689014157088
2023-04-12,2.6416467645588275
2023-04-13,2.650887588818728
2023-04-14,2.642003233162231
2023-04-17,2.6532347020059923
2023-04-18,2.6467603612839574
2023-04-19,2.65995262343399
2023-04-20,2.6695557600707818
2023-04-21,2.6793836074366206
2023-04-24,2.686587778819303
2023-04-25,2.668102237005634
2023-04-26,2.660639042882019
2023-04-27,2.6501435630816714
2023-04-28,2.6830055407256177
2023-05-01,2.7067503287794157
2023-05-02,2.7037739351423737
2023-05-03,2.6873441302259553
2023-05-04,2.658776459134404
2023-05-05,2.674302730980485
2023-05-08,2.657331660866504
2023-05-09,2.6557018038597318
2023-05-10,2.665705235851885
2023-05-11,2.672894170408407
2023-05-12,2.6927649275073966
2023-05-15,2.702779696253876
2023-05-16,2.7007879301923112
2023-05-17,2.7156626731929294
2023-05-18,2.719495208769088
2023-05-19,2.7194719555639173
2023-05-22,2.700405476022567
2023-05-23,2.688081890936177
2023-05-24,2.6814161429678482
2023-05-25,2.674289022355543
2023-05-26,2.6899734496077277
2023-05-30,2.682654782790245
2023-05-31,2.678412563701565
2023-06-01,2.696509784884711
2023-06-02,2.725249893327277
2023-06-05,2.7303729952493283
2023-06-06,2.7245552406455813
2023-06-07,2.74211165853088
2023-06-08,2.738400155555839
2023-06-09,2.720486459730389
2023-06-12,2.7350325298093425
2023-06-13,2.751213545512461
2023-06-14,2.751832751195118
2023-06-15,2.7581441590474323
2023-06-16,2.7849969026179853
2023-06-20,2.775223893721128
2023-06-21,2.776010115422827
2023-06-22,2.750391815980985
2023-06-23,2.714878635784079
2023-06-26,2.7319180248053265
2023-06-27,2.7336356511716846
2023-06-28,2.744270074486772
2023-06-29,2.7464592328008495
2023-06-30,2.741576453314862
2023-07-03,2.745556046023888
2023-07-05,2.747115875043897
2023-07-06,2.750826958730573
2023-07-07,2.742485334737315
2023-07-10,2.756198497616835
2023-07-11,2.757307868989772
2023-07-12,2.7626016835909484
2023-07-13,2.7464317970342433
2023-07-14,2.7624739427070204
2023-07-17,2.760771182743622
2023-07-18,2.7603645750917813
2023-07-19,2.7565605469523478
2023-07-20,2.7748937146408195
2023-07-21,2.7589869874047164
2023-07-24,2.761002752245763
2023-07-25,2.7736245185968804
2023-07-26,2.7641582481887936
2023-07-27,2.7640067709580243
2023-07-28,2.761251745744014
2023-07-31,2.773680806862014
2023-08-01,2.7323231296061476
2023-08-02,2.7386481984404836
2023-08-03,2.7091772815906285
2023-08-04,2.711255231931785
2023-08-07,2.7316385421796343
2023-08-08,2.736180802405379
2023-08-09,2.7282027686506423
2023-08-10,2.732900667516029
2023-08-11,2.7277469040985074
2023-08-14,2.7236799371937486
2023-08-15,2.7260989815630188
2023-08-16,2.7268531936251943
2023-08-17,2.719968868095348
2023-08-18,2.724451878804659
2023-08-21,2.735256670004065
2023-08-22,2.7370801223212995
2023-08-23,2.75485056245988
2023-08-24,2.7524060834769086
2023-08-25,2.740772274816449
2023-08-28,2.742743037765809
2023-08-29,2.755526785640442
2023-08-30,2.7704517479793025
2023-08-31,2.7610972933502014
2023-09-01,2.7651911720935547
2023-09-05,2.7458118512279532
2023-09-06,2.743415123270597
2023-09-07,2.7412983143116096
2023-09-08,2.738072877714499
2023-09-11,2.762056883966945
2023-09-12,2.772492072578647
2023-09-13,2.76240579922748
2023-09-14,2.7718192811584235
2023-09-15,2.7714935160761467
2023-09-18,2.7758359887665343
2023-09-19,2.778113669250644
2023-09-20,2.776037601948626
2023-09-21,2.7772223241054212
2023-09-22,2.7726374217165204
2023-09-25,2.7810272422424465
2023-09-26,2.7620043765774076
2023-09-27,2.7663938939888784
2023-09-28,2.7665424061925745
2023-09-29,2.7407241543051413
2023-10-02,2.7333759151083203
2023-10-03,2.7269871864278032
2023-10-04,2.725983127550533
2023-10-05,2.7441967476003906
2023-10-06,2.7496506863468024
2023-10-09,2.7728287500044786
2023-10-10,2.761972665102681
2023-10-11,2.7781517576704435
2023-10-12,2.7709665060806348
2023-10-13,2.7547456802189747
2023-10-16,2.760649202743166
2023-10-17,2.7850953003904584
2023-10-18,2.7761517126561173
2023-10-19,2.7708898358054785
2023-10-20,2.7576269367626636
2023-10-23,2.775658493679539
2023-10-24,2.7817093194774767
2023-10-25,2.7824076649594978
2023-10-26,2.76949436932883
2023-10-27,2.755876952692985
2023-10-30,2.7694969381809362
2023-10-31,2.777711724922496
2023-11-01,2.7750064207797656
2023-11-02,2.791116969982222
2023-11-03,2.7910449954669283
2023-11-06,2.7942981128620157
2023-11-07,2.7985756250497253
2023-11-08,2.807741865950561
2023-11-09,2.8416692287606313
2023-11-10,2.8607654776587212
2023-11-13,2.8559933940731925
2023-11-14,2.867572300619946
2023-11-15,2.8756047063505745
2023-11-16,2.8663033216108733
2023-11-17,2.8709513624851186
2023-11-20,2.887563936523375
2023-11-21,2.9084779693312113
2023-11-22,2.925308827315233
2023-11-24,2.945230579168375
2023-11-27,2.9410707872889006
2023-11-28,2.934554825715557
2023-11-29,2.92309794785135
2023-11-30,2.9383153129504764
2023-12-01,2.93360462866361
2023-12-04,2.9468665048002722
2023-12-05,2.9456053385278484
2023-12-06,2.934993982935792
2023-12-07,2.948958308179718
2023-12-08,2.964850739551503
2023-12-11,2.976793262576061
2023-12-12,3.007324781558587
2023-12-13,3.014884021668669
2023-12-14,3.0070664592147347
2023-12-15,3.0232638985823437
2023-12-18,3.0563344689166323
2023-12-19,3.084011105563044
2023-12-20,3.0893867108090296
2023-12-21,3.085358449371885
2023-12-22,3.115514324460439
2023-12-26,3.1332455909626136
2023-12-27,3.1346967950150204
2023-12-28,3.1293381893176364
2023-12-29,3.114536596226305
2024-01-02,3.0976255705597318
2024-01-03,3.0827644466224586
2024-01-04,3.0742026159901155
2024-01-05,3.069453470240128
2024-01-08,3.0715264890970815
2024-01-09,3.069490288198
2024-01-10,3.067970524729781
2024-01-11,3.074554214155661
2024-01-12,3.0853099935291257
2024-01-16,3.0908630690309984
2024-01-17,3.0869405886404833
2024-01-18,3.0838927317327824
2024-01-19,3.1055007680624485
2024-01-22,3.116247552906331
2024-01-23,3.115109583879901
2024-01-24,3.1026937078895527
2024-01-25,3.10256105567031
2024-01-26,3.105635966360179
2024-01-29,3.1043138950701934
2024-01-30,3.105772140703236
2024-01-31,3.068760089716102
2024-02-01,3.080415329706752
2024-02-02,3.080220646314417
2024-02-05,3.0692388561896973
2024-02-06,3.0475621297519577
2024-02-07,3.0319707456937355
2024-02-08,3.0308022835238435
2024-02-09,3.046521214146301
2024-02-12,3.0231734257749374
2024-02-13,2.989968268817683
2024-02-14,3.011445086416786
2024-02-15,3.0204832976386475
2024-02-16,3.0209523748577256
2024-02-20,3.0077449811877295
2024-02-21,2.99001144159248
2024-02-22,2.988981180955272
2024-02-23,3.004788345650019
2024-02-26,2.995523838111639
2024-02-27,2.97141647555768
2024-02-28,2.962873803160259
2024-02-29,2.9733737740707107
2024-03-01,2.972042200896733
2024-03-04,2.972200925241501
2024-03-05,2.961891753567941
2024-03-06,2.974925859885659
2024-03-07,2.969461358705635
2024-03-08,2.9815738915728867
2024-03-11,2.978188404948348
2024-03-12,2.9951404054311506
2024-03-13,3.0059286252413595
2024-03-14,2.9955967447443648
2024-03-15,2.998686119433321
2024-03-18,2.997342905753234
2024-03-19,3.0220554532838344
2024-03-20,3.0431945866493018
2024-03-21,3.0457826041710625
2024-03-22,3.0468051905680884
2024-03-25,3.058213259782817
2024-03-26,3.0542120130619974
2024-03-27,3.0465738094379358
2024-03-28,3.0446147302824405
2024-04-01,3.0491729972457904
2024-04-02,3.0439825248336367
2024-04-03,3.0475145976469094
2024-04-04,3.03563086527656
2024-04-05,3.0294934968837417
2024-04-08,3.025110714665555
2024-04-09,3.018768175717588
2024-04-10,3.0301911462162368
2024-04-11,3.0489730569352593
2024-04-12,3.0594653754461074
2024-04-15,3.0433490168568427
2024-04-16,3.0353971151385153
2024-04-17,3.0263419709359507
2024-04-18,3.0160059201145977
2024-04-19,3.001870676843115
2024-04-22,2.996456494112051
2024-04-23,3.0227212529557725
2024-04-24,3.034038020355913
2024-04-25,3.0277612192775374
2024-04-26,3.0187986828280344
2024-04-29,3.011930001295431
2024-04-30,3.0230120157878417
2024-05-01,3.0048795836714275
2024-05-02,2.9990191522264436
2024-05-03,2.9904881941715815
2024-05-06,3.022517504901217
2024-05-07,3.0077356911274737
2024-05-08,2.9940833403364415
2024-05-09,2.999580455734354
2024-05-10,3.003066175517668
2024-05-13,2.9857245558365433
2024-05-14,2.97056374612664
2024-05-15,3.0089514297795805
2024-05-16,3.008154013501527
2024-05-17,3.0052386368443815
2024-05-20,3.006654239141477
2024-05-21,3.0168418874298846
2024-05-22,2.999004859075196
2024-05-23,3.0106882305821174
2024-05-24,3.0135507573201696
2024-05-28,3.0155195717464336
2024-05-29,3.0142813660279524
2024-05-30,3.005803793420506
2024-05-31,3.0225985779076003
2024-06-03,3.049534339356165
2024-06-04,3.0556355876505723
2024-06-05,3.0459373033744566
2024-06-06,3.057178568105189
2024-06-07,3.0721407022015326
2024-06-10,3.079624752365521
2024-06-11,3.0938222946527802
2024-06-12,3.151825767522973
2024-06-13,3.1297048303206516
2024-06-14,3.1246551002002096
2024-06-17,3.1135242272655974
2024-06-18,3.1119275424998647
2024-06-20,3.1354777581483244
2024-06-21,3.120430966120721
2024-06-24,3.106408407389659
2024-06-25,3.1357627870135225
2024-06-26,3.14332027762663
2024-06-27,3.1400694951937616
2024-06-28,3.144463894607514
2024-07-01,3.1518980201966915
2024-07-02,3.1607590630405786
2024-07-03,3.1600138004439695
2024-07-05,3.1682803685849077
2024-07-08,3.1594954636161887
2024-07-09,3.149667930577512
2024-07-10,3.1680298043649895
2024-07-11,3.1642827369597963
2024-07-12,3.1682440726400354
2024-07-15,3.1870468627142357
2024-07-16,3.2003372157304852
2024-07-17,3.205780958773709
2024-07-18,3.207963129095501
2024-07-19,3.201767662723237
2024-07-22,3.2138159400445865
2024-07-23,3.217323341215895
2024-07-24,3.202980039158735
2024-07-25,3.1985521320820194
2024-07-26,3.2000608728388915
2024-07-29,3.2006875444549667
2024-07-30,3.2039170796711365
2024-07-31,3.2131174877113606
2024-08-01,3.209701327754012
2024-08-02,3.1983673523930642
2024-08-05,3.1628172915254957
2024-08-06,3.1235179844138563
2024-08-07,3.1275032624327888
2024-08-08,3.146587973296871
2024-08-09,3.167793261938346
2024-08-12,3.1513078115700686
2024-08-13,3.165379765856634
2024-08-14,3.193374828845989
2024-08-15,3.215122447148742
2024-08-16,3.229235045783938
2024-08-19,3.2284251325346416
2024-08-20,3.238455501613862
2024-08-21,3.2380919581743166
2024-08-22,3.241271247176371
2024-08-23,3.253151158308693
2024-08-26,3.2644709786425583
2024-08-27,3.2575912900488535
2024-08-28,3.2566380917585596
2024-08-29,3.265121063816492
2024-08-30,3.2792016473254604
2024-09-03,3.268660955238572
2024-09-04,3.2464808884205514
2024-09-05,3.236026522603318
2024-09-06,3.2064715488105415
2024-09-09,3.215443637499204
2024-09-10,3.2147088362296756
2024-09-11,3.236147841918
2024-09-12,3.271018920790394
2024-09-13,3.2957228966700614
2024-09-16,3.2952089252281858
2024-09-17,3.2845890244519578
2024-09-18,3.2654870879947007
2024-09-19,3.285190590257555
2024-09-20,3.2971709217128247
2024-09-23,3.307397890251881
2024-09-24,3.3051809414744735
2024-09-25,3.3071152428168786
2024-09-26,3.3000476190020196
2024-09-27,3.300720321886666
2024-09-30,3.3052493736747817
2024-10-01,3.3051939080136217
2024-10-02,3.306969640994998
2024-10-03,3.314420180702583
2024-10-04,3.340437252640452
2024-10-07,3.315818435588807
2024-10-08,3.3045708794138946
2024-10-09,3.32097551987789
2024-10-10,3.3047243903443166
2024-10-11,3.316640599573195
2024-10-14,3.3349546124541494
2024-10-15,3.3474370510413065
2024-10-16,3.421265407430625
2024-10-17,3.4254987941656987
2024-10-18,3.4386538812050356
2024-10-21,3.382111761659079
2024-10-22,3.368588565990028
2024-10-23,3.3343815180710106
2024-10-24,3.345850415102702
2024-10-25,3.3303304549503983
2024-10-28,3.3359161232257213
2024-10-29,3.3448918437515838
2024-10-30,3.3554727641020685
2024-10-31,3.3335035473987324
2024-11-01,3.3187862178003185
2024-11-04,3.3326626033736173
2024-11-05,3.3463139509071804
2024-11-06,3.4542968800461322
2024-11-07,3.4789579946858016
2024-11-08,3.489018705307405
2024-11-11,3.5055582602768953
2024-11-12,3.503716841817262
2024-11-13,3.531803307369409
2024-11-14,3.5263059524519127
2024-11-15,3.5284088894877272
2024-11-18,3.5179106368611217
2024-11-19,3.5465190180324244
2024-11-20,3.5495150073387114
2024-11-21,3.547205609379504
2024-11-22,3.5407998533883758
2024-11-25,3.5272189372705105
2024-11-26,3.5311292585036718
2024-11-27,3.5497627646510894
2024-11-29,3.5366505557662036
2024-12-02,3.5507394489152224
2024-12-03,3.5431261747156757
2024-12-04,3.5160292569345293
2024-12-05,3.5263536096425563
2024-12-06,3.5091433088437243
2024-12-09,3.506110696005656
2024-12-10,3.5298525109125123
2024-12-11,3.5431360915117875
2024-12-12,3.543078595167229
2024-12-13,3.5927358666047327
2024-12-16,3.616357157209711
2024-12-17,3.5437225115786575
2024-12-18,3.5105617669800315
2024-12-19,3.5199130670878707
2024-12-20,3.555721491475934
2024-12-23,3.5789109078864394
2024-12-24,3.5852149077008573
2024-12-26,3.603592448356384
2024-12-27,3.58816729031044
2024-12-30,3.5534714847569986
2024-12-31,3.5673352035772448
