date,net_beta_dollar
2010-09-30,0.0
2010-10-01,0.0
2010-10-04,0.0
2010-10-05,0.0
2010-10-06,0.0
2010-10-07,0.0
2010-10-08,0.0
2010-10-11,0.0
2010-10-12,0.0
2010-10-13,0.0
2010-10-14,0.0
2010-10-15,0.0
2010-10-18,0.0
2010-10-19,0.0
2010-10-20,0.0
2010-10-21,0.0
2010-10-22,0.0
2010-10-25,0.0
2010-10-26,0.0
2010-10-27,0.0
2010-10-28,0.0
2010-10-29,0.0
2010-11-01,0.0
2010-11-02,0.0
2010-11-03,0.0
2010-11-04,0.0
2010-11-05,0.0
2010-11-08,0.0
2010-11-09,0.0
2010-11-10,0.0
2010-11-11,0.0
2010-11-12,0.0
2010-11-15,0.0
2010-11-16,0.0
2010-11-17,0.0
2010-11-18,0.0
2010-11-19,0.0
2010-11-22,0.0
2010-11-23,0.0
2010-11-24,0.0
2010-11-26,0.0
2010-11-29,0.0
2010-11-30,0.0
2010-12-01,0.0
2010-12-02,0.0
2010-12-03,0.0
2010-12-06,0.0
2010-12-07,0.0
2010-12-08,0.0
2010-12-09,0.0
2010-12-10,0.0
2010-12-13,0.0
2010-12-14,0.0
2010-12-15,0.0
2010-12-16,0.0
2010-12-17,0.0
2010-12-20,0.0
2010-12-21,0.0
2010-12-22,0.0
2010-12-23,0.0
2010-12-27,0.0
2010-12-28,0.0
2010-12-29,0.0
2010-12-30,0.0
2010-12-31,0.0
2011-01-03,0.0
2011-01-04,0.0
2011-01-05,0.0
2011-01-06,0.0
2011-01-07,0.0
2011-01-10,0.0
2011-01-11,0.0
2011-01-12,0.0
2011-01-13,0.0
2011-01-14,0.0
2011-01-18,0.0
2011-01-19,0.0
2011-01-20,0.0
2011-01-21,0.0
2011-01-24,0.0
2011-01-25,0.0
2011-01-26,0.0
2011-01-27,0.0
2011-01-28,0.0
2011-01-31,0.0
2011-02-01,0.0
2011-02-02,0.0
2011-02-03,0.0
2011-02-04,0.0
2011-02-07,0.0
2011-02-08,0.0
2011-02-09,0.0
2011-02-10,0.0
2011-02-11,0.0
2011-02-14,0.0
2011-02-15,0.0
2011-02-16,0.0
2011-02-17,0.0
2011-02-18,0.0
2011-02-22,0.0
2011-02-23,0.0
2011-02-24,0.0
2011-02-25,0.0
2011-02-28,0.0
2011-03-01,0.0
2011-03-02,0.0
2011-03-03,0.0
2011-03-04,0.0
2011-03-07,0.0
2011-03-08,0.0
2011-03-09,0.0
2011-03-10,0.0
2011-03-11,0.0
2011-03-14,0.0
2011-03-15,0.0
2011-03-16,0.0
2011-03-17,0.0
2011-03-18,0.0
2011-03-21,0.0
2011-03-22,0.0
2011-03-23,0.0
2011-03-24,0.0
2011-03-25,0.0
2011-03-28,0.0
2011-03-29,0.0
2011-03-30,0.0
2011-03-31,41639.58739664451
2011-04-01,41581.793996780965
2011-04-04,39457.298763371844
2011-04-05,41318.28284505299
2011-04-06,37482.296228260006
2011-04-07,37321.25626252452
2011-04-08,36030.206058853786
2011-04-11,37146.47875840613
2011-04-12,34306.47625195698
2011-04-13,34575.643501794024
2011-04-14,35836.07904466656
2011-04-15,33063.397681733855
2011-04-18,32575.74950397898
2011-04-19,31936.202347886152
2011-04-20,26768.051333036332
2011-04-21,23966.85880186774
2011-04-25,23263.340990680008
2011-04-26,22141.760081537475
2011-04-27,21103.40335227792
2011-04-28,21530.87372813704
2011-04-29,21835.423048159966
2011-05-02,22652.92163154154
2011-05-03,22751.840549160683
2011-05-04,20996.435773304474
2011-05-05,22750.61560345677
2011-05-06,21960.513042602397
2011-05-09,22410.248170853127
2011-05-10,22931.12069864635
2011-05-11,23986.837110579014
2011-05-12,23298.854224420254
2011-05-13,20332.80177202847
2011-05-16,19688.457265964564
2011-05-17,22777.24082548704
2011-05-18,22479.51942395589
2011-05-19,25292.41449237973
2011-05-20,24455.978910225036
2011-05-23,25137.915373539872
2011-05-24,23956.892115735507
2011-05-25,24560.682121771722
2011-05-26,26825.321256904674
2011-05-27,29083.80839196447
2011-05-31,27389.78531190107
2011-06-01,31389.73642517357
2011-06-02,32142.9378202746
2011-06-03,27186.464417661715
2011-06-06,31577.98268021278
2011-06-07,32151.2825990375
2011-06-08,31319.996758358408
2011-06-09,32205.15297104974
2011-06-10,32605.33281131358
2011-06-13,29288.10784768466
2011-06-14,31236.792453473652
2011-06-15,31038.945458492963
2011-06-16,30372.845275777552
2011-06-17,29006.03182663399
2011-06-20,29408.06114467488
2011-06-21,30589.78077954531
2011-06-22,29651.639618818328
2011-06-23,30300.910853840396
2011-06-24,29031.40482357476
2011-06-27,30893.73603299253
2011-06-28,31430.442729419898
2011-06-29,31679.273845908072
2011-06-30,8679.559293760132
2011-07-01,6678.13496616231
2011-07-05,6169.233990813344
2011-07-06,6679.986891982073
2011-07-07,5575.740727614961
2011-07-08,3004.5860683381034
2011-07-11,2496.403587677909
2011-07-12,4912.018796020115
2011-07-13,4944.972744899147
2011-07-14,5495.3843235239765
2011-07-15,7937.821562274359
2011-07-18,7623.4628892685
2011-07-19,7558.631943518412
2011-07-20,10821.072440959455
2011-07-21,10506.289362120777
2011-07-22,10806.50751222411
2011-07-25,10087.29370618421
2011-07-26,9509.099690364412
2011-07-27,8432.092597078954
2011-07-28,8623.825631348009
2011-07-29,14549.340132665457
2011-08-01,11315.814937949326
2011-08-02,7098.232208365327
2011-08-03,11596.761935878778
2011-08-04,5240.427695761522
2011-08-05,7656.640942253391
2011-08-08,5228.123666939282
2011-08-09,4358.346224647976
2011-08-10,10779.895786069843
2011-08-11,14670.27561534429
2011-08-12,14370.201054031728
2011-08-15,16855.31435734495
2011-08-16,19244.79546081522
2011-08-17,21761.615778500403
2011-08-18,18563.55763589297
2011-08-19,24262.99947433555
2011-08-22,20828.350956949245
2011-08-23,22384.156155422606
2011-08-24,22246.91633646359
2011-08-25,20837.775993782503
2011-08-26,20557.498749539547
2011-08-29,21672.57777031776
2011-08-30,23722.06566589723
2011-08-31,23678.793455302468
2011-09-01,23445.98757391567
2011-09-02,22005.14097932518
2011-09-06,19518.286157844093
2011-09-07,22165.410665467236
2011-09-08,23786.302708622723
2011-09-09,24228.45213847961
2011-09-12,23025.499591774133
2011-09-13,26289.120089588978
2011-09-14,27199.54745748271
2011-09-15,26812.14993383389
2011-09-16,26569.608558214997
2011-09-19,25266.907336059565
2011-09-20,24458.53915760925
2011-09-21,23311.268338613983
2011-09-22,17816.033349159246
2011-09-23,20076.21246825125
2011-09-26,20385.94819618424
2011-09-27,21984.409545241637
2011-09-28,20455.77766087232
2011-09-29,18016.766623898686
2011-09-30,-14061.788720197364
2011-10-03,-15043.295164469833
2011-10-04,-15354.76768006038
2011-10-05,-16679.797463174284
2011-10-06,-18013.895815759955
2011-10-07,-17347.53351887224
2011-10-10,-17725.39415816046
2011-10-11,-17160.023113740725
2011-10-12,-12951.931690595651
2011-10-13,-12122.664105365955
2011-10-14,-10815.365925536433
2011-10-17,-8403.06974759842
2011-10-18,-7985.420810969532
2011-10-19,-8497.151818038008
2011-10-20,-8887.558132742924
2011-10-21,-7576.291578287506
2011-10-24,-8524.234622606338
2011-10-25,-9590.043527385293
2011-10-26,-8160.840547036874
2011-10-27,-7705.299256726867
2011-10-28,-11489.48252650656
2011-10-31,-14128.96700175284
2011-11-01,-9947.314430958766
2011-11-02,-11763.624286384875
2011-11-03,-12489.687369830732
2011-11-04,-12286.16488443443
2011-11-07,-12737.997391459357
2011-11-08,-11826.056081834337
2011-11-09,-11823.142481671093
2011-11-10,-8846.383156021126
2011-11-11,-7850.01066189757
2011-11-14,-7780.253130115452
2011-11-15,-8331.996470654034
2011-11-16,-8807.7000701988
2011-11-17,-9502.80996429312
2011-11-18,-10183.623709516512
2011-11-21,-11046.728302028787
2011-11-22,-12669.487446354717
2011-11-23,-12579.820662131475
2011-11-25,-13659.751133841855
2011-11-28,-13250.316737959089
2011-11-29,-15092.44985309105
2011-11-30,-13593.55030336164
2011-12-01,-7298.705863851588
2011-12-02,-5282.100865095417
2011-12-05,-4313.103187022993
2011-12-06,-2405.8751932722225
2011-12-07,-1475.61267848665
2011-12-08,-3745.6818292624084
2011-12-09,-1840.124460049381
2011-12-12,-4369.137406123424
2011-12-13,-7620.32439464613
2011-12-14,-10144.103435205383
2011-12-15,-10000.955861831695
2011-12-16,-10038.62888473508
2011-12-19,-9068.390632477269
2011-12-20,-7081.351894448948
2011-12-21,-4473.172109205421
2011-12-22,-3561.388946650928
2011-12-23,-2992.4814301461447
2011-12-27,-3034.7931902925193
2011-12-28,-3425.2796236276918
2011-12-29,-2014.392174858047
2011-12-30,5106.103034993401
2012-01-03,7683.148950881194
2012-01-04,6266.774465554845
2012-01-05,5039.972876805405
2012-01-06,4596.879730257686
2012-01-09,5092.662200530045
2012-01-10,6722.457155676791
2012-01-11,5017.002444544312
2012-01-12,4554.402663354413
2012-01-13,4842.292005591866
2012-01-17,6244.583281671294
2012-01-18,6492.599329468532
2012-01-19,4398.435275102471
2012-01-20,5092.449985840722
2012-01-23,5656.014630122518
2012-01-24,4978.045403597236
2012-01-25,3551.2011979628296
2012-01-26,1882.639451132185
2012-01-27,966.9035664804105
2012-01-30,423.1719644286495
2012-01-31,753.5173175148084
2012-02-01,-1207.366675226891
2012-02-02,-3288.9507850360533
2012-02-03,-1717.6780905924388
2012-02-06,-2125.627395303105
2012-02-07,-1255.59689674119
2012-02-08,1078.1689131360035
2012-02-09,2482.751643343072
2012-02-10,3643.74035470988
2012-02-13,5115.239140308055
2012-02-14,7496.250888991839
2012-02-15,7351.147369974293
2012-02-16,9285.67905761089
2012-02-17,11282.66360951087
2012-02-21,10736.113014108269
2012-02-22,10753.5586867948
2012-02-23,9694.908787452703
2012-02-24,10156.514140037412
2012-02-27,10479.61688336733
2012-02-28,11519.152089292067
2012-02-29,10964.84023547513
2012-03-01,11299.943349336827
2012-03-02,9672.968667620502
2012-03-05,10713.211056493456
2012-03-06,10847.51792222567
2012-03-07,13568.372217211057
2012-03-08,12913.17541278548
2012-03-09,13732.51664441578
2012-03-12,11489.599959682222
2012-03-13,14724.426468375343
2012-03-14,15161.912069608428
2012-03-15,15491.099678858795
2012-03-16,15733.1888305576
2012-03-19,16572.253224176005
2012-03-20,15051.05963635692
2012-03-21,13949.227006471978
2012-03-22,12232.84824997629
2012-03-23,15417.080749079381
2012-03-26,13155.436890770012
2012-03-27,11822.756887726166
2012-03-28,10080.444869436353
2012-03-29,10024.06827384376
2012-03-30,-71679.23723074968
2012-04-02,-71622.73591010287
2012-04-03,-72682.71550754482
2012-04-04,-67697.00851876997
2012-04-05,-66665.6956278649
2012-04-09,-64633.945490397964
2012-04-10,-64846.94278774124
2012-04-11,-65778.88579273713
2012-04-12,-64704.134329102104
2012-04-13,-62754.555051066534
2012-04-16,-63015.66733130775
2012-04-17,-64856.102208553086
2012-04-18,-68360.87621928532
2012-04-19,-70883.23746367417
2012-04-20,-70008.40077553586
2012-04-23,-71247.94574471662
2012-04-24,-70057.77663493186
2012-04-25,-70077.52628041888
2012-04-26,-67783.91589218602
2012-04-27,-68344.53332044654
2012-04-30,-72125.28883915278
2012-05-01,-68222.5964976429
2012-05-02,-69437.095646566
2012-05-03,-68902.53922240375
2012-05-04,-65165.13500150984
2012-05-07,-63255.65162585779
2012-05-08,-65227.80158150244
2012-05-09,-66712.1395852178
2012-05-10,-65707.70216137246
2012-05-11,-67224.13767758143
2012-05-14,-72308.35352720445
2012-05-15,-69296.67098333083
2012-05-16,-67398.12755261161
2012-05-17,-66879.6860495306
2012-05-18,-66160.73253393878
2012-05-21,-70243.19622624328
2012-05-22,-71057.5788465465
2012-05-23,-71320.10142987278
2012-05-24,-72659.0511546247
2012-05-25,-72511.38735696104
2012-05-29,-70266.63916866489
2012-05-30,-69399.68213385239
2012-05-31,-63578.959884207725
2012-06-01,-63742.87368334693
2012-06-04,-59615.36755295332
2012-06-05,-61288.94262698386
2012-06-06,-62087.643363313706
2012-06-07,-60049.14326824878
2012-06-08,-60994.68978712795
2012-06-11,-61158.75095361308
2012-06-12,-60388.84546754668
2012-06-13,-60635.65044346337
2012-06-14,-60777.79993158011
2012-06-15,-60150.08146849784
2012-06-18,-62014.52337399444
2012-06-19,-61540.2077945793
2012-06-20,-61890.20307953443
2012-06-21,-57595.78413223488
2012-06-22,-53718.490516858
2012-06-25,-52235.84315676043
2012-06-26,-52822.82524367908
2012-06-27,-54549.890782200295
2012-06-28,-53549.84395803475
2012-06-29,-32081.813474769806
2012-07-02,-32480.26520737489
2012-07-03,-30955.29468444067
2012-07-05,-28604.410799930105
2012-07-06,-28323.8412102141
2012-07-09,-30778.284389496155
2012-07-10,-35312.80889431272
2012-07-11,-31860.41322454573
2012-07-12,-32780.56527605915
2012-07-13,-34116.05733429664
2012-07-16,-35478.22296000425
2012-07-17,-35268.20552926441
2012-07-18,-36159.74055579663
2012-07-19,-36071.65025580647
2012-07-20,-34455.07311802717
2012-07-23,-31374.48480782169
2012-07-24,-32879.85621055601
2012-07-25,-31780.203896101375
2012-07-26,-32357.837805735835
2012-07-27,-32428.23326319178
2012-07-30,-31509.85064527912
2012-07-31,-31753.70187348772
2012-08-01,-30205.319661604648
2012-08-02,-30685.301246710776
2012-08-03,-29528.95972632947
2012-08-06,-27676.85269430501
2012-08-07,-25826.536500648348
2012-08-08,-25524.319843677513
2012-08-09,-25757.870105840397
2012-08-10,-25616.670629995002
2012-08-13,-25958.434629669748
2012-08-14,-25454.18378801488
2012-08-15,-25359.963577081377
2012-08-16,-26243.40415240574
2012-08-17,-26354.23775046348
2012-08-20,-26561.669740896134
2012-08-21,-26597.53535593087
2012-08-22,-19890.511948055777
2012-08-23,-21605.876547735126
2012-08-24,-20021.254469355626
2012-08-27,-19656.122240967103
2012-08-28,-20059.861113592517
2012-08-29,-20190.86320727608
2012-08-30,-19887.3789861486
2012-08-31,-20422.230614044558
2012-09-04,-21170.527967053742
2012-09-05,-19301.427769077505
2012-09-06,-19777.027605162264
2012-09-07,-19196.356429317122
2012-09-10,-18643.89925874771
2012-09-11,-18127.9113902471
2012-09-12,-18467.154898929322
2012-09-13,-18316.304941067283
2012-09-14,-18648.955871061044
2012-09-17,-19882.25436719344
2012-09-18,-20216.471035716677
2012-09-19,-20057.915122467617
2012-09-20,-19739.299053061884
2012-09-21,-18856.97013065612
2012-09-24,-18792.518162195396
2012-09-25,-18741.44869396722
2012-09-26,-18466.68240539977
2012-09-27,-17903.846001307626
2012-09-28,-38311.79592220852
2012-10-01,-39086.76374048974
2012-10-02,-38883.19829586697
2012-10-03,-38996.53720980392
2012-10-04,-38802.58288638307
2012-10-05,-39762.02536593692
2012-10-08,-38538.384243908906
2012-10-09,-38691.17315223678
2012-10-10,-39574.069676868705
2012-10-11,-39624.04756974093
2012-10-12,-39026.920406798396
2012-10-15,-41229.53593738974
2012-10-16,-40797.352731109
2012-10-17,-40061.5134860652
2012-10-18,-41128.6863847403
2012-10-19,-40293.20499508004
2012-10-22,-41483.666791925236
2012-10-23,-40912.12925340854
2012-10-24,-42852.68736324068
2012-10-25,-42790.90058266785
2012-10-26,-36320.55481167622
2012-10-31,-36091.610907624796
2012-11-01,-36665.26473607273
2012-11-02,-34990.917756325754
2012-11-05,-35163.9406914118
2012-11-06,-32724.466588349344
2012-11-07,-31050.62444841591
2012-11-08,-31801.17532344762
2012-11-09,-30492.931786437708
2012-11-12,-29850.339034366945
2012-11-13,-29123.7733778814
2012-11-14,-28696.610119762045
2012-11-15,-28696.051151844964
2012-11-16,-29574.33843022649
2012-11-19,-29684.55255773822
2012-11-20,-29411.33884949764
2012-11-21,-28197.655767764983
2012-11-23,-28897.988711298516
2012-11-26,-29472.259271472067
2012-11-27,-28939.90142554803
2012-11-28,-29637.081665298145
2012-11-29,-30305.764764459367
2012-11-30,-30296.074054087236
2012-12-03,-29886.597812959968
2012-12-04,-28590.207626753472
2012-12-05,-28812.478587432342
2012-12-06,-29289.228896602464
2012-12-07,-30146.96561331398
2012-12-10,-30236.12081763115
2012-12-11,-31177.974955448313
2012-12-12,-31470.04875123265
2012-12-13,-32156.60064370015
2012-12-14,-33005.705697880694
2012-12-17,-33628.12561468981
2012-12-18,-34246.04791780928
2012-12-19,-34972.81586475762
2012-12-20,-34792.35556370295
2012-12-21,-34675.948168596355
2012-12-24,-33880.71126666559
2012-12-26,-33996.9959914777
2012-12-27,-32289.885788243788
2012-12-28,-32372.102380372075
2012-12-31,-37952.965173110584
2013-01-02,-38636.56541742837
2013-01-03,-43612.18755438346
2013-01-04,-43631.30730892383
2013-01-07,-45761.97430969025
2013-01-08,-45763.77462262346
2013-01-09,-44382.89345939865
2013-01-10,-43870.21936629416
2013-01-11,-41223.752203154305
2013-01-14,-39879.164369353384
2013-01-15,-40230.2198391227
2013-01-16,-39580.29316882398
2013-01-17,-40744.38222100341
2013-01-18,-42062.95877206889
2013-01-22,-43694.82932635922
2013-01-23,-43159.18494375124
2013-01-24,-41695.48721347503
2013-01-25,-40590.52817264083
2013-01-28,-44137.612143818915
2013-01-29,-44849.310622458084
2013-01-30,-44659.4598901827
2013-01-31,-46990.8802104552
2013-02-01,-45155.1029871715
2013-02-04,-43005.203831222374
2013-02-05,-44247.18317084064
2013-02-06,-45999.282059693665
2013-02-07,-47373.404999989434
2013-02-08,-47318.95034157575
2013-02-11,-46717.41563553318
2013-02-12,-45707.412941011484
2013-02-13,-45709.079315922296
2013-02-14,-46209.71136862965
2013-02-15,-46328.78566778815
2013-02-19,-46168.040150482106
2013-02-20,-44829.33487352391
2013-02-21,-42123.23783157008
2013-02-22,-43855.72426950408
2013-02-25,-43717.2916814645
2013-02-26,-42989.500776022
2013-02-27,-42276.21885880995
2013-02-28,-44618.86518831998
2013-03-01,-44211.36368937117
2013-03-04,-46280.87415775827
2013-03-05,-44676.65335066072
2013-03-06,-46493.181649049264
2013-03-07,-44693.47135029262
2013-03-08,-46312.90417364036
2013-03-11,-45940.54938346273
2013-03-12,-44572.53087320147
2013-03-13,-45489.50458297883
2013-03-14,-45357.90137159759
2013-03-15,-32217.60190206443
2013-03-18,-31241.28629835324
2013-03-19,-29933.548145749213
2013-03-20,-32303.14754413553
2013-03-21,-32655.455866212404
2013-03-22,-33383.72899498757
2013-03-25,-33973.432015056125
2013-03-26,-33386.12022946986
2013-03-27,-32639.931008021726
2013-03-28,-28838.964885009744
2013-04-01,-27301.858261851565
2013-04-02,-28881.93163277078
2013-04-03,-27696.231687248845
2013-04-04,-28381.19716074165
2013-04-05,-27962.69253760815
2013-04-08,-27545.217149662785
2013-04-09,-28363.59122276923
2013-04-10,-28541.979004040346
2013-04-11,-28587.1426248847
2013-04-12,-28719.929197543883
2013-04-15,-27686.247623224364
2013-04-16,-27941.298151711162
2013-04-17,-27859.184867897653
2013-04-18,-27716.351843073513
2013-04-19,-28564.604488079887
2013-04-22,-27690.73046779704
2013-04-23,-28632.530757126748
2013-04-24,-29014.148889309276
2013-04-25,-28343.031449042814
2013-04-26,-28586.266308581835
2013-04-29,-29167.872418110943
2013-04-30,-31344.23588678456
2013-05-01,-29853.682871904603
2013-05-02,-30761.13776970512
2013-05-03,-30156.15709851749
2013-05-06,-29343.30738981963
2013-05-07,-30365.296608900695
2013-05-08,-28640.931570934947
2013-05-09,-27204.46637927562
2013-05-10,-27768.357873175744
2013-05-13,-32377.024361887234
2013-05-14,-33584.57942293103
2013-05-15,-34114.202297720854
2013-05-16,-34638.85311536433
2013-05-17,-34188.49021376901
2013-05-20,-31961.1590313887
2013-05-21,-32041.449053323056
2013-05-22,-31657.945293018318
2013-05-23,-30486.110030124604
2013-05-24,-29955.56189717402
2013-05-28,-30840.88910258573
2013-05-29,-31160.96041664305
2013-05-30,-31481.60576105534
2013-05-31,-32486.29595697453
2013-06-03,-29157.572341149833
2013-06-04,-28081.32640240014
2013-06-05,-27428.459539830335
2013-06-06,-29084.342997901942
2013-06-07,-29856.420728518555
2013-06-10,-28879.830765898543
2013-06-11,-29204.715803548926
2013-06-12,-27984.964356538097
2013-06-13,-28846.072438466523
2013-06-14,-28907.05359725177
2013-06-17,-29730.73741706615
2013-06-18,-32089.673124846275
2013-06-19,-33455.51556245872
2013-06-20,-32042.361247028588
2013-06-21,-32973.51395871762
2013-06-24,-33920.062780596025
2013-06-25,-32983.206014373354
2013-06-26,-32919.159778698915
2013-06-27,-33535.73747547863
2013-06-28,-41342.9855890812
2013-07-01,-41487.38975947663
2013-07-02,-41313.44919003971
2013-07-03,-40841.16174536702
2013-07-05,-39330.060123160816
2013-07-08,-36695.70833025247
2013-07-09,-36557.03772876621
2013-07-10,-36611.08097107304
2013-07-11,-38420.98598109196
2013-07-12,-39366.02175050836
2013-07-15,-39216.791204955225
2013-07-16,-38655.70338982662
2013-07-17,-38590.8482688285
2013-07-18,-35328.340490198476
2013-07-19,-35152.08511551074
2013-07-22,-35358.16140703422
2013-07-23,-35763.28688509922
2013-07-24,-30644.828041860426
2013-07-25,-31149.151428975645
2013-07-26,-31364.34710609344
2013-07-29,-31321.000500231443
2013-07-30,-32039.368541604097
2013-07-31,-32560.294141344624
2013-08-01,-30840.871507217613
2013-08-02,-28969.018746955364
2013-08-05,-27036.689979724557
2013-08-06,-26402.540519097616
2013-08-07,-24841.83387112312
2013-08-08,-23510.126785415923
2013-08-09,-23156.8634272535
2013-08-12,-22670.600332642134
2013-08-13,-22828.911640009595
2013-08-14,-23402.153926960164
2013-08-15,-21761.18390590405
2013-08-16,-23128.991071523575
2013-08-19,-23050.027362056688
2013-08-20,-22464.3835531222
2013-08-21,-30216.92334177051
2013-08-22,-27332.506365740832
2013-08-23,-26546.819724703586
2013-08-26,-26604.97248383949
2013-08-27,-25862.245255391215
2013-08-28,-28365.827154262064
2013-08-29,-29198.415192874454
2013-08-30,-29250.23873848778
2013-09-03,-30403.18581457452
2013-09-04,-28443.737809367056
2013-09-05,-28923.838462286833
2013-09-06,-28771.633279666115
2013-09-09,-28095.977376561088
2013-09-10,-28539.775639936517
2013-09-11,-28418.411757102192
2013-09-12,-28347.948879128468
2013-09-13,-29155.304330170184
2013-09-16,-28728.39871075694
2013-09-17,-27855.858007120478
2013-09-18,-28224.98121797807
2013-09-19,-28650.69610438173
2013-09-20,-29263.84297926382
2013-09-23,-28352.156801378005
2013-09-24,-28101.750177525595
2013-09-25,-25802.30172381815
2013-09-26,-26946.970348093484
2013-09-27,-27943.472240732153
2013-09-30,-49691.62692503554
2013-10-01,-50619.49676917828
2013-10-02,-44782.61573239423
2013-10-03,-44181.89138804577
2013-10-04,-44628.066565821544
2013-10-07,-43800.030473219565
2013-10-08,-42418.24011648315
2013-10-09,-42821.24877894872
2013-10-10,-44852.457960658285
2013-10-11,-47908.520931823456
2013-10-14,-47179.0579228165
2013-10-15,-47504.86714675506
2013-10-16,-46787.03936226727
2013-10-17,-45459.67429612005
2013-10-18,-46416.50366966173
2013-10-21,-45831.25427889638
2013-10-22,-45322.788929369344
2013-10-23,-44546.72869248915
2013-10-24,-45381.90937006968
2013-10-25,-45401.04286700144
2013-10-28,-45257.14303817855
2013-10-29,-44130.517534989645
2013-10-30,-40219.02186325069
2013-10-31,-38770.50458643038
2013-11-01,-41737.5430823317
2013-11-04,-41634.422989751765
2013-11-05,-40981.30454847182
2013-11-06,-41062.51066790974
2013-11-07,-40637.749036880705
2013-11-08,-40714.63359249034
2013-11-11,-41113.92587366578
2013-11-12,-42342.30421697072
2013-11-13,-41688.699648279464
2013-11-14,-41460.484532324
2013-11-15,-43351.926101451725
2013-11-18,-43753.2428525796
2013-11-19,-44150.75559697863
2013-11-20,-43892.866973874145
2013-11-21,-45168.11598320129
2013-11-22,-45767.394363318104
2013-11-25,-46113.83600809456
2013-11-26,-47127.21597431322
2013-11-27,-48267.937663922974
2013-11-29,-53710.81774984319
2013-12-02,-51836.345315741884
2013-12-03,-51244.90274080676
2013-12-04,-51060.40560832177
2013-12-05,-49651.56357033705
2013-12-06,-45976.418159712965
2013-12-09,-47768.07733712523
2013-12-10,-46964.482015751346
2013-12-11,-44034.43286111405
2013-12-12,-45763.87580197549
2013-12-13,-46559.31967168921
2013-12-16,-46903.97274206404
2013-12-17,-45618.58395128467
2013-12-18,-48695.82084079135
2013-12-19,-46924.62007543305
2013-12-20,-48007.74737977082
2013-12-23,-50804.91602444563
2013-12-24,-53312.24472690339
2013-12-26,-51159.63781227615
2013-12-27,-50005.218812705134
2013-12-30,-51112.90448480737
2013-12-31,-57860.237461519384
2014-01-02,-57334.63852349226
2014-01-03,-58461.15128931057
2014-01-06,-56226.09322509357
2014-01-07,-58640.23963903978
2014-01-08,-60713.960337322205
2014-01-09,-61144.568533538375
2014-01-10,-60588.98849403515
2014-01-13,-61132.0971528855
2014-01-14,-59564.219055402675
2014-01-15,-60139.45506460346
2014-01-16,-61420.09807230023
2014-01-17,-61988.06704236797
2014-01-21,-60673.692329683545
2014-01-22,-60609.8788107796
2014-01-23,-60252.458709023165
2014-01-24,-58370.356148089224
2014-01-27,-58386.67108566798
2014-01-28,-59932.12712030251
2014-01-29,-59028.69267751374
2014-01-30,-61788.644620982195
2014-01-31,-61760.68942078267
2014-02-03,-62199.065254447356
2014-02-04,-60859.78411921046
2014-02-05,-60497.25992261417
2014-02-06,-61168.77589703851
2014-02-07,-61645.5540429262
2014-02-10,-63729.39714468603
2014-02-11,-61560.99067198951
2014-02-12,-61877.48282248734
2014-02-13,-62873.259718693305
2014-02-14,-65368.499216525655
2014-02-18,-65454.839026840345
2014-02-19,-64560.919384709814
2014-02-20,-66940.53428001878
2014-02-21,-66931.38378057328
2014-02-24,-68275.3843743585
2014-02-25,-63726.517975983625
2014-02-26,-65242.90566886274
2014-02-27,-65985.92005278535
2014-02-28,-63211.3156523524
2014-03-03,-62680.29788181255
2014-03-04,-64540.97580224631
2014-03-05,-66895.06343254069
2014-03-06,-66085.772858182
2014-03-07,-66205.14967736263
2014-03-10,-66654.51591444424
2014-03-11,-64780.907558322404
2014-03-12,-66815.14778358859
2014-03-13,-67074.94459729988
2014-03-14,-67606.45616474607
2014-03-17,-67715.95238037535
2014-03-18,-67209.91765161819
2014-03-19,-67385.82461085818
2014-03-20,-66691.78689020016
2014-03-21,-61830.73754967902
2014-03-24,-61808.121623365776
2014-03-25,-61987.008877802
2014-03-26,-59865.87584216024
2014-03-27,-59453.78236162772
2014-03-28,-58823.89084516268
2014-03-31,-72102.62006363136
2014-04-01,-74914.63510209147
2014-04-02,-75400.28567933643
2014-04-03,-74173.02377267941
2014-04-04,-72437.0827884298
2014-04-07,-71284.6555030475
2014-04-08,-71880.07479984564
2014-04-09,-74781.48599571256
2014-04-10,-73276.01466902558
2014-04-11,-72983.71119450335
2014-04-14,-75397.68366225515
2014-04-15,-71934.57890696595
2014-04-16,-73428.14286242831
2014-04-17,-74145.77185024323
2014-04-21,-76134.41698112185
2014-04-22,-80647.68388442323
2014-04-23,-81031.92685565667
2014-04-24,-80553.63437567232
2014-04-25,-76909.99155773547
2014-04-28,-77601.64292399489
2014-04-29,-77884.69949909241
2014-04-30,-79411.97142173414
2014-05-01,-78187.00659929377
2014-05-02,-77214.10986899494
2014-05-05,-77452.05712791352
2014-05-06,-75733.64839374016
2014-05-07,-73195.18009594391
2014-05-08,-70511.41143106695
2014-05-09,-71957.76847927313
2014-05-12,-75606.4987099751
2014-05-13,-78054.44387707734
2014-05-14,-76545.17184051088
2014-05-15,-75617.56918320661
2014-05-16,-75615.44286041489
2014-05-19,-76995.18621837677
2014-05-20,-75174.15184221842
2014-05-21,-75250.28135904115
2014-05-22,-75746.64492604682
2014-05-23,-78493.19502680932
2014-05-27,-81194.6596512416
2014-05-28,-81279.289015756
2014-05-29,-81769.73114061181
2014-05-30,-80038.28919612103
2014-06-02,-78857.30134016089
2014-06-03,-77810.67539406844
2014-06-04,-78199.10688141861
2014-06-05,-80872.8796778247
2014-06-06,-82768.81742652511
2014-06-09,-81938.98299173077
2014-06-10,-77356.13358704833
2014-06-11,-77305.37194510104
2014-06-12,-78271.41838142545
2014-06-13,-76620.80639964208
2014-06-16,-76376.20471489071
2014-06-17,-78062.50531403632
2014-06-18,-79688.04717847695
2014-06-19,-79925.59703381776
2014-06-20,-80315.57877855378
2014-06-23,-83400.01902550776
2014-06-24,-82287.13523337117
2014-06-25,-82320.48109230137
2014-06-26,-81706.03633072326
2014-06-27,-81803.40179569142
2014-06-30,-89999.4200606507
2014-07-01,-91028.6760040968
2014-07-02,-91541.0527522617
2014-07-03,-90961.18557616978
2014-07-07,-88248.46557067799
2014-07-08,-86405.00415538668
2014-07-09,-87485.56051091396
2014-07-10,-86746.51297768472
2014-07-11,-87429.24071419724
2014-07-14,-87878.5212916941
2014-07-15,-85198.19107869103
2014-07-16,-85638.39204031095
2014-07-17,-84324.23337211007
2014-07-18,-85439.6906959821
2014-07-21,-86555.87407058242
2014-07-22,-86972.7845433608
2014-07-23,-87452.19596266138
2014-07-24,-88020.43041573532
2014-07-25,-87744.65033897856
2014-07-28,-86322.16032588015
2014-07-29,-85892.47608568451
2014-07-30,-85412.65122583442
2014-07-31,-82287.32655524851
2014-08-01,-77870.85052978658
2014-08-04,-80173.62722248226
2014-08-05,-85993.75569351178
2014-08-06,-82316.3733169208
2014-08-07,-80489.21958173043
2014-08-08,-85313.61622704516
2014-08-11,-85332.03384340997
2014-08-12,-84155.20723344467
2014-08-13,-86004.19501806327
2014-08-14,-86798.53655627012
2014-08-15,-85801.67042649694
2014-08-18,-88380.47561752083
2014-08-19,-88518.15654416528
2014-08-20,-87232.52846739348
2014-08-21,-86301.87596763449
2014-08-22,-85339.22208842015
2014-08-25,-85928.72338628859
2014-08-26,-89064.07865191392
2014-08-27,-88573.0589591907
2014-08-28,-87352.76317359111
2014-08-29,-89177.39622545041
2014-09-02,-91007.88019478726
2014-09-03,-92865.0058769453
2014-09-04,-91652.45607452406
2014-09-05,-90208.33873912471
2014-09-08,-90614.75393469306
2014-09-09,-88055.17244751393
2014-09-10,-90613.27531863182
2014-09-11,-91544.74551051465
2014-09-12,-91768.1277627146
2014-09-15,-88566.19718732161
2014-09-16,-90135.95884469486
2014-09-17,-89667.93359436464
2014-09-18,-90619.31260858309
2014-09-19,-88839.2057222702
2014-09-22,-85881.26928805592
2014-09-23,-85249.06653763689
2014-09-24,-85780.23169473515
2014-09-25,-82970.41635419213
2014-09-26,-81341.64108309618
2014-09-29,-84790.98414226653
2014-09-30,-87949.11077636053
2014-10-01,-84732.93931480471
2014-10-02,-85510.22822549523
2014-10-03,-86367.01463370005
2014-10-06,-84997.9685203494
2014-10-07,-80533.73996036578
2014-10-08,-84542.8087859202
2014-10-09,-75544.88234287247
2014-10-10,-71348.46613043704
2014-10-13,-70965.48320061468
2014-10-14,-68335.84927238157
2014-10-15,-71040.47575366101
2014-10-16,-70108.6454769527
2014-10-17,-69804.2618812466
2014-10-20,-68292.10397666172
2014-10-21,-66842.50268357343
2014-10-22,-62013.90120310005
2014-10-23,-64634.53325702183
2014-10-24,-63735.07707931437
2014-10-27,-64336.43248222251
2014-10-28,-65453.41309366395
2014-10-29,-64102.69440025694
2014-10-30,-64321.62304771215
2014-10-31,-63898.8096292504
2014-11-03,-62885.349973352844
2014-11-04,-59076.404144271895
2014-11-05,-61074.83680192845
2014-11-06,-57658.42556093732
2014-11-07,-58083.292335194295
2014-11-10,-57420.911766118974
2014-11-11,-58584.43813192629
2014-11-12,-60513.60417525283
2014-11-13,-58936.575728383315
2014-11-14,-59197.97821088746
2014-11-17,-58014.53994883944
2014-11-18,-57066.12935530799
2014-11-19,-55964.44496133858
2014-11-20,-57471.4194988545
2014-11-21,-57261.54734585556
2014-11-24,-57115.3872789557
2014-11-25,-57496.67157600467
2014-11-26,-57796.58804748729
2014-11-28,-55870.28221091314
2014-12-01,-55527.427805551786
2014-12-02,-56698.471211972545
2014-12-03,-58366.83305994681
2014-12-04,-58380.39344487425
2014-12-05,-59445.434130232024
2014-12-08,-57910.89584250457
2014-12-09,-58543.93212496299
2014-12-10,-56140.44895541652
2014-12-11,-59361.021938268575
2014-12-12,-59069.40485704896
2014-12-15,-53308.94399221636
2014-12-16,-55076.17245156318
2014-12-17,-54403.7812645066
2014-12-18,-48430.63611032083
2014-12-19,-47264.84008559891
2014-12-22,-40396.98891388546
2014-12-23,-39169.35093365455
2014-12-24,-39622.62458411526
2014-12-26,-40418.5058677048
2014-12-29,-40232.88964483949
2014-12-30,-40426.87796331591
2014-12-31,-34110.690951322
2015-01-02,-33363.71218607531
2015-01-05,-34839.408518728895
2015-01-06,-31183.03035776489
2015-01-07,-31445.66948074657
2015-01-08,-31396.3337594485
2015-01-09,-30108.0119618471
2015-01-12,-29970.058339015814
2015-01-13,-30357.973923009777
2015-01-14,-28900.24664678635
2015-01-15,-28913.67895087532
2015-01-16,-28678.893512148206
2015-01-20,-28969.404363917645
2015-01-21,-27631.133679575803
2015-01-22,-28941.917073939236
2015-01-23,-31257.315466286098
2015-01-26,-31461.82960084596
2015-01-27,-30547.83952628541
2015-01-28,-31097.576473025707
2015-01-29,-30858.29944940446
2015-01-30,-29896.473054419548
2015-02-02,-27027.985277048603
2015-02-03,-22069.335724305733
2015-02-04,-18991.0806087187
2015-02-05,-20811.03068514209
2015-02-06,-21742.679563430633
2015-02-09,-21000.60204821553
2015-02-10,-22354.6113591034
2015-02-11,-21692.03069927985
2015-02-12,-21756.79817377287
2015-02-13,-21098.113245941895
2015-02-17,-20059.53737504765
2015-02-18,-21231.164172002078
2015-02-19,-20357.557032205317
2015-02-20,-20546.18784303625
2015-02-23,-20622.703702793267
2015-02-24,-21365.931365420452
2015-02-25,-21789.07727409246
2015-02-26,-22406.10076796268
2015-02-27,-22058.483929872047
2015-03-02,-23442.208850699848
2015-03-03,-22928.094140565787
2015-03-04,-23230.02461419459
2015-03-05,-24268.37109188112
2015-03-06,-24619.25972280241
2015-03-09,-25799.004195160975
2015-03-10,-26228.658957551444
2015-03-11,-27154.724405851353
2015-03-12,-27768.357430735763
2015-03-13,-29542.39683188792
2015-03-16,-29437.6474393194
2015-03-17,-30707.903473235463
2015-03-18,-29293.737559521076
2015-03-19,-29030.685007320215
2015-03-20,-27955.20963819322
2015-03-23,-26957.542698355763
2015-03-24,-26479.742708917744
2015-03-25,-24170.85654447964
2015-03-26,-27133.161604522684
2015-03-27,-27774.286944045052
2015-03-30,-26993.959122338907
2015-03-31,-32951.89093253857
2015-04-01,-31697.09069720195
2015-04-02,-31624.16401094108
2015-04-06,-28077.947620524348
2015-04-07,-25879.771935889097
2015-04-08,-27018.303797881643
2015-04-09,-25631.75397376735
2015-04-10,-23706.859549951783
2015-04-13,-23282.870874141212
2015-04-14,-19000.774423307375
2015-04-15,-13759.524777728962
2015-04-16,-16396.141517001466
2015-04-17,-15190.830006809665
2015-04-20,-17763.930608827504
2015-04-21,-19421.056898563314
2015-04-22,-20090.715451281474
2015-04-23,-18909.442855130357
2015-04-24,-19398.22997191627
2015-04-27,-17261.468148807195
2015-04-28,-17468.564578406338
2015-04-29,-14486.394200603143
2015-04-30,-12938.008816171961
2015-05-01,-16278.133898060638
2015-05-04,-17621.992905375024
2015-05-05,-16692.43884760936
2015-05-06,-18878.759979629787
2015-05-07,-20089.366089614967
2015-05-08,-18876.80898688799
2015-05-11,-21266.301087901098
2015-05-12,-19873.20538123366
2015-05-13,-19520.9793705704
2015-05-14,-20502.083563696397
2015-05-15,-21084.34383240981
2015-05-18,-22012.294284481148
2015-05-19,-22754.691716326553
2015-05-20,-23125.026209315518
2015-05-21,-21516.17110700775
2015-05-22,-21960.552619981885
2015-05-26,-21273.019851663892
2015-05-27,-22295.29446104195
2015-05-28,-24401.9944636528
2015-05-29,-24213.491598524233
2015-06-01,-25176.31931890828
2015-06-02,-25738.198887750295
2015-06-03,-28829.221095251713
2015-06-04,-30387.551938663404
2015-06-05,-29161.273835713648
2015-06-08,-28392.640135977766
2015-06-09,-28265.541433960636
2015-06-10,-27530.204693653133
2015-06-11,-32351.87326752951
2015-06-12,-32159.62351685737
2015-06-15,-30206.506746835985
2015-06-16,-30118.00028631967
2015-06-17,-34609.068462044605
2015-06-18,-35405.732208446265
2015-06-19,-34040.03740592901
2015-06-22,-35270.86333518934
2015-06-23,-35454.99664436706
2015-06-24,-34089.717693419174
2015-06-25,-37476.41297866319
2015-06-26,-38385.969555512806
2015-06-29,-36734.4481958767
2015-06-30,-43310.868651401084
2015-07-01,-43283.430212438245
2015-07-02,-42667.9407105578
2015-07-06,-45442.866193325266
2015-07-07,-45463.38598161613
2015-07-08,-46404.45882598359
2015-07-09,-46713.52659002274
2015-07-10,-47286.254418326476
2015-07-13,-46960.57499491445
2015-07-14,-44661.02367055356
2015-07-15,-44727.064252808625
2015-07-16,-45555.04770157219
2015-07-17,-45947.978486926026
2015-07-20,-43326.56553232245
2015-07-21,-41457.637639428365
2015-07-22,-41995.68350403736
2015-07-23,-42877.566676630835
2015-07-24,-42018.89812160992
2015-07-27,-42147.344132268794
2015-07-28,-42902.539786972025
2015-07-29,-43470.145955899294
2015-07-30,-41568.94117409062
2015-07-31,-41042.374783169806
2015-08-03,-39126.01231639409
2015-08-04,-42039.406074093204
2015-08-05,-45834.77476646786
2015-08-06,-43416.88310809323
2015-08-07,-43482.73152496353
2015-08-10,-44207.62031881415
2015-08-11,-41236.774191367076
2015-08-12,-43967.3023968285
2015-08-13,-43270.06161790414
2015-08-14,-44060.54910998848
2015-08-17,-44969.04693505775
2015-08-18,-43754.343330884585
2015-08-19,-43590.27143980951
2015-08-20,-42201.119986547485
2015-08-21,-47261.682138707154
2015-08-24,-38051.6664567206
2015-08-25,-37497.88577858487
2015-08-26,-38695.87893127338
2015-08-27,-35603.20811718215
2015-08-28,-32685.103827165764
2015-08-31,-31537.76698458276
2015-09-01,-31274.167531831376
2015-09-02,-28839.48007527175
2015-09-03,-29009.76116567455
2015-09-04,-29042.597054283116
2015-09-08,-29850.273194849902
2015-09-09,-32393.61902904046
2015-09-10,-32907.533795836585
2015-09-11,-32950.23984273468
2015-09-14,-32129.283084737122
2015-09-15,-31757.504407820412
2015-09-16,-30355.546846163343
2015-09-17,-32179.195312331998
2015-09-18,-32442.641663036142
2015-09-21,-31322.974360887158
2015-09-22,-30291.506665513396
2015-09-23,-30018.19569314268
2015-09-24,-28046.549635161293
2015-09-25,-25843.742054564973
2015-09-28,-24417.790411778933
2015-09-29,-25088.72875479901
2015-09-30,-34227.56138075775
2015-10-01,-34481.60099349904
2015-10-02,-35522.94687284486
2015-10-05,-36976.040428196815
2015-10-06,-33790.691504070535
2015-10-07,-35282.46007194021
2015-10-08,-35285.20224251577
2015-10-09,-35618.305202103555
2015-10-12,-35920.31545792256
2015-10-13,-34246.0243174181
2015-10-14,-34845.29357976212
2015-10-15,-37277.243575016386
2015-10-16,-38824.834367265874
2015-10-19,-40774.68065788335
2015-10-20,-38739.85841249001
2015-10-21,-38670.02968253944
2015-10-22,-39559.46026147586
2015-10-23,-40914.24186971784
2015-10-26,-40642.85500865007
2015-10-27,-40956.19802358444
2015-10-28,-42660.535753651966
2015-10-29,-42443.98949215959
2015-10-30,-42400.73200584634
2015-11-02,-44795.068728630045
2015-11-03,-46317.86415718307
2015-11-04,-47206.1291310582
2015-11-05,-46103.054657279376
2015-11-06,-43712.010430170354
2015-11-09,-44526.286921820225
2015-11-10,-42974.15081268105
2015-11-11,-42847.86207888644
2015-11-12,-39762.83820324493
2015-11-13,-40507.10134781655
2015-11-16,-38920.96813495001
2015-11-17,-37761.146864620365
2015-11-18,-38800.22169562706
2015-11-19,-38442.2888521672
2015-11-20,-39458.62698347909
2015-11-23,-39225.34381815999
2015-11-24,-37478.07276416291
2015-11-25,-38739.12029044629
2015-11-27,-40348.157757230845
2015-11-30,-39102.56497536952
2015-12-01,-38412.68012918752
2015-12-02,-38265.200181890505
2015-12-03,-36244.5368577087
2015-12-04,-38029.72878648528
2015-12-07,-36377.72045398831
2015-12-08,-37420.49814917767
2015-12-09,-35832.80054787599
2015-12-10,-36008.25653736416
2015-12-11,-33897.91300041001
2015-12-14,-35321.374670554665
2015-12-15,-36259.50127199973
2015-12-16,-40653.98996793835
2015-12-17,-39811.34727502002
2015-12-18,-38611.78733150969
2015-12-21,-38570.536877847175
2015-12-22,-38407.05738915058
2015-12-23,-37882.798187485554
2015-12-24,-37458.56367843649
2015-12-28,-37186.554821064754
2015-12-29,-35956.86376983761
2015-12-30,-35241.83653504269
2015-12-31,-27499.366673765573
2016-01-04,-26048.623171101746
2016-01-05,-27540.50576781288
2016-01-06,-26271.626595577836
2016-01-07,-25451.337030666014
2016-01-08,-23472.038107303284
2016-01-11,-23003.724930609882
2016-01-12,-25360.632729714223
2016-01-13,-25960.442578299942
2016-01-14,-27674.59291885579
2016-01-15,-27373.746281120777
2016-01-19,-26792.226577809404
2016-01-20,-27766.733985259656
2016-01-21,-26735.42332151374
2016-01-22,-27063.70912310227
2016-01-25,-26513.786211609357
2016-01-26,-28018.542432060312
2016-01-27,-27261.628403615825
2016-01-28,-26537.66440577898
2016-01-29,-26784.848279714744
2016-02-01,-26894.06437392058
2016-02-02,-26145.437843654
2016-02-03,-26399.076259649908
2016-02-04,-26487.115406990524
2016-02-05,-25050.65746096427
2016-02-08,-24068.4733217923
2016-02-09,-25235.63808174555
2016-02-10,-25425.860567053507
2016-02-11,-26334.281096722538
2016-02-12,-25547.463658225315
2016-02-16,-26161.068358982888
2016-02-17,-26407.488804940112
2016-02-18,-25406.746545749542
2016-02-19,-26039.924853011158
2016-02-22,-26108.196582858138
2016-02-23,-24204.555950461436
2016-02-24,-27757.99400509194
2016-02-25,-26359.239347763745
2016-02-26,-25152.283123347122
2016-02-29,-25008.58715859487
2016-03-01,-27583.79924048722
2016-03-02,-29511.056404311763
2016-03-03,-31297.734883266276
2016-03-04,-31021.303461642892
2016-03-07,-29396.470767806415
2016-03-08,-29289.423904082163
2016-03-09,-27593.036162029566
2016-03-10,-27328.73585788178
2016-03-11,-28011.48718420627
2016-03-14,-27305.56616390439
2016-03-15,-25061.904623176
2016-03-16,-26067.370937546708
2016-03-17,-27146.523915234968
2016-03-18,-30062.404050145393
2016-03-21,-30882.905184725183
2016-03-22,-31882.844939480216
2016-03-23,-31251.55119619918
2016-03-24,-32311.109374693544
2016-03-28,-31804.916912564964
2016-03-29,-33681.235725355014
2016-03-30,-34646.73787343473
2016-03-31,-45050.577704317686
2016-04-01,-45854.148297180116
2016-04-04,-46673.87772275039
2016-04-05,-47143.86695647826
2016-04-06,-47166.1094417814
2016-04-07,-48108.62645023606
2016-04-08,-45400.73090940155
2016-04-11,-44880.509935334354
2016-04-12,-42755.57389778285
2016-04-13,-43195.097870781196
2016-04-14,-43312.47397768626
2016-04-15,-43889.12951371162
2016-04-18,-43701.74026074203
2016-04-19,-40401.85631684951
2016-04-20,-39780.15312507482
2016-04-21,-40849.43412042511
2016-04-22,-39268.413439507734
2016-04-25,-37373.09592448703
2016-04-26,-38489.536946884735
2016-04-27,-36313.268936637876
2016-04-28,-34279.335329126756
2016-04-29,-34497.231686996136
2016-05-02,-35204.25331232106
2016-05-03,-34872.933847502354
2016-05-04,-33210.77300692527
2016-05-05,-31558.878813700052
2016-05-06,-30296.25894678801
2016-05-09,-31798.288463190125
2016-05-10,-31491.443868881688
2016-05-11,-30792.66315051449
2016-05-12,-30101.77441449804
2016-05-13,-30387.076765312668
2016-05-16,-30482.86659719312
2016-05-17,-27609.185229585193
2016-05-18,-30445.912879321048
2016-05-19,-30995.143922191324
2016-05-20,-32067.511384890204
2016-05-23,-34348.81389628283
2016-05-24,-36369.24787153251
2016-05-25,-35178.02991452819
2016-05-26,-35954.58319081946
2016-05-27,-37476.31050213745
2016-05-31,-37923.0368797026
2016-06-01,-38262.29504317617
2016-06-02,-39033.976601483664
2016-06-03,-39190.94627492315
2016-06-06,-39734.602466281896
2016-06-07,-39208.33295920688
2016-06-08,-39971.51033658485
2016-06-09,-40351.20337366995
2016-06-10,-42354.25016535255
2016-06-13,-40962.61656066058
2016-06-14,-39986.58489386467
2016-06-15,-38513.87060855561
2016-06-16,-39572.01125053943
2016-06-17,-37483.96281853253
2016-06-20,-36488.46500101843
2016-06-21,-38604.71247808897
2016-06-22,-39445.942506692634
2016-06-23,-41552.665202871096
2016-06-24,-41361.06433886067
2016-06-27,-42711.698987020536
2016-06-28,-43482.48989974685
2016-06-29,-42503.21263114668
2016-06-30,-15942.27690432484
2016-07-01,-15621.967744246795
2016-07-05,-16466.476333539074
2016-07-06,-15610.226850217106
2016-07-07,-17957.869315801305
2016-07-08,-17811.75379465551
2016-07-11,-18352.643378939887
2016-07-12,-15154.188605838892
2016-07-13,-15941.648186921622
2016-07-14,-15055.42891959261
2016-07-15,-16873.054800630023
2016-07-18,-14131.504250706057
2016-07-19,-15101.49522252896
2016-07-20,-14089.499003981007
2016-07-21,-17108.353959561646
2016-07-22,-18556.41064307395
2016-07-25,-18942.180759855226
2016-07-26,-15489.869980945732
2016-07-27,-17616.714962023805
2016-07-28,-21309.03133909311
2016-07-29,-18201.801043223182
2016-08-01,-21527.26072628038
2016-08-02,-19868.926927767927
2016-08-03,-22491.43218811712
2016-08-04,-23433.24239591988
2016-08-05,-21860.238354074856
2016-08-08,-20259.86310561403
2016-08-09,-20715.012278918875
2016-08-10,-22126.78832229774
2016-08-11,-21867.44117708724
2016-08-12,-22922.556481513617
2016-08-15,-26130.807689392605
2016-08-16,-25501.534441994765
2016-08-17,-25429.012854807108
2016-08-18,-21862.43408509242
2016-08-19,-21770.340323101133
2016-08-22,-29810.880695247484
2016-08-23,-29034.81613437811
2016-08-24,-30976.06292802363
2016-08-25,-28807.537498748672
2016-08-26,-27970.98278668971
2016-08-29,-27273.485787925252
2016-08-30,-24999.38107749408
2016-08-31,-24295.947718800526
2016-09-01,-28498.821786299886
2016-09-02,-26749.26400017648
2016-09-06,-25500.42393980389
2016-09-07,-27714.71749835444
2016-09-08,-26315.084932376732
2016-09-09,-27845.208452917024
2016-09-12,-30488.184690733906
2016-09-13,-30404.88043173503
2016-09-14,-33020.58876134292
2016-09-15,-34142.49545459903
2016-09-16,-37352.05473472769
2016-09-19,-36634.02245031066
2016-09-20,-37262.29570247464
2016-09-21,-33465.83798340573
2016-09-22,-31920.454657312832
2016-09-23,-33301.8942708368
2016-09-26,-32715.05134211044
2016-09-27,-31303.348562469764
2016-09-28,-28383.967693625513
2016-09-29,-21592.7070391086
2016-09-30,-18710.262542827404
2016-10-03,-20845.445621748542
2016-10-04,-23246.51519816657
2016-10-05,-19582.812795817066
2016-10-06,-19811.16793503416
2016-10-07,-17563.85835554055
2016-10-10,-14798.944593167063
2016-10-11,-16447.97042567114
2016-10-12,-19097.71671984243
2016-10-13,-17442.280177380133
2016-10-14,-17138.542772906658
2016-10-17,-17731.20623047788
2016-10-18,-18497.92789702768
2016-10-19,-16993.344015014227
2016-10-20,4725.473922321631
2016-10-21,4067.9839453267923
2016-10-24,4237.5383265189885
2016-10-25,3216.1722517499293
2016-10-26,2943.8779373194557
2016-10-27,3564.952953228756
2016-10-28,3762.531638405315
2016-10-31,2269.328348057912
2016-11-01,1836.0442632847407
2016-11-02,-3287.2159346420085
2016-11-03,-807.5885204621882
2016-11-04,-10089.38619119511
2016-11-07,-8497.888096849347
2016-11-08,-26454.134192906553
2016-11-09,-27530.384316040014
2016-11-10,-31922.39918772159
2016-11-11,-37332.87586749591
2016-11-14,-32567.97772350951
2016-11-15,-30391.236815499797
2016-11-16,-29868.23335112445
2016-11-17,-30200.183261133556
2016-11-18,-30850.69217840425
2016-11-21,-29177.35743851155
2016-11-22,-25922.160650840364
2016-11-23,-27231.54953624867
2016-11-25,-27719.879520491973
2016-11-28,-29617.89459514535
2016-11-29,-30734.997972670157
2016-11-30,-19766.07142338736
2016-12-01,-20089.41175645725
2016-12-02,-22059.566535619364
2016-12-05,-21479.618316046108
2016-12-06,-14942.863205150017
2016-12-07,-15899.06564782362
2016-12-08,-13349.439108084043
2016-12-09,-14413.13323134878
2016-12-12,-12729.482466199348
2016-12-13,-14131.952142547554
2016-12-14,-18770.290442175916
2016-12-15,-23436.75812102668
2016-12-16,-5291.910598286777
2016-12-19,-4370.475590613525
2016-12-20,-5288.4937858181365
2016-12-21,-6263.055564411436
2016-12-22,-4254.773767535968
2016-12-23,771.6287734722428
2016-12-27,-3080.20239453642
2016-12-28,-5938.305080611215
2016-12-29,-9185.59238998752
2016-12-30,-33657.92535461554
2017-01-03,-35651.530995528214
2017-01-04,-39133.696134821745
2017-01-05,-44150.18465923227
2017-01-06,-41485.71473887752
2017-01-09,-44280.916182115965
2017-01-10,-49017.7535198173
2017-01-11,-48026.66350375014
2017-01-12,-49044.358582457804
2017-01-13,-49345.35853056285
2017-01-17,-46460.203404172324
2017-01-18,-51810.94716671243
2017-01-19,-46891.27192190761
2017-01-20,-47117.72377012405
2017-01-23,-47785.85673611649
2017-01-24,-47513.96188312661
2017-01-25,-45826.240710495666
2017-01-26,-42803.140175538385
2017-01-27,-43385.52562772545
2017-01-30,-37848.305873662335
2017-01-31,-38327.332605381
2017-02-01,-39059.79044932705
2017-02-02,-37173.47341830132
2017-02-03,-36557.35520493385
2017-02-06,-38046.4344985942
2017-02-07,-37667.50295431887
2017-02-08,-37246.24997153538
2017-02-09,-38797.51923405568
2017-02-10,-40512.00657557063
2017-02-13,-42375.486661982344
2017-02-14,-41324.16778648441
2017-02-15,-44280.739702661594
2017-02-16,-44000.03933911586
2017-02-17,-44275.954818783444
2017-02-21,-46457.97659745415
2017-02-22,-47671.576160764336
2017-02-23,-45678.35633372574
2017-02-24,-45927.12185031999
2017-02-27,-47608.56614022529
2017-02-28,-47170.638559386294
2017-03-01,-39166.22377581871
2017-03-02,-42011.63194802492
2017-03-03,-40102.49166916826
2017-03-06,-39906.25885976439
2017-03-07,-37857.43378932438
2017-03-08,-42344.83676722253
2017-03-09,-42175.490105052304
2017-03-10,-43424.72827814431
2017-03-13,-45056.03283903749
2017-03-14,-43747.07323931942
2017-03-15,-42637.2131960408
2017-03-16,-39765.328299827495
2017-03-17,-41316.854665040926
2017-03-20,-41969.106638340105
2017-03-21,-43039.138718661256
2017-03-22,-44067.34814006557
2017-03-23,-38374.83164421843
2017-03-24,-40576.668979296635
2017-03-27,-40656.337697346986
2017-03-28,-37881.434609510005
2017-03-29,-34413.75588774792
2017-03-30,-33118.965002914396
2017-03-31,-73985.33887608301
2017-04-03,-71407.18188169424
2017-04-04,-67479.92927943793
2017-04-05,-67266.12876753442
2017-04-06,-70882.97997413678
2017-04-07,-71625.80085457554
2017-04-10,-71600.76334211705
2017-04-11,-70088.98471245865
2017-04-12,-72456.15635260809
2017-04-13,-68932.83969566421
2017-04-17,-69917.32964527216
2017-04-18,-69626.77876182759
2017-04-19,-75707.06261351376
2017-04-20,-73547.43672827026
2017-04-21,-73337.82439216161
2017-04-24,-73728.79387679674
2017-04-25,-72276.57423621399
2017-04-26,-72566.25076403425
2017-04-27,-74424.17164419968
2017-04-28,-73644.1281855655
2017-05-01,-70254.49264935266
2017-05-02,-72394.56957727812
2017-05-03,-69372.12633808152
2017-05-04,-71316.2644348053
2017-05-05,-73036.53763647054
2017-05-08,-73402.82332616579
2017-05-09,-71157.50694465006
2017-05-10,-72058.59170496237
2017-05-11,-44468.39571439511
2017-05-12,-45439.165352849785
2017-05-15,-39761.77170753495
2017-05-16,-40542.09381152624
2017-05-17,-43308.09908192011
2017-05-18,-48935.36391322584
2017-05-19,-46324.40650146673
2017-05-22,-44962.29409028751
2017-05-23,-45161.56421842886
2017-05-24,-44669.283390238255
2017-05-25,-47215.91261506449
2017-05-26,-48593.77472143289
2017-05-30,-48856.73306267623
2017-05-31,-48461.73542575182
2017-06-01,-49830.8533120729
2017-06-02,-50175.6027979866
2017-06-05,-45838.50012047638
2017-06-06,-42443.545621349826
2017-06-07,-46684.537842468155
2017-06-08,-48077.28820041019
2017-06-09,-46487.02719068447
2017-06-12,-49765.52690976331
2017-06-13,-48787.85280420413
2017-06-14,-48736.44354714011
2017-06-15,-47728.60311693208
2017-06-16,-49147.58288675017
2017-06-19,-51436.95489997954
2017-06-20,-55108.09067419778
2017-06-21,-56047.78369962315
2017-06-22,-55814.871116099865
2017-06-23,-58102.00009637307
2017-06-26,-55499.25814207429
2017-06-27,-54170.519815115564
2017-06-28,-56502.45915717361
2017-06-29,-57820.02199921863
2017-06-30,-42677.48975140951
2017-07-03,-42057.22746016641
2017-07-05,-43612.03603314313
2017-07-06,-44717.29008168217
2017-07-07,-43700.69796978506
2017-07-10,-43590.08690077771
2017-07-11,-43564.0537963455
2017-07-12,-44780.424154347624
2017-07-13,-44081.874621164796
2017-07-14,-45262.296358508866
2017-07-17,-45044.495908247176
2017-07-18,-45635.68679829654
2017-07-19,-42340.1853545634
2017-07-20,-39920.24882455736
2017-07-21,-40346.23277228023
2017-07-24,-41046.039159243155
2017-07-25,-42345.655184493735
2017-07-26,-42237.44445121668
2017-07-27,-42538.30029787013
2017-07-28,-43375.877053848286
2017-07-31,-44098.12536646104
2017-08-01,-46818.9164119043
2017-08-02,-46873.7345449953
2017-08-03,-45898.83207197
2017-08-04,-45330.67344430354
2017-08-07,-48463.924622319886
2017-08-08,-47640.40472270388
2017-08-09,-46510.63893475588
2017-08-10,-45567.13139046248
2017-08-11,-48762.70979603004
2017-08-14,-49680.6989186845
2017-08-15,-49885.923318442816
2017-08-16,-50723.660533372364
2017-08-17,-50411.88624665873
2017-08-18,-47187.09786474866
2017-08-21,-46335.51407514198
2017-08-22,-50128.7820951698
2017-08-23,-51259.860733445814
2017-08-24,-52068.210193325205
2017-08-25,-51486.863843455205
2017-08-28,-52447.84909495929
2017-08-29,-54063.11003076715
2017-08-30,-55011.834198138145
2017-08-31,-60126.956813638746
2017-09-01,-59079.76183204121
2017-09-05,-57969.79008640184
2017-09-06,-58595.7382710689
2017-09-07,-59232.874822569844
2017-09-08,-59770.847205650134
2017-09-11,-59113.04523916805
2017-09-12,-56331.87332488645
2017-09-13,-55068.776276618
2017-09-14,-54651.8174902242
2017-09-15,-55497.0768604818
2017-09-18,-55489.92648161104
2017-09-19,-55976.65123272962
2017-09-20,-53644.569908158795
2017-09-21,-54323.81312586653
2017-09-22,-54384.724153406656
2017-09-25,-53152.34214789354
2017-09-26,-53446.90967932731
2017-09-27,-56960.297053944676
2017-09-28,-58118.779567477
2017-09-29,-61543.94500139897
2017-10-02,-63431.60345220849
2017-10-03,-63040.760510652166
2017-10-04,-64080.06326866782
2017-10-05,-62531.55817971942
2017-10-06,-60813.594784983165
2017-10-09,-60491.49268777144
2017-10-10,-62793.69184495761
2017-10-11,-62490.05599842768
2017-10-12,-63144.756458266056
2017-10-13,-67431.23336615707
2017-10-16,-65773.08036249537
2017-10-17,-62702.6790224426
2017-10-18,-63759.45874036174
2017-10-19,-63466.16223161798
2017-10-20,-66203.95315100398
2017-10-23,-66590.12605339714
2017-10-24,-68694.54698266431
2017-10-25,-68551.45300135195
2017-10-26,-70100.35698794457
2017-10-27,-70439.54187782768
2017-10-30,-68733.60939120407
2017-10-31,-68179.48476948058
2017-11-01,-68111.7917637626
2017-11-02,-68363.74736579742
2017-11-03,-67936.27987796724
2017-11-06,-66605.22499747848
2017-11-07,-65461.920915544804
2017-11-08,-65041.65444083275
2017-11-09,-63979.67289379198
2017-11-10,-63901.384918345466
2017-11-13,-63036.45007817089
2017-11-14,-61370.55500272696
2017-11-15,-52644.298942292524
2017-11-16,-51552.44315913279
2017-11-17,-55293.80103583381
2017-11-20,-52905.623071462025
2017-11-21,-55647.678661104284
2017-11-22,-60440.33525214594
2017-11-24,-61131.73025073614
2017-11-27,-61767.264228967084
2017-11-28,-62583.35949113244
2017-11-29,-59058.37479376741
2017-11-30,-57927.44067697746
2017-12-01,-54252.575574058006
2017-12-04,-52871.39758707287
2017-12-05,-51778.88352790577
2017-12-06,-50020.651090886546
2017-12-07,-50458.368629884426
2017-12-08,-50046.242857819445
2017-12-11,-48655.53831042574
2017-12-12,-46104.5327047369
2017-12-13,-46116.67629664809
2017-12-14,-45105.94829616134
2017-12-15,-46700.86267508879
2017-12-18,-41919.73725554684
2017-12-19,-39481.635068168376
2017-12-20,-46531.378075008215
2017-12-21,-46942.579399457216
2017-12-22,-46704.74199976463
2017-12-26,-47271.41893580626
2017-12-27,-53980.834210005916
2017-12-28,-52337.27992056131
2017-12-29,-67527.57237360452
2018-01-02,-70448.80853423037
2018-01-03,-74679.8433396494
2018-01-04,-71471.70363005527
2018-01-05,-72187.2492843859
2018-01-08,-74256.1094251426
2018-01-09,-75533.11582103668
2018-01-10,-74681.92726579143
2018-01-11,-74634.47600759394
2018-01-12,-74386.57759243227
2018-01-16,-70442.98037043188
2018-01-17,-72041.45553058732
2018-01-18,-69706.59447150514
2018-01-19,-73015.02276581983
2018-01-22,-74647.2494176128
2018-01-23,-75416.53362894747
2018-01-24,-74695.84805290462
2018-01-25,-76156.27638144573
2018-01-26,-75447.04347993931
2018-01-29,-72942.97241682398
2018-01-30,-73674.39355524973
2018-01-31,-66496.43573137255
2018-02-01,-65625.09655027525
2018-02-02,-65419.08890445144
2018-02-05,-57681.2834827678
2018-02-06,-52166.28270002725
2018-02-07,-52372.563656617334
2018-02-08,-49894.05430750211
2018-02-09,-40463.67592734897
2018-02-12,-44174.82359803235
2018-02-13,-48515.302992144454
2018-02-14,-50053.64239236471
2018-02-15,-49585.71211985362
2018-02-16,-48355.62095366307
2018-02-20,-44927.023012259146
2018-02-21,-47455.78719333817
2018-02-22,-46140.400284292686
2018-02-23,-45057.085294709876
2018-02-26,-43682.560743564965
2018-02-27,-43839.908850932814
2018-02-28,-47011.40991786944
2018-03-01,-45872.27005941889
2018-03-02,-38444.15808534081
2018-03-05,-38983.011454143314
2018-03-06,-39859.037878173636
2018-03-07,-40158.73379200804
2018-03-08,-42355.612216082794
2018-03-09,-43582.20435971123
2018-03-12,-40243.331287203095
2018-03-13,-30840.898712557264
2018-03-14,-28114.69303130112
2018-03-15,-27938.08716110887
2018-03-16,-29221.70739198673
2018-03-19,-25600.577213807905
2018-03-20,-25936.722938360595
2018-03-21,-26171.004679854417
2018-03-22,-26198.930659873968
2018-03-23,-25949.41625203119
2018-03-26,-26961.62969810835
2018-03-27,-29442.73909412481
2018-03-28,-29005.315052201913
2018-03-29,-79504.01517582625
2018-04-02,-78446.42863527482
2018-04-03,-78299.3928151375
2018-04-04,-79184.5937149925
2018-04-05,-77428.347352817
2018-04-06,-74920.03932898743
2018-04-09,-75893.16232132455
2018-04-10,-77131.41773684873
2018-04-11,-78997.89331627183
2018-04-12,-80084.39480175047
2018-04-13,-79489.31682147087
2018-04-16,-80318.13863556308
2018-04-17,-81649.37834777508
2018-04-18,-81459.29064760613
2018-04-19,-80399.8084164964
2018-04-20,-81497.49696133817
2018-04-23,-79276.5821586237
2018-04-24,-78507.9936661325
2018-04-25,-77442.8849013706
2018-04-26,-78134.79577354743
2018-04-27,-78455.39330212813
2018-04-30,-77152.42519363665
2018-05-01,-78800.30356494799
2018-05-02,-79556.68681291517
2018-05-03,-79351.4471513503
2018-05-04,-79444.8629266196
2018-05-07,-80007.12424332091
2018-05-08,-76960.84987030455
2018-05-09,-76877.10293117259
2018-05-10,-75517.36183336766
2018-05-11,-75320.46493019565
2018-05-14,-75720.15697371196
2018-05-15,-76050.35915259871
2018-05-16,-75975.70076103375
2018-05-17,-74889.040080081
2018-05-18,-74541.20203909067
2018-05-21,-74062.00218778741
2018-05-22,-72538.44727368306
2018-05-23,-73398.06304072673
2018-05-24,-73870.98679367646
2018-05-25,-74807.50381983738
2018-05-29,-73993.21927046998
2018-05-30,-74360.30647573121
2018-05-31,-73572.42048257981
2018-06-01,-74053.78244151142
2018-06-04,-73572.13416321478
2018-06-05,-71082.51974435894
2018-06-06,-69308.40355336247
2018-06-07,-67573.85757902212
2018-06-08,-67620.89131400397
2018-06-11,-67164.46173751654
2018-06-12,-66913.59547556992
2018-06-13,-67422.02481103061
2018-06-14,-67483.26337601857
2018-06-15,-67634.92324590404
2018-06-18,-66689.7101351409
2018-06-19,-66573.20339858669
2018-06-20,-67700.11173479419
2018-06-21,-66520.16924867616
2018-06-22,-67402.4606207276
2018-06-25,-66223.8299752879
2018-06-26,-66946.59478994216
2018-06-27,-64317.66987242288
2018-06-28,-65370.89660631818
2018-06-29,-76950.08848553167
2018-07-02,-77267.97667132004
2018-07-03,-77439.40047949513
2018-07-05,-76568.26927569084
2018-07-06,-77618.45347281147
2018-07-09,-78272.39619562883
2018-07-10,-77913.84729742688
2018-07-11,-77304.32834356696
2018-07-12,-78304.57888184547
2018-07-13,-75772.62751795455
2018-07-16,-74541.40678432412
2018-07-17,-75086.45267227145
2018-07-18,-73536.34695523184
2018-07-19,-74520.92405488044
2018-07-20,-73303.79890719175
2018-07-23,-73154.73269255116
2018-07-24,-71139.37754007788
2018-07-25,-70622.04074832288
2018-07-26,-71672.93276853184
2018-07-27,-69247.01916855232
2018-07-30,-70096.39549350957
2018-07-31,-72230.57975720691
2018-08-01,-72964.17540869348
2018-08-02,-72893.66517653705
2018-08-03,-72112.00154698298
2018-08-06,-71452.41833844264
2018-08-07,-72066.95432533605
2018-08-08,-72168.08488014333
2018-08-09,-72774.88603600599
2018-08-10,-74602.87571803745
2018-08-13,-75854.87058576522
2018-08-14,-77866.31072988956
2018-08-15,-75613.3908426271
2018-08-16,-76739.07724492859
2018-08-17,-75350.82879775522
2018-08-20,-75013.16713953325
2018-08-21,-76456.56142746058
2018-08-22,-77640.23730740494
2018-08-23,-76552.34679755419
2018-08-24,-76981.48476631683
2018-08-27,-75863.51877050426
2018-08-28,-76365.39306038123
2018-08-29,-76477.76986885798
2018-08-30,-77865.87219689846
2018-08-31,-77796.93232673155
2018-09-04,-74073.13149553067
2018-09-05,-73232.38052810528
2018-09-06,-71510.86052785892
2018-09-07,-71368.29444350112
2018-09-10,-69066.86982077974
2018-09-11,-69744.48285410523
2018-09-12,-68854.0404945426
2018-09-13,-68470.31884303609
2018-09-14,-67707.09650931336
2018-09-17,-66501.12373306297
2018-09-18,-66615.42945299791
2018-09-19,-67418.08034530902
2018-09-20,-68462.88409127848
2018-09-21,-69122.78645048605
2018-09-24,-70055.2686936402
2018-09-25,-73591.06622736822
2018-09-26,-70114.53942243216
2018-09-27,-70275.16570536833
2018-09-28,-78339.86897755084
2018-10-01,-73703.78744648467
2018-10-02,-70968.65875735845
2018-10-03,-69982.46290689801
2018-10-04,-68937.66675294389
2018-10-05,-72517.6496061619
2018-10-08,-73373.47195331965
2018-10-09,-71487.84081368067
2018-10-10,-70382.22236554981
2018-10-11,-75127.82184582955
2018-10-12,-70869.8844530438
2018-10-15,-73196.14278282397
2018-10-16,-74099.01352416068
2018-10-17,-78017.66525050488
2018-10-18,-75961.46974293515
2018-10-19,-76441.10967813751
2018-10-22,-74967.23881062219
2018-10-23,-77079.71677048477
2018-10-24,-73532.62775675698
2018-10-25,-80481.89884311408
2018-10-26,-79116.51199462671
2018-10-29,-75148.83960620547
2018-10-30,-75376.8888978711
2018-10-31,-74176.31600726026
2018-11-01,-78114.5429981064
2018-11-02,-82075.42528075262
2018-11-05,-80880.58081749042
2018-11-06,-80882.10303671203
2018-11-07,-84426.96153485926
2018-11-08,-90615.8967199516
2018-11-09,-86827.06632624683
2018-11-12,-84076.17635883421
2018-11-13,-86931.00595015514
2018-11-14,-85415.93638093941
2018-11-15,-88171.15054387799
2018-11-16,-89022.57540356906
2018-11-19,-87023.64853807523
2018-11-20,-85813.27412237457
2018-11-21,-86309.02696028564
2018-11-23,-87012.05446918393
2018-11-26,-86555.84746023727
2018-11-27,-83245.9785405733
2018-11-28,-85571.3616847814
2018-11-29,-85385.15696865022
2018-11-30,-85682.74422986258
2018-12-03,-86892.37949886074
2018-12-04,-82574.6061581536
2018-12-06,-82956.51086223529
2018-12-07,-81756.47638693996
2018-12-10,-78761.801274313
2018-12-11,-77988.72300776892
2018-12-12,-79131.71665384185
2018-12-13,-77454.51126437704
2018-12-14,-76314.33055138434
2018-12-17,-72486.58995821055
2018-12-18,-72578.42793041801
2018-12-19,-70278.88665747648
2018-12-20,-69136.28455858033
2018-12-21,-65976.77603179982
2018-12-24,-65768.31157119416
2018-12-26,-66680.0550480201
2018-12-27,-62980.717127488904
2018-12-28,-63518.80328319401
2018-12-31,-72908.87469218961
2019-01-02,-76705.10195639358
2019-01-03,-74765.5469010118
2019-01-04,-79187.24064828076
2019-01-07,-83041.66390596633
2019-01-08,-83157.62147696382
2019-01-09,-84146.06697737517
2019-01-10,-84661.33732472935
2019-01-11,-84206.99069795766
2019-01-14,-83085.8875121278
2019-01-15,-84962.46874400706
2019-01-16,-85897.48894169404
2019-01-17,-86208.8761163238
2019-01-18,-87186.54763183116
2019-01-22,-84791.96414488615
2019-01-23,-84793.69291463098
2019-01-24,-85286.162634978
2019-01-25,-88057.36557174979
2019-01-28,-86634.62161914127
2019-01-29,-87092.78973166946
2019-01-30,-88660.95849369549
2019-01-31,-90128.69746879268
2019-02-01,-90555.72214006435
2019-02-04,-91922.34044202723
2019-02-05,-92197.7093075414
2019-02-06,-92169.87712342468
2019-02-07,-90590.68367687186
2019-02-08,-87568.74566649536
2019-02-11,-88467.7822520874
2019-02-12,-89842.49758189333
2019-02-13,-89387.8036880588
2019-02-14,-89396.27729457479
2019-02-15,-91955.37438879051
2019-02-19,-91590.6102648223
2019-02-20,-88566.73698872341
2019-02-21,-87817.9925150364
2019-02-22,-89402.86407562374
2019-02-25,-90556.41555194791
2019-02-26,-89909.34842036478
2019-02-27,-90402.45582834588
2019-02-28,-89724.19285300412
2019-03-01,-92090.52341286688
2019-03-04,-91098.31715707754
2019-03-05,-89927.84746545285
2019-03-06,-86280.52789339032
2019-03-07,-81198.94725679723
2019-03-08,-81359.10584967733
2019-03-11,-83521.4452222562
2019-03-12,-85616.42070342167
2019-03-13,-86715.68087082487
2019-03-14,-86156.83892053658
2019-03-15,-86900.26686137296
2019-03-18,-87860.9133632823
2019-03-19,-89774.83881816106
2019-03-20,-89455.65156405985
2019-03-21,-91115.05474076388
2019-03-22,-88816.06975047522
2019-03-25,-88363.30293868341
2019-03-26,-89093.11657221122
2019-03-27,-87461.47773631178
2019-03-28,-89054.68153517578
2019-03-29,-106072.36404034874
2019-04-01,-106901.30666656603
2019-04-02,-106683.2011089269
2019-04-03,-107522.96633203753
2019-04-04,-107573.59691176981
2019-04-05,-110421.04990059276
2019-04-08,-109887.39913804096
2019-04-09,-106596.92603392081
2019-04-10,-107578.14998686803
2019-04-11,-106590.3586915259
2019-04-12,-105893.75519529064
2019-04-15,-104807.65515531866
2019-04-16,-107445.19546178929
2019-04-17,-104295.0655937177
2019-04-18,-102636.61793756945
2019-04-22,-103299.638942764
2019-04-23,-104486.74501085674
2019-04-24,-103516.83794281786
2019-04-25,-100869.23775055027
2019-04-26,-102125.08839583905
2019-04-29,-102503.20310050437
2019-04-30,-96789.35818286364
2019-05-01,-95026.47110232429
2019-05-02,-96595.77103507293
2019-05-03,-98655.20674228898
2019-05-06,-103049.0595729309
2019-05-07,-100390.58747407128
2019-05-08,-94560.86794404655
2019-05-09,-94852.71300004111
2019-05-10,-94866.43785352941
2019-05-13,-89927.35176173563
2019-05-14,-92654.42691813865
2019-05-15,-93415.58439822985
2019-05-16,-92998.04181000614
2019-05-17,-88276.9338613838
2019-05-20,-86165.94744380427
2019-05-21,-88854.42040919149
2019-05-22,-87661.6118324709
2019-05-23,-83775.49846655251
2019-05-24,-85355.09374695538
2019-05-28,-85050.7968369501
2019-05-29,-84561.78398266116
2019-05-30,-84010.8756917932
2019-05-31,-83305.73341765239
2019-06-03,-84493.96858650901
2019-06-04,-85882.09708220622
2019-06-05,-83492.1560696532
2019-06-06,-81779.31084033834
2019-06-07,-83307.10046579302
2019-06-10,-84761.84557744664
2019-06-11,-83769.8852983901
2019-06-12,-85705.5138591942
2019-06-13,-88153.67526247005
2019-06-14,-85763.06296158751
2019-06-17,-88433.42948895198
2019-06-18,-90877.94300836467
2019-06-19,-92207.21940146333
2019-06-20,-91168.06927253035
2019-06-21,-90575.4732943471
2019-06-24,-87329.87658531732
2019-06-25,-87208.00551580913
2019-06-26,-86277.46160138217
2019-06-27,-89132.75154765278
2019-06-28,-105307.41704180016
2019-07-01,-107093.9084705805
2019-07-02,-104879.92056722676
2019-07-03,-105196.57629880613
2019-07-05,-105085.62036986204
2019-07-08,-106872.25474049755
2019-07-09,-108182.55434134544
2019-07-10,-106012.50997904627
2019-07-11,-105436.11298016051
2019-07-12,-104911.38814563051
2019-07-15,-104513.51792570842
2019-07-16,-103963.30739459195
2019-07-17,-100780.85366760155
2019-07-18,-98778.24939271223
2019-07-19,-97671.26346344377
2019-07-22,-96238.76203388756
2019-07-23,-96791.73575382405
2019-07-24,-92831.85805542764
2019-07-25,-91447.3493210777
2019-07-26,-93820.83712594418
2019-07-29,-91313.67507820038
2019-07-30,-93498.29797656526
2019-07-31,-90756.59480059308
2019-08-01,-87050.62895474579
2019-08-02,-85358.1138635351
2019-08-05,-83557.65147436663
2019-08-06,-81391.43189855739
2019-08-07,-85119.68376554204
2019-08-08,-86689.49391867555
2019-08-09,-84715.61441363273
2019-08-12,-83854.6652797474
2019-08-13,-84121.75849193563
2019-08-14,-81696.9058284857
2019-08-15,-78960.4122559122
2019-08-16,-81221.62558651458
2019-08-19,-82255.70881177967
2019-08-20,-82230.11909782472
2019-08-21,-82688.08846354533
2019-08-22,-81490.52369868229
2019-08-23,-78498.33600639386
2019-08-26,-80672.61299285827
2019-08-27,-79162.68840130673
2019-08-28,-80314.9910517862
2019-08-29,-81803.35536764683
2019-08-30,-81985.66707568402
2019-09-03,-80431.56171169142
2019-09-04,-81973.26181830496
2019-09-05,-76585.49127256454
2019-09-06,-77058.61098351364
2019-09-09,-78423.36337294459
2019-09-10,-81308.86900111049
2019-09-11,-82599.30739746668
2019-09-12,-82563.1068302843
2019-09-13,-82986.71220055432
2019-09-16,-85441.38536034158
2019-09-17,-83706.29555439675
2019-09-18,-82231.25568615427
2019-09-19,-80576.97959196808
2019-09-20,-81507.34639011858
2019-09-23,-79342.329991029
2019-09-24,-77717.44766647869
2019-09-25,-77564.20911390432
2019-09-26,-75611.73346500215
2019-09-27,-75392.08145590276
2019-09-30,-87358.61637978817
2019-10-01,-85093.28586697028
2019-10-02,-86066.57894543829
2019-10-03,-83387.45495871869
2019-10-04,-85626.08730463986
2019-10-07,-86072.10701710304
2019-10-08,-83933.13370101657
2019-10-09,-83056.01169026893
2019-10-10,-82110.52074834387
2019-10-11,-83197.3104504867
2019-10-14,-83692.68663762334
2019-10-15,-85386.66284965079
2019-10-16,-87341.89044736397
2019-10-17,-87064.6399555274
2019-10-18,-85707.1773802212
2019-10-21,-88874.47994552889
2019-10-22,-89283.6391286611
2019-10-23,-87892.8711058176
2019-10-24,-87083.16891962629
2019-10-25,-88252.76085046401
2019-10-28,-88345.34676738523
2019-10-29,-88826.48253733254
2019-10-30,-89769.99799681471
2019-10-31,-90039.89033902826
2019-11-01,-93145.36073331608
2019-11-04,-96342.85066738061
2019-11-05,-96866.34631207382
2019-11-06,-84076.94674301715
2019-11-07,-85211.71327675336
2019-11-08,-85617.33319344037
2019-11-11,-82778.96635609533
2019-11-12,-82520.21295995069
2019-11-13,-82944.96311348466
2019-11-14,-83263.57629650456
2019-11-15,-83108.7887472306
2019-11-18,-81479.71968754246
2019-11-19,-82997.5649872892
2019-11-20,-83514.69230423894
2019-11-21,-81498.19724682567
2019-11-22,-80777.5417451843
2019-11-25,-84419.31761597021
2019-11-26,-84354.87069216538
2019-11-27,-85844.64420057807
2019-11-29,-87773.08067020729
2019-12-02,-84594.89511475107
2019-12-03,-83408.59706743663
2019-12-04,-84982.33712689034
2019-12-05,-83885.92583813652
2019-12-06,-86312.76127255979
2019-12-09,-91489.86766636981
2019-12-10,-85213.24226064235
2019-12-11,-85185.395476271
2019-12-12,-86782.06014822041
2019-12-13,-86872.16650060391
2019-12-16,-81738.61092885799
2019-12-17,-79336.31569494994
2019-12-18,-79689.82027228738
2019-12-19,-82103.39040290634
2019-12-20,-81669.70964061003
2019-12-23,-82952.37242801288
2019-12-24,-85093.56828107002
2019-12-26,-85642.91319070844
2019-12-27,-84293.80084508503
2019-12-30,-82400.78545818543
2019-12-31,-88876.39752394629
2020-01-02,-88956.48372795808
2020-01-03,-86471.8552352492
2020-01-06,-87457.25305531283
2020-01-07,-87245.53747554951
2020-01-08,-87916.51659711968
2020-01-09,-88259.02282668411
2020-01-10,-87507.19358201514
2020-01-13,-90641.3050300731
2020-01-14,-90404.00018311219
2020-01-15,-92548.80543458696
2020-01-16,-85855.81145515238
2020-01-17,-86022.23107683347
2020-01-21,-84564.00133955151
2020-01-22,-84205.88112001403
2020-01-23,-84155.58278660332
2020-01-24,-81456.4242242097
2020-01-27,-80349.29695039966
2020-01-28,-80326.38708276885
2020-01-29,-79748.69700772138
2020-01-30,-79521.4489028483
2020-01-31,-77381.70767544853
2020-02-03,-78075.66148764396
2020-02-04,-77666.47019405905
2020-02-05,-74637.61893062707
2020-02-06,-76072.89373755091
2020-02-07,-74451.38362314219
2020-02-10,-80939.59504119573
2020-02-11,-73913.14381930177
2020-02-12,-74981.62316482115
2020-02-13,-73880.23162822987
2020-02-14,-76602.36112890336
2020-02-18,-76731.21068482616
2020-02-19,-76302.51342920194
2020-02-20,-77656.49286137913
2020-02-21,-77237.03583788486
2020-02-24,-72639.80122290275
2020-02-25,-66742.88329528153
2020-02-26,-63150.53410688341
2020-02-27,-60260.2619858829
2020-02-28,-51175.38359471363
2020-03-02,-50723.41615167088
2020-03-03,-41932.79742181212
2020-03-04,-41714.08853534325
2020-03-05,-37927.329801447006
2020-03-06,-35420.21511498864
2020-03-09,-30466.900596861182
2020-03-10,-40456.031529900596
2020-03-11,-34244.1516917606
2020-03-12,-30545.43478360568
2020-03-13,-35246.52784163736
2020-03-16,-27253.732914516317
2020-03-17,-33052.363296053554
2020-03-18,-30254.755778813265
2020-03-19,-34769.50380846627
2020-03-20,-32952.358768410195
2020-03-23,-32269.17090435129
2020-03-24,-35363.992635513896
2020-03-25,-37314.82292476084
2020-03-26,-39156.83630631134
2020-03-27,-37336.89364969904
2020-03-30,-38073.79054573446
2020-03-31,-84953.04495212046
2020-04-01,-75738.91086530652
2020-04-02,-78544.16279787786
2020-04-03,-78702.44549478535
2020-04-06,-85855.44472757193
2020-04-07,-86661.44838116446
2020-04-08,-93746.99109970378
2020-04-09,-101168.72248048974
2020-04-13,-100158.94210036259
2020-04-14,-104479.1965739412
2020-04-15,-100045.09409519713
2020-04-16,-99922.95214015272
2020-04-17,-104587.10535697584
2020-04-20,-97412.23032987895
2020-04-21,-94712.26616561919
2020-04-22,-94616.59709168336
2020-04-23,-99914.59337525611
2020-04-24,-100101.19405075746
2020-04-27,-105117.86060510678
2020-04-28,-106206.65500943607
2020-04-29,-102517.0035835738
2020-04-30,-99297.10931734828
2020-05-01,-93795.37151551344
2020-05-04,-98115.78114863738
2020-05-05,-100406.12585176378
2020-05-06,-100273.33432520932
2020-05-07,-102243.57676995329
2020-05-08,-104018.08961201846
2020-05-11,-106060.36495363459
2020-05-12,-103305.76682278673
2020-05-13,-98682.71167566202
2020-05-14,-98823.19348344934
2020-05-15,-100119.53772400839
2020-05-18,-104729.92859806816
2020-05-19,-103075.11127087801
2020-05-20,-106095.00850826749
2020-05-21,-107076.04085958395
2020-05-22,-107265.33362610183
2020-05-26,-108777.6205785209
2020-05-27,-91648.21850938917
2020-05-28,-91068.95264770821
2020-05-29,-90604.78186827662
2020-06-01,-92685.03284748468
2020-06-02,-93774.50560450657
2020-06-03,-90412.38789606918
2020-06-04,-91744.11457635972
2020-06-05,-95742.96955462161
2020-06-08,-99525.88669417771
2020-06-09,-97469.65738430698
2020-06-10,-94924.77906800146
2020-06-11,-86707.99266129693
2020-06-12,-90385.50753290132
2020-06-15,-92132.31618815563
2020-06-16,-88854.43189726461
2020-06-17,-87852.44642733541
2020-06-18,-88140.01649665041
2020-06-19,-87849.24393258624
2020-06-22,-89279.24559537742
2020-06-23,-89975.64597976272
2020-06-24,-86776.15198935226
2020-06-25,-88553.89215951292
2020-06-26,-87000.40236189001
2020-06-29,-87981.92204855237
2020-06-30,-122270.42908847812
2020-07-01,-123692.61971543766
2020-07-02,-124046.50862365872
2020-07-06,-126303.31574758854
2020-07-07,-125992.9462942449
2020-07-08,-125548.39622123195
2020-07-09,-122573.99814157285
2020-07-10,-125038.75082043053
2020-07-13,-120020.72007706828
2020-07-14,-122037.30455890376
2020-07-15,-128087.25703146368
2020-07-16,-122903.12582669403
2020-07-17,-124477.38080403936
2020-07-20,-125244.68167564104
2020-07-21,-127930.2718801209
2020-07-22,-126800.36074684832
2020-07-23,-125965.02077055878
2020-07-24,-123885.61510207181
2020-07-27,-113112.69274009451
2020-07-28,-111394.92490240623
2020-07-29,-112426.14439561433
2020-07-30,-110220.83196631921
2020-07-31,-107813.71201568522
2020-08-03,-110404.32512422114
2020-08-04,-110727.44576305403
2020-08-05,-113350.18606947105
2020-08-06,-113197.34357904922
2020-08-07,-114316.40692864892
2020-08-10,-114810.03216029177
2020-08-11,-114321.02342183117
2020-08-12,-115614.12632265326
2020-08-13,-115920.81796531082
2020-08-14,-115026.06419333704
2020-08-17,-116621.89114085627
2020-08-18,-115657.70354465165
2020-08-19,-116044.1854349361
2020-08-20,-114525.73265508273
2020-08-21,-113601.18180612166
2020-08-24,-112979.8805991412
2020-08-25,-114034.76945260626
2020-08-26,-112331.95725100291
2020-08-27,-112207.32552618325
2020-08-28,-114136.08364124871
2020-08-31,-114927.28275514416
2020-09-01,-117156.89006503497
2020-09-02,-119685.38166331558
2020-09-03,-116545.67746652213
2020-09-04,-115105.15960205477
2020-09-08,-112381.56176683989
2020-09-09,-115692.26761135053
2020-09-10,-114729.11050533471
2020-09-11,-111663.8895703684
2020-09-14,-110471.2109529472
2020-09-15,-104509.36397314208
2020-09-16,-108367.74317615695
2020-09-17,-102514.6775387458
2020-09-18,-97651.94993078135
2020-09-21,-96635.5870211127
2020-09-22,-97179.89263494576
2020-09-23,-96097.55939502698
2020-09-24,-95928.923390709
2020-09-25,-95182.67864278588
2020-09-28,-96226.66123944568
2020-09-29,-96790.20626306182
2020-09-30,-120828.2745135257
2020-10-01,-119058.1930462365
2020-10-02,-120313.52949722526
2020-10-05,-123231.95208242504
2020-10-06,-121659.9287846938
2020-10-07,-123788.58756978918
2020-10-08,-123717.89362411713
2020-10-09,-122333.47537451594
2020-10-12,-122030.28579046902
2020-10-13,-122657.8508054724
2020-10-14,-118525.0125273069
2020-10-15,-119122.40462659136
2020-10-16,-118926.26329757225
2020-10-19,-117599.19723043658
2020-10-20,-118455.88794301884
2020-10-21,-119416.48995624708
2020-10-22,-122038.98139281178
2020-10-23,-123152.36475817153
2020-10-26,-118954.14683811435
2020-10-27,-117426.90037711
2020-10-28,-110051.58774344216
2020-10-29,-108046.5301761479
2020-10-30,-104387.32864229607
2020-11-02,-105488.67886645564
2020-11-03,-108289.5927015191
2020-11-04,-107334.3765270896
2020-11-05,-106935.09745034104
2020-11-06,-104021.88636602623
2020-11-09,-111539.27933646542
2020-11-10,-117144.27469331928
2020-11-11,-115476.93665654102
2020-11-12,-114688.39823709115
2020-11-13,-117249.48366398441
2020-11-16,-118935.3159885794
2020-11-17,-118779.66112148088
2020-11-18,-115407.39054294466
2020-11-19,-116861.72143543737
2020-11-20,-117201.59749907213
2020-11-23,-112091.71515574446
2020-11-24,-114903.2212997427
2020-11-25,-114909.79970145044
2020-11-27,-116611.56231195605
2020-11-30,-115405.36725449977
2020-12-01,-116818.41711516965
2020-12-02,-117734.96737557308
2020-12-03,-118815.07923503577
2020-12-04,-110763.13068618922
2020-12-07,-108501.7787534783
2020-12-08,-109872.95065877367
2020-12-09,-106960.54681328582
2020-12-10,-96548.94912048754
2020-12-11,-93691.70268611456
2020-12-14,-93754.3298400771
2020-12-15,-94848.62435211938
2020-12-16,-94254.63830614995
2020-12-17,-95220.18035471764
2020-12-18,-93922.11872403775
2020-12-21,-93643.38244309466
2020-12-22,-93625.40594045409
2020-12-23,-91599.54936583499
2020-12-24,-90646.64597181606
2020-12-28,-88753.3092980766
2020-12-29,-85713.64588440652
2020-12-30,-88808.54163888954
2020-12-31,-92214.89579639629
2021-01-04,-92475.39026292664
2021-01-05,-85297.39600857082
2021-01-06,-87975.43439760906
2021-01-07,-88686.74490335958
2021-01-08,-87178.67146042845
2021-01-11,-87001.90691830547
2021-01-12,-87101.90240065046
2021-01-13,-86102.94144496838
2021-01-14,-87293.9604419583
2021-01-15,-85542.54396094331
2021-01-19,-86128.69361326432
2021-01-20,-83852.61199959251
2021-01-21,-82487.67871411567
2021-01-22,-84445.31699987536
2021-01-25,-87597.86989510052
2021-01-26,-88224.49519854363
2021-01-27,-86891.3515802272
2021-01-28,-87497.03059453539
2021-01-29,-82829.3569924578
2021-02-01,-84275.19159789065
2021-02-02,-82247.13775237925
2021-02-03,-81472.85001559717
2021-02-04,-83481.0206091801
2021-02-05,-86677.107325762
2021-02-08,-84947.30224010923
2021-02-09,-80413.15643649931
2021-02-10,-78983.2944432752
2021-02-11,-77845.48656968695
2021-02-12,-77014.80269789658
2021-02-16,-76732.05586050844
2021-02-17,-75601.66334392977
2021-02-18,-74009.60158316552
2021-02-19,-72603.4639658803
2021-02-22,-72107.66674360655
2021-02-23,-70218.96529440113
2021-02-24,-72361.71965616859
2021-02-25,-72159.81186745863
2021-02-26,-70256.06669860201
2021-03-01,-74182.9646111079
2021-03-02,-75191.94209719771
2021-03-03,-73973.886142544
2021-03-04,-71799.31772971932
2021-03-05,-75178.43472337142
2021-03-08,-73393.18182911842
2021-03-09,-76172.3877314144
2021-03-10,-78762.21883624021
2021-03-11,-87722.80068123515
2021-03-12,-84453.93313126685
2021-03-15,-86027.8638156896
2021-03-16,-85732.82952648838
2021-03-17,-84574.5248253565
2021-03-18,-83093.50304454839
2021-03-19,-86734.05492248126
2021-03-22,-84944.35218294701
2021-03-23,-80807.11832188873
2021-03-24,-77378.86666573957
2021-03-25,-82300.370139674
2021-03-26,-77441.17830086093
2021-03-29,-73623.9140747604
2021-03-30,-75515.2934214514
2021-03-31,-106248.470962633
2021-04-01,-108955.90832992636
2021-04-05,-110470.34672437186
2021-04-06,-107765.63956383632
2021-04-07,-105553.12741164574
2021-04-08,-105831.91862715865
2021-04-09,-106039.89445359152
2021-04-12,-100456.19181995372
2021-04-13,-100703.42025863944
2021-04-14,-101626.07272931455
2021-04-15,-104200.68482684951
2021-04-16,-102522.5551421596
2021-04-19,-100391.92740139987
2021-04-20,-98963.0981950268
2021-04-21,-103019.13197259324
2021-04-22,-104092.97560544962
2021-04-23,-103660.14587143507
2021-04-26,-105759.92174198273
2021-04-27,-104816.51922509327
2021-04-28,-105324.7173182651
2021-04-29,-101605.18018352722
2021-04-30,-99951.8881420071
2021-05-03,-105826.5558396235
2021-05-04,-104283.9530059732
2021-05-05,-105591.60575325097
2021-05-06,-105016.67981998407
2021-05-07,-106296.59493217875
2021-05-10,-108707.75983513877
2021-05-11,-112121.065513548
2021-05-12,-108102.99378024889
2021-05-13,-103351.39304617845
2021-05-14,-105719.97244599601
2021-05-17,-109298.29791934532
2021-05-18,-110872.84142456183
2021-05-19,-108000.19438704241
2021-05-20,-110077.93969924886
2021-05-21,-110300.0668881806
2021-05-24,-109648.02096918238
2021-05-25,-106353.67977665916
2021-05-26,-110421.12955010279
2021-05-27,-112016.60875195127
2021-05-28,-114350.10567632497
2021-06-01,-116673.01962824714
2021-06-02,-116426.2059618592
2021-06-03,-116412.78867081477
2021-06-04,-117230.1500305986
2021-06-07,-117976.85486203282
2021-06-08,-118681.84173509902
2021-06-09,-117629.87968621838
2021-06-10,-115938.04068352694
2021-06-11,-114436.67973929337
2021-06-14,-113051.19960620838
2021-06-15,-111046.9241630746
2021-06-16,-111649.83801907081
2021-06-17,-111043.7035261233
2021-06-18,-110857.66885195194
2021-06-21,-111178.73693375308
2021-06-22,-109320.41773689308
2021-06-23,-110420.04834077478
2021-06-24,-112440.11897861557
2021-06-25,-114207.69616316355
2021-06-28,-112348.83979135622
2021-06-29,-110684.39341178181
2021-06-30,-114322.35062282848
2021-07-01,-114843.03844473496
2021-07-02,-113401.97180033976
2021-07-06,-109505.67591143253
2021-07-07,-110130.51522431361
2021-07-08,-109159.23743130745
2021-07-09,-110557.7471455686
2021-07-12,-110451.54564355063
2021-07-13,-109169.82251295257
2021-07-14,-107759.6701964876
2021-07-15,-106246.1860374328
2021-07-16,-105052.99550669048
2021-07-19,-107799.5507899307
2021-07-20,-107417.99778778045
2021-07-21,-104216.30153329688
2021-07-22,-105615.99519429948
2021-07-23,-95926.12726479371
2021-07-26,-94430.95002603417
2021-07-27,-93313.94327667682
2021-07-28,-95451.53604604266
2021-07-29,-90884.37443496239
2021-07-30,-89522.7568981418
2021-08-02,-93169.8796489802
2021-08-03,-90680.61126641367
2021-08-04,-86817.03120538658
2021-08-05,-89611.212795811
2021-08-06,-89964.46031655316
2021-08-09,-90401.10614035178
2021-08-10,-86942.20010842572
2021-08-11,-87385.01478343847
2021-08-12,-88097.95018223715
2021-08-13,-87928.06125575707
2021-08-16,-86449.3472780265
2021-08-17,-86513.94982521306
2021-08-18,-85176.31799975978
2021-08-19,-82241.26882529032
2021-08-20,-83680.65017965427
2021-08-23,-94042.20841585635
2021-08-24,-96704.92731213852
2021-08-25,-96556.6462621567
2021-08-26,-95144.74648752352
2021-08-27,-92160.73225313869
2021-08-30,-90766.52248012573
2021-08-31,-91198.50232082077
2021-09-01,-92991.0239210894
2021-09-02,-93733.8477592314
2021-09-03,-84225.44136387488
2021-09-07,-87598.11079676039
2021-09-08,-84060.93063206386
2021-09-09,-84920.67368856631
2021-09-10,-81145.84033804077
2021-09-13,-80310.75249968759
2021-09-14,-79182.73202899702
2021-09-15,-81219.7773418599
2021-09-16,-82077.08562346053
2021-09-17,-78958.53834777176
2021-09-20,-76466.65291656747
2021-09-21,-78777.54081634301
2021-09-22,-75640.48752538132
2021-09-23,-73972.80193887479
2021-09-24,-73760.80783189146
2021-09-27,-76141.59387535715
2021-09-28,-74231.38182135891
2021-09-29,-71115.78478934469
2021-09-30,-67155.13391977303
2021-10-01,-63437.56681914218
2021-10-04,-61735.53018545175
2021-10-05,-62422.46754481177
2021-10-06,-61836.4681847515
2021-10-07,-61889.28333861149
2021-10-08,-63899.686259507864
2021-10-11,-64397.30713905187
2021-10-12,-62451.534984073965
2021-10-13,-63421.63480145449
2021-10-14,-65348.38641514097
2021-10-15,-66219.41563166314
2021-10-18,-64232.73160780975
2021-10-19,-59336.104776622284
2021-10-20,-59227.52627802258
2021-10-21,-61461.82180288281
2021-10-22,-61436.3191776318
2021-10-25,-62066.30960370664
2021-10-26,-61748.153680210125
2021-10-27,-61750.869556085534
2021-10-28,-62978.87525890395
2021-10-29,-63615.5602393906
2021-11-01,-65175.253474152276
2021-11-02,-63676.4516100414
2021-11-03,-64640.39072521935
2021-11-04,-66418.329113876
2021-11-05,-63502.75234733868
2021-11-08,-59561.285869103194
2021-11-09,-60919.62782128173
2021-11-10,-59772.498864806956
2021-11-11,-64917.92564055201
2021-11-12,-61386.90241853562
2021-11-15,-61858.34282056862
2021-11-16,-65082.28265219753
2021-11-17,-63315.8489359978
2021-11-18,-62610.01609997791
2021-11-19,-61871.33628953165
2021-11-22,-61697.30176932027
2021-11-23,-61574.270637656125
2021-11-24,-62511.086227375316
2021-11-26,-61619.928256431565
2021-11-29,-55375.22900244387
2021-11-30,-54365.21296385037
2021-12-01,-46049.63958629238
2021-12-02,-49405.74539228502
2021-12-03,-52222.49979601049
2021-12-06,-53793.58948516335
2021-12-07,-54266.76811703962
2021-12-08,-57586.11992160999
2021-12-09,-57117.24915147396
2021-12-10,-56395.68874094566
2021-12-13,-54463.807490557476
2021-12-14,-52576.41557854381
2021-12-15,-54918.43953007652
2021-12-16,-59371.637099408945
2021-12-17,-63782.86976860665
2021-12-20,-61990.86326492285
2021-12-21,-62116.77878428675
2021-12-22,-62197.375555871884
2021-12-23,-61453.499637830326
2021-12-27,-61791.99891214033
2021-12-28,-57957.72319400934
2021-12-29,-58670.442543409976
2021-12-30,-58772.96523163082
2021-12-31,-67235.26420005994
2022-01-03,-72444.29921088424
2022-01-04,-72997.14338725571
2022-01-05,-71678.74232834352
2022-01-06,-73929.50137881991
2022-01-07,-72460.35796341934
2022-01-10,-72140.01872606449
2022-01-11,-72848.16959748727
2022-01-12,-72332.90631928833
2022-01-13,-71550.53680731088
2022-01-14,-71904.9129539446
2022-01-18,-71053.94770468092
2022-01-19,-73739.92177519898
2022-01-20,-72267.27703687688
2022-01-21,-71542.98444509481
2022-01-24,-67490.86707789017
2022-01-25,-67465.25932980172
2022-01-26,-63279.563701365645
2022-01-27,-60716.39441658558
2022-01-28,-63484.06014951803
2022-01-31,-65460.96029373648
2022-02-01,-70953.05664100047
2022-02-02,-70416.06906193518
2022-02-03,-66809.4800369896
2022-02-04,-68072.54250310305
2022-02-07,-69517.90574788343
2022-02-08,-66226.84741702222
2022-02-09,-68714.29061611948
2022-02-10,-68159.03996794827
2022-02-11,-66964.20473206889
2022-02-14,-64398.88080677358
2022-02-15,-67016.72268814854
2022-02-16,-69031.36952505399
2022-02-17,-67162.75883115608
2022-02-18,-66345.89786400466
2022-02-22,-65140.9398976556
2022-02-23,-63743.89047599843
2022-02-24,-64945.906350583246
2022-02-25,-65826.96581668149
2022-02-28,-64963.97637110133
2022-03-01,-64538.51342080146
2022-03-02,-63529.76849243266
2022-03-03,-59588.920819530635
2022-03-04,-60197.81803784821
2022-03-07,-58187.93920299333
2022-03-08,-56529.57984407799
2022-03-09,-59207.42057422685
2022-03-10,-60875.01481769816
2022-03-11,-59685.24664407055
2022-03-14,-57711.27123598574
2022-03-15,-58825.75867487108
2022-03-16,-60650.39484582882
2022-03-17,-63157.05104089259
2022-03-18,-63567.14608798372
2022-03-21,-62280.82244514091
2022-03-22,-63207.97314911454
2022-03-23,-63420.00066040206
2022-03-24,-63944.222103799155
2022-03-25,-61948.148060332605
2022-03-28,-61089.865702402225
2022-03-29,-62664.13389747214
2022-03-30,-62549.6027400574
2022-03-31,-96636.16146273784
2022-04-01,-98387.46955619649
2022-04-04,-100843.10493953848
2022-04-05,-97656.11649002178
2022-04-06,-96022.60265840641
2022-04-07,-94309.05954960566
2022-04-08,-91002.36057206211
2022-04-11,-88870.0047034568
2022-04-12,-87788.09734492477
2022-04-13,-89304.19663340028
2022-04-14,-88428.20389967762
2022-04-18,-84326.8720629934
2022-04-19,-85467.42342447041
2022-04-20,-83974.20073335654
2022-04-21,-80543.51478543873
2022-04-22,-79995.29914362212
2022-04-25,-78769.14042349518
2022-04-26,-74866.08280988652
2022-04-27,-74028.1326761091
2022-04-28,-74108.08971870781
2022-04-29,-69746.150361264
2022-05-02,-70070.95014473557
2022-05-03,-70661.63041892745
2022-05-04,-72276.03277186313
2022-05-05,-67648.99499822897
2022-05-06,-63813.33960006647
2022-05-09,-59134.806014365065
2022-05-10,-61843.41440961248
2022-05-11,-58112.10632184074
2022-05-12,-60493.46040730923
2022-05-13,-63038.85482498759
2022-05-16,-62193.867782615634
2022-05-17,-63719.70671785998
2022-05-18,-61713.88671849209
2022-05-19,-62057.08101159473
2022-05-20,-61604.60949248871
2022-05-23,-60758.63644585289
2022-05-24,-56254.31783305115
2022-05-25,-57039.20986682682
2022-05-26,-58027.02076927355
2022-05-27,-59743.63878442482
2022-05-31,-60348.58004100602
2022-06-01,-60296.72038931624
2022-06-02,-62642.85450980094
2022-06-03,-62910.11731881602
2022-06-06,-61972.878041414064
2022-06-07,-63985.55419975646
2022-06-08,-64999.726320130016
2022-06-09,-63641.199623482156
2022-06-10,-60651.6504932988
2022-06-13,-56280.2054291316
2022-06-14,-56699.3667710836
2022-06-15,-57715.92068421615
2022-06-16,-54714.38117755464
2022-06-17,-57140.76759700372
2022-06-21,-59666.527348465825
2022-06-22,-61981.263054442876
2022-06-23,-63937.18309046395
2022-06-24,-64937.662824598876
2022-06-27,-63462.611265017826
2022-06-28,-61302.457026043645
2022-06-29,-61705.59133854126
2022-06-30,-73293.39307206166
2022-07-01,-75997.50723288798
2022-07-05,-78928.16726864292
2022-07-06,-78095.94335600434
2022-07-07,-79900.98657964858
2022-07-08,-81726.76004043665
2022-07-11,-79278.43548490744
2022-07-12,-80395.0153511985
2022-07-13,-82042.50008437718
2022-07-14,-79244.79280600898
2022-07-15,-81317.98771883728
2022-07-18,-79748.91340071437
2022-07-19,-82696.78960603505
2022-07-20,-84080.39417012063
2022-07-21,-83058.56038589307
2022-07-22,-80256.59888292152
2022-07-25,-80149.79550468504
2022-07-26,-78526.3373387827
2022-07-27,-80378.31027854202
2022-07-28,-81202.11634194807
2022-07-29,-81234.91311118177
2022-08-01,-80387.4040214122
2022-08-02,-83040.81648277324
2022-08-03,-82590.34248070123
2022-08-04,-81310.42003465636
2022-08-05,-85710.14393914118
2022-08-08,-87416.5768453107
2022-08-09,-86223.41628595647
2022-08-10,-89244.5033919948
2022-08-11,-88877.1516224155
2022-08-12,-91842.71727692685
2022-08-15,-90949.40815226776
2022-08-16,-89759.08345694494
2022-08-17,-89152.72638158475
2022-08-18,-86813.92518430408
2022-08-19,-83877.40713091267
2022-08-22,-87186.10605598005
2022-08-23,-88800.82682299879
2022-08-24,-89764.06510622446
2022-08-25,-90426.86627130516
2022-08-26,-87661.55056090107
2022-08-29,-85778.66647297816
2022-08-30,-84407.1001870391
2022-08-31,-83751.3239429912
2022-09-01,-84377.08075082472
2022-09-02,-83902.72158418424
2022-09-06,-81678.08297132439
2022-09-07,-83804.24068059532
2022-09-08,-85388.05901331591
2022-09-09,-86507.6233793271
2022-09-12,-87105.60762221225
2022-09-13,-83418.69081042161
2022-09-14,-80050.9542412058
2022-09-15,-80422.18895512001
2022-09-16,-77845.87377040405
2022-09-19,-76510.26161545496
2022-09-20,-75674.96455766988
2022-09-21,-74651.18224327697
2022-09-22,-71918.1276620261
2022-09-23,-70697.87214171569
2022-09-26,-69497.89283930953
2022-09-27,-71386.73952687206
2022-09-28,-74230.07744264542
2022-09-29,-73265.32554389925
2022-09-30,-67226.24945613899
2022-10-03,-69057.04281786994
2022-10-04,-63092.65034850058
2022-10-05,-64530.120829657324
2022-10-06,-65293.12056534937
2022-10-07,-62227.38628211326
2022-10-10,-61569.381392609364
2022-10-11,-61896.77363967658
2022-10-12,-61640.187162353956
2022-10-13,-63392.60976629468
2022-10-14,-61181.57784145526
2022-10-17,-61942.00346149171
2022-10-18,-61567.31542427235
2022-10-19,-59376.42977235176
2022-10-20,-59390.70819304124
2022-10-21,-60570.8526360856
2022-10-24,-60370.85254962063
2022-10-25,-61640.59425157031
2022-10-26,-62125.63493907471
2022-10-27,-61147.33761155615
2022-10-28,-63331.798114813384
2022-10-31,-64153.69793225623
2022-11-01,-64084.77817816338
2022-11-02,-61999.47136346413
2022-11-03,-62718.92572297824
2022-11-04,-61041.106473139844
2022-11-07,-60585.0171914166
2022-11-08,-59838.976480003184
2022-11-09,-56131.536889264324
2022-11-10,-60302.77521101912
2022-11-11,-62361.68206740412
2022-11-14,-62814.240301902006
2022-11-15,-63246.99810399425
2022-11-16,-60704.49714248246
2022-11-17,-60221.8542516992
2022-11-18,-60791.99810183847
2022-11-21,-61265.3814424143
2022-11-22,-61208.44324659516
2022-11-23,-60556.4978763633
2022-11-25,-61615.023663195185
2022-11-28,-61728.86054968614
2022-11-29,-59145.58868673146
2022-11-30,-60443.75636428835
2022-12-01,-60258.25162208925
2022-12-02,-60367.73377768763
2022-12-05,-59620.6955235103
2022-12-06,-58660.7971613565
2022-12-07,-59070.75035781651
2022-12-08,-54438.00812196985
2022-12-09,-53039.16412299606
2022-12-12,-51997.60075348415
2022-12-13,-49756.31809761445
2022-12-14,-49184.2368497814
2022-12-15,-47448.026834449156
2022-12-16,-45756.97910656929
2022-12-19,-44363.12743033663
2022-12-20,-44518.91336381392
2022-12-21,-45202.662561280034
2022-12-22,-44353.6725761936
2022-12-23,-44308.62786187339
2022-12-27,-42902.428241644746
2022-12-28,-42206.8431683809
2022-12-29,-44294.646547642486
2022-12-30,-55497.74989690827
2023-01-03,-55565.659843091504
2023-01-04,-57474.50253278698
2023-01-05,-58256.108078136895
2023-01-06,-59377.906704197
2023-01-09,-60094.55592144089
2023-01-10,-58617.87229338405
2023-01-11,-60478.68146943283
2023-01-12,-61979.548077384214
2023-01-13,-62938.0546326957
2023-01-17,-62785.88531773175
2023-01-18,-58765.645585634324
2023-01-19,-55861.046107866954
2023-01-20,-57981.30525468872
2023-01-23,-60100.53801910413
2023-01-24,-60169.042808084545
2023-01-25,-58426.985558934306
2023-01-26,-56922.17112010311
2023-01-27,-59594.24265025616
2023-01-30,-58582.504643443324
2023-01-31,-60703.048863422504
2023-02-01,-61091.062159158086
2023-02-02,-63904.646494154185
2023-02-03,-63648.25979736222
2023-02-06,-63305.316814614074
2023-02-07,-62414.472753145805
2023-02-08,-61512.926675508505
2023-02-09,-62107.02397722867
2023-02-10,-64662.89700216247
2023-02-13,-63787.41562713579
2023-02-14,-63502.12675975561
2023-02-15,-63007.433409190824
2023-02-16,-62129.3037848653
2023-02-17,-62892.81595242605
2023-02-21,-60785.02920412199
2023-02-22,-62987.640441432624
2023-02-23,-62770.89122632755
2023-02-24,-60990.336970748656
2023-02-27,-60804.239926304566
2023-02-28,-61286.363382798256
2023-03-01,-64408.1167055749
2023-03-02,-64937.80949261502
2023-03-03,-65722.43614037322
2023-03-06,-63827.16160723503
2023-03-07,-63711.00398648857
2023-03-08,-63821.83535217779
2023-03-09,-61604.395419696244
2023-03-10,-63472.682054942765
2023-03-13,-62872.18413780887
2023-03-14,-65509.96323592975
2023-03-15,-65786.02212057519
2023-03-16,-65515.26363475788
2023-03-17,-63934.75346259311
2023-03-20,-63321.26921620451
2023-03-21,-61754.085762145674
2023-03-22,-54803.32287609095
2023-03-23,-55146.13808237592
2023-03-24,-52197.18785810488
2023-03-27,-51212.304632113344
2023-03-28,-49966.03786666111
2023-03-29,-48712.22612069911
2023-03-30,-47431.962006188485
2023-03-31,-62565.69661185687
2023-04-03,-64447.897005602645
2023-04-04,-64249.77221789336
2023-04-05,-63245.97258811181
2023-04-06,-63341.75654651204
2023-04-10,-64315.75913026983
2023-04-11,-65707.98771987177
2023-04-12,-66070.39012424587
2023-04-13,-69276.15187734476
2023-04-14,-69276.52704079333
2023-04-17,-69833.10250604735
2023-04-18,-68839.20629007425
2023-04-19,-68393.35552267525
2023-04-20,-64268.36511115161
2023-04-21,-65763.48708411299
2023-04-24,-64046.34772875076
2023-04-25,-62171.27736358924
2023-04-26,-63418.59912485539
2023-04-27,-66077.9234411879
2023-04-28,-66371.58546068083
2023-05-01,-66123.86141464746
2023-05-02,-65687.12810650433
2023-05-03,-59319.954184608156
2023-05-04,-58648.75788407732
2023-05-05,-61435.14642214759
2023-05-08,-62847.63281846775
2023-05-09,-66676.76124233563
2023-05-10,-61057.34161694342
2023-05-11,-58419.35945392458
2023-05-12,-57148.29352982078
2023-05-15,-45185.03456537866
2023-05-16,-48869.904568508035
2023-05-17,-50337.95436955731
2023-05-18,-52559.868253199034
2023-05-19,-54584.1649602113
2023-05-22,-54131.98440322943
2023-05-23,-53908.76514828034
2023-05-24,-52041.21515605526
2023-05-25,-50204.059034929625
2023-05-26,-49771.24274012822
2023-05-30,-49850.29563114161
2023-05-31,-49529.02813072055
2023-06-01,-49918.782871806216
2023-06-02,-50185.96500880619
2023-06-05,-51178.2521259172
2023-06-06,-52242.54755379656
2023-06-07,-53113.24300191077
2023-06-08,-51591.07312796761
2023-06-09,-50580.30228996267
2023-06-12,-51402.49409905063
2023-06-13,-51992.50964398117
2023-06-14,-50789.6795346372
2023-06-15,-52665.74571844185
2023-06-16,-51670.92342906884
2023-06-20,-51102.311241408956
2023-06-21,-50158.11109496871
2023-06-22,-55849.46693059328
2023-06-23,-56758.76096112902
2023-06-26,-54456.606761763745
2023-06-27,-55168.47316521473
2023-06-28,-54809.722068356714
2023-06-29,-55311.21681617623
2023-06-30,-121344.89164368309
2023-07-03,-127065.44006203044
2023-07-05,-125362.60737037082
2023-07-06,-120200.58417428397
2023-07-07,-124093.14865680019
2023-07-10,-123847.49020146787
2023-07-11,-126556.7242883339
2023-07-12,-127763.29636364305
2023-07-13,-128979.45390157153
2023-07-14,-126149.9165341614
2023-07-17,-127087.75848568603
2023-07-18,-131701.3231083707
2023-07-19,-136728.77980037243
2023-07-20,-133096.70804676347
2023-07-21,-132681.13397604928
2023-07-24,-134343.28257211036
2023-07-25,-126316.92192482132
2023-07-26,-136494.22631152105
2023-07-27,-133624.00929806507
2023-07-28,-137435.63895413652
2023-07-31,-140181.10120871596
2023-08-01,-141096.37404899384
2023-08-02,-140887.29120819646
2023-08-03,-137067.46466812465
2023-08-04,-135146.00921753407
2023-08-07,-133998.69190414745
2023-08-08,-132042.67976553398
2023-08-09,-130456.07280520358
2023-08-10,-130500.28157144056
2023-08-11,-129372.09579462858
2023-08-14,-129244.74482505162
2023-08-15,-120616.4154264578
2023-08-16,-121523.92633173443
2023-08-17,-120353.60579051414
2023-08-18,-120874.90614477327
2023-08-21,-121201.405268645
2023-08-22,-121574.34335431263
2023-08-23,-120500.32938563611
2023-08-24,-118844.69254406806
2023-08-25,-118769.688215309
2023-08-28,-119013.48708825713
2023-08-29,-121163.15388358691
2023-08-30,-120731.70404766341
2023-08-31,-120241.06083883008
2023-09-01,-122633.29970675419
2023-09-05,-120827.76019222803
2023-09-06,-119891.9019064373
2023-09-07,-120289.11919829382
2023-09-08,-120261.25120857274
2023-09-11,-121678.19666164166
2023-09-12,-116444.55866959857
2023-09-13,-113746.3557412489
2023-09-14,-116626.13491448582
2023-09-15,-114397.30161922361
2023-09-18,-115826.03650704079
2023-09-19,-112579.40280646693
2023-09-20,-112711.36315550281
2023-09-21,-106424.6099812173
2023-09-22,-100084.98800975583
2023-09-25,-100835.01028645477
2023-09-26,-99019.22499512366
2023-09-27,-99270.82999648008
2023-09-28,-99083.70229094531
2023-09-29,-107547.18440735417
2023-10-02,-103779.10033846127
2023-10-03,-97135.35511726608
2023-10-04,-98987.3224306492
2023-10-05,-97246.73896365942
2023-10-06,-99084.46513068718
2023-10-09,-102471.68429211904
2023-10-10,-104977.79686154939
2023-10-11,-108472.28499733676
2023-10-12,-107031.6896477748
2023-10-13,-105515.73460218086
2023-10-16,-107401.71291207899
2023-10-17,-107126.19209354451
2023-10-18,-103898.15513531395
2023-10-19,-99904.06065239679
2023-10-20,-98957.26731790509
2023-10-23,-96267.47151803637
2023-10-24,-94739.76284524778
2023-10-25,-90285.50515434619
2023-10-26,-94816.63457478379
2023-10-27,-88488.5331335907
2023-10-30,-90630.50419078945
2023-10-31,-90842.32999005003
2023-11-01,-90361.54589038205
2023-11-02,-97589.77978309085
2023-11-03,-102930.82278651767
2023-11-06,-94742.48445305286
2023-11-07,-94638.3706906722
2023-11-08,-96719.6604168406
2023-11-09,-95002.84104397523
2023-11-10,-92878.58909775826
2023-11-13,-89416.4570136881
2023-11-14,-96351.32667908963
2023-11-15,-104958.9908378316
2023-11-16,-101032.83936107719
2023-11-17,-104873.49836309413
2023-11-20,-105028.04454632897
2023-11-21,-100294.79168068939
2023-11-22,-106516.19048223893
2023-11-24,-105432.0166238855
2023-11-27,-108641.83540934356
2023-11-28,-112030.31637684918
2023-11-29,-115534.3122270762
2023-11-30,-114398.14796321851
2023-12-01,-118149.31386036109
2023-12-04,-117989.53022955322
2023-12-05,-115233.97183847806
2023-12-06,-115361.00222194835
2023-12-07,-118131.9029660718
2023-12-08,-115019.03985878974
2023-12-11,-114332.74040589528
2023-12-12,-110600.22437988473
2023-12-13,-116125.45839879473
2023-12-14,-129646.80929333628
2023-12-15,-129900.96693500955
2023-12-18,-126306.44924442662
2023-12-19,-132082.25259542328
2023-12-20,-130980.32315177178
2023-12-21,-132971.94947646532
2023-12-22,-135307.71029742778
2023-12-26,-138976.70185878215
2023-12-27,-142467.6092843796
2023-12-28,-142011.17768147614
2023-12-29,-133065.30555585926
2024-01-02,-134514.81873364397
2024-01-03,-129239.61755975902
2024-01-04,-127928.77368901383
2024-01-05,-121572.69807761193
2024-01-08,-135530.53163119595
2024-01-09,-158197.822819965
2024-01-10,-157649.30783194257
2024-01-11,-154925.25392852983
2024-01-12,-157193.77932931672
2024-01-16,-155006.8536044803
2024-01-17,-153282.30362436004
2024-01-18,-153696.8519873203
2024-01-19,-152075.0627280286
2024-01-22,-154025.6067099842
2024-01-23,-157333.81275551653
2024-01-24,-154879.37155751282
2024-01-25,-158244.73943410968
2024-01-26,-159592.40966191454
2024-01-29,-160656.9839297664
2024-01-30,-161722.9963469805
2024-01-31,-159608.76450310755
2024-02-01,-159336.11437970452
2024-02-02,-146861.8640382227
2024-02-05,-139252.70105786275
2024-02-06,-143646.24270943736
2024-02-07,-148902.0859700017
2024-02-08,-150427.6348854367
2024-02-09,-157226.42361628555
2024-02-12,-161004.50449304876
2024-02-13,-150492.4719222353
2024-02-14,-159497.40841910045
2024-02-15,-162321.85774418633
2024-02-16,-158339.0902111237
2024-02-20,-158391.12890138107
2024-02-21,-122317.92180085967
2024-02-22,-110342.52905481082
2024-02-23,-94127.25392776608
2024-02-26,-94245.51842905255
2024-02-27,-91849.38969526501
2024-02-28,-94407.85398053369
2024-02-29,-96926.49775958435
2024-03-01,-100511.4043839755
2024-03-04,-98862.20901050969
2024-03-05,-95760.24480248272
2024-03-06,-97986.45896661456
2024-03-07,-99499.14918053582
2024-03-08,-100645.72238875274
2024-03-11,-97921.73150829799
2024-03-12,-94925.90060927274
2024-03-13,-92561.05188638657
2024-03-14,-87948.99492812996
2024-03-15,-89711.29971826608
2024-03-18,-86948.23349642575
2024-03-19,-88667.55139905954
2024-03-20,-91341.01441116487
2024-03-21,-95347.46706730129
2024-03-22,-97740.1352657375
2024-03-25,-99107.54961843336
2024-03-26,-100087.20874838228
2024-03-27,-102875.06224763839
2024-03-28,-83066.59276442588
2024-04-01,-82394.99222473554
2024-04-02,-81680.78040867769
2024-04-03,-83464.36951018882
2024-04-04,-82030.28938744517
2024-04-05,-77948.17497113551
2024-04-08,-79023.92002189264
2024-04-09,-78949.83544034376
2024-04-10,-78106.57696618457
2024-04-11,-81115.26579788288
2024-04-12,-80256.7989044424
2024-04-15,-82211.6612755979
2024-04-16,-79932.06130290458
2024-04-17,-80172.51645359151
2024-04-18,-81280.44623472275
2024-04-19,-82519.97541396003
2024-04-22,-78507.18146455505
2024-04-23,-79794.87538592971
2024-04-24,-81287.59466411134
2024-04-25,-80325.99165343789
2024-04-26,-81365.24344953662
2024-04-29,-83797.35774573176
2024-04-30,-85806.41517155677
2024-05-01,-84505.01924097285
2024-05-02,-85646.18111066974
2024-05-03,-86478.48814212129
2024-05-06,-87332.1020145912
2024-05-07,-87162.15657250209
2024-05-08,-87329.88640826015
2024-05-09,-87431.34824485243
2024-05-10,-89826.27598933807
2024-05-13,-90560.92354077187
2024-05-14,-87489.18141182832
2024-05-15,-93200.67416141558
2024-05-16,-89370.34746835222
2024-05-17,-78765.86481323396
2024-05-20,-78560.8312321322
2024-05-21,-78455.33409019154
2024-05-22,-78061.62582337904
2024-05-23,-78161.74575558219
2024-05-24,-80714.17394359113
2024-05-28,-80363.53169409969
2024-05-29,-80660.0814764041
2024-05-30,-80233.50007799747
2024-05-31,-78170.32156505127
2024-06-03,-77983.24881530485
2024-06-04,-76808.00808756228
2024-06-05,-75619.36898788306
2024-06-06,-75520.92505233208
2024-06-07,-74776.11909786069
2024-06-10,-75813.03271981378
2024-06-11,-74680.68122826298
2024-06-12,-74839.80987529652
2024-06-13,-74522.92746298078
2024-06-14,-73852.41411088985
2024-06-17,-71078.87827764315
2024-06-18,-69909.93649788859
2024-06-20,-69275.69625786123
2024-06-21,-70682.54060004716
2024-06-24,-69054.99813338014
2024-06-25,-70089.3172632952
2024-06-26,-68864.81673469617
2024-06-27,-69122.0641010433
2024-06-28,-82171.27078893357
2024-07-01,-80700.10104187242
2024-07-02,-80165.40775895961
2024-07-03,-81917.47781110017
2024-07-05,-83115.6200628762
2024-07-08,-82427.6009795317
2024-07-09,-81858.26572105818
2024-07-10,-82384.99643224264
2024-07-11,-90334.74465286292
2024-07-12,-78940.66350419092
2024-07-15,-79502.01551780658
2024-07-16,-84345.49436423629
2024-07-17,-86791.4363080102
2024-07-18,-80596.07864889356
2024-07-19,-81837.81895845363
2024-07-22,-87066.98428418927
2024-07-23,-100367.71114617957
2024-07-24,-98391.23771608181
2024-07-25,-95241.78341524316
2024-07-26,-94275.66862896133
2024-07-29,-89184.20511594835
2024-07-30,-89263.17522715329
2024-07-31,-89081.52149703933
2024-08-01,-89655.0561417668
2024-08-02,-81673.90151295526
2024-08-05,-81539.6237093264
2024-08-06,-88160.68909447738
2024-08-07,-84453.3936614559
2024-08-08,-81502.81570486249
2024-08-09,-71218.45011226682
2024-08-12,-68616.52686909666
2024-08-13,-72365.05666405254
2024-08-14,-79642.51373235817
2024-08-15,-74936.52756946615
2024-08-16,-77141.00751643785
2024-08-19,-79600.71941161611
2024-08-20,-80333.16063287962
2024-08-21,-83018.8826431671
2024-08-22,-81921.7773931208
2024-08-23,-62099.837864173714
2024-08-26,-64035.76082004665
2024-08-27,-62721.364863016155
2024-08-28,-62611.24430376417
2024-08-29,-61868.90564639534
2024-08-30,-61269.09076830241
2024-09-03,-57374.1417695462
2024-09-04,-59368.46237367157
2024-09-05,-57907.83283946585
2024-09-06,-55921.046994836994
2024-09-09,-56170.212707555394
2024-09-10,-57790.89960894246
2024-09-11,-58139.9530116543
2024-09-12,-60290.879072977026
2024-09-13,-62219.23138494697
2024-09-16,-60207.499055584194
2024-09-17,-61538.41525388308
2024-09-18,-62178.871242898
2024-09-19,-62935.27091019646
2024-09-20,-61342.527594995736
2024-09-23,-61072.07561616142
2024-09-24,-62062.07593001841
2024-09-25,-62021.08301750668
2024-09-26,-64173.81998436266
2024-09-27,-64116.91963694157
2024-09-30,-65249.35985164577
2024-10-01,-62533.00737508894
2024-10-02,-63320.016972875244
2024-10-03,-62754.282683147285
2024-10-04,-64216.6714654884
2024-10-07,-63072.19533115411
2024-10-08,-62963.029526612896
2024-10-09,-62531.93895327433
2024-10-10,-60524.816613653544
2024-10-11,-62123.59337248512
2024-10-14,-61146.49664993421
2024-10-15,-59191.66437716497
2024-10-16,-60479.69557882379
2024-10-17,-60247.09440112226
2024-10-18,-59771.41819241571
2024-10-21,-61922.97017106217
2024-10-22,-62229.52399118699
2024-10-23,-59973.42804486897
2024-10-24,-62528.7971864466
2024-10-25,-60817.41968963111
2024-10-28,-61694.586172698364
2024-10-29,-61459.969102518946
2024-10-30,-60990.336692179495
2024-10-31,-60565.44994474915
2024-11-01,-60155.21032461038
2024-11-04,-61179.29616136247
2024-11-05,-65013.881495067224
2024-11-06,-64429.36571260489
2024-11-07,-61766.43194301631
2024-11-08,-62655.624358556066
2024-11-11,-63486.70188831873
2024-11-12,-61921.7296920325
2024-11-13,-61857.11592302422
2024-11-14,-62421.05430329896
2024-11-15,-63163.528200975605
2024-11-18,-63096.43332654333
2024-11-19,-63320.41600500909
2024-11-20,-63194.05213139572
2024-11-21,-64449.581542866195
2024-11-22,-65015.22289305055
2024-11-25,-66053.4143959427
2024-11-26,-65144.16685668231
2024-11-27,-63760.170430436745
2024-11-29,-64734.950245139844
2024-12-02,-64975.67177273737
2024-12-03,-63948.88956984135
2024-12-04,-64254.73233529284
2024-12-05,-64648.853376638435
2024-12-06,-64027.365273295545
2024-12-09,-65113.90251000464
2024-12-10,-63030.30472789047
2024-12-11,-64899.36765635527
2024-12-12,-66639.23951418043
2024-12-13,-66375.99016652364
2024-12-16,-66715.72385129747
2024-12-17,-65025.10288736628
2024-12-18,-62606.742953202105
2024-12-19,-65863.35663402996
2024-12-20,-65580.72301904268
2024-12-23,-63854.73225272002
2024-12-24,-64648.49949967156
2024-12-26,-65118.43235290139
2024-12-27,-63749.22973817737
2024-12-30,-64269.41395762798
2024-12-31,-59729.35560982769
