date,ticker,ret,gross_ret,type,cost
2010-12-31,SFG,0.20109018592032823,0.20646868111383565,rebalance_exit,400031.74603174604
2010-12-31,HME,0.04567326686868878,0.0489603039296862,rebalance_exit,400031.74603174604
2010-12-31,BNE_old,0.014121787157062249,0.014121787157062249,rebalance_exit,400031.74603174604
2010-12-31,TECD,0.09097047466961006,0.09230772434561607,rebalance_exit,400031.74603174604
2010-12-31,LIA,-0.05413586634940004,-0.05413586634940004,rebalance_exit,400031.74603174604
2010-12-31,PSYS1,0.0041579270013902825,0.0041579270013902825,rebalance_exit,400031.74603174604
2010-12-31,AXE,0.16033308771869215,0.16033308771869215,rebalance_exit,400031.74603174604
2010-12-31,HLS,0.07527500700801992,0.07527500700801992,rebalance_exit,400031.74603174604
2010-12-31,ENH,0.16186820417602954,0.16383583940246305,rebalance_exit,400031.74603174604
2011-02-17,TSRA,-0.20654166548677932,-0.20219027795594935,stop_loss_exit,89037.09020958177
2011-03-31,CNL_old1,0.15766373882435092,0.1576637388243507,rebalance_exit,400031.74603174604
2011-03-31,OMI,0.15595057926086664,0.15595057926086664,rebalance_exit,400031.74603174604
2011-03-31,NDZ,0.027214812553532308,0.03336212597183219,rebalance_exit,89037.09020958177
2011-03-31,ACCL_old,-0.036144600462750365,-0.036144600462750365,rebalance_exit,89037.09020958177
2011-03-31,LWSN,0.3023426970348544,0.3081081493480786,rebalance_exit,89037.09020958177
2011-03-31,UBA,0.003563604681039223,0.003563604681039223,rebalance_exit,89037.09020958177
2011-03-31,MINI,0.2199106461937561,0.2199106461937561,rebalance_exit,89037.09020958177
2011-03-31,JAH,0.15513338241009578,0.15513338241009578,rebalance_exit,89037.09020958177
2011-03-31,BOBE,-0.011273427072516107,-0.00634718938600054,rebalance_exit,89037.09020958177
2011-03-31,DHCP,-0.10289425461201696,-0.10289425461201696,rebalance_exit,89037.09020958177
2011-03-31,MPW,0.08404414970554042,0.08404414970554064,rebalance_exit,89037.09020958177
2011-03-31,HTS,-0.04394386839791031,-0.04255039331101207,rebalance_exit,89037.09020958177
2011-03-31,ATMI,-0.054564891196553056,-0.05265802990405,rebalance_exit,89037.09020958177
2011-03-31,AMSG,0.2143197903391476,0.2143197903391476,rebalance_exit,89037.09020958177
2011-03-31,UIL,0.031052055647466492,0.031052055647466492,rebalance_exit,89037.09020958177
2011-03-31,BMTC,0.1833592285156802,0.1833592285156802,rebalance_exit,49570.490546875
2011-03-31,LDR,0.03503849746311949,0.03503849746311949,rebalance_exit,89037.09020958177
2011-03-31,FDP,0.04461086610992582,0.047648686192360845,rebalance_exit,89037.09020958177
2011-03-31,WAC,-0.10289146474988065,-0.10289146474988065,rebalance_exit,89037.09020958177
2011-05-26,PTP,-0.20842362950290005,-0.20404414004391636,stop_loss_exit,400031.74603174604
2011-06-07,BRKL_old,-0.21005976539421656,-0.20988286004272916,stop_loss_exit,89037.09020958177
2011-06-30,CV_old,0.8418179095068452,0.8450862783913293,rebalance_exit,100728.23859375001
2011-06-30,MRH,0.05469291357017081,0.05670021157189575,rebalance_exit,400031.74603174604
2011-06-30,BBBB,0.04117903763426822,0.0471736078564855,rebalance_exit,89037.09020958177
2011-06-30,LANC,0.07250740457444782,0.07582255873313803,rebalance_exit,89037.09020958177
2011-06-30,EMCI,-0.13332287297011247,-0.13332287297011247,rebalance_exit,17022.2624609375
2011-06-30,BLT,0.10850247840345228,0.1085024784034525,rebalance_exit,89037.09020958177
2011-06-30,PCH,0.10473512266570162,0.10905899953376275,rebalance_exit,89037.09020958177
2011-06-30,MHLD,0.17226965917619164,0.17511227948528352,rebalance_exit,89037.09020958177
2011-06-30,ASI,-0.11679845431506863,-0.11070302656619813,rebalance_exit,89037.09020958177
2011-06-30,OABC,0.0892981893979139,0.09353433705105818,rebalance_exit,42316.59328125
2011-06-30,B_old,0.20903045859918135,0.20903045859918135,rebalance_exit,89037.09020958177
2011-06-30,NXGN,0.2952908407024786,0.2952908407024786,rebalance_exit,89037.09020958177
2011-06-30,PPS,0.12651811861634887,0.13456624460805533,rebalance_exit,89037.09020958177
2011-06-30,HTSI,0.18749248365393045,0.18830882577365426,rebalance_exit,89037.09020958177
2011-06-30,FLIC,-0.025492974211726138,-0.022155563291378355,rebalance_exit,89037.09020958177
2011-06-30,CCMP,0.12111060315155364,0.12111060315155364,rebalance_exit,89037.09020958177
2011-06-30,MSWP,0.3124623783887148,0.3124623783887148,rebalance_exit,54646.41750000001
2011-06-30,EDE,-0.10618923720121065,-0.10618923720121076,rebalance_exit,89037.09020958177
2011-06-30,CEDU,-0.14166734563550065,-0.1405263669227843,rebalance_exit,3080.89025390625
2011-06-30,MOFG,-0.0320577316920273,-0.02386726921241844,rebalance_exit,13414.267275390626
2011-06-30,FFG,0.04670870551927875,0.04670870551927875,rebalance_exit,125429.13286465783
2011-06-30,QLGC,-0.1440496059197539,-0.1440496059197538,rebalance_exit,125429.13286465783
2011-06-30,ABCO,0.12010346802114835,0.12388351588573276,rebalance_exit,125429.13286465783
2011-06-30,EXL,-0.07025810144951139,-0.06678744213680754,rebalance_exit,74348.56
2011-06-30,AAI,-0.006279392827262198,-0.006279392827262309,rebalance_exit,125429.13286465783
2011-06-30,FLY_old,-0.03482518606181062,-0.028061388470226434,rebalance_exit,89851.948125
2011-07-28,BGG,-0.24737235698037519,-0.24273692314204265,stop_loss_exit,125429.13286465783
2011-07-29,SFG,-0.21166256519217885,-0.21166256519217885,stop_loss_exit,130121.80534441766
2011-08-04,VGR,-0.037128614687099715,-0.03164485001995865,crash_overlay_exit,240019.0476190476
2011-08-04,LSI,0.0573388879998078,0.060963931540022775,crash_overlay_exit,240019.0476190476
2011-08-04,ANH,0.10203227660627645,0.10203227660627645,crash_overlay_exit,240019.0476190476
2011-08-04,NSH_old,0.006485885394432067,0.006485885394432067,crash_overlay_exit,190583.83950000003
2011-08-04,SJI,0.009881636546798633,0.018795513013000642,crash_overlay_exit,240019.0476190476
2011-08-04,CHG,0.173299648468346,0.1784861653497951,crash_overlay_exit,103536.7749375
2011-08-04,ELNK,-0.11684694495449888,-0.11684694495449899,crash_overlay_exit,240019.0476190476
2011-08-04,COL,-0.11985763066837263,-0.11985763066837263,crash_overlay_exit,240019.0476190476
2011-08-04,NAVG,-0.013720216954596465,-0.013720216954596465,crash_overlay_exit,104719.0055625
2011-08-04,KNX1,-0.24104521319785355,-0.24104521319785355,crash_overlay_exit,240019.0476190476
2011-08-04,WGL,0.037694903370735444,0.042868136516737376,crash_overlay_exit,240019.0476190476
2011-08-04,TSCDD,-0.1006285600465523,-0.10062856004655218,crash_overlay_exit,53422.25412574906
2011-08-04,ROIC,0.09808003990625536,0.11041301009031046,crash_overlay_exit,53422.25412574906
2011-08-04,KW,0.13400258786859087,0.14015643111636833,crash_overlay_exit,53422.25412574906
2011-08-04,VWTR,-0.18823994970846514,-0.17420539437104843,crash_overlay_exit,53422.25412574906
2011-08-04,TDCP,-0.12790699125045446,-0.06395349562522723,crash_overlay_exit,17338.215
2011-08-04,CXS,-0.22334275864938802,-0.22110032098159793,crash_overlay_exit,24910.257468750002
2011-08-04,HGIC,-0.19028282468374724,-0.18254658078247843,crash_overlay_exit,53422.25412574906
2011-08-04,KDN,-0.19142480467398582,-0.19142480467398582,crash_overlay_exit,53422.25412574906
2011-08-04,OZRK,0.17753974072082168,0.18559698989278517,crash_overlay_exit,53422.25412574906
2011-08-04,UNS,-0.027913816202793318,-0.027064766087426584,crash_overlay_exit,53422.25412574906
2011-08-04,FXCB,0.09206079340881868,0.09469246397898279,crash_overlay_exit,32289.749765624998
2011-08-04,HI,-0.021808172881086052,-0.006789135860649997,crash_overlay_exit,53422.25412574906
2011-08-04,OPI,-0.14158167173724678,-0.14158167173724678,crash_overlay_exit,53422.25412574906
2011-08-04,CHFC,-0.16376610718729046,-0.15913010298134345,crash_overlay_exit,53422.25412574906
2011-08-04,CYS,0.007563036593191574,0.016523179334008375,crash_overlay_exit,53422.25412574906
2011-08-04,CMO,0.05363321430297274,0.059363550275624455,crash_overlay_exit,53422.25412574906
2011-08-04,AFSI,0.29998674007085935,0.29998674007085935,crash_overlay_exit,53422.25412574906
2011-08-04,EQC,-0.16093380598224605,-0.16093380598224605,crash_overlay_exit,53422.25412574906
2011-08-04,DCMYY,0.005119555499498718,0.005119555499498718,crash_overlay_exit,75257.4797187947
2011-08-04,DRYS,-0.0031645415874076432,-0.0031645415874077543,crash_overlay_exit,75257.4797187947
2011-08-04,AEC_old,0.028739834483254123,0.0434508548747321,crash_overlay_exit,75257.4797187947
2011-08-04,FFIC,-0.18756755536434389,-0.17447213543904994,crash_overlay_exit,75257.4797187947
2011-08-04,UMPQ,-0.049479989425977644,-0.04253312553747268,crash_overlay_exit,75257.4797187947
2011-08-04,IRC,-0.16933862660768906,-0.16933862660768917,crash_overlay_exit,75257.4797187947
2011-08-04,BHLB,0.019220287319019258,0.03350843152682503,crash_overlay_exit,39354.0328125
2011-08-04,ADPI,-0.12134095815563717,-0.1181402594706511,crash_overlay_exit,36978.80071875
2011-08-04,RSO,-0.1591323982950571,-0.15532993117975347,crash_overlay_exit,75257.4797187947
2011-08-04,AEL,-0.17129151765243755,-0.17124780178765042,crash_overlay_exit,75257.4797187947
2011-08-04,MGLN,-0.06263738699002286,-0.050990486581335315,crash_overlay_exit,75257.4797187947
2011-08-04,CEC,-0.05061687921462055,-0.05061687921462066,crash_overlay_exit,75257.4797187947
2011-08-04,COR_old,-0.07834881962889706,-0.07834881962889695,crash_overlay_exit,75257.4797187947
2011-08-04,ENH,-0.2076205321035557,-0.2076205321035557,crash_overlay_exit,75257.4797187947
2011-08-04,PL_old,-0.15949791792743584,-0.15391265002641674,crash_overlay_exit,78073.0832066506
2011-08-04,HITT,-0.1387624180553766,-0.13406556707345063,crash_overlay_exit,78073.0832066506
2011-08-04,JAH,-0.16216212748522585,-0.16216212748522574,crash_overlay_exit,78073.0832066506
2011-08-04,VIVO_old,-0.1992337957153385,-0.196437168923986,crash_overlay_exit,78073.0832066506
2011-08-04,BLUD,0.2654260556338659,0.2654260556338661,crash_overlay_exit,78073.0832066506
2011-08-04,CNBC,-0.04536398609016912,-0.029521438636849973,crash_overlay_exit,62152.7398359375
2011-08-04,CLCT,0.06989678535815425,0.06989678535815425,crash_overlay_exit,18083.1512578125
2011-08-04,ATAX,-0.015240452647013236,-0.015240452647013125,crash_overlay_exit,5871.872513671876
2011-08-04,SYA,-0.13844338033029324,-0.13844338033029324,crash_overlay_exit,78073.0832066506
2011-08-04,MPW,-0.08909640258967322,-0.08909640258967333,crash_overlay_exit,78073.0832066506
2011-08-04,FPO,-0.11129518252980763,-0.11129518252980763,crash_overlay_exit,78073.0832066506
2011-08-04,DHIL,-0.08019611337237598,-0.0791015504545286,crash_overlay_exit,63629.26078125
2011-08-04,ORIT,-0.0023314416900174217,0.003910546544167337,crash_overlay_exit,78073.0832066506
2011-08-04,PSSI,-0.18435377160884836,-0.1840269727554349,crash_overlay_exit,78073.0832066506
2011-08-04,UIL,-0.04311327624529682,-0.0384070451658064,crash_overlay_exit,78073.0832066506
2011-08-04,DBDQQ,-0.1241483025510084,-0.1241483025510084,crash_overlay_exit,78073.0832066506
2011-08-04,QUMU,0.05440354874951292,0.05440354874951292,crash_overlay_exit,33886.795546875
2011-08-04,WES2,-0.052661960617285564,-0.04861430407275624,crash_overlay_exit,78073.0832066506
2011-08-04,JBT,-0.2141887587394764,-0.20962759825335142,crash_overlay_exit,78073.0832066506
2011-08-04,MIG_old,-0.09122312389140974,-0.08577189110829087,crash_overlay_exit,78073.0832066506
2011-08-04,DBD_old,-0.12415236354374792,-0.12415236354374792,crash_overlay_exit,78073.0832066506
2011-08-04,CSGS,-0.1610169527109775,-0.15746816345039438,crash_overlay_exit,78073.0832066506
2011-08-04,CLP,-0.051960759106070675,-0.051960759106070564,crash_overlay_exit,78073.0832066506
2011-08-04,EIHI,-0.003416530682597285,-0.00319157041005802,crash_overlay_exit,5352.677997070313
2011-08-04,IBKC,-0.1465247840079711,-0.1328927748062272,crash_overlay_exit,78073.0832066506
2011-08-04,SBX,-0.1316846819425025,-0.1316846819425026,crash_overlay_exit,40013.006906250004
2011-08-04,KNX1,-0.24104521319785355,-0.24104521319785355,stop_loss_exit,160012.69841269843
2011-08-05,OZRK,0.18956812735606787,0.1895681273560681,sector_crash_overlay_exit,21368.901650299627
2011-08-05,FXCB,0.09418606209641345,0.09469246397898279,sector_crash_overlay_exit,12915.899906250002
2011-08-05,OPI,-0.16027593268344542,-0.1602759326834453,sector_crash_overlay_exit,21368.901650299627
2011-08-05,CHFC,-0.1683446128236491,-0.1683446128236491,sector_crash_overlay_exit,21368.901650299627
2011-08-05,AFSI,0.2844294217803718,0.2844294217803718,sector_crash_overlay_exit,21368.901650299627
2011-08-05,FFIC,-0.1737512862672772,-0.17108931895779877,sector_crash_overlay_exit,30102.99188751788
2011-08-05,BHLB,0.01761411253899281,0.028680454440771053,sector_crash_overlay_exit,15741.613124999998
2011-08-05,CNBC,-0.06585454727921025,-0.06585454727921025,sector_crash_overlay_exit,24861.095934375004
2011-08-05,SYA,-0.14587624973615387,-0.14587624973615398,sector_crash_overlay_exit,31229.233282660236
2011-08-05,MPW,-0.13458711221512054,-0.13150414675813715,sector_crash_overlay_exit,31229.233282660236
2011-08-05,FPO,-0.15964241796335765,-0.15964241796335765,sector_crash_overlay_exit,31229.233282660236
2011-08-05,ORIT,-0.007122312055936719,-0.00712231205593683,sector_crash_overlay_exit,31229.233282660236
2011-08-05,CLP,-0.08627452263690949,-0.08627452263690949,sector_crash_overlay_exit,31229.233282660236
2011-08-05,IBKC,-0.14677187055666263,-0.14677187055666274,sector_crash_overlay_exit,31229.233282660236
2011-08-08,CXS,-0.26486329840620193,-0.26486329840620193,stop_loss_exit,16606.838312500004
2011-08-08,ENH,-0.28169831053879846,-0.28169831053879846,stop_loss_exit,50171.653145863136
2011-08-08,JBT,-0.2763988964579325,-0.27639889645793236,stop_loss_exit,52048.722137767065
2011-08-09,VIVO_old,-0.2614263402418653,-0.2565581682558853,stop_loss_exit,52048.722137767065
2011-08-09,SBX,-0.41240306805271654,-0.41240306805271665,stop_loss_exit,26675.3379375
2011-08-10,EQC,-0.24301866017355644,-0.24277353201504637,stop_loss_exit,35614.83608383271
2011-08-10,FFIC,-0.29367622186607456,-0.2671732982956273,stop_loss_exit,20068.661258345255
2011-08-10,AEL,-0.3040532156680025,-0.29072443599950737,stop_loss_exit,50171.653145863136
2011-08-10,PL_old,-0.2767211669502537,-0.26026799692350344,stop_loss_exit,52048.722137767065
2011-08-10,CSGS,-0.2695175634503155,-0.26244215309960306,stop_loss_exit,52048.722137767065
2011-08-12,VWTR,-0.22874459320632712,-0.22552344228324472,stop_loss_exit,35614.83608383271
2011-08-12,HGIC,-0.2352051755147726,-0.22507392987707076,stop_loss_exit,35614.83608383271
2011-08-12,KDN,-0.216242127855251,-0.2114303036639983,stop_loss_exit,35614.83608383271
2011-08-12,CHFC,-0.26345968329373315,-0.24943854970295976,stop_loss_exit,14245.934433533086
2011-08-12,SYA,-0.24215703912222775,-0.2306196673499562,stop_loss_exit,20819.48885510683
2011-08-17,OZRK,0.062120292753818696,0.062120292753818696,sector_crash_overlay_exit,8547.56066011985
2011-08-17,FXCB,0.06734794262221944,0.0727998452908436,sector_crash_overlay_exit,5166.359962500001
2011-08-17,OPI,-0.11323644189372573,-0.10886255854866089,sector_crash_overlay_exit,8547.56066011985
2011-08-17,AFSI,0.2619971404966446,0.26369734125018907,sector_crash_overlay_exit,8547.56066011985
2011-08-17,BHLB,-0.037101319647851794,-0.03008902735650476,sector_crash_overlay_exit,6296.6452500000005
2011-08-17,CNBC,-0.1040224122706892,-0.09740713730532236,sector_crash_overlay_exit,9944.438373750001
2011-08-17,MPW,-0.11369348772934962,-0.10898831536295883,sector_crash_overlay_exit,12491.693313064097
2011-08-17,FPO,-0.11790815253731401,-0.11195963087629957,sector_crash_overlay_exit,12491.693313064097
2011-08-17,ORIT,-0.03866807580613618,-0.03469779434460907,sector_crash_overlay_exit,12491.693313064097
2011-08-17,CLP,0.0009804146145917514,0.0009804146145917514,sector_crash_overlay_exit,12491.693313064097
2011-08-17,IBKC,-0.19642274907554813,-0.19587162507471745,sector_crash_overlay_exit,12491.693313064097
2011-08-22,COL,-0.21138574532789323,-0.21138574532789323,stop_loss_exit,160012.69841269843
2011-08-22,CEC,-0.2285182069395224,-0.22385976506035932,stop_loss_exit,50171.653145863136
2011-08-22,JAH,-0.20456648355679918,-0.20208982638097872,stop_loss_exit,52048.722137767065
2011-08-22,PSSI,-0.24499179130371695,-0.2325713203255968,stop_loss_exit,52048.722137767065
2011-08-22,IBKC,-0.25552255743577745,-0.24271405547895242,stop_loss_exit,8327.795542042732
2011-09-07,ADPI,-0.20960366036488087,-0.20960366036488076,stop_loss_exit,24652.533812500005
2011-09-23,ELNK,-0.21957555215905433,-0.21329490330909584,stop_loss_exit,160012.69841269843
2011-09-23,UMPQ,-0.2781236154114357,-0.27037781571104613,stop_loss_exit,50171.653145863136
2011-09-23,IRC,-0.22837494671862846,-0.2213165250089515,stop_loss_exit,50171.653145863136
2011-09-30,WGL,0.06649572749461186,0.07619883149845963,rebalance_exit,160012.69841269843
2011-09-30,DCMYY,0.05689110970283662,0.05896944646746305,rebalance_exit,50171.653145863136
2011-09-30,BHLB,-0.10819884477982045,-0.10068935172211058,rebalance_exit,4197.7635
2011-09-30,RSO,-0.1815342528338143,-0.17591584061137422,rebalance_exit,50171.653145863136
2011-09-30,BLUD,0.31292847041008254,0.31292847041008276,rebalance_exit,52048.722137767065
2011-09-30,CNBC,-0.08239357780176515,-0.07732826611649846,rebalance_exit,6629.625582500003
2011-09-30,CLCT,0.0020882184301509454,0.0020882184301511675,rebalance_exit,12055.434171875004
2011-09-30,ATAX,-0.04641152807961768,-0.04641152807961757,rebalance_exit,3914.581675781251
2011-09-30,FPO,-0.17640192221652085,-0.17420772730445033,rebalance_exit,8327.795542042732
2011-09-30,DHIL,-0.15671175593794218,-0.14639116860263235,rebalance_exit,42419.50718750001
2011-09-30,QUMU,-0.05800780032845598,-0.05425396090997492,rebalance_exit,22591.197031250005
2011-09-30,EIHI,-0.007638520907878421,-0.005460533737015272,rebalance_exit,3568.451998046875
2011-10-04,HITT,-0.22846836364624767,-0.21062834675604392,stop_loss_exit,52048.722137767065
2011-12-30,KW,0.060322745171631054,0.06588634401884264,rebalance_exit,35614.83608383271
2011-12-30,TDCP,-0.12790699125045435,-0.06395349562522723,rebalance_exit,11558.810000000001
2011-12-30,UNS,0.025599464910929237,0.03013387309596416,rebalance_exit,35614.83608383271
2011-12-30,WES2,0.15447486163407498,0.15447486163407476,rebalance_exit,52048.722137767065
2011-12-30,ALTE,0.2463852526366861,0.2533493949241059,rebalance_exit,140748.04481848824
2011-12-30,PTP,0.0933331042029324,0.0982869719930064,rebalance_exit,140748.04481848824
2011-12-30,MTSC,0.3063452594639444,0.3143534858349637,rebalance_exit,140748.04481848824
2011-12-30,RLH,9.223430819941482,9.290202253293902,rebalance_exit,22103.1144140625
2011-12-30,PPS,0.2594494758278565,0.2623805928719398,rebalance_exit,140748.04481848824
2011-12-30,MOFG,0.023531764776578923,0.02360900872848104,rebalance_exit,12609.67365234375
2011-12-30,NXGN,2.032080405937328,2.032080405937328,rebalance_exit,140748.04481848824
2011-12-30,HTSI,0.08046056213318775,0.08585752310101324,rebalance_exit,140748.04481848824
2011-12-30,CHFC,0.3987385264040262,0.40292689885788313,rebalance_exit,117740.145
2011-12-30,STVI,-0.2029340173983768,-0.10146700869918834,rebalance_exit,465.76250000000005
2011-12-30,PL_old,0.42412869916431784,0.4261782625458477,rebalance_exit,140748.04481848824
2011-12-30,FMER,0.3091949059345327,0.32728769866516516,rebalance_exit,140748.04481848824
2011-12-30,HTS,0.07402335587115116,0.07871578381640809,rebalance_exit,140748.04481848824
2011-12-30,ARTC_old,0.0824821415230037,0.08892209527737616,rebalance_exit,140748.04481848824
2011-12-30,AXE,0.24985540566033104,0.25716783695723366,rebalance_exit,140748.04481848824
2011-12-30,ATU,0.1440869263219544,0.14882874270669144,rebalance_exit,140748.04481848824
2011-12-30,SIVBQ,0.2778692733768984,0.2812025399245335,rebalance_exit,140748.04481848824
2011-12-30,TECD,0.13930844253627916,0.1429562889339806,rebalance_exit,140748.04481848824
2011-12-30,FFIC,0.17075399975391647,0.1772007522017176,rebalance_exit,122616.7296875
2011-12-30,SKS,0.1268571036202566,0.1268571036202566,rebalance_exit,140748.04481848824
2011-12-30,PRX,0.2132460950848616,0.2180171508305857,rebalance_exit,140748.04481848824
2011-12-30,SIVB,0.2778692733768984,0.2812025399245335,rebalance_exit,140748.04481848824
2011-12-30,MOLX,0.1748010784332943,0.18107925163400163,rebalance_exit,140748.04481848824
2011-12-30,TUC,0.06523890989079484,0.06523890989079484,rebalance_exit,28847.433281250003
2012-01-17,TSCDD,-0.2656202505583365,-0.26289457824044227,stop_loss_exit,35614.83608383271
2012-03-30,NSH_old,0.013784738961209575,0.02063681605915657,rebalance_exit,127055.89300000001
2012-03-30,CYS,0.1147417011993106,0.11474170119931038,rebalance_exit,35614.83608383271
2012-03-30,CMO,0.2326178313117364,0.2326178313117364,rebalance_exit,35614.83608383271
2012-03-30,AFSI,0.560091900076862,0.5655192649742204,rebalance_exit,5698.3737734132355
2012-03-30,UIL,0.11328656947026872,0.11328656947026872,rebalance_exit,52048.722137767065
2012-03-30,DBDQQ,0.2643664573340172,0.2749951804444657,rebalance_exit,52048.722137767065
2012-03-30,MIG_old,-0.061122489040396744,-0.05852673386846874,rebalance_exit,52048.722137767065
2012-03-30,DBD_old,0.2643625061786279,0.2749911960742306,rebalance_exit,52048.722137767065
2012-03-30,CLP,0.06519607591060694,0.06519607591060717,rebalance_exit,8327.795542042732
2012-03-30,MRH,0.10051303204583628,0.10506213252572039,rebalance_exit,140748.04481848824
2012-03-30,CKH,0.1831269892783487,0.1831269892783487,rebalance_exit,140748.04481848824
2012-03-30,USTR,0.13140075371062387,0.13140075371062387,rebalance_exit,140748.04481848824
2012-03-30,EFII,0.22972061171701053,0.2321824517086204,rebalance_exit,140748.04481848824
2012-03-30,GNI,-0.09528457204177398,-0.09189513381814218,rebalance_exit,86995.94
2012-03-30,JAH,0.42944693080384533,0.42944693080384555,rebalance_exit,140748.04481848824
2012-03-30,PNNW,0.03214081666359481,0.03214081666359481,rebalance_exit,43796.641796875
2012-03-30,EPIQ,-0.0382779803690676,-0.03079600885062095,rebalance_exit,122714.69640625
2012-03-30,ASBC,0.4796816604731666,0.4891592298950036,rebalance_exit,140748.04481848824
2012-03-30,OA,-0.08016549596897571,-0.07932007127260443,rebalance_exit,140748.04481848824
2012-03-30,HIBB,0.5638596736692321,0.5701302042025214,rebalance_exit,140748.04481848824
2012-03-30,PNG,0.14024135486658773,0.15053013475892585,rebalance_exit,140748.04481848824
2012-03-30,HEP,0.2717856987382834,0.28053917906902304,rebalance_exit,140748.04481848824
2012-03-30,NDZ,0.15395428862110494,0.1626795055266912,rebalance_exit,134031.80890625002
2012-03-30,QSFT,0.24718652252394135,0.25107526776969524,rebalance_exit,152939.361158929
2012-03-30,ANDX,0.0716908873098896,0.0716908873098896,rebalance_exit,152939.361158929
2012-03-30,CVA,0.19114402941113595,0.19642938164302937,rebalance_exit,152939.361158929
2012-03-30,HITT,0.0899649687243278,0.0899649687243278,rebalance_exit,152939.361158929
2012-03-30,CYBX,0.12220782007614539,0.13292936945392886,rebalance_exit,152939.361158929
2012-03-30,MHLD,0.03128388569769913,0.03645063261603543,rebalance_exit,152939.361158929
2012-03-30,MCRL,0.0128393362674466,0.014520316123706634,rebalance_exit,152939.361158929
2012-03-30,IPHS,0.033789651039603186,0.033789651039602964,rebalance_exit,152939.361158929
2012-03-30,BARI,-0.005970060582117354,-0.005970060582117465,rebalance_exit,51120.5796875
2012-03-30,TOO,0.09821010507325023,0.10408682134910219,rebalance_exit,152939.361158929
2012-03-30,KFFG,1.18527687978878,1.1937774738092224,rebalance_exit,18745.532478027344
2012-03-30,ABVT,0.26847923168480925,0.2694332467878271,rebalance_exit,152939.361158929
2012-03-30,TLLP,0.0716918585445181,0.07169185854451787,rebalance_exit,152939.361158929
2012-03-30,ATRI,-0.1253240295145993,-0.1253240295145992,rebalance_exit,76658.87496093751
2012-03-30,TOBC,-0.0057112287186178445,-0.0057112287186177335,rebalance_exit,116292.84250000001
2012-05-08,FFG,-0.22199232767886012,-0.22103402979066666,stop_loss_exit,152939.361158929
2012-05-17,BLT,-0.22466280927444904,-0.22466280927444915,stop_loss_exit,175857.9571639225
2012-06-05,CLCT,-0.22137402762823688,-0.21796636264326985,stop_loss_exit,47876.109453125006
2012-06-22,BKI_old,-0.21973471363443253,-0.21283488930752859,stop_loss_exit,175857.9571639225
2012-06-29,CHG,0.4824733295544179,0.4824733295544179,rebalance_exit,69024.516625
2012-06-29,FXCB,0.22551693816598228,0.22747554876001552,rebalance_exit,3444.2399750000004
2012-06-29,MGLN,-0.0802094812933567,-0.08020948129335681,rebalance_exit,50171.653145863136
2012-06-29,LNCE,0.2288224684457243,0.2288224684457243,rebalance_exit,140748.04481848824
2012-06-29,FDP,0.017556327382764136,0.017556327382764136,rebalance_exit,140748.04481848824
2012-06-29,IBKC,0.08053513611642349,0.08053513611642349,rebalance_exit,140748.04481848824
2012-06-29,ALOG,0.3725910127831409,0.3725910127831411,rebalance_exit,140748.04481848824
2012-06-29,PSSI,0.06602332157441793,0.06602332157441793,rebalance_exit,140748.04481848824
2012-06-29,JBT,-0.04557550866034488,-0.04557550866034499,rebalance_exit,140748.04481848824
2012-06-29,CSGS,0.34845852589963555,0.34845852589963533,rebalance_exit,140748.04481848824
2012-06-29,ELNK,0.16234902493544112,0.16234902493544134,rebalance_exit,140748.04481848824
2012-06-29,KNX1,0.1925498758240416,0.1925498758240416,rebalance_exit,140748.04481848824
2012-06-29,DCIX,-0.0035800506227436912,-0.00358005062274358,rebalance_exit,73839.01703125
2012-06-29,QLGC,-0.08733336130778002,-0.08733336130777991,rebalance_exit,152939.361158929
2012-06-29,LOOP1,0.0474163337929745,0.047416333792974275,rebalance_exit,152939.361158929
2012-06-29,GRP-UN,0.092095074061316,0.09209507406131578,rebalance_exit,152939.361158929
2012-06-29,LPNT,0.09985927891924562,0.10256874938848481,rebalance_exit,152939.361158929
2012-06-29,CV_old,0.017606085592771104,0.01760608559277088,rebalance_exit,152939.361158929
2012-06-29,VRNT,0.0619523192655016,0.06195231926550138,rebalance_exit,152939.361158929
2012-06-29,FRNK,0.38935864187022284,0.3893805229190046,rebalance_exit,22179.109414062503
2012-06-29,GMLP,0.08430587388507838,0.08430587388507838,rebalance_exit,152939.361158929
2012-06-29,BOBE,0.2032965368783084,0.2032965368783084,rebalance_exit,152939.361158929
2012-06-29,LDR,0.13787177070073486,0.13787177070073486,rebalance_exit,152939.361158929
2012-06-29,PWOD,0.047367209632527274,0.04780434422134494,rebalance_exit,31368.0582421875
2012-06-29,BRKL_old,-0.05363709036562814,-0.05363709036562814,rebalance_exit,175857.9571639225
2012-06-29,HGIC,0.03649359302553701,0.036493593025536786,rebalance_exit,175857.9571639225
2012-06-29,MSWP,-0.1308515697763859,-0.13050049525349938,rebalance_exit,53370.00359375
2012-06-29,HTSI,0.02596934943960494,0.02596934943960494,rebalance_exit,175857.9571639225
2012-06-29,MBRG,0.08240794411359653,0.08542620834575021,rebalance_exit,19071.3194921875
2012-06-29,SPTN,-0.001687087558524647,-0.001687087558524647,rebalance_exit,175857.9571639225
2012-06-29,ORBK,-0.35217075757411764,-0.3425366880726366,rebalance_exit,117946.66390625002
2012-08-06,TWGP,-0.2077913868731578,-0.2050815900448295,stop_loss_exit,175857.9571639225
2012-08-07,CEC,-0.22121261563584727,-0.22103135261300244,stop_loss_exit,175857.9571639225
2012-09-28,NAVG,0.08767821408701004,0.09469515057338618,rebalance_exit,69812.670375
2012-09-28,AMSG,0.24685348925980066,0.2517567043124582,rebalance_exit,140748.04481848824
2012-09-28,ENH,0.1569475472579689,0.16426042845057998,rebalance_exit,140748.04481848824
2012-09-28,B_old,0.034871218630486256,0.039108135150562884,rebalance_exit,152939.361158929
2012-09-28,AMTG,0.2868614734979533,0.2915865414937566,rebalance_exit,175857.9571639225
2012-09-28,ASI,-0.014694195995757053,-0.014694195995756942,rebalance_exit,64371.450625
2012-09-28,NPBC,0.04401451111328458,0.04401451111328436,rebalance_exit,175857.9571639225
2012-09-28,ESSA,0.06443297947472959,0.07057149559811537,rebalance_exit,30524.556406250005
2012-09-28,MCF,-0.1717221082478102,-0.16887239278022192,rebalance_exit,175857.9571639225
2012-09-28,DCMYY,-0.008368397805955552,-0.008368397805955552,rebalance_exit,175857.9571639225
2012-09-28,ATU,-0.018200701379343043,-0.014566643343193908,rebalance_exit,175857.9571639225
2012-09-28,EQC,-0.17943776012359614,-0.17513537527937972,rebalance_exit,175857.9571639225
2012-09-28,ANDX,0.28578192250767587,0.295086126781678,rebalance_exit,146175.09690764447
2012-09-28,CKH,-0.0700084724209038,-0.06735265670337898,rebalance_exit,146175.09690764447
2012-09-28,CSE,0.11926222607430836,0.12940405212999906,rebalance_exit,146175.09690764447
2012-09-28,CHSP,0.1668269043652737,0.1668269043652737,rebalance_exit,146175.09690764447
2012-09-28,BYI,0.056628560817391094,0.058508348717616565,rebalance_exit,146175.09690764447
2012-09-28,SUSQ,0.012107003618171852,0.016536972831691976,rebalance_exit,146175.09690764447
2012-09-28,CYS,0.03549123906111418,0.037924720928588895,rebalance_exit,146175.09690764447
2012-09-28,WIRE,0.08743310871895038,0.09340318553985605,rebalance_exit,146175.09690764447
2012-09-28,CEB,0.3166321706317463,0.3166321706317463,rebalance_exit,146175.09690764447
2012-09-28,FMER,-0.1005137583466802,-0.10007181460795023,rebalance_exit,146175.09690764447
2012-09-28,TIE,0.13440858966983704,0.14158275765627537,rebalance_exit,146175.09690764447
2012-09-28,AXE,0.07989993983011523,0.08312789344108751,rebalance_exit,146175.09690764447
2012-09-28,IPHS,-0.1370041439748919,-0.1370041439748919,rebalance_exit,146175.09690764447
2012-09-28,BGG,0.07483833660541861,0.07483833660541883,rebalance_exit,146175.09690764447
2012-09-28,SFG,-0.16417186940499473,-0.1593108293148643,rebalance_exit,146175.09690764447
2012-09-28,TECD,-0.0655177670614383,-0.06058954299338992,rebalance_exit,146175.09690764447
2012-09-28,BLT,-0.1071446292257302,-0.10170647166662827,rebalance_exit,146175.09690764447
2012-09-28,LVB,-0.011830508365142212,-0.005714260801977011,rebalance_exit,52659.62171875
2012-09-28,TLLP,0.28577904522051334,0.2950832286738252,rebalance_exit,146175.09690764447
2012-09-28,HIBB,0.024496991395625,0.030149093080105382,rebalance_exit,146175.09690764447
2012-11-26,VWTR,-0.21762360903295563,-0.21428220085819893,stop_loss_exit,109286.8621875
2012-12-13,STVI,-0.7176039170197449,-0.7176039170197449,stop_loss_exit,417.8825
2012-12-19,HEP,-0.6956217004039461,-0.6950588935728865,stop_loss_exit,146175.09690764447
2012-12-31,SJI,0.10241817064777714,0.10904536357413308,rebalance_exit,160012.69841269843
2012-12-31,OZRK,0.5926658242156022,0.594876870600515,rebalance_exit,5698.3737734132355
2012-12-31,MTGE,0.2069740701523064,0.2069740701523064,rebalance_exit,175857.9571639225
2012-12-31,PDLI,0.1587216186112821,0.15940155666103717,rebalance_exit,175857.9571639225
2012-12-31,CXS,0.27665255978295145,0.2804032124113556,rebalance_exit,175857.9571639225
2012-12-31,CFNL,0.337075104180953,0.3391010471233964,rebalance_exit,106269.6665625
2012-12-31,PTP,0.20369273209961802,0.2073491297183352,rebalance_exit,146175.09690764447
2012-12-31,CCMP,0.2114106478580886,0.21567930869075247,rebalance_exit,146175.09690764447
2012-12-31,HITT,0.20367985640402786,0.21400631201075226,rebalance_exit,146175.09690764447
2012-12-31,AFSI,0.06948490333162005,0.07403282707893477,rebalance_exit,146175.09690764447
2012-12-31,NSH_old,-0.136205435651925,-0.1309860183915028,rebalance_exit,155885.52337516198
2012-12-31,ARCP,0.06946990324189661,0.07627073033023746,rebalance_exit,125116.73453125
2012-12-31,IBKC,0.07033685213292218,0.07812964474805839,rebalance_exit,155885.52337516198
2012-12-31,AF,-0.053968819678577806,-0.0485177009449731,rebalance_exit,155885.52337516198
2012-12-31,VER,0.05466997561917575,0.06137673286518397,rebalance_exit,125116.02687500001
2012-12-31,PSS,0.0003294420712518509,0.0003294420712518509,rebalance_exit,155885.52337516198
2012-12-31,LSE_old,0.07367860776513879,0.08127874728790818,rebalance_exit,136223.8175
2012-12-31,HTSI,0.008853796694060279,0.008853796694060279,rebalance_exit,155885.52337516198
2012-12-31,CHFC,-0.0229737187719673,-0.015213951898654043,rebalance_exit,136642.634375
2012-12-31,PSE,-0.1177613227051586,-0.1177613227051586,rebalance_exit,155885.52337516198
2012-12-31,JDAS,0.41768948297890196,0.41768948297890174,rebalance_exit,155885.52337516198
2012-12-31,HLSS,0.14653004356414034,0.15497103103997856,rebalance_exit,155885.52337516198
2012-12-31,KFFG,0.9009431616193226,0.9009431616193229,rebalance_exit,46932.429492187504
2012-12-31,LDR,0.026976323231226118,0.028407601875668043,rebalance_exit,145190.505
2013-03-28,LSI,0.8723836795336639,0.873252448907621,rebalance_exit,160012.69841269843
2013-03-28,MPW,0.5845053170754801,0.5875526296463083,rebalance_exit,8327.795542042732
2013-03-28,OMI,0.18684305090290598,0.18684305090290576,rebalance_exit,140748.04481848824
2013-03-28,ANAT,0.3359398626196193,0.3378016032901834,rebalance_exit,132163.135625
2013-03-28,LANC,0.3868001878631293,0.387253878582287,rebalance_exit,140748.04481848824
2013-03-28,LTXB,0.32357710437740583,0.32357710437740583,rebalance_exit,175857.9571639225
2013-03-28,KFN,0.19385131679137046,0.20195435928048844,rebalance_exit,175857.9571639225
2013-03-28,VPFG,0.3235765148420604,0.3235765148420604,rebalance_exit,175857.9571639225
2013-03-28,DHIL,0.17010292538897143,0.17010292538897143,rebalance_exit,30221.5204296875
2013-03-28,UIL,0.1436229741355648,0.1436229741355648,rebalance_exit,146175.09690764447
2013-03-28,ETRM,-0.0070723327221625665,0.0,rebalance_exit,79.10975158691406
2013-03-28,GLT,0.43942310568893794,0.4441126657602015,rebalance_exit,146175.09690764447
2013-03-28,PNG,0.1901888728814798,0.1969780853444012,rebalance_exit,146175.09690764447
2013-03-28,ESND,0.4844815268435929,0.49090075434494973,rebalance_exit,155885.52337516198
2013-03-28,PCBK,0.2794991313612565,0.28123540597124763,rebalance_exit,43588.78062500001
2013-03-28,USTR,0.48454804460130463,0.49092810067608794,rebalance_exit,155885.52337516198
2013-03-28,AYR,0.2310640667691808,0.2400955063922594,rebalance_exit,155885.52337516198
2013-03-28,ARCT_old,0.10112576198687151,0.10112576198687151,rebalance_exit,155885.52337516198
2013-03-28,PRXL,0.2836028260752639,0.2836028260752639,rebalance_exit,155885.52337516198
2013-03-28,JAH,0.8138395082273371,0.8143972430435271,rebalance_exit,155885.52337516198
2013-03-28,SYA,0.03297977863358259,0.03457903650063643,rebalance_exit,163507.0113494602
2013-03-28,BKEP,0.3076936731065081,0.3193944143811649,rebalance_exit,24912.946855468752
2013-03-28,NPBC,0.13749960075691114,0.14034545936942133,rebalance_exit,163507.0113494602
2013-03-28,CKH,-0.12605092118357564,-0.12351997196144138,rebalance_exit,163507.0113494602
2013-03-28,EXLP,0.31563775406035477,0.31688016829762367,rebalance_exit,163507.0113494602
2013-03-28,B_old,0.28887860385029995,0.28887860385029995,rebalance_exit,163507.0113494602
2013-03-28,UNS,0.14991412586116826,0.14991412586116848,rebalance_exit,163507.0113494602
2013-03-28,SUSQ,0.1768863067738784,0.18074225692507206,rebalance_exit,163507.0113494602
2013-03-28,BOX1,0.21379646424774812,0.21379646424774812,rebalance_exit,101051.01109375001
2013-03-28,COBZ,0.07723493927540392,0.0772349392754037,rebalance_exit,54018.93000000001
2013-03-28,WIRE,0.14618875513933927,0.14736951804526277,rebalance_exit,163507.0113494602
2013-03-28,VWTR,0.09269959147514983,0.09520288149575662,rebalance_exit,94659.268125
2013-03-28,NAVG,0.1456286986469555,0.1456286986469555,rebalance_exit,154439.01375
2013-03-28,APLP,0.31553538445920437,0.3168790587254142,rebalance_exit,163507.0113494602
2013-06-28,AEC_old,0.0032477168411002566,0.01259444633651241,rebalance_exit,50171.653145863136
2013-06-28,ROLL,0.12580399308563828,0.1258039930856385,rebalance_exit,175857.9571639225
2013-06-28,CLP,0.08943096224793523,0.08943096224793545,rebalance_exit,146175.09690764447
2013-06-28,BRKL_old,0.013530372728238538,0.013530372728238538,rebalance_exit,155885.52337516198
2013-06-28,FDP,0.09511608045880182,0.09560865512936134,rebalance_exit,155885.52337516198
2013-06-28,CVG,0.11670978924410957,0.12276919000721453,rebalance_exit,155885.52337516198
2013-06-28,CHG,-0.004515631596393677,-0.004515631596393677,rebalance_exit,155885.52337516198
2013-06-28,ACCL_old,-0.07251105859134899,-0.07182326613319212,rebalance_exit,163507.0113494602
2013-06-28,GRP-UN,-0.0722633133182512,-0.07226331331825109,rebalance_exit,163507.0113494602
2013-06-28,FFNW,0.360444329918296,0.3653736031021291,rebalance_exit,27345.92560546875
2013-06-28,SWM,0.2764998280163322,0.28895918474806437,rebalance_exit,163507.0113494602
2013-06-28,PWOD,0.14527515299810623,0.15090414104957373,rebalance_exit,42232.50239257813
2013-06-28,NTK,-0.10395177680347678,-0.0991522671637386,rebalance_exit,172538.20484375
2013-06-28,PTP,0.025264286198116714,0.025264286198116714,rebalance_exit,250482.5288682938
2013-06-28,ANDX,0.12267424635689594,0.12267424635689594,rebalance_exit,250482.5288682938
2013-06-28,MTSC,-0.02354286141040074,-0.02172361662193667,rebalance_exit,250482.5288682938
2013-06-28,ESBF,0.057660881402484376,0.059209971503983994,rebalance_exit,10211.30640625
2013-06-28,JBT,0.014839885932693475,0.016764754486620514,rebalance_exit,250482.5288682938
2013-06-28,DCMYY,0.05245073567324132,0.05245073567324132,rebalance_exit,250482.5288682938
2013-06-28,DEL,-0.15943832389918033,-0.15943832389918022,rebalance_exit,171475.14703125
2013-06-28,CRBC,0.00620848344717384,0.006208483447173618,rebalance_exit,250482.5288682938
2013-06-28,PKY1,-0.10740833448385623,-0.10497363777466995,rebalance_exit,250482.5288682938
2013-06-28,PVSW,0.0029595078909010475,0.0029595078909010475,rebalance_exit,38627.99515625
2013-06-28,OZRK,-0.022469010648899834,-0.02103540268487125,rebalance_exit,250482.5288682938
2013-06-28,TLLP,0.12267474693858982,0.1226747469385896,rebalance_exit,250482.5288682938
2013-09-30,ANH,-0.037140626257241904,-0.033288442188489475,rebalance_exit,160012.69841269843
2013-09-30,KDN,0.8346566359992029,0.8358421425017559,rebalance_exit,140748.04481848824
2013-09-30,PCH,0.32083266198491844,0.3315395793076281,rebalance_exit,140748.04481848824
2013-09-30,IRC,0.5953935047059045,0.5953935047059045,rebalance_exit,140748.04481848824
2013-09-30,RSO,0.3379378397562556,0.3379378397562556,rebalance_exit,138465.99375
2013-09-30,UMPQ,0.24954402621832683,0.26009394565657984,rebalance_exit,175857.9571639225
2013-09-30,CCG_old,0.03877594205915513,0.039461004221775564,rebalance_exit,146175.09690764447
2013-09-30,CMO,-0.03971288124354988,-0.03971288124354977,rebalance_exit,146175.09690764447
2013-09-30,EXL,0.050788084048269067,0.050788084048268844,rebalance_exit,155885.52337516198
2013-09-30,GRT,-0.05136373106190528,-0.05136373106190539,rebalance_exit,155885.52337516198
2013-09-30,FMBI,0.1954887994547594,0.20391711111244937,rebalance_exit,155885.52337516198
2013-09-30,BOBE,0.49917493684738945,0.5023665634118235,rebalance_exit,155885.52337516198
2013-09-30,CSE,0.5686396678704926,0.5686396678704926,rebalance_exit,163507.0113494602
2013-09-30,CNBC,0.22307838627483512,0.22307838627483512,rebalance_exit,27052.180039062503
2013-09-30,FUR,0.042789654893389706,0.043838465184981024,rebalance_exit,101001.29015625
2013-09-30,MHLD,0.30512838116500096,0.30917838035687994,rebalance_exit,163507.0113494602
2013-09-30,EIHI,0.418904933694231,0.41960367925489006,rebalance_exit,31345.575624999998
2013-09-30,SAFM,0.20006661951274518,0.20304406977674105,rebalance_exit,250482.5288682938
2013-09-30,LNCE,0.15016778070328973,0.1548674246771431,rebalance_exit,250482.5288682938
2013-09-30,CHFC,0.06583865244696496,0.07395071508776296,rebalance_exit,132293.50031250002
2013-09-30,HITT,0.07723196059918935,0.07909506261904786,rebalance_exit,250482.5288682938
2013-09-30,HRC,0.06463216646317571,0.06463216646317549,rebalance_exit,218060.86843021694
2013-09-30,DESTQ,0.30022635365305783,0.30022635365305783,rebalance_exit,197067.47875
2013-09-30,JNS,-0.0010128251729375481,0.005624013069774891,rebalance_exit,218060.86843021694
2013-09-30,IBKC,-0.027773012475205472,-0.027773012475205472,rebalance_exit,218060.86843021694
2013-09-30,MOFG,0.07039004342922306,0.07039004342922328,rebalance_exit,34832.66677734375
2013-09-30,CSBK,0.044318952885414875,0.04590625357013334,rebalance_exit,16492.25001953125
2013-09-30,BECN,-0.04037910095911079,-0.03678618827509628,rebalance_exit,218060.86843021694
2013-09-30,DENN,0.08445214010178104,0.08718865799524411,rebalance_exit,218060.86843021694
2013-09-30,DEST,0.3002249761781781,0.3002249761781781,rebalance_exit,197179.7525
2013-09-30,IN,0.014760334979760703,0.014760334979760703,rebalance_exit,218060.86843021694
2013-09-30,PACW,0.1268377454148728,0.1268377454148728,rebalance_exit,218060.86843021694
2013-09-30,LBAI,0.0800754255316447,0.083045013674937,rebalance_exit,183489.34125000003
2013-11-08,FPO,-0.21439881437979746,-0.21439881437979758,stop_loss_exit,250482.5288682938
2013-12-11,EGAS,-0.20832292986201884,-0.20832292986201884,stop_loss_exit,17312.105
2013-12-31,DRYS,-0.013006649191654618,-0.0031645415874077543,rebalance_exit,50171.653145863136
2013-12-31,PEOP,0.08992496287019769,0.09337438237466489,rebalance_exit,87802.81266601564
2013-12-31,FRNK,0.1873126992732681,0.18731269927326832,rebalance_exit,83980.48859375001
2013-12-31,SASR,0.478088523841524,0.49130416783020037,rebalance_exit,82149.59828125
2013-12-31,SJI,0.026809174116110723,0.030542686638123095,rebalance_exit,250482.5288682938
2013-12-31,WBCO,0.2677576257857408,0.2677576257857408,rebalance_exit,31265.044921875
2013-12-31,STB,0.054355429151215606,0.05655867481211074,rebalance_exit,57101.66
2013-12-31,ATMI,0.273294703143774,0.2757965518670573,rebalance_exit,218060.86843021694
2013-12-31,AFAM,0.682009614351683,0.6935569184200319,rebalance_exit,111796.6653125
2013-12-31,HEOP,0.20044052804812518,0.21556782727957802,rebalance_exit,21031.600000000002
2013-12-31,WIRE,0.5666964632886309,0.5748155227999496,rebalance_exit,218060.86843021694
2013-12-31,IPHS,0.0389557472986819,0.042270944885374195,rebalance_exit,218060.86843021694
2013-12-31,MASI,0.0918577206731317,0.09523896214185612,rebalance_exit,216882.8236414586
2013-12-31,DBD_old,0.13176677549373994,0.13503211555744654,rebalance_exit,216882.8236414586
2013-12-31,BKYF,0.33784975472474765,0.3495969496571114,rebalance_exit,26472.64486328125
2013-12-31,VDSI,-0.023948169800865338,-0.020278814970801418,rebalance_exit,60457.9959375
2013-12-31,OLBK,0.08168519493038784,0.08342040228962166,rebalance_exit,9143.920014648438
2013-12-31,B_old,0.08914867395223958,0.09489122847905507,rebalance_exit,216882.8236414586
2013-12-31,EXH,0.23807229281329056,0.24047857768437786,rebalance_exit,216882.8236414586
2013-12-31,PVFC,0.01094957421344378,0.01094957421344378,rebalance_exit,4867.8951025390625
2013-12-31,SWM,-0.1516019606029153,-0.1437713780371569,rebalance_exit,216882.8236414586
2013-12-31,VRNT,0.15839125289474887,0.158657687167167,rebalance_exit,216882.8236414586
2013-12-31,CVG,0.11646146149252834,0.11995126151110092,rebalance_exit,216882.8236414586
2013-12-31,SYKE,0.2105074604230086,0.21332774336389493,rebalance_exit,216882.8236414586
2013-12-31,VWTR,0.06371676537636417,0.06694945954234588,rebalance_exit,81965.51187500001
2013-12-31,GLT,0.02113073914668817,0.021822708503411725,rebalance_exit,216882.8236414586
2013-12-31,NSLP,0.14219515018689521,0.15922624087883364,rebalance_exit,45025.890781250004
2013-12-31,DBDQQ,0.13175850669788525,0.13502382290470627,rebalance_exit,216882.8236414586
2014-02-10,VIVO_old,-0.22608600325211403,-0.22275367771915167,stop_loss_exit,194781.47317031716
2014-03-04,RTI,-0.21368020057212667,-0.21368020057212656,stop_loss_exit,194781.47317031716
2014-03-31,VGR,0.8438276365294834,0.8438276365294837,rebalance_exit,160012.69841269843
2014-03-31,HI,0.7257621989660814,0.7327724193151572,rebalance_exit,35614.83608383271
2014-03-31,AEL,1.751830448110943,1.751830448110943,rebalance_exit,140748.04481848824
2014-03-31,BLMT,0.5267818253471457,0.5307790211848589,rebalance_exit,27235.175000000003
2014-03-31,BMTC,0.3233748093341293,0.34457406785259104,rebalance_exit,47278.226640625006
2014-03-31,MRH,0.4430166130540736,0.44301661305407336,rebalance_exit,146175.09690764447
2014-03-31,ARTC_old,0.47548559036357374,0.47777690046041554,rebalance_exit,155885.52337516198
2014-03-31,KW,0.6374046698442128,0.6374046698442128,rebalance_exit,163507.0113494602
2014-03-31,IILG,0.20406305489004284,0.2165112679994916,rebalance_exit,250482.5288682938
2014-03-31,LTXB,0.406497557663666,0.407330988241525,rebalance_exit,218060.86843021694
2014-03-31,AMSG,0.33828109013669505,0.33828109013669483,rebalance_exit,218060.86843021694
2014-03-31,UIL,-0.006040816747345579,-0.006040816747345579,rebalance_exit,218060.86843021694
2014-03-31,NPBC,0.0541735129501173,0.0555626901870776,rebalance_exit,218060.86843021694
2014-03-31,PULB,0.1323622052424993,0.1323622052424993,rebalance_exit,19289.61228515625
2014-03-31,VPFG,0.4064955204849119,0.40732894985562584,rebalance_exit,218060.86843021694
2014-03-31,MLHR,0.09397534842111521,0.10499606365345637,rebalance_exit,216882.8236414586
2014-03-31,FDP,-0.06228721119718639,-0.06228721119718639,rebalance_exit,216882.8236414586
2014-03-31,CKH,-0.05397999149671606,-0.04823621160875102,rebalance_exit,216882.8236414586
2014-03-31,VCBI,0.04092238871846754,0.04092238871846754,rebalance_exit,67782.801875
2014-03-31,ACO,0.3890923647763673,0.3900565713687332,rebalance_exit,216882.8236414586
2014-03-31,BPFH,0.22282897959389647,0.22934265705937973,rebalance_exit,216882.8236414586
2014-03-31,NDZ,0.35389664529248965,0.3538966452924899,rebalance_exit,93618.5453125
2014-03-31,GRIF,-0.09659058291415523,-0.09659058291415523,rebalance_exit,38353.257890625006
2014-03-31,PTP,-0.024971363401844582,-0.021215790246807975,rebalance_exit,194781.47317031716
2014-03-31,NP_old,0.21102379968612617,0.2158408759067334,rebalance_exit,194781.47317031716
2014-03-31,BNCL,0.19519956609879552,0.19903687026623107,rebalance_exit,100638.615
2014-03-31,EFII,0.1050978337454831,0.11746380518851618,rebalance_exit,194781.47317031716
2014-03-31,PACW,0.025384472980114037,0.025384472980114037,rebalance_exit,194781.47317031716
2014-03-31,HLSS,-0.06962462084213838,-0.06544685327609101,rebalance_exit,194781.47317031716
2014-03-31,INDT,-0.09658937799440381,-0.09658937799440381,rebalance_exit,38354.07609375
2014-03-31,CEC,0.21406698669912538,0.21406698669912516,rebalance_exit,194781.47317031716
2014-05-09,MESG,-0.22026032807145635,-0.2117557379781757,stop_loss_exit,218060.86843021694
2014-05-22,OMG,-0.21109667255923337,-0.2034292416343827,stop_loss_exit,194781.47317031716
2014-06-30,OABC,0.8140057546889872,0.8170316792013612,rebalance_exit,40480.427812500006
2014-06-30,FLIC,0.43724154525778225,0.4422882188993009,rebalance_exit,127687.75171874999
2014-06-30,SIFI_old,-0.03418425851069329,-0.02751468047885608,rebalance_exit,18526.2150390625
2014-06-30,DCIX,-0.0035910424746300462,-0.0035910424746301572,rebalance_exit,163507.0113494602
2014-06-30,MCRL,0.06668101988710506,0.0713913725059534,rebalance_exit,185801.71468750003
2014-06-30,KNX1,0.4747478875205686,0.47639750897905087,rebalance_exit,250482.5288682938
2014-06-30,BRKL_old,0.01625501211683389,0.01968623119135482,rebalance_exit,214679.98125
2014-06-30,NTK,0.30231169818983306,0.30231169818983306,rebalance_exit,207543.239375
2014-06-30,APEX,0.17471411963872585,0.18017073469554012,rebalance_exit,29397.447695312498
2014-06-30,SSUP,0.1713383762481151,0.17423598108318328,rebalance_exit,151432.4421875
2014-06-30,HAYN,0.26642507124944337,0.26642507124944337,rebalance_exit,196881.1778125
2014-06-30,SUP,0.1713383762481151,0.17423598108318328,rebalance_exit,151432.4421875
2014-06-30,CHKE,0.17471411963872585,0.18017073469554012,rebalance_exit,29397.447695312498
2014-06-30,LDR,-0.16133030794883407,-0.15865364619849476,rebalance_exit,183102.5759375
2014-06-30,HTLF,-0.13645115001153196,-0.13645115001153207,rebalance_exit,130999.63234375001
2014-06-30,ESGR,0.07362133435042106,0.07573522025792934,rebalance_exit,194781.47317031716
2014-06-30,CSGS,-0.10755173702848142,-0.10755173702848142,rebalance_exit,194781.47317031716
2014-06-30,COT,-0.11182621949037908,-0.11182621949037896,rebalance_exit,194781.47317031716
2014-06-30,AYR,-0.05627192872617348,-0.0532342157731428,rebalance_exit,194781.47317031716
2014-06-30,PRMW,-0.11235398455192724,-0.11235398455192724,rebalance_exit,194781.47317031716
2014-06-30,PKY1,0.053753330747903894,0.06347023232885518,rebalance_exit,194781.47317031716
2014-06-30,CFI,-0.12609752307098554,-0.12395143930215591,rebalance_exit,53963.334375000006
2014-06-30,DHIL,0.06558103048970043,0.07171604024386014,rebalance_exit,101779.59390625001
2014-06-30,VIVO_old,-0.052762781231507794,-0.05276278123150768,rebalance_exit,261178.5584569467
2014-06-30,STON,-0.02171656624410012,-0.01849117159760094,rebalance_exit,253286.4690625
2014-06-30,FLY_old,-0.020561818301425117,-0.01686882438834636,rebalance_exit,261178.5584569467
2014-06-30,RTI,-0.04770596774694014,-0.042836591239887145,rebalance_exit,261178.5584569467
2014-06-30,PJC,0.12700656218281203,0.1303489596044567,rebalance_exit,261178.5584569467
2014-06-30,FUR,0.33549422794867834,0.3386158273239377,rebalance_exit,158814.15156250002
2014-06-30,JBT,-0.005481719373075511,3.4990283924951626e-05,rebalance_exit,261178.5584569467
2014-06-30,BECN,-0.14951403234525196,-0.14330059331074185,rebalance_exit,261178.5584569467
2014-06-30,DOOR,-0.004600179301568863,-0.004600179301568863,rebalance_exit,261178.5584569467
2014-06-30,HITK,0.00369258806025341,0.00369258806025341,rebalance_exit,261178.5584569467
2014-06-30,LBAI,-0.00513973804746648,0.004007178483556029,rebalance_exit,75336.6075
2014-06-30,HIBB,0.017177187575712294,0.023493263410750087,rebalance_exit,261178.5584569467
2014-06-30,HEP,0.0366347971300407,0.04803988502227985,rebalance_exit,155342.306875
2014-09-03,TSCDD,-0.21713846697109418,-0.21713846697109407,stop_loss_exit,155885.52337516198
2014-09-15,NICK,-0.2281366533105914,-0.2281366533105914,stop_loss_exit,59756.63640625
2014-09-30,RZA,0.10386881638345868,0.10464814159770786,rebalance_exit,82256.77125
2014-09-30,MTSC,-0.035443615675837536,-0.031104424923904195,rebalance_exit,194781.47317031716
2014-09-30,ETRM,-0.019684838938863747,-0.006682114816508933,rebalance_exit,592.504299621582
2014-09-30,CBNJ,-0.06287126712859303,-0.06287126712859303,rebalance_exit,15128.081650390624
2014-09-30,AMRE,0.35230722711261264,0.359745974701728,rebalance_exit,99023.95968750001
2014-09-30,PMBC,0.12023565470492503,0.12238321213786296,rebalance_exit,11926.201484375
2014-09-30,TAYC,-0.12851484185644435,-0.12851484185644435,rebalance_exit,119115.0753125
2014-09-30,FRNK,-0.050726027364775605,-0.04856844997592902,rebalance_exit,32783.06375
2014-09-30,GMLP,0.18795114414461156,0.19509263703821556,rebalance_exit,261178.5584569467
2014-09-30,IBCA_old,0.2764686572389232,0.27808356125818157,rebalance_exit,28058.5090625
2014-09-30,LTXB,-0.11181489898002928,-0.1103188328211201,rebalance_exit,264200.2853650871
2014-09-30,FDP,0.043375279239529885,0.044991538757377825,rebalance_exit,264200.2853650871
2014-09-30,GRT,0.2490917825125336,0.2526934179786522,rebalance_exit,264200.2853650871
2014-09-30,PFC,-0.06057210676099045,-0.053810950211533815,rebalance_exit,117384.93437500001
2014-09-30,PFBI,-0.08735375833498404,-0.08735375833498393,rebalance_exit,21952.906308593752
2014-09-30,INTL_old,-0.13485869025842345,-0.13217483205257485,rebalance_exit,162912.1753125
2014-09-30,VPFG,-0.11181588284193145,-0.11031784125373723,rebalance_exit,264200.2853650871
2014-09-30,FDEF,-0.06056654041483811,-0.053805343803831396,rebalance_exit,58692.467187500006
2014-09-30,STAR,-0.10515276625365877,-0.10245763771231653,rebalance_exit,264200.2853650871
2014-09-30,THR,-0.08487729084662732,-0.07731964404374325,rebalance_exit,264200.2853650871
2014-10-15,MCEP,-0.31461202601853755,-0.3129840671017241,stop_loss_exit,129909.71781250002
2014-10-29,HLSS,-0.22070920589561416,-0.20944235250820065,stop_loss_exit,264200.2853650871
2014-12-31,FFG,0.8513184130050644,0.8513184130050642,rebalance_exit,143447.8553125
2014-12-31,CHSP,0.7368692082453807,0.7453392509731889,rebalance_exit,250482.5288682938
2014-12-31,ESND,0.02773783101360605,0.03154683480432752,rebalance_exit,261178.5584569467
2014-12-31,CLI,-0.06334644262020284,-0.05633821890740143,rebalance_exit,261178.5584569467
2014-12-31,DRYS,-0.007763067419602199,-0.00776306741960231,rebalance_exit,261178.5584569467
2014-12-31,USTR,0.02773789057369047,0.031546894585153584,rebalance_exit,261178.5584569467
2014-12-31,SJI,0.07719669977997135,0.07719669977997135,rebalance_exit,261178.5584569467
2014-12-31,SLD,0.02847017336774882,0.031345645857801196,rebalance_exit,60096.704921875
2014-12-31,STB,-0.02034459303351055,-0.017908889737617173,rebalance_exit,55008.85921875
2014-12-31,LNCE,0.15960050974256723,0.1639970592903648,rebalance_exit,264200.2853650871
2014-12-31,CORRQ,-0.1316199130141189,-0.1255060522927567,rebalance_exit,264200.2853650871
2014-12-31,CKH,-0.11074640470002972,-0.10708626978221802,rebalance_exit,264200.2853650871
2014-12-31,MOFG,0.20965829804335478,0.21016543415652267,rebalance_exit,39025.459375
2014-12-31,AVIV_old,0.2199543838184077,0.22399714053435416,rebalance_exit,264200.2853650871
2014-12-31,SYKE,0.0682640632588758,0.07974347070859666,rebalance_exit,264200.2853650871
2014-12-31,AJRD,-0.04575878102067732,-0.04575878102067732,rebalance_exit,264200.2853650871
2014-12-31,SWS,-0.004370687968410447,-0.0030516087875183118,rebalance_exit,164591.02875000003
2014-12-31,RASF,0.015023314469051918,0.024553105524855123,rebalance_exit,198572.27599576555
2014-12-31,RASFD,0.04020251391718421,0.04996870595636671,rebalance_exit,198572.27599576555
2014-12-31,OABC,0.007459329819206273,0.007459329819206273,rebalance_exit,78551.6459375
2014-12-31,B_old,0.21943656103483788,0.22339164141122492,rebalance_exit,198572.27599576555
2014-12-31,ERA,-0.033695065432711946,-0.02758619520399308,rebalance_exit,198572.27599576555
2014-12-31,AEL,0.2847137253002847,0.2847137253002847,rebalance_exit,198572.27599576555
2014-12-31,SBRAP,0.07968595618810581,0.0810075908170933,rebalance_exit,19815.639980468753
2014-12-31,HI,0.11698683437350899,0.11982507179098678,rebalance_exit,198572.27599576555
2014-12-31,SPLP,0.06321488250916585,0.06321488250916585,rebalance_exit,15082.937705078126
2014-12-31,NICK,0.2819960805592088,0.2855909769080809,rebalance_exit,57558.693242187495
2014-12-31,RASFQ,0.0401593007537997,0.04992508707578125,rebalance_exit,198572.27599576555
2014-12-31,DHIL,0.14353779594900629,0.14859691606568393,rebalance_exit,62684.63734375
2014-12-31,LBAI,0.2013149884475951,0.2013149884475951,rebalance_exit,55574.82804687501
2014-12-31,PWOD,0.17607266937834165,0.17607266937834143,rebalance_exit,46193.400781250006
2014-12-31,RAS,0.015519117037694041,0.02505356305542472,rebalance_exit,198572.27599576555
2015-01-07,JMI,-0.22134286697107075,-0.21294865078219105,stop_loss_exit,264200.2853650871
2015-01-14,ATU,-0.23966834052828534,-0.23966834052828523,stop_loss_exit,198572.27599576555
2015-03-19,SXCP,-0.21080030759310697,-0.20655864355047038,stop_loss_exit,131022.515
2015-03-31,COR_old,2.2687868066781194,2.27428432144313,rebalance_exit,50171.653145863136
2015-03-31,SMPL1,0.33853356130266277,0.33853356130266254,rebalance_exit,18795.987204589845
2015-03-31,EDE,0.34713654125919824,0.35479967600861184,rebalance_exit,152939.361158929
2015-03-31,ROLL,0.18990423710126159,0.18990423710126159,rebalance_exit,216882.8236414586
2015-03-31,MRH,0.2227288981420188,0.2227288981420188,rebalance_exit,264200.2853650871
2015-03-31,NPBC,0.04047028789213769,0.045056240702255224,rebalance_exit,264200.2853650871
2015-03-31,AEC_old,0.3595670810257454,0.3650521024234852,rebalance_exit,264200.2853650871
2015-03-31,PULB,0.10588762361491288,0.10588762361491288,rebalance_exit,9563.96686279297
2015-03-31,NRZ,0.2864129755127449,0.29331132541828575,rebalance_exit,264200.2853650871
2015-03-31,NP_old,0.18079335591088452,0.18079335591088452,rebalance_exit,198572.27599576555
2015-03-31,CVG,0.27686190563983515,0.2853930939694036,rebalance_exit,198572.27599576555
2015-03-31,BPFH,-0.012606609665725466,-0.008892881191842505,rebalance_exit,198572.27599576555
2015-03-31,NTK,0.07954993425748103,0.08350437099602903,rebalance_exit,216862.5795958523
2015-03-31,CTT,0.03883112939940814,0.042321352242492116,rebalance_exit,198583.975
2015-03-31,HTLF,0.1973078361620182,0.2039464599901999,rebalance_exit,91909.26015625
2015-03-31,FDP,0.15165062426467246,0.15950419830541174,rebalance_exit,216862.5795958523
2015-03-31,UCFC,0.010075547624486259,0.015843051181047674,rebalance_exit,98725.25
2015-03-31,FNBCQ,-0.0732879090614772,-0.065954591272259,rebalance_exit,216862.5795958523
2015-03-31,BFIN,0.10596359259934984,0.10919773874385497,rebalance_exit,32490.404726562498
2015-03-31,FNBC,-0.0732879090614772,-0.065954591272259,rebalance_exit,216862.5795958523
2015-03-31,CSGS,0.20361107088972852,0.21301630318952114,rebalance_exit,216862.5795958523
2015-03-31,NBCB,-0.003080668399332187,-0.003080668399332076,rebalance_exit,216862.5795958523
2015-03-31,SWM,0.08600823687887926,0.09457072607014094,rebalance_exit,216862.5795958523
2015-03-31,FRNK,0.02342771923991749,0.02342771923991749,rebalance_exit,46761.16859375
2015-03-31,ANCX,0.11308756023887279,0.1163068517682373,rebalance_exit,16598.471298828124
2015-03-31,TYPE,0.13563971881809178,0.13563971881809178,rebalance_exit,216862.5795958523
2015-04-20,FNRG,-0.5170810368361366,-0.5170810368361366,stop_loss_exit,19914.654003906253
2015-06-30,ORIT,0.5651022833539314,0.5761684461499985,rebalance_exit,8327.795542042732
2015-06-30,MGLN,0.1587491398936156,0.16221713358154033,rebalance_exit,216882.8236414586
2015-06-30,EXL,0.3835135663684366,0.38439381046747223,rebalance_exit,194781.47317031716
2015-06-30,CHFC,0.09369143134349578,0.09495762173642697,rebalance_exit,194781.47317031716
2015-06-30,FMBI,0.10521031116866664,0.11317978214106605,rebalance_exit,194781.47317031716
2015-06-30,FPO,-0.04731187135150805,-0.04731187135150805,rebalance_exit,194781.47317031716
2015-06-30,ASFI,0.013324920184963673,0.013324920184963673,rebalance_exit,5620.894672851563
2015-06-30,OAKS,-0.15068257192381296,-0.14778001071908198,rebalance_exit,264200.2853650871
2015-06-30,HTBK,0.20259913531549145,0.20629187127576176,rebalance_exit,24855.55482421875
2015-06-30,HCOM_old,-0.09155735670023302,-0.09155735670023302,rebalance_exit,77272.565
2015-06-30,APTS,0.19893206152956333,0.19893206152956333,rebalance_exit,71994.26265625001
2015-06-30,CDR,0.10194043548847875,0.10194043548847875,rebalance_exit,22868.538750000003
2015-06-30,BRKL_old,0.3408254147897045,0.34981769210853564,rebalance_exit,197193.75812500002
2015-06-30,CSFL,0.30110978048818926,0.3077402917782517,rebalance_exit,140825.741875
2015-06-30,DCIX,-0.03434969587256642,0.0,rebalance_exit,38995.8400390625
2015-06-30,FFKT,0.21336278815701903,0.22069425977573043,rebalance_exit,20225.071640625
2015-06-30,NYRT,-0.0437719395630074,-0.04377193956300729,rebalance_exit,216862.5795958523
2015-06-30,MLHR,-0.007454676515681324,-0.007454676515681213,rebalance_exit,216862.5795958523
2015-06-30,RLH,0.20022677946201828,0.2082018395986025,rebalance_exit,9452.27102294922
2015-06-30,FUR,0.03948263176957467,0.04969231964713883,rebalance_exit,216862.5795958523
2015-06-30,TPRE,0.010207690139403702,0.013684165611113963,rebalance_exit,216862.5795958523
2015-06-30,ORBK,0.40024147122174947,0.40540533574329407,rebalance_exit,171713.78953125002
2015-06-30,BMTC,-0.02778251921313668,-0.024014496823069664,rebalance_exit,93171.38164062501
2015-06-30,MHGC,-0.14346204624009828,-0.1403061683750898,rebalance_exit,69124.628671875
2015-06-30,PMBC,0.04168156844844617,0.04168156844844617,rebalance_exit,9092.281342773438
2015-06-30,IHC,-0.034270969198081924,-0.0294370851752197,rebalance_exit,26573.0675
2015-06-30,BKYF,0.03519049132726981,0.03519049132726981,rebalance_exit,84968.841796875
2015-06-30,VIAS,0.04421632649401119,0.04421632649401119,rebalance_exit,18966.47978515625
2015-06-30,WIBC,0.2594821723629983,0.26964092539799167,rebalance_exit,333835.73562500003
2015-06-30,PFC,0.1349718279063954,0.14019835572189487,rebalance_exit,102518.19
2015-06-30,JBT,0.05040270133471325,0.05427062398178095,rebalance_exit,279000.4475
2015-06-30,MBTF,0.013628914258785318,0.013628914258785318,rebalance_exit,4172.228137207031
2015-06-30,BGG,-0.05828421870727274,-0.05598935113923109,rebalance_exit,218909.37625000003
2015-06-30,BCRH,0.051277738886881696,0.05456963105893031,rebalance_exit,23978.448203125
2015-06-30,TAL1,-0.2270565716829075,-0.2241590784035965,rebalance_exit,362116.91480586585
2015-06-30,FDEF,0.1349736706527389,0.14020020695405733,rebalance_exit,51259.095
2015-06-30,HMST,0.23973308829240803,0.24441287096724928,rebalance_exit,187310.7559375
2015-07-22,RSO,-0.21966451455936786,-0.21559950172149844,stop_loss_exit,163230.72312500002
2015-08-24,ROIC,0.9670124521780834,0.9670124521780832,crash_overlay_exit,21368.901650299627
2015-08-24,OPI,-0.182194550505543,-0.18219455050554278,crash_overlay_exit,3419.0242640479414
2015-08-24,UBA,0.3351073949744481,0.3351073949744481,crash_overlay_exit,84448.82689109295
2015-08-24,COL,0.5251090293229124,0.5251090293229126,crash_overlay_exit,84448.82689109295
2015-08-24,FBNK,-1.1102230246251565e-16,0.0,crash_overlay_exit,31956.77353125
2015-08-24,FFIC,0.5574927973215626,0.5574927973215626,crash_overlay_exit,63404.65809375
2015-08-24,FXCB,0.20890548714361024,0.20890548714361,crash_overlay_exit,29489.203101562503
2015-08-24,BHLB,0.281123843483132,0.2811238434831318,crash_overlay_exit,85898.0851875
2015-08-24,AF,0.6120016702752547,0.6120016702752547,crash_overlay_exit,150289.51732097627
2015-08-24,HTBI,0.1257243182008596,0.1257243182008596,crash_overlay_exit,48426.057328125
2015-08-24,NAVG,0.2950628483071287,0.2950628483071289,crash_overlay_exit,130836.52105813017
2015-08-24,CUNB,0.14795721775436776,0.14795721775436776,crash_overlay_exit,23453.771800781247
2015-08-24,FFNW,0.20240668233243864,0.20240668233243864,crash_overlay_exit,21521.60953125
2015-08-24,PCH,-0.15453147436330128,-0.15453147436330117,crash_overlay_exit,116868.8839021903
2015-08-24,SBY,0.00876630464443573,0.008766304644435952,crash_overlay_exit,116868.8839021903
2015-08-24,IRC,-0.09026086920079024,-0.09026086920079013,crash_overlay_exit,116868.8839021903
2015-08-24,CMO,0.005493338352070332,0.005493338352070332,crash_overlay_exit,116868.8839021903
2015-08-24,AMTG,-0.042777702128672934,-0.042777702128673156,crash_overlay_exit,156707.135074168
2015-08-24,CSBK,0.18572329159056644,0.18749379063244853,crash_overlay_exit,47645.41498828125
2015-08-24,ARPI,-0.08897303543067914,-0.08897303543067914,crash_overlay_exit,156707.135074168
2015-08-24,BLMT,0.1876941640690486,0.1876941640690486,crash_overlay_exit,12634.983023437499
2015-08-24,MTGE,-0.1383244246554266,-0.1383244246554266,crash_overlay_exit,158520.17121905225
2015-08-24,CYS,-0.10826831333239006,-0.10826831333239018,crash_overlay_exit,158520.17121905225
2015-08-24,HTS,-0.09523343975968745,-0.09523343975968757,crash_overlay_exit,158520.17121905225
2015-08-24,ANH,0.09180663022223712,0.09180663022223712,crash_overlay_exit,158520.17121905225
2015-08-24,CFNL,0.2760370576198903,0.2760370576198903,crash_overlay_exit,119143.36559745933
2015-08-24,STON,-0.01992921056787833,0.004436550650610327,crash_overlay_exit,119143.36559745933
2015-08-24,WMC,0.017836896435036387,0.017836896435036387,crash_overlay_exit,104341.04025
2015-08-24,VGR,0.13011514416304837,0.13011514416304837,crash_overlay_exit,130117.54775751138
2015-08-24,PPBI,0.08707343413428736,0.08707343413428714,crash_overlay_exit,40522.06209375
2015-08-24,YDKN,0.009035167891249252,0.009035167891249474,crash_overlay_exit,130117.54775751138
2015-08-24,RZA,0.013255370807563116,0.013255370807563116,crash_overlay_exit,30209.088796875
2015-08-24,SIFI_old,0.005998225598367268,0.014751751919672929,crash_overlay_exit,5493.368503417968
2015-08-24,BNCL,0.09865997261257542,0.0986599726125752,crash_overlay_exit,130117.54775751138
2015-08-24,TLMR,0.11461985687582743,0.1270782855954009,crash_overlay_exit,130117.54775751138
2015-08-24,CBNJ,0.15190901211667196,0.15299781637695675,crash_overlay_exit,6617.803368164063
2015-08-24,SWAY,-0.07053179693095046,-0.07053179693095035,crash_overlay_exit,130117.54775751138
2015-08-24,SFR_old,-0.08089494627986937,-0.08089494627986926,crash_overlay_exit,130117.54775751138
2015-08-24,DGAS,-0.03244102591203968,-0.032245047501743396,crash_overlay_exit,7620.41851171875
2015-08-24,LNBB,0.08263557773349262,0.0826355777334924,crash_overlay_exit,9108.00903515625
2015-08-24,BHBK,0.04913637011490324,0.04913637011490324,crash_overlay_exit,62402.70796875
2015-08-24,NGHC,0.0002663103360387442,0.00026631033603852217,crash_overlay_exit,103411.5519375
2015-08-24,EGAS,-0.15556189748911842,-0.15556189748911842,crash_overlay_exit,13242.773671875
2015-08-24,LSBG,-0.045865140384626524,-0.042969131294477436,crash_overlay_exit,3197.076019042969
2015-08-24,EBSB,-0.0874250282159198,-0.08055888858512217,crash_overlay_exit,112186.3415625
2015-08-24,PKY1,-0.09587096253190752,-0.09587096253190752,crash_overlay_exit,217270.1488835195
2015-08-24,BCRHF,-0.05837774987869537,-0.05837774987869526,crash_overlay_exit,14387.068921875
2015-08-24,SLD,-0.16349812676456754,-0.16349812676456754,crash_overlay_exit,24133.811156249998
2015-08-24,MCBC,-0.01884829384365605,-0.01884829384365605,crash_overlay_exit,9956.352
2015-08-24,BNK,-0.0610331740774509,-0.0610331740774509,crash_overlay_exit,25531.63416796875
2015-08-24,DRYS,2.220446049250313e-16,0.0,crash_overlay_exit,122688.3980625
2015-08-24,SBRAP,0.007510353339960085,0.007510353339960085,crash_overlay_exit,12318.4715390625
2015-08-24,VIVO_old,-0.032767872128868,-0.02801365673629308,crash_overlay_exit,217682.455125
2015-08-24,MORE_old,0.008860318672757606,0.008860318672757606,crash_overlay_exit,250657.80247658066
2015-08-24,SUBK,-0.004109142769390894,-0.0041091427693911164,crash_overlay_exit,37154.73178125
2015-08-24,CTT,-0.13915403642447066,-0.13915403642447066,crash_overlay_exit,166281.429375
2015-08-24,CLI,0.031098480104074122,0.031098480104074122,crash_overlay_exit,250657.80247658066
2015-08-24,SJI,-0.0032300989129068203,-0.0016161159800879288,crash_overlay_exit,250657.80247658066
2015-08-24,HBOS,-0.004730429688171278,-0.004730429688171389,crash_overlay_exit,192292.03481250003
2015-08-24,PCBK,-0.05660472090139668,-0.044862502105478264,crash_overlay_exit,42868.13362500001
2015-08-24,MOFG,-0.1343127841907733,-0.13199876931781807,crash_overlay_exit,33042.160546875
2015-08-24,LBAI,-0.09425051173849597,-0.09425051173849597,crash_overlay_exit,66476.34318750001
2015-08-24,TSRE,-0.004504464513290896,-0.004504464513291007,crash_overlay_exit,18234.308015625
2015-08-24,ABCW,0.021458542786760182,0.024828521348326582,crash_overlay_exit,128050.4900625
2015-08-24,SCNB,-0.0006055290283430992,-0.0006055290283432102,crash_overlay_exit,37154.73178125
2015-08-24,DEL,-0.09232516923205492,-0.09109817873438275,crash_overlay_exit,115620.00675
2015-08-24,BFIN,-0.0026070081707200154,-0.0026070081707200154,crash_overlay_exit,44039.93821875
2015-08-24,NP_old,-0.04178765987743771,-0.04178765987743771,crash_overlay_exit,230632.99125000002
2015-08-24,MRH,0.4228102967514549,0.4228102967514549,crash_overlay_exit,250657.80247658066
2015-08-24,BKMU,-0.11753643306978079,-0.1175364330697809,crash_overlay_exit,57179.566781249996
2015-08-24,SASR,-0.1042193180327462,-0.10421931803274609,crash_overlay_exit,75328.3696875
2015-08-24,MIG_old,0.003570834708380044,0.003570834708380044,crash_overlay_exit,250657.80247658066
2015-08-24,ESSA,-0.03688366241979135,-0.027097303326515276,crash_overlay_exit,7591.680837890625
2015-08-24,NPBC,0.04368369607050271,0.04368369607050271,crash_overlay_exit,250657.80247658066
2015-08-24,BNCN,0.051478141077989426,0.051478141077989426,crash_overlay_exit,140344.8905625
2015-09-16,PCH,-0.20827099196963328,-0.20233578993166235,stop_loss_exit,77912.58926812686
2015-09-30,CUNB,0.21309599796794676,0.223688582497247,rebalance_exit,15635.847867187502
2015-09-30,STON,0.13746075529059154,0.14937000969945413,rebalance_exit,79428.91039830622
2015-09-30,PPBI,0.16751848359418187,0.16751848359418187,rebalance_exit,27014.7080625
2015-09-30,YDKN,0.09463079170837752,0.09791675907649511,rebalance_exit,86745.03183834092
2015-09-30,SIFI_old,0.04522268644414407,0.04913511908071788,rebalance_exit,3662.245668945313
2015-09-30,SWAY,-0.08371239035751021,-0.08110882906683103,rebalance_exit,86745.03183834092
2015-09-30,SFR_old,-0.10066481106907865,-0.09830084254844262,rebalance_exit,86745.03183834092
2015-09-30,LNBB,0.08263557773349262,0.0826355777334924,rebalance_exit,6072.0060234375
2015-09-30,NGHC,0.027643761093165464,0.0328932044557968,rebalance_exit,68941.03462500001
2015-09-30,EGAS,-0.09044687528290196,-0.09044687528290196,rebalance_exit,8828.515781250002
2015-09-30,LSBG,-0.05144960071473148,-0.05144960071473159,rebalance_exit,2131.384012695313
2015-09-30,BNK,-0.026275639615257695,-0.026275639615257473,rebalance_exit,17021.089445312504
2015-09-30,SBRAP,0.01580547336978233,0.015820743592525055,rebalance_exit,8212.314359375001
2015-09-30,VIVO_old,-0.08123634429319004,-0.07661572693392937,rebalance_exit,145121.63675000003
2015-09-30,SUBK,0.04924869064241921,0.05784364859961322,rebalance_exit,24769.821187500005
2015-09-30,CTT,-0.11108831484120452,-0.10008259341230408,rebalance_exit,110854.28625
2015-09-30,HBOS,-0.004730429688171278,-0.004730429688171389,rebalance_exit,128194.68987500001
2015-09-30,MOFG,-0.11762833313498122,-0.11327756513592102,rebalance_exit,22028.10703125
2015-09-30,TSRE,0.0195195371500545,0.0195195371500545,rebalance_exit,12156.205343750004
2015-09-30,ABCW,0.10349472031362361,0.11830510493774504,rebalance_exit,85366.99337500002
2015-09-30,SCNB,0.05294133856925609,0.06156654498324121,rebalance_exit,24769.821187500005
2015-09-30,NP_old,-0.021823381173335266,-0.00667584529565024,rebalance_exit,153755.3275
2015-09-30,MRH,0.4228102967514549,0.4228102967514549,rebalance_exit,167105.2016510538
2015-09-30,BKMU,-0.008078364329906496,-0.0004018112636887672,rebalance_exit,38119.711187500005
2015-09-30,MIG_old,0.003570834708380044,0.003570834708380044,rebalance_exit,167105.2016510538
2015-09-30,NPBC,0.04635204075018873,0.046352040750188506,rebalance_exit,167105.2016510538
2015-09-30,SLD,-0.2512733439080882,-0.2507292801315587,stop_loss_exit,16089.207437500001
2015-12-04,HTS,-0.20583562369573882,-0.20329252807492004,stop_loss_exit,105680.11414603484
2015-12-09,CORLQ,-0.2359347277436109,-0.2359347277436109,stop_loss_exit,16228.739492187502
2015-12-31,FBNK,0.0,0.0,rebalance_exit,21304.515687500003
2015-12-31,AF,0.6621441065070035,0.6621441065070037,rebalance_exit,100193.01154731752
2015-12-31,WMC,-0.08416612747321817,-0.08416612747321806,rebalance_exit,69560.69350000001
2015-12-31,VGR,0.24808059278757755,0.24808059278757777,rebalance_exit,86745.03183834092
2015-12-31,TLMR,0.2804518696341236,0.2804518696341234,rebalance_exit,86745.03183834092
2015-12-31,DRYS,-0.08105810364189536,0.0,rebalance_exit,81792.26537500002
2015-12-31,CLI,0.2759730077303497,0.2759730077303497,rebalance_exit,167105.2016510538
2015-12-31,SJI,-0.02693181510673126,-0.02693181510673115,rebalance_exit,167105.2016510538
2015-12-31,ESSA,0.04353015208562461,0.04353015208562461,rebalance_exit,5061.1205585937505
2015-12-31,IILG,-0.15559101601549952,-0.147790342854912,rebalance_exit,329023.53375
2015-12-31,ALOG,0.008042540845315305,0.008042540845315527,rebalance_exit,558387.2598793182
2015-12-31,CHSP,-0.0234195399929239,-0.02341953999292401,rebalance_exit,558387.2598793182
2015-12-31,ESND,0.004828520495931965,0.006699984105816403,rebalance_exit,558387.2598793182
2015-12-31,COBZ,0.03373913594906064,0.03373913594906042,rebalance_exit,109998.4171875
2015-12-31,HT,-0.033423819243880826,-0.033423819243880826,rebalance_exit,558387.2598793182
2015-12-31,OSHC,0.07030342441651527,0.07030342441651527,rebalance_exit,6747.704547119141
2015-12-31,STAR,-0.0675678438910221,-0.067567843891022,rebalance_exit,558387.2598793182
2015-12-31,ONFC,-0.01470584522894025,-0.01470584522894025,rebalance_exit,9781.91494873047
2015-12-31,EDE,0.2733739998331828,0.2814893017770417,rebalance_exit,323747.789375
2016-01-12,OPI,-0.23700398185745564,-0.23700398185745541,stop_loss_exit,2279.349509365294
2016-01-15,MTGE,-0.22463307068170824,-0.22463307068170835,stop_loss_exit,105680.11414603484
2016-01-15,MYCC,-0.27006380487405557,-0.27006380487405557,stop_loss_exit,289223.90274666
2016-01-19,CYS,-0.23995032227062985,-0.23034022346315908,stop_loss_exit,105680.11414603484
2016-01-19,PKY1,-0.24672262704858627,-0.24129030709220434,stop_loss_exit,144846.76592234636
2016-01-21,AMTG,-0.21876093935611884,-0.21876093935611873,stop_loss_exit,104471.42338277868
2016-01-21,DEL,-0.242498989987472,-0.2333007060773522,stop_loss_exit,77080.00450000001
2016-02-10,FPO,-0.23105685706613854,-0.23105685706613854,stop_loss_exit,289223.90274666
2016-02-11,DOOR,-0.24590972888242557,-0.24590972888242557,stop_loss_exit,558387.2598793182
2016-03-31,ROIC,1.49910569770157,1.5074311089340449,rebalance_exit,14245.934433533086
2016-03-31,FFIC,0.771183468069272,0.7711834680692722,rebalance_exit,42269.77206250001
2016-03-31,SBY,-0.03147358841648429,-0.026251674614542586,rebalance_exit,77912.58926812686
2016-03-31,IRC,0.14242294422933988,0.14242294422933965,rebalance_exit,77912.58926812686
2016-03-31,ARPI,-0.10511360700444028,-0.10511360700444028,rebalance_exit,104471.42338277868
2016-03-31,CBNJ,0.4711982664017762,0.4745873143047954,rebalance_exit,4411.868912109376
2016-03-31,PCBK,0.21207610041907765,0.21583521931920657,rebalance_exit,28578.755750000004
2016-03-31,LBAI,-0.12916486246459757,-0.12916486246459769,rebalance_exit,44317.56212500001
2016-03-31,BNCN,0.0944874181887232,0.09995483186273701,rebalance_exit,93563.26037500001
2016-03-31,QTS,0.09498846216207024,0.10158382854400672,rebalance_exit,558387.2598793182
2016-03-31,SFLY,0.29014437299513784,0.29537127650486883,rebalance_exit,558387.2598793182
2016-03-31,PCH,0.10617222529006676,0.11355723096309545,rebalance_exit,558387.2598793182
2016-03-31,B_old,-0.022938970633239242,-0.021789571722582557,rebalance_exit,558387.2598793182
2016-03-31,OKSB,-0.07714760837843215,-0.07492188317386195,rebalance_exit,67041.429921875
2016-03-31,SYKE,0.17755655907502454,0.18352942373238368,rebalance_exit,522902.06125
2016-03-31,RPT_old,-0.03792797216873456,-0.03658819341892927,rebalance_exit,24135.7812109375
2016-03-31,HTLF,-0.018104936668480565,-0.018104936668480676,rebalance_exit,222573.67468750002
2016-03-31,OVTI,0.010341595175413332,0.010341595175413332,rebalance_exit,289223.90274666
2016-03-31,SNCA,-0.04906358234065167,-0.014382583398696136,rebalance_exit,42595.150234375
2016-03-31,HBHC,-0.08700933520624621,-0.08122274469681923,rebalance_exit,289223.90274666
2016-03-31,EPAY,0.009196015480897435,0.018107354968736278,rebalance_exit,289223.90274666
2016-03-31,DHIL,-0.06548785394024059,-0.06548785394024059,rebalance_exit,258788.249375
2016-03-31,AJX,-0.05707553980144264,-0.055763984925804255,rebalance_exit,24972.07701171875
2016-03-31,PWOD,-0.08422529412645907,-0.08185426313109545,rebalance_exit,37419.3395703125
2016-03-31,NATL_old,0.11446604794728943,0.1156342005574813,rebalance_exit,52138.146250000005
2016-03-31,ATRI,0.038797479562521,0.03879747956252122,rebalance_exit,156442.55828125
2016-05-10,FUR,-0.27658316155753737,-0.2752433446803434,stop_loss_exit,286625.94593750004
2016-05-13,ANTE,-0.24191999668396946,-0.23015531179729853,stop_loss_exit,14816.662695312501
2016-05-13,AMCN,-0.24191999668396957,-0.23015531179729853,stop_loss_exit,302167.2503125
2016-06-30,COL,0.6114813032094071,0.6114813032094069,rebalance_exit,56299.21792739529
2016-06-30,CFNL,0.32199988446344596,0.3219998844634462,rebalance_exit,79428.91039830622
2016-06-30,DGAS,0.3341670012542668,0.3341670012542668,rebalance_exit,5080.2790078125
2016-06-30,MORE_old,0.1285711798567135,0.1319211156125737,rebalance_exit,167105.2016510538
2016-06-30,BRKL_old,0.11018732367635842,0.11128792120608932,rebalance_exit,416465.03625
2016-06-30,CHMT_old,-0.07826700254306485,-0.07826700254306485,rebalance_exit,558387.2598793182
2016-06-30,VIVO_old,-0.029417054140870813,-0.029417054140870813,rebalance_exit,289223.90274666
2016-06-30,PULB,0.024991190274921138,0.024991190274921138,rebalance_exit,90569.71890625001
2016-06-30,HTS,0.3213876247423575,0.32351318302910026,rebalance_exit,289223.90274666
2016-06-30,GDEN,0.22930094050747973,0.23779599273715024,rebalance_exit,39484.140859375
2016-06-30,ENFC,0.0006039847621970296,0.0018570452459911735,rebalance_exit,11746.105322265626
2016-06-30,NPBC,0.007518789579387564,0.007518789579387564,rebalance_exit,330275.7784529261
2016-06-30,ACXM,0.014572641649835072,0.014572641649835072,rebalance_exit,330275.7784529261
2016-06-30,ABCW,0.060698669348332235,0.060698669348332235,rebalance_exit,330275.7784529261
2016-06-30,DATE,0.0040721702994876985,0.0040721702994876985,rebalance_exit,60810.94914062501
2016-06-30,EFII,0.01137134089853764,0.01137134089853764,rebalance_exit,330275.7784529261
2016-06-30,PKY1,0.06372462457448602,0.06600495642477733,rebalance_exit,330275.7784529261
2016-06-30,SPLP,-0.038755558553094094,-0.038755558553094205,rebalance_exit,9443.356596679687
2016-06-30,BOBE,-0.18646298240490544,-0.18615137231484713,rebalance_exit,330275.7784529261
2016-06-30,FPO,0.02712261965647844,0.02712261965647844,rebalance_exit,194845.83187500003
2016-09-27,NXEO,-0.21081413192924525,-0.21058196051532163,stop_loss_exit,92353.76968750001
2016-09-30,UBA,0.7771542191799297,0.7837154186281745,rebalance_exit,56299.21792739529
2016-09-30,FXCB,0.5110761359655729,0.5110761359655727,rebalance_exit,19659.468734375005
2016-09-30,BLMT,0.35779496746991235,0.3620985908425747,rebalance_exit,8423.322015625
2016-09-30,MCBC,0.5339251104585603,0.5391205793935379,rebalance_exit,6637.568000000001
2016-09-30,CDR,0.19241530014300934,0.19241530014300934,rebalance_exit,35573.640781250004
2016-09-30,CCMP,0.3783652610528656,0.38219056079113556,rebalance_exit,515079.9650000001
2016-09-30,NYRT,-0.17834326372386067,-0.17834326372386056,rebalance_exit,289223.90274666
2016-09-30,MLHR,0.0031278303555295484,0.005000018130625117,rebalance_exit,289223.90274666
2016-09-30,PUB,0.18357210902089127,0.19194209626518632,rebalance_exit,26943.79275390625
2016-09-30,CHFC,0.301113965349991,0.3138435530657726,rebalance_exit,289223.90274666
2016-09-30,PMBC,0.044382144362601794,0.05285712650844032,rebalance_exit,48589.452265625005
2016-09-30,FFWM,0.08654486441587506,0.09869545880342967,rebalance_exit,115669.66453125
2016-09-30,ORM,0.0917036105086515,0.09199109962031637,rebalance_exit,39565.4348828125
2016-09-30,DENN,0.021574514416828894,0.021574514416828894,rebalance_exit,330275.7784529261
2016-09-30,ALTA,0.2834801240694962,0.29255664098375056,rebalance_exit,52832.07652343751
2016-09-30,OPI,0.3141782754992126,0.31702924464728865,rebalance_exit,305612.7925
2016-09-30,WAIR,0.0007451735339034649,0.0007451735339034649,rebalance_exit,403608.4411197382
2016-09-30,UCFC,0.17462160448946373,0.1746216044894635,rebalance_exit,101687.5884375
2016-09-30,MOFG,0.06579106678654068,0.06579106678654045,rebalance_exit,62821.84859375001
2016-09-30,WIBC,0.030710143232362874,0.030710143232362874,rebalance_exit,403608.4411197382
2016-09-30,BNK,0.002571773087809426,0.002571773087809426,rebalance_exit,131888.52359375
2016-09-30,CEB,-0.11569253693905113,-0.11027901551008479,rebalance_exit,403608.4411197382
2016-09-30,TLMR,0.21638093790371693,0.2163809379037167,rebalance_exit,403608.4411197382
2016-09-30,VVI,0.19033167893068503,0.19265849701341908,rebalance_exit,281798.23875
2016-09-30,ATRI,-0.0005551224119998421,-0.0005551224119998421,rebalance_exit,333433.84750000003
2016-11-01,STON,-0.5113860499795947,-0.5062712345006747,stop_loss_exit,277684.29125
2016-12-30,FFNW,1.0011194350625794,1.010752015156823,rebalance_exit,14347.739687500001
2016-12-30,UCBI,0.47017180571977213,0.4741795913025846,rebalance_exit,558387.2598793182
2016-12-30,AIMC,0.6203102949813522,0.6272376139634581,rebalance_exit,355499.984375
2016-12-30,AIMCV,0.6203074187117139,0.6272347253968928,rebalance_exit,355499.984375
2016-12-30,FFKT,0.5384588206369512,0.566077276076052,rebalance_exit,28742.54150390625
2016-12-30,HI,0.32161229351731246,0.3250871800509867,rebalance_exit,289223.90274666
2016-12-30,FMBI,0.39061631920202267,0.3943861027780222,rebalance_exit,289223.90274666
2016-12-30,BPFH,0.49934740678780076,0.5107753598492575,rebalance_exit,289223.90274666
2016-12-30,ROLL,0.26046525697409617,0.26685769659150615,rebalance_exit,330275.7784529261
2016-12-30,GBNK,0.5860404249494631,0.5912397374350216,rebalance_exit,78302.008203125
2016-12-30,PFC,0.3389658025128348,0.3419245606583734,rebalance_exit,258804.963125
2016-12-30,FDEF,0.3389702772937724,0.3419290453273862,rebalance_exit,140781.58625000002
2016-12-30,WFD,0.02597406377356548,0.02597406377356548,rebalance_exit,110505.90402343751
2016-12-30,CVLY,0.4804370884860687,0.4804370884860689,rebalance_exit,125833.69546875
2016-12-30,VGR,0.10438733376900866,0.10438733376900866,rebalance_exit,403608.4411197382
2016-12-30,IBKCP,0.04702962825581247,0.04731059182336539,rebalance_exit,12785.25650390625
2016-12-30,SLD,-0.0022160125531639485,-6.640708458083289e-05,rebalance_exit,24547.836171875002
2016-12-30,EMCI,0.09029075652558549,0.09877403191199519,rebalance_exit,112667.75234375
2016-12-30,COB,0.11550632899454283,0.11550632899454283,rebalance_exit,37318.1246484375
2016-12-30,LBAI,0.7213696944225401,0.7300086924358298,rebalance_exit,85148.27203125
2016-12-30,STB,-0.05309571746259345,-0.05309571746259345,rebalance_exit,158664.303125
2016-12-30,ALOG,-0.07545926383252932,-0.0715136366696223,rebalance_exit,386057.53679048945
2016-12-30,RSTI,0.010871378703648737,0.01087137870364896,rebalance_exit,386057.53679048945
2016-12-30,CKEC,0.017604394340758667,0.017604394340758445,rebalance_exit,386057.53679048945
2016-12-30,MFSF,0.20037004331188757,0.20037004331188757,rebalance_exit,24763.5126953125
2016-12-30,CSGS,0.16545504280754786,0.17597579273703223,rebalance_exit,386057.53679048945
2016-12-30,COBZ,0.26411692143460375,0.2738573947607994,rebalance_exit,107388.38937500001
2016-12-30,MODG,-0.05795671731898444,-0.05522501303398053,rebalance_exit,386057.53679048945
2016-12-30,DEL,0.13955330804314947,0.13955330804314925,rebalance_exit,386057.53679048945
2016-12-30,MSFG,0.36214804203590223,0.37097760551873193,rebalance_exit,134016.114375
2016-12-30,NATL_old,-0.002699116979437699,-0.002699116979437699,rebalance_exit,42934.89097656251
2017-01-27,VIVO_old,-0.33371803011651935,-0.33371803011651935,stop_loss_exit,386057.53679048945
2017-02-28,LUB,-0.21950064179184392,-0.21950064179184403,stop_loss_exit,17096.71904296875
2017-03-31,HTBI,0.4747320974089331,0.4820458499831606,rebalance_exit,32284.03821875
2017-03-31,RZA,0.06804491127338852,0.06804491127338852,rebalance_exit,20139.392531250003
2017-03-31,BHBK,0.36187037783543063,0.36187037783543063,rebalance_exit,41601.80531250001
2017-03-31,OLBK,0.6377657650779169,0.6438271966683524,rebalance_exit,10766.564997558595
2017-03-31,FFG,0.10834711745391101,0.10834711745391123,rebalance_exit,210536.53609375
2017-03-31,AF,0.3021432249691196,0.3074574044707117,rebalance_exit,330275.7784529261
2017-03-31,YDKN,0.46880933549774495,0.46880933549774495,rebalance_exit,330275.7784529261
2017-03-31,SIFI_old,-0.0036979489773256713,0.005313449285482719,rebalance_exit,28911.73859375
2017-03-31,BNCN,0.5406615128707855,0.5462336108502097,rebalance_exit,403608.4411197382
2017-03-31,BRKL_old,0.28674516299953656,0.2915666702917765,rebalance_exit,218125.38125
2017-03-31,SBY,0.23850626623045112,0.2390685548479341,rebalance_exit,386057.53679048945
2017-03-31,FBC,0.008582853865186424,0.013130848041000176,rebalance_exit,328950.30000000005
2017-03-31,EDE,0.008747037898976906,0.008747037898977128,rebalance_exit,386057.53679048945
2017-03-31,CSS,-0.03501081607123302,-0.03501081607123302,rebalance_exit,91011.96453125
2017-03-31,HTLF,0.035855980059020576,0.03958898754319562,rebalance_exit,363862.6482888452
2017-03-31,IHC,-0.05217877436115381,-0.05217877436115381,rebalance_exit,33794.314453125
2017-03-31,SP,0.19190866230172143,0.19893429688657682,rebalance_exit,194178.5965625
2017-03-31,GCP,0.21425485118243404,0.21425485118243404,rebalance_exit,363862.6482888452
2017-03-31,LSBG,-0.06994487528009885,-0.06994487528009885,rebalance_exit,44981.645234375
2017-03-31,ATU,0.006954972271338011,0.008651053748102822,rebalance_exit,363862.6482888452
2017-03-31,BOCH,0.12005357770590708,0.12941908387791012,rebalance_exit,20779.492265625002
2017-03-31,ATRI,-0.075550986795342,-0.074804156719809,rebalance_exit,238167.95421875
2017-04-20,JMBA,-0.2114073992055432,-0.2068839088725155,stop_loss_exit,97054.41640625
2017-06-30,BNCL,0.3552287148564217,0.361867503336023,rebalance_exit,86745.03183834092
2017-06-30,BCRHF,0.2686788132799589,0.27541591804007215,rebalance_exit,9591.379281250001
2017-06-30,SASR,0.5326234960857166,0.540640666023078,rebalance_exit,50218.91312500001
2017-06-30,CACB,0.1497267498111321,0.1497267498111321,rebalance_exit,70817.45
2017-06-30,BCRH,0.23464161250800397,0.24119796845688013,rebalance_exit,25363.861015625003
2017-06-30,BKMU,0.210866296293579,0.21948159954754032,rebalance_exit,111999.42484375002
2017-06-30,EGOV,-0.17369793205874684,-0.1683894444439331,rebalance_exit,386057.53679048945
2017-06-30,PCH,0.19312283601528302,0.19312283601528324,rebalance_exit,386057.53679048945
2017-06-30,SYKE,0.18043223950560527,0.1850994044608809,rebalance_exit,386057.53679048945
2017-06-30,MBRG,0.4321379868631434,0.4321379868631434,rebalance_exit,20296.75552734375
2017-06-30,FFWM,0.1469205314111568,0.15298615846851593,rebalance_exit,363862.6482888452
2017-06-30,MTSC,-0.0921068901728832,-0.0869876748052989,rebalance_exit,363862.6482888452
2017-06-30,RTEC,-0.04060506250329565,-0.029403284429843413,rebalance_exit,363862.6482888452
2017-06-30,SCNB,-0.054017650794739414,-0.054017650794739414,rebalance_exit,286142.4296875
2017-06-30,TCAP,-0.03962091020108838,-0.0392611705171404,rebalance_exit,363862.6482888452
2017-06-30,CSWI,0.03670199796551854,0.04738523288135088,rebalance_exit,363862.6482888452
2017-06-30,UTEK,0.2593650845803155,0.2593650845803155,rebalance_exit,363862.6482888452
2017-06-30,BGG,0.07745287319082683,0.07745287319082705,rebalance_exit,447588.3427765355
2017-06-30,UAM,-0.0005009657147376778,-0.0005009657147377888,rebalance_exit,209096.51875000002
2017-06-30,APTS,0.20343200214447665,0.20343200214447665,rebalance_exit,265991.84500000003
2017-06-30,UCBI,0.0022217890091456027,0.007251503848522578,rebalance_exit,447588.3427765355
2017-06-30,TVPT,0.17250440710378778,0.17484291053201817,rebalance_exit,447588.3427765355
2017-06-30,CBPX,-0.05667573021068706,-0.053709509316917314,rebalance_exit,447588.3427765355
2017-06-30,ADSW,-0.004592304912271916,-0.0010799645831998106,rebalance_exit,447547.770625
2017-06-30,FLY_old,0.01851497706222549,0.018514977062225713,rebalance_exit,241446.42500000002
2017-09-15,NYRT,-0.23453119704098446,-0.2305464489058311,stop_loss_exit,363862.6482888452
2017-09-29,EBSB,0.43114144331378124,0.43952766171698276,rebalance_exit,74790.89437500002
2017-09-29,TPRE,0.16062898782672264,0.16062898782672264,rebalance_exit,289223.90274666
2017-09-29,CSFL,0.7311849275271582,0.731184927527158,rebalance_exit,289223.90274666
2017-09-29,AC,0.24698462183475445,0.24698462183475467,rebalance_exit,124114.27
2017-09-29,ACBI,0.25065696249838565,0.25518669229935687,rebalance_exit,352008.50703125005
2017-09-29,MORE_old,0.12310525429024022,0.12310525429024022,rebalance_exit,386057.53679048945
2017-09-29,WPT,0.2189533780527908,0.2189533780527908,rebalance_exit,53464.59078125001
2017-09-29,HYH,0.21768521732582302,0.21768521732582302,rebalance_exit,363862.6482888452
2017-09-29,MCBC,-0.014575902633607751,-0.00945740534392936,rebalance_exit,66850.72624999999
2017-09-29,MDLXQ,-0.007590043210876973,-0.007589981818681091,rebalance_exit,21965.454775390626
2017-09-29,FDEF,0.06150446367241824,0.06150446367241824,rebalance_exit,162482.12656250002
2017-09-29,MGP,0.14668374564715325,0.14668374564715325,rebalance_exit,447588.3427765355
2017-09-29,EPAY,0.33335151961254583,0.3368066226883619,rebalance_exit,447588.3427765355
2017-09-29,EBIX,0.06399222118945902,0.06399222118945902,rebalance_exit,447588.3427765355
2017-09-29,EBIXQ,0.06399472851533794,0.06399472851533794,rebalance_exit,447588.3427765355
2017-09-29,NCBS,0.19864877763226652,0.21525134334313978,rebalance_exit,89753.16093750001
2017-09-29,CCMP,0.048972474842480906,0.048972474842480906,rebalance_exit,447588.3427765355
2017-09-29,IBKCP,0.004790257367203399,0.004790257367203399,rebalance_exit,9052.627070312501
2017-09-29,OPINI,0.028055320412877727,0.02805532041287795,rebalance_exit,131617.223125
2017-09-29,WNRL,0.013055417204701936,0.01859633825085627,rebalance_exit,473209.6052713983
2017-09-29,FFG,0.2088082807521332,0.21272404082222418,rebalance_exit,153638.37562500002
2017-09-29,PFC,0.0003840801049603826,0.00038408010496016054,rebalance_exit,309002.5425
2017-09-29,AMWD,-6.931508062280045e-05,0.003495501086834052,rebalance_exit,473209.6052713983
2017-09-29,ENV,0.2691741171631481,0.27045136721462293,rebalance_exit,473209.6052713983
2017-09-29,SNR,-0.06908211844386603,-0.06711415975628188,rebalance_exit,473209.6052713983
2017-09-29,EGAS,0.015501449934108402,0.015501449934108402,rebalance_exit,36313.1871484375
2017-09-29,NXEO,-0.12485202475054558,-0.12199214007142556,rebalance_exit,346527.88453125
2017-11-01,OMI,-0.34564391060112765,-0.34564391060112765,stop_loss_exit,473209.6052713983
2017-12-29,NAVG,0.7134215371835484,0.7214665732577963,rebalance_exit,87224.34737208678
2017-12-29,FGL_old,0.20426672189668182,0.2042667218966816,rebalance_exit,330275.7784529261
2017-12-29,SNCA,0.0,0.0,rebalance_exit,18913.294179687502
2017-12-29,VGR,0.1911188584288337,0.1911188584288337,rebalance_exit,447588.3427765355
2017-12-29,MRT_old,-0.0018294343232873045,0.000892081074737261,rebalance_exit,221895.53046875002
2017-12-29,MSFG,0.11481179270044728,0.11481179270044728,rebalance_exit,252526.50625
2017-12-29,STB,0.04340444057850412,0.04587015105543246,rebalance_exit,112934.7734375
2017-12-29,MOFG,-0.006888184766276284,-0.006888184766276284,rebalance_exit,181292.34953125002
2017-12-29,CUNB,0.03161172673300294,0.03161172673300294,rebalance_exit,473209.6052713983
2017-12-29,SWM,0.23251154858177925,0.23719510278718992,rebalance_exit,473209.6052713983
2017-12-29,CAFD,0.04926365032504054,0.0499285866741237,rebalance_exit,233430.6453125
2017-12-29,BHBK,0.05137060242586888,0.052279093130945586,rebalance_exit,116423.504375
2017-12-29,FPO,-0.0004483980067093718,-0.0004483980067093718,rebalance_exit,477358.6432553247
2017-12-29,DPS,0.09790942623798715,0.09818427105449401,rebalance_exit,477358.6432553247
2017-12-29,NYRT,0.24659026828816422,0.2489095864151254,rebalance_exit,477358.6432553247
2017-12-29,ANCX,-0.029965296419603327,-0.026325476413088356,rebalance_exit,119327.41296875
2017-12-29,OKSB,0.03266793287849579,0.03266793287849579,rebalance_exit,186709.91125
2017-12-29,TERP,0.0847769073998279,0.08477690739982813,rebalance_exit,477358.6432553247
2017-12-29,HNGR,0.43200210184535326,0.43200210184535326,rebalance_exit,6920.03462890625
2017-12-29,CARO,0.03109088377527791,0.03407029964148256,rebalance_exit,286451.539375
2017-12-29,FLIC,-0.06424143024804274,-0.058621125971576316,rebalance_exit,135602.89375000002
2017-12-29,PRETL,0.015357270408683732,0.015357270408683732,rebalance_exit,24962.605
2017-12-29,MFSF,0.0034240581123794467,0.005471169643241902,rebalance_exit,51910.031406250004
2017-12-29,COBZ,0.020482530203719707,0.020482530203719485,rebalance_exit,230973.32968750002
2017-12-29,ACXM,0.11548117387514378,0.11548117387514378,rebalance_exit,477358.6432553247
2017-12-29,LMOS,0.00287427447566313,0.00287427447566313,rebalance_exit,327379.78656250006
2018-02-05,APTS,-0.27667406612827294,-0.27667406612827294,stop_loss_exit,425235.58949886414
2018-02-12,CSS,-0.2946680326428234,-0.2946680326428234,stop_loss_exit,77943.9003125
2018-03-01,OPI,-0.2506357507749879,-0.2506357507749879,stop_loss_exit,294716.890625
2018-03-07,SPA,-0.2745824129820823,-0.27217496535750874,stop_loss_exit,226668.621875
2018-03-29,NRE,0.09877444603969421,0.09877444603969421,rebalance_exit,363862.6482888452
2018-03-29,ORM,-0.15722090239044162,-0.15722090239044162,rebalance_exit,33305.846484375004
2018-03-29,EMCI,-0.006927464343916334,-0.003941501221497723,rebalance_exit,80462.75375
2018-03-29,TVPT,0.04340823322373821,0.04893018163446117,rebalance_exit,477358.6432553247
2018-03-29,FOE,-0.021995327093973005,-0.01642387296287795,rebalance_exit,425235.58949886414
2018-03-29,CSWI,-0.019586208080552114,-0.019586208080552336,rebalance_exit,146312.11875
2018-03-29,BRKL_old,0.031321154227302195,0.03599961857196421,rebalance_exit,425235.58949886414
2018-03-29,BOBE,-0.024251434176878583,-0.024251434176878583,rebalance_exit,425235.58949886414
2018-03-29,FFNW,0.05661122810729946,0.07656123238057733,rebalance_exit,22166.677929687503
2018-03-29,ARD,-0.10936849877253607,-0.10824010277677543,rebalance_exit,140417.76796875
2018-03-29,XOXO,0.12405206008127823,0.12405206008127823,rebalance_exit,205476.143125
2018-03-29,MLVF,-0.008067854582038403,-0.007633616683796363,rebalance_exit,23480.09849609375
2018-03-29,GLOP,-0.04484015608399872,-0.03827820139791105,rebalance_exit,278710.265
2018-03-29,MGIC,0.015154410554425235,0.023917517669879818,rebalance_exit,14562.706611328125
2018-03-29,FLY_old,0.02358243114399805,0.029180267492321166,rebalance_exit,145871.29375
2018-03-29,SP,-0.05102732588499481,-0.04782251649114844,rebalance_exit,425235.58949886414
2018-03-29,CSFL,0.0279180295284156,0.03167450443614461,rebalance_exit,425235.58949886414
2018-03-29,JCAP_old,-0.033171955074775994,-0.029340349449359704,rebalance_exit,360812.171875
2018-06-29,CSBK,0.45835668404187,0.45835668404187,rebalance_exit,31763.6099921875
2018-06-29,CYS,0.032604960311742426,0.037404119020876925,rebalance_exit,330275.7784529261
2018-06-29,CTT,0.19881933550368225,0.20273283432646294,rebalance_exit,200424.4540625
2018-06-29,PWOD,0.08676704514821654,0.08710444990768451,rebalance_exit,56281.232812500006
2018-06-29,TIER_old,0.41610700418474966,0.43578168309428533,rebalance_exit,419926.371875
2018-06-29,HMLP,0.028237985135465937,0.029372655660834246,rebalance_exit,89498.579921875
2018-06-29,ENFC,0.28679657294285055,0.28791205437628786,rebalance_exit,173292.41765625
2018-06-29,DENN,0.26866565902786044,0.2768465283969628,rebalance_exit,373633.1925
2018-06-29,LMNX_old,0.4636982338110802,0.46369823381108,rebalance_exit,353065.72187500005
2018-06-29,XCRA,0.416379939471879,0.416379939471879,rebalance_exit,471841.895
2018-06-29,PRFT,0.37908875319336577,0.3811571713766957,rebalance_exit,278988.33718750003
2018-06-29,SXCP,-0.09543129324269028,-0.08951186961810087,rebalance_exit,379153.40687500004
2018-06-29,GRP-UN,0.069590107966361,0.06959010796636078,rebalance_exit,13178.239912109375
2018-06-29,RSO,0.0665805566957498,0.0665805566957498,rebalance_exit,297087.45437500003
2018-06-29,CNTE,0.2213611950368488,0.22313505811296852,rebalance_exit,134186.355
2018-06-29,HTLF,0.020517467427855873,0.024917366700705657,rebalance_exit,425235.58949886414
2018-06-29,BSF,0.010767661838337439,0.010767661838337661,rebalance_exit,40947.5865625
2018-06-29,VBTX,0.11640083419069103,0.12250970679191853,rebalance_exit,269484.49625
2018-06-29,CSGS,-0.06544277489648165,-0.06544277489648176,rebalance_exit,425235.58949886414
2018-06-29,IBKCP,0.01167957813032916,0.014005264959176866,rebalance_exit,19280.9425
2018-06-29,ROIC,0.09103788033029891,0.09563208569688042,rebalance_exit,547378.281932226
2018-06-29,AY,0.04143782995041456,0.04509364831641749,rebalance_exit,547378.281932226
2018-06-29,MGP,0.15597521034783624,0.16389625842077282,rebalance_exit,547378.281932226
2018-06-29,EPAY,0.2818558605114805,0.28593553112399195,rebalance_exit,547378.281932226
2018-06-29,MTSC,0.024456545093916926,0.024456545093916926,rebalance_exit,533006.26
2018-06-29,AIMC,-0.06396822721107209,-0.06291519993925565,rebalance_exit,547378.281932226
2018-06-29,AIMCV,-0.06396803908043658,-0.06291501159697499,rebalance_exit,547378.281932226
2018-06-29,ACBI,0.07348654131750187,0.07776856890261863,rebalance_exit,152123.075
2018-06-29,PRETL,0.1221562431978993,0.12411063649378873,rebalance_exit,28745.729921874998
2018-06-29,FCCY,0.05317898845320057,0.05317898845320057,rebalance_exit,22716.92005859375
2018-08-28,VGR,-0.21922983073226832,-0.21922983073226843,stop_loss_exit,547378.281932226
2018-09-28,MTGE,0.7239004459586877,0.7239004459586875,rebalance_exit,330275.7784529261
2018-09-28,HTBK,0.07715836574709578,0.07856221102106575,rebalance_exit,310588.1528125
2018-09-28,STAR,-0.09291557787499372,-0.0907365981472461,rebalance_exit,363862.6482888452
2018-09-28,GBNK,0.11095906552245793,0.11474104012257746,rebalance_exit,473209.6052713983
2018-09-28,RZA,-0.0546346223620795,-0.05360091814381007,rebalance_exit,70299.960078125
2018-09-28,FFWM,-0.12908137732244374,-0.1268873829394429,rebalance_exit,160256.72
2018-09-28,INTL_old,0.2574577379295586,0.2574577379295586,rebalance_exit,254861.63875000004
2018-09-28,SASR,-0.027779664659000503,-0.024815927290754658,rebalance_exit,306331.8675
2018-09-28,HCOM_old,-0.0640090207305063,-0.0640090207305063,rebalance_exit,47222.8684765625
2018-09-28,IPHS,0.12144967942688067,0.12804897091382528,rebalance_exit,547378.281932226
2018-09-28,BWINB,-0.053358652928298556,-0.053358652928298556,rebalance_exit,85272.06546875
2018-09-28,ORM,0.02132741010161432,0.022789050118040777,rebalance_exit,207843.42148437502
2018-09-28,BNCL,0.04102901438670825,0.04484446268369635,rebalance_exit,388680.84500000003
2018-09-28,EMCI,-0.11133604067855496,-0.11133604067855485,rebalance_exit,83466.36867187501
2018-09-28,BHBK,0.09526498122162752,0.09550352629001435,rebalance_exit,162760.78437500002
2018-09-28,PTVCB,-0.06072270655928802,-0.0580293604732941,rebalance_exit,72730.51187500001
2018-09-28,OCIP,-0.004993461281531331,-0.004993461281531331,rebalance_exit,60568.422734374995
2018-09-28,CBTX,0.07123041891637771,0.07123041891637771,rebalance_exit,579383.3115882642
2018-09-28,KANG,-0.11777153326148548,-0.11777153326148537,rebalance_exit,579383.3115882642
2018-09-28,CBPX,0.1787532316627214,0.1862748561430676,rebalance_exit,579383.3115882642
2018-09-28,CARO,-0.12774141323718624,-0.1238496378297751,rebalance_exit,579383.3115882642
2018-09-28,NSM,0.039562687386518025,0.039562687386518025,rebalance_exit,339318.789375
2018-10-16,EBSB,-0.21308483084861674,-0.20747248065417911,stop_loss_exit,425235.58949886414
2018-10-26,FDEF,-0.22802400822587854,-0.21169750938215115,stop_loss_exit,209516.2871875
2018-10-26,PFC,-0.22802261861913053,-0.2116960903866485,stop_loss_exit,369187.19500000007
2018-10-30,CTT,-0.20921696780523502,-0.2092169678052349,stop_loss_exit,318918.15375000006
2018-11-20,VNTRD,-0.225744375,-0.225744375,stop_loss_exit,2.1814500594139097
2018-11-20,VNTR,-0.23109306636025806,-0.23109306636025817,stop_loss_exit,547378.281932226
2018-12-07,LBAI,-0.22962856662902098,-0.22638712682965179,stop_loss_exit,256083.08375
2018-12-11,ABTX,-0.22052930176619867,-0.22052930176619867,stop_loss_exit,243225.1775
2018-12-12,MOFG,-0.22557147054021776,-0.21673543377369653,stop_loss_exit,93299.58875
2018-12-18,ANCX,-0.23011831361754354,-0.21879298994298313,stop_loss_exit,195659.2003125
2018-12-19,PRTMQ,-0.2704937212943397,-0.2704937212943397,stop_loss_exit,32739.239218750005
2018-12-19,PRETM,-0.2704937212943397,-0.2704937212943397,stop_loss_exit,32739.239218750005
2018-12-20,TRCB,-0.2554747206073609,-0.25336856000190333,stop_loss_exit,16303.33654296875
2018-12-20,HTLF,-0.23890590880892704,-0.23890590880892704,stop_loss_exit,681226.8870577745
2018-12-21,OLBK,-0.22574934551132964,-0.21394800179848694,stop_loss_exit,251631.36875000002
2018-12-21,PRTNQ,-0.22814266032204378,-0.21731800894430442,stop_loss_exit,30683.699199218754
2018-12-21,UCFC,-0.21638985856714,-0.21086262410488976,stop_loss_exit,362544.259375
2018-12-21,BRKL_old,-0.2197004212106599,-0.21198482431292065,stop_loss_exit,420950.63375000004
2018-12-21,PMBC,-0.27356883902846973,-0.25556443548634633,stop_loss_exit,29027.1411328125
2018-12-24,BHLB,0.3490304399879709,0.3490304399879709,crash_overlay_exit,34359.234075
2018-12-24,CMO,-0.14330419884856638,-0.1425802902057266,crash_overlay_exit,46747.55356087611
2018-12-24,ANH,0.2913502671019954,0.2913502671019952,crash_overlay_exit,63408.068487620905
2018-12-24,BFIN,0.26961651653742025,0.2854668885595839,crash_overlay_exit,17615.9752875
2018-12-24,ORIT,0.04519205567468365,0.05246919464977218,crash_overlay_exit,173534.34164799599
2018-12-24,BMTC,0.15876492056738667,0.22482702718694614,crash_overlay_exit,165196.56225
2018-12-24,NP_old,-0.04399706093634381,-0.043997060936343924,crash_overlay_exit,198165.46707175564
2018-12-24,ESSA,0.243412386807216,0.243412386807216,crash_overlay_exit,72517.221421875
2018-12-24,DHIL,-0.15043561539697636,-0.15043561539697636,crash_overlay_exit,58846.93725
2018-12-24,AJX,0.019186664134896336,0.01918666413489656,crash_overlay_exit,26999.896546875
2018-12-24,RPT_old,0.17860367322818016,0.17860367322818016,crash_overlay_exit,34878.27159375
2018-12-24,CORLQ,0.05909144363951557,0.0631669051417676,crash_overlay_exit,9959.858009765623
2018-12-24,BOKFL,0.07842474916635345,0.08419025669981162,crash_overlay_exit,61673.45728125
2018-12-24,WMC,0.028071587188419178,0.028071587188419178,crash_overlay_exit,218317.5889733071
2018-12-24,CHSP,0.029653153841977975,0.029653153841977975,crash_overlay_exit,218317.5889733071
2018-12-24,BLMT,-0.06839383065300897,-0.06839383065300897,crash_overlay_exit,46953.0032578125
2018-12-24,SLD,0.19915578561934244,0.19915578561934266,crash_overlay_exit,205328.63287500004
2018-12-24,VVI,0.0019195577034170075,0.009340340892101784,crash_overlay_exit,211875.93225
2018-12-24,NCOM,-0.22197148331336514,-0.21635510482708054,crash_overlay_exit,150531.132
2018-12-24,HTBI,-0.035715898417620684,-0.03523668386728529,crash_overlay_exit,80849.89532812499
2018-12-24,SIFI_old,-0.1707111748227359,-0.1653107714091474,crash_overlay_exit,12721.053972656251
2018-12-24,PCSB,-0.015508843103885783,-0.015508843103885894,crash_overlay_exit,55229.587125000005
2018-12-24,CCLDP,0.12377455289358474,0.12377455289358474,crash_overlay_exit,16605.321304687503
2018-12-24,SBBX,-0.23913385473593896,-0.23913385473593907,crash_overlay_exit,8827.267420898437
2018-12-24,MCBC,-0.08655735474131732,-0.06665224230242217,crash_overlay_exit,31609.097460937497
2018-12-24,NXTM,0.1467849623854649,0.15046890435698423,crash_overlay_exit,328426.9691593356
2018-12-24,SYKE,-0.20971592073107315,-0.20971592073107315,crash_overlay_exit,328426.9691593356
2018-12-24,COBZ,0.13931455097159984,0.13931455097159984,crash_overlay_exit,191946.07012500003
2018-12-24,MYT,-0.9840561647859606,-0.9840561647859606,crash_overlay_exit,5593.24538671875
2018-12-24,FFIC,-0.21044551559231417,-0.21044551559231428,crash_overlay_exit,104598.62100000001
2018-12-24,CALL,0.0170175414985283,0.01701754149852852,crash_overlay_exit,45657.780281249994
2018-12-24,PBFX,-0.04651803291487977,-0.035513708301361135,crash_overlay_exit,73536.06956250001
2018-12-24,CSWI,-0.13854680001962638,-0.13854680001962627,crash_overlay_exit,161298.602625
2018-12-24,PIXY,-0.013696731614744828,-0.01369673161474494,crash_overlay_exit,40447.37090624999
2018-12-24,CWAY,0.000532207052036604,0.000532207052036604,crash_overlay_exit,18754.052730468753
2018-12-24,CVCY,-0.13380113256878434,-0.13380113256878434,crash_overlay_exit,33837.08409375
2018-12-24,PUB,-0.17600631852002935,-0.16270113906511452,crash_overlay_exit,48944.663718749995
2018-12-24,ALTA,-0.17600553087558257,-0.16270033870242628,crash_overlay_exit,48944.663718749995
2018-12-24,BOCH,-0.15248611510051535,-0.13847383472548735,crash_overlay_exit,26553.240843749998
2018-12-24,ICBK,-0.2150595965625821,-0.20873775960512642,crash_overlay_exit,10640.473171875
2018-12-24,NYRT,-0.042338369760171135,-0.042338369760171135,crash_overlay_exit,278317.742625
2018-12-24,SNCA,0.0,0.0,crash_overlay_exit,5450.931919921875
2018-12-24,AAIC,-0.19058417155399965,-0.19058417155399965,crash_overlay_exit,236577.668625
2018-12-24,ACBI,-0.07164286462170266,-0.062089549961374724,crash_overlay_exit,68476.4833125
2018-12-24,CORRQ,-0.1303885387740915,-0.13038853877409162,crash_overlay_exit,89597.6109375
2018-12-24,PWOD,-0.10787508488033404,-0.0988636930673309,crash_overlay_exit,10469.560839843749
2018-12-24,MITL,0.010876867633553333,0.010876867633553555,crash_overlay_exit,408736.1322346647
2018-12-24,MFSF,-0.32866378747516956,-0.32866378747516956,crash_overlay_exit,22528.7818125
2018-12-24,ADES,-0.18178896563286784,-0.18178896563286773,crash_overlay_exit,47096.31234375
2018-12-24,AI_old1,-0.19057935153900696,-0.19057935153900696,crash_overlay_exit,236577.668625
2018-12-24,SBBX,-0.23913385473593918,-0.23913385473593907,stop_loss_exit,5884.844947265627
2018-12-24,ICBK,-0.21505959656258233,-0.20873775960512642,stop_loss_exit,7093.648781250002
2018-12-24,MFSF,-0.32866378747516933,-0.32866378747516956,stop_loss_exit,15019.187875
2018-12-27,MYT,-0.9861233246479494,-0.9860772143201346,stop_loss_exit,3728.8302578124994
2018-12-31,NP_old,-0.028351500016677966,-0.02496755836195219,rebalance_exit,132110.31138117044
2018-12-31,BLMT,-0.03790232836848251,-0.030742703749300437,rebalance_exit,31302.002171875
2018-12-31,SLD,0.19915578561934288,0.19915578561934266,rebalance_exit,136885.75525000002
2018-12-31,SYKE,-0.14842160048564457,-0.14842160048564446,rebalance_exit,218951.31277289044
2018-12-31,COBZ,0.13931455097159984,0.13931455097159984,rebalance_exit,127964.04675000004
2018-12-31,CALL,0.01701754149852852,0.01701754149852852,rebalance_exit,30438.5201875
2018-12-31,PBFX,-0.0027652619948261847,-0.0027652619948261847,rebalance_exit,49024.046375000005
2018-12-31,CSWI,-0.10586440500148109,-0.09962682149101587,rebalance_exit,107532.40175000002
2018-12-31,PIXY,-0.07630539128381886,-0.01369673161474494,rebalance_exit,26964.9139375
2018-12-31,CWAY,0.0005322070520368261,0.000532207052036604,rebalance_exit,12502.7018203125
2018-12-31,CVCY,-0.1366024735113468,-0.12825742104693016,rebalance_exit,22558.056062500007
2018-12-31,PUB,-0.12876429421738134,-0.11422445267445847,rebalance_exit,32629.775812500004
2018-12-31,ALTA,-0.12876648825111148,-0.11422668332388564,rebalance_exit,32629.775812500004
2018-12-31,BOCH,-0.1167959502159015,-0.10254839119637027,rebalance_exit,17702.1605625
2018-12-31,NYRT,-0.04233836976017091,-0.042338369760171135,rebalance_exit,185545.16175000003
2018-12-31,SNCA,-0.002656245214603392,0.0,rebalance_exit,3633.95461328125
2018-12-31,ACBI,-0.028633269658268734,-0.02268651706069258,rebalance_exit,45650.98887500001
2018-12-31,MITL,0.010876867633553555,0.010876867633553555,rebalance_exit,272490.7548231098
2018-12-31,ADES,-0.09611133022692064,-0.09611133022692064,rebalance_exit,31397.541562500002
2019-03-29,BHLB,0.407862348040001,0.4197290705677177,rebalance_exit,22906.156050000005
2019-03-29,NXTM,0.20594221239142363,0.20594221239142363,rebalance_exit,218951.31277289044
2019-03-29,AAIC,-0.06837838311590849,-0.06247779294639855,rebalance_exit,157718.44575
2019-03-29,AI_old1,-0.06839227080685495,-0.06249176859748995,rebalance_exit,157718.44575
2019-03-29,CKH,0.11999648744331037,0.13027504274788715,rebalance_exit,450213.215625
2019-03-29,CATC,-0.008880130336557657,-0.008880130336557546,rebalance_exit,51760.063984375
2019-03-29,RVIC,0.18428725844357596,0.1911450956439653,rebalance_exit,180457.1921875
2019-03-29,UCBI,0.16173950980750007,0.16173950980750007,rebalance_exit,461976.73652246385
2019-03-29,MGP,0.23118992375286385,0.23118992375286407,rebalance_exit,461976.73652246385
2019-03-29,LBAI,0.00945965724434239,0.015160739638709675,rebalance_exit,214098.58125000002
2019-03-29,MLHR,0.16031382056521593,0.16925449152986483,rebalance_exit,461976.73652246385
2019-03-29,HMLP,0.2969242675520096,0.29746147440318427,rebalance_exit,223852.109375
2019-03-29,EVA,0.17782465134316672,0.17862772250088654,rebalance_exit,219186.87812500002
2019-03-29,CNXM,-0.0557647915673386,-0.05576479156733849,rebalance_exit,461976.73652246385
2019-03-29,FLY_old,0.29709422923113693,0.29709422923113693,rebalance_exit,141506.5009375
2019-03-29,CSGS,0.3213215226470374,0.324203960702778,rebalance_exit,461976.73652246385
2019-03-29,PRETL,0.32423980804490515,0.32605545184680995,rebalance_exit,40443.01514648438
2019-06-21,PRGX,-0.2506339398236218,-0.2506339398236218,stop_loss_exit,44505.7336328125
2019-06-28,NCOM,-0.08387850973322708,-0.08387850973322697,rebalance_exit,100354.08800000002
2019-06-28,SIFI_old,-0.015596724224427372,-0.01559672422442726,rebalance_exit,8480.7026484375
2019-06-28,MCBC,0.05755327158233858,0.06079738946776203,rebalance_exit,21072.731640625003
2019-06-28,PWOD,0.06906685194225282,0.07407073882857929,rebalance_exit,6979.707226562501
2019-06-28,PRFT,0.5345123787004948,0.5345123787004946,rebalance_exit,461976.73652246385
2019-06-28,FBC,0.2537194874462554,0.2537194874462554,rebalance_exit,461976.73652246385
2019-06-28,BRKL_old,0.11777724373484655,0.11777724373484655,rebalance_exit,461976.73652246385
2019-06-28,COT,-0.03866300661126154,-0.03866300661126154,rebalance_exit,461976.73652246385
2019-06-28,BHBK,0.12209688174966349,0.12209688174966349,rebalance_exit,377997.893125
2019-06-28,AY,0.1914067637840724,0.19202071508665064,rebalance_exit,461976.73652246385
2019-06-28,CBTX,-0.041525404461306925,-0.041525404461306814,rebalance_exit,339786.076875
2019-06-28,STAR,0.37789200267732537,0.37789200267732537,rebalance_exit,461976.73652246385
2019-06-28,BKCC,0.1893099556129525,0.19062083691249376,rebalance_exit,316688.8559375
2019-06-28,HTLF,0.020397120011004688,0.020397120011004688,rebalance_exit,461976.73652246385
2019-06-28,RILYH,0.09815738218144143,0.09815738218144143,rebalance_exit,26338.110214843753
2019-06-28,PRMW,-0.04313265458939819,-0.04313265458939819,rebalance_exit,461976.73652246385
2019-06-28,MGIC,0.17802305349904435,0.17818752652978476,rebalance_exit,27289.82578125
2019-06-28,AIY,-0.00963391108477496,-0.00963391108477496,rebalance_exit,20950.038935546876
2019-06-28,CSWI,0.19035725223116362,0.19035725223116362,rebalance_exit,266314.6275
2019-06-28,TVPT,0.0006353688990285988,0.0006353688990285988,rebalance_exit,830203.6093835342
2019-06-28,GOODM,0.006833532771032713,0.006833532771032935,rebalance_exit,6489.526376953126
2019-06-28,SNCA,-0.036006801620072415,-0.036006801620072526,rebalance_exit,18647.514033203126
2019-06-28,AXE,0.06415965843808835,0.06415965843808857,rebalance_exit,830203.6093835342
2019-06-28,PRA,0.04884578840024356,0.050600427912167456,rebalance_exit,830203.6093835342
2019-06-28,IHC,0.10427797527655569,0.10427797527655569,rebalance_exit,35845.82953125
2019-06-28,MLVF,0.08971531767278917,0.08971531767278917,rebalance_exit,17517.295424804688
2019-06-28,AT,-0.04289297557738392,-0.04289297557738392,rebalance_exit,183374.7403125
2019-08-05,FFIC,-0.23705277098302058,-0.2370527709830207,stop_loss_exit,69732.41400000002
2019-08-16,DHIL,-0.22345591137541854,-0.22274817962369797,stop_loss_exit,39231.29150000001
2019-08-23,AAIC,-0.2210422104004519,-0.21811497142103498,stop_loss_exit,340684.351875
2019-08-23,AI_old1,-0.22105062551985188,-0.21812341816354197,stop_loss_exit,340684.351875
2019-09-30,CHSP,0.21366891012572897,0.2136689101257292,rebalance_exit,145545.0593155381
2019-09-30,ROIC,0.18328828784726325,0.18762349066959394,rebalance_exit,461976.73652246385
2019-09-30,GPP,0.07308666324460122,0.07618449617036127,rebalance_exit,182671.85171875
2019-09-30,FFG,-0.0693889719984323,-0.06536466768726956,rebalance_exit,238695.84125000003
2019-09-30,KNL,0.5663357073588573,0.5663357073588575,rebalance_exit,461976.73652246385
2019-09-30,CAPD,0.2151067822773025,0.2151067822773025,rebalance_exit,320073.00281250005
2019-09-30,ABTX,-0.05904305286419009,-0.05422061898817021,rebalance_exit,321311.45375000004
2019-09-30,AINV,0.1186763256835941,0.12100150361588291,rebalance_exit,684177.3975
2019-09-30,FLIC,0.03895116861248216,0.04093357376116269,rebalance_exit,179155.93000000002
2019-09-30,MTSC,0.022871710841515736,0.02546054962852784,rebalance_exit,617322.14125
2019-09-30,CVCY,-0.06328808281187659,-0.052165764681143645,rebalance_exit,54831.28062500001
2019-09-30,FCBP,-0.05905558771242614,-0.05372740557863742,rebalance_exit,84300.05679687501
2019-09-30,NRE,0.04220429933075209,0.04220429933075187,rebalance_exit,496930.200625
2019-09-30,EMCI,0.004974761102378045,0.004974761102378045,rebalance_exit,91669.09171875002
2019-09-30,ACBI,0.012850426551985317,0.012850426551985095,rebalance_exit,223469.58093750002
2019-09-30,THR,-0.10473285298185186,-0.10409357177397627,rebalance_exit,499750.43125
2019-09-30,ATRI,-0.08975245618706362,-0.08446825455969531,rebalance_exit,824305.3418702462
2019-12-31,BFIN,0.21394843989591394,0.22002408650039307,rebalance_exit,11743.983525
2019-12-31,ORIT,0.4575724937633978,0.4575724937633978,rebalance_exit,115689.56109866401
2019-12-31,VVI,0.44011394579059004,0.44564919766710975,rebalance_exit,141250.6215
2019-12-31,CORRQ,0.18972849670076397,0.1897284967007642,rebalance_exit,59731.740625000006
2019-12-31,AYR,0.941776096154672,0.9437026041532981,rebalance_exit,461976.73652246385
2019-12-31,CARO,0.4674106888356966,0.4701631386137852,rebalance_exit,343785.965625
2019-12-31,JCAP_old,0.03507575263660856,0.03507575263660856,rebalance_exit,461976.73652246385
2019-12-31,SP,0.4351393316684582,0.43635744719537106,rebalance_exit,340231.28187500004
2019-12-31,ATAX,0.11505311325200895,0.11505311325200895,rebalance_exit,98550.719921875
2019-12-31,CTT,0.12617209910552307,0.12617209910552307,rebalance_exit,248701.23187500003
2019-12-31,PRTMQ,-0.07400015129952475,-0.07400015129952486,rebalance_exit,33287.46
2019-12-31,PRETM,-0.07400015129952475,-0.07400015129952486,rebalance_exit,33287.46
2019-12-31,SYKE,0.34438449012589456,0.34705036095150166,rebalance_exit,568097.29125
2019-12-31,OLBK,-0.00620476745107279,-0.00620476745107279,rebalance_exit,298718.5165625
2019-12-31,PMBC,0.07329213373168963,0.07911816843427033,rebalance_exit,27676.84140625
2019-12-31,FFIC,0.07827083730383477,0.08063136148949157,rebalance_exit,138927.670625
2019-12-31,CLNC,-0.08133879755049811,-0.07305790396533551,rebalance_exit,571523.87875
2019-12-31,CLI,0.07349997970083644,0.07512014722496274,rebalance_exit,1046219.8357037664
2019-12-31,WDR,-0.014189133294551404,-0.014189133294551515,rebalance_exit,1046219.8357037664
2020-02-27,CMO,0.028016368426381,0.028016368426381,crash_overlay_exit,18699.02142435045
2020-02-27,ANH,0.24177552354661636,0.2417755235466159,crash_overlay_exit,25363.22739504836
2020-02-27,BMTC,0.33054569108783927,0.3305456910878397,crash_overlay_exit,66078.62490000001
2020-02-27,ESSA,0.31087385162797254,0.3133857483562268,crash_overlay_exit,29006.88856875
2020-02-27,AJX,0.38449858742656295,0.38449858742656273,crash_overlay_exit,10799.958618749999
2020-02-27,RPT_old,0.7034681070784714,0.7034681070784712,crash_overlay_exit,13951.308637500004
2020-02-27,CORLQ,0.25740557267063124,0.25740557267063124,crash_overlay_exit,3983.94320390625
2020-02-27,BOKFL,0.29972709600588754,0.29972709600588754,crash_overlay_exit,24669.382912500005
2020-02-27,WMC,0.44715325533062567,0.44715325533062567,crash_overlay_exit,87327.03558932286
2020-02-27,HTBI,-0.024616777325606187,-0.024616777325606076,crash_overlay_exit,32339.958131249998
2020-02-27,PCSB,-0.012457838618036954,-0.012457838618036954,crash_overlay_exit,22091.834850000003
2020-02-27,CCLDP,0.3408064599786642,0.34080645997866377,crash_overlay_exit,6642.128521875
2020-02-27,SLCT,-0.12337323697062985,-0.12337323697062985,crash_overlay_exit,51732.42853125001
2020-02-27,UCFC,0.2666203691467006,0.2666203691467004,crash_overlay_exit,84725.722875
2020-02-27,OPINI,0.22301812783503472,0.2230181278350345,crash_overlay_exit,42732.197015624995
2020-02-27,FDEF,0.02616050922370894,0.02616050922370894,crash_overlay_exit,99797.50050000001
2020-02-27,RZA,0.1634289755636671,0.16342897556366687,crash_overlay_exit,115739.0308125
2020-02-27,EBSB,0.1864757846295202,0.1864757846295202,crash_overlay_exit,170269.853625
2020-02-27,PJC,0.23760975989002664,0.23760975989002642,crash_overlay_exit,277186.0419134783
2020-02-27,PFC,0.02615978008016695,0.02615978008016695,crash_overlay_exit,85873.239375
2020-02-27,SBBX,0.11972855477778288,0.11972855477778288,crash_overlay_exit,26468.431265625004
2020-02-27,SASR,0.06214618722936982,0.06214618722936982,crash_overlay_exit,216869.57925
2020-02-27,COWNL,0.16256878862309843,0.16256878862309843,crash_overlay_exit,25137.36890625
2020-02-27,STXB,-0.1652525725658479,-0.15497083780490162,crash_overlay_exit,62352.002296875005
2020-02-27,BOCH,0.005275589089704269,0.005275589089704047,crash_overlay_exit,26259.582117187503
2020-02-27,LMRKO,0.06494045022547001,0.06494045022547001,crash_overlay_exit,11045.94680859375
2020-02-27,EVA,0.20802842517377784,0.20802842517377762,crash_overlay_exit,113887.82662500002
2020-02-27,LBC,-0.027452238287846598,-0.02423928753368687,crash_overlay_exit,75891.55265625
2020-02-27,PBFX,-0.03623303913643372,-0.03623303913643372,crash_overlay_exit,127996.31653125
2020-02-27,RVIC,-0.1456609041301149,-0.145660904130115,crash_overlay_exit,246845.65500000003
2020-02-27,DENN,-0.2161302204731702,-0.2161302204731702,crash_overlay_exit,627731.9014222599
2020-02-27,BRKL_old,-0.022289367804563254,-0.022289367804563254,crash_overlay_exit,291239.78849999997
2020-02-27,HTBK,-0.07714214287387489,-0.077142142873875,crash_overlay_exit,154956.350625
2020-02-27,DHIL,-0.03472666791419632,-0.03472666791419621,crash_overlay_exit,125524.14318750001
2020-02-27,PRTNQ,-0.17332985617882846,-0.17332985617882846,crash_overlay_exit,58515.8844375
2020-02-27,PWOD,-0.02531504856008826,-0.02531504856008826,crash_overlay_exit,18574.8149296875
2020-02-27,MLVF,-0.08795236294109843,-0.08795236294109843,crash_overlay_exit,21321.0751640625
2020-02-27,VBTX,0.04162575525166723,0.04162575525166745,crash_overlay_exit,577825.9395
2020-02-27,PRETL,-0.3054178267776789,-0.3054178267776789,crash_overlay_exit,41211.210609375
2020-02-27,IBKCN,0.027967174380827853,0.027967174380827853,crash_overlay_exit,25478.460187499997
2020-02-27,MCBC,-0.047498346317175866,-0.03938362514090732,crash_overlay_exit,29315.018484375
2020-02-27,CSWI,-0.08617096462239193,-0.08617096462239182,crash_overlay_exit,222662.3625
2020-02-27,VWTR,-0.13351162723884125,-0.13351162723884136,crash_overlay_exit,30068.246625
2020-02-27,WAIR,0.0015558326880960038,0.0015558326880960038,crash_overlay_exit,367704.005625
2020-02-27,VER,-0.03571473720848384,-0.03571473720848395,crash_overlay_exit,550367.119249374
2020-02-27,TPRE,-0.10129321175947759,-0.10129321175947759,crash_overlay_exit,361169.74124999996
2020-02-27,LBAI,-0.132391723845541,-0.1323917238455411,crash_overlay_exit,115020.2255625
2020-02-27,CSTR,-0.15155678816690976,-0.15155678816690987,crash_overlay_exit,60389.922562499996
2020-02-27,BHLB,-0.23527367677048872,-0.23527367677048872,crash_overlay_exit,395792.403
2020-02-27,RMRM,-0.003962315564235874,-0.003962315564235985,crash_overlay_exit,54094.602
2020-02-27,FFWM,-0.15166350939560014,-0.15166350939560003,crash_overlay_exit,94669.65271875
2020-02-27,ENFC,-0.0004913746403575336,-0.0004913746403575336,crash_overlay_exit,44829.066785156254
2020-02-27,STAR,0.08890377721507048,0.08890377721507026,crash_overlay_exit,550367.119249374
2020-02-27,FFG,-0.16864604504592984,-0.16864604504592995,crash_overlay_exit,124115.3724375
2020-02-27,PRA,-0.17957964317208952,-0.17957964317208952,crash_overlay_exit,536469.7867500001
2020-02-27,HTLF,-0.0841244885643001,-0.0841244885643001,crash_overlay_exit,295489.508625
2020-02-27,BKCC,-0.06713851233086698,-0.06713851233086698,crash_overlay_exit,215114.796
2020-02-27,IHC,-0.11940838368858431,-0.1088396528836586,crash_overlay_exit,22113.8104453125
2020-02-27,NCBS,-0.0732409607772403,-0.0732409607772403,crash_overlay_exit,261338.22674999997
2020-02-27,FLIC,-0.15021650746482973,-0.15021650746482984,crash_overlay_exit,71197.6185
2020-02-27,SVBI,-0.11853164518472714,-0.11853164518472703,crash_overlay_exit,5383.264904296876
2020-02-27,AMBC,-0.08559648247927054,-0.07942050699413261,crash_overlay_exit,397988.565
2020-02-28,BMTC,0.27236311252732137,0.2723631125273218,sector_crash_overlay_exit,26431.449960000005
2020-02-28,ESSA,0.3371080110359468,0.3401252922612823,sector_crash_overlay_exit,11602.7554275
2020-02-28,CORLQ,0.22827081961359585,0.23784643594592314,sector_crash_overlay_exit,1593.5772815625
2020-02-28,BOKFL,0.28607934248353795,0.2860793424835377,sector_crash_overlay_exit,9867.753165000002
2020-02-28,HTBI,-0.06476430533261557,-0.06476430533261535,sector_crash_overlay_exit,12935.9832525
2020-02-28,PCSB,-0.022570887736757528,-0.022570887736757195,sector_crash_overlay_exit,8836.733940000004
2020-02-28,SLCT,-0.15243266088420449,-0.15243266088420449,sector_crash_overlay_exit,20692.971412500003
2020-02-28,UCFC,0.2666203691467004,0.2666203691467004,sector_crash_overlay_exit,33890.289150000004
2020-02-28,OPINI,0.1872249076508281,0.1889815541530615,sector_crash_overlay_exit,17092.87880625
2020-02-28,FDEF,0.007002787138506328,0.007002787138506328,sector_crash_overlay_exit,39919.0002
2020-02-28,EBSB,0.16738905335504595,0.16738905335504617,sector_crash_overlay_exit,68107.94145
2020-02-28,PFC,0.007001166602642828,0.007001166602642828,sector_crash_overlay_exit,34349.295750000005
2020-02-28,SBBX,0.08555705745314546,0.08555705745314546,sector_crash_overlay_exit,10587.372506250002
2020-02-28,SASR,0.014960622312377492,0.01496062231237727,sector_crash_overlay_exit,86747.8317
2020-02-28,BOCH,-0.008476518898855034,-0.008476518898855256,sector_crash_overlay_exit,10503.832846875
2020-02-28,LBC,-0.02703850552072007,-0.02703850552072018,sector_crash_overlay_exit,30356.6210625
2020-02-28,BRKL_old,-0.04969581994562322,-0.04969581994562311,sector_crash_overlay_exit,116495.9154
2020-02-28,PRTNQ,-0.23087064179971972,-0.23087064179971972,sector_crash_overlay_exit,23406.353775
2020-02-28,PWOD,-0.02041780982351782,-0.012214699808775098,sector_crash_overlay_exit,7429.925971875001
2020-02-28,MLVF,-0.12414104873769438,-0.12414104873769427,sector_crash_overlay_exit,8528.430065625002
2020-02-28,PRETL,-0.3374735523671192,-0.3374735523671192,sector_crash_overlay_exit,16484.48424375
2020-02-28,IBKCN,-0.013061351080369987,0.00233459106607925,sector_crash_overlay_exit,10191.384075
2020-02-28,MCBC,-0.061768639954519866,-0.061768639954519644,sector_crash_overlay_exit,11726.007393750002
2020-02-28,LBAI,-0.1679176879744536,-0.1679176879744534,sector_crash_overlay_exit,46008.09022500001
2020-02-28,CSTR,-0.1912704612442936,-0.1912704612442936,sector_crash_overlay_exit,24155.969025000002
2020-02-28,BHLB,-0.254215652944343,-0.2542156529443429,sector_crash_overlay_exit,158316.9612
2020-02-28,RMRM,-0.08663251481204381,-0.08663251481204393,sector_crash_overlay_exit,21637.840799999998
2020-02-28,ENFC,-0.0004913746403574226,-0.0004913746403575336,sector_crash_overlay_exit,17931.6267140625
2020-02-28,FFG,-0.18968391327718015,-0.18968391327718004,sector_crash_overlay_exit,49646.148975000004
2020-02-28,HTLF,-0.1370882723367275,-0.1370882723367276,sector_crash_overlay_exit,118195.80345
2020-02-28,NCBS,-0.10333233758784233,-0.10333233758784233,sector_crash_overlay_exit,104535.29070000001
2020-02-28,SVBI,-0.14101691496194846,-0.14101691496194868,sector_crash_overlay_exit,2153.30596171875
2020-02-28,AMBC,-0.11266114595933152,-0.11266114595933174,sector_crash_overlay_exit,159195.426
2020-02-28,PRETL,-0.33747355236711907,-0.3374735523671192,stop_loss_exit,10989.6561625
2020-03-02,DENN,-0.23926232266728364,-0.2283440540726024,stop_loss_exit,418487.9342815066
2020-03-02,BHLB,-0.22641161429268253,-0.2264116142926823,stop_loss_exit,105544.64080000002
2020-03-03,CMO,0.0376203778305757,0.0376203778305757,crash_overlay_exit,7479.608569740179
2020-03-03,ANH,0.23846767782389122,0.2417755235466159,crash_overlay_exit,10145.290958019346
2020-03-03,BMTC,0.2893640716360346,0.30451701489783045,crash_overlay_exit,10572.579984000004
2020-03-03,ESSA,0.3328395370996948,0.3328395370996946,crash_overlay_exit,4641.1021709999995
2020-03-03,AJX,0.40095043846615286,0.4009504384661531,crash_overlay_exit,4319.9834475
2020-03-03,RPT_old,0.7237071758890175,0.7237071758890175,crash_overlay_exit,5580.523455000001
2020-03-03,CORLQ,0.27140802449354307,0.27438691587329167,crash_overlay_exit,637.430912625
2020-03-03,BOKFL,0.3115049863734265,0.3115049863734265,crash_overlay_exit,3947.1012660000006
2020-03-03,WMC,0.4859114453666449,0.4969566707809925,crash_overlay_exit,34930.81423572914
2020-03-03,HTBI,-0.07387577581254123,-0.06752120947680462,crash_overlay_exit,5174.393301000001
2020-03-03,PCSB,-0.025195243197587147,-0.020441193369681976,crash_overlay_exit,3534.693576000001
2020-03-03,CCLDP,0.31708220065777715,0.3225105379275952,crash_overlay_exit,2656.8514087500002
2020-03-03,SLCT,-0.14607755083328078,-0.1346740855575025,crash_overlay_exit,8277.188565000002
2020-03-03,UCFC,0.2666203691467004,0.2666203691467004,crash_overlay_exit,13556.115660000005
2020-03-03,OPINI,0.2254180435770412,0.22541804357704143,crash_overlay_exit,6837.1515225
2020-03-03,FDEF,0.054992450182199004,0.0623746037733115,crash_overlay_exit,15967.600079999998
2020-03-03,RZA,0.13833958900322574,0.14328445213683572,crash_overlay_exit,46295.61232500001
2020-03-03,EBSB,0.14666260694602928,0.16879608375409338,crash_overlay_exit,27243.176579999996
2020-03-03,PJC,0.23760975989002642,0.23760975989002642,crash_overlay_exit,110874.41676539133
2020-03-03,PFC,0.05499256701520272,0.062374721423837265,crash_overlay_exit,13739.718300000004
2020-03-03,SBBX,0.053820576657211516,0.06475363950786295,crash_overlay_exit,4234.9490025000005
2020-03-03,SASR,0.05441221231871851,0.05488685752860678,crash_overlay_exit,34699.13268
2020-03-03,COWNL,0.2043602160861986,0.20436021608619837,crash_overlay_exit,10054.9475625
2020-03-03,STXB,-0.19252924169016983,-0.1882045515933719,crash_overlay_exit,24940.800918750007
2020-03-03,BOCH,-0.04562801376700709,-0.040248578476813845,crash_overlay_exit,4201.53313875
2020-03-03,LMRKO,0.06288581678566474,0.06288581678566474,crash_overlay_exit,4418.3787234374995
2020-03-03,EVA,0.23545161673309312,0.2417720399447807,crash_overlay_exit,45555.13065000001
2020-03-03,LBC,-0.05630241797157154,-0.043823464238517684,crash_overlay_exit,12142.648425000001
2020-03-03,PBFX,-0.07822126936180074,-0.06578955179124102,crash_overlay_exit,51198.52661250001
2020-03-03,RVIC,-0.2189782125998574,-0.21772101876110295,crash_overlay_exit,98738.262
2020-03-03,BRKL_old,-0.048276473441156376,-0.03325015479265481,crash_overlay_exit,46598.36616
2020-03-03,HTBK,-0.09776068260734039,-0.09184303040673325,crash_overlay_exit,61982.540250000005
2020-03-03,DHIL,-0.04855475801627318,-0.02778194988870719,crash_overlay_exit,50209.657275000005
2020-03-03,PRTNQ,-0.2668557959073856,-0.2551521249646931,crash_overlay_exit,9362.541510000001
2020-03-03,PWOD,-0.02073012619249348,-0.02073012619249337,crash_overlay_exit,2971.970388750001
2020-03-03,MLVF,-0.14521301362220884,-0.14521301362220884,crash_overlay_exit,3411.3720262500005
2020-03-03,VBTX,-0.021231444162036928,-0.006095682932812596,crash_overlay_exit,231130.37579999995
2020-03-03,IBKCN,0.012281127378591439,0.01228112737859166,crash_overlay_exit,4076.553630000001
2020-03-03,MCBC,-0.08797174156725851,-0.07636698930634644,crash_overlay_exit,4690.4029575
2020-03-03,CSWI,-0.09448233358642355,-0.09448233358642344,crash_overlay_exit,89064.945
2020-03-03,VWTR,-0.15319868194067954,-0.14248143498585752,crash_overlay_exit,12027.29865
2020-03-03,WAIR,0.0015558326880955597,0.0015558326880960038,crash_overlay_exit,147081.60225000003
2020-03-03,VER,-0.03787958367791455,-0.03787958367791433,crash_overlay_exit,220146.84769974966
2020-03-03,TPRE,-0.1771623823236752,-0.16751369390196702,crash_overlay_exit,144467.8965
2020-03-03,LBAI,-0.17485994495955248,-0.15838604193760353,crash_overlay_exit,18403.236090000002
2020-03-03,CSTR,-0.21854554546923521,-0.21112729778298556,crash_overlay_exit,9662.387610000003
2020-03-03,RMRM,-0.05098869217478863,-0.05098869217478874,crash_overlay_exit,8655.13632
2020-03-03,FFWM,-0.18159639453787657,-0.16828128082645444,crash_overlay_exit,37867.86108750001
2020-03-03,ENFC,-0.0004913746403575336,-0.0004913746403575336,crash_overlay_exit,7172.650685625001
2020-03-03,STAR,0.09445241418634942,0.09445241418634964,crash_overlay_exit,220146.84769974966
2020-03-03,FFG,-0.1949513498555756,-0.18188009831814123,crash_overlay_exit,19858.459590000002
2020-03-03,PRA,-0.2727095500936,-0.2576087689067079,crash_overlay_exit,214587.91470000002
2020-03-03,HTLF,-0.13311281688197374,-0.1213809659642403,crash_overlay_exit,47278.32138
2020-03-03,BKCC,-0.06114094056624875,-0.06114094056624886,crash_overlay_exit,86045.91840000001
2020-03-03,IHC,-0.14196748600586817,-0.13212983738464112,crash_overlay_exit,8845.524178125
2020-03-03,NCBS,-0.08875893259571044,-0.08875893259571055,crash_overlay_exit,41814.11628
2020-03-03,FLIC,-0.159309388660951,-0.1566248697728767,crash_overlay_exit,28479.047400000007
2020-03-03,SVBI,-0.15985330365023032,-0.14316101032511974,crash_overlay_exit,861.3223846875002
2020-03-03,AMBC,-0.12651135348985,-0.1265113534898501,crash_overlay_exit,63678.1704
2020-03-03,RVIC,-0.2189782125998574,-0.21772101876110295,stop_loss_exit,65825.50800000002
2020-03-03,PRTNQ,-0.2668557959073856,-0.2551521249646931,stop_loss_exit,6241.69434
2020-03-03,PRA,-0.2727095500936002,-0.2576087689067079,stop_loss_exit,143058.60980000003
2020-03-05,CMO,0.05131946952320243,0.05131946952320243,crash_overlay_exit,2991.8434278960717
2020-03-05,ANH,0.21240399708418156,0.21240399708418178,crash_overlay_exit,4058.1163832077386
2020-03-05,BMTC,0.2578155168337035,0.2578155168337042,crash_overlay_exit,4229.031993600001
2020-03-05,ESSA,0.23155536072467675,0.23155536072467697,crash_overlay_exit,1856.4408684000002
2020-03-05,AJX,0.3627118380587122,0.3699667144426062,crash_overlay_exit,1727.9933789999998
2020-03-05,RPT_old,0.6766775977497035,0.6855962047575344,crash_overlay_exit,2232.209382000001
2020-03-05,CORLQ,0.26820817074300507,0.26820817074300507,crash_overlay_exit,254.97236505
2020-03-05,BOKFL,0.31066103640071985,0.31330288707286913,crash_overlay_exit,1578.8405064000003
2020-03-05,WMC,0.5076802868780981,0.5154555788034925,crash_overlay_exit,13972.325694291656
2020-03-05,HTBI,-0.09546854943892369,-0.09546854943892347,crash_overlay_exit,2069.7573204000005
2020-03-05,PCSB,-0.05652091889161004,-0.05291550718043114,crash_overlay_exit,1413.8774304000005
2020-03-05,CCLDP,0.31558341525085987,0.3155834152508601,crash_overlay_exit,1062.7405635000002
2020-03-05,SLCT,-0.1903714109517589,-0.1903714109517588,crash_overlay_exit,3310.875426000001
2020-03-05,UCFC,0.2666203691467002,0.2666203691467004,crash_overlay_exit,5422.446264000003
2020-03-05,OPINI,0.2120517003057445,0.21486894716636984,crash_overlay_exit,2734.860609
2020-03-05,FDEF,0.04163487976915503,0.047638157289129346,crash_overlay_exit,6387.040032
2020-03-05,RZA,0.1323066513185478,0.1351386293414909,crash_overlay_exit,18518.244930000004
2020-03-05,EBSB,0.1596099203369461,0.1596099203369461,crash_overlay_exit,10897.270631999998
2020-03-05,PJC,0.23760975989002642,0.23760975989002642,crash_overlay_exit,44349.76670615654
2020-03-05,PFC,0.041632790787985874,0.04763605626848855,crash_overlay_exit,5495.887320000003
2020-03-05,SBBX,0.02909909937020494,0.029099099370204717,crash_overlay_exit,1693.9796010000002
2020-03-05,SASR,0.030138844294676392,0.030138844294676392,crash_overlay_exit,13879.653072000005
2020-03-05,COWNL,0.1974931152569499,0.1974931152569499,crash_overlay_exit,4021.979025
2020-03-05,STXB,-0.21833459643028297,-0.2183345964302832,crash_overlay_exit,9976.320367500002
2020-03-05,BOCH,-0.05696195134108406,-0.050681137399445686,crash_overlay_exit,1680.6132555000002
2020-03-05,LMRKO,0.06614888241542838,0.06919990960799072,crash_overlay_exit,1767.3514893749998
2020-03-05,EVA,0.24784462423400444,0.247844624234004,crash_overlay_exit,18222.05226
2020-03-05,LBC,-0.06621701469171126,-0.06621701469171126,crash_overlay_exit,4857.059370000001
2020-03-05,PBFX,-0.12287135690845108,-0.1228713569084513,crash_overlay_exit,20479.410645000004
2020-03-05,BRKL_old,-0.0734720545593538,-0.0633990460161531,crash_overlay_exit,18639.346464
2020-03-05,HTBK,-0.13163541450516203,-0.13163541450516214,crash_overlay_exit,24793.016100000004
2020-03-05,DHIL,-0.0439859585212834,-0.04398595852128351,crash_overlay_exit,20083.86291
2020-03-05,PWOD,-0.05977370049110042,-0.05937675409496146,crash_overlay_exit,1188.7881555000004
2020-03-05,MLVF,-0.18090064558571717,-0.1791113083406879,crash_overlay_exit,1364.5488105000002
2020-03-05,VBTX,-0.026643378988236988,-0.02560187625694943,crash_overlay_exit,92452.15032
2020-03-05,IBKCN,0.027745966113545295,0.027745966113545517,crash_overlay_exit,1630.6214520000005
2020-03-05,MCBC,-0.09371681858162739,-0.09096544674925666,crash_overlay_exit,1876.1611830000004
2020-03-05,CSWI,-0.07576146574400022,-0.06487437136126573,crash_overlay_exit,35625.978
2020-03-05,VWTR,-0.11072556482292839,-0.09045625920614042,crash_overlay_exit,4810.919460000001
2020-03-05,WAIR,0.0015558326880957818,0.0015558326880960038,crash_overlay_exit,58832.640900000006
2020-03-05,VER,-0.026296080976720204,-0.018398602958717536,crash_overlay_exit,88058.73907989988
2020-03-05,TPRE,-0.17886576882197058,-0.17886576882197047,crash_overlay_exit,57787.1586
2020-03-05,LBAI,-0.18784577564464378,-0.18784577564464378,crash_overlay_exit,7361.294436000001
2020-03-05,CSTR,-0.2040428190432403,-0.19969398819545348,crash_overlay_exit,3864.9550440000007
2020-03-05,RMRM,-0.04009238228565981,-0.03812097011673965,crash_overlay_exit,3462.054528000001
2020-03-05,FFWM,-0.1855648992236475,-0.1855648992236475,crash_overlay_exit,15147.144435000002
2020-03-05,ENFC,-0.0004913746403575336,-0.0004913746403575336,crash_overlay_exit,2869.0602742500005
2020-03-05,STAR,0.11292423851029332,0.11664659324422844,crash_overlay_exit,88058.73907989988
2020-03-05,FFG,-0.20987472483562297,-0.2098747248356232,crash_overlay_exit,7943.383836
2020-03-05,HTLF,-0.14937328514288362,-0.1493732851428835,crash_overlay_exit,18911.328552000003
2020-03-05,BKCC,-0.07516866646524223,-0.075168666465242,crash_overlay_exit,34418.36736000001
2020-03-05,IHC,-0.14492684218044882,-0.1440107237143634,crash_overlay_exit,3538.209671250001
2020-03-05,NCBS,-0.11048407255155646,-0.11048407255155623,crash_overlay_exit,16725.646512000003
2020-03-05,FLIC,-0.1946869500390419,-0.1946869500390418,crash_overlay_exit,11391.618960000003
2020-03-05,SVBI,-0.15806971720146645,-0.15806971720146656,crash_overlay_exit,344.52895387500007
2020-03-05,AMBC,-0.13343645725510944,-0.13343645725510933,crash_overlay_exit,25471.268160000007
2020-03-05,BMTC,0.25781551683370396,0.2578155168337042,sector_crash_overlay_exit,1691.6127974400006
2020-03-05,ESSA,0.23155536072467675,0.23155536072467697,sector_crash_overlay_exit,742.5763473600002
2020-03-05,CORLQ,0.26820817074300507,0.26820817074300507,sector_crash_overlay_exit,101.98894602
2020-03-05,BOKFL,0.31066103640071985,0.31330288707286913,sector_crash_overlay_exit,631.5362025600002
2020-03-05,HTBI,-0.0954685494389238,-0.09546854943892347,sector_crash_overlay_exit,827.9029281600002
2020-03-05,PCSB,-0.05652091889160982,-0.05291550718043114,sector_crash_overlay_exit,565.5509721600001
2020-03-05,SLCT,-0.19037141095175925,-0.1903714109517588,sector_crash_overlay_exit,1324.3501704000007
2020-03-05,UCFC,0.2666203691467004,0.2666203691467004,sector_crash_overlay_exit,2168.9785056000014
2020-03-05,OPINI,0.2120517003057445,0.21486894716636984,sector_crash_overlay_exit,1093.9442436000002
2020-03-05,FDEF,0.04163487976915503,0.047638157289129346,sector_crash_overlay_exit,2554.8160128000004
2020-03-05,EBSB,0.15960992033694632,0.1596099203369461,sector_crash_overlay_exit,4358.9082528
2020-03-05,PFC,0.04163279078798632,0.04763605626848855,sector_crash_overlay_exit,2198.3549280000007
2020-03-05,SBBX,0.02909909937020494,0.029099099370204717,sector_crash_overlay_exit,677.5918404000003
2020-03-05,SASR,0.030138844294676392,0.030138844294676392,sector_crash_overlay_exit,5551.861228800002
2020-03-05,BOCH,-0.05696195134108395,-0.050681137399445686,sector_crash_overlay_exit,672.2453022000001
2020-03-05,LBC,-0.06621701469171115,-0.06621701469171126,sector_crash_overlay_exit,1942.8237480000003
2020-03-05,BRKL_old,-0.07347205455935402,-0.0633990460161531,sector_crash_overlay_exit,7455.738585600001
2020-03-05,PWOD,-0.05977370049109998,-0.05937675409496146,sector_crash_overlay_exit,475.5152622000001
2020-03-05,MLVF,-0.18090064558571728,-0.1791113083406879,sector_crash_overlay_exit,545.8195242000002
2020-03-05,IBKCN,0.027745966113545295,0.027745966113545517,sector_crash_overlay_exit,652.2485808000002
2020-03-05,MCBC,-0.09371681858162773,-0.09096544674925666,sector_crash_overlay_exit,750.4644732000003
2020-03-05,LBAI,-0.1878457756446439,-0.18784577564464378,sector_crash_overlay_exit,2944.5177744000007
2020-03-05,CSTR,-0.2040428190432403,-0.19969398819545348,sector_crash_overlay_exit,1545.9820176000005
2020-03-05,RMRM,-0.04009238228565948,-0.03812097011673965,sector_crash_overlay_exit,1384.8218112000002
2020-03-05,ENFC,-0.0004913746403574226,-0.0004913746403575336,sector_crash_overlay_exit,1147.6241097000002
2020-03-05,FFG,-0.2098747248356232,-0.2098747248356232,sector_crash_overlay_exit,3177.3535344
2020-03-05,HTLF,-0.14937328514288362,-0.1493732851428835,sector_crash_overlay_exit,7564.5314208
2020-03-05,NCBS,-0.11048407255155634,-0.11048407255155623,sector_crash_overlay_exit,6690.258604800002
2020-03-05,SVBI,-0.15806971720146645,-0.15806971720146656,sector_crash_overlay_exit,137.81158155000006
2020-03-05,AMBC,-0.13343645725510933,-0.13343645725510933,sector_crash_overlay_exit,10188.507264000002
2020-03-06,STXB,-0.23922235960294058,-0.23739133508716603,stop_loss_exit,6650.880245000002
2020-03-09,FFG,-0.3026807621277964,-0.3026807621277966,stop_loss_exit,2118.2356896
2020-03-10,LBAI,-0.29712931100901796,-0.2756461954798486,stop_loss_exit,1963.011849600001
2020-03-10,CSTR,-0.2977794518280146,-0.29777945182801446,stop_loss_exit,1030.6546784000004
2020-03-10,FFWM,-0.2811174424880971,-0.266199419644362,stop_loss_exit,10098.096290000001
2020-03-10,FLIC,-0.2975402711759524,-0.28684005513301625,stop_loss_exit,7594.412640000002
2020-03-11,CMO,-0.10494432361145889,-0.10494432361145911,crash_overlay_exit,1196.7373711584285
2020-03-11,ANH,0.010329790106593517,0.010329790106593517,crash_overlay_exit,1623.2465532830956
2020-03-11,BMTC,0.07829309700881004,0.07829309700881026,crash_overlay_exit,676.6451189760002
2020-03-11,ESSA,0.09138248304042906,0.09138248304042929,crash_overlay_exit,297.03053894400006
2020-03-11,AJX,0.22367752675253594,0.2324986376249092,crash_overlay_exit,691.1973515999998
2020-03-11,RPT_old,0.5055692369807074,0.5164252368349753,crash_overlay_exit,892.8837528000005
2020-03-11,CORLQ,-0.18575115345478965,-0.18575115345478954,crash_overlay_exit,40.795578408000004
2020-03-11,BOKFL,0.26154305784870213,0.26462028601623544,crash_overlay_exit,252.61448102400007
2020-03-11,WMC,0.28437125430041976,0.29774260290633037,crash_overlay_exit,5588.930277716662
2020-03-11,HTBI,-0.24152447546985045,-0.22732960719275275,crash_overlay_exit,331.16117126400013
2020-03-11,PCSB,-0.22030438584787693,-0.20677398131829328,crash_overlay_exit,226.22038886400009
2020-03-11,CCLDP,0.2844239419104293,0.2915023992789585,crash_overlay_exit,425.09622540000004
2020-03-11,SLCT,-0.2924585872251989,-0.2872362343115983,crash_overlay_exit,529.7400681600002
2020-03-11,UCFC,0.2666203691467006,0.2666203691467004,crash_overlay_exit,867.5914022400004
2020-03-11,OPINI,0.1935446033600492,0.19761061953223802,crash_overlay_exit,437.5776974400001
2020-03-11,FDEF,-0.11911068907274447,-0.11911068907274447,crash_overlay_exit,1021.9264051200003
2020-03-11,RZA,0.10923534661088419,0.11455924668654549,crash_overlay_exit,7407.297972
2020-03-11,EBSB,-0.002314844542431471,-0.00231484454243136,crash_overlay_exit,1743.5633011200002
2020-03-11,PJC,0.23760975989002664,0.23760975989002642,crash_overlay_exit,17739.906682462617
2020-03-11,PFC,-0.11910858642026934,-0.11910858642026922,crash_overlay_exit,879.3419712000004
2020-03-11,SBBX,-0.11854525253044634,-0.11352893357705884,crash_overlay_exit,271.0367361600001
2020-03-11,SASR,-0.16090981374986968,-0.16090981374986957,crash_overlay_exit,2220.7444915200012
2020-03-11,COWNL,0.061008189839705906,0.061008189839705906,crash_overlay_exit,1608.79161
2020-03-11,BOCH,-0.1963489239513,-0.1910373965343768,crash_overlay_exit,268.89812088
2020-03-11,LMRKO,-0.04107805909348006,-0.02804063204974505,crash_overlay_exit,706.9405957499999
2020-03-11,EVA,0.05472825469037823,0.059893446047484034,crash_overlay_exit,7288.820904000002
2020-03-11,LBC,-0.19588234173285735,-0.19588234173285723,crash_overlay_exit,777.1294992000002
2020-03-11,PBFX,-0.4441953597992334,-0.4393701674008623,crash_overlay_exit,8191.764258000001
2020-03-11,BRKL_old,-0.18192881225665525,-0.18192881225665514,crash_overlay_exit,2982.2954342400008
2020-03-11,HTBK,-0.3022064043928363,-0.28557947667206673,crash_overlay_exit,9917.206440000002
2020-03-11,DHIL,-0.16451024102763612,-0.16451024102763612,crash_overlay_exit,8033.545164000002
2020-03-11,PWOD,-0.1793018315200735,-0.16052803115513947,crash_overlay_exit,190.20610488000008
2020-03-11,MLVF,-0.23779555722311274,-0.23316537656330727,crash_overlay_exit,218.32780968000012
2020-03-11,VBTX,-0.29971462844302244,-0.281652485608308,crash_overlay_exit,36980.86012799999
2020-03-11,IBKCN,-0.058877187219346205,-0.05887718721934576,crash_overlay_exit,260.89943232000013
2020-03-11,MCBC,-0.21262644683055043,-0.21262644683055043,crash_overlay_exit,300.1857892800001
2020-03-11,CSWI,-0.1089611184578193,-0.10292422366330345,crash_overlay_exit,14250.3912
2020-03-11,VWTR,-0.19332231122561927,-0.18553680301855846,crash_overlay_exit,1924.3677840000003
2020-03-11,WAIR,0.0015558326880962259,0.0015558326880960038,crash_overlay_exit,23533.05636
2020-03-11,VER,-0.19264014045354394,-0.1926401404535436,crash_overlay_exit,35223.49563195995
2020-03-11,TPRE,-0.26589843342693553,-0.2658984334269354,crash_overlay_exit,23114.863440000005
2020-03-11,RMRM,-0.23762551948116473,-0.23762551948116462,crash_overlay_exit,553.9287244800001
2020-03-11,ENFC,-0.0004913746403577557,-0.0004913746403575336,crash_overlay_exit,459.0496438800001
2020-03-11,STAR,0.008450293060902503,0.008450293060902725,crash_overlay_exit,35223.49563195995
2020-03-11,HTLF,-0.3297304289333677,-0.32235704340773086,crash_overlay_exit,3025.81256832
2020-03-11,BKCC,-0.22564204372272367,-0.22564204372272345,crash_overlay_exit,13767.346944000006
2020-03-11,IHC,-0.19616195206882314,-0.19153937079342487,crash_overlay_exit,1415.2838685000004
2020-03-11,NCBS,-0.2254518050504496,-0.2254518050504496,crash_overlay_exit,2676.1034419200005
2020-03-11,SVBI,-0.25510953981219586,-0.2551095398121961,crash_overlay_exit,55.124632620000014
2020-03-11,AMBC,-0.2391600192078005,-0.2391600192078005,crash_overlay_exit,4075.4029056000018
2020-03-11,SLCT,-0.292458587225199,-0.2872362343115983,stop_loss_exit,353.1600454400002
2020-03-11,PBFX,-0.4441953597992335,-0.4393701674008623,stop_loss_exit,5461.176172000001
2020-03-11,HTBK,-0.3022064043928364,-0.28557947667206673,stop_loss_exit,6611.470960000002
2020-03-11,VBTX,-0.29971462844302255,-0.281652485608308,stop_loss_exit,24653.906752000003
2020-03-11,TPRE,-0.26589843342693564,-0.2658984334269354,stop_loss_exit,15409.908960000004
2020-03-11,HTLF,-0.3297304289333679,-0.32235704340773086,stop_loss_exit,2017.2083788800005
2020-03-11,SVBI,-0.255109539812196,-0.2551095398121961,stop_loss_exit,36.749755080000014
2020-03-11,AMBC,-0.2391600192078005,-0.2391600192078005,stop_loss_exit,2716.935270400001
2020-03-13,HTBI,-0.2625323836491549,-0.2363819529139526,stop_loss_exit,220.77411417600013
2020-03-13,PCSB,-0.2353977818801024,-0.2264704446239476,stop_loss_exit,150.81359257600008
2020-03-13,MLVF,-0.29208464459427663,-0.2881355924798914,stop_loss_exit,145.55187312000007
2020-03-13,MCBC,-0.22333724632444352,-0.2233372463244433,stop_loss_exit,200.1238595200001
2020-03-13,RMRM,-0.36444029090874064,-0.34901249164718473,stop_loss_exit,369.2858163200002
2020-03-13,BKCC,-0.31039477255749526,-0.28781724968562006,stop_loss_exit,9178.231296000004
2020-03-13,NCBS,-0.20777486746466145,-0.20777486746466134,stop_loss_exit,1784.0689612800006
2020-03-16,CMO,-0.35543393860291683,-0.33795882964992296,crash_overlay_exit,478.6949484633715
2020-03-16,ANH,-0.3350342272340182,-0.3350342272340181,crash_overlay_exit,649.2986213132383
2020-03-16,BMTC,-0.09434237444604066,-0.09434237444604021,crash_overlay_exit,270.65804759040014
2020-03-16,ESSA,-0.1363418820782768,-0.13634188207827636,crash_overlay_exit,118.81221557760006
2020-03-16,AJX,-0.048431307017624325,-0.048431307017624325,crash_overlay_exit,276.47894063999996
2020-03-16,RPT_old,0.24959671180532594,0.2495967118053264,crash_overlay_exit,357.15350112000027
2020-03-16,CORLQ,-0.39286877427204736,-0.39265682619351205,crash_overlay_exit,16.3182313632
2020-03-16,BOKFL,0.14905537080295406,0.16547364382381513,crash_overlay_exit,101.04579240960004
2020-03-16,WMC,-0.22306234962670213,-0.22306234962670268,crash_overlay_exit,2235.572111086665
2020-03-16,CCLDP,0.12192738423973859,0.12192738423973859,crash_overlay_exit,170.03849016
2020-03-16,UCFC,0.2666203691467004,0.2666203691467004,crash_overlay_exit,347.0365608960002
2020-03-16,OPINI,-0.04260663859440117,-0.033477346015917786,crash_overlay_exit,175.03107897600003
2020-03-16,FDEF,-0.33849198113872336,-0.3384919811387236,crash_overlay_exit,408.7705620480001
2020-03-16,RZA,-0.04319425647742192,-0.04319425647742203,crash_overlay_exit,2962.919188800001
2020-03-16,EBSB,-0.17271853422165995,-0.17271853422165984,crash_overlay_exit,697.4253204480002
2020-03-16,PJC,0.23760975989002664,0.23760975989002642,crash_overlay_exit,7095.962672985046
2020-03-16,PFC,-0.3384899050794832,-0.3384899050794833,crash_overlay_exit,351.73678848000014
2020-03-16,SBBX,-0.2219856590534659,-0.22198565905346612,crash_overlay_exit,108.41469446400002
2020-03-16,SASR,-0.2810163081707818,-0.2810163081707818,crash_overlay_exit,888.2977966080005
2020-03-16,COWNL,-0.07916796077151045,-0.07381184453803258,crash_overlay_exit,643.5166440000002
2020-03-16,BOCH,-0.23845843582184734,-0.23845843582184723,crash_overlay_exit,107.55924835200004
2020-03-16,LMRKO,-0.2350831852014067,-0.22336002059684223,crash_overlay_exit,282.77623829999993
2020-03-16,EVA,-0.11321281612664036,-0.11321281612664069,crash_overlay_exit,2915.528361600001
2020-03-16,LBC,-0.24776862368263874,-0.2369269478677689,crash_overlay_exit,310.85179968000006
2020-03-16,BRKL_old,-0.29155462082089467,-0.29155462082089456,crash_overlay_exit,1192.9181736960004
2020-03-16,DHIL,-0.2909757291892372,-0.2909757291892371,crash_overlay_exit,3213.418065600001
2020-03-16,PWOD,-0.2413591399653161,-0.24135913996531622,crash_overlay_exit,76.08244195200002
2020-03-16,IBKCN,-0.29951328153724677,-0.29951328153724677,crash_overlay_exit,104.35977292800004
2020-03-16,CSWI,-0.19135913912513658,-0.19135913912513647,crash_overlay_exit,5700.156480000001
2020-03-16,VWTR,-0.282411274163083,-0.28241127416308287,crash_overlay_exit,769.7471136000003
2020-03-16,WAIR,0.0015558326880957818,0.0015558326880960038,crash_overlay_exit,9413.222544000002
2020-03-16,VER,-0.4036787474430976,-0.4036787474430974,crash_overlay_exit,14089.398252783982
2020-03-16,ENFC,-0.0004913746403574226,-0.0004913746403575336,crash_overlay_exit,183.619857552
2020-03-16,STAR,-0.34457629403497547,-0.34457629403497547,crash_overlay_exit,14089.398252783982
2020-03-16,IHC,-0.39139734706615825,-0.3913973470661586,crash_overlay_exit,566.1135474000001
2020-03-16,CMO,-0.35543393860291694,-0.33795882964992296,stop_loss_exit,319.1299656422477
2020-03-16,ANH,-0.3350342272340183,-0.3350342272340181,stop_loss_exit,432.86574754215894
2020-03-16,CORLQ,-0.39286877427204736,-0.39265682619351205,stop_loss_exit,10.878820908800002
2020-03-16,BRKL_old,-0.2915546208208949,-0.29155462082089456,stop_loss_exit,795.2787824640004
2020-03-16,DHIL,-0.2909757291892371,-0.2909757291892371,stop_loss_exit,2142.278710400001
2020-03-16,VWTR,-0.28241127416308287,-0.28241127416308287,stop_loss_exit,513.1647424000001
2020-03-16,VER,-0.4036787474430976,-0.4036787474430974,stop_loss_exit,9392.932168522655
2020-03-18,WMC,-0.5361137180398882,-0.5361137180398884,stop_loss_exit,1490.3814073911103
2020-03-18,FDEF,-0.5157612001699042,-0.5157612001699043,stop_loss_exit,272.51370803200007
2020-03-18,PFC,-0.5157630008720389,-0.5157630008720389,stop_loss_exit,234.49119232000015
2020-03-18,SBBX,-0.42998533258153004,-0.42998533258153027,stop_loss_exit,72.27646297600002
2020-03-18,SASR,-0.38495316608210584,-0.38495316608210584,stop_loss_exit,592.1985310720004
2020-03-18,BOCH,-0.3342488089317004,-0.3342488089317003,stop_loss_exit,71.70616556800003
2020-03-18,LMRKO,-0.3994657674840115,-0.3994657674840115,stop_loss_exit,188.5174922
2020-03-18,PWOD,-0.33875872356719816,-0.33875872356719827,stop_loss_exit,50.72162796800002
2020-03-18,IBKCN,-0.616280996281049,-0.616280996281049,stop_loss_exit,69.57318195200003
2020-03-18,STAR,-0.5769220555553405,-0.5769220555553405,stop_loss_exit,9392.932168522655
2020-03-18,IHC,-0.34577026514218623,-0.34577026514218656,stop_loss_exit,377.40903160000005
2020-03-20,AJX,-0.3886441095192904,-0.3886441095192903,stop_loss_exit,184.31929376
2020-03-20,OPINI,-0.2118202232622738,-0.2118202232622739,stop_loss_exit,116.68738598400003
2020-03-20,EBSB,-0.33526224597046317,-0.3091254525484729,stop_loss_exit,464.9502136320001
2020-03-20,COWNL,-0.3226914695113604,-0.30299461195881683,stop_loss_exit,429.01109600000007
2020-03-20,LBC,-0.3115332283002391,-0.29756588646884086,stop_loss_exit,207.2345331200001
2020-03-31,ESSA,0.09928637909399818,0.1163783175582831,rebalance_exit,79.20814371840004
2020-03-31,RPT_old,-0.11717552135623732,-0.11704882208608214,rebalance_exit,238.10233408000016
2020-03-31,BOKFL,0.17384447336196485,0.22089992887611065,rebalance_exit,67.36386160640004
2020-03-31,CCLDP,0.18832990074691702,0.19828484258425894,rebalance_exit,113.35899344000003
2020-03-31,UCFC,0.2666203691467002,0.2666203691467004,rebalance_exit,231.35770726400017
2020-03-31,RZA,-0.011719521335696426,0.00953346168828939,rebalance_exit,1975.2794592000005
2020-03-31,PJC,0.23760975989002664,0.23760975989002642,rebalance_exit,4730.641781990031
2020-03-31,EVA,-0.10551175143326974,-0.09836385519919766,rebalance_exit,1943.6855744000009
2020-03-31,WAIR,0.0015558326880960038,0.0015558326880960038,rebalance_exit,6275.481696000001
2020-03-31,ENFC,-0.0004913746403576447,-0.0004913746403575336,rebalance_exit,122.41323836800004
2020-04-03,CSWI,-0.24621798048466959,-0.2391473505642312,stop_loss_exit,3800.1043200000013
2020-04-22,FCCY,-0.21735441320999482,-0.21735441320999482,stop_loss_exit,28047.1484375
2020-04-23,CVA,-0.20377887690102636,-0.20377887690102636,stop_loss_exit,455870.72007530445
2020-05-06,GWB,-0.32962506428770266,-0.32962506428770266,stop_loss_exit,455870.72007530445
2020-05-08,BHLB,-0.2115465939743706,-0.20390548598412195,stop_loss_exit,455870.72007530445
2020-05-13,BMTC,-0.07426491364622245,-0.07426491364622234,sector_crash_overlay_exit,108.26321903616004
2020-05-13,EVBN,-0.060687113158700234,-0.060687113158700234,sector_crash_overlay_exit,28060.679296874998
2020-05-13,FMBI,-0.1863087249955131,-0.1863087249955131,sector_crash_overlay_exit,273522.4320451827
2020-05-13,BRKL_old,-0.22739573450745576,-0.22739573450745576,sector_crash_overlay_exit,273522.4320451827
2020-05-13,SLCT,-0.16251641275973705,-0.16251641275973716,sector_crash_overlay_exit,69794.543203125
2020-05-13,FRBK,-0.0502283701553945,-0.0502283701553945,sector_crash_overlay_exit,48072.849375000005
2020-05-13,FFNW,-0.15439823735386882,-0.136035774452974,sector_crash_overlay_exit,14640.7243125
2020-05-13,UCBI,-0.13380901849599813,-0.13380901849599813,sector_crash_overlay_exit,273522.4320451827
2020-05-13,FFIC,-0.2659605474515855,-0.26596054745158537,sector_crash_overlay_exit,147104.80275
2020-05-13,BOCH,-0.12961135600506857,-0.12961135600506857,sector_crash_overlay_exit,55598.58496875
2020-05-13,PCSB,-0.1379552953640124,-0.1379552953640123,sector_crash_overlay_exit,115482.26175000002
2020-05-13,PPBI,-0.08546982896517552,-0.08546982896517541,sector_crash_overlay_exit,273522.4320451827
2020-05-13,EBSB,-0.1241118539439906,-0.12411185394399038,sector_crash_overlay_exit,231372.44775000002
2020-05-13,WDR,0.14503572786482977,0.14503572786482977,sector_crash_overlay_exit,273522.4320451827
2020-05-13,AMK,0.12316439816920033,0.13845713849257457,sector_crash_overlay_exit,187396.31306249998
2020-05-13,PWOD,-0.16707943370037404,-0.16707943370037404,sector_crash_overlay_exit,26419.910203125004
2020-05-13,NCBS,-0.16026056003876876,-0.16026056003876865,sector_crash_overlay_exit,223072.425
2020-05-13,CARO,0.26399968663227114,0.2639996866322709,sector_crash_overlay_exit,273522.4320451827
2020-05-13,SASR,-0.11734246652486113,-0.11734246652486091,sector_crash_overlay_exit,273522.4320451827
2020-05-13,LBC,-0.04630982470573419,-0.04630982470573419,sector_crash_overlay_exit,120056.3206875
2020-05-13,MCBC,-0.11165225376946297,-0.11165225376946308,sector_crash_overlay_exit,61474.531125
2020-05-14,BRKL_old,-0.23454414999527673,-0.23053471644278578,stop_loss_exit,182348.28803012177
2020-05-14,FFIC,-0.30861676358124235,-0.30861676358124224,stop_loss_exit,98069.86850000001
2020-06-22,BMTC,0.022173052058090725,0.03618951727384112,sector_crash_overlay_exit,43.30528761446402
2020-06-22,EVBN,-0.07216751128143961,-0.0656202388313023,sector_crash_overlay_exit,11224.27171875
2020-06-22,FMBI,0.007370350795522285,0.018950426776653373,sector_crash_overlay_exit,109408.97281807306
2020-06-22,SLCT,0.08256882109982522,0.08256882109982522,sector_crash_overlay_exit,27917.817281250005
2020-06-22,FRBK,0.06348211730218134,0.0639268780035025,sector_crash_overlay_exit,19229.139750000002
2020-06-22,FFNW,-0.0990379628319249,-0.09903796283192501,sector_crash_overlay_exit,5856.289725
2020-06-22,UCBI,0.07491274610333276,0.08446527116873592,sector_crash_overlay_exit,109408.97281807306
2020-06-22,BOCH,-0.0595319196244114,-0.053371744849602276,sector_crash_overlay_exit,22239.433987500004
2020-06-22,PCSB,-0.13898417993784862,-0.12863628380615189,sector_crash_overlay_exit,46192.90470000001
2020-06-22,PPBI,0.15714423829161728,0.15714423829161706,sector_crash_overlay_exit,109408.97281807306
2020-06-22,EBSB,-0.019029978931801694,-0.012094302816806457,sector_crash_overlay_exit,92548.9791
2020-06-22,WDR,0.3560586472375631,0.3632664033867272,sector_crash_overlay_exit,109408.97281807306
2020-06-22,AMK,0.34858364374645356,0.35791295207078067,sector_crash_overlay_exit,74958.525225
2020-06-22,PWOD,-0.0715138724333595,-0.054109019075966214,sector_crash_overlay_exit,10567.96408125
2020-06-22,NCBS,-0.03084162627201581,-0.016721466672217744,sector_crash_overlay_exit,89228.97
2020-06-22,CARO,0.2639996866322709,0.2639996866322709,sector_crash_overlay_exit,109408.97281807306
2020-06-22,SASR,0.13025638039773058,0.13025638039773035,sector_crash_overlay_exit,109408.97281807306
2020-06-22,LBC,-0.011044327492400696,-0.0013160016254695206,sector_crash_overlay_exit,48022.528275000004
2020-06-22,MCBC,0.000980773227763132,0.014255404298270768,sector_crash_overlay_exit,24589.81245
2020-06-30,BITA_old,0.51749014782114,0.5185823628884789,rebalance_exit,455870.72007530445
2020-06-30,TRTN,0.17262926349362995,0.17262926349362995,rebalance_exit,455870.72007530445
2020-06-30,KW,0.11555871911506066,0.1217969210450931,rebalance_exit,455870.72007530445
2020-06-30,FRBK,0.114155248158897,0.114155248158897,rebalance_exit,12819.426500000001
2020-06-30,SATS,-0.14863638126040046,-0.13819577633624713,rebalance_exit,455870.72007530445
2020-06-30,FFNW,-0.029960155096479535,-0.029960155096479757,rebalance_exit,3904.19315
2020-06-30,UCBI,0.1092707669220887,0.1092707669220887,rebalance_exit,72939.3152120487
2020-06-30,OMN,-0.0005951663878211999,-0.0005951663878211999,rebalance_exit,455870.72007530445
2020-06-30,HTBK,-0.028102293189894434,-0.028102293189894323,rebalance_exit,293209.09249999997
2020-06-30,BOCH,-0.030056927922632037,-0.03005692792263215,rebalance_exit,14826.289325000002
2020-06-30,ASGN,0.8551632773106079,0.8551632773106079,rebalance_exit,455870.72007530445
2020-06-30,EPAY,0.3852659848298916,0.3852659848298916,rebalance_exit,455870.72007530445
2020-06-30,PPBI,0.16628827045453853,0.1662882704545381,rebalance_exit,72939.3152120487
2020-06-30,EBSB,0.024098049973918068,0.024098049973918068,rebalance_exit,61699.31940000001
2020-06-30,NGHC,0.30883709365697465,0.30883709365697465,rebalance_exit,455870.72007530445
2020-06-30,PWOD,-0.05452628225740519,-0.05452628225740519,rebalance_exit,7045.309387500001
2020-06-30,CARO,0.26399968663227114,0.2639996866322709,rebalance_exit,72939.3152120487
2020-06-30,SASR,0.08845871477433076,0.08979808591824145,rebalance_exit,72939.3152120487
2020-06-30,MGIC,0.41591508680619826,0.41591508680619826,rebalance_exit,54020.560937500006
2020-06-30,LBC,0.09238255515840743,0.09745693625233409,rebalance_exit,32015.018850000008
2020-08-21,ALSK,-0.2222221842423604,-0.2222221842423604,stop_loss_exit,205506.1340625
2020-09-24,PGRE,-0.23576839969840246,-0.22015094687168257,stop_loss_exit,455870.72007530445
2020-09-25,VEC,-0.21232322912638635,-0.2077799417869458,stop_loss_exit,482310.9425
2020-09-30,BMTC,-0.03459793473578654,-0.02973066897754517,rebalance_exit,28.87019174297602
2020-09-30,FMBI,-0.19545690282254036,-0.18594814588893704,rebalance_exit,72939.3152120487
2020-09-30,SLCT,-0.060170502320914365,-0.057667110173129976,rebalance_exit,18611.878187500006
2020-09-30,ABTX,-0.037949961121984344,-0.03794996112198423,rebalance_exit,425100.6681250001
2020-09-30,HOLI,-0.14341208791250926,-0.14341208791250937,rebalance_exit,294048.53750000003
2020-09-30,BMCH,1.415679804673725,1.415679804673725,rebalance_exit,455870.72007530445
2020-09-30,CLI,-0.16414906255989414,-0.1484193183611281,rebalance_exit,455870.72007530445
2020-09-30,FFWM,0.2683395057897635,0.2793349777342222,rebalance_exit,290610.20187499997
2020-09-30,IHC,0.48661117574641954,0.48661117574641954,rebalance_exit,60131.56765625
2020-09-30,NP_old,-0.11473844290543078,-0.11369467252651355,rebalance_exit,455870.72007530445
2020-09-30,OXFD,0.2600780680976351,0.2634988682584445,rebalance_exit,226018.7040625
2020-09-30,HMST,0.16061426013111468,0.16158158302573034,rebalance_exit,455870.72007530445
2020-09-30,MCBC,-0.0969462525477145,-0.08700605299145336,rebalance_exit,16393.208300000002
2020-09-30,CAPD,0.32929847029383286,0.3292984702938331,rebalance_exit,390046.151875
2020-09-30,HAYN,-0.175501799121907,-0.16816709506217253,rebalance_exit,227846.39625
2020-09-30,AZRE,0.8030250854286571,0.8573706786326303,rebalance_exit,36359.18638671876
2020-09-30,BREW_old,0.07157187721893887,0.07157187721893887,rebalance_exit,315904.30375
2020-09-30,CATC,-0.11153673441645895,-0.11153673441645895,rebalance_exit,216626.1034375
2020-09-30,CVA,-0.19133894139281704,-0.18821145999058098,rebalance_exit,696157.9679119624
2020-09-30,VGR,-0.03422708556453791,-0.020727803966642644,rebalance_exit,696157.9679119624
2020-09-30,PDLI,0.08985007094193143,0.10012623733821435,rebalance_exit,481794.276875
2020-09-30,RST,0.7770292314359013,0.7781730994617793,rebalance_exit,288150.26687500003
2020-09-30,GLT,-0.13984922808088573,-0.13477847329645165,rebalance_exit,330285.955
2020-09-30,BDSI,-0.159373350881293,-0.1545932501113697,rebalance_exit,546935.9225
2020-09-30,MBCN,-0.07162803222889014,-0.06589798502955813,rebalance_exit,103466.03121093751
2020-09-30,MOBL,0.4078241496629551,0.40850302077602696,rebalance_exit,553872.3125
2020-09-30,BCOV,0.29683728483029004,0.29949233786840956,rebalance_exit,121219.63171875
2020-09-30,HTLF,-0.10175643279102542,-0.09748581512351862,rebalance_exit,444860.9375
2020-09-30,ANAT,-0.05633729965164436,-0.05262736603049989,rebalance_exit,553916.955
2020-12-31,EVBN,0.15785021907128782,0.16223755506098647,rebalance_exit,7482.847812500002
2020-12-31,BSTC,0.5645479280180057,0.5645479280180057,rebalance_exit,331096.11125
2020-12-31,WDR,1.3208620120538814,1.3247455519037512,rebalance_exit,72939.3152120487
2020-12-31,QUOT,0.2868852261455541,0.2868852261455541,rebalance_exit,647359.375
2020-12-31,CSWI,0.6070070959336467,0.612164270272791,rebalance_exit,469386.790625
2020-12-31,CCRD,0.15025778943325796,0.16005229489261263,rebalance_exit,278130.05062500003
2020-12-31,INS,0.15021223952810736,0.16000635712762845,rebalance_exit,278141.30062500003
2020-12-31,RAVN,0.5107446959017512,0.5249387546699269,rebalance_exit,602774.0743031052
2020-12-31,RCP,0.024283648142560565,0.024674753813340278,rebalance_exit,11961.399716796876
2020-12-31,LMRKN,0.09552832264298305,0.09552832264298328,rebalance_exit,11492.685610351564
2020-12-31,UEPS,0.4287476834379347,0.4599141082017626,rebalance_exit,71604.37070312501
2020-12-31,EPAY,0.23643800832761364,0.24373997205344478,rebalance_exit,602774.0743031052
2020-12-31,SJI,0.12514354454279197,0.12514354454279175,rebalance_exit,602774.0743031052
2020-12-31,LSYN,0.3500321756796385,0.4275051862839949,rebalance_exit,5108.15798828125
2020-12-31,PRSC,0.4842655853909936,0.4842655853909936,rebalance_exit,246300.701875
2020-12-31,MODV,0.4842655853909936,0.4842655853909936,rebalance_exit,246300.701875
2020-12-31,CETV,0.08376085171317027,0.08376085171317027,rebalance_exit,179044.37562500002
2020-12-31,NTUS,0.16727172714709115,0.16987751881655755,rebalance_exit,550962.26
2020-12-31,OPI,0.10558984631986035,0.11143116422724786,rebalance_exit,500015.08875000005
2020-12-31,ITI,0.357418904767844,0.37804883580205106,rebalance_exit,106492.90812500002
2020-12-31,SGH,0.3651861994893839,0.3651861994893839,rebalance_exit,602774.0743031052
2020-12-31,BPYUP,0.23634947034144438,0.23767537209050382,rebalance_exit,139589.11546875
2021-03-08,LOTZ,-0.3492570329245481,-0.33000776834373724,stop_loss_exit,598582.4129051666
2021-03-31,EGOV,0.4964341997167818,0.4964341997167818,rebalance_exit,455870.72007530445
2021-03-31,SRLP,0.8869711500528508,0.89629664328985,rebalance_exit,334033.72968750005
2021-03-31,AT,0.32267674744953756,0.32267674744953756,rebalance_exit,169270.75812500002
2021-03-31,WIRE,0.37709032053632874,0.37709032053632874,rebalance_exit,511143.6087500001
2021-03-31,EVA,0.40890215836196675,0.40890215836196675,rebalance_exit,328962.56562500005
2021-03-31,SATS,-0.04993715485552119,-0.04244736524038295,rebalance_exit,602774.0743031052
2021-03-31,COWN,1.1612111605853626,1.1724307562551592,rebalance_exit,602774.0743031052
2021-03-31,LMRKO,0.08454093094644222,0.08502717143460292,rebalance_exit,17731.107265625
2021-03-31,SNHY,0.9993033754291696,0.9993033754291696,rebalance_exit,294204.715625
2021-03-31,SRDX,0.43330391658877754,0.4333039165887773,rebalance_exit,196318.05656250002
2021-03-31,RILYO,0.07248292483869267,0.07457878591231815,rebalance_exit,27647.318535156253
2021-03-31,COWNL,0.052383729120307976,0.055342135036446694,rebalance_exit,14857.021982421875
2021-03-31,EURN,0.14753583215556487,0.1475358321555651,rebalance_exit,598582.4129051666
2021-03-31,GLT,0.0476294334999936,0.0476294334999936,rebalance_exit,299864.2478125
2021-03-31,DL,0.008958313392949613,0.008958313392949613,rebalance_exit,11924.783564453126
2021-03-31,FWPAY,-0.025618442687336374,-0.025618442687336263,rebalance_exit,42.47797847747803
2021-03-31,BXRX,-0.00802724029360291,-0.0080272402936028,rebalance_exit,394537.27312500007
2021-03-31,LMRK,0.10291157985526356,0.1104019969284813,rebalance_exit,105906.77625
2021-03-31,FWP,-0.025618442687336374,-0.025618442687336263,rebalance_exit,12395.57681640625
2021-03-31,SPOXF,-0.013669682305613384,-0.013669682305613273,rebalance_exit,234315.72156250002
2021-03-31,SWM,0.22216974713353488,0.22341881894637727,rebalance_exit,598582.4129051666
2021-03-31,UPH,-0.08468348828211303,-0.08401823697024824,rebalance_exit,598582.4129051666
2021-06-10,STND,-0.9927537792574392,-0.9927537792574392,stop_loss_exit,52467.408671875
2021-06-17,FFG,-0.9986854167883616,-0.998676680912433,stop_loss_exit,441651.37625000003
2021-06-30,FARO,0.7408938669648426,0.7476403740014923,rebalance_exit,455870.72007530445
2021-06-30,VWTR,0.6840636599083667,0.7095115465379263,rebalance_exit,104522.935625
2021-06-30,PCSB,0.3156121285925406,0.31833504980062943,rebalance_exit,30795.269800000002
2021-06-30,TPRE,0.42811532012084363,0.42811532012084363,rebalance_exit,455870.72007530445
2021-06-30,SYKE,0.9768053701787665,0.9800884624330046,rebalance_exit,455870.72007530445
2021-06-30,PRFT,0.8677316833308559,0.8677316833308557,rebalance_exit,602774.0743031052
2021-06-30,GCP,0.10052429908118854,0.10277982585199363,rebalance_exit,602774.0743031052
2021-06-30,OPINI,0.03963230927291961,0.03963230927291961,rebalance_exit,46419.151015625
2021-06-30,GOODM,0.04596764286968047,0.04596764286968047,rebalance_exit,39787.36631835938
2021-06-30,ATSG,-0.08710123887614174,-0.07947338117442326,rebalance_exit,602774.0743031052
2021-06-30,AMEH,2.3753304305373195,2.4378762889740635,rebalance_exit,151032.04234374998
2021-06-30,FOE,0.46321177496766497,0.4634182132273963,rebalance_exit,598582.4129051666
2021-06-30,RCB,0.0861843367158115,0.0861843367158115,rebalance_exit,15849.58046875
2021-06-30,GXGX,-0.08362757105413521,-0.08337073187950583,rebalance_exit,598582.4129051666
2021-06-30,TPCO,0.2598540488452501,0.2598540488452501,rebalance_exit,163011.57062500002
2021-06-30,CRSA,-0.18802681933012244,-0.18802681933012255,rebalance_exit,121422.11281250001
2021-06-30,FDP,0.3663829015427553,0.3743888621676783,rebalance_exit,461772.575
2021-06-30,BCSF-RW,0.25724077617128094,0.25724077617128094,rebalance_exit,551309.479375
2021-06-30,WTRE_old,0.010916975587216049,0.010979516365613007,rebalance_exit,425678.275
2021-06-30,LINX,0.14497969998402294,0.14497969998402294,rebalance_exit,24451.557187500002
2021-06-30,EPAY,-0.18923231351271974,-0.18923231351271963,rebalance_exit,690996.0118013471
2021-06-30,HEC,-0.10826132068791283,-0.10826132068791272,rebalance_exit,690996.0118013471
2021-06-30,FAII,-0.05721836051325968,-0.05721836051325968,rebalance_exit,625645.5906250001
2021-06-30,ATIP,-0.057188523203068,-0.048239487756243093,rebalance_exit,12482.65345703125
2021-06-30,BKCC,0.18857264346088476,0.19377781037914965,rebalance_exit,175281.3003125
2021-06-30,NFH,-0.014463459142169288,-0.013374750806471436,rebalance_exit,377083.046875
2021-06-30,NTUS,0.014447439401278572,0.014447439401278794,rebalance_exit,534362.4925
2021-06-30,PROS,0.009528401679445464,0.009528401679445242,rebalance_exit,123181.1465625
2021-06-30,MGIC,0.05728577952011937,0.05945036609793419,rebalance_exit,63751.164921874995
2021-06-30,LSEA,-0.1435211283960398,-0.13473769330005092,rebalance_exit,141185.43031250002
2021-06-30,LVOX,-0.21986089699347144,-0.20516101048281687,stop_loss_exit,119311.19222656252
2021-07-26,LCY,-0.9988048166251322,-0.9987938016843542,stop_loss_exit,601808.085
2021-08-06,CVGW,-0.2161980678278712,-0.21582323671788206,stop_loss_exit,602774.0743031052
2021-08-23,RKLY,-0.2706632015328768,-0.2574821652701683,stop_loss_exit,168924.63796875
2021-09-16,MCBC,-0.22378767264369293,-0.22348697055202416,stop_loss_exit,92662.74828125001
2021-09-30,CBB,0.03997883044903783,0.03997883044903783,rebalance_exit,696157.9679119624
2021-09-30,RILYH,0.08439777350370847,0.0843977735037087,rebalance_exit,23074.122578125
2021-09-30,BOKFL,0.015059913410224057,0.015059913410224057,rebalance_exit,29371.289707031254
2021-09-30,STAR,0.7203174036464739,0.7203174036464739,rebalance_exit,598582.4129051666
2021-09-30,PGTI,-0.060963606775607304,-0.060963606775607415,rebalance_exit,598582.4129051666
2021-09-30,TREC,0.04707628247171214,0.04707628247171236,rebalance_exit,128112.00671875
2021-09-30,PTRS,0.13646593369171667,0.13847602775081014,rebalance_exit,25230.2642578125
2021-09-30,VEC,-0.06885236695620978,-0.06338549429076012,rebalance_exit,412887.11125
2021-09-30,NP_old,-0.08220930393464432,-0.07621765229566468,rebalance_exit,690996.0118013471
2021-09-30,CSII,-0.14536520601435077,-0.14371409232144428,rebalance_exit,690996.0118013471
2021-09-30,WIRE,0.2424934591493828,0.24616850036421822,rebalance_exit,747056.9962500001
2021-09-30,RVIC,0.20804696991530047,0.21054869059837023,rebalance_exit,257860.09375
2021-09-30,CSWI,0.07493009053761979,0.07748442513567566,rebalance_exit,727227.8387500001
2021-09-30,RVI_old,0.20807727073583138,0.21057905416827372,rebalance_exit,357243.26875000005
2021-09-30,ROCC,-0.04501303781445887,-0.045013037814458756,rebalance_exit,54496.70849609375
2021-09-30,ABTX,-0.019608745290419005,-0.004386193163549601,rebalance_exit,343625.56312500004
2021-09-30,LMRKN,0.005646122801118869,0.005646122801118869,rebalance_exit,20739.101782226564
2021-09-30,CYXTQ,-0.08855516842464839,-0.07726051535550293,rebalance_exit,468724.50687499996
2021-09-30,SVAC_old,-0.11516766235702325,-0.11516766235702325,rebalance_exit,474266.066875
2021-09-30,CBTX,-0.03832909948074292,-0.029352331392405118,rebalance_exit,158702.2534375
2021-09-30,ALSK,0.020421715912841032,0.020421715912841254,rebalance_exit,367256.43328125007
2021-09-30,LMRK,0.2953971472767245,0.29740654082009144,rebalance_exit,112458.848125
2021-09-30,ETAC,0.0055619441622642984,0.005853807334788241,rebalance_exit,149902.30238281252
2021-09-30,HTLF,0.025330317800706048,0.028558729796780646,rebalance_exit,859145.0571428693
2021-09-30,TVTY,-0.1238801743903778,-0.12352717848615091,rebalance_exit,859145.0571428693
2021-09-30,HZON,0.0001291154227354152,0.001019329670862934,rebalance_exit,702609.76875
2021-09-30,VBTX,0.10199184597509925,0.11668882348511556,rebalance_exit,859145.0571428693
2021-09-30,VTIQU,-0.035337396362041806,-0.03310614775395315,rebalance_exit,23205.42921875
2021-11-04,LUB,-0.3114259359838706,-0.3110047290155993,stop_loss_exit,25799.153847656253
2021-12-15,CORLQ,-0.2554327329607612,-0.24406635596251636,stop_loss_exit,27151.395937499998
2021-12-31,DHIL,1.3600179244461361,1.3773106268390976,rebalance_exit,282581.20125000004
2021-12-31,ATRI,0.12368888672881839,0.12368888672881839,rebalance_exit,426813.153125
2021-12-31,CCF,-0.015707589303769476,-0.014314061609359108,rebalance_exit,295107.36375
2021-12-31,CTT,-0.03463083462106831,-0.03282102620782501,rebalance_exit,343492.34375
2021-12-31,RMRM,0.015425413841223756,0.015425413841223978,rebalance_exit,73365.15875
2021-12-31,CMO,0.18749048747413521,0.18749048747413521,rebalance_exit,535851.02625
2021-12-31,CVLY,0.2784507661976954,0.2784507661976954,rebalance_exit,26634.493847656253
2021-12-31,LBC,0.20886630389855565,0.21369550704416485,rebalance_exit,82747.71609375
2021-12-31,EMBK,-0.1426733013921323,-0.12588116430857177,rebalance_exit,1598.0041918945315
2021-12-31,GCP,0.4399320293794362,0.4399320293794362,rebalance_exit,732219.5325000001
2021-12-31,VLD,-0.08831953622953792,-0.08831953622953792,rebalance_exit,28314.553291015625
2021-12-31,NGAB-U,0.02033590367428384,0.02033590367428384,rebalance_exit,13327.540727539064
2021-12-31,LEVL,0.3299686520253131,0.33381816662891417,rebalance_exit,47769.9611328125
2021-12-31,VLDXD,-0.08831951859694553,-0.08831951859694553,rebalance_exit,1887.5414672851564
2021-12-31,SVBI,0.08865811630134024,0.08865811630134046,rebalance_exit,7986.851516113282
2021-12-31,SPFR,-0.07781357381515042,-0.0778135738151503,rebalance_exit,763875.0285037167
2021-12-31,AC,0.15229569867906778,0.15229569867906778,rebalance_exit,20249.16015625
2021-12-31,BCSF-RW,0.02439577693406747,0.02439577693406747,rebalance_exit,234963.005
2022-01-27,FARO,-0.2818349599353416,-0.2818349599353416,stop_loss_exit,534740.533125
2022-01-31,MCMJ,-0.29636715092896915,-0.2868083358166711,stop_loss_exit,278114.45687500003
2022-03-02,GLT,-0.24011602645904517,-0.24011602645904517,stop_loss_exit,266927.9809375
2022-03-28,WETF,-0.5468908701005921,-0.5439736241838906,stop_loss_exit,671952.89875
2022-03-31,CSGS,0.5575999188132552,0.5659387425706335,rebalance_exit,455870.72007530445
2022-03-31,HMST,0.10073873323716587,0.10073873323716587,rebalance_exit,690996.0118013471
2022-03-31,FRTA,0.01997622731118409,0.01997622731118409,rebalance_exit,730079.31
2022-03-31,BRKL_old,0.08243490980972945,0.08243490980972945,rebalance_exit,449502.39625000005
2022-03-31,BFIN,-0.07657865609303394,-0.07657865609303394,rebalance_exit,246669.66125
2022-03-31,AFIN,0.026125363581284367,0.032395617942038824,rebalance_exit,763875.0285037167
2022-03-31,AVAN,0.006859059349168639,0.007150122073235288,rebalance_exit,94173.956171875
2022-03-31,SPTN,0.523586992396323,0.5235869923963232,rebalance_exit,463389.74875
2022-03-31,CLI,-0.01365677928953657,-0.01365677928953657,rebalance_exit,763875.0285037167
2022-03-31,ESSA,0.0938848970050099,0.09390166344610607,rebalance_exit,15144.940048828124
2022-03-31,FCCY,0.1705850898704233,0.1705850898704233,rebalance_exit,20066.2618359375
2022-03-31,FRGE,2.2666954540684046,2.443089371220064,rebalance_exit,16168.600838623048
2022-03-31,TINV,0.011173440396786027,0.011173440396786027,rebalance_exit,61463.48674316407
2022-03-31,HBMD,0.06925743833299891,0.06925743833299891,rebalance_exit,137458.98304687502
2022-03-31,CSTR,0.0013212031840772465,0.0025716376537923136,rebalance_exit,95587.90812500002
2022-03-31,CORLQ,-0.06070900214577102,-0.055226569655555835,rebalance_exit,39688.429765625006
2022-03-31,KOR,-0.007600450129968461,-0.007600450129968572,rebalance_exit,18500.3380078125
2022-03-31,FFWM,-0.021754261686935283,-0.018941804777425686,rebalance_exit,373511.67937500007
2022-03-31,APGN,0.004568312686632048,0.004568312686632048,rebalance_exit,12636.932163085938
2022-03-31,MOTV,0.9004065521301245,0.9004065521301245,rebalance_exit,243199.88289062504
2022-03-31,VENA,0.004304587859804254,0.004799771174704315,rebalance_exit,11821.2147265625
2022-03-31,BCAC,0.004534285790062542,0.004534346127785582,rebalance_exit,12897.885805664064
2022-05-03,OPI,-0.23345612301015628,-0.22422523812586048,stop_loss_exit,589206.03125
2022-05-09,BNRE,-0.25808222676617243,-0.25808222676617243,stop_loss_exit,111778.20953125
2022-05-09,BAMR,-0.2585362459703916,-0.2585362459703915,stop_loss_exit,113435.05484375
2022-05-17,PRA,-0.22774818697474708,-0.22352989832570447,stop_loss_exit,502328.75250000006
2022-05-19,SIVBP,-0.21234940981909067,-0.2106544570336003,stop_loss_exit,78457.76906250001
2022-05-20,CVCY,-0.21913509790116392,-0.21234393100133098,stop_loss_exit,64514.344843750005
2022-05-25,PDVW,-0.27583802561081083,-0.2738265580890734,stop_loss_exit,411339.215
2022-06-15,BRMK,-0.25941647225306275,-0.25200292748075503,stop_loss_exit,570942.1587500001
2022-06-16,AMK,-0.115394569810784,-0.11539456981078422,crash_overlay_exit,29983.410089999998
2022-06-16,NCBS,0.26715919631868035,0.26715919631868035,crash_overlay_exit,35691.588
2022-06-16,CCLDP,0.17098333112378472,0.17098333112378494,crash_overlay_exit,22241.8251796875
2022-06-16,RZA,0.1272439805922181,0.1309415615687024,crash_overlay_exit,107403.34959375001
2022-06-16,GMRE,-0.10402890878695703,-0.10402890878695714,crash_overlay_exit,61370.320781250004
2022-06-16,UMBFP,-0.10994454349754845,-0.10994454349754845,crash_overlay_exit,7238.123525390625
2022-06-16,FFNW,0.4334251118308614,0.4347826003799631,crash_overlay_exit,9154.30953515625
2022-06-16,OPINL,-0.021148148368496766,-0.015193494919955475,crash_overlay_exit,34731.78018750001
2022-06-16,CATC,-0.015515920051434318,-0.015515920051434318,crash_overlay_exit,102871.36050000001
2022-06-16,RPT_old,-0.04357788209179292,-0.04357788209179281,crash_overlay_exit,104145.62100000001
2022-06-16,AJX,-0.07866840358956306,-0.07866840358956306,crash_overlay_exit,104145.62100000001
2022-06-16,AINV,-0.2522307079643098,-0.2522307079643099,crash_overlay_exit,414597.60708080826
2022-06-16,FLIC,-0.1290198018695753,-0.1290198018695753,crash_overlay_exit,125519.5695
2022-06-16,LBAI,-0.13151096968935705,-0.13151096968935705,crash_overlay_exit,205267.91924999998
2022-06-16,EVBN,-0.09426477383330767,-0.0794559311477776,crash_overlay_exit,20178.827648437502
2022-06-16,FFIC,-0.029995780014229645,-0.029995780014229645,crash_overlay_exit,166264.05299999999
2022-06-16,HTBK,-0.05776158958014532,-0.05700128203983046,crash_overlay_exit,120308.849625
2022-06-16,PFHD,0.11094194268673951,0.11215725849585101,crash_overlay_exit,23569.337390625
2022-06-16,SCS,-0.1679631715751556,-0.1679631715751555,crash_overlay_exit,458325.01710223
2022-06-16,PCSB,0.030512756708871658,0.03051275670887188,crash_overlay_exit,37787.395734375
2022-06-16,MOFG,-0.02368902527599792,-0.02368902527599781,crash_overlay_exit,75112.47300000001
2022-06-16,BKCC,-0.009721331980239722,-0.009721331980239722,crash_overlay_exit,88475.1285
2022-06-16,INDT,-0.1538216275917692,-0.15240508740572145,crash_overlay_exit,71765.9083125
2022-06-16,PWOD,-0.02372173749842632,-0.02372173749842632,crash_overlay_exit,19447.763882812502
2022-06-16,HTBI,-0.11374798551553189,-0.11119214389698484,crash_overlay_exit,112971.558
2022-06-16,MCBC,0.11087930035838922,0.11087930035838944,crash_overlay_exit,39881.126625
2022-06-16,FNCB,0.009719673060627265,0.026190698577472027,crash_overlay_exit,13432.7613984375
2022-06-16,FCRD,-0.19536660107628967,-0.19536660107628956,crash_overlay_exit,9388.59737109375
2022-06-16,FOE,0.008245022483188924,0.008245022483188924,crash_overlay_exit,661951.399220221
2022-06-16,AVTA,-0.04657046589426017,-0.04657046589426039,crash_overlay_exit,390257.33174999995
2022-06-16,MRCC,-0.1824647460685399,-0.18085173035296276,crash_overlay_exit,64210.33518750001
2022-06-16,CALB,-0.0836437707496348,-0.08148843992175114,crash_overlay_exit,5955.531905273438
2022-06-16,CCF,-0.12999789512359394,-0.12999789512359394,crash_overlay_exit,109028.992125
2022-06-16,ACEV,0.005476502713671616,0.005741143772191704,crash_overlay_exit,16695.3505546875
2022-06-16,AUVPQ,0.02424849559814879,0.024248495598148567,crash_overlay_exit,4397.896541015624
2022-06-16,IPVA,0.0020297310743866426,0.002778168564679273,crash_overlay_exit,2313.0669521484374
2022-06-16,CSWI,-0.17217529913775154,-0.17217529913775154,crash_overlay_exit,290949.85425
2022-06-16,HCCI,-0.1825712964071119,-0.1825712964071119,crash_overlay_exit,146031.224625
2022-06-16,GPP,-0.1685947100307552,-0.16859471003075532,crash_overlay_exit,32394.58490625
2022-06-16,PFSW,0.03393304201501768,0.04986654377811961,crash_overlay_exit,70948.319390625
2022-06-16,TREC,0.13475831189558352,0.13849714639090105,crash_overlay_exit,14255.128617187502
2022-06-16,PTMN,-0.06662532919536956,-0.06662532919536968,crash_overlay_exit,84475.85399999999
2022-06-16,BHLB,-0.16732561314608974,-0.16732561314608974,crash_overlay_exit,561368.139
2022-06-16,CBTX,-0.11935315439805738,-0.11935315439805749,crash_overlay_exit,208050.91387500003
2022-06-16,TMPO,0.005476502713671616,0.005741143772191704,crash_overlay_exit,16695.3505546875
2022-06-16,NOAC,0.0028285967215682106,0.002841342164239924,crash_overlay_exit,39498.13081896972
2022-06-16,LEVL,-0.0002994947677990023,-0.0002994947677991133,crash_overlay_exit,102597.7130625
2022-06-16,BLFY,-0.15690210789652248,-0.1549324187933253,crash_overlay_exit,39813.498
2022-06-16,BRPM,-0.010248160818537078,-0.010070531560568363,crash_overlay_exit,125917.74253124998
2022-06-16,THR,-0.07037038824903741,-0.07037038824903752,crash_overlay_exit,97786.7255625
2022-06-16,SWKH,0.12200372648569857,0.13143237622960768,crash_overlay_exit,6284.0802421875005
2022-06-16,XENT,0.007874464805789794,0.007874464805789794,crash_overlay_exit,443558.85
2022-06-16,MGIC,-0.04568792314609793,-0.037141848052264725,crash_overlay_exit,21720.865687499998
2022-06-16,FAZE,-0.010251379066206656,-0.010070531560568363,crash_overlay_exit,124833.99149999999
2022-06-17,AINV,-0.24667512450417495,-0.23366143627137015,stop_loss_exit,276398.4047205389
2022-06-30,RPT_old,0.011240986223234772,0.01124098622323455,rebalance_exit,69430.41400000002
2022-06-30,AJX,-0.0258499052248925,-0.0258499052248925,rebalance_exit,69430.41400000002
2022-06-30,FLIC,-0.14367621445142953,-0.14367621445142942,rebalance_exit,83679.713
2022-06-30,EVBN,-0.10045737866210414,-0.0998466616139736,rebalance_exit,13452.551765625001
2022-06-30,PFHD,0.04459794963535346,0.062351235230398316,rebalance_exit,15712.891593750002
2022-06-30,SCS,-0.1255862772992734,-0.1255862772992733,rebalance_exit,305550.0114014867
2022-06-30,FNCB,-0.012005467336387743,-0.003689260151254703,rebalance_exit,8955.174265625
2022-06-30,FCRD,-0.14716492575330098,-0.1471649257533011,rebalance_exit,6259.064914062501
2022-06-30,FOE,0.008245022483188702,0.008245022483188924,rebalance_exit,441300.93281348073
2022-06-30,AVTA,0.05579440668473645,0.06282058540510715,rebalance_exit,260171.55450000003
2022-06-30,MRCC,-0.1700743234017167,-0.1604037681616851,rebalance_exit,42806.890125000005
2022-06-30,AUVPQ,0.02359280958476151,0.023592809584761953,rebalance_exit,2931.9310273437504
2022-06-30,IPVA,0.0014110603659738263,0.00175490213527274,rebalance_exit,1542.0446347656252
2022-06-30,HCCI,-0.09271703736113679,-0.09084664568586542,rebalance_exit,97354.14975000001
2022-06-30,PFSW,0.022750313734347438,0.028861115583711294,rebalance_exit,47298.879593749996
2022-06-30,TREC,0.14667944006994338,0.14667944006994338,rebalance_exit,9503.419078125002
2022-06-30,CBTX,-0.14066043251175886,-0.13813073599429848,rebalance_exit,138700.60925000004
2022-06-30,NOAC,0.002332533815676774,0.0038574154236208358,rebalance_exit,26332.08721264649
2022-06-30,LEVL,-0.0002994947677990023,-0.0002994947677991133,rebalance_exit,68398.47537500001
2022-06-30,BRPM,0.0016102530346830957,0.0030211210522879117,rebalance_exit,83945.1616875
2022-06-30,THR,-0.1327160784537197,-0.13271607845371958,rebalance_exit,65191.15037500001
2022-06-30,SWKH,0.027796659307556926,0.029482767091047357,rebalance_exit,4189.386828125001
2022-06-30,XENT,0.007874464805789794,0.007874464805789794,rebalance_exit,295705.9
2022-06-30,MGIC,0.027212844041721862,0.031340947992769985,rebalance_exit,14480.577125
2022-06-30,FAZE,0.0015793888676980394,0.0030211210522879117,rebalance_exit,83222.66100000001
2022-08-18,RBT,-0.5162492757669244,-0.5013704278481845,stop_loss_exit,2353.3943574523923
2022-09-15,VTAQ,-0.41704930035143484,-0.41704930035143495,stop_loss_exit,15067.056132812502
2022-09-15,PRST,-0.41704930035143484,-0.41704930035143495,stop_loss_exit,15238.5417578125
2022-09-26,AMK,-0.10748645560121184,-0.10134557232070673,crash_overlay_exit,11993.364036
2022-09-26,NCBS,0.41460648720423365,0.4146064872042339,crash_overlay_exit,14276.635200000004
2022-09-26,CCLDP,0.22371900510578158,0.22371900510578135,crash_overlay_exit,8896.730071875
2022-09-26,RZA,0.14009780613604383,0.1416375807528809,crash_overlay_exit,42961.3398375
2022-09-26,GMRE,-0.24373770384732418,-0.24373770384732418,crash_overlay_exit,24548.128312500005
2022-09-26,UMBFP,-0.0814535062260704,-0.08011965428371082,crash_overlay_exit,2895.24941015625
2022-09-26,FFNW,0.352936923810248,0.36305613702366335,crash_overlay_exit,3661.723814062501
2022-09-26,OPINL,-0.15365359409784307,-0.1525466450048898,crash_overlay_exit,13892.712075000001
2022-09-26,CATC,-0.005349932635209442,-0.0021710940465432538,crash_overlay_exit,41148.544200000004
2022-09-26,LBAI,-0.033386792284022415,-0.028596850414482122,crash_overlay_exit,82107.1677
2022-09-26,FFIC,-0.09449850918900593,-0.09033115250904977,crash_overlay_exit,66505.62120000001
2022-09-26,HTBK,0.029508159893920416,0.029508159893920416,crash_overlay_exit,48123.53985000001
2022-09-26,PCSB,0.02054597265589453,0.02054597265589475,crash_overlay_exit,15114.958293750002
2022-09-26,MOFG,-0.032425270054032174,-0.026031484037516317,crash_overlay_exit,30044.9892
2022-09-26,BKCC,0.00020999374560637385,0.004466085928792607,crash_overlay_exit,35390.051400000004
2022-09-26,INDT,-0.21982426320156223,-0.21982426320156234,crash_overlay_exit,28706.363325000002
2022-09-26,PWOD,0.01966794782127046,0.02657539364699768,crash_overlay_exit,7779.105553125
2022-09-26,HTBI,-0.16247192799364074,-0.15618121802374674,crash_overlay_exit,45188.62320000001
2022-09-26,MCBC,0.21491661361302894,0.21944597676045063,crash_overlay_exit,15952.450649999999
2022-09-26,CALB,-0.0462496857930077,-0.04569002987610593,crash_overlay_exit,2382.212762109375
2022-09-26,CCF,-0.058718538339303517,-0.04836267444746345,crash_overlay_exit,43611.596849999994
2022-09-26,ACEV,0.019704002807749754,0.02064843119922055,crash_overlay_exit,6678.140221875002
2022-09-26,CSWI,0.002045140222164177,0.013060611558765256,crash_overlay_exit,116379.94170000002
2022-09-26,GPP,-0.09556344209164647,-0.09556344209164624,crash_overlay_exit,12957.833962500003
2022-09-26,PTMN,-0.12605444400504706,-0.12605444400504706,crash_overlay_exit,33790.3416
2022-09-26,BHLB,-0.019749098592484304,-0.01710324057872581,crash_overlay_exit,224547.25560000006
2022-09-26,TMPO,0.019704002807749754,0.02064843119922055,crash_overlay_exit,6678.140221875002
2022-09-26,BLFY,-0.15198536820705233,-0.15198536820705244,crash_overlay_exit,15925.3992
2022-09-26,ROIC,-0.11138878863944679,-0.11138878863944679,crash_overlay_exit,809239.0003327923
2022-09-26,SSBK,0.2024763921003514,0.20510859595922182,crash_overlay_exit,24662.262000000002
2022-09-26,BRKL_old,-0.05798722833800174,-0.05423972266472943,crash_overlay_exit,296367.83174999995
2022-09-26,SIVBP,-0.10799474440320433,-0.10799474440320433,crash_overlay_exit,67703.894015625
2022-09-26,MEKA,-0.003917799545431255,-0.0021694071100017975,crash_overlay_exit,15040.651125732422
2022-09-26,CSTR,-0.03674797539631658,-0.03149123931639253,crash_overlay_exit,79873.30209375
2022-09-26,BRMK,-0.17747938514106687,-0.17747938514106676,crash_overlay_exit,539486.9475
2022-09-26,PTRS,0.011707543450329316,0.01447783750872711,crash_overlay_exit,2928.558720703125
2022-09-26,CFB,0.028030294765563513,0.02803029476556329,crash_overlay_exit,121108.318875
2022-09-26,ETAC,0.0067196318336120164,0.0067196318336120164,crash_overlay_exit,128376.69327685548
2022-09-26,AINV,0.0067858944662348986,0.0067858944662348986,crash_overlay_exit,305337.772125
2022-09-26,HTLF,0.07297698515591788,0.0729769851559181,crash_overlay_exit,310578.98175
2022-09-26,BFIN,0.013970429108208116,0.01988319606823219,crash_overlay_exit,9941.290500000001
2022-09-26,OPI,-0.2522021929768711,-0.2522021929768712,crash_overlay_exit,295546.90875
2022-09-26,NPTN,0.015746551009253817,0.015746551009253817,crash_overlay_exit,809239.0003327923
2022-09-26,SASR,-0.032549592170665664,-0.02870406415859772,crash_overlay_exit,355471.203
2022-09-26,LBC,-0.06532807480787739,-0.0653280748078775,crash_overlay_exit,39844.915593749996
2022-09-26,CVLY,-0.1417817855560276,-0.13510964378219525,crash_overlay_exit,15323.86715625
2022-09-26,CSGS,-0.1256387023724128,-0.12066753397669083,crash_overlay_exit,809239.0003327923
2022-09-26,RILYO,0.01131510542750136,0.012000878957988848,crash_overlay_exit,30953.570343749998
2022-09-27,GMRE,-0.27564059292467036,-0.2710196774838325,stop_loss_exit,16365.418875000003
2022-09-28,INDT,-0.2516521892671597,-0.24853474874388837,stop_loss_exit,19137.575550000005
2022-09-28,OPI,-0.27652026881479785,-0.26710983371679053,stop_loss_exit,197031.27250000002
2022-09-30,NCBS,0.41460648720423365,0.4146064872042339,rebalance_exit,9517.756800000003
2022-09-30,PWOD,0.0027209854148326773,0.009828417640807219,rebalance_exit,5186.070368750001
2022-09-30,CCF,-0.05169590635755805,-0.04182781379104261,rebalance_exit,29074.397900000004
2022-09-30,ACEV,0.0188580923125099,0.019157674023231763,rebalance_exit,4452.093481250001
2022-09-30,TMPO,0.0188580923125099,0.019157674023231763,rebalance_exit,4452.093481250001
2022-09-30,SSBK,0.2013927427307911,0.2140144104151711,rebalance_exit,16441.508
2022-09-30,SIVBP,-0.06507154495917311,-0.06507154495917322,rebalance_exit,45135.92934375
2022-09-30,MEKA,-0.005193109381783079,-0.00519310938178319,rebalance_exit,10027.100750488282
2022-09-30,BRMK,-0.2259767903739015,-0.21610921319216458,rebalance_exit,359657.9650000001
2022-09-30,PTRS,-0.01621436374918639,-0.014339349306514926,rebalance_exit,1952.37248046875
2022-09-30,ETAC,0.0067196318336120164,0.0067196318336120164,rebalance_exit,85584.46218457032
2022-09-30,AINV,-0.03872005056894334,-0.02838980528519275,rebalance_exit,203558.51475000003
2022-09-30,NPTN,0.015746551009253595,0.015746551009253817,rebalance_exit,539492.6668885283
2022-09-30,CSGS,-0.11981160959530412,-0.11328913087671377,rebalance_exit,539492.6668885283
2022-10-05,OPINL,-0.23539561317124447,-0.2337531944191581,stop_loss_exit,9261.808050000001
2022-10-11,HTBI,-0.21339816075013707,-0.21262662626311535,stop_loss_exit,30125.74880000001
2022-11-18,FFWM,-0.20565073217833407,-0.20565073217833407,stop_loss_exit,430538.92625
2022-12-30,AMK,0.11296983293179896,0.11423464618422186,rebalance_exit,7995.576024
2022-12-30,RZA,0.15514978554687975,0.1551497855468793,rebalance_exit,28640.893225
2022-12-30,CSWI,-0.020728901986230786,-0.016057730865729813,rebalance_exit,77586.62780000002
2022-12-30,CSTR,-0.09795848616884961,-0.09458668237317713,rebalance_exit,53248.86806250001
2022-12-30,SASR,-0.08169004665801749,-0.08169004665801749,rebalance_exit,236980.80200000003
2022-12-30,MN,0.04406750603269027,0.04406750603269027,rebalance_exit,373589.96406250005
2022-12-30,GMRE,0.12230211425436144,0.13192374698469367,rebalance_exit,88299.23046875
2022-12-30,ABTX,2.220446049250313e-16,0.0,rebalance_exit,1017905.21
2022-12-30,ATAX,0.0033322717872690255,0.01370722134639224,rebalance_exit,59857.979921875
2022-12-30,DHIL,0.11432956359257052,0.1299820817360826,rebalance_exit,201614.445
2022-12-30,B_old,0.41182775389275306,0.4202662918527198,rebalance_exit,881025.9975
2022-12-30,CBTX,0.0068149477994075,0.011748725907998026,rebalance_exit,2090888.5925000003
2022-12-30,INDT,0.2134135014286782,0.21579716544334526,rebalance_exit,346540.449375
2022-12-30,VBTX,0.048534638036193734,0.05396843593806633,rebalance_exit,1107284.28
2022-12-30,HMNF,-0.04485563902545231,-0.04481279793817239,rebalance_exit,15299.380473632815
2023-03-13,UMBFP,-0.1879186434756671,-0.18791864347566734,sector_crash_overlay_exit,1158.0997640624998
2023-03-13,FFNW,0.1839639204004926,0.1839639204004926,sector_crash_overlay_exit,1464.6895256250004
2023-03-13,CATC,-0.21320602118646936,-0.21320602118646959,sector_crash_overlay_exit,16459.417680000002
2023-03-13,LBAI,-0.012901890816779837,-0.012901890816779837,sector_crash_overlay_exit,32842.867079999996
2023-03-13,FFIC,-0.27141763263373264,-0.27141763263373275,sector_crash_overlay_exit,26602.248480000006
2023-03-13,PCSB,0.050755263858152766,0.050755263858152766,sector_crash_overlay_exit,6045.983317500002
2023-03-13,MOFG,-0.1636997482173852,-0.1636997482173853,sector_crash_overlay_exit,12017.995680000002
2023-03-13,MCBC,0.2673205889792718,0.26732058897927224,sector_crash_overlay_exit,6380.980260000001
2023-03-13,CALB,0.018370292294221713,0.01837029229422149,sector_crash_overlay_exit,952.88510484375
2023-03-13,BHLB,-0.14477839983445906,-0.14477839983445917,sector_crash_overlay_exit,89818.90224000001
2023-03-13,BLFY,-0.29860125783477653,-0.29860125783477665,sector_crash_overlay_exit,6370.159680000002
2023-03-13,BRKL_old,-0.17973999225956883,-0.17973999225956871,sector_crash_overlay_exit,118547.13270000002
2023-03-13,CFB,-0.1492424466283746,-0.14924244662837471,sector_crash_overlay_exit,48443.327549999995
2023-03-13,HTLF,-0.05437477053311923,-0.05437477053311934,sector_crash_overlay_exit,124231.5927
2023-03-13,BFIN,-0.05188514967675539,-0.051885149676755615,sector_crash_overlay_exit,3976.5162
2023-03-13,LBC,-0.25597401882790016,-0.24545993357168172,sector_crash_overlay_exit,15937.966237500003
2023-03-13,CVLY,-0.013433118736779437,-0.013433118736779215,sector_crash_overlay_exit,6129.5468625
2023-03-13,RILYO,-0.02805521374279285,-0.02805521374279285,sector_crash_overlay_exit,12381.428137500001
2023-03-13,EVBN,-0.017067381812500004,-0.017067381812500226,sector_crash_overlay_exit,32191.581257812497
2023-03-13,PFC,-0.1593969507915406,-0.15939695079154048,sector_crash_overlay_exit,193325.973375
2023-03-13,CVCY,-0.044469114932902065,-0.044469114932902176,sector_crash_overlay_exit,26545.441546875
2023-03-13,SIVBP,-0.10054761356273767,-0.10054761356273767,sector_crash_overlay_exit,116031.5304375
2023-03-13,PWOD,-0.0999764458899367,-0.0999764458899367,sector_crash_overlay_exit,20194.007296875
2023-03-13,HTBI,0.010736281260185665,0.010736281260185665,sector_crash_overlay_exit,55341.76940625
2023-03-13,ESSA,-0.1823756063545804,-0.18110081730725325,sector_crash_overlay_exit,14345.045953125
2023-03-14,FFIC,-0.2974889212448534,-0.2723532990143075,stop_loss_exit,17734.832320000005
2023-03-14,BLFY,-0.34810938035382966,-0.3243880031620854,stop_loss_exit,4246.773120000001
2023-03-15,LBC,-0.23300100474729468,-0.23300100474729468,stop_loss_exit,10625.310825000002
2023-03-21,ESSA,-0.22393833477625025,-0.21135146909063418,stop_loss_exit,9563.363968750002
2023-03-24,HTBK,-0.2087781936420121,-0.20011984576290098,stop_loss_exit,32082.359900000003
2023-03-24,FLIC,-0.22133951441122746,-0.218128995966006,stop_loss_exit,115651.83546875001
2023-03-31,CATC,-0.1892884165055687,-0.18490894410012415,rebalance_exit,10972.94512
2023-03-31,PCSB,0.050755263858152766,0.050755263858152766,rebalance_exit,4030.6555450000014
2023-03-31,MOFG,-0.1609543604417033,-0.1567956785740392,rebalance_exit,8011.997120000002
2023-03-31,CALB,-0.0810173975714229,-0.08101739757142312,rebalance_exit,635.2567365625
2023-03-31,BHLB,-0.12579361341062,-0.12020624796264512,rebalance_exit,59879.26816000002
2023-03-31,BRKL_old,-0.19122087029552104,-0.1874783924242962,rebalance_exit,79031.42180000001
2023-03-31,CFB,-0.2109504648684074,-0.2060606292675572,rebalance_exit,32295.551700000004
2023-03-31,HTLF,-0.06378356421041864,-0.0602537990760631,rebalance_exit,82821.06180000001
2023-03-31,PFC,-0.18508270489193102,-0.18073858905312368,rebalance_exit,128883.98225
2023-03-31,CVCY,-0.038745687004543616,-0.03556517261285164,rebalance_exit,17696.96103125
2023-03-31,VIVO_old,0.02071963496481999,0.02071963496481999,rebalance_exit,2204647.7745086695
2023-03-31,SIVBP,-0.10054761356273767,-0.10054761356273767,rebalance_exit,77354.353625
2023-03-31,MGIC,-0.15884795299914733,-0.14934018713735742,rebalance_exit,14034.483593750001
2023-03-31,SP,-0.012384800980922095,-0.012384800980922095,rebalance_exit,445153.555
2023-03-31,RFP,0.01382529962918766,0.01382529962918766,rebalance_exit,1103519.9400000002
2023-05-04,LBAI,-0.250895262914293,-0.25089526291429276,stop_loss_exit,21895.244720000002
2023-05-04,EVBN,-0.2961936137604061,-0.29173567494461317,stop_loss_exit,21461.054171875003
2023-05-04,FLIC,-0.3000299295095674,-0.3000299295095674,stop_loss_exit,209161.28000000003
2023-05-05,UMBFP,-0.28310771221476905,-0.2777505549117557,stop_loss_exit,772.0665093750001
2023-05-05,CVLY,-0.2493990818684929,-0.24342843972162698,stop_loss_exit,4086.3645750000005
2023-05-10,HTBI,-0.2467143612664796,-0.23781103256001712,stop_loss_exit,36894.5129375
2023-05-12,FFNW,-0.08181507766692309,-0.08074044926616253,sector_crash_overlay_exit,585.8758102500002
2023-05-12,MCBC,0.12098474070124987,0.12499207362039066,sector_crash_overlay_exit,2552.392104
2023-05-12,BFIN,-0.1999387596106843,-0.1974767720675683,sector_crash_overlay_exit,1590.60648
2023-05-12,RILYO,0.026963715614056083,0.028497847720828418,sector_crash_overlay_exit,4952.571255
2023-05-12,PWOD,-0.13146937226882416,-0.13146937226882416,sector_crash_overlay_exit,8077.602918749999
2023-05-12,INDT,0.004034916477300143,0.004662802750934558,sector_crash_overlay_exit,815795.7075000001
2023-05-12,ESSA,-0.16911308554236315,-0.16781190831784676,sector_crash_overlay_exit,21299.641125000002
2023-05-12,LBC,-0.14342994821818789,-0.1366370965753363,sector_crash_overlay_exit,33075.853125
2023-05-15,IRBTQ,-0.22883435696342225,-0.22414429421849458,stop_loss_exit,1320597.705
2023-05-15,IRBT,-0.2287995349419042,-0.22410926041696877,stop_loss_exit,1320735.5350000001
2023-05-30,ROIC,-0.20883285750651714,-0.20883285750651714,stop_loss_exit,539492.6668885283
2023-06-30,CCLDP,0.4369602028389896,0.43696020283898984,rebalance_exit,5931.15338125
2023-06-30,FFNW,0.07007195676743505,0.07080437618226498,rebalance_exit,390.5838735000001
2023-06-30,MCBC,0.21527177284630916,0.22391841781935784,rebalance_exit,1701.5947360000005
2023-06-30,VGR,0.10791743921573671,0.10791743921573671,rebalance_exit,1241136.695
2023-06-30,PWOD,-0.03773123618147478,-0.037731236181475,rebalance_exit,5385.068612499999
2023-06-30,THR,0.31538318457646985,0.31538318457646985,rebalance_exit,328971.693125
2023-06-30,BNRE,0.028877168417541066,0.028877168417540844,rebalance_exit,48842.46359375
2023-06-30,MBCN,-0.055410560151449295,-0.04681643414016845,rebalance_exit,69471.07710937501
2023-06-30,CPLP,0.033995824000132346,0.038368870096008534,rebalance_exit,52024.95453125
2023-06-30,INDT,0.012357887322379524,0.012357887322379302,rebalance_exit,543863.805
2023-06-30,ESSA,-0.04899135222969264,-0.0427208679112876,rebalance_exit,14199.760750000001
2023-06-30,LBC,-0.07235630186103548,-0.06652155582819852,rebalance_exit,22050.56875
2023-09-28,MLNK,-0.20192302930989736,-0.20192302930989736,stop_loss_exit,442088.09937500005
2023-09-29,GPP,0.27527352897832436,0.28088858404818007,rebalance_exit,8638.555975000001
2023-09-29,SAVE,-0.01789993346137464,-0.0061682093311280495,rebalance_exit,1645969.8551881937
2023-09-29,SAVEQ,-0.015747098173875873,-0.00398965724495326,rebalance_exit,1645969.8551881937
2023-09-29,CSGS,-0.04097453315952482,-0.03777906201947556,rebalance_exit,1237660.8050000002
2023-09-29,HCCI,0.19838466015581369,0.1987037163559009,rebalance_exit,313816.34375
2023-09-29,AVTA,0.1413459943467148,0.14298484731622496,rebalance_exit,901447.5875
2023-09-29,EVRI,-0.09994763120246475,-0.09214719055083509,rebalance_exit,1208786.99
2023-09-29,HOLI,0.12791358615588044,0.12791358615588044,rebalance_exit,295606.2978125
2023-09-29,MRCC,-0.059528194973647586,-0.05804519203229919,rebalance_exit,49276.14226562501
2023-09-29,NXGN,0.45656327998595403,0.45656327998595403,rebalance_exit,626001.78
2023-09-29,PGTI,-0.05635499861304871,-0.04802743179592739,rebalance_exit,1666522.2723352236
2023-09-29,DVAX,0.13974439754539758,0.1416255074731687,rebalance_exit,1666522.2723352236
2023-10-03,NAPA,-0.23860549635032147,-0.23056300990922263,stop_loss_exit,1478942.3550000002
2023-10-31,B_old,-0.39780336445516473,-0.3886174249289488,stop_loss_exit,761807.46
2023-11-03,FDP,-0.22802544878441178,-0.22802544878441178,stop_loss_exit,595535.93
2023-12-15,STEC,-0.6685314889583522,-0.6685314889583522,stop_loss_exit,9526.18
2023-12-29,TGH,0.6234704862289904,0.6235528320631327,rebalance_exit,710956.4825
2023-12-29,CCF,0.217320670078343,0.21732067007834321,rebalance_exit,283927.513125
2023-12-29,NS,0.27257696090696304,0.2770660228110371,rebalance_exit,553634.49125
2023-12-29,AMBC,0.15490808885899754,0.15730335724171662,rebalance_exit,660380.5950000001
2023-12-29,SP,0.30780535683038,0.308521747758298,rebalance_exit,276495.61562500003
2023-12-29,HSII,0.17892148781671846,0.18343016851994265,rebalance_exit,334761.45625000005
2023-12-29,AMK,0.18868097182977617,0.19077095488345908,rebalance_exit,221815.82562500003
2023-12-29,THR,0.17822784062805908,0.1826744203092432,rebalance_exit,416411.63250000007
2023-12-29,GOGL_old,0.2446123964992708,0.2518821640364328,rebalance_exit,1020349.8525
2023-12-29,CVLY,0.38300579799576884,0.3879106490329074,rebalance_exit,41463.941953125
2023-12-29,EQC,0.040765365062354064,0.0426928586497799,rebalance_exit,1853635.6300000001
2024-03-28,BKCC,0.2734033200277568,0.2734033200277568,rebalance_exit,23593.367600000005
2024-03-28,SSBK,0.16377118646109579,0.1650808828061776,rebalance_exit,58822.314921875
2024-03-28,SPTN,-0.06607862482782445,-0.06607862482782445,rebalance_exit,577396.27
2024-03-28,VGR,-0.01063776864036936,-0.01063776864036936,rebalance_exit,1008802.6400000001
2024-03-28,CYTT,-0.01332742038900736,-0.01332742038900736,rebalance_exit,8351.905
2024-03-28,CYT,-0.009982556405527587,-0.009982556405527587,rebalance_exit,8354.368154296875
2024-03-28,CPLP,0.22546519643450247,0.23545870632053134,rebalance_exit,93812.90996093751
2024-03-28,BLFY,-0.0320579542058812,-0.0320579542058812,rebalance_exit,67626.45484375
2024-03-28,FLIC,-0.14667910081073787,-0.14667910081073798,rebalance_exit,240899.4084375
2024-04-19,CHUY,-0.20952256969109329,-0.2037614278860248,stop_loss_exit,395219.08125000005
2024-05-13,DVAX,-0.22567120108575156,-0.21101573003293794,stop_loss_exit,2271641.39
2024-05-14,ODP,-0.2342531805982826,-0.22299713829388756,stop_loss_exit,2400978.7550000004
2024-05-28,DENN,-0.22100391837026678,-0.21875000332615202,stop_loss_exit,352986.705
2024-06-28,BFIN,0.18935237777332792,0.19054868638542422,rebalance_exit,1060.40432
2024-06-28,RILYO,0.1511210729668815,0.1511210729668815,rebalance_exit,3301.71417
2024-06-28,SWKH,-0.05153410492177202,-0.049650881572685046,rebalance_exit,78355.0238671875
2024-06-28,MACK,0.22780634957625723,0.22780634957625723,rebalance_exit,222446.72609374998
2024-06-28,MCBC,0.6653957132469914,0.6653957132469919,rebalance_exit,44900.800625
2024-06-28,BNRE,0.03416319799693812,0.034163197996938344,rebalance_exit,26735.32431640625
2024-06-28,NGMS,0.028641342165896644,0.028641342165896644,rebalance_exit,170834.83828125
2024-06-28,SP,0.03331273747808283,0.03331273747808261,rebalance_exit,715213.3812500001
2024-09-30,EVBN,0.6525183145168347,0.6640946013795759,rebalance_exit,126407.854375
2024-09-30,ROIC,0.22644110616545765,0.22982294201939468,rebalance_exit,1484378.4625000001
2024-09-30,CALB,0.009839386635982716,0.009839386635982716,rebalance_exit,31834.157304687502
2024-09-30,PWOD,0.26352768546049976,0.26352768546049976,rebalance_exit,41502.455859375004
2024-09-30,AC,0.07621749983121884,0.08601784326932682,rebalance_exit,29225.328554687498
2024-09-30,CHUY,0.4429012891895938,0.4429012891895938,rebalance_exit,446425.950625
2024-09-30,ARC,0.2918708590036654,0.2937876252817846,rebalance_exit,19844.459218750002
2024-09-30,AMWD,0.18518713052189373,0.18893128196447018,rebalance_exit,1353538.1975
2024-09-30,FDP,0.35555743862756195,0.3618447928218582,rebalance_exit,803938.36
2024-09-30,CVLY,0.0,0.0,rebalance_exit,207886.94734375
2024-11-05,OPINL,-0.21193466375985892,-0.20961644975075233,stop_loss_exit,24143.59
2024-12-31,KAR,0.32500003777060504,0.3396353538456802,rebalance_exit,1412790.485
2024-12-31,HTBK,0.13251030119555707,0.13942603855707092,rebalance_exit,331374.09375
2024-12-31,HAYN,0.0211467427196379,0.0211467427196379,rebalance_exit,1334205.1300000001
2024-12-31,SPTN,-0.010666603165329525,-0.001894726434125471,rebalance_exit,616119.93
2024-12-31,BHLB,0.25631493167564146,0.2627155569113455,rebalance_exit,597833.1125
2024-12-31,PHX,0.1869606935331507,0.18858538333604424,rebalance_exit,14993.085000000001
2024-12-31,STER,0.0009767570563858907,0.0009767570563861128,rebalance_exit,492086.03
2024-12-31,BFIN,0.05045589392756744,0.05045589392756744,rebalance_exit,11227.525361328126
