date,ticker,ret,gross_ret,type,cost
2010-12-31,HLS,0.07527500700802014,0.07527500700801992,rebalance_exit,4000.3174603174602
2010-12-31,PSYS1,0.0041579270013902825,0.0041579270013902825,rebalance_exit,4000.3174603174602
2010-12-31,ENH,0.16186820417602954,0.16383583940246305,rebalance_exit,4000.3174603174602
2010-12-31,AXE,0.16033308771869215,0.16033308771869215,rebalance_exit,4000.3174603174602
2010-12-31,TECD,0.09097047466961006,0.09230772434561607,rebalance_exit,4000.3174603174602
2010-12-31,BNE_old,0.014121787157062249,0.014121787157062249,rebalance_exit,4000.3174603174602
2010-12-31,HME,0.04567326686868878,0.0489603039296862,rebalance_exit,4000.3174603174602
2010-12-31,SFG,0.20109018592032823,0.20646868111383565,rebalance_exit,4000.3174603174602
2010-12-31,LIA,-0.05413586634940004,-0.05413586634940004,rebalance_exit,4000.3174603174602
2011-03-31,CNL_old1,0.1576637388243507,0.1576637388243507,rebalance_exit,4000.3174603174602
2011-03-31,OMI,0.15595057926086642,0.15595057926086664,rebalance_exit,4000.3174603174602
2011-03-31,JAH,0.15513338241009555,0.15513338241009578,rebalance_exit,732.0848199378348
2011-03-31,WAC,-0.10289146474988065,-0.10289146474988065,rebalance_exit,732.0848199378348
2011-03-31,LWSN,0.3023426970348544,0.3081081493480786,rebalance_exit,732.0848199378348
2011-03-31,BMTC,0.1833592285156802,0.1833592285156802,rebalance_exit,732.0848199378348
2011-03-31,MINI,0.2199106461937561,0.2199106461937561,rebalance_exit,732.0848199378348
2011-03-31,AMSG,0.2143197903391476,0.2143197903391476,rebalance_exit,732.0848199378348
2011-03-31,ATMI,-0.054564891196552945,-0.05265802990405,rebalance_exit,732.0848199378348
2011-03-31,NDZ,0.027214812553532308,0.03336212597183219,rebalance_exit,732.0848199378348
2011-03-31,ACCL_old,-0.036144600462750254,-0.036144600462750365,rebalance_exit,732.0848199378348
2011-03-31,LDR,0.03503849746311949,0.03503849746311949,rebalance_exit,732.0848199378348
2011-03-31,BOBE,-0.011273427072515996,-0.00634718938600054,rebalance_exit,732.0848199378348
2011-03-31,UIL,0.031052055647466492,0.031052055647466492,rebalance_exit,732.0848199378348
2011-03-31,HTS,-0.04394386839791031,-0.04255039331101207,rebalance_exit,732.0848199378348
2011-03-31,DHCP,-0.10289425461201696,-0.10289425461201696,rebalance_exit,732.0848199378348
2011-03-31,TSRA,-0.18826033492734517,-0.18111270615993202,rebalance_exit,732.0848199378348
2011-03-31,MPW,0.08404414970554042,0.08404414970554064,rebalance_exit,732.0848199378348
2011-03-31,FDP,0.04461086610992582,0.047648686192360845,rebalance_exit,732.0848199378348
2011-03-31,UBA,0.003563604681039223,0.003563604681039223,rebalance_exit,732.0848199378348
2011-06-30,PTP,-0.2362132047602722,-0.2362132047602723,rebalance_exit,4000.3174603174602
2011-06-30,CV_old,0.8418179095068452,0.8450862783913293,rebalance_exit,4000.3174603174602
2011-06-30,MRH,0.05469291357017103,0.05670021157189575,rebalance_exit,4000.3174603174602
2011-06-30,MSWP,0.3124623783887148,0.3124623783887148,rebalance_exit,732.0848199378348
2011-06-30,PPS,0.12651811861634887,0.13456624460805533,rebalance_exit,732.0848199378348
2011-06-30,MHLD,0.17226965917619164,0.17511227948528352,rebalance_exit,732.0848199378348
2011-06-30,BLT,0.10850247840345228,0.1085024784034525,rebalance_exit,732.0848199378348
2011-06-30,B_old,0.20903045859918135,0.20903045859918135,rebalance_exit,732.0848199378348
2011-06-30,PCH,0.1047351226657014,0.10905899953376275,rebalance_exit,732.0848199378348
2011-06-30,FLIC,-0.02549297421172625,-0.022155563291378355,rebalance_exit,732.0848199378348
2011-06-30,EMCI,-0.13332287297011247,-0.13332287297011247,rebalance_exit,732.0848199378348
2011-06-30,OABC,0.08929818939791412,0.09353433705105818,rebalance_exit,732.0848199378348
2011-06-30,LANC,0.07250740457444804,0.07582255873313803,rebalance_exit,732.0848199378348
2011-06-30,BBBB,0.04117903763426778,0.0471736078564855,rebalance_exit,732.0848199378348
2011-06-30,NXGN,0.2952908407024786,0.2952908407024786,rebalance_exit,732.0848199378348
2011-06-30,ASI,-0.11679845431506852,-0.11070302656619813,rebalance_exit,732.0848199378348
2011-06-30,HTSI,0.18749248365393045,0.18830882577365426,rebalance_exit,732.0848199378348
2011-06-30,EDE,-0.10618923720121087,-0.10618923720121076,rebalance_exit,732.0848199378348
2011-06-30,BRKL_old,-0.13114886598390074,-0.13114886598390074,rebalance_exit,732.0848199378348
2011-06-30,CCMP,0.12111060315155364,0.12111060315155364,rebalance_exit,732.08481993783
2011-06-30,ABCO,0.12010346802114857,0.12388351588573276,rebalance_exit,999.5458517545744
2011-06-30,EXL,-0.0702581014495115,-0.06678744213680754,rebalance_exit,999.5458517545744
2011-06-30,AAI,-0.006279392827262198,-0.006279392827262309,rebalance_exit,999.5458517545744
2011-06-30,FLY_old,-0.03482518606181073,-0.028061388470226434,rebalance_exit,999.5458517545744
2011-06-30,CEDU,-0.14166734563550076,-0.1405263669227843,rebalance_exit,999.5458517545744
2011-06-30,FFG,0.046708705519278526,0.04670870551927875,rebalance_exit,999.5458517545744
2011-06-30,QLGC,-0.1440496059197539,-0.1440496059197538,rebalance_exit,999.5458517545744
2011-06-30,MOFG,-0.0320577316920273,-0.02386726921241844,rebalance_exit,999.5458517545744
2011-08-04,WGL,0.037694903370735444,0.042868136516737376,crash_overlay_exit,2400.190476190476
2011-08-04,SJI,0.009881636546798633,0.018795513013000642,crash_overlay_exit,2400.190476190476
2011-08-04,ANH,0.10203227660627645,0.10203227660627645,crash_overlay_exit,2400.190476190476
2011-08-04,CHG,0.173299648468346,0.1784861653497951,crash_overlay_exit,2400.190476190476
2011-08-04,VGR,-0.03712861468710005,-0.03164485001995865,crash_overlay_exit,2400.190476190476
2011-08-04,NAVG,-0.013720216954596465,-0.013720216954596465,crash_overlay_exit,2400.190476190476
2011-08-04,ELNK,-0.11684694495449888,-0.11684694495449899,crash_overlay_exit,2400.190476190476
2011-08-04,LSI,0.057338887999807575,0.060963931540022775,crash_overlay_exit,2400.190476190476
2011-08-04,COL,-0.11985763066837263,-0.11985763066837263,crash_overlay_exit,2400.190476190476
2011-08-04,KNX1,-0.24104521319785355,-0.24104521319785355,crash_overlay_exit,2400.190476190476
2011-08-04,NSH_old,0.006485885394432067,0.006485885394432067,crash_overlay_exit,2400.190476190476
2011-08-04,CMO,0.05363321430297274,0.059363550275624455,crash_overlay_exit,439.2508919627009
2011-08-04,OZRK,0.17753974072082146,0.18559698989278517,crash_overlay_exit,439.2508919627009
2011-08-04,AFSI,0.29998674007085957,0.29998674007085935,crash_overlay_exit,439.2508919627009
2011-08-04,ROIC,0.09808003990625513,0.11041301009031046,crash_overlay_exit,439.2508919627009
2011-08-04,FXCB,0.09206079340881868,0.09469246397898279,crash_overlay_exit,439.2508919627009
2011-08-04,EQC,-0.16093380598224627,-0.16093380598224605,crash_overlay_exit,439.2508919627009
2011-08-04,TSCDD,-0.10062856004655218,-0.10062856004655218,crash_overlay_exit,439.2508919627009
2011-08-04,VWTR,-0.18823994970846536,-0.17420539437104843,crash_overlay_exit,439.2508919627009
2011-08-04,CYS,0.007563036593191574,0.016523179334008375,crash_overlay_exit,439.2508919627009
2011-08-04,TDCP,-0.12790699125045457,-0.06395349562522723,crash_overlay_exit,439.2508919627009
2011-08-04,OPI,-0.1415816717372469,-0.14158167173724678,crash_overlay_exit,439.2508919627009
2011-08-04,KDN,-0.19142480467398582,-0.19142480467398582,crash_overlay_exit,439.2508919627009
2011-08-04,HI,-0.02180817288108583,-0.006789135860649997,crash_overlay_exit,439.2508919627009
2011-08-04,UNS,-0.027913816202793318,-0.027064766087426584,crash_overlay_exit,439.2508919627009
2011-08-04,CHFC,-0.1637661071872908,-0.15913010298134345,crash_overlay_exit,439.2508919627009
2011-08-04,HGIC,-0.19028282468374735,-0.18254658078247843,crash_overlay_exit,439.2508919627009
2011-08-04,CXS,-0.22334275864938813,-0.22110032098159793,crash_overlay_exit,439.2508919627009
2011-08-04,KW,0.13400258786859065,0.14015643111636833,crash_overlay_exit,439.2508919627009
2011-08-04,AEC_old,0.0287398344832539,0.0434508548747321,crash_overlay_exit,599.7275110527446
2011-08-04,BHLB,0.01922028731901948,0.03350843152682503,crash_overlay_exit,599.7275110527446
2011-08-04,ENH,-0.2076205321035557,-0.2076205321035557,crash_overlay_exit,599.7275110527446
2011-08-04,ADPI,-0.12134095815563739,-0.1181402594706511,crash_overlay_exit,599.7275110527446
2011-08-04,COR_old,-0.07834881962889684,-0.07834881962889695,crash_overlay_exit,599.7275110527446
2011-08-04,BGG,-0.2916270962523503,-0.28490723454322664,crash_overlay_exit,599.7275110527446
2011-08-04,IRC,-0.16933862660768906,-0.16933862660768917,crash_overlay_exit,599.7275110527446
2011-08-04,RSO,-0.1591323982950571,-0.15532993117975347,crash_overlay_exit,599.7275110527446
2011-08-04,DRYS,-0.0031645415874076432,-0.0031645415874077543,crash_overlay_exit,599.7275110527446
2011-08-04,UMPQ,-0.04947998942597742,-0.04253312553747268,crash_overlay_exit,599.7275110527446
2011-08-04,MGLN,-0.06263738699002275,-0.050990486581335315,crash_overlay_exit,599.7275110527446
2011-08-04,FFIC,-0.18756755536434389,-0.17447213543904994,crash_overlay_exit,599.7275110527446
2011-08-04,CEC,-0.050616879214620436,-0.05061687921462066,crash_overlay_exit,599.7275110527446
2011-08-04,AEL,-0.17129151765243755,-0.17124780178765042,crash_overlay_exit,599.7275110527446
2011-08-04,DCMYY,0.00511955549949894,0.005119555499498718,crash_overlay_exit,599.7275110527446
2011-08-04,JAH,-0.16216212748522574,-0.16216212748522574,crash_overlay_exit,795.4168231725677
2011-08-04,WES2,-0.05266196061728545,-0.04861430407275624,crash_overlay_exit,795.4168231725677
2011-08-04,ORIT,-0.0023314416900171997,0.003910546544167337,crash_overlay_exit,795.4168231725677
2011-08-04,BLUD,0.2654260556338661,0.2654260556338661,crash_overlay_exit,795.4168231725677
2011-08-04,HITT,-0.1387624180553768,-0.13406556707345063,crash_overlay_exit,795.4168231725677
2011-08-04,MIG_old,-0.09122312389140963,-0.08577189110829087,crash_overlay_exit,795.4168231725677
2011-08-04,DHIL,-0.08019611337237587,-0.0791015504545286,crash_overlay_exit,795.4168231725677
2011-08-04,EIHI,-0.003416530682597285,-0.00319157041005802,crash_overlay_exit,795.4168231725677
2011-08-04,IBKC,-0.14652478400797087,-0.1328927748062272,crash_overlay_exit,795.4168231725677
2011-08-04,QUMU,0.0544035487495127,0.05440354874951292,crash_overlay_exit,795.4168231725677
2011-08-04,SBX,-0.1316846819425025,-0.1316846819425026,crash_overlay_exit,795.4168231725677
2011-08-04,JBT,-0.21418875873947651,-0.20962759825335142,crash_overlay_exit,795.4168231725677
2011-08-04,VIVO_old,-0.1992337957153385,-0.196437168923986,crash_overlay_exit,795.4168231725677
2011-08-04,SFG,-0.2704433835524469,-0.270443383552447,crash_overlay_exit,795.4168231725677
2011-08-04,FPO,-0.11129518252980763,-0.11129518252980763,crash_overlay_exit,795.4168231725677
2011-08-04,SYA,-0.13844338033029313,-0.13844338033029324,crash_overlay_exit,795.4168231725677
2011-08-04,UIL,-0.043113276245296484,-0.0384070451658064,crash_overlay_exit,795.4168231725677
2011-08-04,PL_old,-0.15949791792743584,-0.15391265002641674,crash_overlay_exit,795.4168231725677
2011-08-04,CLCT,0.06989678535815425,0.06989678535815425,crash_overlay_exit,795.4168231725677
2011-08-04,CLP,-0.051960759106070564,-0.051960759106070564,crash_overlay_exit,795.4168231725677
2011-08-04,CSGS,-0.1610169527109776,-0.15746816345039438,crash_overlay_exit,795.4168231725677
2011-08-04,DBD_old,-0.12415236354374792,-0.12415236354374792,crash_overlay_exit,795.4168231725677
2011-08-04,MPW,-0.08909640258967333,-0.08909640258967333,crash_overlay_exit,795.4168231725677
2011-08-04,CNBC,-0.045363986090169006,-0.029521438636849973,crash_overlay_exit,795.4168231725677
2011-08-04,ATAX,-0.015240452647013125,-0.015240452647013125,crash_overlay_exit,795.4168231725677
2011-08-04,PSSI,-0.18435377160884836,-0.1840269727554349,crash_overlay_exit,795.4168231725677
2011-08-04,DBDQQ,-0.12414830255100828,-0.1241483025510084,crash_overlay_exit,795.4168231725636
2011-08-05,OZRK,0.18956812735606832,0.1895681273560681,sector_crash_overlay_exit,175.70035678508034
2011-08-05,AFSI,0.2844294217803718,0.2844294217803718,sector_crash_overlay_exit,175.70035678508034
2011-08-05,FXCB,0.09418606209641389,0.09469246397898279,sector_crash_overlay_exit,175.70035678508034
2011-08-05,OPI,-0.1602759326834452,-0.1602759326834453,sector_crash_overlay_exit,175.70035678508034
2011-08-05,CHFC,-0.1683446128236491,-0.1683446128236491,sector_crash_overlay_exit,175.70035678508034
2011-08-05,BHLB,0.017614112538992588,0.028680454440771053,sector_crash_overlay_exit,239.89100442109788
2011-08-05,FFIC,-0.17375128626727743,-0.17108931895779877,sector_crash_overlay_exit,239.89100442109788
2011-08-05,ORIT,-0.007122312055936719,-0.00712231205593683,sector_crash_overlay_exit,318.1667292690271
2011-08-05,IBKC,-0.14677187055666274,-0.14677187055666274,sector_crash_overlay_exit,318.1667292690271
2011-08-05,SFG,-0.2832413782519102,-0.2832413782519102,sector_crash_overlay_exit,318.1667292690271
2011-08-05,FPO,-0.15964241796335754,-0.15964241796335765,sector_crash_overlay_exit,318.1667292690271
2011-08-05,SYA,-0.1458762497361542,-0.14587624973615398,sector_crash_overlay_exit,318.1667292690271
2011-08-05,CLP,-0.08627452263690949,-0.08627452263690949,sector_crash_overlay_exit,318.1667292690271
2011-08-05,MPW,-0.13458711221512076,-0.13150414675813715,sector_crash_overlay_exit,318.1667292690271
2011-08-05,CNBC,-0.06585454727921036,-0.06585454727921025,sector_crash_overlay_exit,318.1667292690271
2011-08-17,OZRK,0.062120292753818473,0.062120292753818696,sector_crash_overlay_exit,70.28014271403214
2011-08-17,AFSI,0.26199714049664435,0.26369734125018907,sector_crash_overlay_exit,70.28014271403214
2011-08-17,FXCB,0.06734794262221966,0.0727998452908436,sector_crash_overlay_exit,70.28014271403214
2011-08-17,OPI,-0.11323644189372539,-0.10886255854866089,sector_crash_overlay_exit,70.28014271403214
2011-08-17,CHFC,-0.2355486714805345,-0.2337708369548337,sector_crash_overlay_exit,70.28014271403214
2011-08-17,BHLB,-0.03710131964785213,-0.03008902735650476,sector_crash_overlay_exit,95.95640176843916
2011-08-17,FFIC,-0.2303898504706393,-0.21844838447895965,sector_crash_overlay_exit,95.95640176843916
2011-08-17,ORIT,-0.03866807580613618,-0.03469779434460907,sector_crash_overlay_exit,127.26669170761083
2011-08-17,IBKC,-0.19642274907554813,-0.19587162507471745,sector_crash_overlay_exit,127.26669170761083
2011-08-17,SFG,-0.2944264634332383,-0.2924868737937196,sector_crash_overlay_exit,127.26669170761083
2011-08-17,FPO,-0.11790815253731379,-0.11195963087629957,sector_crash_overlay_exit,127.26669170761083
2011-08-17,SYA,-0.2077235669776517,-0.20534787801222498,sector_crash_overlay_exit,127.26669170761083
2011-08-17,CLP,0.0009804146145919734,0.0009804146145917514,sector_crash_overlay_exit,127.26669170761083
2011-08-17,MPW,-0.11369348772934962,-0.10898831536295883,sector_crash_overlay_exit,127.26669170761083
2011-08-17,CNBC,-0.10402241227068931,-0.09740713730532236,sector_crash_overlay_exit,127.26669170761083
2011-09-30,WGL,0.06649572749461186,0.07619883149845963,rebalance_exit,1600.126984126984
2011-09-30,EQC,-0.22140671142222113,-0.21590198413224715,rebalance_exit,292.8339279751339
2011-09-30,VWTR,-0.3615902100546228,-0.3582036520792784,rebalance_exit,292.8339279751339
2011-09-30,HGIC,0.6559977236523069,0.6600301071129178,rebalance_exit,292.8339279751339
2011-09-30,CXS,-0.2750242021228312,-0.27010944974937945,rebalance_exit,292.8339279751339
2011-09-30,BHLB,-0.10819884477982056,-0.10068935172211058,rebalance_exit,63.97093451229277
2011-09-30,ADPI,-0.2690434141208137,-0.2637195174029936,rebalance_exit,399.8183407018298
2011-09-30,BGG,-0.4021198353040013,-0.3957824155910512,rebalance_exit,399.8183407018298
2011-09-30,RSO,-0.1815342528338142,-0.17591584061137422,rebalance_exit,399.8183407018298
2011-09-30,UMPQ,-0.2219620214676945,-0.22196202146769461,rebalance_exit,399.8183407018298
2011-09-30,CEC,-0.25181854920514746,-0.23820089703517,rebalance_exit,399.8183407018298
2011-09-30,DCMYY,0.05689110970283662,0.05896944646746305,rebalance_exit,399.8183407018298
2011-09-30,BLUD,0.31292847041008276,0.31292847041008276,rebalance_exit,530.2778821150451
2011-09-30,DHIL,-0.15671175593794195,-0.14639116860263235,rebalance_exit,530.2778821150451
2011-09-30,EIHI,-0.007638520907878532,-0.005460533737015272,rebalance_exit,530.2778821150451
2011-09-30,QUMU,-0.058007800328456094,-0.05425396090997492,rebalance_exit,530.2778821150451
2011-09-30,SBX,-0.28901989402834094,-0.27556546448539687,rebalance_exit,530.2778821150451
2011-09-30,VIVO_old,-0.3537113589763131,-0.34736215562629913,rebalance_exit,530.2778821150451
2011-09-30,SFG,-0.355636608654206,-0.3465266297254769,rebalance_exit,84.84446113840723
2011-09-30,FPO,-0.17640192221652073,-0.17420772730445033,rebalance_exit,84.84446113840723
2011-09-30,SYA,-0.39389455811273644,-0.3908460007572878,rebalance_exit,84.84446113840723
2011-09-30,CLCT,0.0020882184301511675,0.0020882184301511675,rebalance_exit,530.2778821150451
2011-09-30,CNBC,-0.08239357780176482,-0.07732826611649846,rebalance_exit,84.84446113840723
2011-09-30,ATAX,-0.04641152807961757,-0.04641152807961757,rebalance_exit,530.2778821150451
2011-12-30,TDCP,-0.12790699125045424,-0.06395349562522723,rebalance_exit,292.8339279751339
2011-12-30,UNS,0.025599464910929237,0.03013387309596416,rebalance_exit,292.8339279751339
2011-12-30,CHFC,0.0015755649701734153,0.004574675545587326,rebalance_exit,46.853428476021435
2011-12-30,KW,0.060322745171631276,0.06588634401884264,rebalance_exit,292.8339279751339
2011-12-30,FFIC,-0.13043334824330954,-0.1256450827819766,rebalance_exit,63.97093451229277
2011-12-30,WES2,0.15447486163407476,0.15447486163407476,rebalance_exit,530.2778821150451
2011-12-30,PL_old,-0.026044994943768884,-0.02464330806336823,rebalance_exit,530.2778821150451
2011-12-30,PTP,0.0933331042029324,0.0982869719930064,rebalance_exit,1756.151366405033
2011-12-30,STVI,-0.2029340173983768,-0.10146700869918834,rebalance_exit,465.76250000000005
2011-12-30,SIVB,0.2778692733768986,0.2812025399245335,rebalance_exit,1756.151366405033
2011-12-30,SIVBQ,0.2778692733768986,0.2812025399245335,rebalance_exit,1756.151366405033
2011-12-30,HTS,0.07402335587115116,0.07871578381640809,rebalance_exit,1756.151366405033
2011-12-30,HTSI,0.08046056213318775,0.08585752310101324,rebalance_exit,1756.151366405033
2011-12-30,TUC,0.06523890989079484,0.06523890989079484,rebalance_exit,1756.151366405033
2011-12-30,PPS,0.2594494758278565,0.2623805928719398,rebalance_exit,1756.151366405033
2011-12-30,PRX,0.21324609508486136,0.2180171508305857,rebalance_exit,1756.151366405033
2011-12-30,AXE,0.24985540566033104,0.25716783695723366,rebalance_exit,1756.151366405033
2011-12-30,MOLX,0.1748010784332945,0.18107925163400163,rebalance_exit,1756.151366405033
2011-12-30,SKS,0.1268571036202566,0.1268571036202566,rebalance_exit,1756.151366405033
2011-12-30,NXGN,2.0320804059373274,2.032080405937328,rebalance_exit,1756.151366405033
2011-12-30,ARTC_old,0.08248214152300393,0.08892209527737616,rebalance_exit,1756.151366405033
2011-12-30,ATU,0.1440869263219544,0.14882874270669144,rebalance_exit,1756.151366405033
2011-12-30,RLH,9.22343081994148,9.290202253293902,rebalance_exit,1756.151366405033
2011-12-30,MTSC,0.3063452594639444,0.3143534858349637,rebalance_exit,1756.151366405033
2011-12-30,TECD,0.13930844253627916,0.1429562889339806,rebalance_exit,1756.151366405033
2011-12-30,ALTE,0.2463852526366863,0.2533493949241059,rebalance_exit,1756.151366405033
2011-12-30,FMER,0.3091949059345327,0.32728769866516516,rebalance_exit,1756.151366405033
2011-12-30,MOFG,0.023531764776578923,0.02360900872848104,rebalance_exit,1756.151366405033
2012-03-30,NSH_old,0.013784738961209575,0.02063681605915657,rebalance_exit,1600.126984126984
2012-03-30,CMO,0.2326178313117364,0.2326178313117364,rebalance_exit,292.8339279751339
2012-03-30,AFSI,0.5600919000768618,0.5655192649742204,rebalance_exit,46.853428476021435
2012-03-30,TSCDD,-0.18433684367187175,-0.18433684367187186,rebalance_exit,292.8339279751339
2012-03-30,CYS,0.1147417011993106,0.11474170119931038,rebalance_exit,292.8339279751339
2012-03-30,JAH,0.18791857614896101,0.18791857614896124,rebalance_exit,530.2778821150451
2012-03-30,HITT,-0.12275881913830733,-0.12275881913830722,rebalance_exit,530.2778821150451
2012-03-30,MIG_old,-0.061122489040396966,-0.05852673386846874,rebalance_exit,530.2778821150451
2012-03-30,UIL,0.11328656947026872,0.11328656947026872,rebalance_exit,530.2778821150451
2012-03-30,CLP,0.06519607591060717,0.06519607591060717,rebalance_exit,84.84446113840723
2012-03-30,DBD_old,0.26436250617862767,0.2749911960742306,rebalance_exit,530.2778821150451
2012-03-30,DBDQQ,0.2643664573340172,0.2749951804444657,rebalance_exit,530.2778821150424
2012-03-30,GNI,-0.09528457204177387,-0.09189513381814218,rebalance_exit,1756.151366405033
2012-03-30,PNNW,0.03214081666359481,0.03214081666359481,rebalance_exit,1756.151366405033
2012-03-30,HEP,0.2717856987382832,0.28053917906902304,rebalance_exit,1756.151366405033
2012-03-30,EPIQ,-0.03827798036906749,-0.03079600885062095,rebalance_exit,1756.151366405033
2012-03-30,HIBB,0.5638596736692318,0.5701302042025214,rebalance_exit,1756.151366405033
2012-03-30,OA,-0.08016549596897571,-0.07932007127260443,rebalance_exit,1756.151366405033
2012-03-30,MRH,0.10051303204583628,0.10506213252572039,rebalance_exit,1756.151366405033
2012-03-30,EFII,0.2297206117170103,0.2321824517086204,rebalance_exit,1756.151366405033
2012-03-30,PNG,0.14024135486658773,0.15053013475892585,rebalance_exit,1756.151366405033
2012-03-30,USTR,0.13140075371062365,0.13140075371062387,rebalance_exit,1756.151366405033
2012-03-30,CKH,0.1831269892783487,0.1831269892783487,rebalance_exit,1756.151366405033
2012-03-30,ASBC,0.4796816604731664,0.4891592298950036,rebalance_exit,1756.151366405033
2012-03-30,TOO,0.09821010507325045,0.10408682134910219,rebalance_exit,2070.221409539037
2012-03-30,IPHS,0.033789651039603186,0.033789651039602964,rebalance_exit,2070.221409539037
2012-03-30,QSFT,0.24718652252394135,0.25107526776969524,rebalance_exit,2070.221409539037
2012-03-30,ANDX,0.0716908873098896,0.0716908873098896,rebalance_exit,2070.221409539037
2012-03-30,KFFG,1.1852768797887796,1.1937774738092224,rebalance_exit,2070.221409539037
2012-03-30,TLLP,0.07169185854451787,0.07169185854451787,rebalance_exit,2070.221409539037
2012-03-30,MCRL,0.0128393362674466,0.014520316123706634,rebalance_exit,2070.221409539037
2012-03-30,CVA,0.19114402941113573,0.19642938164302937,rebalance_exit,2070.221409539037
2012-03-30,TOBC,-0.0057112287186177335,-0.0057112287186177335,rebalance_exit,2070.221409539037
2012-03-30,ABVT,0.26847923168480925,0.2694332467878271,rebalance_exit,2070.221409539037
2012-03-30,CYBX,0.12220782007614539,0.13292936945392886,rebalance_exit,2070.221409539037
2012-03-30,MHLD,0.03128388569769891,0.03645063261603543,rebalance_exit,2070.221409539037
2012-03-30,NDZ,0.15395428862110494,0.1626795055266912,rebalance_exit,2070.221409539037
2012-03-30,ATRI,-0.1253240295145993,-0.1253240295145992,rebalance_exit,2070.221409539037
2012-03-30,BARI,-0.005970060582117465,-0.005970060582117465,rebalance_exit,2070.221409539037
2012-06-29,CHG,0.4824733295544179,0.4824733295544179,rebalance_exit,1600.126984126984
2012-06-29,ELNK,-0.1358588400893016,-0.13585884008930182,rebalance_exit,1600.126984126984
2012-06-29,KNX1,-0.1772415683216706,-0.1772415683216707,rebalance_exit,1600.126984126984
2012-06-29,FXCB,0.2255169381659825,0.22747554876001552,rebalance_exit,46.853428476021435
2012-06-29,MGLN,-0.08020948129335692,-0.08020948129335681,rebalance_exit,399.8183407018298
2012-06-29,IBKC,-0.100648172150268,-0.10064817215026789,rebalance_exit,84.84446113840723
2012-06-29,JBT,-0.28429782918783986,-0.28429782918783986,rebalance_exit,530.2778821150451
2012-06-29,CSGS,-0.06493088312707784,-0.06493088312707784,rebalance_exit,530.2778821150451
2012-06-29,PSSI,-0.25077545066440754,-0.25077545066440754,rebalance_exit,530.2778821150451
2012-06-29,LNCE,0.2288224684457243,0.2288224684457243,rebalance_exit,1756.151366405033
2012-06-29,ALOG,0.3725910127831411,0.3725910127831411,rebalance_exit,1756.151366405033
2012-06-29,FDP,0.017556327382764136,0.017556327382764136,rebalance_exit,1756.151366405033
2012-06-29,LOOP1,0.047416333792974275,0.047416333792974275,rebalance_exit,2070.221409539037
2012-06-29,DCIX,-0.00358005062274358,-0.00358005062274358,rebalance_exit,2070.221409539037
2012-06-29,PWOD,0.047367209632527274,0.04780434422134494,rebalance_exit,2070.221409539037
2012-06-29,FRNK,0.38935864187022284,0.3893805229190046,rebalance_exit,2070.221409539037
2012-06-29,GMLP,0.08430587388507838,0.08430587388507838,rebalance_exit,2070.221409539037
2012-06-29,QLGC,-0.0873333613077798,-0.08733336130777991,rebalance_exit,2070.221409539037
2012-06-29,CV_old,0.01760608559277088,0.01760608559277088,rebalance_exit,2070.221409539037
2012-06-29,LPNT,0.09985927891924606,0.10256874938848481,rebalance_exit,2070.221409539037
2012-06-29,VRNT,0.06195231926550138,0.06195231926550138,rebalance_exit,2070.221409539037
2012-06-29,FFG,-0.17195596340743768,-0.17195596340743768,rebalance_exit,2070.221409539037
2012-06-29,LDR,0.13787177070073509,0.13787177070073486,rebalance_exit,2070.221409539037
2012-06-29,BOBE,0.2032965368783084,0.2032965368783084,rebalance_exit,2070.221409539037
2012-06-29,GRP-UN,0.092095074061316,0.09209507406131578,rebalance_exit,2070.2214095390304
2012-06-29,ORBK,-0.35217075757411764,-0.3425366880726366,rebalance_exit,2081.23319604906
2012-06-29,CLCT,-0.1346681628273323,-0.13159885759092027,rebalance_exit,2081.23319604906
2012-06-29,HTSI,0.02596934943960516,0.02596934943960494,rebalance_exit,2081.23319604906
2012-06-29,MBRG,0.08240794411359675,0.08542620834575021,rebalance_exit,2081.23319604906
2012-06-29,BRKL_old,-0.05363709036562814,-0.05363709036562814,rebalance_exit,2081.23319604906
2012-06-29,BKI_old,-0.1613188475908902,-0.1613188475908902,rebalance_exit,2081.23319604906
2012-06-29,MSWP,-0.130851569776386,-0.13050049525349938,rebalance_exit,2081.23319604906
2012-06-29,SPTN,-0.001687087558524536,-0.001687087558524647,rebalance_exit,2081.23319604906
2012-06-29,HGIC,0.03649359302553701,0.036493593025536786,rebalance_exit,2081.23319604906
2012-09-28,NAVG,0.08767821408701004,0.09469515057338618,rebalance_exit,1600.126984126984
2012-09-28,ENH,-0.17776974789644973,-0.17257256141997124,rebalance_exit,399.8183407018298
2012-09-28,AMSG,0.24685348925980044,0.2517567043124582,rebalance_exit,1756.151366405033
2012-09-28,B_old,0.034871218630486256,0.039108135150562884,rebalance_exit,2070.221409539037
2012-09-28,CEC,-0.19924087988877304,-0.19924087988877304,rebalance_exit,2081.23319604906
2012-09-28,BLT,-0.2198717716759795,-0.21512020679683208,rebalance_exit,2081.23319604906
2012-09-28,ASI,-0.014694195995757053,-0.014694195995756942,rebalance_exit,2081.23319604906
2012-09-28,AMTG,0.28686147349795355,0.2915865414937566,rebalance_exit,2081.23319604906
2012-09-28,ATU,-0.018200701379343154,-0.014566643343193908,rebalance_exit,2081.23319604906
2012-09-28,EQC,-0.17943776012359636,-0.17513537527937972,rebalance_exit,2081.23319604906
2012-09-28,MCF,-0.1717221082478102,-0.16887239278022192,rebalance_exit,2081.23319604906
2012-09-28,DCMYY,-0.00836839780595533,-0.008368397805955552,rebalance_exit,2081.23319604906
2012-09-28,ESSA,0.06443297947472959,0.07057149559811537,rebalance_exit,2081.23319604906
2012-09-28,NPBC,0.04401451111328436,0.04401451111328436,rebalance_exit,2081.23319604906
2012-09-28,TWGP,-0.1350710498654537,-0.1350710498654537,rebalance_exit,2081.2331960490274
2012-09-28,CYS,0.0354912390611144,0.037924720928588895,rebalance_exit,1560.8168946824433
2012-09-28,SFG,-0.16417186940499473,-0.1593108293148643,rebalance_exit,1560.8168946824433
2012-09-28,IPHS,-0.1370041439748919,-0.1370041439748919,rebalance_exit,1560.8168946824433
2012-09-28,TIE,0.13440858966983704,0.14158275765627537,rebalance_exit,1560.8168946824433
2012-09-28,ANDX,0.28578192250767565,0.295086126781678,rebalance_exit,1560.8168946824433
2012-09-28,HIBB,0.024496991395625,0.030149093080105382,rebalance_exit,1560.8168946824433
2012-09-28,AXE,0.07989993983011545,0.08312789344108751,rebalance_exit,1560.8168946824433
2012-09-28,TLLP,0.28577904522051356,0.2950832286738252,rebalance_exit,1560.8168946824433
2012-09-28,CEB,0.3166321706317463,0.3166321706317463,rebalance_exit,1560.8168946824433
2012-09-28,SUSQ,0.012107003618171852,0.016536972831691976,rebalance_exit,1560.8168946824433
2012-09-28,BGG,0.07483833660541883,0.07483833660541883,rebalance_exit,1560.8168946824433
2012-09-28,CHSP,0.1668269043652737,0.1668269043652737,rebalance_exit,1560.8168946824433
2012-09-28,LVB,-0.011830508365142323,-0.005714260801977011,rebalance_exit,1560.8168946824433
2012-09-28,CSE,0.11926222607430814,0.12940405212999906,rebalance_exit,1560.8168946824433
2012-09-28,TECD,-0.06551776706143808,-0.06058954299338992,rebalance_exit,1560.8168946824433
2012-09-28,CKH,-0.07000847242090391,-0.06735265670337898,rebalance_exit,1560.8168946824433
2012-09-28,WIRE,0.08743310871895038,0.09340318553985605,rebalance_exit,1560.8168946824433
2012-09-28,BYI,0.056628560817391094,0.058508348717616565,rebalance_exit,1560.8168946824433
2012-09-28,FMER,-0.1005137583466803,-0.10007181460795023,rebalance_exit,1560.8168946824433
2012-12-31,SJI,0.10241817064777692,0.10904536357413308,rebalance_exit,1600.126984126984
2012-12-31,OZRK,0.5926658242156024,0.594876870600515,rebalance_exit,46.853428476021435
2012-12-31,PDLI,0.1587216186112821,0.15940155666103717,rebalance_exit,2081.23319604906
2012-12-31,MTGE,0.2069740701523064,0.2069740701523064,rebalance_exit,2081.23319604906
2012-12-31,CXS,0.27665255978295167,0.2804032124113556,rebalance_exit,2081.23319604906
2012-12-31,HEP,-0.7027161629994113,-0.7012373882045382,rebalance_exit,1560.8168946824433
2012-12-31,PTP,0.20369273209961802,0.2073491297183352,rebalance_exit,1560.8168946824433
2012-12-31,STVI,-0.6790953602497101,-0.6790953602497101,rebalance_exit,417.8825
2012-12-31,AFSI,0.06948490333161983,0.07403282707893477,rebalance_exit,1560.8168946824433
2012-12-31,HITT,0.20367985640402764,0.21400631201075226,rebalance_exit,1560.8168946824433
2012-12-31,CFNL,0.3370751041809532,0.3391010471233964,rebalance_exit,1560.8168946824433
2012-12-31,CCMP,0.2114106478580886,0.21567930869075247,rebalance_exit,1560.8168946824433
2012-12-31,IBKC,0.07033685213292196,0.07812964474805839,rebalance_exit,1727.925303796722
2012-12-31,LSE_old,0.07367860776513879,0.08127874728790818,rebalance_exit,1727.925303796722
2012-12-31,HTSI,0.008853796694060279,0.008853796694060279,rebalance_exit,1727.925303796722
2012-12-31,NSH_old,-0.136205435651925,-0.1309860183915028,rebalance_exit,1727.925303796722
2012-12-31,KFFG,0.9009431616193231,0.9009431616193229,rebalance_exit,1727.925303796722
2012-12-31,VER,0.05466997561917575,0.06137673286518397,rebalance_exit,1727.925303796722
2012-12-31,AF,-0.05396881967857792,-0.0485177009449731,rebalance_exit,1727.925303796722
2012-12-31,ARCP,0.06946990324189661,0.07627073033023746,rebalance_exit,1727.925303796722
2012-12-31,JDAS,0.41768948297890174,0.41768948297890174,rebalance_exit,1727.925303796722
2012-12-31,PSE,-0.11776132270515849,-0.1177613227051586,rebalance_exit,1727.925303796722
2012-12-31,PSS,0.0003294420712518509,0.0003294420712518509,rebalance_exit,1727.925303796722
2012-12-31,LDR,0.026976323231226118,0.028407601875668043,rebalance_exit,1727.925303796722
2012-12-31,HLSS,0.14653004356414034,0.15497103103997856,rebalance_exit,1727.925303796722
2012-12-31,CHFC,-0.02297371877196719,-0.015213951898654043,rebalance_exit,1727.925303796722
2013-03-28,LSI,0.8723836795336644,0.873252448907621,rebalance_exit,1600.126984126984
2013-03-28,MPW,0.5845053170754799,0.5875526296463083,rebalance_exit,84.84446113840723
2013-03-28,ANAT,0.3359398626196193,0.3378016032901834,rebalance_exit,1756.151366405033
2013-03-28,OMI,0.18684305090290576,0.18684305090290576,rebalance_exit,1756.151366405033
2013-03-28,LANC,0.3868001878631293,0.387253878582287,rebalance_exit,1756.151366405033
2013-03-28,KFN,0.1938513167913707,0.20195435928048844,rebalance_exit,2081.23319604906
2013-03-28,LTXB,0.32357710437740583,0.32357710437740583,rebalance_exit,2081.23319604906
2013-03-28,VPFG,0.3235765148420604,0.3235765148420604,rebalance_exit,2081.23319604906
2013-03-28,DHIL,0.17010292538897143,0.17010292538897143,rebalance_exit,2081.23319604906
2013-03-28,ETRM,-0.0070723327221625665,0.0,rebalance_exit,79.10975158691406
2013-03-28,UIL,0.1436229741355648,0.1436229741355648,rebalance_exit,1560.8168946824433
2013-03-28,GLT,0.43942310568893794,0.4441126657602015,rebalance_exit,1560.8168946824433
2013-03-28,PNG,0.1901888728814798,0.1969780853444012,rebalance_exit,1560.8168946824433
2013-03-28,JAH,0.8138395082273371,0.8143972430435271,rebalance_exit,1727.925303796722
2013-03-28,VWTR,-0.02939028478332706,-0.027166693200643466,rebalance_exit,1727.925303796722
2013-03-28,PCBK,0.2794991313612567,0.28123540597124763,rebalance_exit,1727.925303796722
2013-03-28,ARCT_old,0.10112576198687151,0.10112576198687151,rebalance_exit,1727.925303796722
2013-03-28,AYR,0.23106406676918056,0.2400955063922594,rebalance_exit,1727.925303796722
2013-03-28,ESND,0.4844815268435927,0.49090075434494973,rebalance_exit,1727.925303796722
2013-03-28,PRXL,0.2836028260752639,0.2836028260752639,rebalance_exit,1727.925303796722
2013-03-28,USTR,0.48454804460130485,0.49092810067608794,rebalance_exit,1727.925303796722
2013-03-28,NAVG,0.1456286986469555,0.1456286986469555,rebalance_exit,1707.3504966455846
2013-03-28,UNS,0.14991412586116848,0.14991412586116848,rebalance_exit,1707.3504966455846
2013-03-28,SYA,0.03297977863358259,0.03457903650063643,rebalance_exit,1707.3504966455846
2013-03-28,SUSQ,0.1768863067738784,0.18074225692507206,rebalance_exit,1707.3504966455846
2013-03-28,BOX1,0.21379646424774812,0.21379646424774812,rebalance_exit,1707.3504966455846
2013-03-28,B_old,0.28887860385029995,0.28887860385029995,rebalance_exit,1707.3504966455846
2013-03-28,EXLP,0.31563775406035455,0.31688016829762367,rebalance_exit,1707.3504966455846
2013-03-28,APLP,0.31553538445920437,0.3168790587254142,rebalance_exit,1707.3504966455846
2013-03-28,COBZ,0.0772349392754037,0.0772349392754037,rebalance_exit,1707.3504966455846
2013-03-28,CKH,-0.12605092118357575,-0.12351997196144138,rebalance_exit,1707.3504966455846
2013-03-28,WIRE,0.14618875513933927,0.14736951804526277,rebalance_exit,1707.3504966455846
2013-03-28,BKEP,0.3076936731065081,0.3193944143811649,rebalance_exit,1707.3504966455846
2013-03-28,NPBC,0.13749960075691137,0.14034545936942133,rebalance_exit,1707.3504966455846
2013-06-28,AEC_old,0.0032477168411002566,0.01259444633651241,rebalance_exit,399.8183407018298
2013-06-28,ROLL,0.1258039930856385,0.1258039930856385,rebalance_exit,2081.23319604906
2013-06-28,CLP,0.08943096224793545,0.08943096224793545,rebalance_exit,1560.8168946824433
2013-06-28,CHG,-0.004515631596393566,-0.004515631596393677,rebalance_exit,1727.925303796722
2013-06-28,BRKL_old,0.01353037272823876,0.013530372728238538,rebalance_exit,1727.925303796722
2013-06-28,CVG,0.11670978924410957,0.12276919000721453,rebalance_exit,1727.925303796722
2013-06-28,FDP,0.09511608045880182,0.09560865512936134,rebalance_exit,1727.925303796722
2013-06-28,PWOD,0.145275152998106,0.15090414104957373,rebalance_exit,1707.3504966455846
2013-06-28,SWM,0.2764998280163318,0.28895918474806437,rebalance_exit,1707.3504966455846
2013-06-28,FFNW,0.3604443299182958,0.3653736031021291,rebalance_exit,1707.3504966455846
2013-06-28,ACCL_old,-0.07251105859134899,-0.07182326613319212,rebalance_exit,1707.3504966455846
2013-06-28,GRP-UN,-0.0722633133182512,-0.07226331331825109,rebalance_exit,1707.3504966455732
2013-06-28,CRBC,0.00620848344717384,0.006208483447173618,rebalance_exit,2619.0534988308596
2013-06-28,PTP,0.025264286198116714,0.025264286198116714,rebalance_exit,2619.0534988308596
2013-06-28,NTK,-0.10395177680347667,-0.0991522671637386,rebalance_exit,2619.0534988308596
2013-06-28,ESBF,0.057660881402484154,0.059209971503983994,rebalance_exit,2619.0534988308596
2013-06-28,PVSW,0.0029595078909008254,0.0029595078909010475,rebalance_exit,2619.0534988308596
2013-06-28,ANDX,0.12267424635689594,0.12267424635689594,rebalance_exit,2619.0534988308596
2013-06-28,TLLP,0.1226747469385896,0.1226747469385896,rebalance_exit,2619.0534988308596
2013-06-28,PKY1,-0.10740833448385645,-0.10497363777466995,rebalance_exit,2619.0534988308596
2013-06-28,DEL,-0.15943832389918033,-0.15943832389918022,rebalance_exit,2619.0534988308596
2013-06-28,MTSC,-0.02354286141040074,-0.02172361662193667,rebalance_exit,2619.0534988308596
2013-06-28,JBT,0.014839885932693253,0.016764754486620514,rebalance_exit,2619.0534988308596
2013-06-28,DCMYY,0.05245073567324132,0.05245073567324132,rebalance_exit,2619.0534988308596
2013-06-28,OZRK,-0.022469010648899834,-0.02103540268487125,rebalance_exit,2619.0534988308596
2013-09-30,ANH,-0.037140626257242015,-0.033288442188489475,rebalance_exit,1600.126984126984
2013-09-30,KDN,0.3211831775395304,0.32203689109949796,rebalance_exit,292.8339279751339
2013-09-30,IRC,0.27052498444556083,0.27052498444556083,rebalance_exit,399.8183407018298
2013-09-30,PCH,0.32083266198491844,0.3315395793076281,rebalance_exit,1756.151366405033
2013-09-30,RSO,0.3379378397562556,0.3379378397562556,rebalance_exit,2081.23319604906
2013-09-30,UMPQ,0.24954402621832705,0.26009394565657984,rebalance_exit,2081.23319604906
2013-09-30,CMO,-0.03971288124354988,-0.03971288124354977,rebalance_exit,1560.8168946824433
2013-09-30,CCG_old,0.03877594205915513,0.039461004221775564,rebalance_exit,1560.8168946824433
2013-09-30,EXL,0.050788084048268844,0.050788084048268844,rebalance_exit,1727.925303796722
2013-09-30,GRT,-0.05136373106190539,-0.05136373106190539,rebalance_exit,1727.925303796722
2013-09-30,FMBI,0.19548879945475917,0.20391711111244937,rebalance_exit,1727.925303796722
2013-09-30,BOBE,0.49917493684738945,0.5023665634118235,rebalance_exit,1727.925303796722
2013-09-30,FUR,0.042789654893389706,0.043838465184981024,rebalance_exit,1707.3504966455846
2013-09-30,CNBC,0.22307838627483512,0.22307838627483512,rebalance_exit,1707.3504966455846
2013-09-30,MHLD,0.30512838116500074,0.30917838035687994,rebalance_exit,1707.3504966455846
2013-09-30,EIHI,0.4189049336942312,0.41960367925489006,rebalance_exit,1707.3504966455846
2013-09-30,CSE,0.5686396678704926,0.5686396678704926,rebalance_exit,1707.3504966455846
2013-09-30,LNCE,0.15016778070328995,0.1548674246771431,rebalance_exit,2619.0534988308596
2013-09-30,SAFM,0.20006661951274518,0.20304406977674105,rebalance_exit,2619.0534988308596
2013-09-30,HITT,0.07723196059918913,0.07909506261904786,rebalance_exit,2619.0534988308596
2013-09-30,CHFC,0.06583865244696496,0.07395071508776296,rebalance_exit,2619.0534988308596
2013-09-30,DESTQ,0.30022635365305783,0.30022635365305783,rebalance_exit,2129.9628931333314
2013-09-30,IBKC,-0.027773012475205472,-0.027773012475205472,rebalance_exit,2129.9628931333314
2013-09-30,DEST,0.3002249761781781,0.3002249761781781,rebalance_exit,2129.9628931333314
2013-09-30,HRC,0.06463216646317549,0.06463216646317549,rebalance_exit,2129.9628931333314
2013-09-30,BECN,-0.040379100959111014,-0.03678618827509628,rebalance_exit,2129.9628931333314
2013-09-30,PACW,0.1268377454148728,0.1268377454148728,rebalance_exit,2129.9628931333314
2013-09-30,JNS,-0.0010128251729375481,0.005624013069774891,rebalance_exit,2129.9628931333314
2013-09-30,CSBK,0.044318952885414875,0.04590625357013334,rebalance_exit,2129.9628931333314
2013-09-30,LBAI,0.08007542553164448,0.083045013674937,rebalance_exit,2129.9628931333314
2013-09-30,DENN,0.08445214010178126,0.08718865799524411,rebalance_exit,2129.9628931333314
2013-09-30,MOFG,0.07039004342922328,0.07039004342922328,rebalance_exit,2129.9628931333314
2013-09-30,IN,0.014760334979760703,0.014760334979760703,rebalance_exit,2129.9628931333314
2013-12-31,DRYS,-0.013006649191654396,-0.0031645415874077543,rebalance_exit,399.8183407018298
2013-12-31,PEOP,0.08992496287019769,0.09337438237466489,rebalance_exit,1560.8168946824433
2013-12-31,FRNK,0.1873126992732681,0.18731269927326832,rebalance_exit,1727.925303796722
2013-12-31,SASR,0.4780885238415238,0.49130416783020037,rebalance_exit,1707.3504966455846
2013-12-31,WBCO,0.2677576257857408,0.2677576257857408,rebalance_exit,2619.0534988308596
2013-12-31,SJI,0.026809174116110723,0.030542686638123095,rebalance_exit,2619.0534988308596
2013-12-31,STB,0.054355429151215384,0.05655867481211074,rebalance_exit,2129.9628931333314
2013-12-31,IPHS,0.03895574729868212,0.042270944885374195,rebalance_exit,2129.9628931333314
2013-12-31,ATMI,0.273294703143774,0.2757965518670573,rebalance_exit,2129.9628931333314
2013-12-31,AFAM,0.682009614351683,0.6935569184200319,rebalance_exit,2129.9628931333314
2013-12-31,WIRE,0.5666964632886304,0.5748155227999496,rebalance_exit,2129.9628931333314
2013-12-31,HEOP,0.20044052804812518,0.21556782727957802,rebalance_exit,2129.9628931333314
2013-12-31,VDSI,-0.023948169800865227,-0.020278814970801418,rebalance_exit,2119.4894040184427
2013-12-31,VWTR,0.06371676537636439,0.06694945954234588,rebalance_exit,2119.4894040184427
2013-12-31,DBD_old,0.13176677549374016,0.13503211555744654,rebalance_exit,2119.4894040184427
2013-12-31,BKYF,0.33784975472474765,0.3495969496571114,rebalance_exit,2119.4894040184427
2013-12-31,DBDQQ,0.13175850669788525,0.13502382290470627,rebalance_exit,2119.4894040184427
2013-12-31,MASI,0.0918577206731317,0.09523896214185612,rebalance_exit,2119.4894040184427
2013-12-31,EGAS,-0.2051319259563501,-0.20136503356269864,rebalance_exit,2119.4894040184427
2013-12-31,SWM,-0.1516019606029153,-0.1437713780371569,rebalance_exit,2119.4894040184427
2013-12-31,B_old,0.08914867395223935,0.09489122847905507,rebalance_exit,2119.4894040184427
2013-12-31,CVG,0.11646146149252834,0.11995126151110092,rebalance_exit,2119.4894040184427
2013-12-31,NSLP,0.14219515018689544,0.15922624087883364,rebalance_exit,2119.4894040184427
2013-12-31,GLT,0.02113073914668795,0.021822708503411725,rebalance_exit,2119.4894040184427
2013-12-31,VRNT,0.1583912528947491,0.158657687167167,rebalance_exit,2119.4894040184427
2013-12-31,EXH,0.23807229281329034,0.24047857768437786,rebalance_exit,2119.4894040184427
2013-12-31,PVFC,0.01094957421344378,0.01094957421344378,rebalance_exit,2119.4894040184427
2013-12-31,OLBK,0.08168519493038784,0.08342040228962166,rebalance_exit,2119.4894040184427
2013-12-31,SYKE,0.21050746042300883,0.21332774336389493,rebalance_exit,2119.4894040184427
2014-03-31,VGR,0.8438276365294839,0.8438276365294837,rebalance_exit,1600.126984126984
2014-03-31,HI,0.7257621989660819,0.7327724193151572,rebalance_exit,292.8339279751339
2014-03-31,AEL,0.8561958865371433,0.8561958865371433,rebalance_exit,399.8183407018298
2014-03-31,BMTC,0.3233748093341293,0.34457406785259104,rebalance_exit,2081.23319604906
2014-03-31,BLMT,0.5267818253471457,0.5307790211848589,rebalance_exit,2081.23319604906
2014-03-31,MRH,0.44301661305407336,0.44301661305407336,rebalance_exit,1560.8168946824433
2014-03-31,ARTC_old,0.47548559036357374,0.47777690046041554,rebalance_exit,1727.925303796722
2014-03-31,KW,0.6374046698442128,0.6374046698442128,rebalance_exit,1707.3504966455846
2014-03-31,IILG,0.20406305489004284,0.2165112679994916,rebalance_exit,2619.0534988308596
2014-03-31,LTXB,0.406497557663666,0.407330988241525,rebalance_exit,2129.9628931333314
2014-03-31,VPFG,0.4064955204849121,0.40732894985562584,rebalance_exit,2129.9628931333314
2014-03-31,UIL,-0.00604081674734569,-0.006040816747345579,rebalance_exit,2129.9628931333314
2014-03-31,AMSG,0.3382810901366946,0.33828109013669483,rebalance_exit,2129.9628931333314
2014-03-31,PULB,0.1323622052424993,0.1323622052424993,rebalance_exit,2129.9628931333314
2014-03-31,NPBC,0.0541735129501173,0.0555626901870776,rebalance_exit,2129.9628931333314
2014-03-31,MLHR,0.09397534842111499,0.10499606365345637,rebalance_exit,2119.4894040184427
2014-03-31,BPFH,0.22282897959389647,0.22934265705937973,rebalance_exit,2119.4894040184427
2014-03-31,FDP,-0.06228721119718639,-0.06228721119718639,rebalance_exit,2119.4894040184427
2014-03-31,ACO,0.3890923647763673,0.3900565713687332,rebalance_exit,2119.4894040184427
2014-03-31,CKH,-0.05397999149671617,-0.04823621160875102,rebalance_exit,2119.4894040184427
2014-03-31,VCBI,0.04092238871846732,0.04092238871846754,rebalance_exit,2119.489404018399
2014-03-31,PTP,-0.024971363401844582,-0.021215790246807975,rebalance_exit,2012.394939783022
2014-03-31,CEC,0.21406698669912516,0.21406698669912516,rebalance_exit,2012.394939783022
2014-03-31,INDT,-0.09658937799440381,-0.09658937799440381,rebalance_exit,2012.394939783022
2014-03-31,GRIF,-0.09659058291415523,-0.09659058291415523,rebalance_exit,2012.394939783022
2014-03-31,EFII,0.10509783374548287,0.11746380518851618,rebalance_exit,2012.394939783022
2014-03-31,NP_old,0.21102379968612617,0.2158408759067334,rebalance_exit,2012.394939783022
2014-03-31,PACW,0.025384472980113815,0.025384472980114037,rebalance_exit,2012.394939783022
2014-03-31,BNCL,0.19519956609879552,0.19903687026623107,rebalance_exit,2012.394939783022
2014-03-31,NDZ,0.35389664529248965,0.3538966452924899,rebalance_exit,2012.394939783022
2014-03-31,HLSS,-0.06962462084213838,-0.06544685327609101,rebalance_exit,2012.394939783022
2014-06-30,OABC,0.8140057546889874,0.8170316792013612,rebalance_exit,1756.151366405033
2014-06-30,FLIC,0.43724154525778225,0.4422882188993009,rebalance_exit,1560.8168946824433
2014-06-30,SIFI_old,-0.0341842585106934,-0.02751468047885608,rebalance_exit,1727.925303796722
2014-06-30,DCIX,-0.0035910424746301572,-0.0035910424746301572,rebalance_exit,1707.3504966455846
2014-06-30,MCRL,0.06668101988710529,0.0713913725059534,rebalance_exit,2619.0534988308596
2014-06-30,KNX1,0.4747478875205686,0.47639750897905087,rebalance_exit,2619.0534988308596
2014-06-30,MESG,-0.11039354221992692,-0.10432889432278436,rebalance_exit,2129.9628931333314
2014-06-30,NTK,0.30231169818983306,0.30231169818983306,rebalance_exit,2119.4894040184427
2014-06-30,HAYN,0.26642507124944337,0.26642507124944337,rebalance_exit,2119.4894040184427
2014-06-30,SUP,0.17133837624811532,0.17423598108318328,rebalance_exit,2119.4894040184427
2014-06-30,BRKL_old,0.01625501211683389,0.01968623119135482,rebalance_exit,2119.4894040184427
2014-06-30,CHKE,0.1747141196387263,0.18017073469554012,rebalance_exit,2119.4894040184427
2014-06-30,SSUP,0.17133837624811532,0.17423598108318328,rebalance_exit,2119.4894040184427
2014-06-30,LDR,-0.16133030794883418,-0.15865364619849476,rebalance_exit,2119.4894040184427
2014-06-30,APEX,0.1747141196387263,0.18017073469554012,rebalance_exit,2119.4894040184427
2014-06-30,ESGR,0.07362133435042106,0.07573522025792934,rebalance_exit,2012.394939783022
2014-06-30,CFI,-0.12609752307098543,-0.12395143930215591,rebalance_exit,2012.394939783022
2014-06-30,CSGS,-0.10755173702848142,-0.10755173702848142,rebalance_exit,2012.394939783022
2014-06-30,OMG,-0.11711590368630076,-0.11166471785881438,rebalance_exit,2012.394939783022
2014-06-30,HTLF,-0.13645115001153196,-0.13645115001153207,rebalance_exit,2012.394939783022
2014-06-30,AYR,-0.0562719287261737,-0.0532342157731428,rebalance_exit,2012.394939783022
2014-06-30,PKY1,0.053753330747904116,0.06347023232885518,rebalance_exit,2012.394939783022
2014-06-30,DHIL,0.06558103048970065,0.07171604024386014,rebalance_exit,2012.394939783022
2014-06-30,PRMW,-0.11235398455192724,-0.11235398455192724,rebalance_exit,2012.394939783022
2014-06-30,VIVO_old,-0.20952692342472,-0.20952692342472012,rebalance_exit,2012.394939783022
2014-06-30,RTI,-0.22669600766269005,-0.22274186307544674,rebalance_exit,2012.394939783022
2014-06-30,COT,-0.11182621949037896,-0.11182621949037896,rebalance_exit,2012.394939783022
2014-06-30,HEP,0.0366347971300407,0.04803988502227985,rebalance_exit,2633.7524194799917
2014-06-30,FLY_old,-0.020561818301425228,-0.01686882438834636,rebalance_exit,2633.7524194799917
2014-06-30,STON,-0.0217165662440999,-0.01849117159760094,rebalance_exit,2633.7524194799917
2014-06-30,FUR,0.33549422794867834,0.3386158273239377,rebalance_exit,2633.7524194799917
2014-06-30,HIBB,0.017177187575712294,0.023493263410750087,rebalance_exit,2633.7524194799917
2014-06-30,DOOR,-0.004600179301568974,-0.004600179301568863,rebalance_exit,2633.7524194799917
2014-06-30,HITK,0.00369258806025341,0.00369258806025341,rebalance_exit,2633.7524194799917
2014-06-30,BECN,-0.14951403234525174,-0.14330059331074185,rebalance_exit,2633.7524194799917
2014-06-30,PJC,0.12700656218281203,0.1303489596044567,rebalance_exit,2633.7524194799917
2014-06-30,JBT,-0.005481719373075511,3.4990283924951626e-05,rebalance_exit,2633.7524194799917
2014-06-30,LBAI,-0.005139738047466591,0.004007178483556029,rebalance_exit,2633.7524194799917
2014-09-30,TSCDD,-0.38600689586422354,-0.38600689586422343,rebalance_exit,1727.925303796722
2014-09-30,RZA,0.10386881638345846,0.10464814159770786,rebalance_exit,2619.0534988308596
2014-09-30,AMRE,0.35230722711261286,0.359745974701728,rebalance_exit,2012.394939783022
2014-09-30,CBNJ,-0.06287126712859303,-0.06287126712859303,rebalance_exit,2012.394939783022
2014-09-30,ETRM,-0.019684838938863747,-0.006682114816508933,rebalance_exit,592.504299621582
2014-09-30,MTSC,-0.03544361567583765,-0.031104424923904195,rebalance_exit,2012.394939783022
2014-09-30,TAYC,-0.12851484185644435,-0.12851484185644435,rebalance_exit,2633.7524194799917
2014-09-30,FRNK,-0.050726027364775605,-0.04856844997592902,rebalance_exit,2633.7524194799917
2014-09-30,GMLP,0.18795114414461156,0.19509263703821556,rebalance_exit,2633.7524194799917
2014-09-30,PMBC,0.12023565470492481,0.12238321213786296,rebalance_exit,2633.7524194799917
2014-09-30,IBCA_old,0.2764686572389232,0.27808356125818157,rebalance_exit,2633.7524194799917
2014-09-30,PFBI,-0.08735375833498404,-0.08735375833498393,rebalance_exit,2530.877413300763
2014-09-30,FDEF,-0.06056654041483811,-0.053805343803831396,rebalance_exit,2530.877413300763
2014-09-30,PFC,-0.06057210676099045,-0.053810950211533815,rebalance_exit,2530.877413300763
2014-09-30,LTXB,-0.11181489898002939,-0.1103188328211201,rebalance_exit,2530.877413300763
2014-09-30,VPFG,-0.11181588284193145,-0.11031784125373723,rebalance_exit,2530.877413300763
2014-09-30,STAR,-0.10515276625365855,-0.10245763771231653,rebalance_exit,2530.877413300763
2014-09-30,INTL_old,-0.13485869025842367,-0.13217483205257485,rebalance_exit,2530.877413300763
2014-09-30,FDP,0.043375279239529885,0.044991538757377825,rebalance_exit,2530.877413300763
2014-09-30,GRT,0.2490917825125336,0.2526934179786522,rebalance_exit,2530.877413300763
2014-09-30,THR,-0.08487729084662743,-0.07731964404374325,rebalance_exit,2530.877413300763
2014-12-31,FFG,0.8513184130050642,0.8513184130050642,rebalance_exit,1707.3504966455846
2014-12-31,CHSP,0.7368692082453805,0.7453392509731889,rebalance_exit,2619.0534988308596
2014-12-31,NICK,-0.05685821174554184,-0.05421351023476528,rebalance_exit,2633.7524194799917
2014-12-31,CLI,-0.06334644262020295,-0.05633821890740143,rebalance_exit,2633.7524194799917
2014-12-31,ESND,0.02773783101360583,0.03154683480432752,rebalance_exit,2633.7524194799917
2014-12-31,SLD,0.028470173367748597,0.031345645857801196,rebalance_exit,2633.7524194799917
2014-12-31,USTR,0.02773789057369047,0.031546894585153584,rebalance_exit,2633.7524194799917
2014-12-31,SJI,0.07719669977997135,0.07719669977997135,rebalance_exit,2633.7524194799917
2014-12-31,DRYS,-0.007763067419602199,-0.00776306741960231,rebalance_exit,2633.7524194799917
2014-12-31,CORRQ,-0.13161991301411902,-0.1255060522927567,rebalance_exit,2530.877413300763
2014-12-31,LNCE,0.15960050974256723,0.1639970592903648,rebalance_exit,2530.877413300763
2014-12-31,STB,-0.02034459303351066,-0.017908889737617173,rebalance_exit,2530.877413300763
2014-12-31,AVIV_old,0.2199543838184077,0.22399714053435416,rebalance_exit,2530.877413300763
2014-12-31,AJRD,-0.04575878102067743,-0.04575878102067732,rebalance_exit,2530.877413300763
2014-12-31,CKH,-0.11074640470002972,-0.10708626978221802,rebalance_exit,2530.877413300763
2014-12-31,HLSS,-0.14411064596583956,-0.14411064596583956,rebalance_exit,2530.877413300763
2014-12-31,SYKE,0.0682640632588758,0.07974347070859666,rebalance_exit,2530.877413300763
2014-12-31,MOFG,0.209658298043355,0.21016543415652267,rebalance_exit,2530.87741330075
2014-12-31,RAS,0.015519117037694041,0.02505356305542472,rebalance_exit,1901.9529282907044
2014-12-31,ERA,-0.033695065432711946,-0.02758619520399308,rebalance_exit,1901.9529282907044
2014-12-31,PWOD,0.17607266937834143,0.17607266937834143,rebalance_exit,1901.9529282907044
2014-12-31,SBRAP,0.07968595618810559,0.0810075908170933,rebalance_exit,1901.9529282907044
2014-12-31,AEL,0.2847137253002847,0.2847137253002847,rebalance_exit,1901.9529282907044
2014-12-31,MCEP,4.688976306384424,4.76513972438721,rebalance_exit,1901.9529282907044
2014-12-31,HI,0.11698683437350921,0.11982507179098678,rebalance_exit,1901.9529282907044
2014-12-31,B_old,0.21943656103483788,0.22339164141122492,rebalance_exit,1901.9529282907044
2014-12-31,DHIL,0.1435377959490065,0.14859691606568393,rebalance_exit,1901.9529282907044
2014-12-31,SWS,-0.004370687968410225,-0.0030516087875183118,rebalance_exit,1901.9529282907044
2014-12-31,RASFQ,0.040159300753799476,0.04992508707578125,rebalance_exit,1901.9529282907044
2014-12-31,SPLP,0.06321488250916585,0.06321488250916585,rebalance_exit,1901.9529282907044
2014-12-31,RASF,0.015023314469051918,0.024553105524855123,rebalance_exit,1901.9529282907044
2014-12-31,LBAI,0.20131498844759532,0.2013149884475951,rebalance_exit,1901.9529282907044
2014-12-31,OABC,0.007459329819206273,0.007459329819206273,rebalance_exit,1901.9529282907044
2014-12-31,RASFD,0.040202513917184435,0.04996870595636671,rebalance_exit,1901.9529282907044
2015-03-31,COR_old,2.26878680667812,2.27428432144313,rebalance_exit,399.8183407018298
2015-03-31,EDE,0.34713654125919824,0.35479967600861184,rebalance_exit,2070.221409539037
2015-03-31,SMPL1,0.33853356130266254,0.33853356130266254,rebalance_exit,2070.221409539037
2015-03-31,ROLL,0.18990423710126159,0.18990423710126159,rebalance_exit,2119.4894040184427
2015-03-31,JMI,-0.4050349726019381,-0.40389408795990744,rebalance_exit,2530.877413300763
2015-03-31,SXCP,-0.25580270374585945,-0.25188960360769075,rebalance_exit,2530.877413300763
2015-03-31,NRZ,0.2864129755127449,0.29331132541828575,rebalance_exit,2530.877413300763
2015-03-31,MRH,0.2227288981420188,0.2227288981420188,rebalance_exit,2530.877413300763
2015-03-31,AEC_old,0.3595670810257454,0.3650521024234852,rebalance_exit,2530.877413300763
2015-03-31,PULB,0.1058876236149131,0.10588762361491288,rebalance_exit,2530.877413300763
2015-03-31,NPBC,0.04047028789213769,0.045056240702255224,rebalance_exit,2530.877413300763
2015-03-31,BPFH,-0.012606609665725355,-0.008892881191842505,rebalance_exit,1901.9529282907044
2015-03-31,ATU,-0.22663580586189647,-0.22663580586189647,rebalance_exit,1901.9529282907044
2015-03-31,NP_old,0.18079335591088452,0.18079335591088452,rebalance_exit,1901.9529282907044
2015-03-31,CVG,0.27686190563983537,0.2853930939694036,rebalance_exit,1901.9529282907044
2015-03-31,NTK,0.07954993425748058,0.08350437099602903,rebalance_exit,2541.0008750242437
2015-03-31,ANCX,0.11308756023887279,0.1163068517682373,rebalance_exit,2541.0008750242437
2015-03-31,FRNK,0.02342771923991749,0.02342771923991749,rebalance_exit,2541.0008750242437
2015-03-31,CSGS,0.2036110708897283,0.21301630318952114,rebalance_exit,2541.0008750242437
2015-03-31,CTT,0.03883112939940836,0.042321352242492116,rebalance_exit,2541.0008750242437
2015-03-31,HTLF,0.1973078361620182,0.2039464599901999,rebalance_exit,2541.0008750242437
2015-03-31,FNBC,-0.07328790906147709,-0.065954591272259,rebalance_exit,2541.0008750242437
2015-03-31,FNBCQ,-0.07328790906147709,-0.065954591272259,rebalance_exit,2541.0008750242437
2015-03-31,SWM,0.08600823687887904,0.09457072607014094,rebalance_exit,2541.0008750242437
2015-03-31,BFIN,0.10596359259934962,0.10919773874385497,rebalance_exit,2541.0008750242437
2015-03-31,FDP,0.15165062426467246,0.15950419830541174,rebalance_exit,2541.0008750242437
2015-03-31,NBCB,-0.003080668399332076,-0.003080668399332076,rebalance_exit,2541.0008750242437
2015-03-31,TYPE,0.13563971881809178,0.13563971881809178,rebalance_exit,2541.0008750242437
2015-03-31,UCFC,0.010075547624486259,0.015843051181047674,rebalance_exit,2541.0008750242437
2015-06-30,ORIT,0.5651022833539316,0.5761684461499985,rebalance_exit,84.84446113840723
2015-06-30,FPO,-0.227659574300751,-0.2276595743007509,rebalance_exit,2619.0534988308596
2015-06-30,MGLN,0.1587491398936156,0.16221713358154033,rebalance_exit,2119.4894040184427
2015-06-30,EXL,0.3835135663684368,0.38439381046747223,rebalance_exit,2012.394939783022
2015-06-30,FMBI,0.10521031116866664,0.11317978214106605,rebalance_exit,2012.394939783022
2015-06-30,CHFC,0.093691431343496,0.09495762173642697,rebalance_exit,2012.394939783022
2015-06-30,ASFI,0.013324920184963673,0.013324920184963673,rebalance_exit,2633.7524194799917
2015-06-30,HTBK,0.20259913531549145,0.20629187127576176,rebalance_exit,2530.877413300763
2015-06-30,APTS,0.19893206152956333,0.19893206152956333,rebalance_exit,2530.877413300763
2015-06-30,OAKS,-0.15068257192381296,-0.14778001071908198,rebalance_exit,2530.877413300763
2015-06-30,HCOM_old,-0.09155735670023313,-0.09155735670023302,rebalance_exit,2530.877413300763
2015-06-30,BRKL_old,0.3408254147897043,0.34981769210853564,rebalance_exit,1901.9529282907044
2015-06-30,CDR,0.10194043548847875,0.10194043548847875,rebalance_exit,1901.9529282907044
2015-06-30,CSFL,0.30110978048818926,0.3077402917782517,rebalance_exit,1901.9529282907044
2015-06-30,BMTC,-0.02778251921313679,-0.024014496823069664,rebalance_exit,2541.0008750242437
2015-06-30,ORBK,0.4002414712217497,0.40540533574329407,rebalance_exit,2541.0008750242437
2015-06-30,DCIX,-0.03434969587256631,0.0,rebalance_exit,2541.0008750242437
2015-06-30,MHGC,-0.1434620462400984,-0.1403061683750898,rebalance_exit,2541.0008750242437
2015-06-30,NYRT,-0.04377193956300729,-0.04377193956300729,rebalance_exit,2541.0008750242437
2015-06-30,FUR,0.03948263176957467,0.04969231964713883,rebalance_exit,2541.0008750242437
2015-06-30,MLHR,-0.007454676515681213,-0.007454676515681213,rebalance_exit,2541.0008750242437
2015-06-30,FNRG,-0.989130440930658,-0.989130440930658,rebalance_exit,2541.0008750242437
2015-06-30,FFKT,0.21336278815701926,0.22069425977573043,rebalance_exit,2541.0008750242437
2015-06-30,RLH,0.20022677946201828,0.2082018395986025,rebalance_exit,2541.0008750242437
2015-06-30,TPRE,0.01020769013940348,0.013684165611113963,rebalance_exit,2541.0008750242437
2015-06-30,FDEF,0.13497367065273913,0.14020020695405733,rebalance_exit,3222.968999377918
2015-06-30,HMST,0.23973308829240803,0.24441287096724928,rebalance_exit,3222.968999377918
2015-06-30,IHC,-0.034270969198081924,-0.0294370851752197,rebalance_exit,3222.968999377918
2015-06-30,BKYF,0.03519049132726981,0.03519049132726981,rebalance_exit,3222.968999377918
2015-06-30,PFC,0.1349718279063954,0.14019835572189487,rebalance_exit,3222.968999377918
2015-06-30,BCRH,0.051277738886881696,0.05456963105893031,rebalance_exit,3222.968999377918
2015-06-30,PMBC,0.04168156844844617,0.04168156844844617,rebalance_exit,3222.968999377918
2015-06-30,WIBC,0.2594821723629983,0.26964092539799167,rebalance_exit,3222.968999377918
2015-06-30,MBTF,0.013628914258785318,0.013628914258785318,rebalance_exit,3222.968999377918
2015-06-30,BGG,-0.05828421870727274,-0.05598935113923109,rebalance_exit,3222.968999377918
2015-06-30,VIAS,0.04421632649401119,0.04421632649401119,rebalance_exit,3222.968999377918
2015-06-30,JBT,0.05040270133471325,0.05427062398178095,rebalance_exit,3222.968999377918
2015-06-30,TAL1,-0.22705657168290738,-0.2241590784035965,rebalance_exit,3222.968999377918
2015-08-24,COL,0.39684197748080585,0.39684197748080563,crash_overlay_exit,960.0761904761904
2015-08-24,ROIC,0.9670124521780836,0.9670124521780832,crash_overlay_exit,175.70035678508034
2015-08-24,OPI,-0.18219455050554267,-0.18219455050554278,crash_overlay_exit,28.11205708561286
2015-08-24,UBA,0.3351073949744481,0.3351073949744481,crash_overlay_exit,1053.6908198430199
2015-08-24,FFIC,0.5574927973215629,0.5574927973215626,crash_overlay_exit,936.4901368094659
2015-08-24,FBNK,0.0,0.0,crash_overlay_exit,936.4901368094659
2015-08-24,BHLB,0.2811238434831318,0.2811238434831318,crash_overlay_exit,1036.755182278033
2015-08-24,FXCB,0.20890548714361024,0.20890548714361,crash_overlay_exit,1036.755182278033
2015-08-24,HTBI,0.1257243182008596,0.1257243182008596,crash_overlay_exit,1571.4320992985156
2015-08-24,AF,0.6120016702752547,0.6120016702752547,crash_overlay_exit,1571.4320992985156
2015-08-24,NAVG,0.2950628483071287,0.2950628483071289,crash_overlay_exit,1277.9777358799988
2015-08-24,CUNB,0.14795721775436776,0.14795721775436776,crash_overlay_exit,1271.6936424110656
2015-08-24,CMO,0.005493338352070332,0.005493338352070332,crash_overlay_exit,1207.436963869813
2015-08-24,IRC,-0.09026086920079013,-0.09026086920079013,crash_overlay_exit,1207.436963869813
2015-08-24,PCH,-0.15453147436330128,-0.15453147436330117,crash_overlay_exit,1207.436963869813
2015-08-24,SBY,0.008766304644435952,0.008766304644435952,crash_overlay_exit,1207.436963869813
2015-08-24,FFNW,0.20240668233243864,0.20240668233243864,crash_overlay_exit,1207.436963869813
2015-08-24,RSO,-0.3279650365930342,-0.3279650365930342,crash_overlay_exit,1580.2514516879949
2015-08-24,AMTG,-0.042777702128673156,-0.042777702128673156,crash_overlay_exit,1580.2514516879949
2015-08-24,CSBK,0.18572329159056644,0.18749379063244853,crash_overlay_exit,1580.2514516879949
2015-08-24,ARPI,-0.08897303543067914,-0.08897303543067914,crash_overlay_exit,1580.2514516879949
2015-08-24,CYS,-0.10826831333239006,-0.10826831333239018,crash_overlay_exit,1518.5264479804575
2015-08-24,HTS,-0.09523343975968734,-0.09523343975968757,crash_overlay_exit,1518.5264479804575
2015-08-24,BLMT,0.1876941640690486,0.1876941640690486,crash_overlay_exit,1518.5264479804575
2015-08-24,MTGE,-0.1383244246554266,-0.1383244246554266,crash_overlay_exit,1518.5264479804575
2015-08-24,ANH,0.09180663022223712,0.09180663022223712,crash_overlay_exit,1518.5264479804575
2015-08-24,STON,-0.01992921056787833,0.004436550650610327,crash_overlay_exit,1141.1717569744226
2015-08-24,CFNL,0.2760370576198903,0.2760370576198903,crash_overlay_exit,1141.1717569744226
2015-08-24,WMC,0.017836896435036387,0.017836896435036387,crash_overlay_exit,1141.1717569744226
2015-08-24,SIFI_old,0.00599822559836749,0.014751751919672929,crash_overlay_exit,1524.600525014546
2015-08-24,VGR,0.13011514416304837,0.13011514416304837,crash_overlay_exit,1524.600525014546
2015-08-24,TLMR,0.11461985687582765,0.1270782855954009,crash_overlay_exit,1524.600525014546
2015-08-24,DGAS,-0.03244102591203979,-0.032245047501743396,crash_overlay_exit,1524.600525014546
2015-08-24,PPBI,0.08707343413428736,0.08707343413428714,crash_overlay_exit,1524.600525014546
2015-08-24,CBNJ,0.15190901211667196,0.15299781637695675,crash_overlay_exit,1524.600525014546
2015-08-24,RZA,0.013255370807563116,0.013255370807563116,crash_overlay_exit,1524.600525014546
2015-08-24,SFR_old,-0.08089494627986915,-0.08089494627986926,crash_overlay_exit,1524.600525014546
2015-08-24,SWAY,-0.07053179693095035,-0.07053179693095035,crash_overlay_exit,1524.600525014546
2015-08-24,YDKN,0.009035167891249474,0.009035167891249474,crash_overlay_exit,1524.600525014546
2015-08-24,BNCL,0.09865997261257542,0.0986599726125752,crash_overlay_exit,1524.600525014546
2015-08-24,BHBK,0.049136370114903016,0.04913637011490324,crash_overlay_exit,1933.7813996267507
2015-08-24,BCRHF,-0.058377749878695484,-0.05837774987869526,crash_overlay_exit,1933.7813996267507
2015-08-24,SLD,-0.16349812676456754,-0.16349812676456754,crash_overlay_exit,1933.7813996267507
2015-08-24,LSBG,-0.045865140384626635,-0.042969131294477436,crash_overlay_exit,1933.7813996267507
2015-08-24,EGAS,-0.1555618974891183,-0.15556189748911842,crash_overlay_exit,1933.7813996267507
2015-08-24,LNBB,0.08263557773349262,0.0826355777334924,crash_overlay_exit,1933.7813996267507
2015-08-24,PKY1,-0.09587096253190752,-0.09587096253190752,crash_overlay_exit,1933.7813996267507
2015-08-24,EBSB,-0.08742502821591969,-0.08055888858512217,crash_overlay_exit,1933.7813996267507
2015-08-24,MCBC,-0.01884829384365594,-0.01884829384365605,crash_overlay_exit,1933.7813996267507
2015-08-24,NGHC,0.0002663103360387442,0.00026631033603852217,crash_overlay_exit,1933.7813996267507
2015-08-24,SJI,-0.0032300989129067093,-0.0016161159800879288,crash_overlay_exit,2382.12917222289
2015-08-24,DEL,-0.0923251692320548,-0.09109817873438275,crash_overlay_exit,2382.12917222289
2015-08-24,BNK,-0.0610331740774509,-0.0610331740774509,crash_overlay_exit,2382.12917222289
2015-08-24,SUBK,-0.0041091427693911164,-0.0041091427693911164,crash_overlay_exit,2382.12917222289
2015-08-24,MIG_old,0.003570834708380044,0.003570834708380044,crash_overlay_exit,2382.12917222289
2015-08-24,NP_old,-0.0417876598774376,-0.04178765987743771,crash_overlay_exit,2382.12917222289
2015-08-24,LBAI,-0.09425051173849586,-0.09425051173849597,crash_overlay_exit,2382.12917222289
2015-08-24,BNCN,0.051478141077989426,0.051478141077989426,crash_overlay_exit,2382.12917222289
2015-08-24,ABCW,0.02145854278675996,0.024828521348326582,crash_overlay_exit,2382.12917222289
2015-08-24,SCNB,-0.0006055290283429882,-0.0006055290283432102,crash_overlay_exit,2382.12917222289
2015-08-24,VIVO_old,-0.03276787212886789,-0.02801365673629308,crash_overlay_exit,2382.12917222289
2015-08-24,MORE_old,0.008860318672757606,0.008860318672757606,crash_overlay_exit,2382.12917222289
2015-08-24,CLI,0.031098480104074122,0.031098480104074122,crash_overlay_exit,2382.12917222289
2015-08-24,ESSA,-0.03688366241979113,-0.027097303326515276,crash_overlay_exit,2382.12917222289
2015-08-24,DRYS,2.220446049250313e-16,0.0,crash_overlay_exit,2382.12917222289
2015-08-24,MRH,0.4228102967514551,0.4228102967514549,crash_overlay_exit,2382.12917222289
2015-08-24,PCBK,-0.056604720901396566,-0.044862502105478264,crash_overlay_exit,2382.12917222289
2015-08-24,SBRAP,0.007510353339960307,0.007510353339960085,crash_overlay_exit,2382.12917222289
2015-08-24,SASR,-0.10421931803274609,-0.10421931803274609,crash_overlay_exit,2382.12917222289
2015-08-24,HBOS,-0.004730429688171389,-0.004730429688171389,crash_overlay_exit,2382.12917222289
2015-08-24,NPBC,0.04368369607050271,0.04368369607050271,crash_overlay_exit,2382.12917222289
2015-08-24,BFIN,-0.0026070081707199044,-0.0026070081707200154,crash_overlay_exit,2382.12917222289
2015-08-24,TSRE,-0.004504464513290896,-0.004504464513291007,crash_overlay_exit,2382.12917222289
2015-08-24,BKMU,-0.11753643306978068,-0.1175364330697809,crash_overlay_exit,2382.12917222289
2015-08-24,CTT,-0.13915403642447055,-0.13915403642447066,crash_overlay_exit,2382.12917222289
2015-08-24,MOFG,-0.1343127841907733,-0.13199876931781807,crash_overlay_exit,2382.129172222884
2015-09-30,CUNB,0.21309599796794743,0.223688582497247,rebalance_exit,847.795761607377
2015-09-30,RSO,-0.3663072356629882,-0.36630723566298806,rebalance_exit,1053.5009677919968
2015-09-30,STON,0.13746075529059154,0.14937000969945413,rebalance_exit,760.7811713162819
2015-09-30,SIFI_old,0.04522268644414407,0.04913511908071788,rebalance_exit,1016.4003500096976
2015-09-30,PPBI,0.16751848359418187,0.16751848359418187,rebalance_exit,1016.4003500096976
2015-09-30,SFR_old,-0.10066481106907876,-0.09830084254844262,rebalance_exit,1016.4003500096976
2015-09-30,SWAY,-0.08371239035751021,-0.08110882906683103,rebalance_exit,1016.4003500096976
2015-09-30,YDKN,0.09463079170837752,0.09791675907649511,rebalance_exit,1016.4003500096976
2015-09-30,LSBG,-0.05144960071473126,-0.05144960071473159,rebalance_exit,1289.1875997511672
2015-09-30,EGAS,-0.09044687528290207,-0.09044687528290196,rebalance_exit,1289.1875997511672
2015-09-30,LNBB,0.0826355777334924,0.0826355777334924,rebalance_exit,1289.1875997511672
2015-09-30,NGHC,0.027643761093165464,0.0328932044557968,rebalance_exit,1289.1875997511672
2015-09-30,BNK,-0.026275639615257584,-0.026275639615257473,rebalance_exit,1588.0861148152603
2015-09-30,SUBK,0.04924869064241921,0.05784364859961322,rebalance_exit,1588.0861148152603
2015-09-30,MIG_old,0.003570834708380044,0.003570834708380044,rebalance_exit,1588.0861148152603
2015-09-30,NP_old,-0.02182338117333571,-0.00667584529565024,rebalance_exit,1588.0861148152603
2015-09-30,ABCW,0.10349472031362339,0.11830510493774504,rebalance_exit,1588.0861148152603
2015-09-30,SCNB,0.05294133856925609,0.06156654498324121,rebalance_exit,1588.0861148152603
2015-09-30,VIVO_old,-0.08123634429319004,-0.07661572693392937,rebalance_exit,1588.0861148152603
2015-09-30,MRH,0.4228102967514549,0.4228102967514549,rebalance_exit,1588.0861148152603
2015-09-30,SBRAP,0.015805473369782108,0.015820743592525055,rebalance_exit,1588.0861148152603
2015-09-30,HBOS,-0.004730429688171389,-0.004730429688171389,rebalance_exit,1588.0861148152603
2015-09-30,NPBC,0.046352040750188506,0.046352040750188506,rebalance_exit,1588.0861148152603
2015-09-30,TSRE,0.019519537150054278,0.0195195371500545,rebalance_exit,1588.0861148152603
2015-09-30,BKMU,-0.008078364329906385,-0.0004018112636887672,rebalance_exit,1588.0861148152603
2015-09-30,CTT,-0.11108831484120452,-0.10008259341230408,rebalance_exit,1588.0861148152603
2015-09-30,MOFG,-0.11762833313498111,-0.11327756513592102,rebalance_exit,1588.0861148152562
2015-12-31,FBNK,-2.220446049250313e-16,0.0,rebalance_exit,624.3267578729774
2015-12-31,AF,0.662144106507004,0.6621441065070037,rebalance_exit,1047.621399532344
2015-12-31,WMC,-0.08416612747321828,-0.08416612747321806,rebalance_exit,760.7811713162819
2015-12-31,VGR,0.24808059278757777,0.24808059278757777,rebalance_exit,1016.4003500096976
2015-12-31,TLMR,0.2804518696341234,0.2804518696341234,rebalance_exit,1016.4003500096976
2015-12-31,SLD,-0.15785816581418777,-0.15679102909713571,rebalance_exit,1289.1875997511672
2015-12-31,SJI,-0.02693181510673126,-0.02693181510673115,rebalance_exit,1588.0861148152603
2015-12-31,CLI,0.2759730077303495,0.2759730077303497,rebalance_exit,1588.0861148152603
2015-12-31,ESSA,0.04353015208562461,0.04353015208562461,rebalance_exit,1588.0861148152603
2015-12-31,DRYS,-0.08105810364189525,0.0,rebalance_exit,1588.0861148152603
2015-12-31,ONFC,-0.014705845228940362,-0.01470584522894025,rebalance_exit,6657.527542746501
2015-12-31,STAR,-0.06756784389102188,-0.067567843891022,rebalance_exit,6657.527542746501
2015-12-31,COBZ,0.03373913594906042,0.03373913594906042,rebalance_exit,6657.527542746501
2015-12-31,IILG,-0.15559101601549963,-0.147790342854912,rebalance_exit,6657.527542746501
2015-12-31,ESND,0.004828520495931965,0.006699984105816403,rebalance_exit,6657.527542746501
2015-12-31,CHSP,-0.02341953999292412,-0.02341953999292401,rebalance_exit,6657.527542746501
2015-12-31,EDE,0.2733739998331828,0.2814893017770417,rebalance_exit,6657.527542746501
2015-12-31,OSHC,0.07030342441651527,0.07030342441651527,rebalance_exit,6657.527542746501
2015-12-31,CORLQ,-0.18633826307810886,-0.18633826307810886,rebalance_exit,6657.527542746501
2015-12-31,HT,-0.033423819243880826,-0.033423819243880826,rebalance_exit,6657.527542746501
2015-12-31,ALOG,0.008042540845315527,0.008042540845315527,rebalance_exit,6657.527542746501
2016-03-31,ROIC,1.4991056977015704,1.5074311089340449,rebalance_exit,117.13357119005357
2016-03-31,FFIC,0.7711834680692722,0.7711834680692722,rebalance_exit,624.3267578729774
2016-03-31,IRC,0.1424229442293392,0.14242294422933965,rebalance_exit,804.9579759132089
2016-03-31,PCH,-0.1772441497121917,-0.1717512829750072,rebalance_exit,804.9579759132089
2016-03-31,SBY,-0.03147358841648484,-0.026251674614542586,rebalance_exit,804.9579759132089
2016-03-31,AMTG,0.05888456972186118,0.06214282635561008,rebalance_exit,1053.5009677919968
2016-03-31,ARPI,-0.10511360700444039,-0.10511360700444028,rebalance_exit,1053.5009677919968
2016-03-31,CBNJ,0.47119826640177576,0.4745873143047954,rebalance_exit,1016.4003500096976
2016-03-31,DEL,-0.11991991047747541,-0.11057169144563628,rebalance_exit,1588.0861148152603
2016-03-31,LBAI,-0.12916486246459757,-0.12916486246459769,rebalance_exit,1588.0861148152603
2016-03-31,BNCN,0.09448741818872297,0.09995483186273701,rebalance_exit,1588.0861148152603
2016-03-31,PCBK,0.21207610041907743,0.21583521931920657,rebalance_exit,1588.0861148152603
2016-03-31,B_old,-0.022938970633239242,-0.021789571722582557,rebalance_exit,6657.527542746501
2016-03-31,QTS,0.09498846216207002,0.10158382854400672,rebalance_exit,6657.527542746501
2016-03-31,OKSB,-0.07714760837843226,-0.07492188317386195,rebalance_exit,6657.527542746501
2016-03-31,DOOR,0.06803505664422937,0.07939061560145189,rebalance_exit,6657.527542746501
2016-03-31,SYKE,0.1775565590750241,0.18352942373238368,rebalance_exit,6657.527542746501
2016-03-31,SFLY,0.29014437299513807,0.29537127650486883,rebalance_exit,6657.527542746501
2016-03-31,SNCA,-0.04906358234065178,-0.014382583398696136,rebalance_exit,2688.5898073524236
2016-03-31,PWOD,-0.08422529412645896,-0.08185426313109545,rebalance_exit,2688.5898073524236
2016-03-31,OVTI,0.010341595175413332,0.010341595175413332,rebalance_exit,2688.5898073524236
2016-03-31,HBHC,-0.08700933520624632,-0.08122274469681923,rebalance_exit,2688.5898073524236
2016-03-31,HTLF,-0.018104936668480676,-0.018104936668480676,rebalance_exit,2688.5898073524236
2016-03-31,EPAY,0.009196015480897657,0.018107354968736278,rebalance_exit,2688.5898073524236
2016-03-31,NATL_old,0.11446604794728943,0.1156342005574813,rebalance_exit,2688.5898073524236
2016-03-31,RPT_old,-0.03792797216873445,-0.03658819341892927,rebalance_exit,2688.5898073524236
2016-03-31,AJX,-0.05707553980144253,-0.055763984925804255,rebalance_exit,2688.5898073524236
2016-03-31,DHIL,-0.06548785394024059,-0.06548785394024059,rebalance_exit,2688.5898073524236
2016-03-31,MYCC,-0.23348482415509408,-0.23348482415509408,rebalance_exit,2688.5898073524236
2016-03-31,ATRI,0.03879747956252122,0.03879747956252122,rebalance_exit,2688.5898073524236
2016-06-30,COL,0.4759500383049473,0.4759500383049471,rebalance_exit,640.0507936507937
2016-06-30,HTS,0.035882705070724,0.037549005728175544,rebalance_exit,1012.3509653203052
2016-06-30,CFNL,0.3219998844634462,0.3219998844634462,rebalance_exit,760.7811713162819
2016-06-30,DGAS,0.3341670012542668,0.3341670012542668,rebalance_exit,1016.4003500096976
2016-06-30,PKY1,-0.04044996496077391,-0.03839295466290338,rebalance_exit,1289.1875997511672
2016-06-30,MORE_old,0.12857117985671374,0.1319211156125737,rebalance_exit,1588.0861148152603
2016-06-30,FUR,-0.38861699366912794,-0.38861699366912783,rebalance_exit,6657.527542746501
2016-06-30,CHMT_old,-0.07826700254306485,-0.07826700254306485,rebalance_exit,6657.527542746501
2016-06-30,BRKL_old,0.11018732367635842,0.11128792120608932,rebalance_exit,6657.527542746501
2016-06-30,VIVO_old,-0.029417054140870813,-0.029417054140870813,rebalance_exit,2688.5898073524236
2016-06-30,FPO,-0.17180921072312472,-0.17180921072312472,rebalance_exit,2688.5898073524236
2016-06-30,PULB,0.024991190274921138,0.024991190274921138,rebalance_exit,2688.5898073524236
2016-06-30,ABCW,0.060698669348332235,0.060698669348332235,rebalance_exit,3530.5059771657293
2016-06-30,AMCN,-0.38875759834104573,-0.3887575983410456,rebalance_exit,3530.5059771657293
2016-06-30,DATE,0.0040721702994876985,0.0040721702994876985,rebalance_exit,3530.5059771657293
2016-06-30,ANTE,-0.38875759834104573,-0.3887575983410456,rebalance_exit,3530.5059771657293
2016-06-30,ACXM,0.014572641649835072,0.014572641649835072,rebalance_exit,3530.5059771657293
2016-06-30,EFII,0.011371340898537419,0.01137134089853764,rebalance_exit,3530.5059771657293
2016-06-30,GDEN,0.22930094050747973,0.23779599273715024,rebalance_exit,3530.5059771657293
2016-06-30,SPLP,-0.038755558553094316,-0.038755558553094205,rebalance_exit,3530.5059771657293
2016-06-30,ENFC,0.0006039847621970296,0.0018570452459911735,rebalance_exit,3530.5059771657293
2016-06-30,BOBE,-0.18646298240490555,-0.18615137231484713,rebalance_exit,3530.5059771657293
2016-06-30,NPBC,0.007518789579387564,0.007518789579387564,rebalance_exit,3530.5059771657293
2016-09-30,OPI,0.31605439498149,0.3189094341700327,rebalance_exit,18.741371390408574
2016-09-30,UBA,0.7771542191799294,0.7837154186281745,rebalance_exit,702.4605465620132
2016-09-30,FXCB,0.5110761359655727,0.5110761359655727,rebalance_exit,691.1701215186888
2016-09-30,BLMT,0.35779496746991213,0.3620985908425747,rebalance_exit,1012.3509653203052
2016-09-30,MCBC,0.5339251104585605,0.5391205793935379,rebalance_exit,1289.1875997511672
2016-09-30,NXEO,-0.2121737332084066,-0.21058196051532163,rebalance_exit,6657.527542746501
2016-09-30,CDR,0.19241530014300934,0.19241530014300934,rebalance_exit,6657.527542746501
2016-09-30,CCMP,0.3783652610528654,0.38219056079113556,rebalance_exit,6657.527542746501
2016-09-30,PUB,0.18357210902089127,0.19194209626518632,rebalance_exit,2688.5898073524236
2016-09-30,NYRT,-0.17834326372386067,-0.17834326372386056,rebalance_exit,2688.5898073524236
2016-09-30,MLHR,0.0031278303555295484,0.005000018130625117,rebalance_exit,2688.5898073524236
2016-09-30,CHFC,0.301113965349991,0.3138435530657726,rebalance_exit,2688.5898073524045
2016-09-30,PMBC,0.044382144362602016,0.05285712650844032,rebalance_exit,3530.5059771657293
2016-09-30,ORM,0.0917036105086515,0.09199109962031637,rebalance_exit,3530.5059771657293
2016-09-30,FFWM,0.08654486441587506,0.09869545880342967,rebalance_exit,3530.5059771657293
2016-09-30,ALTA,0.28348012406949596,0.29255664098375056,rebalance_exit,3530.5059771657293
2016-09-30,DENN,0.021574514416828672,0.021574514416828894,rebalance_exit,3530.5059771657284
2016-09-30,VVI,0.19033167893068503,0.19265849701341908,rebalance_exit,3287.0562937379354
2016-09-30,TLMR,0.21638093790371693,0.2163809379037167,rebalance_exit,3287.0562937379354
2016-09-30,WIBC,0.030710143232362874,0.030710143232362874,rebalance_exit,3287.0562937379354
2016-09-30,WAIR,0.0007451735339034649,0.0007451735339034649,rebalance_exit,3287.0562937379354
2016-09-30,CEB,-0.11569253693905113,-0.11027901551008479,rebalance_exit,3287.0562937379354
2016-09-30,BNK,0.0025717730878092038,0.002571773087809426,rebalance_exit,3287.0562937379354
2016-09-30,ATRI,-0.0005551224119997311,-0.0005551224119998421,rebalance_exit,3287.0562937379354
2016-09-30,UCFC,0.17462160448946373,0.1746216044894635,rebalance_exit,3287.0562937379354
2016-09-30,MOFG,0.06579106678654045,0.06579106678654045,rebalance_exit,3287.0562937379236
2016-12-30,FFNW,1.0011194350625798,1.010752015156823,rebalance_exit,804.9579759132089
2016-12-30,AIMC,0.6203102949813522,0.6272376139634581,rebalance_exit,6657.527542746501
2016-12-30,UCBI,0.4701718057197719,0.4741795913025846,rebalance_exit,6657.527542746501
2016-12-30,AIMCV,0.6203074187117141,0.6272347253968928,rebalance_exit,6657.527542746501
2016-12-30,HI,0.32161229351731246,0.3250871800509867,rebalance_exit,2688.5898073524236
2016-12-30,BPFH,0.49934740678780054,0.5107753598492575,rebalance_exit,2688.5898073524236
2016-12-30,FFKT,0.5384588206369509,0.566077276076052,rebalance_exit,2688.5898073524236
2016-12-30,FMBI,0.39061631920202244,0.3943861027780222,rebalance_exit,2688.5898073524236
2016-12-30,FDEF,0.3389702772937724,0.3419290453273862,rebalance_exit,3530.5059771657293
2016-12-30,PFC,0.3389658025128348,0.3419245606583734,rebalance_exit,3530.5059771657293
2016-12-30,ROLL,0.26046525697409595,0.26685769659150615,rebalance_exit,3530.5059771657293
2016-12-30,GBNK,0.5860404249494633,0.5912397374350216,rebalance_exit,3530.5059771657293
2016-12-30,VGR,0.10438733376900888,0.10438733376900866,rebalance_exit,3287.0562937379354
2016-12-30,WFD,0.02597406377356548,0.02597406377356548,rebalance_exit,3287.0562937379354
2016-12-30,CVLY,0.4804370884860689,0.4804370884860689,rebalance_exit,3287.0562937379354
2016-12-30,IBKCP,0.047029628255812694,0.04731059182336539,rebalance_exit,3287.0562937379354
2016-12-30,SLD,-0.0022160125531639485,-6.640708458083289e-05,rebalance_exit,3287.0562937379354
2016-12-30,COB,0.11550632899454283,0.11550632899454283,rebalance_exit,3287.0562937379354
2016-12-30,LBAI,0.7213696944225405,0.7300086924358298,rebalance_exit,3287.0562937379354
2016-12-30,EMCI,0.09029075652558549,0.09877403191199519,rebalance_exit,3287.0562937379354
2016-12-30,RSTI,0.01087137870364896,0.01087137870364896,rebalance_exit,3622.874429682403
2016-12-30,STB,-0.05309571746259345,-0.05309571746259345,rebalance_exit,3622.874429682403
2016-12-30,CKEC,0.017604394340758445,0.017604394340758445,rebalance_exit,3622.874429682403
2016-12-30,CSGS,0.16545504280754808,0.17597579273703223,rebalance_exit,3622.874429682403
2016-12-30,MFSF,0.20037004331188757,0.20037004331188757,rebalance_exit,3622.874429682403
2016-12-30,ALOG,-0.07545926383252932,-0.0715136366696223,rebalance_exit,3622.874429682403
2016-12-30,STON,-0.6379255284048506,-0.6325222541167895,rebalance_exit,3622.874429682403
2016-12-30,NATL_old,-0.002699116979437699,-0.002699116979437699,rebalance_exit,3622.874429682403
2016-12-30,DEL,0.13955330804314925,0.13955330804314925,rebalance_exit,3622.874429682403
2016-12-30,MODG,-0.05795671731898444,-0.05522501303398053,rebalance_exit,3622.874429682403
2016-12-30,MSFG,0.36214804203590223,0.37097760551873193,rebalance_exit,3622.874429682403
2016-12-30,COBZ,0.2641169214346035,0.2738573947607994,rebalance_exit,3622.874429682403
2017-03-31,HTBI,0.4747320974089333,0.4820458499831606,rebalance_exit,1047.621399532344
2017-03-31,RZA,0.06804491127338852,0.06804491127338852,rebalance_exit,1016.4003500096976
2017-03-31,BHBK,0.36187037783543086,0.36187037783543063,rebalance_exit,1289.1875997511672
2017-03-31,FFG,0.10834711745391123,0.10834711745391123,rebalance_exit,2688.5898073524236
2017-03-31,OLBK,0.6377657650779169,0.6438271966683524,rebalance_exit,2688.5898073524236
2017-03-31,SIFI_old,-0.0036979489773257823,0.005313449285482719,rebalance_exit,3530.5059771657293
2017-03-31,AF,0.3021432249691194,0.3074574044707117,rebalance_exit,3530.5059771657293
2017-03-31,YDKN,0.46880933549774517,0.46880933549774495,rebalance_exit,3530.5059771657293
2017-03-31,BNCN,0.5406615128707859,0.5462336108502097,rebalance_exit,3287.0562937379354
2017-03-31,FBC,0.008582853865186424,0.013130848041000176,rebalance_exit,3622.874429682403
2017-03-31,EDE,0.008747037898976906,0.008747037898977128,rebalance_exit,3622.874429682403
2017-03-31,BRKL_old,0.28674516299953656,0.2915666702917765,rebalance_exit,3622.874429682403
2017-03-31,VIVO_old,-0.26886846812161935,-0.26886846812161935,rebalance_exit,3622.874429682403
2017-03-31,SBY,0.23850626623045135,0.2390685548479341,rebalance_exit,3622.874429682403
2017-03-31,BOCH,0.12005357770590686,0.12941908387791012,rebalance_exit,4503.642792533889
2017-03-31,IHC,-0.05217877436115392,-0.05217877436115381,rebalance_exit,4503.642792533889
2017-03-31,HTLF,0.035855980059020576,0.03958898754319562,rebalance_exit,4503.642792533889
2017-03-31,LSBG,-0.06994487528009885,-0.06994487528009885,rebalance_exit,4503.642792533889
2017-03-31,CSS,-0.03501081607123302,-0.03501081607123302,rebalance_exit,4503.642792533889
2017-03-31,SP,0.19190866230172166,0.19893429688657682,rebalance_exit,4503.642792533889
2017-03-31,ATU,0.006954972271337789,0.008651053748102822,rebalance_exit,4503.642792533889
2017-03-31,LUB,-0.2864657209074476,-0.2818482722000648,rebalance_exit,4503.642792533889
2017-03-31,GCP,0.21425485118243404,0.21425485118243404,rebalance_exit,4503.642792533889
2017-03-31,ATRI,-0.075550986795342,-0.074804156719809,rebalance_exit,4503.642792533889
2017-06-30,BNCL,0.35522871485642127,0.361867503336023,rebalance_exit,1016.4003500096976
2017-06-30,BCRHF,0.26867881327995913,0.27541591804007215,rebalance_exit,1289.1875997511672
2017-06-30,SASR,0.5326234960857166,0.540640666023078,rebalance_exit,1588.0861148152603
2017-06-30,BKMU,0.21086629629357878,0.21948159954754032,rebalance_exit,2688.5898073524236
2017-06-30,BCRH,0.23464161250800397,0.24119796845688013,rebalance_exit,2688.5898073524236
2017-06-30,CACB,0.1497267498111321,0.1497267498111321,rebalance_exit,2688.5898073524236
2017-06-30,MBRG,0.4321379868631434,0.4321379868631434,rebalance_exit,3622.874429682403
2017-06-30,EGOV,-0.17369793205874684,-0.1683894444439331,rebalance_exit,3622.874429682403
2017-06-30,PCH,0.19312283601528302,0.19312283601528324,rebalance_exit,3622.874429682403
2017-06-30,SYKE,0.18043223950560572,0.1850994044608809,rebalance_exit,3622.874429682403
2017-06-30,TCAP,-0.0396209102010886,-0.0392611705171404,rebalance_exit,4503.642792533889
2017-06-30,JMBA,-0.25791909378552835,-0.25201281496035766,rebalance_exit,4503.642792533889
2017-06-30,UTEK,0.25936508458031526,0.2593650845803155,rebalance_exit,4503.642792533889
2017-06-30,SCNB,-0.0540176507947393,-0.054017650794739414,rebalance_exit,4503.642792533889
2017-06-30,MTSC,-0.09210689017288332,-0.0869876748052989,rebalance_exit,4503.642792533889
2017-06-30,RTEC,-0.04060506250329565,-0.029403284429843413,rebalance_exit,4503.642792533889
2017-06-30,FFWM,0.14692053141115702,0.15298615846851593,rebalance_exit,4503.642792533889
2017-06-30,CSWI,0.03670199796551876,0.04738523288135088,rebalance_exit,4503.642792533889
2017-06-30,APTS,0.20343200214447665,0.20343200214447665,rebalance_exit,4295.500484394883
2017-06-30,FLY_old,0.018514977062225713,0.018514977062225713,rebalance_exit,4295.500484394883
2017-06-30,UCBI,0.0022217890091453807,0.007251503848522578,rebalance_exit,4295.500484394883
2017-06-30,BGG,0.07745287319082705,0.07745287319082705,rebalance_exit,4295.500484394883
2017-06-30,UAM,-0.0005009657147377888,-0.0005009657147377888,rebalance_exit,4295.500484394883
2017-06-30,ADSW,-0.004592304912271805,-0.0010799645831998106,rebalance_exit,4295.500484394883
2017-06-30,TVPT,0.17250440710378778,0.17484291053201817,rebalance_exit,4295.500484394883
2017-06-30,CBPX,-0.05667573021068706,-0.053709509316917314,rebalance_exit,4295.500484394883
2017-09-29,EBSB,0.43114144331378124,0.43952766171698276,rebalance_exit,1289.1875997511672
2017-09-29,TPRE,0.16062898782672264,0.16062898782672264,rebalance_exit,2688.5898073524236
2017-09-29,CSFL,0.731184927527158,0.731184927527158,rebalance_exit,2688.5898073524236
2017-09-29,AC,0.24698462183475467,0.24698462183475467,rebalance_exit,3287.0562937379354
2017-09-29,ACBI,0.25065696249838587,0.25518669229935687,rebalance_exit,3287.0562937379354
2017-09-29,WPT,0.2189533780527908,0.2189533780527908,rebalance_exit,3622.874429682403
2017-09-29,MORE_old,0.12310525429024,0.12310525429024022,rebalance_exit,3622.874429682403
2017-09-29,HYH,0.2176852173258228,0.21768521732582302,rebalance_exit,4503.642792533889
2017-09-29,MCBC,-0.014575902633607973,-0.00945740534392936,rebalance_exit,4503.642792533889
2017-09-29,EBIXQ,0.06399472851533794,0.06399472851533794,rebalance_exit,4295.500484394883
2017-09-29,MGP,0.14668374564715325,0.14668374564715325,rebalance_exit,4295.500484394883
2017-09-29,EPAY,0.33335151961254583,0.3368066226883619,rebalance_exit,4295.500484394883
2017-09-29,EBIX,0.06399222118945902,0.06399222118945902,rebalance_exit,4295.500484394883
2017-09-29,FDEF,0.06150446367241824,0.06150446367241824,rebalance_exit,4295.500484394883
2017-09-29,NCBS,0.19864877763226652,0.21525134334313978,rebalance_exit,4295.500484394883
2017-09-29,CCMP,0.048972474842480684,0.048972474842480906,rebalance_exit,4295.500484394883
2017-09-29,MDLXQ,-0.007590043210876973,-0.007589981818681091,rebalance_exit,4295.500484394846
2017-09-29,AMWD,-6.93150806225784e-05,0.003495501086834052,rebalance_exit,4721.4869437664265
2017-09-29,OPINI,0.02805532041287795,0.02805532041287795,rebalance_exit,4721.4869437664265
2017-09-29,NXEO,-0.12485202475054524,-0.12199214007142556,rebalance_exit,4721.4869437664265
2017-09-29,ENV,0.2691741171631479,0.27045136721462293,rebalance_exit,4721.4869437664265
2017-09-29,IBKCP,0.004790257367203399,0.004790257367203399,rebalance_exit,4721.4869437664265
2017-09-29,WNRL,0.013055417204701714,0.01859633825085627,rebalance_exit,4721.4869437664265
2017-09-29,SNR,-0.06908211844386625,-0.06711415975628188,rebalance_exit,4721.4869437664265
2017-09-29,PFC,0.00038408010496016054,0.00038408010496016054,rebalance_exit,4721.4869437664265
2017-09-29,FFG,0.2088082807521332,0.21272404082222418,rebalance_exit,4721.4869437664265
2017-09-29,EGAS,0.015501449934108402,0.015501449934108402,rebalance_exit,4721.486943766403
2017-12-29,NAVG,0.713421537183548,0.7214665732577963,rebalance_exit,851.9851572533325
2017-12-29,FGL_old,0.2042667218966816,0.2042667218966816,rebalance_exit,3530.5059771657293
2017-12-29,SNCA,0.0,0.0,rebalance_exit,4503.642792533889
2017-12-29,NYRT,-0.03713205339860748,-0.03534060905700431,rebalance_exit,4503.642792533889
2017-12-29,MRT_old,-0.0018294343232873045,0.000892081074737261,rebalance_exit,4295.500484394883
2017-12-29,VGR,0.1911188584288337,0.1911188584288337,rebalance_exit,4295.500484394883
2017-12-29,MSFG,0.11481179270044706,0.11481179270044728,rebalance_exit,4295.500484394883
2017-12-29,CUNB,0.03161172673300294,0.03161172673300294,rebalance_exit,4721.4869437664265
2017-12-29,OMI,-0.40263845900888084,-0.40263845900888084,rebalance_exit,4721.4869437664265
2017-12-29,SWM,0.23251154858177903,0.23719510278718992,rebalance_exit,4721.4869437664265
2017-12-29,STB,0.0434044405785039,0.04587015105543246,rebalance_exit,4721.4869437664265
2017-12-29,MOFG,-0.006888184766276173,-0.006888184766276284,rebalance_exit,4721.4869437664265
2017-12-29,DPS,0.09790942623798715,0.09818427105449401,rebalance_exit,4744.431085199531
2017-12-29,COBZ,0.020482530203719485,0.020482530203719485,rebalance_exit,4744.431085199531
2017-12-29,PRETL,0.015357270408683732,0.015357270408683732,rebalance_exit,4744.431085199531
2017-12-29,BHBK,0.05137060242586888,0.052279093130945586,rebalance_exit,4744.431085199531
2017-12-29,OKSB,0.03266793287849579,0.03266793287849579,rebalance_exit,4744.431085199531
2017-12-29,CARO,0.03109088377527791,0.03407029964148256,rebalance_exit,4744.431085199531
2017-12-29,FLIC,-0.06424143024804285,-0.058621125971576316,rebalance_exit,4744.431085199531
2017-12-29,FPO,-0.0004483980067092608,-0.0004483980067093718,rebalance_exit,4744.431085199531
2017-12-29,CAFD,0.04926365032504032,0.0499285866741237,rebalance_exit,4744.431085199531
2017-12-29,HNGR,0.4320021018453535,0.43200210184535326,rebalance_exit,4744.431085199531
2017-12-29,ANCX,-0.029965296419603327,-0.026325476413088356,rebalance_exit,4744.431085199531
2017-12-29,LMOS,0.00287427447566313,0.00287427447566313,rebalance_exit,4744.431085199531
2017-12-29,TERP,0.0847769073998279,0.08477690739982813,rebalance_exit,4744.431085199531
2017-12-29,ACXM,0.11548117387514378,0.11548117387514378,rebalance_exit,4744.431085199531
2017-12-29,MFSF,0.0034240581123794467,0.005471169643241902,rebalance_exit,4744.431085199531
2018-03-29,NRE,0.09877444603969443,0.09877444603969421,rebalance_exit,4503.642792533889
2018-03-29,ORM,-0.15722090239044162,-0.15722090239044162,rebalance_exit,4295.500484394883
2018-03-29,EMCI,-0.006927464343916445,-0.003941501221497723,rebalance_exit,4721.4869437664265
2018-03-29,CSS,-0.3917690589094176,-0.3873001344650375,rebalance_exit,4744.431085199531
2018-03-29,TVPT,0.043408233223738435,0.04893018163446117,rebalance_exit,4744.431085199531
2018-03-29,CSWI,-0.019586208080552225,-0.019586208080552336,rebalance_exit,3969.738973741526
2018-03-29,APTS,-0.290224944497244,-0.290224944497244,rebalance_exit,3969.738973741526
2018-03-29,FOE,-0.021995327093973005,-0.01642387296287795,rebalance_exit,3969.738973741526
2018-03-29,SP,-0.05102732588499492,-0.04782251649114844,rebalance_exit,3969.738973741526
2018-03-29,CSFL,0.027918029528415378,0.03167450443614461,rebalance_exit,3969.738973741526
2018-03-29,FLY_old,0.02358243114399805,0.029180267492321166,rebalance_exit,3969.738973741526
2018-03-29,JCAP_old,-0.033171955074775994,-0.029340349449359704,rebalance_exit,3969.738973741526
2018-03-29,MGIC,0.015154410554425457,0.023917517669879818,rebalance_exit,3969.738973741526
2018-03-29,OPI,-0.2484339648929229,-0.2484339648929228,rebalance_exit,3969.738973741526
2018-03-29,ARD,-0.10936849877253607,-0.10824010277677543,rebalance_exit,3969.738973741526
2018-03-29,MLVF,-0.008067854582038403,-0.007633616683796363,rebalance_exit,3969.738973741526
2018-03-29,BOBE,-0.024251434176878583,-0.024251434176878583,rebalance_exit,3969.738973741526
2018-03-29,GLOP,-0.04484015608399872,-0.03827820139791105,rebalance_exit,3969.738973741526
2018-03-29,SPA,-0.25098684387523895,-0.24619666004503848,rebalance_exit,3969.738973741526
2018-03-29,BRKL_old,0.031321154227302195,0.03599961857196421,rebalance_exit,3969.738973741526
2018-03-29,FFNW,0.05661122810729924,0.07656123238057733,rebalance_exit,3969.738973741526
2018-03-29,XOXO,0.12405206008127823,0.12405206008127823,rebalance_exit,3969.738973741526
2018-06-29,CSBK,0.4583566840418696,0.45835668404187,rebalance_exit,1053.5009677919968
2018-06-29,CYS,0.04807699137506005,0.052948058253803776,rebalance_exit,1012.3509653203052
2018-06-29,CTT,0.19881933550368247,0.20273283432646294,rebalance_exit,4503.642792533889
2018-06-29,TIER_old,0.41610700418474944,0.43578168309428533,rebalance_exit,4295.500484394883
2018-06-29,PWOD,0.08676704514821654,0.08710444990768451,rebalance_exit,4295.500484394883
2018-06-29,ENFC,0.2867965729428503,0.28791205437628786,rebalance_exit,4721.4869437664265
2018-06-29,HMLP,0.028237985135465937,0.029372655660834246,rebalance_exit,4721.4869437664265
2018-06-29,XCRA,0.41637993947187923,0.416379939471879,rebalance_exit,4744.431085199531
2018-06-29,LMNX_old,0.4636982338110802,0.46369823381108,rebalance_exit,4744.431085199531
2018-06-29,DENN,0.26866565902786044,0.2768465283969628,rebalance_exit,4744.431085199531
2018-06-29,HTLF,0.02051746742785565,0.024917366700705657,rebalance_exit,3969.738973741526
2018-06-29,CNTE,0.22136119503684903,0.22313505811296852,rebalance_exit,3969.738973741526
2018-06-29,BSF,0.010767661838337661,0.010767661838337661,rebalance_exit,3969.738973741526
2018-06-29,RSO,0.0665805566957498,0.0665805566957498,rebalance_exit,3969.738973741526
2018-06-29,SXCP,-0.0954312932426904,-0.08951186961810087,rebalance_exit,3969.738973741526
2018-06-29,CSGS,-0.06544277489648176,-0.06544277489648176,rebalance_exit,3969.738973741526
2018-06-29,VBTX,0.11640083419069125,0.12250970679191853,rebalance_exit,3969.738973741526
2018-06-29,GRP-UN,0.069590107966361,0.06959010796636078,rebalance_exit,3969.738973741526
2018-06-29,PRFT,0.37908875319336577,0.3811571713766957,rebalance_exit,3969.738973741526
2018-06-29,MGP,0.15597521034783624,0.16389625842077282,rebalance_exit,4062.415666999698
2018-06-29,EPAY,0.2818558605114805,0.28593553112399195,rebalance_exit,4062.415666999698
2018-06-29,ROIC,0.09103788033029891,0.09563208569688042,rebalance_exit,4062.415666999698
2018-06-29,AIMC,-0.06396822721107198,-0.06291519993925565,rebalance_exit,4062.415666999698
2018-06-29,PRETL,0.12215624319789908,0.12411063649378873,rebalance_exit,4062.415666999698
2018-06-29,ACBI,0.07348654131750187,0.07776856890261863,rebalance_exit,4062.415666999698
2018-06-29,MTSC,0.024456545093916926,0.024456545093916926,rebalance_exit,4062.415666999698
2018-06-29,IBKCP,0.01167957813032916,0.014005264959176866,rebalance_exit,4062.415666999698
2018-06-29,AY,0.04143782995041456,0.04509364831641749,rebalance_exit,4062.415666999698
2018-06-29,FCCY,0.05317898845320057,0.05317898845320057,rebalance_exit,4062.415666999698
2018-06-29,AIMCV,-0.06396803908043658,-0.06291501159697499,rebalance_exit,4062.415666999698
2018-09-28,MTGE,0.5520036102113044,0.5520036102113044,rebalance_exit,1012.3509653203052
2018-09-28,HTBK,0.07715836574709556,0.07856221102106575,rebalance_exit,4503.642792533889
2018-09-28,STAR,-0.0929155778749936,-0.0907365981472461,rebalance_exit,4503.642792533889
2018-09-28,RZA,-0.0546346223620795,-0.05360091814381007,rebalance_exit,4721.4869437664265
2018-09-28,GBNK,0.11095906552245816,0.11474104012257746,rebalance_exit,4721.4869437664265
2018-09-28,INTL_old,0.2574577379295586,0.2574577379295586,rebalance_exit,4744.431085199531
2018-09-28,SASR,-0.02777966465900028,-0.024815927290754658,rebalance_exit,4744.431085199531
2018-09-28,FFWM,-0.12908137732244374,-0.1268873829394429,rebalance_exit,4744.431085199531
2018-09-28,HCOM_old,-0.06400902073050618,-0.0640090207305063,rebalance_exit,3969.738973741526
2018-09-28,VGR,-0.2565798410029557,-0.2565798410029557,rebalance_exit,4062.415666999698
2018-09-28,IPHS,0.12144967942688067,0.12804897091382528,rebalance_exit,4062.415666999698
2018-09-28,NSM,0.039562687386518025,0.039562687386518025,rebalance_exit,5820.12784389667
2018-09-28,BNCL,0.04102901438670825,0.04484446268369635,rebalance_exit,5820.12784389667
2018-09-28,BHBK,0.09526498122162774,0.09550352629001435,rebalance_exit,5820.12784389667
2018-09-28,CARO,-0.12774141323718624,-0.1238496378297751,rebalance_exit,5820.12784389667
2018-09-28,EMCI,-0.11133604067855496,-0.11133604067855485,rebalance_exit,5820.12784389667
2018-09-28,KANG,-0.11777153326148537,-0.11777153326148537,rebalance_exit,5820.12784389667
2018-09-28,CBTX,0.07123041891637749,0.07123041891637771,rebalance_exit,5820.12784389667
2018-09-28,ORM,0.02132741010161432,0.022789050118040777,rebalance_exit,5820.12784389667
2018-09-28,PTVCB,-0.06072270655928802,-0.0580293604732941,rebalance_exit,5820.12784389667
2018-09-28,OCIP,-0.004993461281531331,-0.004993461281531331,rebalance_exit,5820.12784389667
2018-09-28,BWINB,-0.053358652928298556,-0.053358652928298556,rebalance_exit,5820.12784389667
2018-09-28,CBPX,0.17875323166272117,0.1862748561430676,rebalance_exit,5820.12784389667
2018-12-24,BHLB,0.3490304399879707,0.3490304399879709,crash_overlay_exit,414.7020729112133
2018-12-24,CMO,-0.1433041988485666,-0.1425802902057266,crash_overlay_exit,482.9747855479253
2018-12-24,ANH,0.29135026710199496,0.2913502671019952,crash_overlay_exit,607.4105791921831
2018-12-24,BFIN,0.26961651653742,0.2854668885595839,crash_overlay_exit,952.8516688891561
2018-12-24,BMTC,0.15876492056738623,0.22482702718694614,crash_overlay_exit,1613.153884411454
2018-12-24,ORIT,0.04519205567468343,0.05246919464977218,crash_overlay_exit,1613.153884411454
2018-12-24,NP_old,-0.043997060936343924,-0.043997060936343924,crash_overlay_exit,2118.3035862994375
2018-12-24,ESSA,0.24341238680721577,0.243412386807216,crash_overlay_exit,1972.2337762427612
2018-12-24,AJX,0.01918666413489656,0.01918666413489656,crash_overlay_exit,2173.724657809442
2018-12-24,DHIL,-0.15043561539697647,-0.15043561539697636,crash_overlay_exit,2173.724657809442
2018-12-24,BOKFL,0.078424749166353,0.08419025669981162,crash_overlay_exit,2702.1856755203335
2018-12-24,CORLQ,0.059091443639515795,0.0631669051417676,crash_overlay_exit,2702.1856755203335
2018-12-24,RPT_old,0.17860367322818038,0.17860367322818016,crash_overlay_exit,2702.1856755203335
2018-12-24,BLMT,-0.06839383065300886,-0.06839383065300897,crash_overlay_exit,2702.1856755203335
2018-12-24,CHSP,0.029653153841977975,0.029653153841977975,crash_overlay_exit,2702.1856755203335
2018-12-24,WMC,0.028071587188418956,0.028071587188419178,crash_overlay_exit,2702.185675520313
2018-12-24,VVI,0.0019195577034170075,0.009340340892101784,crash_overlay_exit,2832.892166259856
2018-12-24,SLD,0.19915578561934244,0.19915578561934266,crash_overlay_exit,2832.892166259856
2018-12-24,SIFI_old,-0.1707111748227358,-0.1653107714091474,crash_overlay_exit,2846.6586511197183
2018-12-24,HTBI,-0.035715898417620795,-0.03523668386728529,crash_overlay_exit,2846.6586511197183
2018-12-24,NCOM,-0.22197148331336514,-0.21635510482708054,crash_overlay_exit,2846.6586511197183
2018-12-24,SBBX,-0.23913385473593896,-0.23913385473593907,crash_overlay_exit,2381.8433842449153
2018-12-24,EBSB,-0.32428000258051093,-0.32384693360809014,crash_overlay_exit,2381.8433842449153
2018-12-24,CCLDP,0.12377455289358474,0.12377455289358474,crash_overlay_exit,2381.8433842449153
2018-12-24,MCBC,-0.08655735474131732,-0.06665224230242217,crash_overlay_exit,2381.8433842449153
2018-12-24,PCSB,-0.015508843103885894,-0.015508843103885894,crash_overlay_exit,2381.8433842449153
2018-12-24,PRTNQ,-0.25061637612424015,-0.23204645590601036,crash_overlay_exit,2437.4494001998187
2018-12-24,VNTR,-0.4632141613733177,-0.45643877759126994,crash_overlay_exit,2437.4494001998187
2018-12-24,NXTM,0.14678496238546512,0.15046890435698423,crash_overlay_exit,2437.4494001998187
2018-12-24,COBZ,0.13931455097160006,0.13931455097159984,crash_overlay_exit,2437.4494001998187
2018-12-24,VNTRD,-0.459480140105785,-0.45265762499999995,crash_overlay_exit,1.3088700356483458
2018-12-24,OLBK,-0.23583433166341616,-0.22910336445697677,crash_overlay_exit,2437.4494001998187
2018-12-24,ANCX,-0.27350922652203513,-0.27350922652203513,crash_overlay_exit,2437.4494001998187
2018-12-24,SYKE,-0.20971592073107326,-0.20971592073107315,crash_overlay_exit,2437.4494001998187
2018-12-24,LBAI,-0.29449754746298895,-0.29449754746298895,crash_overlay_exit,3492.076706338002
2018-12-24,FDEF,-0.2940316894202869,-0.2940316894202869,crash_overlay_exit,3492.076706338002
2018-12-24,ABTX,-0.32676954701497696,-0.32676954701497685,crash_overlay_exit,3492.076706338002
2018-12-24,PBFX,-0.04651803291487955,-0.035513708301361135,crash_overlay_exit,3492.076706338002
2018-12-24,UCFC,-0.220048011113112,-0.2200480111131119,crash_overlay_exit,3492.076706338002
2018-12-24,FFIC,-0.2104455155923144,-0.21044551559231428,crash_overlay_exit,3492.076706338002
2018-12-24,CALL,0.0170175414985283,0.01701754149852852,crash_overlay_exit,3492.076706338002
2018-12-24,PRTMQ,-0.31370323187646965,-0.3031767427368901,crash_overlay_exit,3492.076706338002
2018-12-24,PFC,-0.2940327426675061,-0.2940327426675061,crash_overlay_exit,3492.076706338002
2018-12-24,MYT,-0.9840561647859606,-0.9840561647859606,crash_overlay_exit,3492.076706338002
2018-12-24,MOFG,-0.28998414507041126,-0.2832817707606605,crash_overlay_exit,3492.076706338002
2018-12-24,PRETM,-0.31370323187646965,-0.3031767427368901,crash_overlay_exit,3492.076706338002
2018-12-24,HTLF,-0.2734395368216571,-0.2734395368216571,crash_overlay_exit,3023.286676045832
2018-12-24,MITL,0.010876867633553555,0.010876867633553555,crash_overlay_exit,3023.286676045832
2018-12-24,ADES,-0.18178896563286773,-0.18178896563286773,crash_overlay_exit,3023.286676045832
2018-12-24,SNCA,0.0,0.0,crash_overlay_exit,3023.286676045832
2018-12-24,AAIC,-0.19058417155399965,-0.19058417155399965,crash_overlay_exit,3023.286676045832
2018-12-24,NYRT,-0.042338369760171024,-0.042338369760171135,crash_overlay_exit,3023.286676045832
2018-12-24,CSWI,-0.13854680001962638,-0.13854680001962627,crash_overlay_exit,3023.286676045832
2018-12-24,PIXY,-0.013696731614744828,-0.01369673161474494,crash_overlay_exit,3023.286676045832
2018-12-24,CORRQ,-0.13038853877409162,-0.13038853877409162,crash_overlay_exit,3023.286676045832
2018-12-24,PMBC,-0.22897745103943024,-0.22897745103943012,crash_overlay_exit,3023.286676045832
2018-12-24,ACBI,-0.07164286462170288,-0.062089549961374724,crash_overlay_exit,3023.286676045832
2018-12-24,BOCH,-0.15248611510051557,-0.13847383472548735,crash_overlay_exit,3023.286676045832
2018-12-24,ICBK,-0.21505959656258244,-0.20873775960512642,crash_overlay_exit,3023.286676045832
2018-12-24,PWOD,-0.10787508488033426,-0.0988636930673309,crash_overlay_exit,3023.286676045832
2018-12-24,TRCB,-0.294462006777634,-0.2944620067776341,crash_overlay_exit,3023.286676045832
2018-12-24,CVCY,-0.13380113256878423,-0.13380113256878434,crash_overlay_exit,3023.286676045832
2018-12-24,AI_old1,-0.19057935153900696,-0.19057935153900696,crash_overlay_exit,3023.286676045832
2018-12-24,PUB,-0.17600631852002946,-0.16270113906511452,crash_overlay_exit,3023.286676045832
2018-12-24,BRKL_old,-0.22464984361680584,-0.22464984361680584,crash_overlay_exit,3023.286676045832
2018-12-24,CWAY,0.000532207052036604,0.000532207052036604,crash_overlay_exit,3023.286676045832
2018-12-24,ALTA,-0.17600553087558268,-0.16270033870242628,crash_overlay_exit,3023.286676045832
2018-12-24,CTT,-0.3780929905426156,-0.374840034086388,crash_overlay_exit,3023.286676045832
2018-12-24,MFSF,-0.32866378747516944,-0.32866378747516956,crash_overlay_exit,3023.286676045832
2018-12-31,NP_old,-0.028351500016677855,-0.02496755836195219,rebalance_exit,1412.2023908662918
2018-12-31,BLMT,-0.03790232836848284,-0.030742703749300437,rebalance_exit,1801.457117013556
2018-12-31,SLD,0.19915578561934244,0.19915578561934266,rebalance_exit,1888.5947775065706
2018-12-31,PRTNQ,-0.19370963066994418,-0.1826049498014254,rebalance_exit,1624.9662667998791
2018-12-31,VNTR,-0.43763764002915495,-0.4277584301428977,rebalance_exit,1624.9662667998791
2018-12-31,COBZ,0.13931455097160006,0.13931455097159984,rebalance_exit,1624.9662667998791
2018-12-31,VNTRD,-0.4337256825668404,-0.42377774999999995,rebalance_exit,0.8725800237655639
2018-12-31,OLBK,-0.20928895728423325,-0.20212290337981087,rebalance_exit,1624.9662667998791
2018-12-31,ANCX,-0.253918023328351,-0.24703361514553346,rebalance_exit,1624.9662667998791
2018-12-31,SYKE,-0.14842160048564457,-0.14842160048564446,rebalance_exit,1624.9662667998791
2018-12-31,ABTX,-0.2572433067716472,-0.2572433067716473,rebalance_exit,2328.051137558668
2018-12-31,PBFX,-0.0027652619948261847,-0.0027652619948261847,rebalance_exit,2328.051137558668
2018-12-31,CALL,0.01701754149852852,0.01701754149852852,rebalance_exit,2328.051137558668
2018-12-31,PRTMQ,-0.273129670730336,-0.26958358877162447,rebalance_exit,2328.051137558668
2018-12-31,MYT,-0.9871058327797377,-0.987035341506706,rebalance_exit,2328.051137558668
2018-12-31,MOFG,-0.25570545370617015,-0.25570545370617015,rebalance_exit,2328.051137558668
2018-12-31,PRETM,-0.273129670730336,-0.26958358877162447,rebalance_exit,2328.051137558668
2018-12-31,MITL,0.010876867633553555,0.010876867633553555,rebalance_exit,2015.5244506972213
2018-12-31,ADES,-0.09611133022692075,-0.09611133022692064,rebalance_exit,2015.5244506972213
2018-12-31,SNCA,-0.002656245214603392,0.0,rebalance_exit,2015.5244506972213
2018-12-31,NYRT,-0.042338369760171135,-0.042338369760171135,rebalance_exit,2015.5244506972213
2018-12-31,CSWI,-0.10586440500148109,-0.09962682149101587,rebalance_exit,2015.5244506972213
2018-12-31,PIXY,-0.07630539128381875,-0.01369673161474494,rebalance_exit,2015.5244506972213
2018-12-31,PMBC,-0.23961223467606685,-0.23961223467606696,rebalance_exit,2015.5244506972213
2018-12-31,ACBI,-0.028633269658268623,-0.02268651706069258,rebalance_exit,2015.5244506972213
2018-12-31,BOCH,-0.11679595021590161,-0.10254839119637027,rebalance_exit,2015.5244506972213
2018-12-31,ICBK,-0.3138459533029191,-0.30584864492208064,rebalance_exit,2015.5244506972213
2018-12-31,TRCB,-0.11766310994293061,-0.11677272525263493,rebalance_exit,2015.5244506972213
2018-12-31,CVCY,-0.1366024735113468,-0.12825742104693016,rebalance_exit,2015.5244506972213
2018-12-31,PUB,-0.12876429421738111,-0.11422445267445847,rebalance_exit,2015.5244506972213
2018-12-31,CWAY,0.000532207052036604,0.000532207052036604,rebalance_exit,2015.5244506972213
2018-12-31,ALTA,-0.12876648825111148,-0.11422668332388564,rebalance_exit,2015.5244506972213
2018-12-31,CTT,-0.3710139143209651,-0.3695143704154783,rebalance_exit,2015.5244506972213
2018-12-31,MFSF,-0.2781646005139976,-0.2766653249514318,rebalance_exit,2015.5244506972213
2019-03-29,BHLB,0.40786234804000143,0.4197290705677177,rebalance_exit,276.4680486074755
2019-03-29,NXTM,0.20594221239142407,0.20594221239142363,rebalance_exit,1624.9662667998791
2019-03-29,LBAI,-0.23988297959509208,-0.2355900990113161,rebalance_exit,2328.051137558668
2019-03-29,AAIC,-0.06837838311590871,-0.06247779294639855,rebalance_exit,2015.5244506972213
2019-03-29,AI_old1,-0.06839227080685473,-0.06249176859748995,rebalance_exit,2015.5244506972213
2019-03-29,MGP,0.2311899237528643,0.23118992375286407,rebalance_exit,5614.372654961996
2019-03-29,PRETL,0.32423980804490493,0.32605545184680995,rebalance_exit,5614.372654961996
2019-03-29,HMLP,0.29692426755200985,0.29746147440318427,rebalance_exit,5614.372654961996
2019-03-29,FLY_old,0.29709422923113693,0.29709422923113693,rebalance_exit,5614.372654961996
2019-03-29,MLHR,0.16031382056521593,0.16925449152986483,rebalance_exit,5614.372654961996
2019-03-29,UCBI,0.16173950980749985,0.16173950980750007,rebalance_exit,5614.372654961996
2019-03-29,EVA,0.17782465134316694,0.17862772250088654,rebalance_exit,5614.372654961996
2019-03-29,RVIC,0.18428725844357619,0.1911450956439653,rebalance_exit,5614.372654961996
2019-03-29,CKH,0.11999648744331015,0.13027504274788715,rebalance_exit,5614.372654961996
2019-03-29,CATC,-0.008880130336557546,-0.008880130336557546,rebalance_exit,5614.372654961996
2019-03-29,CNXM,-0.0557647915673386,-0.05576479156733849,rebalance_exit,5614.372654961996
2019-03-29,CSGS,0.32132152264703717,0.324203960702778,rebalance_exit,5614.372654961996
2019-06-28,SIFI_old,-0.01559672422442715,-0.01559672422442726,rebalance_exit,1897.7724340798122
2019-06-28,NCOM,-0.08387850973322686,-0.08387850973322697,rebalance_exit,1897.7724340798122
2019-06-28,MCBC,0.05755327158233836,0.06079738946776203,rebalance_exit,1587.8955894966107
2019-06-28,HTLF,-0.22222125107851565,-0.22222125107851576,rebalance_exit,2015.5244506972213
2019-06-28,PWOD,0.06906685194225282,0.07407073882857929,rebalance_exit,2015.5244506972213
2019-06-28,BRKL_old,-0.059795918554677696,-0.05979591855467781,rebalance_exit,2015.5244506972213
2019-06-28,STAR,0.37789200267732537,0.37789200267732537,rebalance_exit,5614.372654961996
2019-06-28,COT,-0.03866300661126143,-0.03866300661126154,rebalance_exit,5614.372654961996
2019-06-28,FBC,0.25371948744625517,0.2537194874462554,rebalance_exit,5614.372654961996
2019-06-28,MGIC,0.17802305349904413,0.17818752652978476,rebalance_exit,5614.372654961996
2019-06-28,BHBK,0.12209688174966371,0.12209688174966349,rebalance_exit,5614.372654961996
2019-06-28,PRMW,-0.04313265458939808,-0.04313265458939819,rebalance_exit,5614.372654961996
2019-06-28,RILYH,0.09815738218144165,0.09815738218144143,rebalance_exit,5614.372654961996
2019-06-28,AY,0.1914067637840724,0.19202071508665064,rebalance_exit,5614.372654961996
2019-06-28,BKCC,0.18930995561295272,0.19062083691249376,rebalance_exit,5614.372654961996
2019-06-28,CBTX,-0.041525404461306925,-0.041525404461306814,rebalance_exit,5614.372654961996
2019-06-28,PRFT,0.5345123787004944,0.5345123787004946,rebalance_exit,5614.372654961996
2019-06-28,SNCA,-0.036006801620072526,-0.036006801620072526,rebalance_exit,5843.710948907153
2019-06-28,CSWI,0.19035725223116362,0.19035725223116362,rebalance_exit,5843.710948907153
2019-06-28,AXE,0.06415965843808857,0.06415965843808857,rebalance_exit,5843.710948907153
2019-06-28,MLVF,0.08971531767278917,0.08971531767278917,rebalance_exit,5843.710948907153
2019-06-28,IHC,0.10427797527655569,0.10427797527655569,rebalance_exit,5843.710948907153
2019-06-28,AT,-0.04289297557738392,-0.04289297557738392,rebalance_exit,5843.710948907153
2019-06-28,PRA,0.04884578840024334,0.050600427912167456,rebalance_exit,5843.710948907153
2019-06-28,PRGX,-0.1607100388063325,-0.1607100388063325,rebalance_exit,5843.710948907153
2019-06-28,TVPT,0.0006353688990285988,0.0006353688990285988,rebalance_exit,5843.710948907153
2019-06-28,GOODM,0.006833532771032935,0.006833532771032935,rebalance_exit,5843.710948907153
2019-06-28,AIY,-0.009633911084774849,-0.00963391108477496,rebalance_exit,5843.710948907136
2019-09-30,CHSP,0.2136689101257292,0.2136689101257292,rebalance_exit,1801.457117013556
2019-09-30,KNL,0.5663357073588573,0.5663357073588575,rebalance_exit,5614.372654961996
2019-09-30,CAPD,0.2151067822773025,0.2151067822773025,rebalance_exit,5614.372654961996
2019-09-30,ROIC,0.18328828784726348,0.18762349066959394,rebalance_exit,5614.372654961996
2019-09-30,GPP,0.073086663244601,0.07618449617036127,rebalance_exit,5614.372654961996
2019-09-30,FFG,-0.06938897199843241,-0.06536466768726956,rebalance_exit,5614.372654961996
2019-09-30,AINV,0.1186763256835941,0.12100150361588291,rebalance_exit,5843.710948907153
2019-09-30,ABTX,-0.05904305286419009,-0.05422061898817021,rebalance_exit,5843.710948907153
2019-09-30,MTSC,0.022871710841515736,0.02546054962852784,rebalance_exit,5843.710948907153
2019-09-30,FLIC,0.03895116861248216,0.04093357376116269,rebalance_exit,5843.710948907153
2019-09-30,AAIC,-0.1481477499130348,-0.1409628211618169,rebalance_exit,7433.206146618788
2019-09-30,THR,-0.10473285298185198,-0.10409357177397627,rebalance_exit,7433.206146618788
2019-09-30,EMCI,0.004974761102378267,0.004974761102378045,rebalance_exit,7433.206146618788
2019-09-30,CVCY,-0.06328808281187659,-0.052165764681143645,rebalance_exit,7433.206146618788
2019-09-30,ATRI,-0.08975245618706362,-0.08446825455969531,rebalance_exit,7433.206146618788
2019-09-30,AI_old1,-0.14815574021486355,-0.1409708788576678,rebalance_exit,7433.206146618788
2019-09-30,FCBP,-0.05905558771242614,-0.05372740557863742,rebalance_exit,7433.206146618788
2019-09-30,NRE,0.04220429933075187,0.04220429933075187,rebalance_exit,7433.206146618788
2019-09-30,ACBI,0.012850426551985095,0.012850426551985095,rebalance_exit,7433.206146618788
2019-12-31,BFIN,0.2139484398959135,0.22002408650039307,rebalance_exit,635.2344459261042
2019-12-31,ORIT,0.4575724937633978,0.4575724937633978,rebalance_exit,1075.4359229409695
2019-12-31,VVI,0.44011394579059027,0.44564919766710975,rebalance_exit,1888.5947775065706
2019-12-31,FFIC,-0.12971868255499774,-0.127813483947113,rebalance_exit,2328.051137558668
2019-12-31,CORRQ,0.18972849670076397,0.1897284967007642,rebalance_exit,2015.5244506972213
2019-12-31,AYR,0.9417760961546715,0.9437026041532981,rebalance_exit,5614.372654961996
2019-12-31,SP,0.4351393316684582,0.43635744719537106,rebalance_exit,5614.372654961996
2019-12-31,JCAP_old,0.03507575263660878,0.03507575263660856,rebalance_exit,5614.372654961996
2019-12-31,CARO,0.4674106888356968,0.4701631386137852,rebalance_exit,5614.372654961996
2019-12-31,SYKE,0.34438449012589456,0.34705036095150166,rebalance_exit,7433.206146618788
2019-12-31,PRTMQ,-0.07400015129952486,-0.07400015129952486,rebalance_exit,7433.206146618788
2019-12-31,ATAX,0.11505311325200895,0.11505311325200895,rebalance_exit,7433.206146618788
2019-12-31,PRETM,-0.07400015129952486,-0.07400015129952486,rebalance_exit,7433.206146618788
2019-12-31,CTT,0.12617209910552307,0.12617209910552307,rebalance_exit,7433.206146618788
2019-12-31,PMBC,0.07329213373168963,0.07911816843427033,rebalance_exit,7660.4674596310215
2019-12-31,CLI,0.073499979700836,0.07512014722496274,rebalance_exit,7660.4674596310215
2019-12-31,OLBK,-0.00620476745107279,-0.00620476745107279,rebalance_exit,7660.4674596310215
2019-12-31,CLNC,-0.08133879755049811,-0.07305790396533551,rebalance_exit,7660.4674596310215
2019-12-31,WDR,-0.014189133294551404,-0.014189133294551515,rebalance_exit,7660.4674596310215
2020-02-27,CMO,0.028016368426381,0.028016368426381,crash_overlay_exit,193.18991421917013
2020-02-27,ANH,0.2417755235466159,0.2417755235466159,crash_overlay_exit,242.96423167687325
2020-02-27,BMTC,0.33054569108783993,0.3305456910878397,crash_overlay_exit,645.2615537645817
2020-02-27,ESSA,0.3108738516279721,0.3133857483562268,crash_overlay_exit,788.8935104971046
2020-02-27,AJX,0.38449858742656273,0.38449858742656273,crash_overlay_exit,869.4898631237767
2020-02-27,DHIL,-0.1971990815680399,-0.19719908156804,crash_overlay_exit,869.4898631237767
2020-02-27,BOKFL,0.29972709600588754,0.29972709600588754,crash_overlay_exit,1080.8742702081336
2020-02-27,CORLQ,0.257405572670631,0.25740557267063124,crash_overlay_exit,1080.8742702081336
2020-02-27,RPT_old,0.7034681070784712,0.7034681070784712,crash_overlay_exit,1080.8742702081336
2020-02-27,WMC,0.44715325533062567,0.44715325533062567,crash_overlay_exit,1080.8742702081252
2020-02-27,HTBI,-0.024616777325606076,-0.024616777325606076,crash_overlay_exit,1138.6634604478872
2020-02-27,SBBX,-0.1340768749142478,-0.1340768749142478,crash_overlay_exit,952.7373536979663
2020-02-27,EBSB,-0.16762159983226832,-0.16762159983226832,crash_overlay_exit,952.7373536979663
2020-02-27,CCLDP,0.34080645997866377,0.34080645997866377,crash_overlay_exit,952.7373536979663
2020-02-27,PCSB,-0.012457838618036843,-0.012457838618036954,crash_overlay_exit,952.7373536979663
2020-02-27,FDEF,-0.23867548298093677,-0.23867548298093677,crash_overlay_exit,1396.8306825352008
2020-02-27,UCFC,0.03501192225563576,0.035011922255635985,crash_overlay_exit,1396.8306825352008
2020-02-27,PFC,-0.2386762164211279,-0.2386762164211279,crash_overlay_exit,1396.8306825352008
2020-02-27,RZA,0.16342897556366687,0.16342897556366687,crash_overlay_exit,3368.6235929771974
2020-02-27,OPINI,0.2230181278350345,0.2230181278350345,crash_overlay_exit,3368.6235929771974
2020-02-27,SLCT,-0.12337323697062985,-0.12337323697062985,crash_overlay_exit,3368.6235929771974
2020-02-27,SASR,0.0621461872293696,0.06214618722936982,crash_overlay_exit,3368.6235929771974
2020-02-27,COWNL,0.16256878862309865,0.16256878862309843,crash_overlay_exit,3368.6235929771974
2020-02-27,PJC,0.23760975989002642,0.23760975989002642,crash_overlay_exit,3368.6235929771638
2020-02-27,LMRKO,0.06494045022547024,0.06494045022547001,crash_overlay_exit,4459.923687971273
2020-02-27,STXB,-0.16525257256584813,-0.15497083780490162,crash_overlay_exit,4459.923687971273
2020-02-27,BOCH,0.005275589089704047,0.005275589089704047,crash_overlay_exit,4459.923687971273
2020-02-27,EVA,0.20802842517377784,0.20802842517377762,crash_overlay_exit,4459.923687971273
2020-02-27,PBFX,-0.03623303913643361,-0.03623303913643372,crash_overlay_exit,4459.923687971273
2020-02-27,LBC,-0.027452238287846598,-0.02423928753368687,crash_overlay_exit,4459.923687971273
2020-02-27,PRTNQ,-0.17332985617882846,-0.17332985617882846,crash_overlay_exit,4596.2804757786125
2020-02-27,PRETL,-0.3054178267776789,-0.3054178267776789,crash_overlay_exit,4596.2804757786125
2020-02-27,MCBC,-0.047498346317175866,-0.03938362514090732,crash_overlay_exit,4596.2804757786125
2020-02-27,RVIC,-0.145660904130115,-0.145660904130115,crash_overlay_exit,4596.2804757786125
2020-02-27,PWOD,-0.02531504856008815,-0.02531504856008826,crash_overlay_exit,4596.2804757786125
2020-02-27,MLVF,-0.08795236294109832,-0.08795236294109843,crash_overlay_exit,4596.2804757786125
2020-02-27,HTBK,-0.07714214287387489,-0.077142142873875,crash_overlay_exit,4596.2804757786125
2020-02-27,BRKL_old,-0.022289367804563254,-0.022289367804563254,crash_overlay_exit,4596.2804757786125
2020-02-27,VBTX,0.04162575525166745,0.04162575525166745,crash_overlay_exit,4596.2804757786125
2020-02-27,DENN,-0.2161302204731701,-0.2161302204731702,crash_overlay_exit,4596.2804757786125
2020-02-27,IBKCN,0.027967174380827853,0.027967174380827853,crash_overlay_exit,4596.2804757786125
2020-02-27,HTLF,-0.0841244885643001,-0.0841244885643001,crash_overlay_exit,3473.0852521651113
2020-02-27,BHLB,-0.23527367677048872,-0.23527367677048872,crash_overlay_exit,3473.0852521651113
2020-02-27,ENFC,-0.0004913746403576447,-0.0004913746403575336,crash_overlay_exit,3473.0852521651113
2020-02-27,CSWI,-0.08617096462239204,-0.08617096462239182,crash_overlay_exit,3473.0852521651113
2020-02-27,STAR,0.08890377721507026,0.08890377721507026,crash_overlay_exit,3473.0852521651113
2020-02-27,LBAI,-0.1323917238455411,-0.1323917238455411,crash_overlay_exit,3473.0852521651113
2020-02-27,SVBI,-0.11853164518472692,-0.11853164518472703,crash_overlay_exit,3473.0852521651113
2020-02-27,AMBC,-0.08559648247927054,-0.07942050699413261,crash_overlay_exit,3473.0852521651113
2020-02-27,CSTR,-0.15155678816690976,-0.15155678816690987,crash_overlay_exit,3473.0852521651113
2020-02-27,VWTR,-0.13351162723884125,-0.13351162723884136,crash_overlay_exit,3473.0852521651113
2020-02-27,VER,-0.03571473720848406,-0.03571473720848395,crash_overlay_exit,3473.0852521651113
2020-02-27,RMRM,-0.003962315564236096,-0.003962315564235985,crash_overlay_exit,3473.0852521651113
2020-02-27,FLIC,-0.15021650746482973,-0.15021650746482984,crash_overlay_exit,3473.0852521651113
2020-02-27,IHC,-0.11940838368858442,-0.1088396528836586,crash_overlay_exit,3473.0852521651113
2020-02-27,BKCC,-0.06713851233086698,-0.06713851233086698,crash_overlay_exit,3473.0852521651113
2020-02-27,NCBS,-0.0732409607772403,-0.0732409607772403,crash_overlay_exit,3473.0852521651113
2020-02-27,PRA,-0.17957964317208952,-0.17957964317208952,crash_overlay_exit,3473.0852521651113
2020-02-27,TPRE,-0.10129321175947759,-0.10129321175947759,crash_overlay_exit,3473.0852521651113
2020-02-27,WAIR,0.0015558326880957818,0.0015558326880960038,crash_overlay_exit,3473.0852521651113
2020-02-27,FFWM,-0.15166350939560003,-0.15166350939560003,crash_overlay_exit,3473.0852521651113
2020-02-27,FFG,-0.16864604504593006,-0.16864604504592995,crash_overlay_exit,3473.0852521651113
2020-02-28,BMTC,0.27236311252732226,0.2723631125273218,sector_crash_overlay_exit,258.10462150583265
2020-02-28,ESSA,0.337108011035947,0.3401252922612823,sector_crash_overlay_exit,315.55740419884177
2020-02-28,BOKFL,0.28607934248353795,0.2860793424835377,sector_crash_overlay_exit,432.3497080832534
2020-02-28,CORLQ,0.22827081961359585,0.23784643594592314,sector_crash_overlay_exit,432.3497080832534
2020-02-28,HTBI,-0.06476430533261546,-0.06476430533261535,sector_crash_overlay_exit,455.46538417915497
2020-02-28,SBBX,-0.16050282397659166,-0.16050282397659155,sector_crash_overlay_exit,381.0949414791866
2020-02-28,EBSB,-0.1810119977219642,-0.18101199772196408,sector_crash_overlay_exit,381.0949414791866
2020-02-28,PCSB,-0.022570887736757417,-0.022570887736757195,sector_crash_overlay_exit,381.0949414791866
2020-02-28,FDEF,-0.25288889636276335,-0.25288889636276335,sector_crash_overlay_exit,558.7322730140803
2020-02-28,UCFC,0.035011922255635985,0.035011922255635985,sector_crash_overlay_exit,558.7322730140803
2020-02-28,PFC,-0.2528902875472583,-0.2528902875472584,sector_crash_overlay_exit,558.7322730140803
2020-02-28,OPINI,0.1872249076508281,0.1889815541530615,sector_crash_overlay_exit,1347.449437190879
2020-02-28,SLCT,-0.15243266088420449,-0.15243266088420449,sector_crash_overlay_exit,1347.449437190879
2020-02-28,SASR,0.014960622312377492,0.01496062231237727,sector_crash_overlay_exit,1347.449437190879
2020-02-28,BOCH,-0.008476518898855478,-0.008476518898855256,sector_crash_overlay_exit,1783.9694751885093
2020-02-28,LBC,-0.02703850552072018,-0.02703850552072018,sector_crash_overlay_exit,1783.9694751885093
2020-02-28,PRTNQ,-0.23087064179971983,-0.23087064179971972,sector_crash_overlay_exit,1838.5121903114452
2020-02-28,PRETL,-0.33747355236711907,-0.3374735523671192,sector_crash_overlay_exit,1838.5121903114452
2020-02-28,MCBC,-0.061768639954519866,-0.061768639954519644,sector_crash_overlay_exit,1838.5121903114452
2020-02-28,PWOD,-0.020417809823517707,-0.012214699808775098,sector_crash_overlay_exit,1838.5121903114452
2020-02-28,MLVF,-0.12414104873769427,-0.12414104873769427,sector_crash_overlay_exit,1838.5121903114452
2020-02-28,BRKL_old,-0.04969581994562322,-0.04969581994562311,sector_crash_overlay_exit,1838.5121903114452
2020-02-28,IBKCN,-0.013061351080369987,0.00233459106607925,sector_crash_overlay_exit,1838.5121903114452
2020-02-28,HTLF,-0.1370882723367275,-0.1370882723367276,sector_crash_overlay_exit,1389.2341008660444
2020-02-28,BHLB,-0.2542156529443427,-0.2542156529443429,sector_crash_overlay_exit,1389.2341008660444
2020-02-28,ENFC,-0.0004913746403573116,-0.0004913746403575336,sector_crash_overlay_exit,1389.2341008660444
2020-02-28,LBAI,-0.1679176879744534,-0.1679176879744534,sector_crash_overlay_exit,1389.2341008660444
2020-02-28,SVBI,-0.14101691496194857,-0.14101691496194868,sector_crash_overlay_exit,1389.2341008660444
2020-02-28,AMBC,-0.11266114595933163,-0.11266114595933174,sector_crash_overlay_exit,1389.2341008660444
2020-02-28,CSTR,-0.1912704612442936,-0.1912704612442936,sector_crash_overlay_exit,1389.2341008660444
2020-02-28,RMRM,-0.08663251481204381,-0.08663251481204393,sector_crash_overlay_exit,1389.2341008660444
2020-02-28,NCBS,-0.10333233758784233,-0.10333233758784233,sector_crash_overlay_exit,1389.2341008660444
2020-02-28,FFG,-0.18968391327717982,-0.18968391327718004,sector_crash_overlay_exit,1389.2341008660444
2020-03-03,CMO,0.0376203778305757,0.0376203778305757,crash_overlay_exit,77.27596568766806
2020-03-03,ANH,0.238467677823891,0.2417755235466159,crash_overlay_exit,97.1856926707493
2020-03-03,BMTC,0.28936407163603506,0.30451701489783045,crash_overlay_exit,103.24184860233309
2020-03-03,ESSA,0.3328395370996944,0.3328395370996946,crash_overlay_exit,126.22296167953674
2020-03-03,AJX,0.4009504384661533,0.4009504384661531,crash_overlay_exit,347.7959452495106
2020-03-03,DHIL,-0.20869966183385869,-0.19142328125967922,crash_overlay_exit,347.7959452495106
2020-03-03,BOKFL,0.3115049863734267,0.3115049863734265,crash_overlay_exit,172.93988323330137
2020-03-03,CORLQ,0.27140802449354307,0.27438691587329167,crash_overlay_exit,172.93988323330137
2020-03-03,RPT_old,0.723707175889017,0.7237071758890175,crash_overlay_exit,432.3497080832534
2020-03-03,WMC,0.4859114453666451,0.4969566707809925,crash_overlay_exit,432.34970808325
2020-03-03,HTBI,-0.0738757758125409,-0.06752120947680462,crash_overlay_exit,182.186153671662
2020-03-03,SBBX,-0.1850456942220443,-0.17659079512172238,crash_overlay_exit,152.43797659167464
2020-03-03,EBSB,-0.19555274648953103,-0.18002488805843897,crash_overlay_exit,152.43797659167464
2020-03-03,CCLDP,0.3170822006577765,0.3225105379275952,crash_overlay_exit,381.0949414791866
2020-03-03,PCSB,-0.025195243197587147,-0.020441193369681976,crash_overlay_exit,152.43797659167464
2020-03-03,FDEF,-0.2172846154435083,-0.21180768033755093,crash_overlay_exit,223.4929092056321
2020-03-03,UCFC,0.03501192225563643,0.035011922255635985,crash_overlay_exit,223.4929092056321
2020-03-03,PFC,-0.21728472664865772,-0.21180779232084201,crash_overlay_exit,223.4929092056321
2020-03-03,RZA,0.13833958900322596,0.14328445213683572,crash_overlay_exit,1347.449437190879
2020-03-03,OPINI,0.22541804357704143,0.22541804357704143,crash_overlay_exit,538.9797748763517
2020-03-03,SLCT,-0.1460775508332809,-0.1346740855575025,crash_overlay_exit,538.9797748763517
2020-03-03,SASR,0.05441221231871851,0.05488685752860678,crash_overlay_exit,538.9797748763517
2020-03-03,COWNL,0.20436021608619837,0.20436021608619837,crash_overlay_exit,1347.449437190879
2020-03-03,PJC,0.23760975989002642,0.23760975989002642,crash_overlay_exit,1347.4494371908654
2020-03-03,LMRKO,0.06288581678566452,0.06288581678566474,crash_overlay_exit,1783.9694751885093
2020-03-03,STXB,-0.1925292416901696,-0.1882045515933719,crash_overlay_exit,1783.9694751885093
2020-03-03,BOCH,-0.04562801376700709,-0.040248578476813845,crash_overlay_exit,713.5877900754036
2020-03-03,EVA,0.23545161673309312,0.2417720399447807,crash_overlay_exit,1783.9694751885093
2020-03-03,PBFX,-0.07822126936180074,-0.06578955179124102,crash_overlay_exit,1783.9694751885093
2020-03-03,LBC,-0.056302417971571206,-0.043823464238517684,crash_overlay_exit,713.5877900754036
2020-03-03,PRTNQ,-0.2668557959073855,-0.2551521249646931,crash_overlay_exit,735.4048761245782
2020-03-03,PRETL,-0.3424526650118819,-0.33695972491294524,crash_overlay_exit,735.4048761245782
2020-03-03,MCBC,-0.08797174156725884,-0.07636698930634644,crash_overlay_exit,735.4048761245782
2020-03-03,RVIC,-0.21897821259985728,-0.21772101876110295,crash_overlay_exit,1838.5121903114452
2020-03-03,PWOD,-0.02073012619249337,-0.02073012619249337,crash_overlay_exit,735.4048761245782
2020-03-03,MLVF,-0.14521301362220906,-0.14521301362220884,crash_overlay_exit,735.4048761245782
2020-03-03,HTBK,-0.0977606826073405,-0.09184303040673325,crash_overlay_exit,1838.5121903114452
2020-03-03,BRKL_old,-0.048276473441156265,-0.03325015479265481,crash_overlay_exit,735.4048761245782
2020-03-03,VBTX,-0.02123144416203715,-0.006095682932812596,crash_overlay_exit,1838.5121903114452
2020-03-03,DENN,-0.283126202121162,-0.2785082155572023,crash_overlay_exit,1838.5121903114452
2020-03-03,IBKCN,0.012281127378591439,0.01228112737859166,crash_overlay_exit,735.4048761245782
2020-03-03,HTLF,-0.13311281688197385,-0.1213809659642403,crash_overlay_exit,555.6936403464179
2020-03-03,BHLB,-0.2728052478874936,-0.2587971648176459,crash_overlay_exit,555.6936403464179
2020-03-03,ENFC,-0.0004913746403575336,-0.0004913746403575336,crash_overlay_exit,555.6936403464179
2020-03-03,CSWI,-0.09448233358642355,-0.09448233358642344,crash_overlay_exit,1389.2341008660444
2020-03-03,STAR,0.09445241418634942,0.09445241418634964,crash_overlay_exit,1389.2341008660444
2020-03-03,LBAI,-0.17485994495955237,-0.15838604193760353,crash_overlay_exit,555.6936403464179
2020-03-03,SVBI,-0.15985330365023043,-0.14316101032511974,crash_overlay_exit,555.6936403464179
2020-03-03,AMBC,-0.12651135348985032,-0.1265113534898501,crash_overlay_exit,555.6936403464179
2020-03-03,CSTR,-0.21854554546923488,-0.21112729778298556,crash_overlay_exit,555.6936403464179
2020-03-03,VWTR,-0.15319868194067965,-0.14248143498585752,crash_overlay_exit,1389.2341008660444
2020-03-03,VER,-0.03787958367791422,-0.03787958367791433,crash_overlay_exit,1389.2341008660444
2020-03-03,RMRM,-0.05098869217478863,-0.05098869217478874,crash_overlay_exit,555.6936403464179
2020-03-03,FLIC,-0.15930938866095068,-0.1566248697728767,crash_overlay_exit,1389.2341008660444
2020-03-03,IHC,-0.14196748600586828,-0.13212983738464112,crash_overlay_exit,1389.2341008660444
2020-03-03,BKCC,-0.06114094056624886,-0.06114094056624886,crash_overlay_exit,1389.2341008660444
2020-03-03,NCBS,-0.08875893259571055,-0.08875893259571055,crash_overlay_exit,555.6936403464179
2020-03-03,PRA,-0.2727095500935999,-0.2576087689067079,crash_overlay_exit,1389.2341008660444
2020-03-03,TPRE,-0.17716238232367498,-0.16751369390196702,crash_overlay_exit,1389.2341008660444
2020-03-03,WAIR,0.0015558326880960038,0.0015558326880960038,crash_overlay_exit,1389.2341008660444
2020-03-03,FFWM,-0.18159639453787646,-0.16828128082645444,crash_overlay_exit,1389.2341008660444
2020-03-03,FFG,-0.1949513498555755,-0.18188009831814123,crash_overlay_exit,555.6936403464179
2020-03-05,CMO,0.051319469523202654,0.05131946952320243,crash_overlay_exit,30.910386275067225
2020-03-05,ANH,0.21240399708418178,0.21240399708418178,crash_overlay_exit,38.874277068299726
2020-03-05,BMTC,0.25781551683370396,0.2578155168337042,crash_overlay_exit,41.29673944093324
2020-03-05,ESSA,0.23155536072467675,0.23155536072467697,crash_overlay_exit,50.4891846718147
2020-03-05,AJX,0.362711838058712,0.3699667144426062,crash_overlay_exit,139.11837809980426
2020-03-05,DHIL,-0.20489987134054466,-0.20489987134054488,crash_overlay_exit,139.11837809980426
2020-03-05,BOKFL,0.31066103640071985,0.31330288707286913,crash_overlay_exit,69.17595329332056
2020-03-05,CORLQ,0.26820817074300485,0.26820817074300507,crash_overlay_exit,69.17595329332056
2020-03-05,RPT_old,0.6766775977497033,0.6855962047575344,crash_overlay_exit,172.93988323330137
2020-03-05,WMC,0.5076802868780983,0.5154555788034925,crash_overlay_exit,172.9398832333
2020-03-05,HTBI,-0.09546854943892336,-0.09546854943892347,crash_overlay_exit,72.8744614686648
2020-03-05,SBBX,-0.2041636302412334,-0.20416363024123363,crash_overlay_exit,60.97519063666985
2020-03-05,EBSB,-0.18646948988504275,-0.18646948988504264,crash_overlay_exit,60.97519063666985
2020-03-05,CCLDP,0.31558341525085987,0.3155834152508601,crash_overlay_exit,152.43797659167464
2020-03-05,PCSB,-0.05652091889161004,-0.05291550718043114,crash_overlay_exit,60.97519063666985
2020-03-05,FDEF,-0.22719480566409256,-0.22274088026222416,crash_overlay_exit,89.39716368225284
2020-03-05,UCFC,0.03501192225563643,0.035011922255635985,crash_overlay_exit,89.39716368225284
2020-03-05,PFC,-0.22719655089134727,-0.22274263554778617,crash_overlay_exit,89.39716368225284
2020-03-05,RZA,0.1323066513185478,0.1351386293414909,crash_overlay_exit,538.9797748763517
2020-03-05,OPINI,0.21205170030574472,0.21486894716636984,crash_overlay_exit,215.59190995054067
2020-03-05,SLCT,-0.1903714109517589,-0.1903714109517588,crash_overlay_exit,215.59190995054067
2020-03-05,SASR,0.030138844294676392,0.030138844294676392,crash_overlay_exit,215.59190995054067
2020-03-05,COWNL,0.19749311525694968,0.1974931152569499,crash_overlay_exit,538.9797748763517
2020-03-05,PJC,0.23760975989002664,0.23760975989002642,crash_overlay_exit,538.9797748763463
2020-03-05,LMRKO,0.06614888241542838,0.06919990960799072,crash_overlay_exit,713.5877900754036
2020-03-05,STXB,-0.2183345964302832,-0.2183345964302832,crash_overlay_exit,713.5877900754036
2020-03-05,BOCH,-0.05696195134108384,-0.050681137399445686,crash_overlay_exit,285.43511603016145
2020-03-05,EVA,0.247844624234004,0.247844624234004,crash_overlay_exit,713.5877900754036
2020-03-05,PBFX,-0.12287135690845108,-0.1228713569084513,crash_overlay_exit,713.5877900754036
2020-03-05,LBC,-0.06621701469171104,-0.06621701469171126,crash_overlay_exit,285.43511603016145
2020-03-05,PRTNQ,-0.275295551792752,-0.2752955517927521,crash_overlay_exit,294.1619504498313
2020-03-05,PRETL,-0.3884371173267648,-0.38843711732676467,crash_overlay_exit,294.1619504498313
2020-03-05,MCBC,-0.09371681858162773,-0.09096544674925666,crash_overlay_exit,294.1619504498313
2020-03-05,RVIC,-0.2901330812990064,-0.29013308129900617,crash_overlay_exit,735.4048761245782
2020-03-05,PWOD,-0.05977370049110031,-0.05937675409496146,crash_overlay_exit,294.1619504498313
2020-03-05,MLVF,-0.18090064558571717,-0.1791113083406879,crash_overlay_exit,294.1619504498313
2020-03-05,HTBK,-0.13163541450516247,-0.13163541450516214,crash_overlay_exit,735.4048761245782
2020-03-05,BRKL_old,-0.0734720545593538,-0.0633990460161531,crash_overlay_exit,294.1619504498313
2020-03-05,VBTX,-0.02664337898823743,-0.02560187625694943,crash_overlay_exit,735.4048761245782
2020-03-05,DENN,-0.30468088847131003,-0.3046808884713098,crash_overlay_exit,735.4048761245782
2020-03-05,IBKCN,0.027745966113545295,0.027745966113545517,crash_overlay_exit,294.1619504498313
2020-03-05,HTLF,-0.1493732851428834,-0.1493732851428835,crash_overlay_exit,222.27745613856717
2020-03-05,BHLB,-0.2972936980361962,-0.2972936980361961,crash_overlay_exit,222.27745613856717
2020-03-05,ENFC,-0.0004913746403579777,-0.0004913746403575336,crash_overlay_exit,222.27745613856717
2020-03-05,CSWI,-0.07576146574399967,-0.06487437136126573,crash_overlay_exit,555.6936403464179
2020-03-05,STAR,0.11292423851029354,0.11664659324422844,crash_overlay_exit,555.6936403464179
2020-03-05,LBAI,-0.1878457756446439,-0.18784577564464378,crash_overlay_exit,222.27745613856717
2020-03-05,SVBI,-0.15806971720146668,-0.15806971720146656,crash_overlay_exit,222.27745613856717
2020-03-05,AMBC,-0.13343645725510955,-0.13343645725510933,crash_overlay_exit,222.27745613856717
2020-03-05,CSTR,-0.2040428190432405,-0.19969398819545348,crash_overlay_exit,222.27745613856717
2020-03-05,VWTR,-0.1107255648229285,-0.09045625920614042,crash_overlay_exit,555.6936403464179
2020-03-05,VER,-0.02629608097671976,-0.018398602958717536,crash_overlay_exit,555.6936403464179
2020-03-05,RMRM,-0.04009238228565948,-0.03812097011673965,crash_overlay_exit,222.27745613856717
2020-03-05,FLIC,-0.1946869500390418,-0.1946869500390418,crash_overlay_exit,555.6936403464179
2020-03-05,IHC,-0.1449268421804486,-0.1440107237143634,crash_overlay_exit,555.6936403464179
2020-03-05,BKCC,-0.075168666465242,-0.075168666465242,crash_overlay_exit,555.6936403464179
2020-03-05,NCBS,-0.11048407255155634,-0.11048407255155623,crash_overlay_exit,222.27745613856717
2020-03-05,PRA,-0.29662333177401723,-0.29662333177401723,crash_overlay_exit,555.6936403464179
2020-03-05,TPRE,-0.17886576882197025,-0.17886576882197047,crash_overlay_exit,555.6936403464179
2020-03-05,WAIR,0.0015558326880957818,0.0015558326880960038,crash_overlay_exit,555.6936403464179
2020-03-05,FFWM,-0.1855648992236475,-0.1855648992236475,crash_overlay_exit,555.6936403464179
2020-03-05,FFG,-0.2098747248356232,-0.2098747248356232,crash_overlay_exit,222.27745613856717
2020-03-05,BMTC,0.25781551683370396,0.2578155168337042,sector_crash_overlay_exit,16.518695776373296
2020-03-05,ESSA,0.23155536072467675,0.23155536072467697,sector_crash_overlay_exit,20.19567386872588
2020-03-05,BOKFL,0.31066103640071985,0.31330288707286913,sector_crash_overlay_exit,27.670381317328225
2020-03-05,CORLQ,0.26820817074300485,0.26820817074300507,sector_crash_overlay_exit,27.670381317328225
2020-03-05,HTBI,-0.09546854943892347,-0.09546854943892347,sector_crash_overlay_exit,29.149784587465927
2020-03-05,SBBX,-0.20416363024123352,-0.20416363024123363,sector_crash_overlay_exit,24.39007625466794
2020-03-05,EBSB,-0.18646948988504275,-0.18646948988504264,sector_crash_overlay_exit,24.39007625466794
2020-03-05,PCSB,-0.05652091889160982,-0.05291550718043114,sector_crash_overlay_exit,24.39007625466794
2020-03-05,FDEF,-0.22719480566409256,-0.22274088026222416,sector_crash_overlay_exit,35.75886547290114
2020-03-05,UCFC,0.035011922255635985,0.035011922255635985,sector_crash_overlay_exit,35.75886547290114
2020-03-05,PFC,-0.22719655089134716,-0.22274263554778617,sector_crash_overlay_exit,35.75886547290114
2020-03-05,OPINI,0.21205170030574427,0.21486894716636984,sector_crash_overlay_exit,86.23676398021628
2020-03-05,SLCT,-0.1903714109517589,-0.1903714109517588,sector_crash_overlay_exit,86.23676398021628
2020-03-05,SASR,0.030138844294676392,0.030138844294676392,sector_crash_overlay_exit,86.23676398021628
2020-03-05,BOCH,-0.05696195134108384,-0.050681137399445686,sector_crash_overlay_exit,114.1740464120646
2020-03-05,LBC,-0.06621701469171115,-0.06621701469171126,sector_crash_overlay_exit,114.1740464120646
2020-03-05,PRTNQ,-0.275295551792752,-0.2752955517927521,sector_crash_overlay_exit,117.66478017993252
2020-03-05,PRETL,-0.38843711732676467,-0.38843711732676467,sector_crash_overlay_exit,117.66478017993252
2020-03-05,MCBC,-0.09371681858162761,-0.09096544674925666,sector_crash_overlay_exit,117.66478017993252
2020-03-05,PWOD,-0.05977370049110009,-0.05937675409496146,sector_crash_overlay_exit,117.66478017993252
2020-03-05,MLVF,-0.18090064558571717,-0.1791113083406879,sector_crash_overlay_exit,117.66478017993252
2020-03-05,BRKL_old,-0.0734720545593539,-0.0633990460161531,sector_crash_overlay_exit,117.66478017993252
2020-03-05,IBKCN,0.027745966113545295,0.027745966113545517,sector_crash_overlay_exit,117.66478017993252
2020-03-05,HTLF,-0.14937328514288362,-0.1493732851428835,sector_crash_overlay_exit,88.91098245542688
2020-03-05,BHLB,-0.2972936980361962,-0.2972936980361961,sector_crash_overlay_exit,88.91098245542688
2020-03-05,ENFC,-0.0004913746403576447,-0.0004913746403575336,sector_crash_overlay_exit,88.91098245542688
2020-03-05,LBAI,-0.1878457756446439,-0.18784577564464378,sector_crash_overlay_exit,88.91098245542688
2020-03-05,SVBI,-0.1580697172014668,-0.15806971720146656,sector_crash_overlay_exit,88.91098245542688
2020-03-05,AMBC,-0.13343645725510944,-0.13343645725510933,sector_crash_overlay_exit,88.91098245542688
2020-03-05,CSTR,-0.2040428190432404,-0.19969398819545348,sector_crash_overlay_exit,88.91098245542688
2020-03-05,RMRM,-0.0400923822856597,-0.03812097011673965,sector_crash_overlay_exit,88.91098245542688
2020-03-05,NCBS,-0.11048407255155646,-0.11048407255155623,sector_crash_overlay_exit,88.91098245542688
2020-03-05,FFG,-0.2098747248356232,-0.2098747248356232,sector_crash_overlay_exit,88.91098245542688
2020-03-11,CMO,-0.10494432361145911,-0.10494432361145911,crash_overlay_exit,12.364154510026893
2020-03-11,ANH,0.010329790106593517,0.010329790106593517,crash_overlay_exit,15.549710827319888
2020-03-11,BMTC,0.07829309700880982,0.07829309700881026,crash_overlay_exit,6.60747831054932
2020-03-11,ESSA,0.09138248304042906,0.09138248304042929,crash_overlay_exit,8.07826954749035
2020-03-11,AJX,0.2236775267525355,0.2324986376249092,crash_overlay_exit,55.64735123992171
2020-03-11,DHIL,-0.3051378054813091,-0.3051378054813091,crash_overlay_exit,55.64735123992171
2020-03-11,BOKFL,0.26154305784870235,0.26462028601623544,crash_overlay_exit,11.06815252693129
2020-03-11,CORLQ,-0.18575115345478976,-0.18575115345478954,crash_overlay_exit,11.06815252693129
2020-03-11,RPT_old,0.505569236980707,0.5164252368349753,crash_overlay_exit,69.17595329332056
2020-03-11,WMC,0.28437125430041954,0.29774260290633037,crash_overlay_exit,69.17595329332
2020-03-11,HTBI,-0.24152447546985034,-0.22732960719275275,crash_overlay_exit,11.659913834986371
2020-03-11,SBBX,-0.31834189072548524,-0.3144626053701106,crash_overlay_exit,9.756030501867176
2020-03-11,EBSB,-0.30006867031831064,-0.30006867031831075,crash_overlay_exit,9.756030501867176
2020-03-11,CCLDP,0.28442394191042886,0.2915023992789585,crash_overlay_exit,60.97519063666985
2020-03-11,PCSB,-0.22030438584787693,-0.20677398131829328,crash_overlay_exit,9.756030501867176
2020-03-11,FDEF,-0.3464544550673756,-0.3464544550673755,crash_overlay_exit,14.303546189160459
2020-03-11,UCFC,0.03501192225563576,0.035011922255635985,crash_overlay_exit,14.303546189160459
2020-03-11,PFC,-0.34645306030580447,-0.3464530603058046,crash_overlay_exit,14.303546189160459
2020-03-11,RZA,0.10923534661088397,0.11455924668654549,crash_overlay_exit,215.59190995054067
2020-03-11,OPINI,0.19354460336004942,0.19761061953223802,crash_overlay_exit,34.49470559208651
2020-03-11,SLCT,-0.2924585872251987,-0.2872362343115983,crash_overlay_exit,34.49470559208651
2020-03-11,SASR,-0.16090981374986923,-0.16090981374986957,crash_overlay_exit,34.49470559208651
2020-03-11,COWNL,0.061008189839705906,0.061008189839705906,crash_overlay_exit,215.59190995054067
2020-03-11,PJC,0.2376097598900262,0.23760975989002642,crash_overlay_exit,215.5919099505385
2020-03-11,LMRKO,-0.041078059093479946,-0.02804063204974505,crash_overlay_exit,285.43511603016145
2020-03-11,STXB,-0.37475743357042846,-0.37475743357042857,crash_overlay_exit,285.43511603016145
2020-03-11,BOCH,-0.1963489239513002,-0.1910373965343768,crash_overlay_exit,45.669618564825846
2020-03-11,EVA,0.05472825469037823,0.059893446047484034,crash_overlay_exit,285.43511603016145
2020-03-11,PBFX,-0.4441953597992335,-0.4393701674008623,crash_overlay_exit,285.43511603016145
2020-03-11,LBC,-0.19588234173285746,-0.19588234173285723,crash_overlay_exit,45.669618564825846
2020-03-11,PRTNQ,-0.6057797600724948,-0.5996841201579994,crash_overlay_exit,47.06591207197302
2020-03-11,PRETL,-0.7089997889893556,-0.7089997889893556,crash_overlay_exit,47.06591207197302
2020-03-11,MCBC,-0.21262644683055076,-0.21262644683055043,crash_overlay_exit,47.06591207197302
2020-03-11,RVIC,-0.36183207165532116,-0.3526907597735932,crash_overlay_exit,294.1619504498313
2020-03-11,PWOD,-0.17930183152007317,-0.16052803115513947,crash_overlay_exit,47.06591207197302
2020-03-11,MLVF,-0.2377955572231124,-0.23316537656330727,crash_overlay_exit,47.06591207197302
2020-03-11,HTBK,-0.30220640439283664,-0.28557947667206673,crash_overlay_exit,294.1619504498313
2020-03-11,BRKL_old,-0.18192881225665536,-0.18192881225665514,crash_overlay_exit,47.06591207197302
2020-03-11,VBTX,-0.29971462844302277,-0.281652485608308,crash_overlay_exit,294.1619504498313
2020-03-11,DENN,-0.45081129543963394,-0.45081129543963383,crash_overlay_exit,294.1619504498313
2020-03-11,IBKCN,-0.058877187219346094,-0.05887718721934576,crash_overlay_exit,47.06591207197302
2020-03-11,HTLF,-0.3297304289333678,-0.32235704340773086,crash_overlay_exit,35.56439298217075
2020-03-11,BHLB,-0.4195033084785278,-0.4195033084785278,crash_overlay_exit,35.56439298217075
2020-03-11,ENFC,-0.0004913746403576447,-0.0004913746403575336,crash_overlay_exit,35.56439298217075
2020-03-11,CSWI,-0.10896111845781908,-0.10292422366330345,crash_overlay_exit,222.27745613856717
2020-03-11,STAR,0.008450293060902503,0.008450293060902725,crash_overlay_exit,222.27745613856717
2020-03-11,LBAI,-0.31723839003063303,-0.3172383900306329,crash_overlay_exit,35.56439298217075
2020-03-11,SVBI,-0.2551095398121962,-0.2551095398121961,crash_overlay_exit,35.56439298217075
2020-03-11,AMBC,-0.2391600192078005,-0.2391600192078005,crash_overlay_exit,35.56439298217075
2020-03-11,CSTR,-0.3238476549568319,-0.31282190358236805,crash_overlay_exit,35.56439298217075
2020-03-11,VWTR,-0.19332231122561938,-0.18553680301855846,crash_overlay_exit,222.27745613856717
2020-03-11,VER,-0.19264014045354372,-0.1926401404535436,crash_overlay_exit,222.27745613856717
2020-03-11,RMRM,-0.2376255194811644,-0.23762551948116462,crash_overlay_exit,35.56439298217075
2020-03-11,FLIC,-0.33730056453584767,-0.32890667080994684,crash_overlay_exit,222.27745613856717
2020-03-11,IHC,-0.19616195206882314,-0.19153937079342487,crash_overlay_exit,222.27745613856717
2020-03-11,BKCC,-0.22564204372272378,-0.22564204372272345,crash_overlay_exit,222.27745613856717
2020-03-11,NCBS,-0.2254518050504497,-0.2254518050504496,crash_overlay_exit,35.56439298217075
2020-03-11,PRA,-0.40924169003438426,-0.40924169003438426,crash_overlay_exit,222.27745613856717
2020-03-11,TPRE,-0.26589843342693553,-0.2658984334269354,crash_overlay_exit,222.27745613856717
2020-03-11,WAIR,0.0015558326880955597,0.0015558326880960038,crash_overlay_exit,222.27745613856717
2020-03-11,FFWM,-0.3013090494876537,-0.2950014319770473,crash_overlay_exit,222.27745613856717
2020-03-11,FFG,-0.3313548519455315,-0.3313548519455314,crash_overlay_exit,35.56439298217075
2020-03-16,CMO,-0.35543393860291705,-0.33795882964992296,crash_overlay_exit,4.945661804010757
2020-03-16,ANH,-0.3350342272340181,-0.3350342272340181,crash_overlay_exit,6.219884330927956
2020-03-16,BMTC,-0.09434237444604054,-0.09434237444604021,crash_overlay_exit,2.6429913242197283
2020-03-16,ESSA,-0.13634188207827647,-0.13634188207827636,crash_overlay_exit,3.231307818996141
2020-03-16,AJX,-0.048431307017624214,-0.048431307017624325,crash_overlay_exit,22.258940495968687
2020-03-16,DHIL,-0.4103169362739276,-0.4103169362739276,crash_overlay_exit,22.258940495968687
2020-03-16,BOKFL,0.14905537080295428,0.16547364382381513,crash_overlay_exit,4.427261010772516
2020-03-16,CORLQ,-0.39286877427204736,-0.39265682619351205,crash_overlay_exit,4.427261010772516
2020-03-16,RPT_old,0.2495967118053264,0.2495967118053264,crash_overlay_exit,27.670381317328225
2020-03-16,WMC,-0.22306234962670268,-0.22306234962670268,crash_overlay_exit,27.67038131732801
2020-03-16,HTBI,-0.33483593446642956,-0.3221908172163497,crash_overlay_exit,4.663965533994548
2020-03-16,SBBX,-0.3983357782568522,-0.39833577825685207,crash_overlay_exit,3.902412200746871
2020-03-16,EBSB,-0.4196162855628687,-0.4196162855628687,crash_overlay_exit,3.902412200746871
2020-03-16,CCLDP,0.12192738423973881,0.12192738423973859,crash_overlay_exit,24.39007625466794
2020-03-16,PCSB,-0.2967431503144554,-0.29674315031445564,crash_overlay_exit,3.902412200746871
2020-03-16,FDEF,-0.5092168637976633,-0.5092168637976633,crash_overlay_exit,5.721418475664183
2020-03-16,UCFC,0.035011922255635985,0.035011922255635985,crash_overlay_exit,5.721418475664183
2020-03-16,PFC,-0.5092154476165864,-0.5092154476165867,crash_overlay_exit,5.721418475664183
2020-03-16,RZA,-0.04319425647742181,-0.04319425647742203,crash_overlay_exit,86.23676398021628
2020-03-16,OPINI,-0.04260663859440128,-0.033477346015917786,crash_overlay_exit,13.797882236834608
2020-03-16,SLCT,-0.396788313335412,-0.36957134571465045,crash_overlay_exit,13.797882236834608
2020-03-16,SASR,-0.28101630817078194,-0.2810163081707818,crash_overlay_exit,13.797882236834608
2020-03-16,COWNL,-0.07916796077151067,-0.07381184453803258,crash_overlay_exit,86.23676398021628
2020-03-16,PJC,0.23760975989002642,0.23760975989002642,crash_overlay_exit,86.2367639802154
2020-03-16,LMRKO,-0.23508318520140692,-0.22336002059684223,crash_overlay_exit,114.1740464120646
2020-03-16,STXB,-0.5391544918032218,-0.5391544918032218,crash_overlay_exit,114.1740464120646
2020-03-16,BOCH,-0.23845843582184734,-0.23845843582184723,crash_overlay_exit,18.267847425930338
2020-03-16,EVA,-0.11321281612664058,-0.11321281612664069,crash_overlay_exit,114.1740464120646
2020-03-16,PBFX,-0.617757470921846,-0.6177574709218461,crash_overlay_exit,114.1740464120646
2020-03-16,LBC,-0.24776862368263886,-0.2369269478677689,crash_overlay_exit,18.267847425930338
2020-03-16,PRTNQ,-0.6709650884878581,-0.6709650884878582,crash_overlay_exit,18.826364828789206
2020-03-16,PRETL,-0.7905371706259869,-0.7905371706259869,crash_overlay_exit,18.826364828789206
2020-03-16,MCBC,-0.30995295536461875,-0.30995295536461853,crash_overlay_exit,18.826364828789206
2020-03-16,RVIC,-0.4659280977489849,-0.4659280977489849,crash_overlay_exit,117.66478017993252
2020-03-16,PWOD,-0.24135913996531644,-0.24135913996531622,crash_overlay_exit,18.826364828789206
2020-03-16,MLVF,-0.358222616681376,-0.3582226166813759,crash_overlay_exit,18.826364828789206
2020-03-16,HTBK,-0.4170447793868064,-0.4170447793868062,crash_overlay_exit,117.66478017993252
2020-03-16,BRKL_old,-0.2915546208208948,-0.29155462082089456,crash_overlay_exit,18.826364828789206
2020-03-16,VBTX,-0.41693794061773637,-0.41693794061773615,crash_overlay_exit,117.66478017993252
2020-03-16,DENN,-0.6418713875500872,-0.6418713875500871,crash_overlay_exit,117.66478017993252
2020-03-16,IBKCN,-0.299513281537247,-0.29951328153724677,crash_overlay_exit,18.826364828789206
2020-03-16,HTLF,-0.4222429455316673,-0.4222429455316672,crash_overlay_exit,14.225757192868304
2020-03-16,BHLB,-0.5224512308571808,-0.5206324779949517,crash_overlay_exit,14.225757192868304
2020-03-16,ENFC,-0.0004913746403579777,-0.0004913746403575336,crash_overlay_exit,14.225757192868304
2020-03-16,CSWI,-0.19135913912513658,-0.19135913912513647,crash_overlay_exit,88.91098245542688
2020-03-16,STAR,-0.3445762940349757,-0.34457629403497547,crash_overlay_exit,88.91098245542688
2020-03-16,LBAI,-0.4212087149457089,-0.42120871494570855,crash_overlay_exit,14.225757192868304
2020-03-16,SVBI,-0.34122891130204336,-0.34122891130204325,crash_overlay_exit,14.225757192868304
2020-03-16,AMBC,-0.37720076141752523,-0.3772007614175251,crash_overlay_exit,14.225757192868304
2020-03-16,CSTR,-0.42052961322698745,-0.42052961322698734,crash_overlay_exit,14.225757192868304
2020-03-16,VWTR,-0.2824112741630831,-0.28241127416308287,crash_overlay_exit,88.91098245542688
2020-03-16,VER,-0.4036787474430974,-0.4036787474430974,crash_overlay_exit,88.91098245542688
2020-03-16,RMRM,-0.5242557723476522,-0.5242557723476522,crash_overlay_exit,14.225757192868304
2020-03-16,FLIC,-0.4188846361422598,-0.4188846361422598,crash_overlay_exit,88.91098245542688
2020-03-16,IHC,-0.3913973470661586,-0.3913973470661586,crash_overlay_exit,88.91098245542688
2020-03-16,BKCC,-0.3567563966041396,-0.3567563966041395,crash_overlay_exit,88.91098245542688
2020-03-16,NCBS,-0.2850947400172773,-0.28509474001727697,crash_overlay_exit,14.225757192868304
2020-03-16,PRA,-0.4598176281149684,-0.4380197720403167,crash_overlay_exit,88.91098245542688
2020-03-16,TPRE,-0.3709052392098071,-0.3709052392098071,crash_overlay_exit,88.91098245542688
2020-03-16,WAIR,0.0015558326880955597,0.0015558326880960038,crash_overlay_exit,88.91098245542688
2020-03-16,FFWM,-0.41252947163347287,-0.3929134550937715,crash_overlay_exit,88.91098245542688
2020-03-16,FFG,-0.43438966644954147,-0.4162844623195826,crash_overlay_exit,14.225757192868304
2020-03-31,CMO,-0.4066492477527349,-0.40664924775273503,rebalance_exit,3.297107869340505
2020-03-31,ANH,-0.5941001807551596,-0.5848579231027153,rebalance_exit,4.146589553951971
2020-03-31,ESSA,0.0992863790939984,0.1163783175582831,rebalance_exit,2.154205212664094
2020-03-31,AJX,-0.36371423326681995,-0.3636229161996051,rebalance_exit,14.839293663979127
2020-03-31,BOKFL,0.1738444733619653,0.22089992887611065,rebalance_exit,2.9515073405150103
2020-03-31,CORLQ,-0.24389567807190182,-0.22383965744518663,rebalance_exit,2.9515073405150103
2020-03-31,RPT_old,-0.11717552135623721,-0.11704882208608214,rebalance_exit,18.446920878218815
2020-03-31,WMC,-0.67414057543862,-0.6741405754386202,rebalance_exit,18.446920878218673
2020-03-31,HTBI,-0.3735534083179143,-0.37336178909208606,rebalance_exit,3.1093103559963664
2020-03-31,SBBX,-0.352933538174239,-0.34893254000501983,rebalance_exit,2.6016081338312476
2020-03-31,CCLDP,0.18832990074691702,0.19828484258425894,rebalance_exit,16.260050836445295
2020-03-31,FDEF,-0.550828294774987,-0.5395172459585744,rebalance_exit,3.8142789837761226
2020-03-31,UCFC,0.035011922255635985,0.035011922255635985,rebalance_exit,3.8142789837761226
2020-03-31,PFC,-0.5508297562524076,-0.5395187442389423,rebalance_exit,3.8142789837761226
2020-03-31,RZA,-0.011719521335696537,0.00953346168828939,rebalance_exit,57.49117598681086
2020-03-31,OPINI,-0.054553534380881286,-0.04114664197407025,rebalance_exit,9.19858815788974
2020-03-31,COWNL,-0.1389802654086878,-0.1349265292383992,rebalance_exit,57.49117598681086
2020-03-31,PJC,0.23760975989002664,0.23760975989002642,rebalance_exit,57.49117598681026
2020-03-31,LMRKO,-0.251297461659731,-0.23809122477377564,rebalance_exit,76.11603094137641
2020-03-31,STXB,-0.5543245612462331,-0.5418140934554974,rebalance_exit,76.11603094137641
2020-03-31,EVA,-0.10551175143326996,-0.09836385519919766,rebalance_exit,76.11603094137641
2020-03-31,PBFX,-0.6554713256281476,-0.6554713256281477,rebalance_exit,76.11603094137641
2020-03-31,PRTNQ,-0.8280975122691656,-0.8223114114592373,rebalance_exit,12.550909885859472
2020-03-31,PRETL,-0.862469797934261,-0.8522040085182621,rebalance_exit,12.550909885859472
2020-03-31,RVIC,-0.6586334297264902,-0.6521933677668037,rebalance_exit,78.4431867866217
2020-03-31,MLVF,-0.44500419398225444,-0.4388456233251177,rebalance_exit,12.550909885859472
2020-03-31,VBTX,-0.43220163219699437,-0.42025851895837474,rebalance_exit,78.4431867866217
2020-03-31,DENN,-0.6720509085320627,-0.6649905396639606,rebalance_exit,78.4431867866217
2020-03-31,IBKCN,-0.2449462977286987,-0.2306500780557782,rebalance_exit,12.550909885859472
2020-03-31,HTLF,-0.40133061190947084,-0.39183311145795197,rebalance_exit,9.48383812857887
2020-03-31,ENFC,-0.0004913746403579777,-0.0004913746403575336,rebalance_exit,9.48383812857887
2020-03-31,STAR,-0.30693014580252986,-0.26412280988080794,rebalance_exit,59.27398830361793
2020-03-31,LBAI,-0.3788946650653996,-0.3755791410882664,rebalance_exit,9.48383812857887
2020-03-31,SVBI,-0.30893414699335076,-0.30893414699335053,rebalance_exit,9.48383812857887
2020-03-31,AMBC,-0.4409328516251242,-0.43029334102780814,rebalance_exit,9.48383812857887
2020-03-31,CSTR,-0.40488780194218466,-0.40488780194218454,rebalance_exit,9.48383812857887
2020-03-31,VER,-0.47155164565447216,-0.4560563815041003,rebalance_exit,59.27398830361793
2020-03-31,RMRM,-0.47430340004240623,-0.47430340004240623,rebalance_exit,9.48383812857887
2020-03-31,FLIC,-0.296901984792727,-0.296901984792727,rebalance_exit,59.27398830361793
2020-03-31,BKCC,-0.5405497935343739,-0.5405497935343738,rebalance_exit,59.27398830361793
2020-03-31,PRA,-0.31058063352127185,-0.29963999178936374,rebalance_exit,59.27398830361793
2020-03-31,WAIR,0.0015558326880955597,0.0015558326880960038,rebalance_exit,59.27398830361793
2020-03-31,FFG,-0.1679292993216983,-0.16792929932169798,rebalance_exit,9.48383812857887
2020-05-13,BMTC,-0.07426491364622267,-0.07426491364622234,sector_crash_overlay_exit,1.0571965296878914
2020-05-13,EBSB,-0.5013388422593261,-0.5013388422593261,sector_crash_overlay_exit,1.5609648802987486
2020-05-13,PCSB,-0.35796212936604166,-0.35796212936604177,sector_crash_overlay_exit,1.5609648802987486
2020-05-13,SLCT,-0.48419474440119215,-0.4841947444011919,sector_crash_overlay_exit,5.5191528947338435
2020-05-13,SASR,-0.32888190781594273,-0.3288819078159425,sector_crash_overlay_exit,5.5191528947338435
2020-05-13,BOCH,-0.3457187446031299,-0.34571874460313,sector_crash_overlay_exit,7.307138970372134
2020-05-13,LBC,-0.18418865961263597,-0.18418865961263609,sector_crash_overlay_exit,7.307138970372134
2020-05-13,MCBC,-0.36800656845144075,-0.36800656845144053,sector_crash_overlay_exit,7.530545931515682
2020-05-13,PWOD,-0.32948420517833377,-0.32948420517833377,sector_crash_overlay_exit,7.530545931515682
2020-05-13,BRKL_old,-0.40289445381165834,-0.402894453811658,sector_crash_overlay_exit,7.530545931515682
2020-05-13,BHLB,-0.6953911216160638,-0.6953911216160636,sector_crash_overlay_exit,5.690302877147322
2020-05-13,NCBS,-0.3621447289802202,-0.36214472898022,sector_crash_overlay_exit,5.690302877147322
2020-05-13,EVBN,-0.06068711315870012,-0.060687113158700234,sector_crash_overlay_exit,4542.087118059645
2020-05-13,UCBI,-0.13380901849599802,-0.13380901849599813,sector_crash_overlay_exit,4542.087118059645
2020-05-13,CARO,0.2639996866322709,0.2639996866322709,sector_crash_overlay_exit,4542.087118059645
2020-05-13,GWB,-0.42677659057273076,-0.42677659057273076,sector_crash_overlay_exit,4542.087118059645
2020-05-13,FCCY,-0.10161632977618595,-0.10161632977618595,sector_crash_overlay_exit,4542.087118059645
2020-05-13,FFIC,-0.26596054745158526,-0.26596054745158537,sector_crash_overlay_exit,4542.087118059645
2020-05-13,FFNW,-0.15439823735386882,-0.136035774452974,sector_crash_overlay_exit,4542.087118059645
2020-05-13,WDR,0.14503572786482977,0.14503572786482977,sector_crash_overlay_exit,4542.087118059645
2020-05-13,AMK,0.12316439816920055,0.13845713849257457,sector_crash_overlay_exit,4542.087118059645
2020-05-13,FRBK,-0.0502283701553945,-0.0502283701553945,sector_crash_overlay_exit,4542.087118059645
2020-05-13,FMBI,-0.18630872499551288,-0.1863087249955131,sector_crash_overlay_exit,4542.087118059645
2020-05-13,PPBI,-0.08546982896517519,-0.08546982896517541,sector_crash_overlay_exit,4542.087118059645
2020-06-22,BMTC,0.022173052058090503,0.03618951727384112,sector_crash_overlay_exit,0.4228786118751566
2020-06-22,EBSB,-0.44151356698064026,-0.43756494374970456,sector_crash_overlay_exit,0.6243859521194993
2020-06-22,PCSB,-0.35872842705032804,-0.3510214703667519,sector_crash_overlay_exit,0.6243859521194993
2020-06-22,SLCT,-0.33324700808673946,-0.3332470080867391,sector_crash_overlay_exit,2.2076611578935377
2020-06-22,SASR,-0.1406230877507737,-0.1406230877507737,sector_crash_overlay_exit,2.2076611578935377
2020-06-22,BOCH,-0.29303921813069067,-0.28840854318687825,sector_crash_overlay_exit,2.922855588148854
2020-06-22,LBC,-0.1540216375583725,-0.14569977499668973,sector_crash_overlay_exit,2.922855588148854
2020-06-22,MCBC,-0.28787653655827117,-0.27843262264236346,sector_crash_overlay_exit,3.0122183726062737
2020-06-22,PWOD,-0.25255223727747167,-0.2385410223370914,sector_crash_overlay_exit,3.0122183726062737
2020-06-22,BRKL_old,-0.3343641821910641,-0.319224788371948,sector_crash_overlay_exit,3.0122183726062737
2020-06-22,BHLB,-0.6632082508655939,-0.6602581465686014,sector_crash_overlay_exit,2.276121150858929
2020-06-22,NCBS,-0.2638397725324271,-0.25311428102902966,sector_crash_overlay_exit,2.276121150858929
2020-06-22,EVBN,-0.07216751128143961,-0.0656202388313023,sector_crash_overlay_exit,1816.8348472238586
2020-06-22,UCBI,0.07491274610333254,0.08446527116873592,sector_crash_overlay_exit,1816.8348472238586
2020-06-22,CARO,0.26399968663227047,0.2639996866322709,sector_crash_overlay_exit,1816.8348472238586
2020-06-22,GWB,-0.30684933252446955,-0.29069071773281774,sector_crash_overlay_exit,1816.8348472238586
2020-06-22,FCCY,-0.028398997513026103,-0.021048966872771024,sector_crash_overlay_exit,1816.8348472238586
2020-06-22,FFIC,-0.18336491357223206,-0.1686069831962168,sector_crash_overlay_exit,1816.8348472238586
2020-06-22,FFNW,-0.09903796283192501,-0.09903796283192501,sector_crash_overlay_exit,1816.8348472238586
2020-06-22,WDR,0.35605864723756286,0.3632664033867272,sector_crash_overlay_exit,1816.8348472238586
2020-06-22,AMK,0.34858364374645334,0.35791295207078067,sector_crash_overlay_exit,1816.8348472238586
2020-06-22,FRBK,0.06348211730218112,0.0639268780035025,sector_crash_overlay_exit,1816.8348472238586
2020-06-22,FMBI,0.007370350795522285,0.018950426776653373,sector_crash_overlay_exit,1816.8348472238586
2020-06-22,PPBI,0.15714423829161683,0.15714423829161706,sector_crash_overlay_exit,1816.8348472238586
2020-06-30,EBSB,-0.4169598920370541,-0.4169598920370541,rebalance_exit,0.41625730141299966
2020-06-30,SASR,-0.17240344258497764,-0.17138506776491724,rebalance_exit,1.4717741052623583
2020-06-30,BOCH,-0.27088252444390504,-0.27088252444390515,rebalance_exit,1.9485703920992363
2020-06-30,LBC,-0.06554759645649444,-0.061206839102466715,rebalance_exit,1.9485703920992363
2020-06-30,PWOD,-0.23887692658183302,-0.2388769265818328,rebalance_exit,2.008145581737516
2020-06-30,HTBK,-0.3403135318726178,-0.3403135318726176,rebalance_exit,78.4431867866217
2020-06-30,BRKL_old,-0.3089346657898615,-0.30013346081830783,rebalance_exit,2.008145581737516
2020-06-30,BHLB,-0.6563819070295931,-0.6556014456200852,rebalance_exit,1.5174141005726196
2020-06-30,EPAY,0.3852659848298914,0.3852659848298916,rebalance_exit,7570.145196766076
2020-06-30,SATS,-0.14863638126040057,-0.13819577633624713,rebalance_exit,7570.145196766076
2020-06-30,NGHC,0.30883709365697465,0.30883709365697465,rebalance_exit,7570.145196766076
2020-06-30,UCBI,0.1092707669220887,0.1092707669220887,rebalance_exit,1211.2232314825724
2020-06-30,MGIC,0.4159150868061987,0.41591508680619826,rebalance_exit,7570.145196766076
2020-06-30,CARO,0.2639996866322709,0.2639996866322709,rebalance_exit,1211.2232314825724
2020-06-30,ASGN,0.8551632773106079,0.8551632773106079,rebalance_exit,7570.145196766076
2020-06-30,OMN,-0.0005951663878213109,-0.0005951663878211999,rebalance_exit,7570.145196766076
2020-06-30,GWB,-0.33002469038395454,-0.32642276779825263,rebalance_exit,1211.2232314825724
2020-06-30,FCCY,-0.0730229495612772,-0.05753130608563051,rebalance_exit,1211.2232314825724
2020-06-30,FFIC,-0.1433780301354728,-0.13791932643434834,rebalance_exit,1211.2232314825724
2020-06-30,BITA_old,0.5174901478211398,0.5185823628884789,rebalance_exit,7570.145196766076
2020-06-30,FFNW,-0.029960155096479646,-0.029960155096479757,rebalance_exit,1211.2232314825724
2020-06-30,TRTN,0.17262926349362995,0.17262926349362995,rebalance_exit,7570.145196766076
2020-06-30,KW,0.11555871911506088,0.1217969210450931,rebalance_exit,7570.145196766076
2020-06-30,FRBK,0.114155248158897,0.114155248158897,rebalance_exit,1211.2232314825724
2020-06-30,PPBI,0.1662882704545381,0.1662882704545381,rebalance_exit,1211.2232314825724
2020-09-30,BMTC,-0.03459793473578654,-0.02973066897754517,rebalance_exit,0.28191907458343773
2020-09-30,SLCT,-0.4211600064102673,-0.4196181698342132,rebalance_exit,1.4717741052623583
2020-09-30,MCBC,-0.3575443410006175,-0.35047262741267204,rebalance_exit,2.008145581737516
2020-09-30,IHC,-0.09701219589683052,-0.09701219589683052,rebalance_exit,59.27398830361793
2020-09-30,FFWM,-0.24684938649767985,-0.24032018323395254,rebalance_exit,59.27398830361793
2020-09-30,CAPD,0.3292984702938331,0.3292984702938331,rebalance_exit,7570.145196766076
2020-09-30,NP_old,-0.11473844290543089,-0.11369467252651355,rebalance_exit,7570.145196766076
2020-09-30,HMST,0.16061426013111468,0.16158158302573034,rebalance_exit,7570.145196766076
2020-09-30,ABTX,-0.037949961121984344,-0.03794996112198423,rebalance_exit,7570.145196766076
2020-09-30,HAYN,-0.175501799121907,-0.16816709506217253,rebalance_exit,7570.145196766076
2020-09-30,OXFD,0.2600780680976351,0.2634988682584445,rebalance_exit,7570.145196766076
2020-09-30,CLI,-0.16414906255989414,-0.1484193183611281,rebalance_exit,7570.145196766076
2020-09-30,PGRE,-0.1904609382966247,-0.1885077475732092,rebalance_exit,7570.145196766076
2020-09-30,HOLI,-0.14341208791250937,-0.14341208791250937,rebalance_exit,7570.145196766076
2020-09-30,CVA,-0.09177334313294994,-0.08826079365609096,rebalance_exit,7570.145196766076
2020-09-30,BMCH,1.415679804673725,1.415679804673725,rebalance_exit,7570.145196766076
2020-09-30,FMBI,-0.19545690282254058,-0.18594814588893704,rebalance_exit,1211.2232314825724
2020-09-30,HTLF,-0.10175643279102553,-0.09748581512351862,rebalance_exit,7131.132443376456
2020-09-30,MBCN,-0.07162803222889014,-0.06589798502955813,rebalance_exit,7131.132443376456
2020-09-30,MOBL,0.40782414966295466,0.40850302077602696,rebalance_exit,7131.132443376456
2020-09-30,VGR,-0.03422708556453802,-0.020727803966642644,rebalance_exit,7131.132443376456
2020-09-30,VEC,-0.2362525379767345,-0.2296734697649423,rebalance_exit,7131.132443376456
2020-09-30,ANAT,-0.056337299651644246,-0.05262736603049989,rebalance_exit,7131.132443376456
2020-09-30,RST,0.7770292314359015,0.7781730994617793,rebalance_exit,7131.132443376456
2020-09-30,CATC,-0.11153673441645895,-0.11153673441645895,rebalance_exit,7131.132443376456
2020-09-30,GLT,-0.13984922808088562,-0.13477847329645165,rebalance_exit,7131.132443376456
2020-09-30,AZRE,0.8030250854286571,0.8573706786326303,rebalance_exit,7131.132443376456
2020-09-30,ALSK,-0.290801258501164,-0.2831541120625446,rebalance_exit,7131.132443376456
2020-09-30,BREW_old,0.07157187721893887,0.07157187721893887,rebalance_exit,7131.132443376456
2020-09-30,PDLI,0.08985007094193165,0.10012623733821435,rebalance_exit,7131.132443376456
2020-09-30,BDSI,-0.159373350881293,-0.1545932501113697,rebalance_exit,7131.132443376456
2020-09-30,BCOV,0.2968372848302898,0.29949233786840956,rebalance_exit,7131.132443376425
2020-12-31,CSWI,0.45666347135680807,0.4613381660076652,rebalance_exit,59.27398830361793
2020-12-31,EVBN,0.15785021907128804,0.16223755506098647,rebalance_exit,1211.2232314825724
2020-12-31,WDR,1.3208620120538819,1.3247455519037512,rebalance_exit,1211.2232314825724
2020-12-31,BSTC,0.5645479280180057,0.5645479280180057,rebalance_exit,7570.145196766076
2020-12-31,CCRD,0.15025778943325796,0.16005229489261263,rebalance_exit,7131.132443376456
2020-12-31,INS,0.15021223952810758,0.16000635712762845,rebalance_exit,7131.132443376456
2020-12-31,QUOT,0.2868852261455539,0.2868852261455541,rebalance_exit,7131.132443376456
2020-12-31,EPAY,0.23643800832761364,0.24373997205344478,rebalance_exit,6551.019057550423
2020-12-31,SJI,0.12514354454279197,0.12514354454279175,rebalance_exit,6551.019057550423
2020-12-31,NTUS,0.16727172714709093,0.16987751881655755,rebalance_exit,6551.019057550423
2020-12-31,SGH,0.3651861994893839,0.3651861994893839,rebalance_exit,6551.019057550423
2020-12-31,OPI,0.10558984631986057,0.11143116422724786,rebalance_exit,6551.019057550423
2020-12-31,LSYN,0.3500321756796385,0.4275051862839949,rebalance_exit,5108.15798828125
2020-12-31,RCP,0.024283648142560565,0.024674753813340278,rebalance_exit,6551.019057550423
2020-12-31,ITI,0.357418904767844,0.37804883580205106,rebalance_exit,6551.019057550423
2020-12-31,RAVN,0.510744695901751,0.5249387546699269,rebalance_exit,6551.019057550423
2020-12-31,BPYUP,0.23634947034144438,0.23767537209050382,rebalance_exit,6551.019057550423
2020-12-31,UEPS,0.4287476834379347,0.4599141082017626,rebalance_exit,6551.019057550423
2020-12-31,MODV,0.4842655853909936,0.4842655853909936,rebalance_exit,6551.019057550423
2020-12-31,CETV,0.08376085171317027,0.08376085171317027,rebalance_exit,6551.019057550423
2020-12-31,LMRKN,0.09552832264298305,0.09552832264298328,rebalance_exit,6551.019057550423
2020-12-31,PRSC,0.4842655853909936,0.4842655853909936,rebalance_exit,6551.019057550423
2021-03-31,SRLP,0.8869711500528505,0.89629664328985,rebalance_exit,7570.145196766076
2021-03-31,EGOV,0.4964341997167818,0.4964341997167818,rebalance_exit,7570.145196766076
2021-03-31,AT,0.32267674744953756,0.32267674744953756,rebalance_exit,7570.145196766076
2021-03-31,EVA,0.40890215836196675,0.40890215836196675,rebalance_exit,7131.132443376456
2021-03-31,WIRE,0.37709032053632874,0.37709032053632874,rebalance_exit,7131.132443376456
2021-03-31,SRDX,0.4333039165887773,0.4333039165887773,rebalance_exit,6551.019057550423
2021-03-31,LMRKO,0.084540930946442,0.08502717143460292,rebalance_exit,6551.019057550423
2021-03-31,SATS,-0.04993715485552097,-0.04244736524038295,rebalance_exit,6551.019057550423
2021-03-31,SNHY,0.9993033754291696,0.9993033754291696,rebalance_exit,6551.019057550423
2021-03-31,RILYO,0.07248292483869245,0.07457878591231815,rebalance_exit,6551.019057550423
2021-03-31,COWNL,0.052383729120307754,0.055342135036446694,rebalance_exit,6551.019057550423
2021-03-31,COWN,1.1612111605853626,1.1724307562551592,rebalance_exit,6551.019057550423
2021-03-31,FWPAY,-0.025618442687336374,-0.025618442687336263,rebalance_exit,42.47797847747803
2021-03-31,SWM,0.22216974713353443,0.22341881894637727,rebalance_exit,5356.701265271078
2021-03-31,DL,0.008958313392949613,0.008958313392949613,rebalance_exit,5356.701265271078
2021-03-31,SPOXF,-0.013669682305613384,-0.013669682305613273,rebalance_exit,5356.701265271078
2021-03-31,EURN,0.14753583215556487,0.1475358321555651,rebalance_exit,5356.701265271078
2021-03-31,GLT,0.0476294334999936,0.0476294334999936,rebalance_exit,5356.701265271078
2021-03-31,LOTZ,-0.3716831753961801,-0.3681157771771978,rebalance_exit,5356.701265271078
2021-03-31,LMRK,0.10291157985526356,0.1104019969284813,rebalance_exit,5356.701265271078
2021-03-31,FWP,-0.025618442687336374,-0.025618442687336263,rebalance_exit,5356.701265271078
2021-03-31,BXRX,-0.00802724029360291,-0.0080272402936028,rebalance_exit,5356.701265271078
2021-03-31,UPH,-0.08468348828211314,-0.08401823697024824,rebalance_exit,5356.701265271078
2021-06-30,PCSB,-0.020151965345647893,-0.018123974772834672,rebalance_exit,0.41625730141299966
2021-06-30,VWTR,0.17523233749675615,0.19299127381252323,rebalance_exit,59.27398830361793
2021-06-30,TPRE,0.0027676103346283565,0.0027676103346283565,rebalance_exit,59.27398830361793
2021-06-30,FARO,0.7408938669648428,0.7476403740014923,rebalance_exit,7570.145196766076
2021-06-30,SYKE,0.9768053701787662,0.9800884624330046,rebalance_exit,7570.145196766076
2021-06-30,ATSG,-0.08710123887614163,-0.07947338117442326,rebalance_exit,6551.019057550423
2021-06-30,GCP,0.10052429908118854,0.10277982585199363,rebalance_exit,6551.019057550423
2021-06-30,OPINI,0.03963230927291961,0.03963230927291961,rebalance_exit,6551.019057550423
2021-06-30,GOODM,0.04596764286968047,0.04596764286968047,rebalance_exit,6551.019057550423
2021-06-30,PRFT,0.8677316833308559,0.8677316833308557,rebalance_exit,6551.019057550423
2021-06-30,RCB,0.0861843367158115,0.0861843367158115,rebalance_exit,5356.701265271078
2021-06-30,FOE,0.4632117749676652,0.4634182132273963,rebalance_exit,5356.701265271078
2021-06-30,CRSA,-0.18802681933012255,-0.18802681933012255,rebalance_exit,5356.701265271078
2021-06-30,BCSF-RW,0.25724077617128094,0.25724077617128094,rebalance_exit,5356.701265271078
2021-06-30,GXGX,-0.0836275710541351,-0.08337073187950583,rebalance_exit,5356.701265271078
2021-06-30,AMEH,2.3753304305373195,2.4378762889740635,rebalance_exit,5356.701265271078
2021-06-30,TPCO,0.2598540488452499,0.2598540488452501,rebalance_exit,5356.701265271078
2021-06-30,FDP,0.3663829015427553,0.3743888621676783,rebalance_exit,5356.701265271078
2021-06-30,NFH,-0.014463459142169288,-0.013374750806471436,rebalance_exit,6610.078538823217
2021-06-30,EPAY,-0.18923231351271974,-0.18923231351271963,rebalance_exit,6610.078538823217
2021-06-30,ATIP,-0.05718852320306789,-0.048239487756243093,rebalance_exit,6610.078538823217
2021-06-30,NTUS,0.014447439401278794,0.014447439401278794,rebalance_exit,6610.078538823217
2021-06-30,STND,-0.9919829049840893,-0.9919829049840893,rebalance_exit,6610.078538823217
2021-06-30,MGIC,0.05728577952011937,0.05945036609793419,rebalance_exit,6610.078538823217
2021-06-30,LSEA,-0.1435211283960397,-0.13473769330005092,rebalance_exit,6610.078538823217
2021-06-30,PROS,0.009528401679445464,0.009528401679445242,rebalance_exit,6610.078538823217
2021-06-30,HEC,-0.10826132068791261,-0.10826132068791272,rebalance_exit,6610.078538823217
2021-06-30,FAII,-0.05721836051325957,-0.05721836051325968,rebalance_exit,6610.078538823217
2021-06-30,BKCC,0.18857264346088476,0.19377781037914965,rebalance_exit,6610.078538823217
2021-06-30,WTRE_old,0.010916975587216049,0.010979516365613007,rebalance_exit,6610.078538823217
2021-06-30,FFG,-0.9986945636388154,-0.9986945636388154,rebalance_exit,6610.078538823217
2021-06-30,LINX,0.14497969998402294,0.14497969998402294,rebalance_exit,6610.078538823217
2021-09-30,CBB,0.03997883044903783,0.03997883044903783,rebalance_exit,7131.132443376456
2021-09-30,BOKFL,0.015059913410224057,0.015059913410224057,rebalance_exit,6551.019057550423
2021-09-30,RILYH,0.0843977735037087,0.0843977735037087,rebalance_exit,6551.019057550423
2021-09-30,CVGW,-0.42150946751852825,-0.4168241789288505,rebalance_exit,6551.019057550423
2021-09-30,LVOX,-0.3852272236850244,-0.3793592862591568,rebalance_exit,5356.701265271078
2021-09-30,STAR,0.7203174036464739,0.7203174036464739,rebalance_exit,5356.701265271078
2021-09-30,PGTI,-0.060963606775607415,-0.060963606775607415,rebalance_exit,5356.701265271078
2021-09-30,CSII,-0.14536520601435077,-0.14371409232144428,rebalance_exit,6610.078538823217
2021-09-30,NP_old,-0.0822093039346442,-0.07621765229566468,rebalance_exit,6610.078538823217
2021-09-30,PTRS,0.13646593369171667,0.13847602775081014,rebalance_exit,6610.078538823217
2021-09-30,VEC,-0.06885236695620989,-0.06338549429076012,rebalance_exit,6610.078538823217
2021-09-30,TREC,0.04707628247171236,0.04707628247171236,rebalance_exit,6610.078538823217
2021-09-30,HTLF,0.02533031780070627,0.028558729796780646,rebalance_exit,7984.1884408337755
2021-09-30,TVTY,-0.1238801743903778,-0.12352717848615091,rebalance_exit,7984.1884408337755
2021-09-30,CSWI,0.07493009053761979,0.07748442513567566,rebalance_exit,7984.1884408337755
2021-09-30,RVI_old,0.20807727073583138,0.21057905416827372,rebalance_exit,7984.1884408337755
2021-09-30,HZON,0.0001291154227354152,0.001019329670862934,rebalance_exit,7984.1884408337755
2021-09-30,ETAC,0.0055619441622642984,0.005853807334788241,rebalance_exit,7984.1884408337755
2021-09-30,RVIC,0.20804696991530047,0.21054869059837023,rebalance_exit,7984.1884408337755
2021-09-30,ABTX,-0.019608745290419005,-0.004386193163549601,rebalance_exit,7984.1884408337755
2021-09-30,RKLY,-0.2535167393646818,-0.2535167393646818,rebalance_exit,7984.1884408337755
2021-09-30,CBTX,-0.03832909948074281,-0.029352331392405118,rebalance_exit,7984.1884408337755
2021-09-30,VTIQU,-0.035337396362041806,-0.03310614775395315,rebalance_exit,7984.1884408337755
2021-09-30,SVAC_old,-0.11516766235702336,-0.11516766235702325,rebalance_exit,7984.1884408337755
2021-09-30,WIRE,0.24249345914938303,0.24616850036421822,rebalance_exit,7984.1884408337755
2021-09-30,ALSK,0.020421715912841254,0.020421715912841254,rebalance_exit,7984.1884408337755
2021-09-30,ROCC,-0.04501303781445887,-0.045013037814458756,rebalance_exit,7984.1884408337755
2021-09-30,LCY,-0.9988742148454847,-0.9988742148454847,rebalance_exit,7984.1884408337755
2021-09-30,LMRK,0.2953971472767247,0.29740654082009144,rebalance_exit,7984.1884408337755
2021-09-30,VBTX,0.10199184597509925,0.11668882348511556,rebalance_exit,7984.1884408337755
2021-09-30,LMRKN,0.005646122801119091,0.005646122801118869,rebalance_exit,7984.1884408337755
2021-09-30,CYXTQ,-0.08855516842464839,-0.07726051535550293,rebalance_exit,7984.1884408337755
2021-12-31,DHIL,0.36667491442308164,0.37668903436608603,rebalance_exit,14.839293663979127
2021-12-31,ATRI,0.12368888672881839,0.12368888672881839,rebalance_exit,7131.132443376456
2021-12-31,CMO,0.18749048747413521,0.18749048747413521,rebalance_exit,5356.701265271078
2021-12-31,CVLY,0.2784507661976954,0.2784507661976954,rebalance_exit,5356.701265271078
2021-12-31,RMRM,0.015425413841223756,0.015425413841223978,rebalance_exit,5356.701265271078
2021-12-31,CCF,-0.015707589303769365,-0.014314061609359108,rebalance_exit,5356.701265271078
2021-12-31,CTT,-0.03463083462106831,-0.03282102620782501,rebalance_exit,5356.701265271078
2021-12-31,LBC,0.20886630389855565,0.21369550704416485,rebalance_exit,6610.078538823217
2021-12-31,LEVL,0.3299686520253129,0.33381816662891417,rebalance_exit,7427.495285874298
2021-12-31,NGAB-U,0.02033590367428384,0.02033590367428384,rebalance_exit,7427.495285874298
2021-12-31,SPFR,-0.0778135738151503,-0.0778135738151503,rebalance_exit,7427.495285874298
2021-12-31,GCP,0.4399320293794362,0.4399320293794362,rebalance_exit,7427.495285874298
2021-12-31,SVBI,0.08865811630134024,0.08865811630134046,rebalance_exit,7427.495285874298
2021-12-31,VLDXD,-0.08831951859694553,-0.08831951859694553,rebalance_exit,1887.5414672851564
2021-12-31,AC,0.15229569867906778,0.15229569867906778,rebalance_exit,7427.495285874298
2021-12-31,VLD,-0.08831953622953792,-0.08831953622953792,rebalance_exit,7427.495285874298
2021-12-31,BCSF-RW,0.02439577693406747,0.02439577693406747,rebalance_exit,7427.495285874298
2021-12-31,EMBK,-0.1426733013921323,-0.12588116430857177,rebalance_exit,1598.0041918945315
2021-12-31,LUB,-0.31578947068221375,-0.31578947068221364,rebalance_exit,7427.495285874298
2022-03-31,CSGS,0.5575999188132554,0.5659387425706335,rebalance_exit,7570.145196766076
2022-03-31,HMST,0.10073873323716587,0.10073873323716587,rebalance_exit,6610.078538823217
2022-03-31,FRTA,0.01997622731118409,0.01997622731118409,rebalance_exit,7984.1884408337755
2022-03-31,BRKL_old,0.08243490980972945,0.08243490980972945,rebalance_exit,7984.1884408337755
2022-03-31,BFIN,-0.07657865609303394,-0.07657865609303394,rebalance_exit,7984.1884408337755
2022-03-31,CORLQ,-0.19453228766990294,-0.18983095191135135,rebalance_exit,7984.1884408337755
2022-03-31,SPTN,0.5235869923963232,0.5235869923963232,rebalance_exit,7427.495285874298
2022-03-31,AVAN,0.006859059349168639,0.007150122073235288,rebalance_exit,7427.495285874298
2022-03-31,FCCY,0.1705850898704233,0.1705850898704233,rebalance_exit,7427.495285874298
2022-03-31,ESSA,0.0938848970050099,0.09390166344610607,rebalance_exit,7427.495285874298
2022-03-31,CLI,-0.013656779289536458,-0.01365677928953657,rebalance_exit,7427.495285874298
2022-03-31,AFIN,0.026125363581284367,0.032395617942038824,rebalance_exit,7427.495285874298
2022-03-31,WETF,-0.5227032702141079,-0.5219914250442546,rebalance_exit,6537.153926463598
2022-03-31,CSTR,0.0013212031840774685,0.0025716376537923136,rebalance_exit,6537.153926463598
2022-03-31,KOR,-0.007600450129968461,-0.007600450129968572,rebalance_exit,6537.153926463598
2022-03-31,FRGE,2.2666954540684046,2.443089371220064,rebalance_exit,6537.153926463598
2022-03-31,BCAC,0.004534285790062986,0.004534346127785582,rebalance_exit,6537.153926463598
2022-03-31,TINV,0.011173440396786027,0.011173440396786027,rebalance_exit,6537.153926463598
2022-03-31,MCMJ,-0.20273014565789726,-0.17177742716222777,rebalance_exit,6537.153926463598
2022-03-31,GLT,-0.2796274326539815,-0.2796274326539815,rebalance_exit,6537.153926463598
2022-03-31,VENA,0.004304587859804254,0.004799771174704315,rebalance_exit,6537.153926463598
2022-03-31,MOTV,0.9004065521301245,0.9004065521301245,rebalance_exit,6537.153926463598
2022-03-31,APGN,0.004568312686632048,0.004568312686632048,rebalance_exit,6537.153926463598
2022-03-31,FARO,-0.2597353909897655,-0.2597353909897656,rebalance_exit,6537.153926463598
2022-03-31,FFWM,-0.021754261686935505,-0.018941804777425686,rebalance_exit,6537.153926463598
2022-03-31,HBMD,0.06925743833299869,0.06925743833299891,rebalance_exit,6537.153926463598
2022-06-16,NCBS,-0.037482183008608505,-0.03748218300860795,crash_overlay_exit,0.9104484603435717
2022-06-16,AMK,-0.11539456981078433,-0.11539456981078422,crash_overlay_exit,726.7339388895434
2022-06-16,RZA,0.12724398059221853,0.1309415615687024,crash_overlay_exit,4278.679466025873
2022-06-16,CCLDP,0.17098333112378494,0.17098333112378494,crash_overlay_exit,4278.679466025873
2022-06-16,BRMK,-0.2798748946931682,-0.2798748946931682,crash_overlay_exit,3930.6114345302535
2022-06-16,SIVBP,-0.13112638932792697,-0.12833431900827608,crash_overlay_exit,3930.6114345302535
2022-06-16,GMRE,-0.10402890878695714,-0.10402890878695714,crash_overlay_exit,3214.0207591626468
2022-06-16,UMBFP,-0.10994454349754845,-0.10994454349754845,crash_overlay_exit,3214.0207591626468
2022-06-16,FFNW,0.4334251118308614,0.4347826003799631,crash_overlay_exit,3214.0207591626468
2022-06-16,OPINL,-0.021148148368496655,-0.015193494919955475,crash_overlay_exit,3214.0207591626468
2022-06-16,MCBC,-0.08954951955855506,-0.08954951955855517,crash_overlay_exit,3966.04712329393
2022-06-16,AINV,-0.2522307079643099,-0.2522307079643099,crash_overlay_exit,3966.04712329393
2022-06-16,RPT_old,-0.0435778820917927,-0.04357788209179281,crash_overlay_exit,3966.04712329393
2022-06-16,FLIC,-0.12901980186957518,-0.1290198018695753,crash_overlay_exit,3966.04712329393
2022-06-16,CATC,-0.015515920051434318,-0.015515920051434318,crash_overlay_exit,3966.04712329393
2022-06-16,AJX,-0.07866840358956295,-0.07866840358956306,crash_overlay_exit,3966.04712329393
2022-06-16,LBAI,-0.13151096968935705,-0.13151096968935705,crash_overlay_exit,4790.5130645002655
2022-06-16,OPI,-0.30731792961512294,-0.30731792961512283,crash_overlay_exit,4790.5130645002655
2022-06-16,PFHD,0.11094194268673974,0.11215725849585101,crash_overlay_exit,4456.497171524578
2022-06-16,EVBN,-0.09426477383330767,-0.0794559311477776,crash_overlay_exit,4456.497171524578
2022-06-16,INDT,-0.1538216275917692,-0.15240508740572145,crash_overlay_exit,4456.497171524578
2022-06-16,SCS,-0.1679631715751555,-0.1679631715751555,crash_overlay_exit,4456.497171524578
2022-06-16,FCRD,-0.19536660107628945,-0.19536660107628956,crash_overlay_exit,4456.497171524578
2022-06-16,FNCB,0.009719673060627265,0.026190698577472027,crash_overlay_exit,4456.497171524578
2022-06-16,HTBI,-0.11374798551553178,-0.11119214389698484,crash_overlay_exit,4456.497171524578
2022-06-16,PWOD,-0.02372173749842632,-0.02372173749842632,crash_overlay_exit,4456.497171524578
2022-06-16,BKCC,-0.009721331980239611,-0.009721331980239722,crash_overlay_exit,4456.497171524578
2022-06-16,CVCY,-0.3032983251198399,-0.30329832511984,crash_overlay_exit,4456.497171524578
2022-06-16,PCSB,0.030512756708872102,0.03051275670887188,crash_overlay_exit,4456.497171524578
2022-06-16,HTBK,-0.05776158958014532,-0.05700128203983046,crash_overlay_exit,4456.497171524578
2022-06-16,FFIC,-0.029995780014229534,-0.029995780014229645,crash_overlay_exit,4456.497171524578
2022-06-16,MOFG,-0.0236890252759977,-0.02368902527599781,crash_overlay_exit,4456.497171524578
2022-06-16,FOE,0.008245022483188924,0.008245022483188924,crash_overlay_exit,3922.2923558781586
2022-06-16,BNRE,-0.30797237624817586,-0.30797237624817586,crash_overlay_exit,3922.2923558781586
2022-06-16,CALB,-0.0836437707496347,-0.08148843992175114,crash_overlay_exit,3922.2923558781586
2022-06-16,MRCC,-0.1824647460685399,-0.18085173035296276,crash_overlay_exit,3922.2923558781586
2022-06-16,AVTA,-0.046570465894260504,-0.04657046589426039,crash_overlay_exit,3922.2923558781586
2022-06-16,BAMR,-0.30887937937681775,-0.30887937937681764,crash_overlay_exit,3922.2923558781586
2022-06-16,LEVL,-0.0002994947677990023,-0.0002994947677991133,crash_overlay_exit,5115.121550781579
2022-06-16,PTMN,-0.06662532919536979,-0.06662532919536968,crash_overlay_exit,5115.121550781579
2022-06-16,BHLB,-0.16732561314608962,-0.16732561314608974,crash_overlay_exit,5115.121550781579
2022-06-16,ACEV,0.005476502713671172,0.005741143772191704,crash_overlay_exit,5115.121550781579
2022-06-16,CSWI,-0.17217529913775165,-0.17217529913775154,crash_overlay_exit,5115.121550781579
2022-06-16,NOAC,0.0028285967215682106,0.002841342164239924,crash_overlay_exit,5115.121550781579
2022-06-16,THR,-0.07037038824903763,-0.07037038824903752,crash_overlay_exit,5115.121550781579
2022-06-16,PDVW,-0.2529023142917014,-0.2529023142917014,crash_overlay_exit,5115.121550781579
2022-06-16,XENT,0.007874464805789794,0.007874464805789794,crash_overlay_exit,5115.121550781579
2022-06-16,AUVPQ,0.02424849559814879,0.024248495598148567,crash_overlay_exit,4397.896541015624
2022-06-16,SWKH,0.12200372648569857,0.13143237622960768,crash_overlay_exit,5115.121550781579
2022-06-16,MGIC,-0.04568792314609793,-0.037141848052264725,crash_overlay_exit,5115.121550781579
2022-06-16,GPP,-0.16859471003075543,-0.16859471003075532,crash_overlay_exit,5115.121550781579
2022-06-16,FAZE,-0.010251379066206767,-0.010070531560568363,crash_overlay_exit,5115.121550781579
2022-06-16,HCCI,-0.182571296407112,-0.1825712964071119,crash_overlay_exit,5115.121550781579
2022-06-16,PFSW,0.03393304201501768,0.04986654377811961,crash_overlay_exit,5115.121550781579
2022-06-16,BLFY,-0.15690210789652248,-0.1549324187933253,crash_overlay_exit,5115.121550781579
2022-06-16,CBTX,-0.11935315439805727,-0.11935315439805749,crash_overlay_exit,5115.121550781579
2022-06-16,BRPM,-0.010248160818537189,-0.010070531560568363,crash_overlay_exit,5115.121550781579
2022-06-16,PRA,-0.20070298854536417,-0.19796813785452283,crash_overlay_exit,5115.121550781579
2022-06-16,IPVA,0.0020297310743866426,0.002778168564679273,crash_overlay_exit,2313.0669521484374
2022-06-16,TREC,0.1347583118955833,0.13849714639090105,crash_overlay_exit,5115.121550781579
2022-06-16,TMPO,0.005476502713671172,0.005741143772191704,crash_overlay_exit,5115.121550781579
2022-06-16,CCF,-0.12999789512359394,-0.12999789512359394,crash_overlay_exit,5115.121550781579
2022-06-30,RPT_old,0.011240986223234328,0.01124098622323455,rebalance_exit,2644.031415529287
2022-06-30,FLIC,-0.14367621445142942,-0.14367621445142942,rebalance_exit,2644.031415529287
2022-06-30,AJX,-0.0258499052248925,-0.0258499052248925,rebalance_exit,2644.031415529287
2022-06-30,PFHD,0.044597949635353684,0.062351235230398316,rebalance_exit,2970.99811434972
2022-06-30,EVBN,-0.10045737866210402,-0.0998466616139736,rebalance_exit,2970.99811434972
2022-06-30,SCS,-0.1255862772992734,-0.1255862772992733,rebalance_exit,2970.99811434972
2022-06-30,FCRD,-0.1471649257533013,-0.1471649257533011,rebalance_exit,2970.99811434972
2022-06-30,FNCB,-0.012005467336387854,-0.003689260151254703,rebalance_exit,2970.99811434972
2022-06-30,CVCY,-0.33053849015171644,-0.3305384901517163,rebalance_exit,2970.99811434972
2022-06-30,FOE,0.008245022483188924,0.008245022483188924,rebalance_exit,2614.861570585439
2022-06-30,BNRE,-0.2858663634372334,-0.2858663634372336,rebalance_exit,2614.861570585439
2022-06-30,MRCC,-0.1700743234017167,-0.1604037681616851,rebalance_exit,2614.861570585439
2022-06-30,AVTA,0.055794406684736675,0.06282058540510715,rebalance_exit,2614.861570585439
2022-06-30,BAMR,-0.28680242270370193,-0.28680242270370215,rebalance_exit,2614.861570585439
2022-06-30,LEVL,-0.0002994947677991133,-0.0002994947677991133,rebalance_exit,3410.081033854386
2022-06-30,NOAC,0.002332533815676996,0.0038574154236208358,rebalance_exit,3410.081033854386
2022-06-30,THR,-0.13271607845371958,-0.13271607845371958,rebalance_exit,3410.081033854386
2022-06-30,PDVW,-0.2529023142917013,-0.2529023142917014,rebalance_exit,3410.081033854386
2022-06-30,XENT,0.007874464805789794,0.007874464805789794,rebalance_exit,3410.081033854386
2022-06-30,AUVPQ,0.02359280958476151,0.023592809584761953,rebalance_exit,2931.9310273437504
2022-06-30,SWKH,0.027796659307556704,0.029482767091047357,rebalance_exit,3410.081033854386
2022-06-30,MGIC,0.02721284404172164,0.031340947992769985,rebalance_exit,3410.081033854386
2022-06-30,FAZE,0.0015793888676980394,0.0030211210522879117,rebalance_exit,3410.081033854386
2022-06-30,HCCI,-0.09271703736113657,-0.09084664568586542,rebalance_exit,3410.081033854386
2022-06-30,PFSW,0.022750313734347438,0.028861115583711294,rebalance_exit,3410.081033854386
2022-06-30,CBTX,-0.14066043251175886,-0.13813073599429848,rebalance_exit,3410.081033854386
2022-06-30,BRPM,0.0016102530346833177,0.0030211210522879117,rebalance_exit,3410.081033854386
2022-06-30,PRA,-0.12299667583734442,-0.1229966758373442,rebalance_exit,3410.081033854386
2022-06-30,IPVA,0.0014110603659738263,0.00175490213527274,rebalance_exit,1542.0446347656252
2022-06-30,TREC,0.1466794400699436,0.14667944006994338,rebalance_exit,3410.081033854386
2022-09-26,NCBS,0.07451688147891766,0.0745168814789181,crash_overlay_exit,0.36417938413742873
2022-09-26,AMK,-0.10748645560121217,-0.10134557232070673,crash_overlay_exit,290.69357555581735
2022-09-26,RZA,0.1400978061360434,0.1416375807528809,crash_overlay_exit,1711.4717864103498
2022-09-26,CCLDP,0.22371900510578113,0.22371900510578135,crash_overlay_exit,1711.4717864103498
2022-09-26,BRMK,-0.3501262806698079,-0.3501262806698079,crash_overlay_exit,1572.2445738121016
2022-09-26,SIVBP,-0.17509724847814123,-0.17509724847814134,crash_overlay_exit,1572.2445738121016
2022-09-26,GMRE,-0.24373770384732407,-0.24373770384732418,crash_overlay_exit,1285.6083036650589
2022-09-26,UMBFP,-0.0814535062260705,-0.08011965428371082,crash_overlay_exit,1285.6083036650589
2022-09-26,FFNW,0.352936923810248,0.36305613702366335,crash_overlay_exit,1285.6083036650589
2022-09-26,OPINL,-0.1536535940978434,-0.1525466450048898,crash_overlay_exit,1285.6083036650589
2022-09-26,MCBC,-0.004282990777286888,-0.0005708315424055588,crash_overlay_exit,1586.4188493175723
2022-09-26,AINV,-0.19307112064540766,-0.19307112064540766,crash_overlay_exit,1586.4188493175723
2022-09-26,CATC,-0.005349932635209553,-0.0021710940465432538,crash_overlay_exit,1586.4188493175723
2022-09-26,LBAI,-0.033386792284022304,-0.028596850414482122,crash_overlay_exit,1916.2052258001058
2022-09-26,OPI,-0.450156283574241,-0.4501562835742411,crash_overlay_exit,1916.2052258001058
2022-09-26,INDT,-0.21982426320156223,-0.21982426320156234,crash_overlay_exit,1782.598868609832
2022-09-26,HTBI,-0.16247192799364085,-0.15618121802374674,crash_overlay_exit,1782.598868609832
2022-09-26,PWOD,0.019667947821270237,0.02657539364699768,crash_overlay_exit,1782.598868609832
2022-09-26,BKCC,0.0002099937456061518,0.004466085928792607,crash_overlay_exit,1782.598868609832
2022-09-26,PCSB,0.02054597265589453,0.02054597265589475,crash_overlay_exit,1782.598868609832
2022-09-26,HTBK,0.029508159893920194,0.029508159893920416,crash_overlay_exit,1782.598868609832
2022-09-26,FFIC,-0.09449850918900593,-0.09033115250904977,crash_overlay_exit,1782.598868609832
2022-09-26,MOFG,-0.03242527005403284,-0.026031484037516317,crash_overlay_exit,1782.598868609832
2022-09-26,CALB,-0.04624968579300759,-0.04569002987610593,crash_overlay_exit,1568.9169423512633
2022-09-26,PTMN,-0.12605444400504684,-0.12605444400504706,crash_overlay_exit,2046.0486203126316
2022-09-26,BHLB,-0.019749098592484304,-0.01710324057872581,crash_overlay_exit,2046.0486203126316
2022-09-26,ACEV,0.019704002807749754,0.02064843119922055,crash_overlay_exit,2046.0486203126316
2022-09-26,CSWI,0.002045140222164399,0.013060611558765256,crash_overlay_exit,2046.0486203126316
2022-09-26,GPP,-0.09556344209164624,-0.09556344209164624,crash_overlay_exit,2046.0486203126316
2022-09-26,BLFY,-0.15198536820705244,-0.15198536820705244,crash_overlay_exit,2046.0486203126316
2022-09-26,TMPO,0.019704002807749754,0.02064843119922055,crash_overlay_exit,2046.0486203126316
2022-09-26,CCF,-0.05871853833930363,-0.04836267444746345,crash_overlay_exit,2046.0486203126316
2022-09-26,HTLF,0.07297698515591833,0.0729769851559181,crash_overlay_exit,10739.934522205096
2022-09-26,CVLY,-0.14178178555602794,-0.13510964378219525,crash_overlay_exit,10739.934522205096
2022-09-26,MEKA,-0.003917799545431366,-0.0021694071100017975,crash_overlay_exit,10739.934522205096
2022-09-26,NPTN,0.015746551009253817,0.015746551009253817,crash_overlay_exit,10739.934522205096
2022-09-26,ETAC,0.0067196318336120164,0.0067196318336120164,crash_overlay_exit,10739.934522205096
2022-09-26,ROIC,-0.11138878863944679,-0.11138878863944679,crash_overlay_exit,10739.934522205096
2022-09-26,SSBK,0.2024763921003514,0.20510859595922182,crash_overlay_exit,10739.934522205096
2022-09-26,VTAQ,-0.49806958273368007,-0.4980695827336802,crash_overlay_exit,9040.2336796875
2022-09-26,PTRS,0.011707543450329316,0.01447783750872711,crash_overlay_exit,2928.558720703125
2022-09-26,CSTR,-0.03674797539631669,-0.03149123931639253,crash_overlay_exit,10739.934522205096
2022-09-26,CFB,0.02803029476556329,0.02803029476556329,crash_overlay_exit,10739.934522205096
2022-09-26,RILYO,0.011315105427500916,0.012000878957988848,crash_overlay_exit,10739.934522205096
2022-09-26,SASR,-0.03254959217066555,-0.02870406415859772,crash_overlay_exit,10739.934522205096
2022-09-26,CSGS,-0.1256387023724127,-0.12066753397669083,crash_overlay_exit,10739.934522205096
2022-09-26,LBC,-0.06532807480787728,-0.0653280748078775,crash_overlay_exit,10739.934522205096
2022-09-26,BRKL_old,-0.05798722833800163,-0.05423972266472943,crash_overlay_exit,10739.934522205096
2022-09-26,BFIN,0.013970429108208116,0.01988319606823219,crash_overlay_exit,9941.290500000001
2022-09-26,PRST,-0.783122588791627,-0.783122588791627,crash_overlay_exit,9143.1250546875
2022-09-26,RBT,-0.7455796547242521,-0.7417456484128466,crash_overlay_exit,1412.0366144714353
2022-09-30,NCBS,0.07451688147891788,0.0745168814789181,rebalance_exit,0.24278625609161913
2022-09-30,BRMK,-0.3884440912476391,-0.3806477163385763,rebalance_exit,1048.1630492080678
2022-09-30,SIVBP,-0.13540301449987457,-0.13540301449987469,rebalance_exit,1048.1630492080678
2022-09-30,AINV,-0.22954368291811977,-0.2212640940838978,rebalance_exit,1057.612566211715
2022-09-30,OPI,-0.4778858889794384,-0.4690506833128567,rebalance_exit,1277.4701505334042
2022-09-30,PWOD,0.0027209854148328994,0.009828417640807219,rebalance_exit,1188.3992457398879
2022-09-30,ACEV,0.0188580923125099,0.019157674023231763,rebalance_exit,1364.0324135417545
2022-09-30,TMPO,0.0188580923125099,0.019157674023231763,rebalance_exit,1364.0324135417545
2022-09-30,CCF,-0.05169590635755816,-0.04182781379104261,rebalance_exit,1364.0324135417545
2022-09-30,MEKA,-0.00519310938178319,-0.00519310938178319,rebalance_exit,7159.956348136731
2022-09-30,NPTN,0.01574655100925404,0.015746551009253817,rebalance_exit,7159.956348136731
2022-09-30,ETAC,0.006719631833611794,0.0067196318336120164,rebalance_exit,7159.956348136731
2022-09-30,SSBK,0.2013927427307911,0.2140144104151711,rebalance_exit,7159.956348136731
2022-09-30,VTAQ,-0.4980695827336802,-0.4980695827336802,rebalance_exit,6026.822453125002
2022-09-30,PTRS,-0.01621436374918639,-0.014339349306514926,rebalance_exit,1952.37248046875
2022-09-30,CSGS,-0.11981160959530412,-0.11328913087671377,rebalance_exit,7159.956348136731
2022-09-30,PRST,-0.8083651723698674,-0.7974493411583785,rebalance_exit,6095.416703125
2022-09-30,RBT,-0.8002198539782714,-0.7884300697644683,rebalance_exit,941.357742980957
2022-12-30,AMK,0.11296983293179852,0.11423464618422186,rebalance_exit,193.7957170372116
2022-12-30,RZA,0.1551497855468793,0.1551497855468793,rebalance_exit,1140.981190940233
2022-12-30,GMRE,-0.18050237847381023,-0.17347672554349902,rebalance_exit,857.0722024433726
2022-12-30,OPINL,-0.2510414801809948,-0.2510414801809946,rebalance_exit,857.0722024433726
2022-12-30,INDT,-0.08955379430190946,-0.08776528786510329,rebalance_exit,1188.3992457398879
2022-12-30,CSWI,-0.020728901986230563,-0.016057730865729813,rebalance_exit,1364.0324135417545
2022-12-30,CSTR,-0.09795848616884972,-0.09458668237317713,rebalance_exit,7159.956348136731
2022-12-30,SASR,-0.08169004665801738,-0.08169004665801749,rebalance_exit,7159.956348136731
2022-12-30,HMNF,-0.04485563902545231,-0.04481279793817239,rebalance_exit,15299.380473632815
2022-12-30,B_old,0.41182775389275306,0.4202662918527198,rebalance_exit,27628.98950745531
2022-12-30,DHIL,0.11432956359257074,0.1299820817360826,rebalance_exit,27628.98950745531
2022-12-30,ABTX,-1.1102230246251565e-16,0.0,rebalance_exit,27628.98950745531
2022-12-30,CBTX,0.006814947799407722,0.011748725907998026,rebalance_exit,27628.98950745531
2022-12-30,FFWM,-0.21414942696196237,-0.21170096249536563,rebalance_exit,27628.98950745531
2022-12-30,ATAX,0.0033322717872690255,0.01370722134639224,rebalance_exit,27628.98950745531
2022-12-30,VBTX,0.048534638036193734,0.05396843593806633,rebalance_exit,27628.98950745531
2022-12-30,MN,0.04406750603269027,0.04406750603269027,rebalance_exit,27628.98950745531
2023-03-13,UMBFP,-0.18791864347566722,-0.18791864347566734,sector_crash_overlay_exit,514.2433214660235
2023-03-13,FFNW,0.18396392040049236,0.1839639204004926,sector_crash_overlay_exit,514.2433214660235
2023-03-13,MCBC,0.03866607176609205,0.03866607176609227,sector_crash_overlay_exit,634.5675397270289
2023-03-13,CATC,-0.2132060211864697,-0.21320602118646959,sector_crash_overlay_exit,634.5675397270289
2023-03-13,LBAI,-0.012901890816779837,-0.012901890816779837,sector_crash_overlay_exit,766.4820903200425
2023-03-13,HTBI,-0.10882701992610477,-0.10882701992610477,sector_crash_overlay_exit,713.0395474439327
2023-03-13,PCSB,0.050755263858152766,0.050755263858152766,sector_crash_overlay_exit,713.0395474439327
2023-03-13,FFIC,-0.271417632633733,-0.27141763263373275,sector_crash_overlay_exit,713.0395474439327
2023-03-13,MOFG,-0.1636997482173853,-0.1636997482173853,sector_crash_overlay_exit,713.0395474439327
2023-03-13,CALB,0.01837029229422127,0.01837029229422149,sector_crash_overlay_exit,627.5667769405054
2023-03-13,BHLB,-0.14477839983445917,-0.14477839983445917,sector_crash_overlay_exit,818.4194481250527
2023-03-13,BLFY,-0.29860125783477665,-0.29860125783477665,sector_crash_overlay_exit,818.4194481250527
2023-03-13,HTLF,-0.054374770533119454,-0.05437477053311934,sector_crash_overlay_exit,4295.973808882039
2023-03-13,CVLY,-0.013433118736779326,-0.013433118736779215,sector_crash_overlay_exit,4295.973808882039
2023-03-13,CFB,-0.14924244662837471,-0.14924244662837471,sector_crash_overlay_exit,4295.973808882039
2023-03-13,RILYO,-0.02805521374279296,-0.02805521374279285,sector_crash_overlay_exit,4295.973808882039
2023-03-13,LBC,-0.25597401882789994,-0.24545993357168172,sector_crash_overlay_exit,4295.973808882039
2023-03-13,BRKL_old,-0.1797399922595686,-0.17973999225956871,sector_crash_overlay_exit,4295.973808882039
2023-03-13,BFIN,-0.05188514967675539,-0.051885149676755615,sector_crash_overlay_exit,3976.5162
2023-03-13,EVBN,-0.017067381812500226,-0.017067381812500226,sector_crash_overlay_exit,16577.393704473187
2023-03-13,PFC,-0.1593969507915406,-0.15939695079154048,sector_crash_overlay_exit,16577.393704473187
2023-03-13,PWOD,-0.0999764458899366,-0.0999764458899367,sector_crash_overlay_exit,12822.697252529406
2023-03-13,ESSA,-0.1823756063545804,-0.18110081730725325,sector_crash_overlay_exit,12822.697252529406
2023-03-13,SIVBP,-0.10054761356273778,-0.10054761356273767,sector_crash_overlay_exit,12822.697252529406
2023-03-13,CVCY,-0.044469114932902176,-0.044469114932902176,sector_crash_overlay_exit,12822.697252529406
2023-03-31,CATC,-0.18928841650556905,-0.18490894410012415,rebalance_exit,423.045026484686
2023-03-31,PCSB,0.05075526385815299,0.050755263858152766,rebalance_exit,475.3596982959551
2023-03-31,HTBK,-0.24581350493896292,-0.24024838902169987,rebalance_exit,1188.3992457398879
2023-03-31,FFIC,-0.3157592014601752,-0.30413113944214376,rebalance_exit,475.3596982959551
2023-03-31,MOFG,-0.16095436044170353,-0.1567956785740392,rebalance_exit,475.3596982959551
2023-03-31,CALB,-0.08101739757142334,-0.08101739757142312,rebalance_exit,418.37785129367035
2023-03-31,BHLB,-0.1257936134106198,-0.12020624796264512,rebalance_exit,545.6129654167019
2023-03-31,BLFY,-0.29860125783477665,-0.29860125783477665,rebalance_exit,545.6129654167019
2023-03-31,HTLF,-0.06378356421041875,-0.0602537990760631,rebalance_exit,2863.9825392546927
2023-03-31,CFB,-0.21095046486840752,-0.2060606292675572,rebalance_exit,2863.9825392546927
2023-03-31,BRKL_old,-0.19122087029552104,-0.1874783924242962,rebalance_exit,2863.9825392546927
2023-03-31,PFC,-0.1850827048919308,-0.18073858905312368,rebalance_exit,11051.595802982123
2023-03-31,SP,-0.012384800980922095,-0.012384800980922095,rebalance_exit,21371.16208754901
2023-03-31,MGIC,-0.15884795299914733,-0.14934018713735742,rebalance_exit,14034.483593750001
2023-03-31,VIVO_old,0.02071963496481999,0.02071963496481999,rebalance_exit,21371.16208754901
2023-03-31,SIVBP,-0.10054761356273767,-0.10054761356273767,rebalance_exit,8548.464835019606
2023-03-31,CVCY,-0.038745687004543616,-0.03556517261285164,rebalance_exit,8548.464835019606
2023-03-31,RFP,0.01382529962918766,0.01382529962918766,rebalance_exit,21371.16208754901
2023-05-12,UMBFP,-0.27378654041379713,-0.2694832068115046,sector_crash_overlay_exit,205.69732858640944
2023-05-12,FFNW,-0.08181507766692309,-0.08074044926616253,sector_crash_overlay_exit,205.69732858640944
2023-05-12,MCBC,-0.08126733893617666,-0.07798302336711038,sector_crash_overlay_exit,253.8270158908116
2023-05-12,LBAI,-0.25499054362589,-0.24875558821473798,sector_crash_overlay_exit,306.592836128017
2023-05-12,HTBI,-0.3344219927337799,-0.3279728589083043,sector_crash_overlay_exit,285.21581897757306
2023-05-12,CVLY,-0.2632122778270819,-0.26034252622016274,sector_crash_overlay_exit,1718.3895235528155
2023-05-12,RILYO,0.02696371561405586,0.028497847720828418,sector_crash_overlay_exit,1718.3895235528155
2023-05-12,LBC,-0.36264411791330575,-0.35758969890611814,sector_crash_overlay_exit,1718.3895235528155
2023-05-12,BFIN,-0.1999387596106843,-0.1974767720675683,sector_crash_overlay_exit,1590.60648
2023-05-12,EVBN,-0.33251242661885505,-0.3285593511742927,sector_crash_overlay_exit,6630.9574817892735
2023-05-12,PWOD,-0.13146937226882438,-0.13146937226882416,sector_crash_overlay_exit,5129.078901011763
2023-05-12,ESSA,-0.3687188705710117,-0.36773027800373537,sector_crash_overlay_exit,5129.078901011763
2023-05-12,INDT,0.004034916477300143,0.004662802750934558,sector_crash_overlay_exit,9191.225057555183
2023-06-30,CCLDP,0.43696020283899006,0.43696020283898984,rebalance_exit,1140.981190940233
2023-06-30,UMBFP,-0.13855560706339598,-0.13150208461113488,rebalance_exit,137.13155239093962
2023-06-30,FFNW,0.07007195676743505,0.07080437618226498,rebalance_exit,137.13155239093962
2023-06-30,MCBC,-0.0039919106442168895,0.003094675690931359,rebalance_exit,169.2180105938744
2023-06-30,LBAI,-0.18197129468483986,-0.17951194425152506,rebalance_exit,204.3952240853447
2023-06-30,HTBI,-0.23422865693828687,-0.23422865693828676,rebalance_exit,190.14387931838206
2023-06-30,CVLY,-0.10573947035184605,-0.10354082065121706,rebalance_exit,1145.5930157018772
2023-06-30,LBC,-0.309759702362178,-0.30541818972491597,rebalance_exit,1145.5930157018772
2023-06-30,THR,0.31538318457646963,0.31538318457646985,rebalance_exit,21371.16208754901
2023-06-30,VGR,0.10791743921573671,0.10791743921573671,rebalance_exit,21371.16208754901
2023-06-30,PWOD,-0.037731236181475336,-0.037731236181475,rebalance_exit,3419.3859340078425
2023-06-30,FLIC,-0.3224139983615637,-0.3224139983615637,rebalance_exit,21371.16208754901
2023-06-30,ESSA,-0.2774542445971043,-0.27269013247340634,rebalance_exit,3419.3859340078425
2023-06-30,CPLP,0.033995824000132346,0.038368870096008534,rebalance_exit,15318.708429258637
2023-06-30,BNRE,0.028877168417541066,0.028877168417540844,rebalance_exit,15318.708429258637
2023-06-30,INDT,0.012357887322379524,0.012357887322379302,rebalance_exit,6127.483371703454
2023-06-30,IRBTQ,0.028509512237426593,0.03470292870164582,rebalance_exit,15318.708429258637
2023-06-30,IRBT,0.02855595463367444,0.03474965076191072,rebalance_exit,15318.708429258637
2023-06-30,MBCN,-0.055410560151449406,-0.04681643414016845,rebalance_exit,15318.708429258637
2023-09-29,GPP,0.27527352897832413,0.28088858404818007,rebalance_exit,1364.0324135417545
2023-09-29,SAVE,-0.01789993346137464,-0.0061682093311280495,rebalance_exit,15318.708429258637
2023-09-29,CSGS,-0.040974533159524706,-0.03777906201947556,rebalance_exit,15318.708429258637
2023-09-29,SAVEQ,-0.015747098173875873,-0.00398965724495326,rebalance_exit,15318.708429258637
2023-09-29,MLNK,-0.17980768789906465,-0.17980768789906454,rebalance_exit,14448.06674509508
2023-09-29,HCCI,0.1983846601558139,0.1987037163559009,rebalance_exit,14448.06674509508
2023-09-29,PGTI,-0.0563549986130486,-0.04802743179592739,rebalance_exit,14448.06674509508
2023-09-29,DVAX,0.13974439754539758,0.1416255074731687,rebalance_exit,14448.06674509508
2023-09-29,NXGN,0.45656327998595403,0.45656327998595403,rebalance_exit,14448.06674509508
2023-09-29,MRCC,-0.0595281949736477,-0.05804519203229919,rebalance_exit,14448.06674509508
2023-09-29,AVTA,0.14134599434671502,0.14298484731622496,rebalance_exit,14448.06674509508
2023-09-29,HOLI,0.12791358615588044,0.12791358615588044,rebalance_exit,14448.06674509508
2023-09-29,EVRI,-0.09994763120246486,-0.09214719055083509,rebalance_exit,14448.06674509508
2023-12-29,TGH,0.6234704862289902,0.6235528320631327,rebalance_exit,21371.16208754901
2023-12-29,NS,0.27257696090696304,0.2770660228110371,rebalance_exit,15318.708429258637
2023-12-29,CCF,0.21732067007834321,0.21732067007834321,rebalance_exit,15318.708429258637
2023-12-29,FDP,-0.11436886761533649,-0.11139371046265378,rebalance_exit,15318.708429258637
2023-12-29,SP,0.30780535683038024,0.308521747758298,rebalance_exit,14448.06674509508
2023-12-29,NAPA,-0.25126606821293085,-0.24512403638373426,rebalance_exit,14448.06674509508
2023-12-29,AMBC,0.15490808885899732,0.15730335724171662,rebalance_exit,14448.06674509508
2023-12-29,CVLY,0.38300579799576884,0.3879106490329074,rebalance_exit,16930.99737445379
2023-12-29,THR,0.17822784062805908,0.1826744203092432,rebalance_exit,16930.99737445379
2023-12-29,B_old,-0.0365125460121577,-0.03458840457809431,rebalance_exit,16930.99737445379
2023-12-29,EQC,0.040765365062354064,0.0426928586497799,rebalance_exit,16930.99737445379
2023-12-29,GOGL_old,0.24461239649927102,0.2518821640364328,rebalance_exit,16930.99737445379
2023-12-29,STEC,-0.7481078703553343,-0.7412587413753331,rebalance_exit,9526.18
2023-12-29,HSII,0.17892148781671846,0.18343016851994265,rebalance_exit,16930.99737445379
2023-12-29,AMK,0.18868097182977617,0.19077095488345908,rebalance_exit,16930.99737445379
2024-03-28,BKCC,0.2734033200277566,0.2734033200277568,rebalance_exit,1188.3992457398879
2024-03-28,SSBK,0.16377118646109556,0.1650808828061776,rebalance_exit,15318.708429258637
2024-03-28,SPTN,-0.06607862482782434,-0.06607862482782445,rebalance_exit,16930.99737445379
2024-03-28,CPLP,0.22546519643450225,0.23545870632053134,rebalance_exit,23739.469802674503
2024-03-28,CYTT,-0.01332742038900736,-0.01332742038900736,rebalance_exit,8351.905
2024-03-28,VGR,-0.010637768640369472,-0.01063776864036936,rebalance_exit,23739.469802674503
2024-03-28,FLIC,-0.14667910081073798,-0.14667910081073798,rebalance_exit,23739.469802674503
2024-03-28,BLFY,-0.03205795420588109,-0.0320579542058812,rebalance_exit,23739.469802674503
2024-03-28,CYT,-0.009982556405527587,-0.009982556405527587,rebalance_exit,8354.368154296875
2024-06-28,RILYO,0.15112107296688104,0.1511210729668815,rebalance_exit,1145.5930157018772
2024-06-28,BFIN,0.18935237777332792,0.19054868638542422,rebalance_exit,1060.40432
2024-06-28,SWKH,-0.05153410492177235,-0.049650881572685046,rebalance_exit,21371.16208754901
2024-06-28,MACK,0.22780634957625723,0.22780634957625723,rebalance_exit,14448.06674509508
2024-06-28,MCBC,0.6653957132469916,0.6653957132469919,rebalance_exit,16930.99737445379
2024-06-28,NGMS,0.028641342165896644,0.028641342165896644,rebalance_exit,23739.469802674503
2024-06-28,BNRE,0.03416319799693812,0.034163197996938344,rebalance_exit,23739.469802674503
2024-06-28,DVAX,-0.20482072027062403,-0.19670959156269707,rebalance_exit,23739.469802674503
2024-06-28,SP,0.03331273747808261,0.03331273747808261,rebalance_exit,22300.15190724346
2024-06-28,ODP,-0.2597906389693011,-0.2597549288873545,rebalance_exit,22300.15190724346
2024-06-28,DENN,-0.20758929973164075,-0.20758929973164075,rebalance_exit,22300.15190724343
2024-09-30,ROIC,0.0947070303858637,0.09772561763502252,rebalance_exit,7159.956348136731
2024-09-30,EVBN,0.140679869833936,0.14867060571610535,rebalance_exit,4420.63832119285
2024-09-30,CALB,0.009839386635982716,0.009839386635982716,rebalance_exit,23739.469802674503
2024-09-30,CHUY,-0.02650135130819864,-0.026501351308198418,rebalance_exit,23739.469802674503
2024-09-30,AC,0.07621749983121884,0.08601784326932682,rebalance_exit,22300.15190724346
2024-09-30,PWOD,0.26352768546049976,0.26352768546049976,rebalance_exit,22300.15190724346
2024-09-30,CVLY,0.0,0.0,rebalance_exit,32308.946560258843
2024-09-30,AMWD,0.18518713052189395,0.18893128196447018,rebalance_exit,32308.946560258843
2024-09-30,ARC,0.2918708590036654,0.2937876252817846,rebalance_exit,19844.459218750002
2024-09-30,FDP,0.35555743862756195,0.3618447928218582,rebalance_exit,32308.946560258843
2024-12-31,KAR,0.3250000377706048,0.3396353538456802,rebalance_exit,23739.469802674503
2024-12-31,HAYN,0.0211467427196379,0.0211467427196379,rebalance_exit,22300.15190724346
2024-12-31,HTBK,0.13251030119555707,0.13942603855707092,rebalance_exit,22300.15190724346
2024-12-31,BHLB,0.25631493167564146,0.2627155569113455,rebalance_exit,32308.946560258843
2024-12-31,SPTN,-0.010666603165329858,-0.001894726434125471,rebalance_exit,32308.946560258843
2024-12-31,BFIN,0.05045589392756744,0.05045589392756744,rebalance_exit,11227.525361328126
2024-12-31,STER,0.0009767570563861128,0.0009767570563861128,rebalance_exit,37814.68819410126
2024-12-31,PHX,0.1869606935331507,0.18858538333604424,rebalance_exit,14993.085000000001
2024-12-31,OPINL,-0.13199591669713884,-0.12671155265009593,rebalance_exit,24143.59
