date,portfolio_value
2010-09-30,100058.01048615703
2010-10-01,99573.71534779247
2010-10-04,99623.04263987954
2010-10-05,99182.82615510386
2010-10-06,100639.44107220402
2010-10-07,100437.03906444742
2010-10-08,100227.62449541954
2010-10-11,100557.63707018466
2010-10-12,100329.22675251604
2010-10-13,100977.0735499215
2010-10-14,102019.67371241309
2010-10-15,101589.98341731021
2010-10-18,101925.79150821918
2010-10-19,102094.58970391985
2010-10-20,101076.15735472704
2010-10-21,102022.86735627969
2010-10-22,102275.88132453867
2010-10-25,102521.29037510656
2010-10-26,102560.9552070349
2010-10-27,102844.25057975537
2010-10-28,102421.70036442889
2010-10-29,102368.91301150403
2010-11-01,102013.2009543745
2010-11-02,102857.32380193046
2010-11-03,103099.0761412824
2010-11-04,103447.80760730102
2010-11-05,104889.12262573946
2010-11-08,105133.00911223597
2010-11-09,105054.54321451983
2010-11-10,104594.07570812845
2010-11-11,104733.74384264246
2010-11-12,104586.57002224503
2010-11-15,103780.33734752414
2010-11-16,103632.02750084831
2010-11-17,102485.82737034502
2010-11-18,102166.15539449532
2010-11-19,103288.05958678931
2010-11-22,103946.30293813847
2010-11-23,104279.25815797952
2010-11-24,103315.9033860883
2010-11-26,104846.84862818483
2010-11-29,103308.61560558686
2010-11-30,103227.61014085218
2010-12-01,102075.15176817428
2010-12-02,103272.0388490194
2010-12-03,103818.85765105838
2010-12-06,104194.15498916939
2010-12-07,104256.31746789835
2010-12-08,104236.10809774448
2010-12-09,104403.90103564571
2010-12-10,105036.32595887872
2010-12-13,105387.69589586672
2010-12-14,105481.85336181018
2010-12-15,105024.11783259074
2010-12-16,104946.96137997592
2010-12-17,104806.87775592563
2010-12-20,104617.36744923421
2010-12-21,104634.60027089517
2010-12-22,105053.91486851365
2010-12-23,105435.41482007051
2010-12-27,105468.77622916037
2010-12-28,105467.38320648941
2010-12-29,105507.10931811812
2010-12-30,105547.08653425351
2010-12-31,104692.80083218697
2011-01-03,104814.47669391421
2011-01-04,104809.15694403945
2011-01-05,104718.38283377579
2011-01-06,105069.75601461266
2011-01-07,104830.79122561126
2011-01-10,104820.36714264509
2011-01-11,104639.81504517191
2011-01-12,104580.53610034457
2011-01-13,105872.43112794479
2011-01-14,105637.57960387295
2011-01-18,106202.68689229907
2011-01-19,106059.04774857807
2011-01-20,105224.41976968433
2011-01-21,104646.7925815304
2011-01-24,105301.3181782409
2011-01-25,106371.82613635306
2011-01-26,107064.25614145295
2011-01-27,108251.42144977457
2011-01-28,107785.10788419833
2011-01-31,105611.18274244564
2011-02-01,106123.02230847644
2011-02-02,107593.53879863859
2011-02-03,107474.63539336393
2011-02-04,106878.8416300996
2011-02-07,107160.76231480553
2011-02-08,107885.49548096683
2011-02-09,108169.92851054612
2011-02-10,108091.24561082802
2011-02-11,108456.18586008233
2011-02-14,108500.38639825115
2011-02-15,108733.2762410528
2011-02-16,108293.40552484777
2011-02-17,109043.37973876935
2011-02-18,109435.39390750896
2011-02-22,109731.82263731277
2011-02-23,106764.52950070213
2011-02-24,106039.90200166707
2011-02-25,107196.03733700952
2011-02-28,107833.91220822978
2011-03-01,108472.49281343549
2011-03-02,107033.02101816991
2011-03-03,106690.5582752825
2011-03-04,108226.75532960753
2011-03-07,107414.43678769429
2011-03-08,107303.67510552841
2011-03-09,108369.18457449842
2011-03-10,107646.29728474641
2011-03-11,105275.24914625239
2011-03-14,105760.9651783165
2011-03-15,105056.44614420703
2011-03-16,104589.9354017637
2011-03-17,102208.03815032469
2011-03-18,104366.18848639229
2011-03-21,105052.68917105044
2011-03-22,106584.03447658148
2011-03-23,105798.41348859543
2011-03-24,105655.97379929724
2011-03-25,106586.03893919798
2011-03-28,107096.53841183182
2011-03-29,106837.27417693453
2011-03-30,107871.9878152967
2011-03-31,109419.08048576195
2011-04-01,109488.95596183828
2011-04-04,109616.55439625354
2011-04-05,109744.47364564164
2011-04-06,110091.27892340173
2011-04-07,109936.2732975005
2011-04-08,109252.66787686314
2011-04-11,109545.66978512447
2011-04-12,108535.6522025393
2011-04-13,107621.94621614272
2011-04-14,107900.17874265999
2011-04-15,108365.64949215141
2011-04-18,109061.0702175949
2011-04-19,107523.88350025128
2011-04-20,107884.45580660542
2011-04-21,109996.95844351043
2011-04-25,110477.79206992761
2011-04-26,111353.15180330857
2011-04-27,111625.58882525392
2011-04-28,112057.09523878666
2011-04-29,112372.04561174466
2011-05-02,111637.52809892735
2011-05-03,110854.88324301192
2011-05-04,110248.80229776197
2011-05-05,110428.31612365924
2011-05-06,109568.79934964627
2011-05-09,110293.71863499862
2011-05-10,110998.0924272136
2011-05-11,110938.58093850601
2011-05-12,110403.03980394741
2011-05-13,109729.3307990474
2011-05-16,108827.68480823327
2011-05-17,107595.68162884939
2011-05-18,107674.57117984549
2011-05-19,108579.66703021953
2011-05-20,109078.82850656663
2011-05-23,108200.66852378793
2011-05-24,106749.74301365075
2011-05-25,106704.32298808392
2011-05-26,107237.36771594909
2011-05-27,108061.03307608757
2011-05-31,107993.81133127924
2011-06-01,108544.64547671325
2011-06-02,106085.05365544348
2011-06-03,106625.42855181736
2011-06-06,105994.17077875692
2011-06-07,105644.36746442452
2011-06-08,106176.28251241843
2011-06-09,105377.37647629238
2011-06-10,106228.78618037925
2011-06-13,105216.82800600008
2011-06-14,105775.46348597121
2011-06-15,107616.68579192823
2011-06-16,106566.68129170075
2011-06-17,106112.54458772593
2011-06-20,106894.95740910538
2011-06-21,106850.8056308347
2011-06-22,107916.07553855838
2011-06-23,107109.78990065792
2011-06-24,107668.91325519135
2011-06-27,107018.37765950593
2011-06-28,107218.82022796517
2011-06-29,107603.98757025177
2011-06-30,107793.3544387974
2011-07-01,108631.89029539583
2011-07-05,109900.02048953011
2011-07-06,110227.37751219384
2011-07-07,109955.63295722834
2011-07-08,110970.88594511244
2011-07-11,110529.1625537575
2011-07-12,109435.09537704436
2011-07-13,109306.04187442079
2011-07-14,108959.23819762576
2011-07-15,108045.75642996546
2011-07-18,108323.83358016559
2011-07-19,107865.19502815673
2011-07-20,109535.49030016443
2011-07-21,109252.42604360613
2011-07-22,109793.22153869772
2011-07-25,108943.95479075785
2011-07-26,107951.61545878297
2011-07-27,107387.60254821759
2011-07-28,105618.93999583805
2011-07-29,104936.12302059689
2011-08-01,105599.5946269742
2011-08-02,105110.26672095536
2011-08-03,103101.5460017153
2011-08-04,101351.94533663077
2011-08-05,99553.57543747789
2011-08-08,98681.38162239811
2011-08-09,98151.65245237987
2011-08-10,99614.3163820389
2011-08-11,98226.41869319572
2011-08-12,99381.06873551151
2011-08-15,99987.52066986977
2011-08-16,100681.96134471425
2011-08-17,100483.78759873791
2011-08-18,100558.45439135427
2011-08-19,99388.79112574246
2011-08-22,99175.61177774952
2011-08-23,98936.06611679461
2011-08-24,99758.94131252503
2011-08-25,99922.43487428867
2011-08-26,99417.20036372937
2011-08-29,100073.21851416548
2011-08-30,101087.06157965722
2011-08-31,101124.96964750509
2011-09-01,100763.60628287004
2011-09-02,100291.97989912925
2011-09-06,99717.76781478831
2011-09-07,99322.91780843186
2011-09-08,100290.10783318632
2011-09-09,100110.00858348116
2011-09-12,99268.25851001241
2011-09-13,99553.46031588047
2011-09-14,99807.1222068219
2011-09-15,99922.7438622264
2011-09-16,100516.6694020671
2011-09-19,100631.57180236423
2011-09-20,99977.99591182405
2011-09-21,99561.38015569127
2011-09-22,99247.64266139772
2011-09-23,98133.87021540973
2011-09-26,98272.03132100272
2011-09-27,99120.09819967252
2011-09-28,99190.01871142766
2011-09-29,98790.47730526466
2011-09-30,100169.3019914621
2011-10-03,96420.93122776666
2011-10-04,95858.44237162093
2011-10-05,96792.34498118235
2011-10-06,98862.73031158984
2011-10-07,99075.28346646145
2011-10-10,98265.01581325193
2011-10-11,101463.18277362334
2011-10-12,101461.009607526
2011-10-13,102138.63952925624
2011-10-14,101520.77745455678
2011-10-17,102522.55025987653
2011-10-18,101023.86420506182
2011-10-19,103079.50171979693
2011-10-20,101834.5105902221
2011-10-21,102454.18062579734
2011-10-24,105528.50161759133
2011-10-25,106896.26993591664
2011-10-26,105147.93463376485
2011-10-27,108458.19440702723
2011-10-28,111498.67597037413
2011-10-31,112398.52731171674
2011-11-01,109405.22125985596
2011-11-02,106393.69164781553
2011-11-03,108253.29439321799
2011-11-04,110553.46270427898
2011-11-07,109235.11601083797
2011-11-08,109618.29050264492
2011-11-09,111247.73674190426
2011-11-10,106885.95779382513
2011-11-11,107697.76917060884
2011-11-14,109464.81139566549
2011-11-15,108981.54617468851
2011-11-16,110024.3062706113
2011-11-17,109117.9472476386
2011-11-18,107667.76331756257
2011-11-21,107614.51824241444
2011-11-22,105138.01481718718
2011-11-23,105021.74161924234
2011-11-25,102149.59090507939
2011-11-28,101935.61030033363
2011-11-29,104607.4453488095
2011-11-30,104739.19011211775
2011-12-01,108622.21023481524
2011-12-02,108688.6688205805
2011-12-05,118013.7541143701
2011-12-06,119252.50206300644
2011-12-07,118986.53793773823
2011-12-08,119624.93991335339
2011-12-09,116365.55932924456
2011-12-12,119921.30126727144
2011-12-13,118148.2420893337
2011-12-14,117914.67162423344
2011-12-15,116686.34443564956
2011-12-16,117506.54514593563
2011-12-19,120011.03311982236
2011-12-20,116981.4002528015
2011-12-21,121840.59662953352
2011-12-22,121604.17023367238
2011-12-23,121986.81837646077
2011-12-27,123837.87751680583
2011-12-28,124031.72966599932
2011-12-29,121627.25675135282
2011-12-30,122887.34571109946
2012-01-03,121418.63198935123
2012-01-04,122373.00921837841
2012-01-05,122383.694260346
2012-01-06,122867.6294716797
2012-01-09,122280.23682534715
2012-01-10,122659.69185830602
2012-01-11,123787.97227908479
2012-01-12,123718.64631094594
2012-01-13,123626.67184052971
2012-01-17,122995.6133612511
2012-01-18,123200.39752740224
2012-01-19,124237.12376954203
2012-01-20,125127.56918590252
2012-01-23,125733.64370400688
2012-01-24,125976.03747518566
2012-01-25,125599.22536444193
2012-01-26,127191.071031086
2012-01-27,126899.5499067871
2012-01-30,126532.55988729169
2012-01-31,126503.56094544297
2012-02-01,127371.51885795259
2012-02-02,128441.44519678286
2012-02-03,128607.1351198042
2012-02-06,129859.68225179503
2012-02-07,129692.570607589
2012-02-08,129658.99745784109
2012-02-09,129648.04158925537
2012-02-10,129373.84498697144
2012-02-13,128998.04311338312
2012-02-14,129589.47567352699
2012-02-15,129416.94945475279
2012-02-16,128918.7337910559
2012-02-17,130153.37920732981
2012-02-21,130207.49150186878
2012-02-22,129455.73929624374
2012-02-23,129839.20595591143
2012-02-24,130087.61817093646
2012-02-27,130227.24438776485
2012-02-28,129563.20875063338
2012-02-29,129220.22084442548
2012-03-01,128217.65315949339
2012-03-02,127896.69985062504
2012-03-05,128523.09882010367
2012-03-06,128290.12104863959
2012-03-07,126625.39767677816
2012-03-08,126897.12653580724
2012-03-09,130748.25746231632
2012-03-12,131226.8764025548
2012-03-13,130352.88681590054
2012-03-14,131808.0077129697
2012-03-15,131790.1640961572
2012-03-16,132060.0950979135
2012-03-19,132878.513946268
2012-03-20,133226.9880074485
2012-03-21,132967.4401587013
2012-03-22,133174.4368478408
2012-03-23,132576.88594061125
2012-03-26,132916.6861513431
2012-03-27,134564.39911366568
2012-03-28,134532.85087911453
2012-03-29,133962.8147730056
2012-03-30,132817.86779529174
2012-04-02,133682.17570489965
2012-04-03,134470.08154697306
2012-04-04,133708.56693730876
2012-04-05,132103.87093079687
2012-04-09,131847.63351609927
2012-04-10,130752.45610539464
2012-04-11,129231.79186384786
2012-04-12,129704.60906050308
2012-04-13,131582.20911660432
2012-04-16,130823.46188923909
2012-04-17,130118.3383067554
2012-04-18,131443.90600908644
2012-04-19,131194.54957518316
2012-04-20,131155.20155863417
2012-04-23,131149.67611212595
2012-04-24,130716.96131392536
2012-04-25,130964.79872847082
2012-04-26,132373.36022693536
2012-04-27,133773.1418908503
2012-04-30,133459.4448863549
2012-05-01,132181.04099200203
2012-05-02,133803.79792167118
2012-05-03,133732.4750243258
2012-05-04,133360.39255624698
2012-05-07,131643.68807297735
2012-05-08,132606.4582392853
2012-05-09,132285.93669523593
2012-05-10,131995.1030937669
2012-05-11,132226.02379504358
2012-05-14,132069.69811171887
2012-05-15,131272.83759704363
2012-05-16,130679.21273810294
2012-05-17,130023.62558775027
2012-05-18,128685.22914368098
2012-05-21,127127.24764548922
2012-05-22,128328.61608460172
2012-05-23,128843.73533611571
2012-05-24,128796.50868322916
2012-05-25,129414.13216059485
2012-05-29,128544.33116164246
2012-05-30,130122.14544897724
2012-05-31,128912.9927457686
2012-06-01,129062.04876296442
2012-06-04,126576.73962844689
2012-06-05,126837.97086694883
2012-06-06,126801.9101377048
2012-06-07,128810.98102875658
2012-06-08,129210.89791537476
2012-06-11,129495.12010710612
2012-06-12,127780.25836082839
2012-06-13,128785.08266058726
2012-06-14,128152.8447401446
2012-06-15,129038.65884191803
2012-06-18,129770.13509163716
2012-06-19,130471.86233215067
2012-06-20,131330.3535033211
2012-06-21,131615.1263398296
2012-06-22,129650.39919832005
2012-06-25,131043.17211236861
2012-06-26,128983.27598118816
2012-06-27,130034.95533023714
2012-06-28,131239.7625474433
2012-06-29,130011.14990832665
2012-07-02,133893.59126900733
2012-07-03,134666.85029510641
2012-07-05,135475.5768793568
2012-07-06,135360.1654862416
2012-07-09,134331.17669752534
2012-07-10,134887.61205903869
2012-07-11,133708.7991525515
2012-07-12,134182.94814532244
2012-07-13,133428.17096697853
2012-07-16,135267.8010486705
2012-07-17,134701.35847768217
2012-07-18,134990.18829005468
2012-07-19,134886.4459073841
2012-07-20,135338.77283122257
2012-07-23,134155.4970193367
2012-07-24,132390.79504275334
2012-07-25,131703.38497667646
2012-07-26,130382.06423981884
2012-07-27,132318.75620242566
2012-07-30,134421.41984884258
2012-07-31,134742.10527796863
2012-08-01,132280.37249381386
2012-08-02,132475.7382935775
2012-08-03,131790.13172826247
2012-08-06,133959.9634239767
2012-08-07,133613.1293323743
2012-08-08,134008.83938072316
2012-08-09,133985.0409650605
2012-08-10,133690.287141573
2012-08-13,133759.7774314364
2012-08-14,133306.16684599646
2012-08-15,133963.6399545161
2012-08-16,134109.55846590528
2012-08-17,135667.96344845786
2012-08-20,135633.14514038552
2012-08-21,135827.07918715433
2012-08-22,134851.66062043974
2012-08-23,135022.00567990213
2012-08-24,133827.87044623692
2012-08-27,134721.9191959178
2012-08-28,135277.32667556044
2012-08-29,135730.79447146482
2012-08-30,135613.78156951166
2012-08-31,134663.69799028453
2012-09-04,136458.62435327235
2012-09-05,136218.0582297287
2012-09-06,135761.7400694523
2012-09-07,138112.70652148107
2012-09-10,139267.0184585585
2012-09-11,138833.62225743406
2012-09-12,139116.57780330715
2012-09-13,138672.97477011045
2012-09-14,141010.25499809196
2012-09-17,141365.89835253052
2012-09-18,141200.4075581173
2012-09-19,140722.17514207572
2012-09-20,140249.60003489727
2012-09-21,140927.1032647817
2012-09-24,141060.95347876186
2012-09-25,140721.30897624092
2012-09-26,139758.01753801332
2012-09-27,138803.75866386408
2012-09-28,139178.90799775458
2012-10-01,138914.44780541852
2012-10-02,139349.55984672467
2012-10-03,138826.07363551317
2012-10-04,139565.39418273282
2012-10-05,140565.30147531207
2012-10-08,140466.91063684612
2012-10-09,139966.51793620712
2012-10-10,139593.00829004057
2012-10-11,139181.14087304941
2012-10-12,138574.94924958734
2012-10-15,137942.43005343422
2012-10-16,138360.74766049656
2012-10-17,140043.4526254048
2012-10-18,140339.65917080897
2012-10-19,140435.05409843323
2012-10-22,139013.31271120458
2012-10-23,139953.21427643768
2012-10-24,139190.5811365773
2012-10-25,138916.91958929814
2012-10-26,138612.21607997245
2012-10-31,139426.79555297375
2012-11-01,139954.90148621798
2012-11-02,140384.52667567023
2012-11-05,139592.66922115893
2012-11-06,140056.80954703715
2012-11-07,139808.5742692612
2012-11-08,139128.14726243832
2012-11-09,137696.58373137529
2012-11-12,137604.6129526324
2012-11-13,136888.04057841186
2012-11-14,135359.42376584452
2012-11-15,133898.99805906
2012-11-16,134628.47709932897
2012-11-19,135281.94109172752
2012-11-20,137474.83278983974
2012-11-21,137567.97046627707
2012-11-23,137714.84167694888
2012-11-26,139535.31595233062
2012-11-27,139695.72874833056
2012-11-28,138910.75752851347
2012-11-29,140290.633570621
2012-11-30,141040.30982370966
2012-12-03,141730.10998227255
2012-12-04,141532.98864583983
2012-12-05,141174.94069886988
2012-12-06,141191.9009606905
2012-12-07,141329.933299024
2012-12-10,141991.71152299826
2012-12-11,142027.21958310602
2012-12-12,141743.37621381818
2012-12-13,141949.38946683146
2012-12-14,141608.89646718453
2012-12-17,140350.60762080256
2012-12-18,141731.77723221024
2012-12-19,143565.0687058821
2012-12-20,143252.46188640204
2012-12-21,144030.73924040652
2012-12-24,142875.33468106162
2012-12-26,142224.79952132396
2012-12-27,141947.6441754702
2012-12-28,142147.34072956696
2012-12-31,140736.940379681
2013-01-02,143314.96040762632
2013-01-03,146245.58590968602
2013-01-04,146480.7820032579
2013-01-07,146732.81000700247
2013-01-08,146824.631681433
2013-01-09,146826.68433832692
2013-01-10,146504.61367462255
2013-01-11,147180.79899705126
2013-01-14,147258.0185159627
2013-01-15,147523.96643621768
2013-01-16,147390.42436765428
2013-01-17,147670.3203749842
2013-01-18,148575.3667404258
2013-01-22,149553.2514195085
2013-01-23,149697.35810578027
2013-01-24,150241.31843171155
2013-01-25,149655.49790008724
2013-01-28,150986.7988175122
2013-01-29,151142.01485799524
2013-01-30,151130.21861184825
2013-01-31,151557.27360229185
2013-02-01,151188.73404900858
2013-02-04,152091.20460021537
2013-02-05,150506.3545249174
2013-02-06,151872.96499438875
2013-02-07,151551.30826370526
2013-02-08,151122.33044656148
2013-02-11,151953.8853304378
2013-02-12,152694.96935631477
2013-02-13,153318.71680607935
2013-02-14,153234.30423110235
2013-02-15,153689.5363041936
2013-02-19,153868.5015831912
2013-02-20,154368.74817504632
2013-02-21,153312.25510398886
2013-02-22,152903.07479446987
2013-02-25,153327.60164864713
2013-02-26,151185.11066348694
2013-02-27,151450.4991107739
2013-02-28,153188.0398105421
2013-03-01,153000.21891040023
2013-03-04,152982.99712833448
2013-03-05,153637.67791646856
2013-03-06,155281.79998121777
2013-03-07,155643.54670234857
2013-03-08,155990.29354300938
2013-03-11,156248.54455777153
2013-03-12,156670.6345111178
2013-03-13,156910.69479084734
2013-03-14,157508.728055989
2013-03-15,158726.79243881322
2013-03-18,158514.68760718737
2013-03-19,158889.79386521113
2013-03-20,158988.20919565085
2013-03-21,160015.14370808454
2013-03-22,158620.7573183848
2013-03-25,160290.96698785524
2013-03-26,159550.01915846564
2013-03-27,160317.06620766316
2013-03-28,160033.06989248042
2013-04-01,159409.32110056747
2013-04-02,157780.2875512504
2013-04-03,158095.99524566816
2013-04-04,157300.12796116885
2013-04-05,157922.06633496782
2013-04-08,157502.5490271235
2013-04-09,157230.1462320827
2013-04-10,157869.56577715
2013-04-11,158899.5597692103
2013-04-12,159557.37666025868
2013-04-15,158060.12243354975
2013-04-16,155719.9908585523
2013-04-17,157048.42681999726
2013-04-18,155905.38773081405
2013-04-19,155806.7691041337
2013-04-22,156460.18950091008
2013-04-23,157363.71212154717
2013-04-24,159237.83887262736
2013-04-25,158958.4582648168
2013-04-26,158793.47924088768
2013-04-29,158757.6096871494
2013-04-30,160152.84210638277
2013-05-01,158331.5885115141
2013-05-02,157450.55467190503
2013-05-03,159215.48090106715
2013-05-06,161064.77779871164
2013-05-07,161947.2343391137
2013-05-08,162170.78640026564
2013-05-09,162399.30739581838
2013-05-10,161977.78881793228
2013-05-13,162185.3483382831
2013-05-14,161790.50821243497
2013-05-15,163342.46817232136
2013-05-16,164806.25234911294
2013-05-17,163436.46988881868
2013-05-20,165036.8893372801
2013-05-21,164793.87117506668
2013-05-22,164278.29749288442
2013-05-23,163170.55029526714
2013-05-24,162801.18798981392
2013-05-28,162434.5916091031
2013-05-29,162297.89478829864
2013-05-30,161476.51266641595
2013-05-31,162314.51612137636
2013-06-03,160765.3695972981
2013-06-04,161058.20987085524
2013-06-05,160882.08564055222
2013-06-06,159129.18299123464
2013-06-07,159049.00144338282
2013-06-10,161202.67940769464
2013-06-11,161039.25145984365
2013-06-12,159397.55887095886
2013-06-13,158544.39745779225
2013-06-14,160524.89302851105
2013-06-17,159286.20571715888
2013-06-18,160642.93128588476
2013-06-19,161905.61358180185
2013-06-20,160505.71588263306
2013-06-21,157415.5777196172
2013-06-24,157968.80940462387
2013-06-25,156247.08897013793
2013-06-26,156611.39967321022
2013-06-27,159426.88079532888
2013-06-28,160783.23738466186
2013-07-01,161049.2484181039
2013-07-02,162583.61333953444
2013-07-03,162697.40058359597
2013-07-05,163262.39007599273
2013-07-08,164687.91242802594
2013-07-09,166162.65612536971
2013-07-10,167536.65217992722
2013-07-11,166887.28027730255
2013-07-12,169144.8966704635
2013-07-15,169686.58702505086
2013-07-16,170798.4741468745
2013-07-17,170174.35103152622
2013-07-18,171257.96437685637
2013-07-19,172104.13998426238
2013-07-22,172537.18497533872
2013-07-23,173456.69862952697
2013-07-24,173094.95202329927
2013-07-25,173483.9430411946
2013-07-26,173042.37576933784
2013-07-29,172365.70243965133
2013-07-30,171663.11128897654
2013-07-31,171276.29413791856
2013-08-01,171333.11597503372
2013-08-02,172965.85814071968
2013-08-05,173706.52467241453
2013-08-06,173194.6990516127
2013-08-07,171832.06130899122
2013-08-08,171168.1636740626
2013-08-09,171824.42965125013
2013-08-12,171758.50728047802
2013-08-13,170538.64135869412
2013-08-14,171571.9655577465
2013-08-15,170558.2202667022
2013-08-16,168339.84153857417
2013-08-19,167388.71437398333
2013-08-20,167969.1393175547
2013-08-21,168371.9218743844
2013-08-22,167684.2635949075
2013-08-23,169000.3446247674
2013-08-26,169510.10620406095
2013-08-27,168053.9020035724
2013-08-28,165107.37513458586
2013-08-29,166732.21835467857
2013-08-30,165190.1544061042
2013-09-03,164402.0987256986
2013-09-04,164560.75769668925
2013-09-05,166137.53493460716
2013-09-06,166273.9433762285
2013-09-09,166818.71096392177
2013-09-10,168350.27197342095
2013-09-11,169206.8377742772
2013-09-12,169389.38432874487
2013-09-13,169352.9542753142
2013-09-16,169003.45585274324
2013-09-17,170085.56976549004
2013-09-18,170393.01226568464
2013-09-19,171943.21232057936
2013-09-20,173357.9411910778
2013-09-23,173118.94613806403
2013-09-24,173079.39912875742
2013-09-25,172785.61451025226
2013-09-26,171681.46398335515
2013-09-27,172685.49496228073
2013-09-30,172412.33162921792
2013-10-01,171687.6501681245
2013-10-02,171917.24967989192
2013-10-03,171631.56211224786
2013-10-04,169817.29489865404
2013-10-07,170911.91638473253
2013-10-08,170686.7641382542
2013-10-09,169224.73446431762
2013-10-10,168709.00089203156
2013-10-11,173012.97420415768
2013-10-14,174251.9221359225
2013-10-15,174991.5928261087
2013-10-16,172721.61981387698
2013-10-17,175033.1249942397
2013-10-18,176000.4897058054
2013-10-21,176587.40587205385
2013-10-22,176407.938667717
2013-10-23,177944.0200898739
2013-10-24,177955.7688043901
2013-10-25,177950.21008218772
2013-10-28,178551.09789760207
2013-10-29,177714.3763602913
2013-10-30,177937.778461789
2013-10-31,176036.3372352928
2013-11-01,175141.59183433556
2013-11-04,175742.44264382953
2013-11-05,176879.73905208835
2013-11-06,176339.2945830692
2013-11-07,177053.69659856884
2013-11-08,175643.58233815772
2013-11-11,177030.79366023195
2013-11-12,177384.68112885082
2013-11-13,176994.1962289147
2013-11-14,177473.94853617172
2013-11-15,177908.35520163729
2013-11-18,178995.2539435187
2013-11-19,178301.65431615524
2013-11-20,178514.0869044668
2013-11-21,179189.93787351248
2013-11-22,180454.70188265928
2013-11-25,181779.4055906956
2013-11-26,182713.9927809389
2013-11-27,183838.02078328145
2013-11-29,184641.4984196329
2013-12-02,183176.60070730033
2013-12-03,183135.53751092326
2013-12-04,181810.07595781618
2013-12-05,182916.2719247097
2013-12-06,182260.85303324094
2013-12-09,183369.81536549955
2013-12-10,182837.2859392798
2013-12-11,182160.12312165464
2013-12-12,180898.71448191899
2013-12-13,180837.28996464665
2013-12-16,181924.72792640913
2013-12-17,182447.2406026238
2013-12-18,181335.92011770277
2013-12-19,182966.06736450788
2013-12-20,184647.257697918
2013-12-23,186134.7946778813
2013-12-24,187183.84477423405
2013-12-26,186701.50947396568
2013-12-27,187674.2088590508
2013-12-30,187066.45302447773
2013-12-31,186217.87043173535
2014-01-02,186787.89037258385
2014-01-03,185718.2541287567
2014-01-06,185302.07795708787
2014-01-07,185005.51474230684
2014-01-08,185618.07439874607
2014-01-09,185471.13468826268
2014-01-10,185651.64060292154
2014-01-13,186898.97612704895
2014-01-14,184165.6945246486
2014-01-15,185950.2183644655
2014-01-16,187379.6129671864
2014-01-17,187519.25418748014
2014-01-21,187603.3625421321
2014-01-22,188221.32700591246
2014-01-23,188565.06837631244
2014-01-24,187769.60015072062
2014-01-27,183605.403393696
2014-01-28,182404.3816388426
2014-01-29,182785.61328321448
2014-01-30,181648.3121220972
2014-01-31,182613.88608666623
2014-02-03,181298.3231365361
2014-02-04,177935.3078277498
2014-02-05,178150.31718029853
2014-02-06,177010.84290287632
2014-02-07,178094.55355265242
2014-02-10,179902.68737182106
2014-02-11,180064.5287274658
2014-02-12,182133.1274732876
2014-02-13,182721.07189265676
2014-02-14,183279.71810489462
2014-02-18,184725.8002051577
2014-02-19,183949.65250758236
2014-02-20,183397.7606992619
2014-02-21,184526.56027113687
2014-02-24,184519.05555991686
2014-02-25,184937.36464344585
2014-02-26,185955.0528804094
2014-02-27,185308.02588864797
2014-02-28,186111.3876592258
2014-03-03,186699.4710224585
2014-03-04,187269.83568694248
2014-03-05,188850.64496704575
2014-03-06,188679.00148386054
2014-03-07,189309.99665049234
2014-03-10,189402.81335107266
2014-03-11,188853.44602882714
2014-03-12,188782.99435511182
2014-03-13,189491.0501340247
2014-03-14,188742.44654061744
2014-03-17,187784.9432433882
2014-03-18,189539.81985837544
2014-03-19,190279.65487497245
2014-03-20,189515.95180046247
2014-03-21,191769.1099847874
2014-03-24,190898.55245559957
2014-03-25,189792.42938463428
2014-03-26,189294.45847907846
2014-03-27,187798.04687720272
2014-03-28,187159.07425177196
2014-03-31,189073.17527008048
2014-04-01,190358.69614416064
2014-04-02,191339.10247097342
2014-04-03,191298.0427084592
2014-04-04,190333.92597865837
2014-04-07,188941.59375259257
2014-04-08,187234.33250739364
2014-04-09,187015.1394723583
2014-04-10,188956.76802134854
2014-04-11,185542.75070983532
2014-04-14,183558.03786607424
2014-04-15,184079.20021329384
2014-04-16,184455.51941514428
2014-04-17,186371.85131643972
2014-04-21,186545.02746326293
2014-04-22,187423.43256000054
2014-04-23,187838.47889042538
2014-04-24,186938.68283083147
2014-04-25,186685.81048231706
2014-04-28,184960.2812395733
2014-04-29,184970.61473082143
2014-04-30,185754.8560149144
2014-05-01,186136.10515819478
2014-05-02,186800.32477459262
2014-05-05,185930.0329215346
2014-05-06,185981.55644762155
2014-05-07,184464.10732820933
2014-05-08,184920.9540756121
2014-05-09,185863.20908547466
2014-05-12,187511.39812480102
2014-05-13,187060.60336313967
2014-05-14,185327.89266354317
2014-05-15,185124.25497742067
2014-05-16,184394.53926300793
2014-05-19,185293.5030074488
2014-05-20,185245.5260181776
2014-05-21,183757.39754426983
2014-05-22,185842.42051451813
2014-05-23,187040.1450200322
2014-05-27,188471.57343508667
2014-05-28,188407.25527522856
2014-05-29,187397.31968063666
2014-05-30,188049.08952690495
2014-06-02,187892.23503197305
2014-06-03,187781.85575319617
2014-06-04,188140.13623408697
2014-06-05,190792.11239147297
2014-06-06,192009.14698711495
2014-06-09,193176.1796950915
2014-06-10,193270.52544686323
2014-06-11,192540.62419837055
2014-06-12,191891.89446877682
2014-06-13,190586.5078659363
2014-06-16,190671.24060294533
2014-06-17,191342.64882909082
2014-06-18,191638.1923473166
2014-06-19,192201.4371518594
2014-06-20,192560.022367603
2014-06-23,192201.95066605223
2014-06-24,192567.34391392246
2014-06-25,191510.61285915985
2014-06-26,192026.4630924756
2014-06-27,192914.75693960948
2014-06-30,192909.40852540522
2014-07-01,193376.03651575855
2014-07-02,193553.74479115912
2014-07-03,193520.8893131234
2014-07-07,193172.6333625762
2014-07-08,193050.98938498276
2014-07-09,191418.17222957712
2014-07-10,191658.56661695254
2014-07-11,190868.9825316733
2014-07-14,191074.49690942644
2014-07-15,191726.41743934632
2014-07-16,190644.80425948065
2014-07-17,191084.46216170245
2014-07-18,189649.9142992594
2014-07-21,190580.24920254826
2014-07-22,190274.39838397887
2014-07-23,190797.77393714624
2014-07-24,191082.86188489164
2014-07-25,190693.22893474784
2014-07-28,189739.09799439227
2014-07-29,189905.13793591832
2014-07-30,189559.70811126914
2014-07-31,190299.96370313762
2014-08-01,188101.59029464328
2014-08-04,187421.0510152132
2014-08-05,189183.00960515082
2014-08-06,188728.93130302874
2014-08-07,189019.98386169758
2014-08-08,188087.39938305054
2014-08-11,190413.97684476746
2014-08-12,190271.65663016745
2014-08-13,190063.19978500108
2014-08-14,190707.5372722658
2014-08-15,191192.94777505664
2014-08-18,191723.98657986705
2014-08-19,192455.98865358141
2014-08-20,192308.29374881188
2014-08-21,192780.04316878988
2014-08-22,193234.5736648053
2014-08-25,192489.79022984867
2014-08-26,193788.43170313005
2014-08-27,193604.13118248776
2014-08-28,193014.35012460558
2014-08-29,193321.58801739893
2014-09-02,194277.28864999444
2014-09-03,193692.45281448527
2014-09-04,193135.27187785308
2014-09-05,192963.62111997657
2014-09-08,194036.17746831186
2014-09-09,193068.87019665248
2014-09-10,191618.1013990122
2014-09-11,192362.90877661022
2014-09-12,191283.9358544354
2014-09-15,189330.4646219082
2014-09-16,189131.04233485667
2014-09-17,189951.20046720744
2014-09-18,189763.01983914798
2014-09-19,190344.3159750996
2014-09-22,189286.124569294
2014-09-23,187710.9716612351
2014-09-24,186167.68261441067
2014-09-25,188063.90202990238
2014-09-26,185569.57051857768
2014-09-29,186584.3602092926
2014-09-30,184675.4333913309
2014-10-01,185484.5348381325
2014-10-02,184423.23488500054
2014-10-03,183878.90308036134
2014-10-06,185062.05467490832
2014-10-07,185403.62069426393
2014-10-08,184763.5278351076
2014-10-09,187021.62758658972
2014-10-10,185342.09921267352
2014-10-13,187285.61497894072
2014-10-14,186655.55219630653
2014-10-15,187363.10071040932
2014-10-16,187793.7157632174
2014-10-17,186071.12823513467
2014-10-20,187733.0075906798
2014-10-21,188375.7203110753
2014-10-22,190393.22800988966
2014-10-23,189297.95982847438
2014-10-24,189818.70187503844
2014-10-27,191275.83903541727
2014-10-28,193395.95772140726
2014-10-29,194429.135627989
2014-10-30,194773.412113932
2014-10-31,196074.46361488532
2014-11-03,197322.73271798776
2014-11-04,197556.60793705296
2014-11-05,196481.64611914393
2014-11-06,196644.40217652137
2014-11-07,197802.44201619882
2014-11-10,198498.64570501502
2014-11-11,198361.71595900974
2014-11-12,199250.87864870616
2014-11-13,198091.58015105463
2014-11-14,197625.9157331558
2014-11-17,196776.27077021688
2014-11-18,196480.52567461715
2014-11-19,195614.07968313116
2014-11-20,196551.94365994964
2014-11-21,195950.4325640977
2014-11-24,198027.87247788333
2014-11-25,198635.51436290817
2014-11-26,199182.05088950883
2014-11-28,198300.4598235665
2014-12-01,197309.96321617102
2014-12-02,197813.06078586532
2014-12-03,199112.12319190908
2014-12-04,199329.46482126068
2014-12-05,199506.23451872636
2014-12-08,198881.26629209807
2014-12-09,200770.35159487874
2014-12-10,199705.37097307647
2014-12-11,197973.94760108952
2014-12-12,198082.7830665523
2014-12-15,195115.01276184255
2014-12-16,195477.6559608394
2014-12-17,195907.837203492
2014-12-18,196395.25039705227
2014-12-19,199960.8328850961
2014-12-22,201260.0998458386
2014-12-23,202393.36827728382
2014-12-24,202401.46482703157
2014-12-26,202995.91542681176
2014-12-29,204635.1381927026
2014-12-30,205084.24904059805
2014-12-31,203314.01491987766
2015-01-02,201871.35771866114
2015-01-05,202524.81783908824
2015-01-06,199548.53237470353
2015-01-07,197927.46108684587
2015-01-08,198792.57254563633
2015-01-09,199996.89561732253
2015-01-12,199240.16631040105
2015-01-13,198838.6701021561
2015-01-14,198392.60928476974
2015-01-15,197567.28178351925
2015-01-16,197534.2777885823
2015-01-20,197349.96458668928
2015-01-21,196578.11902321744
2015-01-22,199306.620022506
2015-01-23,200610.9680182704
2015-01-26,200266.6656028019
2015-01-27,201601.68553487564
2015-01-28,199897.11827311985
2015-01-29,198958.00239167127
2015-01-30,198294.42614570307
2015-02-02,197247.12523367585
2015-02-03,199258.3218431768
2015-02-04,200626.87449972404
2015-02-05,201366.31017849193
2015-02-06,202088.0276287614
2015-02-09,200830.83190726954
2015-02-10,199388.92758356238
2015-02-11,200283.01354945975
2015-02-12,201528.96195422308
2015-02-13,202329.230220306
2015-02-17,202575.84087442534
2015-02-18,202784.81661159816
2015-02-19,202368.28265612954
2015-02-20,202082.1845005773
2015-02-23,203034.10944696746
2015-02-24,202638.93718589869
2015-02-25,203356.596007115
2015-02-26,203842.32308227677
2015-02-27,204377.98567874686
2015-03-02,203995.72844124434
2015-03-03,204660.0303872312
2015-03-04,203810.07104878844
2015-03-05,203583.12532042782
2015-03-06,203884.56761074075
2015-03-09,202330.90044177914
2015-03-10,203477.5847943903
2015-03-11,201959.81398204385
2015-03-12,203400.68186517
2015-03-13,205561.35630406422
2015-03-16,203614.6897356654
2015-03-17,206187.03090321433
2015-03-18,205540.80394943646
2015-03-19,207191.20950255802
2015-03-20,207473.5290495363
2015-03-23,209113.92067954934
2015-03-24,209179.3271330639
2015-03-25,207816.55532237838
2015-03-26,206167.7136621821
2015-03-27,206262.75485570473
2015-03-30,206835.91238290863
2015-03-31,208652.3786738003
2015-04-01,208306.3684305362
2015-04-02,208480.86281728133
2015-04-06,208100.57997902748
2015-04-07,208387.99276828885
2015-04-08,207810.71104484182
2015-04-09,206477.14188279046
2015-04-10,207669.32850969143
2015-04-13,209074.55337260978
2015-04-14,208283.365122292
2015-04-15,208816.5495813881
2015-04-16,209648.3181237073
2015-04-17,209040.72144947492
2015-04-20,208492.26419806937
2015-04-21,209389.16018889582
2015-04-22,208791.31895441344
2015-04-23,209608.18442914097
2015-04-24,209942.28992151818
2015-04-27,210114.99830028307
2015-04-28,210688.2889911698
2015-04-29,210452.43037543
2015-04-30,208832.8947505856
2015-05-01,206346.13264195735
2015-05-04,207729.85801800663
2015-05-05,207910.06746243848
2015-05-06,207231.9340949946
2015-05-07,206907.0532372225
2015-05-08,206774.9963140426
2015-05-11,209187.53332607172
2015-05-12,209124.84991683753
2015-05-13,208747.19353323555
2015-05-14,209434.52960121338
2015-05-15,210255.63491923356
2015-05-18,211392.5969660979
2015-05-19,212061.9412923868
2015-05-20,212278.25825718447
2015-05-21,211347.03820678502
2015-05-22,211067.4786289175
2015-05-26,210674.6778794237
2015-05-27,209580.5701790999
2015-05-28,210999.02630136992
2015-05-29,210896.1946995939
2015-06-01,210128.31848323674
2015-06-02,210605.88342781004
2015-06-03,211169.45984162288
2015-06-04,211181.94880748054
2015-06-05,211026.61322578738
2015-06-08,211251.60260474565
2015-06-09,210432.1398092568
2015-06-10,210879.13796355136
2015-06-11,212309.99934613708
2015-06-12,213946.79340879907
2015-06-15,213048.08300526286
2015-06-16,212706.99715420336
2015-06-17,212356.74688598694
2015-06-18,212938.0241803601
2015-06-19,215260.39207823545
2015-06-22,214677.64799733827
2015-06-23,216080.58201977523
2015-06-24,216489.4711852421
2015-06-25,216058.76080982888
2015-06-26,215773.6627479035
2015-06-29,215526.62096236262
2015-06-30,212502.97875443375
2015-07-01,213729.1342454423
2015-07-02,214228.89459507956
2015-07-06,215302.6421718959
2015-07-07,214151.1934372126
2015-07-08,216068.7786795379
2015-07-09,213884.09909125033
2015-07-10,215052.90707039885
2015-07-13,215766.97339051898
2015-07-14,217457.0728496323
2015-07-15,218071.22442166597
2015-07-16,217676.22877723994
2015-07-17,218635.14101273232
2015-07-20,218067.63010840613
2015-07-21,217663.54807523184
2015-07-22,218572.15228886975
2015-07-23,216606.24962009938
2015-07-24,215670.56620525874
2015-07-27,215203.39208504086
2015-07-28,213126.91428755684
2015-07-29,215278.10112910374
2015-07-30,216569.20076165156
2015-07-31,217382.08895327666
2015-08-03,217745.0097173034
2015-08-04,218430.20324767727
2015-08-05,217993.7698475928
2015-08-06,218627.81344964766
2015-08-07,217049.80170199796
2015-08-10,216136.6748645199
2015-08-11,217717.0491779124
2015-08-12,215888.38289139126
2015-08-13,216167.35523556653
2015-08-14,217453.8254875076
2015-08-17,218174.74652848468
2015-08-18,219077.29530473688
2015-08-19,219035.9310969497
2015-08-20,218270.67023530515
2015-08-21,217371.99683531368
2015-08-24,209475.285454234
2015-08-25,207832.52498954182
2015-08-26,206867.65016368983
2015-08-27,208118.38628008394
2015-08-28,209224.09949128696
2015-08-31,209717.37774576535
2015-09-01,209359.96087293673
2015-09-02,208066.43987269208
2015-09-03,208811.54382999742
2015-09-04,209326.6843176232
2015-09-08,208564.54226591325
2015-09-09,209598.19720182422
2015-09-10,209164.83582714802
2015-09-11,209665.3041786343
2015-09-14,210016.08053646365
2015-09-15,209782.69265208478
2015-09-16,210132.01254967964
2015-09-17,210655.62709823588
2015-09-18,211050.77507827806
2015-09-21,211010.17773041138
2015-09-22,211336.4651421795
2015-09-23,211170.34049144862
2015-09-24,211322.3567164028
2015-09-25,210982.35033291177
2015-09-28,211177.93820774637
2015-09-29,210059.11195496348
2015-09-30,207510.96176939947
2015-10-01,209337.316520297
2015-10-02,208340.28132949318
2015-10-05,212046.65737515237
2015-10-06,214150.93594691818
2015-10-07,215773.84674719087
2015-10-08,217695.3435796459
2015-10-09,218100.30583168686
2015-10-12,219428.72074937055
2015-10-13,218305.07517486205
2015-10-14,215702.24815629623
2015-10-15,216094.33090032733
2015-10-16,217241.47858275168
2015-10-19,218247.5779825721
2015-10-20,219280.85819875723
2015-10-21,218321.76003993678
2015-10-22,218631.53660198805
2015-10-23,220068.4909277725
2015-10-26,221623.97690060103
2015-10-27,219923.48554933866
2015-10-28,221502.3543185275
2015-10-29,222009.54532881628
2015-10-30,220986.54782026864
2015-11-02,221226.89537379885
2015-11-03,222815.60669750685
2015-11-04,224278.1504992663
2015-11-05,225614.85781094062
2015-11-06,226424.54857752196
2015-11-09,225310.5192597209
2015-11-10,224771.88157434494
2015-11-11,225159.58063998702
2015-11-12,223135.00431337158
2015-11-13,221469.97656497342
2015-11-16,219036.0649446871
2015-11-17,220682.32787861282
2015-11-18,220710.36535507065
2015-11-19,222235.67707817216
2015-11-20,223178.8205883182
2015-11-23,223913.83006526026
2015-11-24,224804.94102366688
2015-11-25,225469.73603470682
2015-11-27,226559.17355417245
2015-11-30,227913.5619215385
2015-12-01,226482.2120431084
2015-12-02,227509.43502583558
2015-12-03,225183.89938827485
2015-12-04,222224.11790719355
2015-12-07,221292.70368768752
2015-12-08,220268.97210797184
2015-12-09,219384.47254328348
2015-12-10,218445.5079534756
2015-12-11,218779.18576347237
2015-12-14,215086.8198419651
2015-12-15,216946.14830159888
2015-12-16,219584.55368795237
2015-12-17,222011.08819148646
2015-12-18,220129.08817323376
2015-12-21,216896.12806900954
2015-12-22,218582.85456719447
2015-12-23,219827.90523889143
2015-12-24,221776.02219886152
2015-12-28,221575.78889862375
2015-12-29,221720.37640521943
2015-12-30,223134.06331823542
2015-12-31,220632.27898691132
2016-01-04,216146.83657467423
2016-01-05,215046.17369988645
2016-01-06,216706.273530036
2016-01-07,214585.48622893586
2016-01-08,209503.021237765
2016-01-11,208492.3390678088
2016-01-12,206858.17150272528
2016-01-13,206563.24466954466
2016-01-14,202637.1218583735
2016-01-15,204835.28336627895
2016-01-19,200204.6823652303
2016-01-20,202073.4627418279
2016-01-21,198747.51625054388
2016-01-22,199828.08924392622
2016-01-25,201139.5805824982
2016-01-26,201322.17040156582
2016-01-27,203059.73738057454
2016-01-28,202381.04984797226
2016-01-29,204399.24765523346
2016-02-01,206556.7395250312
2016-02-02,205938.52187283337
2016-02-03,202410.9808007271
2016-02-04,202120.32937575853
2016-02-05,201812.1652299639
2016-02-08,200982.58472943958
2016-02-09,198188.77363749183
2016-02-10,198210.75236674107
2016-02-11,197118.47192354605
2016-02-12,195451.06833262334
2016-02-16,198691.4181280048
2016-02-17,200230.20239560236
2016-02-18,202093.1026366662
2016-02-19,203063.99820236737
2016-02-22,202273.6038509671
2016-02-23,204699.45284173024
2016-02-24,203403.714849908
2016-02-25,205402.32265519985
2016-02-26,208253.13086476477
2016-02-29,207846.73544781157
2016-03-01,206110.95957770024
2016-03-02,209959.69604050735
2016-03-03,211495.2066792894
2016-03-04,211960.7904151544
2016-03-07,214555.75889766417
2016-03-08,214014.0079653679
2016-03-09,212180.78634567652
2016-03-10,212205.67657525354
2016-03-11,213014.26955873362
2016-03-14,214712.80470515654
2016-03-15,213271.21984571998
2016-03-16,212582.89395660977
2016-03-17,215810.80856144422
2016-03-18,217306.9103898484
2016-03-21,216882.36927059258
2016-03-22,217179.13170307237
2016-03-23,215619.18570704
2016-03-24,215223.6296062813
2016-03-28,215095.57046979066
2016-03-29,217206.05311156326
2016-03-30,218587.5413860422
2016-03-31,218753.078284439
2016-04-01,217763.52311621478
2016-04-04,217744.5803897664
2016-04-05,217170.18595641348
2016-04-06,214901.58716299734
2016-04-07,216221.940603378
2016-04-08,215056.88276372282
2016-04-11,215962.1956223163
2016-04-12,215732.47701485193
2016-04-13,218967.5075845997
2016-04-14,220393.7290849352
2016-04-15,220628.53983156962
2016-04-18,220314.87787055483
2016-04-19,222061.2985046502
2016-04-20,222328.93346614865
2016-04-21,222134.97001773506
2016-04-22,222667.05599922725
2016-04-25,222540.24992832667
2016-04-26,223076.92834592192
2016-04-27,223559.3470563696
2016-04-28,224083.26148795546
2016-04-29,223406.25379014746
2016-05-02,222851.06663871228
2016-05-03,223461.64265907768
2016-05-04,223009.3677291954
2016-05-05,221945.97890280114
2016-05-06,222002.32923343845
2016-05-09,222483.02734757023
2016-05-10,222106.57963338736
2016-05-11,223720.9943337304
2016-05-12,222045.93402291386
2016-05-13,222414.29709021808
2016-05-16,220673.58488870636
2016-05-17,220109.08745612114
2016-05-18,220304.2239902039
2016-05-19,219148.1454308348
2016-05-20,219278.81823671298
2016-05-23,220713.26525510036
2016-05-24,221886.0538306974
2016-05-25,222805.87062744884
2016-05-26,223257.12017257852
2016-05-27,224067.01866787398
2016-05-31,224277.48886841894
2016-06-01,224340.56907286478
2016-06-02,224578.78694542698
2016-06-03,224563.82268095727
2016-06-06,224658.54745455968
2016-06-07,225073.64010435503
2016-06-08,226310.70974859927
2016-06-09,225777.59412253828
2016-06-10,225869.93874238443
2016-06-13,222957.87646622374
2016-06-14,221610.3603337936
2016-06-15,221241.2718021336
2016-06-16,220543.37659886072
2016-06-17,221142.43716276303
2016-06-20,221324.00970837186
2016-06-21,222247.792820357
2016-06-22,222608.2080433174
2016-06-23,223461.65426197642
2016-06-24,224701.17143646415
2016-06-27,217476.21184354008
2016-06-28,212722.26795580177
2016-06-29,215421.3522497012
2016-06-30,219621.16853213182
2016-07-01,220902.73054788503
2016-07-05,220614.80709237477
2016-07-06,219193.4477900919
2016-07-07,220772.1095890028
2016-07-08,222252.23107578684
2016-07-11,226642.07133643533
2016-07-12,228331.28944368003
2016-07-13,229796.8950087487
2016-07-14,229194.19538204308
2016-07-15,231306.33672745575
2016-07-18,229666.35091366345
2016-07-19,230083.64667153594
2016-07-20,229502.8671540497
2016-07-21,229653.66775743288
2016-07-22,230328.9637212979
2016-07-25,230977.05213499244
2016-07-26,231158.64247232283
2016-07-27,231832.79724920035
2016-07-28,231663.46271804027
2016-07-29,231656.84270622357
2016-08-01,231225.71317359767
2016-08-02,231009.62435841563
2016-08-03,230089.990878789
2016-08-04,230497.06615446892
2016-08-05,232459.15874450424
2016-08-08,233648.17204770556
2016-08-09,233600.422968191
2016-08-10,233681.78946236515
2016-08-11,232661.372514636
2016-08-12,233801.08329726904
2016-08-15,234440.64553035394
2016-08-16,235208.61653679062
2016-08-17,233461.55546845635
2016-08-18,234768.3043956364
2016-08-19,235236.20381524207
2016-08-22,235494.5338324931
2016-08-23,235888.71879148856
2016-08-24,237547.6505881716
2016-08-25,237380.81897494916
2016-08-26,237724.84699993272
2016-08-29,236829.95676240642
2016-08-30,239740.26046526557
2016-08-31,239025.96570490982
2016-09-01,238242.64071909804
2016-09-02,238580.10571725172
2016-09-06,238525.5059012794
2016-09-07,240532.3872846198
2016-09-08,240888.9991120545
2016-09-09,241259.2563880085
2016-09-12,233990.14663223329
2016-09-13,237279.04962148145
2016-09-14,233349.47024487602
2016-09-15,232470.34948194434
2016-09-16,235000.57566313192
2016-09-19,235072.81905230109
2016-09-20,234629.6072932463
2016-09-21,233541.9046481902
2016-09-22,237304.34311556834
2016-09-23,238921.25013186166
2016-09-26,236934.13946358146
2016-09-27,234876.1764979029
2016-09-28,236816.5117989636
2016-09-29,237199.0801057756
2016-09-30,235282.73590197554
2016-10-03,235935.0642125477
2016-10-04,236445.38827646774
2016-10-05,235566.769704557
2016-10-06,236284.843014691
2016-10-07,236362.16286193687
2016-10-10,235926.0717022686
2016-10-11,237855.94667219912
2016-10-12,235837.49582656118
2016-10-13,233951.9815918507
2016-10-14,234123.9853612529
2016-10-17,234689.20712674368
2016-10-18,232832.2224309411
2016-10-19,234422.04398002705
2016-10-20,234257.0339461917
2016-10-21,234179.20081987625
2016-10-24,235272.10637667007
2016-10-25,235949.04645441464
2016-10-26,234454.1111042997
2016-10-27,234503.78796029233
2016-10-28,233934.63834305582
2016-10-31,233573.06345883475
2016-11-01,232647.37944960513
2016-11-02,230753.1071720253
2016-11-03,231709.7360819474
2016-11-04,231438.13086531736
2016-11-07,230278.96524907323
2016-11-08,234238.12479861212
2016-11-09,240314.97789779096
2016-11-10,246251.50154692572
2016-11-11,253582.75479127016
2016-11-14,254264.06482056546
2016-11-15,252924.79897545048
2016-11-16,255829.73751566125
2016-11-17,255306.6367553281
2016-11-18,259562.47351432516
2016-11-21,257742.79627539727
2016-11-22,262223.7368619853
2016-11-23,262487.6496640119
2016-11-25,262656.31273027544
2016-11-28,262308.11289914546
2016-11-29,261323.1082940564
2016-11-30,262574.8123565122
2016-12-01,263849.28753382654
2016-12-02,262263.16239078785
2016-12-05,265239.9170329055
2016-12-06,268891.30065574363
2016-12-07,269034.6747172126
2016-12-08,275724.4726094192
2016-12-09,276172.9879173379
2016-12-12,275313.5949158789
2016-12-13,272235.16015618294
2016-12-14,273467.597276396
2016-12-15,272206.9293195181
2016-12-16,274366.2664508625
2016-12-19,275222.1971349237
2016-12-20,276990.73765611276
2016-12-21,278827.2707225268
2016-12-22,278069.52729640057
2016-12-23,277902.7055627086
2016-12-27,278641.2224848165
2016-12-28,279713.5097649164
2016-12-29,277779.41036093596
2016-12-30,276864.21948146675
2017-01-03,275476.66275580064
2017-01-04,278154.9259250843
2017-01-05,276963.15702144784
2017-01-06,275520.40886009886
2017-01-09,273837.6251558866
2017-01-10,275826.6165567857
2017-01-11,276171.02236805396
2017-01-12,273837.3980800365
2017-01-13,274115.9885387237
2017-01-17,272039.8152068667
2017-01-18,271842.2866251962
2017-01-19,270194.2656708407
2017-01-20,269390.02673508663
2017-01-23,270846.38433666195
2017-01-24,271941.89363575954
2017-01-25,272711.8378650101
2017-01-26,274563.30635738414
2017-01-27,274027.55097972765
2017-01-30,271365.1714119385
2017-01-31,270124.95446661086
2017-02-01,269423.3047673399
2017-02-02,268412.1547475714
2017-02-03,271380.7494416579
2017-02-06,268695.23639232735
2017-02-07,268255.18395280145
2017-02-08,265868.8283049618
2017-02-09,267125.9540065076
2017-02-10,269758.0540751921
2017-02-13,271281.6375159278
2017-02-14,271775.5618384521
2017-02-15,272389.0105340337
2017-02-16,273814.2027277113
2017-02-17,272827.022473025
2017-02-21,272472.1478536217
2017-02-22,273827.6812993084
2017-02-23,273949.62463901157
2017-02-24,272904.08435390994
2017-02-27,273150.2001552366
2017-02-28,272056.2220173228
2017-03-01,271279.08635757817
2017-03-02,273953.91620160715
2017-03-03,273062.32900492416
2017-03-06,272562.3512216423
2017-03-07,272346.8754873966
2017-03-08,270371.35698541516
2017-03-09,269281.3317479954
2017-03-10,269117.5599765249
2017-03-13,269443.74297505
2017-03-14,269916.74737729575
2017-03-15,268663.47373177804
2017-03-16,272723.7321269177
2017-03-17,275407.77537618036
2017-03-20,272936.02030874306
2017-03-21,270275.3211453971
2017-03-22,265229.23231944855
2017-03-23,268493.4614331797
2017-03-24,268801.6569408929
2017-03-27,269362.7990621903
2017-03-28,268497.6692387801
2017-03-29,270194.49994502106
2017-03-30,272529.7990595797
2017-03-31,273310.01225766307
2017-04-03,271489.1057335649
2017-04-04,270891.2367732593
2017-04-05,269440.2365107112
2017-04-06,269873.7731853873
2017-04-07,271368.859289748
2017-04-10,270938.80899377255
2017-04-11,272981.9921899441
2017-04-12,271517.1845930809
2017-04-13,270088.0329857176
2017-04-17,268474.0402444205
2017-04-18,272339.79409352044
2017-04-19,273031.33780896023
2017-04-20,272886.27668852
2017-04-21,276420.5359424632
2017-04-24,275094.08427870576
2017-04-25,277744.0543366569
2017-04-26,281591.39263546484
2017-04-27,280558.3898664831
2017-04-28,278536.35777857795
2017-05-01,278853.7371512407
2017-05-02,278375.10750610067
2017-05-03,277710.06155992346
2017-05-04,276926.65092460817
2017-05-05,277876.46134679514
2017-05-08,278402.21503728913
2017-05-09,278091.6676765191
2017-05-10,277522.341217402
2017-05-11,276681.03675928194
2017-05-12,275218.2652250029
2017-05-15,274983.2041230385
2017-05-16,276835.69238454907
2017-05-17,277324.386886156
2017-05-18,271067.1941661429
2017-05-19,270478.0241496501
2017-05-22,272508.31707198994
2017-05-23,274111.039112649
2017-05-24,275082.65771935834
2017-05-25,274376.8447388245
2017-05-26,275508.20837385906
2017-05-30,274391.26564204425
2017-05-31,274555.8696713273
2017-06-01,275348.1284354327
2017-06-02,278112.12969522
2017-06-05,277747.305636709
2017-06-06,277754.94487910724
2017-06-07,276742.1111990882
2017-06-08,280148.82491980144
2017-06-09,283696.70950901276
2017-06-12,283062.8147505425
2017-06-13,282706.3552074895
2017-06-14,284431.2013078641
2017-06-15,283862.90674116224
2017-06-16,283362.1287091992
2017-06-19,280248.145915316
2017-06-20,283393.51016178366
2017-06-21,279685.6133677588
2017-06-22,279614.20173698856
2017-06-23,281005.1182152398
2017-06-26,281536.02139864303
2017-06-27,282850.76842409954
2017-06-28,280272.2199473378
2017-06-29,285130.4283661665
2017-06-30,280519.4696159801
2017-07-03,282746.8476436671
2017-07-05,281601.3924534346
2017-07-06,283141.72777237813
2017-07-07,280729.64020555327
2017-07-10,281080.3530604567
2017-07-11,281606.9360652126
2017-07-12,280726.42421559343
2017-07-13,282022.2297201471
2017-07-14,281564.0678471788
2017-07-17,283740.40182361816
2017-07-18,282885.54265613435
2017-07-19,283067.1121392588
2017-07-20,284605.36491887365
2017-07-21,284571.4579187403
2017-07-24,284449.0044730358
2017-07-25,284793.0803159782
2017-07-26,285211.7192866278
2017-07-27,283901.46727508644
2017-07-28,283901.3908933317
2017-07-31,285011.57339540235
2017-08-01,284564.6292971522
2017-08-02,283381.9017930092
2017-08-03,282746.1593779686
2017-08-04,282886.59705405706
2017-08-07,283093.53363654885
2017-08-08,285420.79034408234
2017-08-09,283239.3724720218
2017-08-10,284117.96979202336
2017-08-11,279034.51819246146
2017-08-14,280431.1965797367
2017-08-15,282055.2285074154
2017-08-16,282002.43309565727
2017-08-17,283090.4008531462
2017-08-18,279527.4099451349
2017-08-21,279297.53914580576
2017-08-22,277668.2260832819
2017-08-23,280765.75188897905
2017-08-24,281282.42286314495
2017-08-25,280685.4363311282
2017-08-28,280617.77879099693
2017-08-29,279710.4795317696
2017-08-30,279466.63159347983
2017-08-31,281396.0255257906
2017-09-01,283485.2174952858
2017-09-05,282357.3677619204
2017-09-06,280119.53872793395
2017-09-07,280074.6470971574
2017-09-08,281699.6367854438
2017-09-11,281585.4970016998
2017-09-12,284577.2382490534
2017-09-13,285516.03328455624
2017-09-14,285246.9567118695
2017-09-15,285591.4837201488
2017-09-18,286748.3861430865
2017-09-19,287619.04290256574
2017-09-20,288522.9282009179
2017-09-21,289770.3140156881
2017-09-22,290711.42249833967
2017-09-25,291078.74629223475
2017-09-26,291874.1337739956
2017-09-27,295003.61506405985
2017-09-28,296979.6493635334
2017-09-29,294740.9201512454
2017-10-02,297854.16431823774
2017-10-03,298383.3044140783
2017-10-04,297325.47924838756
2017-10-05,297575.86573100154
2017-10-06,299678.3022366352
2017-10-09,299346.6468221454
2017-10-10,299977.11888599506
2017-10-11,300269.5798199371
2017-10-12,300672.9750568194
2017-10-13,299890.8410192076
2017-10-16,300076.14171623
2017-10-17,300409.7574207328
2017-10-18,301604.81310026196
2017-10-19,301839.0989722414
2017-10-20,301756.2935333568
2017-10-23,302121.5694971698
2017-10-24,300896.2373793133
2017-10-25,302383.8583218288
2017-10-26,300897.0402908351
2017-10-27,300940.7704594883
2017-10-30,299423.9876707437
2017-10-31,300286.4157470639
2017-11-01,298762.94944776583
2017-11-02,301148.01880945277
2017-11-03,298066.9531857712
2017-11-06,297611.97949370247
2017-11-07,294371.1820391831
2017-11-08,292596.5946078824
2017-11-09,293223.59415815555
2017-11-10,292193.0276357646
2017-11-13,292728.89559141954
2017-11-14,294358.34390605014
2017-11-15,294158.742153389
2017-11-16,293981.0553334836
2017-11-17,298483.6305438182
2017-11-20,298876.81341962225
2017-11-21,299704.7184308694
2017-11-22,301102.0829911275
2017-11-24,300094.01253033226
2017-11-27,300858.3975185739
2017-11-28,301015.2316440435
2017-11-29,306113.54455242027
2017-11-30,302570.25634296174
2017-12-01,304308.0925428055
2017-12-04,304686.3632313781
2017-12-05,302986.6021233018
2017-12-06,300735.4112607854
2017-12-07,300220.09420612274
2017-12-08,298624.18905504525
2017-12-11,297968.5077338594
2017-12-12,298705.58522248344
2017-12-13,300220.1022399082
2017-12-14,299005.08394303237
2017-12-15,300653.01385902887
2017-12-18,303152.9856135159
2017-12-19,301987.0912451851
2017-12-20,301078.4033764443
2017-12-21,301178.7641379851
2017-12-22,300736.3483255555
2017-12-26,300253.14617904555
2017-12-27,299676.50451791706
2017-12-28,300519.4359192627
2017-12-29,299333.85538326943
2018-01-02,296743.15852436237
2018-01-03,296427.75085347996
2018-01-04,297001.70840417536
2018-01-05,296522.12903391774
2018-01-08,297736.27582085587
2018-01-09,297417.8997971559
2018-01-10,298936.16853476275
2018-01-11,300129.5335517771
2018-01-12,300676.65739256167
2018-01-16,301380.1247949764
2018-01-17,300664.19216109114
2018-01-18,301292.27269726124
2018-01-19,302163.75782909454
2018-01-22,301172.9955678031
2018-01-23,302949.2495225228
2018-01-24,302337.41849138774
2018-01-25,302482.0690791961
2018-01-26,298880.3547937315
2018-01-29,300941.35201610345
2018-01-30,301303.31377922563
2018-01-31,297572.97778142884
2018-02-01,298093.0922111152
2018-02-02,299677.8500215103
2018-02-05,294887.544544359
2018-02-06,282967.39461664995
2018-02-07,287958.1468146355
2018-02-08,288975.6515579575
2018-02-09,282675.4375246461
2018-02-12,283259.92979726143
2018-02-13,286132.9866151722
2018-02-14,285981.1999646604
2018-02-15,288000.2137574141
2018-02-16,291444.0600734408
2018-02-20,290568.5405436957
2018-02-21,291270.0129206928
2018-02-22,289372.10776856076
2018-02-23,289678.4863725141
2018-02-26,291713.7135946006
2018-02-27,291877.1185412756
2018-02-28,289948.4082619954
2018-03-01,291535.6711709938
2018-03-02,292116.42181116936
2018-03-05,291084.0135564689
2018-03-06,294716.98197065125
2018-03-07,297238.45002349524
2018-03-08,296486.1879190973
2018-03-09,298036.5120403102
2018-03-12,302514.3305594625
2018-03-13,302826.7572840752
2018-03-14,301977.0576176406
2018-03-15,301385.7110766866
2018-03-16,303407.5677713181
2018-03-19,305035.19252827845
2018-03-20,301167.8351637367
2018-03-21,302404.9239317138
2018-03-22,301632.3398985601
2018-03-23,295462.89838155947
2018-03-26,292705.18097584764
2018-03-27,297614.80704787205
2018-03-28,297137.48943957867
2018-03-29,295142.87100717763
2018-04-02,297007.98749906366
2018-04-03,294660.67292224837
2018-04-04,296438.30569625314
2018-04-05,298488.6575754616
2018-04-06,299606.74769213964
2018-04-09,295315.08123763656
2018-04-10,296509.2996428765
2018-04-11,299182.54409733176
2018-04-12,297393.52067257697
2018-04-13,297707.6147076969
2018-04-16,299289.59081377974
2018-04-17,299934.56634453475
2018-04-18,301333.860953537
2018-04-19,302457.37177317735
2018-04-20,302719.2977211854
2018-04-23,301135.78035779105
2018-04-24,303680.7531151833
2018-04-25,300186.84099089616
2018-04-26,299637.3910866768
2018-04-27,300844.23227914015
2018-04-30,300204.3390003914
2018-05-01,300668.2785069673
2018-05-02,301181.9172519477
2018-05-03,299584.3999199559
2018-05-04,299928.62118093716
2018-05-07,302275.733608052
2018-05-08,303745.75122339255
2018-05-09,304106.2944488487
2018-05-10,305378.8986377851
2018-05-11,306669.4836840085
2018-05-14,305063.3061350957
2018-05-15,306282.27315114724
2018-05-16,306662.7775462042
2018-05-17,308861.1116447535
2018-05-18,309820.4293119044
2018-05-21,310269.548032333
2018-05-22,312505.7590531847
2018-05-23,312491.38591259613
2018-05-24,312796.9299238335
2018-05-25,312545.95487320784
2018-05-29,313044.19427097304
2018-05-30,312503.5965835459
2018-05-31,314518.15826223796
2018-06-01,313728.0302715507
2018-06-04,316565.35077013384
2018-06-05,318067.24506487657
2018-06-06,318951.25112779374
2018-06-07,320132.11547665455
2018-06-08,319419.26691253536
2018-06-11,318756.26198425406
2018-06-12,318364.9406194824
2018-06-13,318235.55942571326
2018-06-14,318583.4594439833
2018-06-15,319482.162035243
2018-06-18,320928.4324728444
2018-06-19,322417.2170663862
2018-06-20,322557.5884911737
2018-06-21,323416.25886300276
2018-06-22,323318.41534884553
2018-06-25,323407.34881918447
2018-06-26,321440.54815485916
2018-06-27,318824.27840316796
2018-06-28,317628.55381371174
2018-06-29,316924.1840005858
2018-07-02,318806.88780990324
2018-07-03,320934.0902335704
2018-07-05,321317.5848031078
2018-07-06,322076.0380860654
2018-07-09,323260.16885907087
2018-07-10,321558.1699992355
2018-07-11,322234.4861384935
2018-07-12,318309.1563162523
2018-07-13,318729.2707287432
2018-07-16,319942.162427439
2018-07-17,317732.8378818317
2018-07-18,318535.2986407026
2018-07-19,320041.5786294818
2018-07-20,320135.5850674264
2018-07-23,320684.2460371598
2018-07-24,318945.3410102942
2018-07-25,317495.26520681387
2018-07-26,320339.7210239897
2018-07-27,316763.5810294977
2018-07-30,315131.49504086963
2018-07-31,314269.56262212666
2018-08-01,315805.4514920158
2018-08-02,316174.1056764785
2018-08-03,314206.52882763173
2018-08-06,314449.24353955686
2018-08-07,313798.7906486009
2018-08-08,316006.3659317652
2018-08-09,315988.11979058955
2018-08-10,316026.69328377664
2018-08-13,315317.9935219659
2018-08-14,316041.1662586708
2018-08-15,316107.10747032985
2018-08-16,316452.0630567329
2018-08-17,317468.8432718778
2018-08-20,317698.32165826036
2018-08-21,320073.5512453413
2018-08-22,320640.2412388156
2018-08-23,320070.82370012713
2018-08-24,318827.4658129079
2018-08-27,317648.32235077297
2018-08-28,317855.6025091692
2018-08-29,317333.63980460976
2018-08-30,318731.0628460864
2018-08-31,319078.1284173574
2018-09-04,318498.8040835226
2018-09-05,319113.11760307144
2018-09-06,318765.41446906904
2018-09-07,318731.04770368425
2018-09-10,317984.10619123245
2018-09-11,317512.5693091881
2018-09-12,316512.3842249053
2018-09-13,314734.4452693674
2018-09-14,316725.5333929169
2018-09-17,316465.2747031297
2018-09-18,314258.19558709516
2018-09-19,314546.93754672894
2018-09-20,315694.22805664054
2018-09-21,316229.5883571574
2018-09-24,313121.892967478
2018-09-25,311918.6998396435
2018-09-26,309031.71223689633
2018-09-27,307333.5215694178
2018-09-28,308032.68909995083
2018-10-01,304674.45866272936
2018-10-02,302876.30391883507
2018-10-03,304895.7375253415
2018-10-04,304354.35585849744
2018-10-05,303041.29331986996
2018-10-08,304253.5409318876
2018-10-09,304975.7653879196
2018-10-10,304570.98885659885
2018-10-11,298482.4557834637
2018-10-12,291198.5518213509
2018-10-15,294431.2191203055
2018-10-16,295280.75158488203
2018-10-17,296362.5322563364
2018-10-18,295139.1562902117
2018-10-19,291903.13691766554
2018-10-22,290578.8655412071
2018-10-23,290125.53246759565
2018-10-24,285972.01443767943
2018-10-25,285359.90237652545
2018-10-26,286898.73623639555
2018-10-29,288015.09404302423
2018-10-30,287222.945439898
2018-10-31,286938.8678554973
2018-11-01,287620.2025268152
2018-11-02,290263.841753939
2018-11-05,289134.6069203981
2018-11-06,289889.4208254931
2018-11-07,290222.46904300665
2018-11-08,293713.6056255364
2018-11-09,292794.2052953045
2018-11-12,293076.9421280001
2018-11-13,291677.1219716225
2018-11-14,289776.9361333924
2018-11-15,289524.35743309936
2018-11-16,290410.5591418741
2018-11-19,291551.93113799504
2018-11-20,288705.0993477513
2018-11-21,287348.07004083076
2018-11-23,289742.84745421057
2018-11-26,286665.37548151164
2018-11-27,287629.87676957017
2018-11-28,289351.465006621
2018-11-29,291656.9958015138
2018-11-30,291500.7195821392
2018-12-03,291025.94620772754
2018-12-04,285967.85553454974
2018-12-06,281888.63467775215
2018-12-07,284448.7971432333
2018-12-10,279624.31142670714
2018-12-11,278457.8604561301
2018-12-12,279596.91252098157
2018-12-13,277579.48959324986
2018-12-14,277328.72860249
2018-12-17,273034.5661290295
2018-12-18,269758.2656889984
2018-12-19,266566.1017965341
2018-12-20,264345.5368732751
2018-12-21,263749.9372313766
2018-12-24,257610.6216111215
2018-12-26,256286.05404428576
2018-12-27,257694.6860927198
2018-12-28,259592.07979868908
2018-12-31,257223.3147645994
2019-01-02,261729.89843665322
2019-01-03,264799.46186270803
2019-01-04,263159.745939599
2019-01-07,269207.5831342369
2019-01-08,272264.31985418906
2019-01-09,273955.19162727334
2019-01-10,273597.7183857281
2019-01-11,274164.885844106
2019-01-14,273837.14782590466
2019-01-15,271754.6655871705
2019-01-16,275448.0948201842
2019-01-17,275461.74071756366
2019-01-18,276725.39169074356
2019-01-22,279082.79023377964
2019-01-23,277131.1695570468
2019-01-24,278505.79894579295
2019-01-25,278428.917483538
2019-01-28,280479.6302807163
2019-01-29,279907.95518843475
2019-01-30,279407.8161364259
2019-01-31,281539.7835551987
2019-02-01,284459.0707444352
2019-02-04,285421.76986387727
2019-02-05,286645.97207570163
2019-02-06,287381.90060432605
2019-02-07,289371.327297114
2019-02-08,287749.80856545485
2019-02-11,289328.73605622386
2019-02-12,289052.71584365075
2019-02-13,291359.6235873461
2019-02-14,291684.5347789694
2019-02-15,291970.78683759423
2019-02-19,294315.6680172645
2019-02-20,293735.6644462628
2019-02-21,294659.33964771684
2019-02-22,292074.5537513943
2019-02-25,291858.9977363839
2019-02-26,292494.65777292685
2019-02-27,292070.4951214192
2019-02-28,292806.72307155526
2019-03-01,291984.44795279665
2019-03-04,292913.4199592802
2019-03-05,291230.25972426997
2019-03-06,288869.50563734263
2019-03-07,287155.2869639347
2019-03-08,286275.10726855526
2019-03-11,287207.76387463784
2019-03-12,289306.8675501201
2019-03-13,289511.38143098186
2019-03-14,290638.41276352643
2019-03-15,289514.8755045242
2019-03-18,291765.5543916367
2019-03-19,291081.90206361964
2019-03-20,288826.7889285569
2019-03-21,287678.74170624174
2019-03-22,286828.4518906352
2019-03-25,284925.5106315609
2019-03-26,286893.36026982585
2019-03-27,290097.42962604633
2019-03-28,289821.38959362044
2019-03-29,288730.8384747901
2019-04-01,290222.69079581916
2019-04-02,291315.19545619877
2019-04-03,291514.2375287196
2019-04-04,292781.87459966505
2019-04-05,294667.5041471395
2019-04-08,295028.24765426
2019-04-09,292821.3278808966
2019-04-10,294411.96265337407
2019-04-11,295464.77412829694
2019-04-12,294993.32623361837
2019-04-15,295821.14827924
2019-04-16,296471.8991375135
2019-04-17,296654.12317304034
2019-04-18,295472.85564796
2019-04-22,293938.7512799657
2019-04-23,296284.89144027955
2019-04-24,298991.68109300634
2019-04-25,296874.19101290096
2019-04-26,298025.7117068152
2019-04-29,299876.9540033149
2019-04-30,300185.6380928003
2019-05-01,299995.6525551898
2019-05-02,300138.6584157477
2019-05-03,301552.5188007622
2019-05-06,303507.3619374153
2019-05-07,302229.53127919417
2019-05-08,298248.38280104776
2019-05-09,298588.41370571917
2019-05-10,298467.9331049152
2019-05-13,297998.2365545183
2019-05-14,294553.6530211389
2019-05-15,295196.2764116199
2019-05-16,295665.43238807726
2019-05-17,296832.55290701904
2019-05-20,297413.01177454204
2019-05-21,296553.11427952035
2019-05-22,298475.7532457272
2019-05-23,296267.62910321885
2019-05-24,295566.3496536656
2019-05-28,297144.084238305
2019-05-29,295133.30756198446
2019-05-30,292661.414469152
2019-05-31,293416.56403951696
2019-06-03,292400.47486921825
2019-06-04,291839.8865084156
2019-06-05,294013.65412873094
2019-06-06,294356.78018382547
2019-06-07,294040.7465683494
2019-06-10,296285.76689916704
2019-06-11,297231.40712829365
2019-06-12,297478.416915431
2019-06-13,298189.90145159996
2019-06-14,298375.13818094437
2019-06-17,298953.6938299749
2019-06-18,299003.06231486046
2019-06-19,300695.2360820058
2019-06-20,299940.4314517015
2019-06-21,300498.6327681671
2019-06-24,298311.83679803455
2019-06-25,299433.30860927247
2019-06-26,297281.86194403353
2019-06-27,300110.30729472643
2019-06-28,303137.2485039436
2019-07-01,302556.56820479565
2019-07-02,303435.57148286107
2019-07-03,303605.88223609084
2019-07-05,306780.40914165386
2019-07-08,306139.5273924003
2019-07-09,305058.66967121593
2019-07-10,304161.0236359643
2019-07-11,304783.7757952426
2019-07-12,305855.8163904971
2019-07-15,305446.9037927266
2019-07-16,306789.4323029057
2019-07-17,306252.1020632705
2019-07-18,304586.27626118454
2019-07-19,305188.1444626357
2019-07-22,303709.16989108897
2019-07-23,303728.5938806446
2019-07-24,307472.96320308826
2019-07-25,307985.5479783867
2019-07-26,309024.55928552645
2019-07-29,309542.22791704535
2019-07-30,311652.181761917
2019-07-31,311746.525710484
2019-08-01,308356.40962621203
2019-08-02,305782.33478258667
2019-08-05,303812.89338174724
2019-08-06,297808.04590190697
2019-08-07,299328.5992400478
2019-08-08,298765.7587929283
2019-08-09,303748.4973346696
2019-08-12,302965.5347877917
2019-08-13,299186.12288121664
2019-08-14,302277.0904608167
2019-08-15,295529.40960941534
2019-08-16,297256.5593615358
2019-08-19,299859.909511371
2019-08-20,301612.5928924819
2019-08-21,299387.6580745024
2019-08-22,300405.4037887773
2019-08-23,299196.2984373198
2019-08-26,295237.6127909046
2019-08-27,295215.63883773563
2019-08-28,294865.688698373
2019-08-29,295998.1622469751
2019-08-30,298346.04563657683
2019-09-03,296794.38850793714
2019-09-04,295495.39371386956
2019-09-05,297873.02608237567
2019-09-06,299330.59193831147
2019-09-09,303810.8698769914
2019-09-10,306638.59333986946
2019-09-11,309547.7811481193
2019-09-12,311087.336306381
2019-09-13,313576.19792079454
2019-09-16,313657.2851898258
2019-09-17,312173.89475543867
2019-09-18,311686.47704690817
2019-09-19,311381.14450712304
2019-09-20,313001.92369167594
2019-09-23,312185.47147654986
2019-09-24,310735.1910636413
2019-09-25,311284.2283610269
2019-09-26,311086.07834805246
2019-09-27,311285.9308505068
2019-09-30,308864.8401565847
2019-10-01,307479.89683213085
2019-10-02,306905.62083298154
2019-10-03,301420.46994161996
2019-10-04,301781.7870717057
2019-10-07,304793.0747998932
2019-10-08,303937.0514245299
2019-10-09,300240.0505039234
2019-10-10,301007.8766709784
2019-10-11,303100.64797860925
2019-10-14,304465.32949131256
2019-10-15,304572.63799176924
2019-10-16,306379.46702876786
2019-10-17,307138.1674710997
2019-10-18,308469.0200246174
2019-10-21,309766.81069456495
2019-10-22,312473.9818323947
2019-10-23,312479.53365633043
2019-10-24,312817.6248171111
2019-10-25,312625.0384826921
2019-10-28,313802.2074382392
2019-10-29,316602.7388267488
2019-10-30,315490.79761602654
2019-10-31,316361.3055777594
2019-11-01,316364.97066353104
2019-11-04,319327.8656812064
2019-11-05,321405.8693542384
2019-11-06,322989.1516639277
2019-11-07,322333.5014295925
2019-11-08,320742.1289670428
2019-11-11,320452.21204506245
2019-11-12,319897.9929506225
2019-11-13,319204.90719081153
2019-11-14,319389.78064793715
2019-11-15,318598.24367102917
2019-11-18,320837.16124901484
2019-11-19,321228.6917542866
2019-11-20,320213.93090508797
2019-11-21,319241.80870335887
2019-11-22,318589.8352673523
2019-11-25,320234.93154525117
2019-11-26,321000.0586145639
2019-11-27,321830.3663416807
2019-11-29,322903.5588930848
2019-12-02,321736.96858689043
2019-12-03,318740.9823166365
2019-12-04,317355.2684295865
2019-12-05,318120.9190817125
2019-12-06,319415.52281526267
2019-12-09,321618.69217043027
2019-12-10,321798.0736646569
2019-12-11,321100.86608683446
2019-12-12,320610.1859910426
2019-12-13,322729.3316017129
2019-12-16,322769.11833229504
2019-12-17,324825.4450971035
2019-12-18,325657.4338919845
2019-12-19,325951.8231368149
2019-12-20,326117.12635573593
2019-12-23,326077.9591719597
2019-12-24,326669.54944639467
2019-12-26,325164.8669570727
2019-12-27,325431.34947774897
2019-12-30,326624.38027652306
2019-12-31,325113.67903298326
2020-01-02,323988.7483820796
2020-01-03,326047.83758012287
2020-01-06,323337.4105227649
2020-01-07,322227.8796169533
2020-01-08,321168.7111701212
2020-01-09,321024.9256730158
2020-01-10,322019.20596794586
2020-01-13,321540.1255638232
2020-01-14,322297.44261219446
2020-01-15,322025.65096609615
2020-01-16,322816.44341362175
2020-01-17,323965.20947732666
2020-01-21,323975.40815328533
2020-01-22,323625.8481242785
2020-01-23,322484.1736636692
2020-01-24,321263.6015845338
2020-01-27,321761.3688097624
2020-01-28,317167.80633585266
2020-01-29,317204.4895323828
2020-01-30,317729.231926012
2020-01-31,317443.07282501564
2020-02-03,315479.9036633766
2020-02-04,315245.5584285475
2020-02-05,318813.093896826
2020-02-06,319589.62068138365
2020-02-07,319283.04721310514
2020-02-10,317415.95948944223
2020-02-11,319848.3741472621
2020-02-12,319382.47936248
2020-02-13,322118.09473403916
2020-02-14,320253.48345860833
2020-02-18,320291.223407137
2020-02-19,318595.95622999046
2020-02-20,321579.168771261
2020-02-21,321443.29931187106
2020-02-24,321382.7018299629
2020-02-25,313516.7099227915
2020-02-26,307216.31062580115
2020-02-27,301420.7373857077
2020-02-28,295709.004246514
2020-03-02,295713.4285291883
2020-03-03,296867.9785491135
2020-03-04,295928.6860822098
2020-03-05,296190.589386842
2020-03-06,295911.14060449915
2020-03-09,295401.2355313821
2020-03-10,294860.706486502
2020-03-11,294860.8369186589
2020-03-12,294575.93759468984
2020-03-13,294292.4797596594
2020-03-16,294205.06874142
2020-03-17,294063.8508228988
2020-03-18,293928.63675067975
2020-03-19,294006.78920820093
2020-03-20,294076.9762361794
2020-03-23,294019.2375745694
2020-03-24,293996.7485705492
2020-03-25,294150.8716049278
2020-03-26,294189.52307160094
2020-03-27,294305.9287629396
2020-03-30,294252.9239416302
2020-03-31,296400.33967666206
2020-04-01,290640.08760544774
2020-04-02,275576.6366304761
2020-04-03,274127.3351312315
2020-04-06,265323.1751425936
2020-04-07,286465.1300269966
2020-04-08,287829.71652054624
2020-04-09,309348.4237145092
2020-04-13,305269.3357211011
2020-04-14,295413.39958289877
2020-04-15,295440.3468044405
2020-04-16,283671.9923254894
2020-04-17,288860.61604943825
2020-04-20,297847.39136935223
2020-04-21,297584.2914757471
2020-04-22,282772.4458263379
2020-04-23,292786.3469239943
2020-04-24,290748.8371728887
2020-04-27,304632.3552162226
2020-04-28,320779.61205055425
2020-04-29,328744.08223934995
2020-04-30,329787.0723226477
2020-05-01,326572.05591202
2020-05-04,312059.4550789907
2020-05-05,304963.9940255993
2020-05-06,305048.09710124834
2020-05-07,305753.847440975
2020-05-08,314477.83364740654
2020-05-11,312798.8142735698
2020-05-12,306389.9258689871
2020-05-13,297608.1981565975
2020-05-14,291495.21641038486
2020-05-15,294210.3716149519
2020-05-18,303279.4161041684
2020-05-19,308880.9296348808
2020-05-20,309752.93648808874
2020-05-21,315646.3237786857
2020-05-22,314248.38364794326
2020-05-26,319314.9326204277
2020-05-27,327669.16940193117
2020-05-28,324936.3980916513
2020-05-29,320116.9437784524
2020-06-01,321355.9755791344
2020-06-02,323505.493243337
2020-06-03,329843.787433112
2020-06-04,335189.1996750218
2020-06-05,338027.88425734936
2020-06-08,347800.7102894331
2020-06-09,347858.4070231839
2020-06-10,338707.83378325356
2020-06-11,333315.69148603675
2020-06-12,317976.16076524195
2020-06-15,322767.12648323533
2020-06-16,325736.05307910126
2020-06-17,325876.78669402096
2020-06-18,324637.0405049674
2020-06-19,323927.5437080838
2020-06-22,322505.3831173716
2020-06-23,321904.089197381
2020-06-24,322743.90138938825
2020-06-25,317359.7540970489
2020-06-26,320333.2110234357
2020-06-29,318401.163950241
2020-06-30,320506.9996757134
2020-07-01,317789.02960391255
2020-07-02,318932.0345333517
2020-07-06,317696.8122497962
2020-07-07,319039.3933567116
2020-07-08,312958.7339637054
2020-07-09,310790.9328263555
2020-07-10,310996.8680903648
2020-07-13,314476.9403540821
2020-07-14,312847.58587858063
2020-07-15,322883.3878302743
2020-07-16,324738.61408515327
2020-07-17,324573.4938796766
2020-07-20,321676.22470347444
2020-07-21,328814.57970362855
2020-07-22,325172.36148290295
2020-07-23,333980.6273709705
2020-07-24,328268.7872471331
2020-07-27,327031.08085407404
2020-07-28,328946.0697141984
2020-07-29,326837.4835001559
2020-07-30,330683.6737892433
2020-07-31,326022.0422048081
2020-08-03,331872.4351689258
2020-08-04,334815.8146834816
2020-08-05,338675.98523559637
2020-08-06,336308.32082772505
2020-08-07,343831.43480190873
2020-08-10,347024.60065861355
2020-08-11,350769.2427300467
2020-08-12,346074.5860251464
2020-08-13,350075.8099322377
2020-08-14,350260.7117881264
2020-08-17,350747.29680480494
2020-08-18,347256.2507394017
2020-08-19,348466.1764562727
2020-08-20,344258.44739464327
2020-08-21,341423.3944017813
2020-08-24,341783.6168987143
2020-08-25,344521.59467281686
2020-08-26,340623.3260507478
2020-08-27,347139.16771901294
2020-08-28,348206.91078930825
2020-08-31,346926.55215874553
2020-09-01,342838.2626638648
2020-09-02,341928.6860793956
2020-09-03,351255.7923151896
2020-09-04,342297.1728987847
2020-09-08,344234.14356374735
2020-09-09,331095.9738421927
2020-09-10,338721.7710262906
2020-09-11,332901.4509555332
2020-09-14,333856.33646563726
2020-09-15,337020.20021385734
2020-09-16,342964.60738624574
2020-09-17,341821.75588023546
2020-09-18,345116.58587136056
2020-09-21,333364.1334096302
2020-09-22,326058.5813124763
2020-09-23,328722.2413931586
2020-09-24,321424.92543931014
2020-09-25,323109.1411603608
2020-09-28,328677.86606621696
2020-09-29,335386.2294537106
2020-09-30,328373.932562237
2020-10-01,332578.2249785186
2020-10-02,336863.56434990914
2020-10-05,332354.427407569
2020-10-06,341368.43674426945
2020-10-07,334921.6933936141
2020-10-08,340600.2625155572
2020-10-09,342664.5712144728
2020-10-12,343801.74757859093
2020-10-13,348400.80160922086
2020-10-14,346349.3888555491
2020-10-15,347945.151514277
2020-10-16,347005.65934190084
2020-10-19,353058.77024280606
2020-10-20,348641.5524209378
2020-10-21,350095.4482150064
2020-10-22,351401.809056021
2020-10-23,353209.8437215134
2020-10-26,355833.41635189403
2020-10-27,349960.0880377882
2020-10-28,352535.02997267013
2020-10-29,342473.7858378886
2020-10-30,347291.99383299483
2020-11-02,344819.3151369267
2020-11-03,347549.6241782704
2020-11-04,345516.38699569606
2020-11-05,351866.6120305312
2020-11-06,353787.2239992034
2020-11-09,357661.7290910544
2020-11-10,365621.992084822
2020-11-11,363604.9041748441
2020-11-12,363833.5373402788
2020-11-13,361203.68079957535
2020-11-16,368394.18638502224
2020-11-17,372776.2006249703
2020-11-18,370159.9793053285
2020-11-19,366606.2429616423
2020-11-20,369876.909954258
2020-11-23,369447.58364881953
2020-11-24,372991.24603700195
2020-11-25,376660.33939416043
2020-11-27,376077.7417798017
2020-11-30,372923.249288593
2020-12-01,370973.2147979056
2020-12-02,373875.2167811436
2020-12-03,377227.619931509
2020-12-04,382115.12529650907
2020-12-07,385041.2501792756
2020-12-08,386264.5887625579
2020-12-09,390008.34644328896
2020-12-10,389425.434673663
2020-12-11,390257.467283663
2020-12-14,388954.8139998453
2020-12-15,388046.76335361047
2020-12-16,390451.3997410703
2020-12-17,392513.0971433834
2020-12-18,392593.37056398904
2020-12-21,389219.6361243509
2020-12-22,389866.16442893905
2020-12-23,391524.61524902954
2020-12-24,390483.8786194713
2020-12-28,391176.0173510889
2020-12-29,391897.92843487795
2020-12-30,395083.2237574166
2020-12-31,393164.07745646045
2021-01-04,397211.23336904595
2021-01-05,396288.0074463715
2021-01-06,407882.3565795287
2021-01-07,407883.18959707033
2021-01-08,406555.16796647216
2021-01-11,408715.08458995895
2021-01-12,410594.72718706046
2021-01-13,408401.1813602184
2021-01-14,413776.4436791019
2021-01-15,415679.0934165193
2021-01-19,413694.9305140816
2021-01-20,414080.49466804956
2021-01-21,413339.2162811976
2021-01-22,417561.36908549024
2021-01-25,413367.0566754963
2021-01-26,413641.1588466691
2021-01-27,409582.64132805273
2021-01-28,402262.3876532242
2021-01-29,405591.8710549918
2021-02-01,402479.9134195825
2021-02-02,407448.04015099537
2021-02-03,409098.0627196559
2021-02-04,411011.99510993244
2021-02-05,415947.33512670884
2021-02-08,421399.3490473907
2021-02-09,426460.14892611536
2021-02-10,427123.65771215816
2021-02-11,427435.65906066424
2021-02-12,428681.2396608636
2021-02-16,428725.493377329
2021-02-17,428612.72809233476
2021-02-18,427999.01992263366
2021-02-19,432290.4458037726
2021-02-22,437331.15127806715
2021-02-23,433275.1429449752
2021-02-24,436742.7110484371
2021-02-25,440311.7773028976
2021-02-26,432631.67604240484
2021-03-01,431918.2088651168
2021-03-02,439166.9798473049
2021-03-03,443340.76095799834
2021-03-04,435594.854501802
2021-03-05,432508.94828086824
2021-03-08,446348.9448530114
2021-03-09,443577.35017961793
2021-03-10,450636.9607669015
2021-03-11,450843.0505746597
2021-03-12,456018.6006374867
2021-03-15,453587.55412276584
2021-03-16,451593.35229208844
2021-03-17,451514.2045834988
2021-03-18,453329.53353228874
2021-03-19,450671.4036506593
2021-03-22,444430.10164064704
2021-03-23,439356.05987994536
2021-03-24,435879.9003210628
2021-03-25,435927.44034027826
2021-03-26,438865.07899114175
2021-03-29,439434.6599552921
2021-03-30,443910.8528764842
2021-03-31,440543.0210336029
2021-04-01,443042.7514953812
2021-04-05,444934.4176617841
2021-04-06,449249.644928597
2021-04-07,445024.76000084827
2021-04-08,445959.36895177426
2021-04-09,445595.24411949463
2021-04-12,448311.5547942992
2021-04-13,446044.77088508196
2021-04-14,451238.32954937353
2021-04-15,447874.7372373652
2021-04-16,452767.5406020192
2021-04-19,451587.0356337658
2021-04-20,447401.4312628465
2021-04-21,446656.22500820045
2021-04-22,450555.9693922504
2021-04-23,449009.3647935361
2021-04-26,451268.4426133039
2021-04-27,450427.36399217736
2021-04-28,450141.56642189826
2021-04-29,448037.17857667885
2021-04-30,449640.0003269623
2021-05-03,453531.3173384342
2021-05-04,452450.2875353454
2021-05-05,452725.5946084477
2021-05-06,451073.3809788722
2021-05-07,454205.1699791053
2021-05-10,457160.1226161514
2021-05-11,454984.15633879695
2021-05-12,451422.3886929256
2021-05-13,448116.22608697263
2021-05-14,451449.22550986125
2021-05-17,457736.0286190569
2021-05-18,456995.44147109194
2021-05-19,454058.5984934882
2021-05-20,450414.370051277
2021-05-21,455589.294643378
2021-05-24,453594.8266802958
2021-05-25,452059.1136346231
2021-05-26,453590.4484674422
2021-05-27,455473.5997095818
2021-05-28,454719.7413821614
2021-06-01,458799.9780736007
2021-06-02,455940.4305433476
2021-06-03,456920.27972996415
2021-06-04,454280.22405719344
2021-06-07,458881.08787953353
2021-06-08,452878.40166687866
2021-06-09,453626.9526598253
2021-06-10,449520.25025511853
2021-06-11,455005.67650466424
2021-06-14,454871.95594744984
2021-06-15,447918.3797224581
2021-06-16,450912.013317364
2021-06-17,446029.61721303535
2021-06-18,444968.4345429663
2021-06-21,443015.30448602367
2021-06-22,446896.9773858597
2021-06-23,449374.7029811231
2021-06-24,452791.52661446057
2021-06-25,451784.055467956
2021-06-28,450701.3518170199
2021-06-29,449896.37562584
2021-06-30,450129.5723355944
2021-07-01,451089.5423831754
2021-07-02,449424.74231313553
2021-07-06,449250.0097570263
2021-07-07,447098.0711539097
2021-07-08,447057.41970287595
2021-07-09,448626.02060724644
2021-07-12,451662.11678553734
2021-07-13,449883.091543616
2021-07-14,448079.9924732287
2021-07-15,453385.5839659321
2021-07-16,452388.9066840801
2021-07-19,448367.5069277482
2021-07-20,446144.5436720711
2021-07-21,450301.4447333508
2021-07-22,447876.90788230207
2021-07-23,447025.0930777977
2021-07-26,451215.6648429413
2021-07-27,451480.79281467333
2021-07-28,452545.020045376
2021-07-29,453365.40318378364
2021-07-30,453901.666691663
2021-08-02,451416.8426374899
2021-08-03,449898.27505081345
2021-08-04,452590.933407438
2021-08-05,453513.54969043576
2021-08-06,457985.23811637174
2021-08-09,457776.90537529846
2021-08-10,458960.46088035876
2021-08-11,461169.68918959936
2021-08-12,462253.0027858114
2021-08-13,460990.7903719515
2021-08-16,459961.2024336068
2021-08-17,457957.98874596914
2021-08-18,455637.6382621399
2021-08-19,451902.5705279735
2021-08-20,451330.9475022294
2021-08-23,451277.06481041596
2021-08-24,454668.22671212076
2021-08-25,455703.67023359233
2021-08-26,456227.42721719603
2021-08-27,458454.5049954756
2021-08-30,456007.732657564
2021-08-31,459514.79609828914
2021-09-01,459254.8152104761
2021-09-02,459210.6061708449
2021-09-03,462325.09384699917
2021-09-07,460189.56162528484
2021-09-08,460736.32112919097
2021-09-09,459461.504130363
2021-09-10,458540.075329163
2021-09-13,455779.39728978113
2021-09-14,453947.2237555955
2021-09-15,451460.8241583187
2021-09-16,454368.0268171714
2021-09-17,459439.591825738
2021-09-20,456946.1319684609
2021-09-21,451481.58916567004
2021-09-22,450268.3823975674
2021-09-23,452198.8246947366
2021-09-24,455766.57663899806
2021-09-27,460428.94430051616
2021-09-28,462137.05285626993
2021-09-29,457283.05225895136
2021-09-30,457230.88382415293
2021-10-01,453680.5020320211
2021-10-04,461562.99740748835
2021-10-05,456433.51548187726
2021-10-06,457327.5736850349
2021-10-07,457965.9382330919
2021-10-08,461981.07549177355
2021-10-11,461625.974457652
2021-10-12,461467.94517648465
2021-10-13,458104.214721816
2021-10-14,456260.7292981423
2021-10-15,455369.8145743353
2021-10-18,457303.6157972805
2021-10-19,455509.6098898288
2021-10-20,459800.5601052379
2021-10-21,459644.5847096623
2021-10-22,461214.6627290637
2021-10-25,460724.3222200798
2021-10-26,460795.89514578774
2021-10-27,460406.42371190805
2021-10-28,459834.82352691115
2021-10-29,463800.80642343464
2021-11-01,468652.46662999457
2021-11-02,464150.26704652276
2021-11-03,467583.9970894509
2021-11-04,468054.18345315737
2021-11-05,474688.5673815477
2021-11-08,475134.29335117043
2021-11-09,475984.3283594891
2021-11-10,478321.93260958354
2021-11-11,476537.8197904088
2021-11-12,473211.6275883948
2021-11-15,475212.79869920545
2021-11-16,472467.3631768285
2021-11-17,472081.72043753637
2021-11-18,469860.39334903244
2021-11-19,468860.4288459557
2021-11-22,472939.1206983358
2021-11-23,471761.6053680136
2021-11-24,471194.1118271611
2021-11-26,466582.40628458216
2021-11-29,456237.81921046163
2021-11-30,461461.64032892365
2021-12-01,459334.37273487786
2021-12-02,459422.07370429323
2021-12-03,461494.6994239092
2021-12-06,462905.87660818576
2021-12-07,459784.21295473364
2021-12-08,465776.5266660846
2021-12-09,464846.89442064206
2021-12-10,461796.8848899319
2021-12-13,465256.4308775917
2021-12-14,464447.69223803835
2021-12-15,462527.2399121308
2021-12-16,469696.3713317089
2021-12-17,468857.37652939215
2021-12-20,465890.32538548805
2021-12-21,462762.40551075264
2021-12-22,466038.44352917623
2021-12-23,469701.7155933705
2021-12-27,471712.8503847342
2021-12-28,475093.4841935038
2021-12-29,474220.6997946776
2021-12-30,474304.18130015436
2021-12-31,475385.9379626266
2022-01-03,476153.07195412985
2022-01-04,482283.23240833735
2022-01-05,486993.0784353799
2022-01-06,484765.0679300992
2022-01-07,486706.74374486133
2022-01-10,484695.15059979894
2022-01-11,482269.74690541584
2022-01-12,483305.92040639714
2022-01-13,491406.7628713424
2022-01-14,487318.60828356235
2022-01-18,487942.0481845643
2022-01-19,481700.1004484182
2022-01-20,476240.94140963885
2022-01-21,477214.91742070153
2022-01-24,471549.707946014
2022-01-25,475788.6059789416
2022-01-26,468974.5328896301
2022-01-27,464534.96413218376
2022-01-28,459307.72278288327
2022-01-31,465239.60274819145
2022-02-01,469350.63282696856
2022-02-02,467712.54142510163
2022-02-03,474555.3464392144
2022-02-04,467677.5024323545
2022-02-07,470723.11119489104
2022-02-08,472252.8141028445
2022-02-09,468624.9099589895
2022-02-10,474483.30512305826
2022-02-11,474676.8839867125
2022-02-14,468912.80132682243
2022-02-15,469508.6643249966
2022-02-16,474734.8430746853
2022-02-17,475713.8740867709
2022-02-18,473514.45569394506
2022-02-22,471562.76345661614
2022-02-23,469602.08503771253
2022-02-24,459633.5298975361
2022-02-25,464732.2837429297
2022-02-28,467628.207499784
2022-03-01,463719.522092642
2022-03-02,465536.9706230073
2022-03-03,472988.1720540816
2022-03-04,469701.9719330729
2022-03-07,468295.11259712995
2022-03-08,461694.4183059384
2022-03-09,458602.8284521963
2022-03-10,465640.2939891492
2022-03-11,466412.67748092895
2022-03-14,464702.61023091077
2022-03-15,457411.75306730636
2022-03-16,462556.7912019965
2022-03-17,465991.4851086968
2022-03-18,466493.38362897036
2022-03-21,468663.55786338606
2022-03-22,467652.9714977932
2022-03-23,467977.30846249993
2022-03-24,459424.168148297
2022-03-25,463699.3740096659
2022-03-28,462385.1926986175
2022-03-29,466362.6646859305
2022-03-30,465603.64387788594
2022-03-31,464720.422536637
2022-04-01,461706.66107195185
2022-04-04,460333.74525586626
2022-04-05,460721.6919409791
2022-04-06,457129.7870187168
2022-04-07,451971.8947361122
2022-04-08,453142.0010444316
2022-04-11,453218.16536468046
2022-04-12,452165.6253452506
2022-04-13,452156.73768639733
2022-04-14,455176.04802715016
2022-04-18,451923.32421273494
2022-04-19,453633.0810506413
2022-04-20,459070.4330660912
2022-04-21,458276.4447884963
2022-04-22,455790.79605724756
2022-04-25,449595.0478583776
2022-04-26,449319.2464420102
2022-04-27,444059.10512199014
2022-04-28,443635.23438023555
2022-04-29,448668.129717207
2022-05-02,439208.72125537513
2022-05-03,442459.4081040781
2022-05-04,442103.17105932435
2022-05-05,445632.73947500583
2022-05-06,437435.16528414155
2022-05-09,436411.6595903691
2022-05-10,428581.39777702047
2022-05-11,432370.6338606923
2022-05-12,428586.00200026913
2022-05-13,426435.21091667574
2022-05-16,431275.99062129913
2022-05-17,433908.0539636763
2022-05-18,437441.1678294079
2022-05-19,429552.1774792351
2022-05-20,430220.8022245923
2022-05-23,429979.6594292104
2022-05-24,435361.8031670886
2022-05-25,434988.7209851571
2022-05-26,437330.7800077692
2022-05-27,440452.77619654976
2022-05-31,445435.7116327083
2022-06-01,445817.409638319
2022-06-02,444066.00674708904
2022-06-03,447311.2375709702
2022-06-06,446352.19963069836
2022-06-07,445343.80992227484
2022-06-08,446835.9640022589
2022-06-09,443448.35361393413
2022-06-10,439815.1172875217
2022-06-13,430041.23422751937
2022-06-14,424868.6413706066
2022-06-15,426796.5808738816
2022-06-16,422638.54941954376
2022-06-17,421339.85313539597
2022-06-21,421263.90310937533
2022-06-22,422599.4974503785
2022-06-23,421515.7720685478
2022-06-24,421583.6822515215
2022-06-27,423911.1662175064
2022-06-28,424552.0376562667
2022-06-29,422430.76280988066
2022-06-30,423467.7262990519
2022-07-01,424215.4154900048
2022-07-05,425440.80676722614
2022-07-06,422922.0969985694
2022-07-07,421764.23820268596
2022-07-08,423534.73518045974
2022-07-11,423821.6107197423
2022-07-12,424923.9455121425
2022-07-13,421077.11340919835
2022-07-14,418438.81561567355
2022-07-15,421948.13990573207
2022-07-18,426636.39438195847
2022-07-19,427620.8534235044
2022-07-20,433540.96714342997
2022-07-21,433007.16336221946
2022-07-22,435418.33356153
2022-07-25,436019.93589878787
2022-07-26,440037.8636212733
2022-07-27,439050.3381815369
2022-07-28,442817.940698876
2022-07-29,444160.9811693088
2022-08-01,448940.21780111693
2022-08-02,445210.0823062283
2022-08-03,443218.8616028961
2022-08-04,442547.5303548778
2022-08-05,442439.5217418774
2022-08-08,443434.24368381244
2022-08-09,444924.1095974007
2022-08-10,444331.63254957984
2022-08-11,450551.6736587609
2022-08-12,451588.297788008
2022-08-15,456633.81572298345
2022-08-16,457777.3678478166
2022-08-17,456821.2828802606
2022-08-18,455996.7120351692
2022-08-19,454764.95999868336
2022-08-22,450325.4370474081
2022-08-23,444489.0245899185
2022-08-24,442408.7847030322
2022-08-25,443927.3053622764
2022-08-26,446959.79795305326
2022-08-29,437747.9241040906
2022-08-30,438180.4245186049
2022-08-31,434701.80459162756
2022-09-01,432325.74440084316
2022-09-02,433016.04694580974
2022-09-06,429700.4800571759
2022-09-07,429564.63587078167
2022-09-08,432999.1748549814
2022-09-09,434322.6900245927
2022-09-12,437841.96390543506
2022-09-13,438161.23391768
2022-09-14,431802.8205867482
2022-09-15,435271.58636398136
2022-09-16,436792.28839469195
2022-09-19,435944.4225252802
2022-09-20,437442.6593105081
2022-09-21,436583.5872886141
2022-09-22,430126.3696345314
2022-09-23,428300.35591172054
2022-09-26,422509.53729442507
2022-09-27,420438.45150031516
2022-09-28,420394.5150851881
2022-09-29,421166.39890314004
2022-09-30,419305.98298688093
2022-10-03,416942.4349730488
2022-10-04,425927.66280623776
2022-10-05,427458.40061657655
2022-10-06,426611.17434050335
2022-10-07,425547.9332376143
2022-10-10,423380.2763141889
2022-10-11,423569.21903445415
2022-10-12,423430.8757079157
2022-10-13,428080.27287654096
2022-10-14,432643.03184158367
2022-10-17,429262.87862847914
2022-10-18,430879.38594021165
2022-10-19,432548.7969853875
2022-10-20,427399.62928085483
2022-10-21,424174.87676265714
2022-10-24,426973.4670239338
2022-10-25,424604.660041585
2022-10-26,428072.4750072634
2022-10-27,428793.2453800333
2022-10-28,429277.27882436744
2022-10-31,433718.20070587436
2022-11-01,433372.63550730323
2022-11-02,431850.8299360358
2022-11-03,425928.7012621639
2022-11-04,428338.48484579846
2022-11-07,430515.59157110186
2022-11-08,430911.31333307055
2022-11-09,432010.30664190644
2022-11-10,428922.9072062401
2022-11-11,435972.8280855468
2022-11-14,438223.7880188055
2022-11-15,438243.81815424876
2022-11-16,438477.44426978804
2022-11-17,435901.75931930204
2022-11-18,435096.17710490426
2022-11-21,435876.3653166674
2022-11-22,433259.32429152617
2022-11-23,434608.82873335644
2022-11-25,436790.4514554264
2022-11-28,434690.56111368834
2022-11-29,433978.89222312404
2022-11-30,431161.33242810756
2022-12-01,437341.4022236312
2022-12-02,436837.8551234647
2022-12-05,433733.9614442488
2022-12-06,432766.57318657596
2022-12-07,431950.8177899501
2022-12-08,430397.2542246209
2022-12-09,432850.6427353878
2022-12-12,428153.07303391397
2022-12-13,428182.02222934266
2022-12-14,426753.8656988245
2022-12-15,426416.57733416464
2022-12-16,424237.9271625017
2022-12-19,422756.898732897
2022-12-20,422167.53906640894
2022-12-21,423156.74654033326
2022-12-22,427576.21166241466
2022-12-23,425785.1576756468
2022-12-27,426171.42229627544
2022-12-28,425530.2627114493
2022-12-29,423676.690181125
2022-12-30,425304.9843371437
2023-01-03,428126.36921924027
2023-01-04,427739.10467705934
2023-01-05,430044.6746062353
2023-01-06,429311.9653794279
2023-01-09,434006.68415815796
2023-01-10,435193.90820988955
2023-01-11,435399.4865251564
2023-01-12,439436.912642306
2023-01-13,439793.502642562
2023-01-17,441791.1630449675
2023-01-18,439653.29813342367
2023-01-19,438020.1863938477
2023-01-20,435537.18333702063
2023-01-23,437490.18217915785
2023-01-24,439950.5454971912
2023-01-25,433644.34554747917
2023-01-26,432083.5929472525
2023-01-27,437846.3024072461
2023-01-30,438666.048061578
2023-01-31,438646.5564581794
2023-02-01,441344.5054931689
2023-02-02,441756.2517373807
2023-02-03,447582.8623160019
2023-02-06,444130.9725443199
2023-02-07,441070.605127425
2023-02-08,444585.65639649756
2023-02-09,442203.9474742014
2023-02-10,441272.6427286594
2023-02-13,441219.68386166706
2023-02-14,441539.1884606132
2023-02-15,442197.3892707718
2023-02-16,445554.14472103433
2023-02-17,444975.3815078696
2023-02-21,444273.02480760333
2023-02-22,440240.1166373846
2023-02-23,439998.08109915076
2023-02-24,442191.09378970234
2023-02-27,439020.04584396357
2023-02-28,438398.1097745504
2023-03-01,438211.07881141466
2023-03-02,434096.72170329536
2023-03-03,433217.52617618465
2023-03-06,434645.6609325238
2023-03-07,434437.7266443571
2023-03-08,431328.7667219675
2023-03-09,420984.63409393624
2023-03-10,411519.32597118535
2023-03-13,394572.45221492485
2023-03-14,395753.5820359716
2023-03-15,396316.1951241936
2023-03-16,397686.09341420175
2023-03-17,396186.21423327253
2023-03-20,392721.69747287815
2023-03-21,396844.74426376977
2023-03-22,396149.21778953495
2023-03-23,391102.51349759364
2023-03-24,393099.63299025816
2023-03-27,394439.3848945494
2023-03-28,394578.3891660836
2023-03-29,392873.8102939363
2023-03-30,392559.45488252776
2023-03-31,391632.52424231824
2023-04-03,394093.1067909051
2023-04-04,390326.9964939796
2023-04-05,387700.0511254803
2023-04-06,386883.81588425
2023-04-10,391268.4012314751
2023-04-11,393969.5512104176
2023-04-12,396310.91536580987
2023-04-13,394124.24138824065
2023-04-14,395353.6396480246
2023-04-17,395559.61201824073
2023-04-18,393190.16262963385
2023-04-19,394432.0988700881
2023-04-20,395150.1578411859
2023-04-21,392846.88443069643
2023-04-24,392431.1487344741
2023-04-25,390107.6996663936
2023-04-26,382420.80131567334
2023-04-27,377044.57227314764
2023-04-28,381258.0933222767
2023-05-01,380441.01309887256
2023-05-02,374497.54242879915
2023-05-03,371916.2365414064
2023-05-04,365692.33084917156
2023-05-05,365251.1864839091
2023-05-08,367228.5924586135
2023-05-09,367800.17928542
2023-05-10,364301.18373015424
2023-05-11,363732.87825632206
2023-05-12,363627.1143975726
2023-05-15,364173.01966713904
2023-05-16,364955.55745409924
2023-05-17,365868.44885444315
2023-05-18,367739.81072981
2023-05-19,368306.2865856581
2023-05-22,369437.16943055106
2023-05-23,373364.90790486714
2023-05-24,368935.5901116421
2023-05-25,362652.70050413994
2023-05-26,363799.1253429736
2023-05-30,368174.60910044087
2023-05-31,368886.6252327728
2023-06-01,370513.701689393
2023-06-02,378949.7999836405
2023-06-05,377297.3773495449
2023-06-06,383453.4226857145
2023-06-07,394366.1328472622
2023-06-08,390335.2157135844
2023-06-09,388222.0321181686
2023-06-12,389126.2353160658
2023-06-13,394794.69772409427
2023-06-14,395543.29343750374
2023-06-15,395320.9943320083
2023-06-16,406732.6944770403
2023-06-20,403484.33138181106
2023-06-21,403710.357618375
2023-06-22,395608.9053093674
2023-06-23,392861.69374720595
2023-06-26,392292.98178282933
2023-06-27,392569.95158504084
2023-06-28,395481.8365804927
2023-06-29,396868.50524192926
2023-06-30,394557.0874845825
2023-07-03,399988.20848060655
2023-07-05,399647.9284242757
2023-07-06,398198.6456267698
2023-07-07,400993.89116661245
2023-07-10,403179.0397286125
2023-07-11,404603.96903829643
2023-07-12,406024.253832655
2023-07-13,408454.5080923859
2023-07-14,412224.22735583666
2023-07-17,409413.7285550206
2023-07-18,411511.42059756746
2023-07-19,415283.7431040161
2023-07-20,419481.57294283353
2023-07-21,416589.17284276284
2023-07-24,420386.8030065945
2023-07-25,420692.419968554
2023-07-26,423085.0918850651
2023-07-27,420589.38347470795
2023-07-28,415759.2252498007
2023-07-31,420300.3554499157
2023-08-01,420898.62017930154
2023-08-02,419202.52483846695
2023-08-03,415831.05198000505
2023-08-04,417156.01913114236
2023-08-07,415164.81885371404
2023-08-08,416448.10278081236
2023-08-09,412808.0050260913
2023-08-10,409706.3065985641
2023-08-11,410754.14347317204
2023-08-14,406230.80297354603
2023-08-15,408373.65774034295
2023-08-16,404199.01634997386
2023-08-17,405715.6149271997
2023-08-18,404070.3023147019
2023-08-21,399146.56537050585
2023-08-22,399174.4356837087
2023-08-23,397737.9213131865
2023-08-24,403556.38930596726
2023-08-25,396970.48242710746
2023-08-28,399859.2368494665
2023-08-29,400636.4562666825
2023-08-30,404783.16530619154
2023-08-31,406360.23692957265
2023-09-01,408083.68354041927
2023-09-05,404119.6610577837
2023-09-06,404212.1146027476
2023-09-07,405014.2978036572
2023-09-08,403486.651048811
2023-09-11,409603.317393205
2023-09-12,413832.69231134275
2023-09-13,409107.77841737686
2023-09-14,412463.7933923516
2023-09-15,417236.1468184671
2023-09-18,412876.2738429224
2023-09-19,410871.4743573625
2023-09-20,413373.2767061687
2023-09-21,414284.8921100741
2023-09-22,408877.0948056116
2023-09-25,407409.8566903266
2023-09-26,407900.9222149942
2023-09-27,406166.54741073225
2023-09-28,405235.9416831963
2023-09-29,405062.4813527921
2023-10-02,400481.4334973315
2023-10-03,400074.44502186816
2023-10-04,394509.0609086692
2023-10-05,401113.5326449672
2023-10-06,399940.84173550096
2023-10-09,404473.3669258056
2023-10-10,406391.40868856054
2023-10-11,406417.15834189043
2023-10-12,404795.83817666624
2023-10-13,402586.2749279457
2023-10-16,399918.2641921623
2023-10-17,407027.16655476653
2023-10-18,405824.0322924973
2023-10-19,401850.3665201198
2023-10-20,400201.86454217153
2023-10-23,398812.8902819115
2023-10-24,396032.16046957596
2023-10-25,400531.3892861372
2023-10-26,401842.4298435535
2023-10-27,393323.3933421163
2023-10-30,390822.07630587765
2023-10-31,394265.9875480211
2023-11-01,390559.2706492045
2023-11-02,398153.3697414026
2023-11-03,406657.467199522
2023-11-06,408877.90077987313
2023-11-07,408662.1881502473
2023-11-08,408024.0341964307
2023-11-09,409411.0731203764
2023-11-10,407433.8320024494
2023-11-13,409550.7644899237
2023-11-14,417434.1342210047
2023-11-15,421299.3148557989
2023-11-16,417923.4040683076
2023-11-17,420119.4387820254
2023-11-20,420654.5614859219
2023-11-21,423170.84815525473
2023-11-22,423760.6920926453
2023-11-24,427209.86367864383
2023-11-27,426285.6458987232
2023-11-28,424154.7747020512
2023-11-29,426360.53446196264
2023-11-30,426152.8845724381
2023-12-01,431702.9604178554
2023-12-04,437152.5178382257
2023-12-05,433792.5525711811
2023-12-06,434092.03128273983
2023-12-07,433525.6492371695
2023-12-08,437145.5065854033
2023-12-11,436004.57109990617
2023-12-12,435758.7461594654
2023-12-13,443032.92249500344
2023-12-14,451485.2360465809
2023-12-15,453018.72383861523
2023-12-18,449853.42102917214
2023-12-19,454847.83590318705
2023-12-20,458979.9747296381
2023-12-21,454854.2165268696
2023-12-22,459769.29149754526
2023-12-26,462715.5934440283
2023-12-27,464032.0048504624
2023-12-28,463840.19213486643
2023-12-29,461279.3809268088
2024-01-02,463694.53911008924
2024-01-03,456696.15218362515
2024-01-04,457638.12993797666
2024-01-05,454281.35289968393
2024-01-08,451424.9399011853
2024-01-09,451436.86619711126
2024-01-10,450719.20199467905
2024-01-11,449657.20722748607
2024-01-12,448257.27034381113
2024-01-16,445153.44603685336
2024-01-17,443656.4909890748
2024-01-18,439528.2320960513
2024-01-19,441571.9885418955
2024-01-22,451516.3427981994
2024-01-23,448214.7596369912
2024-01-24,449772.9952510932
2024-01-25,449981.0041681192
2024-01-26,450268.05769586
2024-01-29,448910.9170447361
2024-01-30,451172.8947141732
2024-01-31,445544.78645559755
2024-02-01,438473.141212447
2024-02-02,434868.0150239349
2024-02-05,432891.84563818725
2024-02-06,430324.1144122063
2024-02-07,425622.4230790897
2024-02-08,430398.93371130066
2024-02-09,431696.3195932717
2024-02-12,438499.9604663268
2024-02-13,427709.3384914244
2024-02-14,427899.8910905545
2024-02-15,433364.0133904499
2024-02-16,434936.4453889858
2024-02-20,435308.9360066738
2024-02-21,432323.4966833489
2024-02-22,421934.08804334607
2024-02-23,429262.5221135797
2024-02-26,427228.18741239415
2024-02-27,426558.069789249
2024-02-28,426413.87998087227
2024-02-29,424749.56608112034
2024-03-01,423467.1004414603
2024-03-04,425665.13579765765
2024-03-05,429971.11934143805
2024-03-06,425764.1841496496
2024-03-07,424963.80306981463
2024-03-08,431421.2135398033
2024-03-11,431053.36264950846
2024-03-12,425723.12867250247
2024-03-13,428099.43605708383
2024-03-14,421558.12603743805
2024-03-15,426395.3420985226
2024-03-18,420530.1721492912
2024-03-19,423648.0734673103
2024-03-20,427431.42624788266
2024-03-21,430054.69745847664
2024-03-22,427762.7087399589
2024-03-25,427519.2588692808
2024-03-26,424303.19808187475
2024-03-27,427974.6454829449
2024-03-28,431906.28261194384
2024-04-01,429203.59163184767
2024-04-02,427682.3630480764
2024-04-03,424504.7266446359
2024-04-04,427302.60476138757
2024-04-05,419675.13257187547
2024-04-08,425906.7550653916
2024-04-09,425366.2765882668
2024-04-10,423295.5162008531
2024-04-11,418137.32388460037
2024-04-12,423908.2497288772
2024-04-15,421102.97875128663
2024-04-16,422174.5503461764
2024-04-17,421861.2268494762
2024-04-18,420098.09385282075
2024-04-19,426537.1840599391
2024-04-22,421073.5596665027
2024-04-23,423209.54609619954
2024-04-24,426409.65744926065
2024-04-25,426118.1123290422
2024-04-26,421879.02231707796
2024-04-29,424722.0313446889
2024-04-30,427747.3707174171
2024-05-01,427186.7435486142
2024-05-02,425303.5824460218
2024-05-03,425665.0735890296
2024-05-06,428434.3330736602
2024-05-07,429927.8508228841
2024-05-08,432335.94203610957
2024-05-09,431684.6452353617
2024-05-10,432612.99180968734
2024-05-13,432565.7327993874
2024-05-14,432872.6506125722
2024-05-15,431114.5903169354
2024-05-16,437070.76214792515
2024-05-17,434698.7532964277
2024-05-20,433772.98957214074
2024-05-21,433208.8845824165
2024-05-22,432597.37575704604
2024-05-23,429627.584529524
2024-05-24,426925.8401421963
2024-05-28,427826.50857311103
2024-05-29,425045.8114575844
2024-05-30,429312.20502104756
2024-05-31,428295.6297138558
2024-06-03,431933.1350696693
2024-06-04,430214.1415005509
2024-06-05,426668.43459558714
2024-06-06,429655.22560242703
2024-06-07,426650.5390031554
2024-06-10,424425.41479501396
2024-06-11,423163.9530391641
2024-06-12,425843.7294014321
2024-06-13,425829.50150472514
2024-06-14,421203.27580227004
2024-06-17,421142.45499023004
2024-06-18,420640.0580210787
2024-06-20,425018.19033749506
2024-06-21,423452.5548931479
2024-06-24,426911.7393438093
2024-06-25,423619.89928338636
2024-06-26,424176.71162378753
2024-06-27,427990.53412160254
2024-06-28,431742.9083148046
2024-07-01,428729.28593830764
2024-07-02,429476.4861339572
2024-07-03,427518.3548276607
2024-07-05,424504.8928250105
2024-07-08,426306.1432367164
2024-07-09,425909.11532362894
2024-07-10,427734.4585124254
2024-07-11,441136.9912899954
2024-07-12,440906.28668407665
2024-07-15,446725.3282694676
2024-07-16,456379.4430654229
2024-07-17,464932.00496737263
2024-07-18,466562.69216914306
2024-07-19,464009.5610631938
2024-07-22,464959.30763338716
2024-07-23,473208.31961679517
2024-07-24,472333.27947402454
2024-07-25,474625.290413639
2024-07-26,475687.8456810927
2024-07-29,476240.5164058058
2024-07-30,482792.65477556526
2024-07-31,477737.9786822192
2024-08-01,476581.49790289206
2024-08-02,474983.2068189828
2024-08-05,465033.212556542
2024-08-06,459593.21664351044
2024-08-07,461653.029493947
2024-08-08,457259.8989340384
2024-08-09,460996.87190302945
2024-08-12,458649.68758500187
2024-08-13,460086.81927438936
2024-08-14,463969.8460129656
2024-08-15,467874.55255970603
2024-08-16,473816.735717044
2024-08-19,475045.84230087936
2024-08-20,474401.8584303438
2024-08-21,473180.04976920557
2024-08-22,474270.10699532
2024-08-23,477400.04271189787
2024-08-26,481390.3134418778
2024-08-27,476953.69547936175
2024-08-28,481056.5479685474
2024-08-29,480302.76336824486
2024-08-30,479401.6728389603
2024-09-03,481716.6835185965
2024-09-04,477545.0446995762
2024-09-05,476262.17229967983
2024-09-06,475117.9409384083
2024-09-09,469004.5690549887
2024-09-10,470152.04179509747
2024-09-11,467374.91747287224
2024-09-12,471169.9070241263
2024-09-13,477795.7577095899
2024-09-16,481090.94000159
2024-09-17,483437.33298608445
2024-09-18,484569.0671067335
2024-09-19,485512.236197551
2024-09-20,485585.2727667445
2024-09-23,485561.8001309557
2024-09-24,485490.96574870363
2024-09-25,483895.34511236055
2024-09-26,484555.04454246454
2024-09-27,486475.89930354507
2024-09-30,486771.6773361389
2024-10-01,486682.45352004346
2024-10-02,481448.5683651362
2024-10-03,480695.3795922848
2024-10-04,480319.24328015564
2024-10-07,481279.45096759585
2024-10-08,477408.4723246185
2024-10-09,479336.67134060815
2024-10-10,480989.87909159926
2024-10-11,483871.89863759035
2024-10-14,484154.77407839126
2024-10-15,491914.058165988
2024-10-16,494126.13630270836
2024-10-17,495409.34782973974
2024-10-18,494804.831088972
2024-10-21,489662.0213710704
2024-10-22,489152.75197875185
2024-10-23,488739.0794266701
2024-10-24,485871.06319447665
2024-10-25,484597.994507346
2024-10-28,485486.12662434677
2024-10-29,484528.3687971277
2024-10-30,487611.24005410576
2024-10-31,482290.233363406
2024-11-01,475477.4282867085
2024-11-04,476615.3965111859
2024-11-05,478248.14685831097
2024-11-06,487230.4758841016
2024-11-07,487890.28857286525
2024-11-08,485178.94176547544
2024-11-11,489954.0346183829
2024-11-12,489742.637995123
2024-11-13,487732.47857227956
2024-11-14,488137.97910110594
2024-11-15,489247.73112144327
2024-11-18,483778.816852154
2024-11-19,484226.5974984954
2024-11-20,484824.7002731961
2024-11-21,485750.05192684656
2024-11-22,488969.2004589121
2024-11-25,494150.54748660664
2024-11-26,492760.6484867092
2024-11-27,494386.659865481
2024-11-29,492299.2035594833
2024-12-02,492824.34681053483
2024-12-03,492084.04090772767
2024-12-04,491037.8031269054
2024-12-05,491401.9190298003
2024-12-06,489892.01184288197
2024-12-09,495504.34460118413
2024-12-10,494703.5301587768
2024-12-11,490087.79769216524
2024-12-12,493692.7752679188
2024-12-13,491824.23193445517
2024-12-16,490294.9191554658
2024-12-17,488831.95560156205
2024-12-18,485727.411481085
2024-12-19,478561.680768722
2024-12-20,479156.36920215667
2024-12-23,478866.2313085493
2024-12-24,479690.1067998071
2024-12-26,484048.0204751732
2024-12-27,484532.4717499817
2024-12-30,483960.6472672147
2024-12-31,483582.85126312746
