,portfolio_value
2010-10-01,0.9982495889848543
2010-10-04,0.9955832660934227
2010-10-05,1.0027062336072856
2010-10-06,1.009512049226097
2010-10-07,1.0084492588349434
2010-10-08,1.0101489974229954
2010-10-11,1.0119056639265716
2010-10-12,1.012533879911348
2010-10-13,1.0194469224795273
2010-10-14,1.0221864960748435
2010-10-15,1.020157805132206
2010-10-18,1.025029822271292
2010-10-19,1.0188709204432
2010-10-20,1.0198387390825996
2010-10-21,1.0250438096597612
2010-10-22,1.027576050533419
2010-10-25,1.0304417012154812
2010-10-26,1.0307632735365382
2010-10-27,1.030160219212512
2010-10-28,1.0278062608310723
2010-10-29,1.028370681449464
2010-11-01,1.0277559318255927
2010-11-02,1.0358079027919347
2010-11-03,1.0393845759148213
2010-11-04,1.0509579764410253
2010-11-05,1.061286036576027
2010-11-08,1.0606944218953438
2010-11-09,1.0554220706518707
2010-11-10,1.0555452183665888
2010-11-11,1.0543153629705873
2010-11-12,1.047897646718929
2010-11-15,1.0433122457782003
2010-11-16,1.033136431736657
2010-11-17,1.0270264646729537
2010-11-18,1.0329574448582952
2010-11-19,1.039811422960683
2010-11-22,1.0422898523840964
2010-11-23,1.0369168097500152
2010-11-24,1.039078262802302
2010-11-26,1.0414080153763026
2010-11-29,1.03513509073812
2010-11-30,1.0319686248828037
2010-12-01,1.036787678002642
2010-12-02,1.0511074175476383
2010-12-03,1.0557174636506073
2010-12-06,1.0563481441270626
2010-12-07,1.0577503703807578
2010-12-08,1.0593681746411705
2010-12-09,1.0620324491816133
2010-12-10,1.0695533167707767
2010-12-13,1.0722822785482158
2010-12-14,1.0738406273283987
2010-12-15,1.0701204486693885
2010-12-16,1.0727240217109122
2010-12-17,1.0737658689957952
2010-12-20,1.0737816010556798
2010-12-21,1.077045672207995
2010-12-22,1.0814601735440745
2010-12-23,1.0827338500611092
2010-12-27,1.083083631187927
2010-12-28,1.0837077086610973
2010-12-29,1.0838804579158232
2010-12-30,1.0830240632426185
2010-12-31,1.0786566161634816
2011-01-03,1.0857654644236614
2011-01-04,1.084891704788797
2011-01-05,1.0867896583539896
2011-01-06,1.0884620564753142
2011-01-07,1.0864027842586903
2011-01-10,1.0853796025686544
2011-01-11,1.086201212593298
2011-01-12,1.0918793282973072
2011-01-13,1.0964874395250237
2011-01-14,1.1002951794422842
2011-01-18,1.1035369677006568
2011-01-19,1.0943990580268077
2011-01-20,1.088173457427307
2011-01-21,1.0866512717972097
2011-01-24,1.0922165120456193
2011-01-25,1.0982164702971415
2011-01-26,1.1029078435421718
2011-01-27,1.1070788819492026
2011-01-28,1.0952219621489045
2011-01-31,1.0885639259061854
2011-02-01,1.1005976695907975
2011-02-02,1.107258076622467
2011-02-03,1.108009450445419
2011-02-04,1.1076434385037681
2011-02-07,1.1131808263311491
2011-02-08,1.117451898970568
2011-02-09,1.1168467534851105
2011-02-10,1.1157019673275852
2011-02-11,1.1205219900175027
2011-02-14,1.1235514383693168
2011-02-15,1.1227972772682768
2011-02-16,1.1244121309220678
2011-02-17,1.1295863422086785
2011-02-18,1.1342529826704242
2011-02-22,1.124232000195728
2011-02-23,1.1068391708272318
2011-02-24,1.1048963570647574
2011-02-25,1.1148765800931164
2011-02-28,1.1211364353533297
2011-03-01,1.116290709868927
2011-03-02,1.110149503880677
2011-03-03,1.120063040876511
2011-03-04,1.1242263951918976
2011-03-07,1.1147650867939856
2011-03-08,1.1187807276963582
2011-03-09,1.1243775461736814
2011-03-10,1.1114721595985522
2011-03-11,1.1024631183456721
2011-03-14,1.101827781579653
2011-03-15,1.0925721292954675
2011-03-16,1.0799339548605706
2011-03-17,1.0744587985321954
2011-03-18,1.0851380373139468
2011-03-21,1.0968180793726905
2011-03-22,1.103668160709251
2011-03-23,1.101843824311423
2011-03-24,1.1051014078255579
2011-03-25,1.1123507957421226
2011-03-28,1.1112959447531927
2011-03-29,1.112628737430485
2011-03-30,1.1206120017970416
2011-03-31,1.1277708145928518
2011-04-01,1.130392730963338
2011-04-04,1.1357794238955803
2011-04-05,1.13519963852652
2011-04-06,1.1375062176925896
2011-04-07,1.1352527586295988
2011-04-08,1.128325444100211
2011-04-11,1.125325679017147
2011-04-12,1.117926625601636
2011-04-13,1.1136488685346064
2011-04-14,1.116718841538157
2011-04-15,1.1210207379637984
2011-04-18,1.1155585261957803
2011-04-19,1.1113227173723168
2011-04-20,1.1208439784500612
2011-04-21,1.1287251919845935
2011-04-25,1.1299072720848624
2011-04-26,1.135714981884179
2011-04-27,1.142653429659016
2011-04-28,1.1510190125215867
2011-04-29,1.155042383331671
2011-05-02,1.1521447753422236
2011-05-03,1.1493022776162074
2011-05-04,1.1429838984272829
2011-05-05,1.137595159657446
2011-05-06,1.1347365208792017
2011-05-09,1.1403433158479812
2011-05-10,1.147685895191683
2011-05-11,1.1433737137312703
2011-05-12,1.1433449263869666
2011-05-13,1.1374060151296919
2011-05-16,1.1291275151089555
2011-05-17,1.124515793844193
2011-05-18,1.130529181820246
2011-05-19,1.1365134734532227
2011-05-20,1.1348521096255848
2011-05-23,1.1233054022591578
2011-05-24,1.1147957074597294
2011-05-25,1.1183512036863648
2011-05-26,1.1242319481778362
2011-05-27,1.129026331545534
2011-05-31,1.1478445363913377
2011-06-01,1.1398514716073396
2011-06-02,1.126988277763359
2011-06-03,1.1211612339070505
2011-06-06,1.1130109198796774
2011-06-07,1.1092501780674708
2011-06-08,1.1093756271892738
2011-06-09,1.1078172413411056
2011-06-10,1.1059744896299637
2011-06-13,1.0995243159348442
2011-06-14,1.1066548370697449
2011-06-15,1.1056389618027909
2011-06-16,1.1003134488305593
2011-06-17,1.101675532860904
2011-06-20,1.1067703706748628
2011-06-21,1.1130369456442488
2011-06-22,1.1170134387465558
2011-06-23,1.1128542075242789
2011-06-24,1.1114156068443206
2011-06-27,1.1100239814621562
2011-06-28,1.11884457686179
2011-06-29,1.1285867406030956
2011-06-30,1.1360613751616
2011-07-01,1.1486333544726173
2011-07-05,1.158069487589853
2011-07-06,1.1608705495833183
2011-07-07,1.1675373824366346
2011-07-08,1.1689823799339325
2011-07-11,1.1567120181326787
2011-07-12,1.148523097897037
2011-07-13,1.149800168289624
2011-07-14,1.1449590667181226
2011-07-15,1.1443426959736833
2011-07-18,1.1403072465572197
2011-07-19,1.1448497622627674
2011-07-20,1.1521668956635756
2011-07-21,1.1572753842960803
2011-07-22,1.1601575129474364
2011-07-25,1.1537632089785
2011-07-26,1.1460885020343272
2011-07-27,1.1305684041388104
2011-07-28,1.1204454475927559
2011-07-29,1.1164883775949388
2011-08-01,1.1143190746608802
2011-08-02,1.098950037561326
2011-08-03,1.0902440911804578
2011-08-04,1.0551927074126262
2011-08-05,1.044688952900278
2011-08-08,1.0068553650948533
2011-08-09,1.0241922236635634
2011-08-10,1.0092673557829466
2011-08-11,1.023264104696266
2011-08-12,1.0326116406261678
2011-08-15,1.0453581559866358
2011-08-16,1.0443146669920473
2011-08-17,1.0436323566514645
2011-08-18,1.0221871536975242
2011-08-19,1.0083184838870045
2011-08-22,1.0068449457831214
2011-08-23,1.0227317234190396
2011-08-24,1.0344641197675277
2011-08-25,1.0278146023224963
2011-08-26,1.0325551360750604
2011-08-29,1.0501933706923654
2011-08-30,1.0563221068568498
2011-08-31,1.0586460819270611
2011-09-01,1.052449035775038
2011-09-02,1.037011502981179
2011-09-06,1.0299461218538832
2011-09-07,1.0429701625529515
2011-09-08,1.0422512097206567
2011-09-09,1.0278781459213917
2011-09-12,1.0263127891832502
2011-09-13,1.0321187421609062
2011-09-14,1.0405814069041406
2011-09-15,1.0505221906084699
2011-09-16,1.056563534508355
2011-09-19,1.051996631975119
2011-09-20,1.048767136270953
2011-09-21,1.0323134861345877
2011-09-22,1.0136184329357951
2011-09-23,1.0123851481429216
2011-09-26,1.0237427760817925
2011-09-27,1.0339986469300522
2011-09-28,1.0235902079608823
2011-09-29,1.0272490985144596
2011-09-30,1.022988341405448
2011-10-03,0.9911717695346108
2011-10-04,0.9994347484133814
2011-10-05,1.0158921990242036
2011-10-06,1.0348487244048012
2011-10-07,1.0334470576353576
2011-10-10,1.046507580093284
2011-10-11,1.063994566855151
2011-10-12,1.0698652232080188
2011-10-13,1.0718283326676006
2011-10-14,1.0769973733389322
2011-10-17,1.0707151541883937
2011-10-18,1.0736951543129163
2011-10-19,1.077123124486183
2011-10-20,1.0735687709617303
2011-10-21,1.0884472564066416
2011-10-24,1.1105172014648224
2011-10-25,1.1053936255132597
2011-10-26,1.1015407562493462
2011-10-27,1.1486770790236769
2011-10-28,1.1634622299328465
2011-10-31,1.154065749463385
2011-11-01,1.123577041115579
2011-11-02,1.1148969583224908
2011-11-03,1.1351075637594366
2011-11-04,1.143818120818469
2011-11-07,1.1389568973841766
2011-11-08,1.148127340217429
2011-11-09,1.1368106111903957
2011-11-10,1.1171719610462238
2011-11-11,1.1328274006544894
2011-11-14,1.1376459730830923
2011-11-15,1.1367469261134324
2011-11-16,1.1323750389580973
2011-11-17,1.118581296064428
2011-11-18,1.1101406271363028
2011-11-21,1.10043566067826
2011-11-22,1.0860141623509585
2011-11-23,1.0738386988608246
2011-11-25,1.0563595241996069
2011-11-28,1.0702631738522412
2011-11-29,1.0867954147939816
2011-11-30,1.1080505947259436
2011-12-01,1.1308715839400012
2011-12-02,1.1305824800845947
2011-12-05,1.1854671178825753
2011-12-06,1.1922457765295003
2011-12-07,1.1922038760296807
2011-12-08,1.18464671314299
2011-12-09,1.1764511838773573
2011-12-12,1.1872999537745423
2011-12-13,1.1715879388914796
2011-12-14,1.1627705094752427
2011-12-15,1.1591004199566988
2011-12-16,1.1648620263037788
2011-12-19,1.16213894275313
2011-12-20,1.1618874622167779
2011-12-21,1.1897399319874704
2011-12-22,1.192493883328702
2011-12-23,1.1998013045734894
2011-12-27,1.2107099685729898
2011-12-28,1.2042757353729128
2011-12-29,1.1977019127369752
2011-12-30,1.2013811629505056
2012-01-03,1.2032600349376792
2012-01-04,1.2094429672765945
2012-01-05,1.2123531022466396
2012-01-06,1.2125258652410413
2012-01-09,1.212274270908085
2012-01-10,1.2192933376602486
2012-01-11,1.2252635778256427
2012-01-12,1.2274638003610447
2012-01-13,1.2235786028759055
2012-01-17,1.2224224831132564
2012-01-18,1.2304261880201646
2012-01-19,1.2392715510080659
2012-01-20,1.2457710236050528
2012-01-23,1.2479426008228152
2012-01-24,1.2480534472744154
2012-01-25,1.2516813783204568
2012-01-26,1.2562355232502629
2012-01-27,1.254884651481051
2012-01-30,1.2511989185135524
2012-01-31,1.2502853714569309
2012-02-01,1.2596753650350656
2012-02-02,1.2652645834399632
2012-02-03,1.274787986884161
2012-02-06,1.2808402263730991
2012-02-07,1.280940647561645
2012-02-08,1.2832408969103546
2012-02-09,1.2837925862165158
2012-02-10,1.2781524585072677
2012-02-13,1.2803857283026603
2012-02-14,1.2821848440049155
2012-02-15,1.278099643948006
2012-02-16,1.2837634970118454
2012-02-17,1.2911469928568264
2012-02-21,1.2906382220575783
2012-02-22,1.2854054025873611
2012-02-23,1.290271037413246
2012-02-24,1.2924413198061968
2012-02-27,1.294682579889495
2012-02-28,1.2930975026150806
2012-02-29,1.2893124047855058
2012-03-01,1.2882303743011083
2012-03-02,1.2829705284198294
2012-03-05,1.2820628459932115
2012-03-06,1.271501273809235
2012-03-07,1.2679846284466847
2012-03-08,1.2773153017769627
2012-03-09,1.3000333052956474
2012-03-12,1.3020924810695482
2012-03-13,1.309391473295001
2012-03-14,1.3159269822443913
2012-03-15,1.3199486903519735
2012-03-16,1.3225413557830552
2012-03-19,1.328664019111207
2012-03-20,1.3281091580849362
2012-03-21,1.325830182960214
2012-03-22,1.322002699655252
2012-03-23,1.3211891181236255
2012-03-26,1.3322615492324053
2012-03-27,1.3375501431552843
2012-03-28,1.3333221127403125
2012-03-29,1.3288553023280714
2012-03-30,1.3262917605113094
2012-04-02,1.3354378043020219
2012-04-03,1.3357766814587873
2012-04-04,1.3259924853930012
2012-04-05,1.318029095724673
2012-04-09,1.3089523484537984
2012-04-10,1.2922389361032802
2012-04-11,1.2894763037104942
2012-04-12,1.2998289908753353
2012-04-13,1.3015919530372215
2012-04-16,1.2972934370788152
2012-04-17,1.3029144622645146
2012-04-18,1.3078711535755505
2012-04-19,1.302101290490436
2012-04-20,1.3028378428449914
2012-04-23,1.2969132519832518
2012-04-24,1.297508394102929
2012-04-25,1.3079079053090177
2012-04-26,1.319259441871846
2012-04-27,1.3263576177418257
2012-04-30,1.3221633675917137
2012-05-01,1.3203635393059958
2012-05-02,1.3250222842612396
2012-05-03,1.3185168020218856
2012-05-04,1.3055434699290394
2012-05-07,1.29843447901307
2012-05-08,1.2999349546222487
2012-05-09,1.2945584752109869
2012-05-10,1.2943694365591893
2012-05-11,1.2938335021016947
2012-05-14,1.2860420685244092
2012-05-15,1.2795916191379935
2012-05-16,1.2737783979836088
2012-05-17,1.2625655259892326
2012-05-18,1.2495608932897717
2012-05-21,1.2515990897660603
2012-05-22,1.2585206137077938
2012-05-23,1.2612339455362709
2012-05-24,1.2620476616770122
2012-05-25,1.26258818730617
2012-05-29,1.2655726699221859
2012-05-30,1.2645346254502436
2012-05-31,1.2570360606203939
2012-06-01,1.2420207385661568
2012-06-04,1.2295913547812782
2012-06-05,1.2347901090865316
2012-06-06,1.2497669443297723
2012-06-07,1.259352899600103
2012-06-08,1.2661210549763393
2012-06-11,1.2596652041764684
2012-06-12,1.2589996649453217
2012-06-13,1.2607048103807292
2012-06-14,1.2640631113489815
2012-06-15,1.2751157556129598
2012-06-18,1.2795929612704864
2012-06-19,1.289907665631692
2012-06-20,1.2931125820261076
2012-06-21,1.2798806659065196
2012-06-22,1.2758327886539407
2012-06-25,1.2724882828997985
2012-06-26,1.2660819378033392
2012-06-27,1.2761208771781911
2012-06-28,1.2811642710492426
2012-06-29,1.2918272599860314
2012-07-02,1.3120948829311767
2012-07-03,1.319935043890248
2012-07-05,1.3207143603070963
2012-07-06,1.3143323970232452
2012-07-09,1.3090550693092702
2012-07-10,1.305229697834506
2012-07-11,1.3005257444131084
2012-07-12,1.2996841268723514
2012-07-13,1.30673282543168
2012-07-16,1.3144699154733388
2012-07-17,1.3165810962568412
2012-07-18,1.3227868047986873
2012-07-19,1.3235510655336806
2012-07-20,1.3188549278889143
2012-07-23,1.306984014541372
2012-07-24,1.293298419043428
2012-07-25,1.2902249546247866
2012-07-26,1.294325901448285
2012-07-27,1.3152784261111319
2012-07-30,1.3253379257811073
2012-07-31,1.3219998130648423
2012-08-01,1.3101406905024278
2012-08-02,1.3064476487346965
2012-08-03,1.3167014931082255
2012-08-06,1.3278633366159383
2012-08-07,1.3294245671634537
2012-08-08,1.3324137748880185
2012-08-09,1.3324915364694712
2012-08-10,1.3321914827423345
2012-08-13,1.3326485125475585
2012-08-14,1.3305579043126885
2012-08-15,1.3343440788245893
2012-08-16,1.3399469283419991
2012-08-17,1.3480324206433951
2012-08-20,1.347945806192091
2012-08-21,1.3472866537931107
2012-08-22,1.343303060724951
2012-08-23,1.3391008455237061
2012-08-24,1.3373586306403247
2012-08-27,1.3415922855215965
2012-08-28,1.3435834245943075
2012-08-29,1.3465394863881042
2012-08-30,1.3410649155549486
2012-08-31,1.3393067300623707
2012-09-04,1.3478335429539823
2012-09-05,1.3461270817008888
2012-09-06,1.356441045884578
2012-09-07,1.369881058756482
2012-09-10,1.371349393431789
2012-09-11,1.370747347848579
2012-09-12,1.3747205178435467
2012-09-13,1.3831098045612236
2012-09-14,1.397419196167644
2012-09-17,1.3968892046564818
2012-09-18,1.3951722298800227
2012-09-19,1.3940703201708842
2012-09-20,1.3924806561058383
2012-09-21,1.3954029901469127
2012-09-24,1.3951526844526858
2012-09-25,1.386022884080032
2012-09-26,1.3777523506553964
2012-09-27,1.3799404396431063
2012-09-28,1.377775917308659
2012-10-01,1.3779200730644243
2012-10-02,1.3807030227930168
2012-10-03,1.3812940355833847
2012-10-04,1.389767091167616
2012-10-05,1.3944974778411543
2012-10-08,1.3917592883293877
2012-10-09,1.3825795745554101
2012-10-10,1.376870761161918
2012-10-11,1.374981886628831
2012-10-12,1.3703305140242477
2012-10-15,1.3733801867119024
2012-10-16,1.3822061687929525
2012-10-17,1.393358777589332
2012-10-18,1.3926074201714793
2012-10-19,1.3812691991610389
2012-10-22,1.3746978260220002
2012-10-23,1.370146607077269
2012-10-24,1.3647532392195356
2012-10-25,1.36553893063441
2012-10-26,1.3635930487354984
2012-10-31,1.3672732241137573
2012-11-01,1.3775584851414617
2012-11-02,1.373756598604988
2012-11-05,1.3712267094715498
2012-11-06,1.3792906990282519
2012-11-07,1.3621858850519977
2012-11-08,1.3512243711465892
2012-11-09,1.3446003698363667
2012-11-12,1.3444920131739218
2012-11-13,1.339541486000718
2012-11-14,1.3233130542906482
2012-11-15,1.31413441814242
2012-11-16,1.3204664227030065
2012-11-19,1.3369658917910474
2012-11-20,1.347695632206305
2012-11-21,1.3493550149671103
2012-11-23,1.3587527357020628
2012-11-26,1.3658052141598411
2012-11-27,1.3630143791998117
2012-11-28,1.3645960263712045
2012-11-29,1.3742045600926813
2012-11-30,1.378077017988622
2012-12-03,1.3781327984832008
2012-12-04,1.3758734663130927
2012-12-05,1.3757765155368884
2012-12-06,1.3779431894202288
2012-12-07,1.380519118305945
2012-12-10,1.3840792755264797
2012-12-11,1.388837181345172
2012-12-12,1.3876314716957845
2012-12-13,1.3849456951915626
2012-12-14,1.3803436886904414
2012-12-17,1.3818495276717437
2012-12-18,1.396121336168958
2012-12-19,1.3991827277554534
2012-12-20,1.4017576613063358
2012-12-21,1.3993463561570216
2012-12-24,1.3913693215098155
2012-12-26,1.3851970497604364
2012-12-27,1.3831136479793458
2012-12-28,1.3769240590496867
2012-12-31,1.3816417400242311
2013-01-02,1.411339771954204
2013-01-03,1.424195568839958
2013-01-04,1.4275153798631157
2013-01-07,1.4272189158460975
2013-01-08,1.425494901227575
2013-01-09,1.4271870759246972
2013-01-10,1.4314069150443864
2013-01-11,1.434386653906632
2013-01-14,1.4340689772919886
2013-01-15,1.436154120548307
2013-01-16,1.4354644294778611
2013-01-17,1.4416340800667538
2013-01-18,1.4472666583868379
2013-01-22,1.4558566611463808
2013-01-23,1.4573780749921095
2013-01-24,1.460570833574883
2013-01-25,1.4618671282556337
2013-01-28,1.4674656202146674
2013-01-29,1.4712685299958752
2013-01-30,1.4680749700324196
2013-01-31,1.4683678048856472
2013-02-01,1.473715251627301
2013-02-04,1.4698666086052987
2013-02-05,1.4701307036334375
2013-02-06,1.4772395814788952
2013-02-07,1.4741891422513616
2013-02-08,1.475811153048626
2013-02-11,1.479192557584935
2013-02-12,1.4836690472238183
2013-02-13,1.4875654187607217
2013-02-14,1.4876066872789435
2013-02-15,1.4892893618879817
2013-02-19,1.4954190145383228
2013-02-20,1.4877946438021596
2013-02-21,1.4779549663106677
2013-02-22,1.4828916386348365
2013-02-25,1.471264636288379
2013-02-26,1.4659183357616627
2013-02-27,1.4767882350575028
2013-02-28,1.4838703913938516
2013-03-01,1.4855850593214588
2013-03-04,1.4892649365935942
2013-03-05,1.4987843337827378
2013-03-06,1.5067049507629755
2013-03-07,1.509586385314629
2013-03-08,1.5141353221668061
2013-03-11,1.517874766290558
2013-03-12,1.5180254527194137
2013-03-13,1.5204328697703784
2013-03-14,1.5273650823628828
2013-03-15,1.5325805581706082
2013-03-18,1.5275154791577632
2013-03-19,1.527538507624139
2013-03-20,1.5327961781053818
2013-03-21,1.5309660242579228
2013-03-22,1.5310429310223093
2013-03-25,1.5365160034225434
2013-03-26,1.5388826980799504
2013-03-27,1.5420610969498596
2013-03-28,1.5429002612519058
2013-04-01,1.5365836207713075
2013-04-02,1.532106147807413
2013-04-03,1.5253848574855295
2013-04-04,1.5252362174931233
2013-04-05,1.5247490019733436
2013-04-08,1.5288031429524565
2013-04-09,1.5303219097328107
2013-04-10,1.5426496457141392
2013-04-11,1.5505026753671969
2013-04-12,1.5514407412174118
2013-04-15,1.5260391456667994
2013-04-16,1.5260808221681863
2013-04-17,1.5219578208412203
2013-04-18,1.5109754792992534
2013-04-19,1.517306191836497
2013-04-22,1.5232389923759948
2013-04-23,1.536467900949848
2013-04-24,1.546018455445439
2013-04-25,1.548771040179802
2013-04-26,1.5470840285697098
2013-04-29,1.5517801259724968
2013-04-30,1.5604682676479995
2013-05-01,1.5458023958710203
2013-05-02,1.5488746167215544
2013-05-03,1.5652840852794945
2013-05-06,1.5758579330103482
2013-05-07,1.5834379792662239
2013-05-08,1.5880892875439443
2013-05-09,1.5860624233835363
2013-05-10,1.5871712896460761
2013-05-13,1.5886254535269777
2013-05-14,1.595256974263147
2013-05-15,1.606863558782282
2013-05-16,1.6101646401784329
2013-05-17,1.6122991344758182
2013-05-20,1.619755423644869
2013-05-21,1.620533588282323
2013-05-22,1.613138400183641
2013-05-23,1.6060982583131187
2013-05-24,1.6038101714427395
2013-05-28,1.6076645507411573
2013-05-29,1.6013891062069314
2013-05-30,1.59888982445382
2013-05-31,1.5901205968883665
2013-06-03,1.5869878930823604
2013-06-04,1.5845449540565473
2013-06-05,1.572217980724333
2013-06-06,1.5718872709091234
2013-06-07,1.5815847260751406
2013-06-10,1.5925049523033885
2013-06-11,1.5825066501705054
2013-06-12,1.568577071592597
2013-06-13,1.576161048271722
2013-06-14,1.5802358049607383
2013-06-17,1.5810644746740454
2013-06-18,1.5938300953477824
2013-06-19,1.58877854957528
2013-06-20,1.5619824618056923
2013-06-21,1.5498513899274347
2013-06-24,1.5428187082133442
2013-06-25,1.5416229805148585
2013-06-26,1.5521592979939394
2013-06-27,1.569957740373773
2013-06-28,1.572066020416612
2013-07-01,1.577420300839954
2013-07-02,1.5838039157305728
2013-07-03,1.5854533718921526
2013-07-05,1.5963136404475722
2013-07-08,1.6078567022778714
2013-07-09,1.6204339252944124
2013-07-10,1.6267822655155513
2013-07-11,1.6349027992359555
2013-07-12,1.6466555226492765
2013-07-15,1.6524006728033656
2013-07-16,1.654739120040776
2013-07-17,1.6534160069643484
2013-07-18,1.663825748710909
2013-07-19,1.668992729666409
2013-07-22,1.6721846640493963
2013-07-23,1.6761211549636363
2013-07-24,1.670932558634997
2013-07-25,1.6754721754942996
2013-07-26,1.6746175669210022
2013-07-29,1.6695695878746077
2013-07-30,1.6649832618736813
2013-07-31,1.6630227422419188
2013-08-01,1.6717917329425909
2013-08-02,1.6795865755422512
2013-08-05,1.6814064578385475
2013-08-06,1.6735613020544449
2013-08-07,1.6645629317202457
2013-08-08,1.66464816095097
2013-08-09,1.664241438558284
2013-08-12,1.6624118811720758
2013-08-13,1.6588386158883934
2013-08-14,1.6592870399775408
2013-08-15,1.6429368115919454
2013-08-16,1.6293954062511946
2013-08-19,1.6195779699177941
2013-08-20,1.6262818363314238
2013-08-21,1.6224293097665257
2013-08-22,1.6258623549024072
2013-08-23,1.63438348190657
2013-08-26,1.6333233155516127
2013-08-27,1.6130923134676367
2013-08-28,1.6021658088002002
2013-08-29,1.610647284314802
2013-08-30,1.6015418227662472
2013-09-03,1.6013613319780238
2013-09-04,1.6083342540513978
2013-09-05,1.6153008118121086
2013-09-06,1.616078561930605
2013-09-09,1.6262766090056948
2013-09-10,1.6396759234276144
2013-09-11,1.645582800479148
2013-09-12,1.6440638150893911
2013-09-13,1.6460124008071042
2013-09-16,1.6489478743632797
2013-09-17,1.6585819268049065
2013-09-18,1.6709723287658862
2013-09-19,1.6757148718728079
2013-09-20,1.6773348056255353
2013-09-23,1.6725132195973191
2013-09-24,1.669676433371992
2013-09-25,1.6653488193458146
2013-09-26,1.6634055334276345
2013-09-27,1.6637276448955367
2013-09-30,1.6583759391290491
2013-10-01,1.660794351906922
2013-10-02,1.6612154092957216
2013-10-03,1.6519100345728635
2013-10-04,1.6502511157249709
2013-10-07,1.6484381626734197
2013-10-08,1.6379784633119305
2013-10-09,1.6314902060820007
2013-10-10,1.6466028129925068
2013-10-11,1.6720468140077047
2013-10-14,1.6810598083139756
2013-10-15,1.6782175582131769
2013-10-16,1.6792043944989317
2013-10-17,1.6953534921561082
2013-10-18,1.7065662618100954
2013-10-21,1.7097750145091752
2013-10-22,1.7139695422443184
2013-10-23,1.717257383308327
2013-10-24,1.7199272444359366
2013-10-25,1.7244964052920384
2013-10-28,1.7284169558385383
2013-10-29,1.729840783704162
2013-10-30,1.7272248625164375
2013-10-31,1.7160093331992394
2013-11-01,1.7132178731965098
2013-11-04,1.7191461525272065
2013-11-05,1.7211558995944876
2013-11-06,1.722531228621897
2013-11-07,1.7158611217975661
2013-11-08,1.7209061028034793
2013-11-11,1.727357479269597
2013-11-12,1.7275675837164428
2013-11-13,1.7325341278006017
2013-11-14,1.7389446936036517
2013-11-15,1.7446921360583039
2013-11-18,1.7474646608295776
2013-11-19,1.742521177301299
2013-11-20,1.7403186660456553
2013-11-21,1.7512691729437833
2013-11-22,1.7612382547732919
2013-11-25,1.7662249836320811
2013-11-26,1.7711874524008118
2013-11-27,1.7790448282014695
2013-11-29,1.7830168943021778
2013-12-02,1.7727390694493788
2013-12-03,1.7685195122081057
2013-12-04,1.7621462327946262
2013-12-05,1.7625697868337409
2013-12-06,1.7702365312586548
2013-12-09,1.77647510057688
2013-12-10,1.7702890508688656
2013-12-11,1.7574609603057332
2013-12-12,1.749777472013316
2013-12-13,1.749985886568635
2013-12-16,1.7609520414491011
2013-12-17,1.761269402873478
2013-12-18,1.7716032214782542
2013-12-19,1.7779122219358001
2013-12-20,1.7917665455851803
2013-12-23,1.8031588034384622
2013-12-24,1.8099632486612647
2013-12-26,1.8119910194748687
2013-12-27,1.816468844593985
2013-12-30,1.8130667578774722
2013-12-31,1.8139337398495146
2014-01-02,1.8075709908119348
2014-01-03,1.8027098681497917
2014-01-06,1.7970194894816822
2014-01-07,1.801238376397231
2014-01-08,1.8043294448741092
2014-01-09,1.8055179243378632
2014-01-10,1.808985852248321
2014-01-13,1.8026669523369627
2014-01-14,1.8002687235906332
2014-01-15,1.8138985380319115
2014-01-16,1.8186156301513554
2014-01-17,1.8152458893687984
2014-01-21,1.8185800648999058
2014-01-22,1.8221337032399967
2014-01-23,1.8159053008575712
2014-01-24,1.7933010233456619
2014-01-27,1.7695363156849941
2014-01-28,1.7687268546134676
2014-01-29,1.7613865636183075
2014-01-30,1.7665689108228109
2014-01-31,1.7648426627552345
2014-02-03,1.738895852132984
2014-02-04,1.72958569727354
2014-02-05,1.7290611130918556
2014-02-06,1.734650382483403
2014-02-07,1.7500049334453043
2014-02-10,1.760506034108697
2014-02-11,1.7714743535985493
2014-02-12,1.7814850655708128
2014-02-13,1.789481656174833
2014-02-14,1.796849612076513
2014-02-18,1.804691582318405
2014-02-19,1.7946405731850317
2014-02-20,1.7979953477485662
2014-02-21,1.8028171376314928
2014-02-24,1.807615313664268
2014-02-25,1.8089373392726746
2014-02-26,1.8146456644525206
2014-02-27,1.8160365853126756
2014-02-28,1.8220848468989461
2014-03-03,1.817457486114983
2014-03-04,1.8335766420073294
2014-03-05,1.8419594748803836
2014-03-06,1.8438661132820982
2014-03-07,1.8480568658735281
2014-03-10,1.8487575414163966
2014-03-11,1.8413872334157761
2014-03-12,1.8411435075823994
2014-03-13,1.8336830210384074
2014-03-14,1.8276070262301127
2014-03-17,1.8306333253111702
2014-03-18,1.8461667042225243
2014-03-19,1.8453629523455368
2014-03-20,1.8472503552483515
2014-03-21,1.8539277378698769
2014-03-24,1.846353111677945
2014-03-25,1.8455399807774318
2014-03-26,1.8367129644005349
2014-03-27,1.827401720346998
2014-03-28,1.8287833133038354
2014-03-31,1.8462153324797579
2014-04-01,1.8595314488569026
2014-04-02,1.8670194248211827
2014-04-03,1.8660496376639983
2014-04-04,1.8495870705183348
2014-04-07,1.833777035245621
2014-04-08,1.8296059237765054
2014-04-09,1.8383342728607708
2014-04-10,1.827759965844281
2014-04-11,1.803743903317788
2014-04-14,1.8012502772944985
2014-04-15,1.807896504702419
2014-04-16,1.8188965842470277
2014-04-17,1.8294994572978485
2014-04-21,1.8334145971303686
2014-04-22,1.8424132560206887
2014-04-23,1.841447469210126
2014-04-24,1.8388466139347242
2014-04-25,1.8302691305480066
2014-04-28,1.824820586388109
2014-04-29,1.830165820447263
2014-04-30,1.8364760711081236
2014-05-01,1.8384043596716
2014-05-02,1.8390700214022726
2014-05-05,1.8362697422949106
2014-05-06,1.8284616990045282
2014-05-07,1.8269936732469314
2014-05-08,1.8277679080060611
2014-05-09,1.8349516204825673
2014-05-12,1.8518290385282
2014-05-13,1.8497419664740669
2014-05-14,1.837241641953559
2014-05-15,1.828559218259639
2014-05-16,1.8283966076612317
2014-05-19,1.8369046444978592
2014-05-20,1.8309433235232806
2014-05-21,1.8314513489373352
2014-05-22,1.8436928186256756
2014-05-23,1.8532692196580363
2014-05-27,1.8657761784914304
2014-05-28,1.8648996514590255
2014-05-29,1.8653785746145213
2014-05-30,1.8702127382757903
2014-06-02,1.8696570289945482
2014-06-03,1.8684606057395028
2014-06-04,1.8718019704416642
2014-06-05,1.8911851934232833
2014-06-06,1.9021197118419975
2014-06-09,1.9089007691424946
2014-06-10,1.9084883514893938
2014-06-11,1.901945375581323
2014-06-12,1.8931224185985496
2014-06-13,1.889902800966308
2014-06-16,1.8916444229912863
2014-06-17,1.8985962802302692
2014-06-18,1.9058645507241327
2014-06-19,1.9109921428714345
2014-06-20,1.915972087490227
2014-06-23,1.9140989733014657
2014-06-24,1.9094765012278003
2014-06-25,1.9092721747400099
2014-06-26,1.9116119923009778
2014-06-27,1.918455291165312
2014-06-30,1.9175801426663268
2014-07-01,1.9259119518409271
2014-07-02,1.9274264069862654
2014-07-03,1.93180160847144
2014-07-07,1.92656939513384
2014-07-08,1.9202663148045516
2014-07-09,1.9170899819723195
2014-07-10,1.9142526480180915
2014-07-11,1.9118442311708654
2014-07-14,1.9177262370250898
2014-07-15,1.918561196038703
2014-07-16,1.9175147728112734
2014-07-17,1.9079958304568376
2014-07-18,1.9118666246611602
2014-07-21,1.914315641542444
2014-07-22,1.9167371261142776
2014-07-23,1.9212363621049269
2014-07-24,1.92197841403166
2014-07-25,1.915028153056892
2014-07-28,1.9110411446956452
2014-07-29,1.907560226779531
2014-07-30,1.9048427728698516
2014-07-31,1.888247227468166
2014-08-01,1.8751076619162124
2014-08-04,1.8784669962119074
2014-08-05,1.8769690400392367
2014-08-06,1.8752170557318544
2014-08-07,1.872959074501141
2014-08-08,1.8797905708206768
2014-08-11,1.8934969037457638
2014-08-12,1.8912109699428847
2014-08-13,1.8963686577649042
2014-08-14,1.903767195246338
2014-08-15,1.9062091936906689
2014-08-18,1.916881337200139
2014-08-19,1.925379167180087
2014-08-20,1.927636157765353
2014-08-21,1.933082864563513
2014-08-22,1.9333435706295483
2014-08-25,1.9350153163191814
2014-08-26,1.941730839783232
2014-08-27,1.94087534750809
2014-08-28,1.9374824543140776
2014-08-29,1.941697710093838
2014-09-02,1.9454631718651827
2014-09-03,1.9421522105675413
2014-09-04,1.938398729531606
2014-09-05,1.9422686097580755
2014-09-08,1.9449763334406907
2014-09-09,1.9341091584993455
2014-09-10,1.9308002812474323
2014-09-11,1.9353699196064942
2014-09-12,1.9244845946544982
2014-09-15,1.9150823634973195
2014-09-16,1.9228506053351355
2014-09-17,1.9278468881760458
2014-09-18,1.932155533758575
2014-09-19,1.934051960759707
2014-09-22,1.9208964431468947
2014-09-23,1.9074024685407505
2014-09-24,1.9077725108621237
2014-09-25,1.9004744812658894
2014-09-26,1.8958975717758237
2014-09-29,1.8982760332453659
2014-09-30,1.8865254297283849
2014-10-01,1.8780140724063545
2014-10-02,1.8730252677452672
2014-10-03,1.8801167088678
2014-10-06,1.8852365927012993
2014-10-07,1.8722712997320787
2014-10-08,1.8849684995762201
2014-10-09,1.8774757286600097
2014-10-10,1.8581759369014177
2014-10-13,1.8530115615485672
2014-10-14,1.8509609358131027
2014-10-15,1.8479728922021414
2014-10-16,1.8500841377596742
2014-10-17,1.8516886194435516
2014-10-20,1.8692657329305222
2014-10-21,1.8908635694550744
2014-10-22,1.893559915525346
2014-10-23,1.8996411822303907
2014-10-24,1.908569541119154
2014-10-27,1.9137380800819943
2014-10-28,1.9359522733209573
2014-10-29,1.9394691004287403
2014-10-30,1.9471229414769797
2014-10-31,1.9645169342301387
2014-11-03,1.970961858394675
2014-11-04,1.9685547302754438
2014-11-05,1.9698448792745136
2014-11-06,1.9747957386260417
2014-11-07,1.9812645995258296
2014-11-10,1.9877624823975073
2014-11-11,1.9876314648787852
2014-11-12,1.991308035802605
2014-11-13,1.9863100170997567
2014-11-14,1.9840339805733438
2014-11-17,1.9799333297503832
2014-11-18,1.9836029698159459
2014-11-19,1.9775623516033742
2014-11-20,1.984577495328592
2014-11-21,1.9875634686389516
2014-11-24,2.0003013284887508
2014-11-25,2.002513547273095
2014-11-26,2.0068730073428425
2014-11-28,1.9988819266669395
2014-12-01,1.9863971093669095
2014-12-02,1.9952959836075974
2014-12-03,2.005158356459058
2014-12-04,2.0046813282301494
2014-12-05,2.0064419440000947
2014-12-08,1.9954676448604378
2014-12-09,2.0055885360549994
2014-12-10,1.983886258866598
2014-12-11,1.9805010063883053
2014-12-12,1.9657603585415986
2014-12-15,1.9439173315665246
2014-12-16,1.938288766179658
2014-12-17,1.9591120661212202
2014-12-18,1.9848930682925607
2014-12-19,2.0068808937741855
2014-12-22,2.017538554634453
2014-12-23,2.075455057864093
2014-12-24,2.074971145607228
2014-12-26,2.0814016114979057
2014-12-29,2.08930124569226
2014-12-30,2.0857255063641493
2014-12-31,2.070423725519941
2015-01-02,2.0633203433719416
2015-01-05,2.0480380809005334
2015-01-06,2.0237801119354035
2015-01-07,2.028056753783564
2015-01-08,2.050651546797771
2015-01-09,2.0490221084880105
2015-01-12,2.037397146868569
2015-01-13,2.032799714477859
2015-01-14,2.024686930575757
2015-01-15,2.010775616555117
2015-01-16,2.023825788272494
2015-01-20,2.0250683854391367
2015-01-21,2.0262401564181842
2015-01-22,2.054823930060582
2015-01-23,2.055515856717832
2015-01-26,2.056527783549569
2015-01-27,2.0492378443002837
2015-01-28,2.028206772921533
2015-01-29,2.033640162877294
2015-01-30,2.01732060212404
2015-02-02,2.023503101878137
2015-02-03,2.0480760271167187
2015-02-04,2.0516380850027236
2015-02-05,2.06601395303835
2015-02-06,2.066614498488785
2015-02-09,2.056130344994827
2015-02-10,2.0599861845933685
2015-02-11,2.0649228812972833
2015-02-12,2.079681181026742
2015-02-13,2.0876338165173163
2015-02-17,2.090410117528206
2015-02-18,2.0912244820615595
2015-02-19,2.089302833073944
2015-02-20,2.094634904376761
2015-02-23,2.0991959351763487
2015-02-24,2.1007426581882225
2015-02-25,2.1029559077987203
2015-02-26,2.1040462554087793
2015-02-27,2.10297592524042
2015-03-02,2.107766726366753
2015-03-03,2.1077234265851157
2015-03-04,2.0991361170143312
2015-03-05,2.099028282346805
2015-03-06,2.085161462594403
2015-03-09,2.082223056040643
2015-03-10,2.0703682349546817
2015-03-11,2.0607317406051937
2015-03-12,2.080483343968766
2015-03-13,2.08429003423054
2015-03-16,2.0881731463220436
2015-03-17,2.0978704430773627
2015-03-18,2.1067688878076893
2015-03-19,2.1100815605639807
2015-03-20,2.1206328240645167
2015-03-23,2.127024244892116
2015-03-24,2.121273975763974
2015-03-25,2.0993029003204935
2015-03-26,2.088491556131701
2015-03-27,2.091313803722166
2015-03-30,2.106394999132011
2015-03-31,2.1071104259981253
2015-04-01,2.1021345406377074
2015-04-02,2.1058398375515894
2015-04-06,2.111917016452658
2015-04-07,2.1115714158460843
2015-04-08,2.1129306899819835
2015-04-09,2.1112446220406413
2015-04-10,2.121755226879851
2015-04-13,2.1235562449658154
2015-04-14,2.122289919952766
2015-04-15,2.1279059458033207
2015-04-16,2.1289321280097004
2015-04-17,2.111989510205179
2015-04-20,2.1170882767055677
2015-04-21,2.1201146861792175
2015-04-22,2.1227677996301866
2015-04-23,2.1278718865507553
2015-04-24,2.1308419031355514
2015-04-27,2.1286818584361984
2015-04-28,2.1345534229180156
2015-04-29,2.128375857070747
2015-04-30,2.109760598666361
2015-05-01,2.1080028757291545
2015-05-04,2.1176202149443233
2015-05-05,2.106545194524804
2015-05-06,2.0990981890658915
2015-05-07,2.101662312266808
2015-05-08,2.114628634438323
2015-05-11,2.121432063295523
2015-05-12,2.1172650215460136
2015-05-13,2.1150032165291597
2015-05-14,2.1288621999866524
2015-05-15,2.1334108246396664
2015-05-18,2.1420021918324315
2015-05-19,2.140150938442293
2015-05-20,2.1402176564217994
2015-05-21,2.139045214216001
2015-05-22,2.134986939142614
2015-05-26,2.121047225163233
2015-05-27,2.1267223023002138
2015-05-28,2.1322431913124418
2015-05-29,2.125206074487148
2015-06-01,2.122980001228166
2015-06-02,2.1237480898716736
2015-06-03,2.128898531963727
2015-06-04,2.119949041541834
2015-06-05,2.117126655274137
2015-06-08,2.1115581774173897
2015-06-09,2.107531926955417
2015-06-10,2.1228740247624565
2015-06-11,2.1336878904438974
2015-06-12,2.1322799515258475
2015-06-15,2.122701254827995
2015-06-16,2.127181332679462
2015-06-17,2.1276208705403645
2015-06-18,2.142293481586533
2015-06-19,2.1496937178187308
2015-06-22,2.1520128338781626
2015-06-23,2.1588569891536262
2015-06-24,2.1528795414278337
2015-06-25,2.1462881813166734
2015-06-26,2.1449458723215558
2015-06-29,2.1194882899393517
2015-06-30,2.1060823845109984
2015-07-01,2.1204638322082925
2015-07-02,2.122446105287244
2015-07-06,2.124238797170291
2015-07-07,2.126267408219171
2015-07-08,2.1182932769012828
2015-07-09,2.108154421099012
2015-07-10,2.126756770637564
2015-07-13,2.1420340786568843
2015-07-14,2.1552433965747486
2015-07-15,2.1577200193216965
2015-07-16,2.164405085185047
2015-07-17,2.1699966898727556
2015-07-20,2.1673397570131896
2015-07-21,2.161134872770562
2015-07-22,2.1645646374480054
2015-07-23,2.14805805762339
2015-07-24,2.1319862130851064
2015-07-27,2.124022867561682
2015-07-28,2.126486268219936
2015-07-29,2.145777925019054
2015-07-30,2.1514188020657925
2015-07-31,2.1532673693601936
2015-08-03,2.151946973267716
2015-08-04,2.150339594591986
2015-08-05,2.150982847740524
2015-08-06,2.1456010253306497
2015-08-07,2.1355963271465823
2015-08-10,2.145012016888348
2015-08-11,2.1441142095200783
2015-08-12,2.13616358346847
2015-08-13,2.135717031581188
2015-08-14,2.145854406782005
2015-08-17,2.1555926900281848
2015-08-18,2.156717255375156
2015-08-19,2.1477853874405515
2015-08-20,2.1222589543298866
2015-08-21,2.088087161354924
2015-08-24,2.005816304892507
2015-08-25,1.985975558000718
2015-08-26,2.0179912701797296
2015-08-27,2.0483435812434405
2015-08-28,2.0540704207369407
2015-08-31,2.048437052347614
2015-09-01,2.0169181340854716
2015-09-02,2.028968370944774
2015-09-03,2.0332758327647324
2015-09-04,2.0203458074707834
2015-09-08,2.041352906966777
2015-09-09,2.0329550413205646
2015-09-10,2.0360731414304962
2015-09-11,2.043068540517676
2015-09-14,2.0410829889555355
2015-09-15,2.0526410277166782
2015-09-16,2.063004339255252
2015-09-17,2.0631500785077463
2015-09-18,2.0479625091580895
2015-09-21,2.0528107134488067
2015-09-22,2.041517406034552
2015-09-23,2.038899470907099
2015-09-24,2.036243284505013
2015-09-25,2.0341025773532424
2015-09-28,2.010784382172917
2015-09-29,2.005874376814636
2015-09-30,2.0119169226602773
2015-10-01,2.022618457316789
2015-10-02,2.0356491784113766
2015-10-05,2.071259031739009
2015-10-06,2.076148551014473
2015-10-07,2.0926193995813653
2015-10-08,2.111500042395795
2015-10-09,2.113717924482545
2015-10-12,2.1204900524534356
2015-10-13,2.1088264878287006
2015-10-14,2.091895097917949
2015-10-15,2.109119568786576
2015-10-16,2.1201402996018244
2015-10-19,2.125093080437882
2015-10-20,2.1287048663196497
2015-10-21,2.1167460054967613
2015-10-22,2.1358445250587677
2015-10-23,2.151849414085895
2015-10-26,2.155956346142993
2015-10-27,2.14545853400098
2015-10-28,2.1636452021889556
2015-10-29,2.165939570409944
2015-10-30,2.1563265862295093
2015-11-02,2.171131039480831
2015-11-03,2.1813884887945805
2015-11-04,2.185031593661148
2015-11-05,2.1902870458928767
2015-11-06,2.1918488744459363
2015-11-09,2.1765488933928623
2015-11-10,2.1773533218501884
2015-11-11,2.175185114487938
2015-11-12,2.1508960026845685
2015-11-13,2.1304638117414916
2015-11-16,2.1353746261826867
2015-11-17,2.1416964453817604
2015-11-18,2.1595438033395995
2015-11-19,2.1640789544228918
2015-11-20,2.172369970970763
2015-11-23,2.173829034226997
2015-11-24,2.179727901629593
2015-11-25,2.1829829926080606
2015-11-27,2.1883381411637646
2015-11-30,2.1879067047580905
2015-12-01,2.193502557506706
2015-12-02,2.186271600912138
2015-12-03,2.1602723022806565
2015-12-04,2.167587657164014
2015-12-07,2.163006567482575
2015-12-08,2.1492177137062614
2015-12-09,2.1363430093528004
2015-12-10,2.1336918482632816
2015-12-11,2.116298501675944
2015-12-14,2.1040145805097312
2015-12-15,2.123764191602072
2015-12-16,2.1510335258148325
2015-12-17,2.1450853426137027
2015-12-18,2.115694080376241
2015-12-21,2.111067931829883
2015-12-22,2.129517988199389
2015-12-23,2.147763369705812
2015-12-24,2.1544654287860894
2015-12-28,2.150824078257698
2015-12-29,2.1629351014850275
2015-12-30,2.1608746471085967
2015-12-31,2.137751768424085
2016-01-04,2.1016133774908448
2016-01-05,2.0975622827347005
2016-01-06,2.091457688695598
2016-01-07,2.056240286065345
2016-01-08,2.0203863904781434
2016-01-11,2.016884792539643
2016-01-12,2.0169785782773824
2016-01-13,1.9889683225497397
2016-01-14,1.9870191971780198
2016-01-15,1.9762645280342603
2016-01-19,1.955527983294434
2016-01-20,1.9510622148772507
2016-01-21,1.9401933834827896
2016-01-22,1.966016923744501
2016-01-25,1.956316830964051
2016-01-26,1.970434241817214
2016-01-27,1.9677705176123812
2016-01-28,1.9699414315639896
2016-01-29,2.0046227454115533
2016-02-01,2.0146823719846325
2016-02-02,1.993052172624658
2016-02-03,1.9822534960092035
2016-02-04,1.9830741951389417
2016-02-05,1.9625622481064129
2016-02-08,1.9446963896958427
2016-02-09,1.9306525044817362
2016-02-10,1.9293700657365689
2016-02-11,1.9119152617559063
2016-02-12,1.9234886777779865
2016-02-16,1.955125991542516
2016-02-17,1.9788789403902745
2016-02-18,1.984010143248894
2016-02-19,1.98910299489341
2016-02-22,1.9991764006772341
2016-02-23,1.9975840784385683
2016-02-24,1.9966220525814786
2016-02-25,2.0174057891454176
2016-02-26,2.0300754114516755
2016-02-29,2.019984887436003
2016-03-01,2.03573283125047
2016-03-02,2.058761146733853
2016-03-03,2.0705603205111762
2016-03-04,2.0773333733394725
2016-03-07,2.0899685624973383
2016-03-08,2.0756266291647787
2016-03-09,2.071374138447326
2016-03-10,2.0719567010989652
2016-03-11,2.093155057411072
2016-03-14,2.099903846227104
2016-03-15,2.0904272172460274
2016-03-16,2.0930072263302018
2016-03-17,2.1157048538162337
2016-03-18,2.127462809488801
2016-03-21,2.126973608290986
2016-03-22,2.127659928712526
2016-03-23,2.11249033827978
2016-03-24,2.1101355389325853
2016-03-28,2.1098046788628504
2016-03-29,2.129210383611846
2016-03-30,2.14033056515182
2016-03-31,2.1380184216458438
2016-04-01,2.1412078273864714
2016-04-04,2.137627469650544
2016-04-05,2.1250510909917244
2016-04-06,2.125644946453718
2016-04-07,2.1184700961715266
2016-04-08,2.11599368686166
2016-04-11,2.1172189980894665
2016-04-12,2.126143236959682
2016-04-13,2.151769604206729
2016-04-14,2.158940012334485
2016-04-15,2.159883462351151
2016-04-18,2.166087900196711
2016-04-19,2.177510183342112
2016-04-20,2.1793405289501884
2016-04-21,2.1723719403013972
2016-04-22,2.176060731450471
2016-04-25,2.1732528929548955
2016-04-26,2.179489529402166
2016-04-27,2.183677710741514
2016-04-28,2.176192469318062
2016-04-29,2.165972236309446
2016-05-02,2.1709857275206987
2016-05-03,2.1643703923725885
2016-05-04,2.1549849993575356
2016-05-05,2.147324054385039
2016-05-06,2.1483395347860514
2016-05-09,2.149040308887317
2016-05-10,2.161691175372793
2016-05-11,2.157843759702587
2016-05-12,2.1495258408424585
2016-05-13,2.142410400124506
2016-05-16,2.144917460933814
2016-05-17,2.131289426532872
2016-05-18,2.1316677099405865
2016-05-19,2.1217563846505
2016-05-20,2.129277293833902
2016-05-23,2.1331157197652013
2016-05-24,2.153274345808454
2016-05-25,2.1668835465778935
2016-05-26,2.168190505555664
2016-05-27,2.1763849796380548
2016-05-31,2.1753909602360393
2016-06-01,2.17756599516334
2016-06-02,2.1821852236693253
2016-06-03,2.178844339753376
2016-06-06,2.185228539782466
2016-06-07,2.1889791358972417
2016-06-08,2.19912667748447
2016-06-09,2.1953972369504404
2016-06-10,2.1849012521293427
2016-06-13,2.1623178412875674
2016-06-14,2.153974156361953
2016-06-15,2.14940468480837
2016-06-16,2.1477244916421405
2016-06-17,2.1466856043525713
2016-06-20,2.1547140284937134
2016-06-21,2.161810179628209
2016-06-22,2.1593412689575224
2016-06-23,2.1782435455736433
2016-06-24,2.1420991198179857
2016-06-27,2.0868210896001527
2016-06-28,2.083165834012865
2016-06-29,2.1147321541477004
2016-06-30,2.146727640161287
2016-07-01,2.1545069734363524
2016-07-05,2.1446115610284684
2016-07-06,2.1442138403348685
2016-07-07,2.151468868349328
2016-07-08,2.1747089916533175
2016-07-11,2.2003217906257673
2016-07-12,2.217239993260576
2016-07-13,2.2244939325733872
2016-07-14,2.2277006486286646
2016-07-15,2.2359151822901504
2016-07-18,2.230530615300908
2016-07-19,2.2309691167939034
2016-07-20,2.232589090283777
2016-07-21,2.2290392482281187
2016-07-22,2.23772801986787
2016-07-25,2.237133728961203
2016-07-26,2.2390372854667615
2016-07-27,2.2416494456324005
2016-07-28,2.241453703075636
2016-07-29,2.2428440975595025
2016-08-01,2.239269426679395
2016-08-02,2.231554113912547
2016-08-03,2.2305228389935934
2016-08-04,2.233811116096196
2016-08-05,2.252973463997138
2016-08-08,2.258694065570951
2016-08-09,2.2590594096735566
2016-08-10,2.256322400774979
2016-08-11,2.25657451612629
2016-08-12,2.261319425089277
2016-08-15,2.2674254714611557
2016-08-16,2.266821127549373
2016-08-17,2.2602748346966948
2016-08-18,2.269199725166326
2016-08-19,2.2697237821385166
2016-08-22,2.270471138172043
2016-08-23,2.274714933709574
2016-08-24,2.2769989133407478
2016-08-25,2.2748907710155066
2016-08-26,2.2747405721088354
2016-08-29,2.275875329459264
2016-08-30,2.2879390864218676
2016-08-31,2.281772301572726
2016-09-01,2.2777060687250588
2016-09-02,2.2844570982783114
2016-09-06,2.287307614900728
2016-09-07,2.2968343864600484
2016-09-08,2.296431283623533
2016-09-09,2.2726869650759687
2016-09-12,2.2522365955087214
2016-09-13,2.253544628490007
2016-09-14,2.234064667569041
2016-09-15,2.2403775833664676
2016-09-16,2.248961643096882
2016-09-19,2.2494623198645565
2016-09-20,2.2473118039466007
2016-09-21,2.254017147345463
2016-09-22,2.2796929778729362
2016-09-23,2.2818059536732633
2016-09-26,2.263418292345115
2016-09-27,2.259831684120547
2016-09-28,2.274632274082074
2016-09-29,2.2668739425101947
2016-09-30,2.2655047803397474
2016-10-03,2.2659530658488043
2016-10-04,2.2627184047374596
2016-10-05,2.262849078577582
2016-10-06,2.267190383751752
2016-10-07,2.2638608315043833
2016-10-10,2.267809047889074
2016-10-11,2.2620709067912834
2016-10-12,2.253714364414294
2016-10-13,2.2420346732350063
2016-10-14,2.243224953007897
2016-10-17,2.242181140157027
2016-10-18,2.240478370176146
2016-10-19,2.2514871527632176
2016-10-20,2.2488655001257403
2016-10-21,2.250068694815883
2016-10-24,2.2587697184387965
2016-10-25,2.25822270668096
2016-10-26,2.2490853117421903
2016-10-27,2.2456150979527143
2016-10-28,2.2330305206919636
2016-10-31,2.2313566592754537
2016-11-01,2.218838897927518
2016-11-02,2.201532598746902
2016-11-03,2.200334565370155
2016-11-04,2.1975288383007556
2016-11-07,2.2151116290585287
2016-11-08,2.2392445212964343
2016-11-09,2.278145151232664
2016-11-10,2.308844667780919
2016-11-11,2.340375493748129
2016-11-14,2.344672096396514
2016-11-15,2.347418458885777
2016-11-16,2.3593144734829163
2016-11-17,2.3622506554081735
2016-11-18,2.3790383603679888
2016-11-21,2.379113866013933
2016-11-22,2.401519983003367
2016-11-23,2.404272616501915
2016-11-25,2.4100933614908957
2016-11-28,2.4031769558342497
2016-11-29,2.399579541818436
2016-11-30,2.4022275297402147
2016-12-01,2.402362573069795
2016-12-02,2.3959327656953735
2016-12-05,2.417600938066249
2016-12-06,2.4378966645109994
2016-12-07,2.4543132621417003
2016-12-08,2.488227791000522
2016-12-09,2.496758665677678
2016-12-12,2.491368792225159
2016-12-13,2.48461808867343
2016-12-14,2.481510949067194
2016-12-15,2.480572291589703
2016-12-16,2.4887507812987266
2016-12-19,2.4954717492156444
2016-12-20,2.5079706755455238
2016-12-21,2.513003551636908
2016-12-22,2.5062662792527917
2016-12-23,2.5077923385250136
2016-12-27,2.5129408143295002
2016-12-28,2.5087890055340614
2016-12-29,2.499414453381222
2016-12-30,2.491136342521334
2017-01-03,2.493862951846544
2017-01-04,2.5134205564524383
2017-01-05,2.506537743084131
2017-01-06,2.505161902836205
2017-01-09,2.4952093822844805
2017-01-10,2.502748373071915
2017-01-11,2.508071280068357
2017-01-12,2.4955302694138375
2017-01-13,2.4999836850907258
2017-01-17,2.4872450515952513
2017-01-18,2.4889408939171953
2017-01-19,2.4800632960718696
2017-01-20,2.4803697923238386
2017-01-23,2.4825618311376694
2017-01-24,2.495562661630764
2017-01-25,2.5103146966257777
2017-01-26,2.516758290294129
2017-01-27,2.512976920168228
2017-01-30,2.493311179097732
2017-01-31,2.48837602039261
2017-02-01,2.4871858753029135
2017-02-02,2.4848051802857256
2017-02-03,2.5050292847241318
2017-02-06,2.506425689908389
2017-02-07,2.5013627729242547
2017-02-08,2.4932914526048995
2017-02-09,2.506778508098468
2017-02-10,2.522020575288524
2017-02-13,2.5360927397003623
2017-02-14,2.543524930425373
2017-02-15,2.5538340737505933
2017-02-16,2.559716107558063
2017-02-17,2.5580870836175995
2017-02-21,2.565578168637712
2017-02-22,2.571199012495003
2017-02-23,2.5729705667760867
2017-02-24,2.570738511777095
2017-02-27,2.5734113027593013
2017-02-28,2.5639311697800755
2017-03-01,2.5793228324245865
2017-03-02,2.5839798722014233
2017-03-03,2.580275047531888
2017-03-06,2.5744619658490002
2017-03-07,2.5698086965003064
2017-03-08,2.557485929175561
2017-03-09,2.5521620787914325
2017-03-10,2.5577152287706766
2017-03-13,2.5616280639187154
2017-03-14,2.5588586123973993
2017-03-15,2.5644345480570605
2017-03-16,2.580931931368948
2017-03-17,2.5874399000303936
2017-03-20,2.5753260183572344
2017-03-21,2.545594619472585
2017-03-22,2.524531844737478
2017-03-23,2.536850767366456
2017-03-24,2.5366121178501864
2017-03-27,2.536394645260249
2017-03-28,2.5414446488805957
2017-03-29,2.550968593353879
2017-03-30,2.5656737800015357
2017-03-31,2.5671341173555504
2017-04-03,2.556373458644919
2017-04-04,2.552861375689056
2017-04-05,2.542094698101093
2017-04-06,2.547136287763057
2017-04-07,2.5530667751942397
2017-04-10,2.5520680986220654
2017-04-11,2.5580276318479944
2017-04-12,2.5463041153326706
2017-04-13,2.5318973243783294
2017-04-17,2.535629394409335
2017-04-18,2.548787009807362
2017-04-19,2.5494512501712263
2017-04-20,2.558352283329486
2017-04-21,2.5704055032674233
2017-04-24,2.5784059038690463
2017-04-25,2.598612795087214
2017-04-26,2.615535282919396
2017-04-27,2.6128275629357844
2017-04-28,2.600887235263093
2017-05-01,2.605022895731288
2017-05-02,2.603269652272217
2017-05-03,2.5976934929129323
2017-05-04,2.5961609648789628
2017-05-05,2.604697771327934
2017-05-08,2.6071106403596795
2017-05-09,2.604032828104737
2017-05-10,2.6028734968363993
2017-05-11,2.5972658016392343
2017-05-12,2.58899594059878
2017-05-15,2.594262011488802
2017-05-16,2.6009723230301853
2017-05-17,2.5802667805626136
2017-05-18,2.5558534949328306
2017-05-19,2.5613689877254524
2017-05-22,2.5766291127500622
2017-05-23,2.586340878897996
2017-05-24,2.5943998757121642
2017-05-25,2.5974198392644667
2017-05-26,2.602780136286319
2017-05-30,2.5946256752870585
2017-05-31,2.5953613779643896
2017-06-01,2.6097709759806262
2017-06-02,2.6260447801231415
2017-06-05,2.6222144356223014
2017-06-06,2.6173292431633217
2017-06-07,2.6145056489100407
2017-06-08,2.630487013051977
2017-06-09,2.6441354849159353
2017-06-12,2.642536756593114
2017-06-13,2.6461742916578865
2017-06-14,2.652776494201855
2017-06-15,2.6476937355927466
2017-06-16,2.644343495423761
2017-06-19,2.642510953260844
2017-06-20,2.648044740600425
2017-06-21,2.631264471188063
2017-06-22,2.6306887597237
2017-06-23,2.638409049401708
2017-06-26,2.641315926644646
2017-06-27,2.634868743141973
2017-06-28,2.635963118216058
2017-06-29,2.646000120045748
2017-06-30,2.626970991566076
2017-07-03,2.640628486986268
2017-07-05,2.637408945558244
2017-07-06,2.6327871940410184
2017-07-07,2.630334462667575
2017-07-10,2.6330568411184894
2017-07-11,2.633863639825853
2017-07-12,2.6399105692748632
2017-07-13,2.647537643987025
2017-07-14,2.651961598334534
2017-07-17,2.6612233977844335
2017-07-18,2.658481427664364
2017-07-19,2.6663694834837983
2017-07-20,2.6738734986786907
2017-07-21,2.673171708141008
2017-07-24,2.6728480046023324
2017-07-25,2.6773681357562835
2017-07-26,2.679166867322662
2017-07-27,2.6732643555082536
2017-07-28,2.672361093416119
2017-07-31,2.676385171830702
2017-08-01,2.6780165830913676
2017-08-02,2.6729177450651065
2017-08-03,2.6660152770534853
2017-08-04,2.668905176647047
2017-08-07,2.6717299704508886
2017-08-08,2.6795537235512255
2017-08-09,2.6707267064573474
2017-08-10,2.655535285444551
2017-08-11,2.6323265171616312
2017-08-14,2.6526447168438905
2017-08-15,2.6593077512095995
2017-08-16,2.6616981425334822
2017-08-17,2.6460970053243216
2017-08-18,2.6277082231432107
2017-08-21,2.627897191360497
2017-08-22,2.6336873123196374
2017-08-23,2.64341952766126
2017-08-24,2.642798316179955
2017-08-25,2.643365066290893
2017-08-28,2.643198536233605
2017-08-29,2.6400426909686394
2017-08-30,2.645760335991483
2017-08-31,2.662063736091171
2017-09-01,2.6735108482119427
2017-09-05,2.6587307640268705
2017-09-06,2.653273989877347
2017-09-07,2.652568791396442
2017-09-08,2.6582703806902837
2017-09-11,2.6722770850438557
2017-09-12,2.690237433779244
2017-09-13,2.694778187807255
2017-09-14,2.6931229657858577
2017-09-15,2.6963297074237795
2017-09-18,2.704406836553842
2017-09-19,2.709899571833626
2017-09-20,2.714456299647202
2017-09-21,2.717242334158469
2017-09-22,2.7218028927560756
2017-09-25,2.721084237558685
2017-09-26,2.7256358746507567
2017-09-27,2.74652241408406
2017-09-28,2.7576827674126045
2017-09-29,2.752643705940631
2017-10-02,2.7723721283572624
2017-10-03,2.7772106796440332
2017-10-04,2.774470105051985
2017-10-05,2.783369115443326
2017-10-06,2.7911250433017107
2017-10-09,2.7872835309203143
2017-10-10,2.7936000363015796
2017-10-11,2.79683645108959
2017-10-12,2.797141149476465
2017-10-13,2.795008950029568
2017-10-16,2.79784168065867
2017-10-17,2.8000528335638624
2017-10-18,2.8074416117450163
2017-10-19,2.809186529576265
2017-10-20,2.816730110343056
2017-10-23,2.8134969525818176
2017-10-24,2.810667482568182
2017-10-25,2.809114550608137
2017-10-26,2.804050968283981
2017-10-27,2.8144290555035716
2017-10-30,2.8020116642251587
2017-10-31,2.80790029717013
2017-11-01,2.8026409257278955
2017-11-02,2.8136414028887344
2017-11-03,2.8043910623802293
2017-11-06,2.804414193694635
2017-11-07,2.7888550344929044
2017-11-08,2.7837681588297656
2017-11-09,2.7822223193881443
2017-11-10,2.7771751840379477
2017-11-13,2.780383358143405
2017-11-14,2.7843923344518156
2017-11-15,2.7769470604530597
2017-11-16,2.7871697165775333
2017-11-17,2.8029832646516173
2017-11-20,2.806812487637571
2017-11-21,2.819731705469966
2017-11-22,2.825005087399925
2017-11-24,2.824267305731532
2017-11-27,2.8272143370736593
2017-11-28,2.841825531585237
2017-11-29,2.864212168541708
2017-11-30,2.8612621560270046
2017-12-01,2.8667166451167008
2017-12-04,2.8677957387682627
2017-12-05,2.8556046932196804
2017-12-06,2.8458896174359865
2017-12-07,2.8483222412108136
2017-12-08,2.8484790197170193
2017-12-11,2.850549587130031
2017-12-12,2.855946792821385
2017-12-13,2.862530859772705
2017-12-14,2.8510637821120115
2017-12-15,2.869630328066024
2017-12-18,2.8902888847465773
2017-12-19,2.88030978258517
2017-12-20,2.876534148916683
2017-12-21,2.879996324160066
2017-12-22,2.8773870481280968
2017-12-26,2.873951790125886
2017-12-27,2.871831844555569
2017-12-28,2.8780983183320386
2017-12-29,2.8672965832111723
2018-01-02,2.867718759583906
2018-01-03,2.876215991888661
2018-01-04,2.8843245768950903
2018-01-05,2.8926453595098605
2018-01-08,2.9005325865554736
2018-01-09,2.901795859111032
2018-01-10,2.9067591080094193
2018-01-11,2.922569034252297
2018-01-12,2.9362262685635474
2018-01-16,2.9353537096429907
2018-01-17,2.9457975403042047
2018-01-18,2.945673105998336
2018-01-19,2.955941927115442
2018-01-22,2.9636920836392817
2018-01-23,2.976987047860698
2018-01-24,2.9733306380859155
2018-01-25,2.9758493889081583
2018-01-26,2.9770705233230954
2018-01-29,2.9764269649292148
2018-01-30,2.959476863763014
2018-01-31,2.943373466732944
2018-02-01,2.9453597063716837
2018-02-02,2.9189139275581817
2018-02-05,2.83515620042322
2018-02-06,2.8082352377909867
2018-02-07,2.8240555789154467
2018-02-08,2.7746532852978474
2018-02-09,2.7646511849860493
2018-02-12,2.786783711889547
2018-02-13,2.803237719938356
2018-02-14,2.8220015193537007
2018-02-15,2.849710532493488
2018-02-16,2.8642505542725645
2018-02-20,2.8512541735509913
2018-02-21,2.847024897473644
2018-02-22,2.8412594282226933
2018-02-23,2.8642388553756026
2018-02-26,2.889744051917843
2018-02-27,2.87244253150259
2018-02-28,2.8426020401665193
2018-03-01,2.829871913845448
2018-03-02,2.8386590079371956
2018-03-05,2.8509100154781275
2018-03-06,2.8718762244560523
2018-03-07,2.882433257714627
2018-03-08,2.886737105984547
2018-03-09,2.919281731706267
2018-03-12,2.939561188466871
2018-03-13,2.930842729147809
2018-03-14,2.9193466663071397
2018-03-15,2.9140327575094815
2018-03-16,2.9237089054726155
2018-03-19,2.910373912261332
2018-03-20,2.895020228192349
2018-03-21,2.8965706377642784
2018-03-22,2.8576396080206266
2018-03-23,2.8000235158920193
2018-03-26,2.8256117873711384
2018-03-27,2.8246455281837806
2018-03-28,2.8184518440219497
2018-03-29,2.827711570682916
2018-04-02,2.805311955966682
2018-04-03,2.8116947347139587
2018-04-04,2.836663133695587
2018-04-05,2.8581411637723644
2018-04-06,2.8328269525635825
2018-04-09,2.8191810583765697
2018-04-10,2.8458939243084043
2018-04-11,2.8519401813192697
2018-04-12,2.8544234720158066
2018-04-13,2.852045119075023
2018-04-16,2.8707408652659465
2018-04-17,2.8896305210220543
2018-04-18,2.8981324975533376
2018-04-19,2.894357504752615
2018-04-20,2.8853397504379683
2018-04-23,2.8777902589629467
2018-04-24,2.8697320981293655
2018-04-25,2.8575734737025513
2018-04-26,2.8675668874553986
2018-04-27,2.872739687547072
2018-04-30,2.858975069694466
2018-05-01,2.8604934371987056
2018-05-02,2.851621874984854
2018-05-03,2.8411383193246715
2018-05-04,2.8611147240460237
2018-05-07,2.8773331477005684
2018-05-08,2.8857300827538896
2018-05-09,2.900614631196673
2018-05-10,2.920250145616796
2018-05-11,2.930624946487937
2018-05-14,2.923474864223638
2018-05-15,2.920106796297682
2018-05-16,2.9274375302649203
2018-05-17,2.9359288193261417
2018-05-18,2.9373703650180807
2018-05-21,2.951895718351733
2018-05-22,2.9573413112086233
2018-05-23,2.9617579893699664
2018-05-24,2.960959059858471
2018-05-25,2.9570759870595604
2018-05-29,2.9434311416759944
2018-05-30,2.9600485292712717
2018-05-31,2.9591945357266365
2018-06-01,2.970342734202926
2018-06-04,2.9921688331966276
2018-06-05,3.000150231263809
2018-06-06,3.0145635640227564
2018-06-07,3.022272217658064
2018-06-08,3.021783643617417
2018-06-11,3.020562155693141
2018-06-12,3.0208823650281573
2018-06-13,3.0141768705135843
2018-06-14,3.0198204419040855
2018-06-15,3.0211883592395026
2018-06-18,3.0264036873314373
2018-06-19,3.0258991922572807
2018-06-20,3.0300516721855546
2018-06-21,3.023468106995738
2018-06-22,3.0257761592662744
2018-06-25,3.005585218651002
2018-06-26,3.0001013580433415
2018-06-27,2.976743695692452
2018-06-28,2.9773054894128266
2018-06-29,2.976419232013731
2018-07-02,2.9910061104223438
2018-07-03,2.995340843480331
2018-07-05,3.008553513076181
2018-07-06,3.0252310681254286
2018-07-09,3.043644340010453
2018-07-10,3.040459033781715
2018-07-11,3.0317463223493997
2018-07-12,3.027708221552766
2018-07-13,3.0314686937591
2018-07-16,3.035792484688587
2018-07-17,3.031361935742394
2018-07-18,3.038214811579005
2018-07-19,3.0403713633185254
2018-07-20,3.0398092243271453
2018-07-23,3.0448716072102924
2018-07-24,3.0438838407978928
2018-07-25,3.0511316327166185
2018-07-26,3.0612314449942506
2018-07-27,3.034644559007448
2018-07-30,3.0197914874758287
2018-07-31,3.0225226969290455
2018-08-01,3.027609463280808
2018-08-02,3.037155379561382
2018-08-03,3.035615780779937
2018-08-06,3.042766892552814
2018-08-07,3.045804971387077
2018-08-08,3.0565703018939434
2018-08-09,3.055385663841944
2018-08-10,3.04538357953413
2018-08-13,3.0360965427796294
2018-08-14,3.0489571958769264
2018-08-15,3.0365650404549505
2018-08-16,3.049248763319188
2018-08-17,3.059186993608041
2018-08-20,3.0639709664837973
2018-08-21,3.0792654495975906
2018-08-22,3.081566343338931
2018-08-23,3.0764926075167143
2018-08-24,3.0813065232606958
2018-08-27,3.0883492069192204
2018-08-28,3.089686835823463
2018-08-29,3.0957011463095996
2018-08-30,3.0953776875501786
2018-08-31,3.097008349370272
2018-09-04,3.0914163043911946
2018-09-05,3.090873537629327
2018-09-06,3.0838083784222947
2018-09-07,3.0798857008309355
2018-09-10,3.078673007708308
2018-09-11,3.083192786469885
2018-09-12,3.07969773166883
2018-09-13,3.081365584906557
2018-09-14,3.0914342667983896
2018-09-17,3.081526205785779
2018-09-18,3.0790944187828293
2018-09-19,3.081652685776308
2018-09-20,3.0997560544647267
2018-09-21,3.1033651300824756
2018-09-24,3.083879297691601
2018-09-25,3.0762795111157075
2018-09-26,3.059182971987918
2018-09-27,3.0566854645620163
2018-09-28,3.0607012100330633
2018-10-01,3.0509584899790734
2018-10-02,3.041527756436185
2018-10-03,3.0523784359037665
2018-10-04,3.0382055441204034
2018-10-05,3.0229893826849152
2018-10-08,3.02766477247676
2018-10-09,3.027765457719635
2018-10-10,2.9788907506304145
2018-10-11,2.917984601627756
2018-10-12,2.9026915636360706
2018-10-15,2.909970775437327
2018-10-16,2.9449516060847962
2018-10-17,2.9513381343955594
2018-10-18,2.9239812826716864
2018-10-19,2.909131444614415
2018-10-22,2.8954467365984344
2018-10-23,2.887682144327427
2018-10-24,2.8257352382592256
2018-10-25,2.850336724510678
2018-10-26,2.8307401848014386
2018-10-29,2.8272320475674695
2018-10-30,2.841144455207034
2018-10-31,2.8588550383219333
2018-11-01,2.878454009633142
2018-11-02,2.8818735958598047
2018-11-05,2.882944232863729
2018-11-06,2.896246408459583
2018-11-07,2.9293488286416176
2018-11-08,2.9436787589733875
2018-11-09,2.9251403487592205
2018-11-12,2.899086211992798
2018-11-13,2.8881207619336893
2018-11-14,2.8694420758334243
2018-11-15,2.8824584669378455
2018-11-16,2.8892446947953836
2018-11-19,2.8721969994409617
2018-11-20,2.8318254943088164
2018-11-21,2.8297868955863805
2018-11-23,2.8304497613891177
2018-11-26,2.839483829448601
2018-11-27,2.848354732124367
2018-11-28,2.889086059471761
2018-11-29,2.8969038771790014
2018-11-30,2.903732444381178
2018-12-03,2.9216300779579036
2018-12-04,2.851470509106977
2018-12-06,2.828971914085246
2018-12-07,2.8065145070024053
2018-12-10,2.7860335207623357
2018-12-11,2.782197211348683
2018-12-12,2.793604056607919
2018-12-13,2.785439793797626
2018-12-14,2.7592698342835713
2018-12-17,2.713661697716724
2018-12-18,2.698942268024438
2018-12-19,2.664761871044587
2018-12-20,2.6359765241561757
2018-12-21,2.6062708878528924
2018-12-24,2.540780390255649
2018-12-26,2.596916364311441
2018-12-27,2.6145001153964813
2018-12-28,2.6210348505086696
2018-12-31,2.619424843473281
2019-01-02,2.6418385485745413
2019-01-03,2.625510519871897
2019-01-04,2.662556660289475
2019-01-07,2.7024654327440603
2019-01-08,2.7304360507148884
2019-01-09,2.7438700926925774
2019-01-10,2.749479330699125
2019-01-11,2.7555070436986036
2019-01-14,2.7438024689378633
2019-01-15,2.7498789340709138
2019-01-16,2.7696893115352634
2019-01-17,2.7803531122144323
2019-01-18,2.8035794464573494
2019-01-22,2.795882700083589
2019-01-23,2.790130616123564
2019-01-24,2.795453847232406
2019-01-25,2.8094282078833466
2019-01-28,2.810265222242423
2019-01-29,2.8049609713214307
2019-01-30,2.8208655955619752
2019-01-31,2.843506943287508
2019-02-01,2.856887647001698
2019-02-04,2.8698504464045462
2019-02-05,2.881478281987512
2019-02-06,2.8819134964842954
2019-02-07,2.876721182552072
2019-02-08,2.8692080181721
2019-02-11,2.879619078587035
2019-02-12,2.898259244387439
2019-02-13,2.9142161005488836
2019-02-14,2.9139364803222385
2019-02-15,2.9329292729313803
2019-02-19,2.9492979638722314
2019-02-20,2.952556158445414
2019-02-21,2.950821762669875
2019-02-22,2.949502820906402
2019-02-25,2.9518381836759344
2019-02-26,2.951186334067738
2019-02-27,2.9472535442917054
2019-02-28,2.945957463388604
2019-03-01,2.9518004414300982
2019-03-04,2.950558044889012
2019-03-05,2.9418803975507966
2019-03-06,2.9191746371071967
2019-03-07,2.9008251587492953
2019-03-08,2.895822039681855
2019-03-11,2.919835388414568
2019-03-12,2.934033182779199
2019-03-13,2.945454233489521
2019-03-14,2.9509855428307015
2019-03-15,2.9509417424222044
2019-03-18,2.965858282319223
2019-03-19,2.9588413665428535
2019-03-20,2.945169448431429
2019-03-21,2.955543426503729
2019-03-22,2.919826231189981
2019-03-25,2.9092701072591036
2019-03-26,2.9306921491269935
2019-03-27,2.9372300064436434
2019-03-28,2.9422616803624626
2019-03-29,2.946401479470948
2019-04-01,2.9715580796658303
2019-04-02,2.9785334395520486
2019-04-03,2.98034328776373
2019-04-04,2.9921300838556117
2019-04-05,3.0076898231768796
2019-04-08,3.011129583641983
2019-04-09,2.9939085517146196
2019-04-10,3.0053065772355505
2019-04-11,3.009512752887071
2019-04-12,3.0175820007775886
2019-04-15,3.0200479485616882
2019-04-16,3.0247044889482
2019-04-17,3.0224124308322247
2019-04-18,3.0184276011123297
2019-04-22,3.0138575966853205
2019-04-23,3.037775325603481
2019-04-24,3.0484480132399767
2019-04-25,3.037012451997109
2019-04-26,3.0485931692916672
2019-04-29,3.059380847750412
2019-04-30,3.0620790006107237
2019-05-01,3.049303217694794
2019-05-02,3.043295123015174
2019-05-03,3.06437762289548
2019-05-06,3.0675432490587538
2019-05-07,3.040211226077144
2019-05-08,3.017857848387301
2019-05-09,3.014070896960326
2019-05-10,3.020651435667055
2019-05-13,2.9815839902300807
2019-05-14,2.9774388485624046
2019-05-15,2.9887299277711206
2019-05-16,3.004328309546504
2019-05-17,3.002149952120595
2019-05-20,2.992280261508049
2019-05-21,2.9994089370902817
2019-05-22,3.004626419083233
2019-05-23,2.9753787804181715
2019-05-24,2.974932550449488
2019-05-28,2.9675234994195216
2019-05-29,2.9466577944171783
2019-05-30,2.938505321373939
2019-05-31,2.9210051857032346
2019-06-03,2.9138217485044233
2019-06-04,2.9410253133195514
2019-06-05,2.9631482629467705
2019-06-06,2.974025358206908
2019-06-07,2.989108306140703
2019-06-10,3.007411885843171
2019-06-11,3.011897201910738
2019-06-12,3.0099014013193512
2019-06-13,3.0206112007782875
2019-06-14,3.0209971093100263
2019-06-17,3.022620928096492
2019-06-18,3.0377986160622705
2019-06-19,3.0479612488998225
2019-06-20,3.0561551420210336
2019-06-21,3.056689037491009
2019-06-24,3.0459143062246095
2019-06-25,3.0368612706419507
2019-06-26,3.0242386705735305
2019-06-27,3.0426222836414905
2019-06-28,3.0630446040881774
2019-07-01,3.074986979610612
2019-07-02,3.0812047916584655
2019-07-03,3.0927770023515033
2019-07-05,3.1064374683602
2019-07-08,3.095204054386742
2019-07-09,3.0902138246778037
2019-07-10,3.091975449496953
2019-07-11,3.0978232805776904
2019-07-12,3.110648231331645
2019-07-15,3.1087712519045647
2019-07-16,3.1108086200483327
2019-07-17,3.0965092115997077
2019-07-18,3.095451079010856
2019-07-19,3.0905703746743236
2019-07-22,3.088036956516323
2019-07-23,3.099251457297701
2019-07-24,3.123338856076889
2019-07-25,3.11459008425338
2019-07-26,3.1304367019915187
2019-07-29,3.1302588297201965
2019-07-30,3.134904784854964
2019-07-31,3.1154590681545535
2019-08-01,3.086167499308085
2019-08-02,3.063478461702765
2019-08-05,3.008253160600131
2019-08-06,2.9996538461762348
2019-08-07,3.0070414233082783
2019-08-08,3.0327563710972676
2019-08-09,3.0440625621412116
2019-08-12,3.0220001809774746
2019-08-13,3.0278840212640725
2019-08-14,2.999756169157278
2019-08-15,2.970759406183271
2019-08-16,3.0000529210789466
2019-08-19,3.0296010504333624
2019-08-20,3.0279670257300095
2019-08-21,3.0312328829797526
2019-08-22,3.032767912701388
2019-08-23,2.9882221904990516
2019-08-26,2.9849253620961202
2019-08-27,2.97973090071502
2019-08-28,2.9886531865996084
2019-08-29,3.0137054808275314
2019-08-30,3.0234068339013733
2019-09-03,3.007655098536052
2019-09-04,3.017668947772844
2019-09-05,3.0493794324361065
2019-09-06,3.056437051873346
2019-09-09,3.07972711686193
2019-09-10,3.094883336146088
2019-09-11,3.1203628078549936
2019-09-12,3.1337432400689558
2019-09-13,3.145227037950623
2019-09-16,3.141483318375462
2019-09-17,3.1384189323101648
2019-09-18,3.1373346870430723
2019-09-19,3.134144899265243
2019-09-20,3.135101477926633
2019-09-23,3.1298500976554693
2019-09-24,3.1104762927976117
2019-09-25,3.120966198435405
2019-09-26,3.1178468907803727
2019-09-27,3.1111364478635815
2019-09-30,3.1062719176649174
2019-10-01,3.0836074996987906
2019-10-02,3.0559762724914683
2019-10-03,3.039647043329917
2019-10-04,3.063855390459226
2019-10-07,3.069851277746848
2019-10-08,3.0416184943072038
2019-10-09,3.037754949964339
2019-10-10,3.051873277605461
2019-10-11,3.0761730495446433
2019-10-14,3.080978126809795
2019-10-15,3.097089047310087
2019-10-16,3.1065244219574644
2019-10-17,3.115951782572663
2019-10-18,3.1177833272304136
2019-10-21,3.1350716390547966
2019-10-22,3.1413292109275215
2019-10-23,3.145090433960771
2019-10-24,3.1488466192111977
2019-10-25,3.152725411300138
2019-10-28,3.1701003386717166
2019-10-29,3.1838705728395316
2019-10-30,3.1833237725888788
2019-10-31,3.1821994265317937
2019-11-01,3.1999191614343143
2019-11-04,3.219179329659615
2019-11-05,3.229480005224791
2019-11-06,3.2341536340862893
2019-11-07,3.2382665166735816
2019-11-08,3.2319179110167617
2019-11-11,3.227673737604185
2019-11-12,3.2279128798788337
2019-11-13,3.223582828919642
2019-11-14,3.227064066516438
2019-11-15,3.233384785363965
2019-11-18,3.2468320862064295
2019-11-19,3.2499525890625494
2019-11-20,3.24033043363686
2019-11-21,3.2317112160017585
2019-11-22,3.232485784095915
2019-11-25,3.253521801162285
2019-11-26,3.2611161889446016
2019-11-27,3.2732155503539926
2019-11-29,3.2732514306274783
2019-12-02,3.2531056694979714
2019-12-03,3.2296203694912653
2019-12-04,3.2337622681970535
2019-12-05,3.2412249894545955
2019-12-06,3.2622204465979143
2019-12-09,3.2682728808586
2019-12-10,3.2670867055702653
2019-12-11,3.2689490919330644
2019-12-12,3.2808672085206982
2019-12-13,3.291935899450053
2019-12-16,3.30354583755432
2019-12-17,3.3166016950740835
2019-12-18,3.320468357574493
2019-12-19,3.3297234290555586
2019-12-20,3.3374078918203214
2019-12-23,3.3401057393214098
2019-12-24,3.341983402708456
2019-12-26,3.344000109980818
2019-12-27,3.3443920881842466
2019-12-30,3.3426223618128117
2019-12-31,3.3372261684043982
2020-01-02,3.3466740393352072
2020-01-03,3.350363379825786
2020-01-06,3.340590613237473
2020-01-07,3.330662132616884
2020-01-08,3.33261438161881
2020-01-09,3.3411089818673387
2020-01-10,3.3410635253496466
2020-01-13,3.3499582376289374
2020-01-14,3.3521699917871866
2020-01-15,3.353799661583623
2020-01-16,3.3737899864930982
2020-01-17,3.383689859489407
2020-01-21,3.377354867188059
2020-01-22,3.3762837654629347
2020-01-23,3.3763532517800323
2020-01-24,3.3530675044063
2020-01-27,3.326261248168483
2020-01-28,3.3203945872218856
2020-01-29,3.3193978980853154
2020-01-30,3.3271423148876282
2020-01-31,3.2945027341157287
2020-02-03,3.295421145326536
2020-02-04,3.319924311752681
2020-02-05,3.3647641922769593
2020-02-06,3.371971210801372
2020-02-07,3.361564910702354
2020-02-10,3.365019733389392
2020-02-11,3.3812928999179426
2020-02-12,3.386992543604497
2020-02-13,3.399351995813759
2020-02-14,3.393565882678044
2020-02-18,3.3906956953452583
2020-02-19,3.387821109228247
2020-02-20,3.3969465705801047
2020-02-21,3.379841272873162
2020-02-24,3.321956618314621
2020-02-25,3.2263343162736007
2020-02-26,3.178922564942959
2020-02-27,3.071082954131914
2020-02-28,3.0327119380578207
2020-03-02,3.0966267735390876
2020-03-03,3.055702933610447
2020-03-04,3.1160594874414347
2020-03-05,3.062474276109251
2020-03-06,3.034977353726326
2020-03-09,2.911578525515335
2020-03-10,2.982175306017287
2020-03-11,2.9093662756355765
2020-03-12,2.7719799223321715
2020-03-13,2.8804005295813173
2020-03-16,2.7274898164219055
2020-03-17,2.793993637255284
2020-03-18,2.7271052782285192
2020-03-19,2.730083832120253
2020-03-20,2.676559350092507
2020-03-23,2.6458975362649473
2020-03-24,2.751100173411292
2020-03-25,2.77077668986482
2020-03-26,2.8461459477364492
2020-03-27,2.8060896042925965
2020-03-30,2.8488137882595734
2020-03-31,2.836820216596702
2020-04-01,2.7466216985011602
2020-04-02,2.7113387735127015
2020-04-03,2.6861456885189643
2020-04-06,2.7478369782106595
2020-04-07,2.8409149384442722
2020-04-08,2.894998967367637
2020-04-09,3.0021819486207733
2020-04-13,2.974217282403081
2020-04-14,2.9785720524526544
2020-04-15,2.9503692151574334
2020-04-16,2.9097100891384935
2020-04-17,2.971225602804272
2020-04-20,2.983452596550789
2020-04-21,2.933914139542993
2020-04-22,2.9095235773959374
2020-04-23,2.950543600255788
2020-04-24,2.9635894547412165
2020-04-27,3.043177846061633
2020-04-28,3.0991904769210046
2020-04-29,3.170043287316912
2020-04-30,3.1578920406375603
2020-05-01,3.097362727535244
2020-05-04,3.0361201282502464
2020-05-05,3.028972139302075
2020-05-06,3.0187093032239405
2020-05-07,3.0387600376120814
2020-05-08,3.105302940392191
2020-05-11,3.0993409994489207
2020-05-12,3.041212841133398
2020-05-13,2.9697177394557093
2020-05-14,2.9612216406141476
2020-05-15,2.9815802865318526
2020-05-18,3.073576225136507
2020-05-19,3.083752147523221
2020-05-20,3.11319285395309
2020-05-21,3.1296204529524716
2020-05-22,3.123848705614906
2020-05-26,3.173140925624973
2020-05-27,3.233175461727593
2020-05-28,3.2198447710171876
2020-05-29,3.20680440308287
2020-06-01,3.223459665766639
2020-06-02,3.2491650875073317
2020-06-03,3.2999558548576475
2020-06-04,3.3221195201842555
2020-06-05,3.3793973871594463
2020-06-08,3.445645974359465
2020-06-09,3.4328105513450557
2020-06-10,3.382194778354157
2020-06-11,3.2542051180165403
2020-06-12,3.2108146792221612
2020-06-15,3.2440299680931433
2020-06-16,3.2950263401565003
2020-06-17,3.2897040278325536
2020-06-18,3.283642143344173
2020-06-19,3.2697554406174225
2020-06-22,3.272976220604967
2020-06-23,3.27912984871074
2020-06-24,3.23701733940094
2020-06-25,3.2295447919394182
2020-06-26,3.2015638288128168
2020-06-29,3.216259729806069
2020-06-30,3.245954780955266
2020-07-01,3.244919952683103
2020-07-02,3.258638194927074
2020-07-06,3.276641936382216
2020-07-07,3.2676241436478195
2020-07-08,3.2495362705856294
2020-07-09,3.227195418279024
2020-07-10,3.2454732237082795
2020-07-13,3.2442483836349005
2020-07-14,3.2531522364874528
2020-07-15,3.3202420691808294
2020-07-16,3.321334202490064
2020-07-17,3.326840997842682
2020-07-20,3.325427479945266
2020-07-21,3.365514740845266
2020-07-22,3.3589118393734756
2020-07-23,3.385095619993707
2020-07-24,3.344451603302142
2020-07-27,3.3546802813365653
2020-07-28,3.3535822804888777
2020-07-29,3.3645267647375743
2020-07-30,3.380850675870083
2020-07-31,3.369517025318586
2020-08-03,3.4103198130824026
2020-08-04,3.432326815531794
2020-08-05,3.4643454637161404
2020-08-06,3.4655330919014133
2020-08-07,3.5006586405185636
2020-08-10,3.523050132423291
2020-08-11,3.527073376308226
2020-08-12,3.5255758632565266
2020-08-13,3.538858664035204
2020-08-14,3.5407800832314598
2020-08-17,3.5456775999268775
2020-08-18,3.5323727978504724
2020-08-19,3.5314357838615464
2020-08-20,3.517759598470854
2020-08-21,3.5123649473114096
2020-08-24,3.534231463591478
2020-08-25,3.552919795884486
2020-08-26,3.552230160105225
2020-08-27,3.587101956043657
2020-08-28,3.6022101107654945
2020-08-31,3.591386008476751
2020-09-01,3.5874964269185665
2020-09-02,3.61293076741745
2020-09-03,3.592793519102594
2020-09-04,3.531033749419597
2020-09-08,3.4907882158947707
2020-09-09,3.459111762953893
2020-09-10,3.4680571881739057
2020-09-11,3.4391198640080596
2020-09-14,3.4685134326832148
2020-09-15,3.4902375294081205
2020-09-16,3.5095141248950052
2020-09-17,3.490928041319896
2020-09-18,3.4867773004771236
2020-09-21,3.409992718305869
2020-09-22,3.3945961766086956
2020-09-23,3.369554123847902
2020-09-24,3.3381045688488338
2020-09-25,3.375477528123038
2020-09-28,3.432070914501238
2020-09-29,3.4590718521655024
2020-09-30,3.4365828207370166
2020-10-01,3.4726265661547395
2020-10-02,3.47600594106892
2020-10-05,3.4823126986733666
2020-10-06,3.501000052852673
2020-10-07,3.498653966442855
2020-10-08,3.5409339447553134
2020-10-09,3.571275925016981
2020-10-12,3.605783560147856
2020-10-13,3.6175160117218557
2020-10-14,3.594626625722092
2020-10-15,3.5993374048106066
2020-10-16,3.5921550264113327
2020-10-19,3.591673714561841
2020-10-20,3.577141367737269
2020-10-21,3.5815109764850863
2020-10-22,3.598195678377797
2020-10-23,3.6138160187176296
2020-10-26,3.5918172489309548
2020-10-27,3.553055253026858
2020-10-28,3.5053475651771526
2020-10-29,3.476460828172938
2020-10-30,3.4823167446285193
2020-11-02,3.4918243506548894
2020-11-03,3.534438563952908
2020-11-04,3.5599862622612273
2020-11-05,3.6245129552319106
2020-11-06,3.6333852452334394
2020-11-09,3.6769999743700543
2020-11-10,3.714764071802754
2020-11-11,3.7179873118940128
2020-11-12,3.6998412904922464
2020-11-13,3.711801301657391
2020-11-16,3.7700127881157117
2020-11-17,3.7825070061087294
2020-11-18,3.7456191452569785
2020-11-19,3.7340450180977123
2020-11-20,3.7387817449126275
2020-11-23,3.748388899321421
2020-11-24,3.7963493421765637
2020-11-25,3.8098783884865526
2020-11-27,3.813172122862625
2020-11-30,3.788618631982008
2020-12-01,3.796712450611005
2020-12-02,3.8145496797974943
2020-12-03,3.8326453937792513
2020-12-04,3.8728699325961267
2020-12-07,3.8831601176947856
2020-12-08,3.89618233513258
2020-12-09,3.8975765459801996
2020-12-10,3.888327709771543
2020-12-11,3.8905937674440803
2020-12-14,3.8766097271865565
2020-12-15,3.896120908231679
2020-12-16,3.9089838522181193
2020-12-17,3.9291803683042397
2020-12-18,3.9236565176175007
2020-12-21,3.897825258765069
2020-12-22,3.9004855489082795
2020-12-23,3.910058638588766
2020-12-24,3.911608691020418
2020-12-28,3.9299579741215656
2020-12-29,3.9282351758592293
2020-12-30,3.9470812641211532
2020-12-31,3.946755191529326
2021-01-04,3.9410092583300376
2021-01-05,3.9469768451536082
2021-01-06,4.005909699844978
2021-01-07,4.040198039429576
2021-01-08,4.045464203453744
2021-01-11,4.039385226509651
2021-01-12,4.04931755871433
2021-01-13,4.043585445007146
2021-01-14,4.067208542508382
2021-01-15,4.057928855888637
2021-01-19,4.064455766575592
2021-01-20,4.0941166692313935
2021-01-21,4.097139328897092
2021-01-22,4.105323130846146
2021-01-25,4.093079587300188
2021-01-26,4.0912722123134575
2021-01-27,4.024958853800717
2021-01-28,4.009390666314198
2021-01-29,3.9837966523095694
2021-02-01,4.001533383218574
2021-02-02,4.053402141430482
2021-02-03,4.062201624066474
2021-02-04,4.092608131647589
2021-02-05,4.125920268802782
2021-02-08,4.1658612636028005
2021-02-09,4.193135138318432
2021-02-10,4.196064602703178
2021-02-11,4.201360487025106
2021-02-12,4.219560473446164
2021-02-16,4.219889445629946
2021-02-17,4.219927567531661
2021-02-18,4.209100166244349
2021-02-19,4.22441779963108
2021-02-22,4.2253749089953185
2021-02-23,4.207936882248536
2021-02-24,4.24403162689439
2021-02-25,4.209037818927849
2021-02-26,4.163144827000389
2021-03-01,4.211680431460811
2021-03-02,4.227737860089211
2021-03-03,4.215944116975852
2021-03-04,4.148616943006512
2021-03-05,4.165983322812687
2021-03-08,4.214282178778863
2021-03-09,4.232185482700095
2021-03-10,4.279123882410579
2021-03-11,4.30570265698402
2021-03-12,4.33069662125416
2021-03-15,4.3364450886292225
2021-03-16,4.32295473414627
2021-03-17,4.330650176206696
2021-03-18,4.30664679838344
2021-03-19,4.293656934940477
2021-03-22,4.284037328591058
2021-03-23,4.24423744389655
2021-03-24,4.215995812202378
2021-03-25,4.226334367229603
2021-03-26,4.274439323240382
2021-03-29,4.274026315420533
2021-03-30,4.2872467391514295
2021-03-31,4.2808324459799625
2021-04-01,4.316989367612454
2021-04-05,4.355091668975706
2021-04-06,4.376753314376293
2021-04-07,4.356528365934384
2021-04-08,4.3703051449847825
2021-04-09,4.38788706845625
2021-04-12,4.400045303361717
2021-04-13,4.3984120644699285
2021-04-14,4.408388365735638
2021-04-15,4.419738388357224
2021-04-16,4.44763119327594
2021-04-19,4.433754103985631
2021-04-20,4.403171307665205
2021-04-21,4.41925671263817
2021-04-22,4.418923819423898
2021-04-23,4.432553848646745
2021-04-26,4.4520013842344355
2021-04-27,4.449855820513253
2021-04-28,4.45215009214851
2021-04-29,4.457281527930133
2021-04-30,4.44707391536217
2021-05-03,4.4664483927877825
2021-05-04,4.445587682444264
2021-05-05,4.438811072445425
2021-05-06,4.447793846508436
2021-05-07,4.47954494706115
2021-05-10,4.473112991721274
2021-05-11,4.442563948629214
2021-05-12,4.378318655136972
2021-05-13,4.38842556473413
2021-05-14,4.433303974805005
2021-05-17,4.454345317386293
2021-05-18,4.436798382209045
2021-05-19,4.416412372756028
2021-05-20,4.426981968648858
2021-05-21,4.4442568545522985
2021-05-24,4.457797170606037
2021-05-25,4.449443789206774
2021-05-26,4.461161236003315
2021-05-27,4.4671540986301075
2021-05-28,4.468334471710669
2021-06-01,4.481426151204809
2021-06-02,4.472961953273715
2021-06-03,4.466917066239619
2021-06-04,4.477827909064594
2021-06-07,4.497699397316195
2021-06-08,4.486197512288996
2021-06-09,4.48769135852468
2021-06-10,4.478994898933172
2021-06-11,4.5053834939897905
2021-06-14,4.506874558202455
2021-06-15,4.4719214913431955
2021-06-16,4.468895295259356
2021-06-17,4.444430591442732
2021-06-18,4.413111518486025
2021-06-21,4.431236988142994
2021-06-22,4.463589394982529
2021-06-23,4.469412491717215
2021-06-24,4.490973118665535
2021-06-25,4.492713337709137
2021-06-28,4.497933519599258
2021-06-29,4.493502663516628
2021-06-30,4.495828166880398
2021-07-01,4.513365738664277
2021-07-02,4.517358832595363
2021-07-06,4.512320078118435
2021-07-07,4.50396518998428
2021-07-08,4.482199421271747
2021-07-09,4.517558226300438
2021-07-12,4.5431815054665226
2021-07-13,4.521452296667148
2021-07-14,4.51214627745278
2021-07-15,4.526498137089975
2021-07-16,4.505046193537648
2021-07-19,4.448707799241826
2021-07-20,4.467714096356483
2021-07-21,4.510184520579178
2021-07-22,4.460420800523286
2021-07-23,4.480843427537273
2021-07-26,4.508342743667417
2021-07-27,4.5032862079945
2021-07-28,4.5097926286579
2021-07-29,4.5225263881666145
2021-07-30,4.5157269699006
2021-08-02,4.488247419075294
2021-08-03,4.494938931467067
2021-08-04,4.496118246642658
2021-08-05,4.510873013491537
2021-08-06,4.5429269336240985
2021-08-09,4.5372408454865765
2021-08-10,4.5741407213070495
2021-08-11,4.589349221314357
2021-08-12,4.591189316886064
2021-08-13,4.583663379974912
2021-08-16,4.580519916538987
2021-08-17,4.563041106660949
2021-08-18,4.527868008395961
2021-08-19,4.501781160879489
2021-08-20,4.523726933183006
2021-08-23,4.552412903710269
2021-08-24,4.568617897737471
2021-08-25,4.569588003383778
2021-08-26,4.559215252664936
2021-08-27,4.590856411947252
2021-08-30,4.596705479440928
2021-08-31,4.609025749272533
2021-09-01,4.620937597475413
2021-09-02,4.62923842935168
2021-09-03,4.628580630771981
2021-09-07,4.617836177653006
2021-09-08,4.60686055883904
2021-09-09,4.59714566844551
2021-09-10,4.570740092412026
2021-09-13,4.564281678954453
2021-09-14,4.53545768824354
2021-09-15,4.543531502071564
2021-09-16,4.554412201197009
2021-09-17,4.556026215937541
2021-09-20,4.50152965682406
2021-09-21,4.481861503583646
2021-09-22,4.495215098481882
2021-09-23,4.534306164224532
2021-09-24,4.555955297762637
2021-09-27,4.579639714799844
2021-09-28,4.541224495165158
2021-09-29,4.52756735986467
2021-09-30,4.4933818365002605
2021-10-01,4.500443718375138
2021-10-04,4.505279513599931
2021-10-05,4.501676758389905
2021-10-06,4.515735163891082
2021-10-07,4.539451580344837
2021-10-08,4.554233570557066
2021-10-11,4.540166993024687
2021-10-12,4.533089875762077
2021-10-13,4.527701888350592
2021-10-14,4.556854073843691
2021-10-15,4.572232798628715
2021-10-18,4.588697510352814
2021-10-19,4.599018540628249
2021-10-20,4.62839839774031
2021-10-21,4.634641156314706
2021-10-22,4.6405368335140516
2021-10-25,4.65226925098536
2021-10-26,4.654136445476004
2021-10-27,4.642667505413849
2021-10-28,4.663420477410803
2021-10-29,4.680202300519844
2021-11-01,4.7052595091223965
2021-11-02,4.706096013229459
2021-11-03,4.740167108688402
2021-11-04,4.751438755666548
2021-11-05,4.789630188635872
2021-11-08,4.792964738084754
2021-11-09,4.783725914639666
2021-11-10,4.772143675569806
2021-11-11,4.7668970385889935
2021-11-12,4.767654942622464
2021-11-15,4.775957739999773
2021-11-16,4.7770719614873105
2021-11-17,4.771163398672412
2021-11-18,4.770955086609084
2021-11-19,4.759895413094098
2021-11-22,4.766509259378415
2021-11-23,4.767552373580163
2021-11-24,4.769158551428504
2021-11-26,4.694813232938578
2021-11-29,4.678728767165373
2021-11-30,4.653433330273957
2021-12-01,4.615450201906597
2021-12-02,4.652307810674862
2021-12-03,4.642073334926845
2021-12-06,4.6771113327614255
2021-12-07,4.715364696754726
2021-12-08,4.747943714573738
2021-12-09,4.731092730076927
2021-12-10,4.7364082339727585
2021-12-13,4.729216633869381
2021-12-14,4.704629784055888
2021-12-15,4.729238436023678
2021-12-16,4.737494426474442
2021-12-17,4.704128135356665
2021-12-20,4.666033991160139
2021-12-21,4.6950688072957565
2021-12-22,4.735768686787966
2021-12-23,4.768050957467999
2021-12-27,4.81159801229993
2021-12-28,4.827964395720211
2021-12-29,4.8288336781031065
2021-12-30,4.821410786200979
2021-12-31,4.816992220631306
2022-01-03,4.8382957878201935
2022-01-04,4.86514819801326
2022-01-05,4.837971806908737
2022-01-06,4.822199921078104
2022-01-07,4.824065761649706
2022-01-10,4.810041904324775
2022-01-11,4.814235738657289
2022-01-12,4.8321575698446715
2022-01-13,4.834225462605504
2022-01-14,4.814968480075976
2022-01-18,4.773857731595176
2022-01-19,4.717265940053186
2022-01-20,4.665825260295088
2022-01-21,4.624863229627538
2022-01-24,4.606438977660391
2022-01-25,4.603614514962668
2022-01-26,4.56381798793954
2022-01-27,4.522439165909523
2022-01-28,4.553971113033748
2022-01-31,4.622116079084005
2022-02-01,4.652712934152352
2022-02-02,4.671238398810727
2022-02-03,4.646065581305995
2022-02-04,4.624503037818986
2022-02-07,4.634636065084778
2022-02-08,4.656546444598888
2022-02-09,4.67620644139739
2022-02-10,4.665648843754639
2022-02-11,4.620091206042753
2022-02-14,4.582867739179189
2022-02-15,4.621751663351093
2022-02-16,4.647058341640152
2022-02-17,4.605207503948652
2022-02-18,4.57645578740327
2022-02-22,4.547170813193608
2022-02-23,4.496980797035084
2022-02-24,4.482350732854197
2022-02-25,4.555731372693881
2022-02-28,4.56341205859276
2022-03-01,4.51312353449333
2022-03-02,4.555820239460845
2022-03-03,4.574728390419306
2022-03-04,4.541614299292906
2022-03-07,4.463052895380294
2022-03-08,4.420115307284222
2022-03-09,4.4659845649926595
2022-03-10,4.483779029955898
2022-03-11,4.460113490889977
2022-03-14,4.439618385833098
2022-03-15,4.455399255369914
2022-03-16,4.535799840960056
2022-03-17,4.582158269057894
2022-03-18,4.612594215403809
2022-03-21,4.623545212216651
2022-03-22,4.677865678472468
2022-03-23,4.634911585177878
2022-03-24,4.62238700569182
2022-03-25,4.68608942053482
2022-03-28,4.697262716945674
2022-03-29,4.744764476731168
2022-03-30,4.743176893593272
2022-03-31,4.699990589561994
2022-04-01,4.693012191757964
2022-04-04,4.6999765822840605
2022-04-05,4.6717206455487545
2022-04-06,4.631532471977865
2022-04-07,4.615457801545281
2022-04-08,4.610396117575403
2022-04-11,4.574837809484377
2022-04-12,4.557540605854637
2022-04-13,4.587793262104527
2022-04-14,4.576697290801004
2022-04-18,4.56130024957323
2022-04-19,4.604958405366251
2022-04-20,4.632622182428554
2022-04-21,4.592987187139739
2022-04-22,4.515661055821107
2022-04-25,4.494113943615888
2022-04-26,4.429176897098536
2022-04-27,4.403663963711924
2022-04-28,4.4558544020628545
2022-04-29,4.396159311028138
2022-05-02,4.366158640233914
2022-05-03,4.393081250476154
2022-05-04,4.460436981533039
2022-05-05,4.399337927792583
2022-05-06,4.3471196435662876
2022-05-09,4.2729614588448666
2022-05-10,4.237328871879589
2022-05-11,4.2154981312741135
2022-05-12,4.195354719039859
2022-05-13,4.235394258354377
2022-05-16,4.255241361848361
2022-05-17,4.308545794414899
2022-05-18,4.244780123704235
2022-05-19,4.187245394395649
2022-05-20,4.187839068798108
2022-05-23,4.222731512469194
2022-05-24,4.229347465128389
2022-05-25,4.246878678899512
2022-05-26,4.300548011846811
2022-05-27,4.367822848110325
2022-05-31,4.379457553615636
2022-06-01,4.3624762805170585
2022-06-02,4.395379733790438
2022-06-03,4.375187869302332
2022-06-06,4.3738955296936854
2022-06-07,4.394367190889676
2022-06-08,4.375116456901416
2022-06-09,4.312928842419399
2022-06-10,4.235147328428913
2022-06-13,4.114396290772028
2022-06-14,4.078916159689311
2022-06-15,4.110146047580193
2022-06-16,4.019147286605574
2022-06-17,4.01723580287061
2022-06-21,4.0654559845363725
2022-06-22,4.070359305698025
2022-06-23,4.085351163527607
2022-06-24,4.15107183259906
2022-06-27,4.15520044728096
2022-06-28,4.117341409036121
2022-06-29,4.1044724644286
2022-06-30,4.093275535207152
2022-07-01,4.118272944577624
2022-07-05,4.123652449172924
2022-07-06,4.124276330181306
2022-07-07,4.1513490881712265
2022-07-08,4.154170371553175
2022-07-11,4.131748268600331
2022-07-12,4.11373780424375
2022-07-13,4.09106766474939
2022-07-14,4.076772068221226
2022-07-15,4.124894476288546
2022-07-18,4.1211053344182
2022-07-19,4.17846671708466
2022-07-20,4.20974303626497
2022-07-21,4.231749213954497
2022-07-22,4.220077168449387
2022-07-25,4.22560256295978
2022-07-26,4.212013561821015
2022-07-27,4.2575850237520685
2022-07-28,4.294549550081386
2022-07-29,4.331208850202916
2022-08-01,4.337794026807776
2022-08-02,4.315268708559175
2022-08-03,4.344716853560783
2022-08-04,4.334835292589382
2022-08-05,4.331806167933527
2022-08-08,4.334259120603358
2022-08-09,4.327816180303333
2022-08-10,4.370152846336866
2022-08-11,4.3901559248357565
2022-08-12,4.43397102036336
2022-08-15,4.4572585820561805
2022-08-16,4.467699147082295
2022-08-17,4.448278912519033
2022-08-18,4.452968702194834
2022-08-19,4.423010281717053
2022-08-22,4.360530891606975
2022-08-23,4.335482758731893
2022-08-24,4.3347575376796215
2022-08-25,4.372605147099517
2022-08-26,4.306499097032805
2022-08-29,4.265237409534615
2022-08-30,4.241003490524254
2022-08-31,4.213973642454665
2022-09-01,4.21387984291238
2022-09-02,4.193947226838821
2022-09-06,4.174633180824719
2022-09-07,4.209857171323375
2022-09-08,4.231468130896863
2022-09-09,4.269674152111399
2022-09-12,4.302568704249191
2022-09-13,4.204624218081241
2022-09-14,4.188742017551508
2022-09-15,4.174184849000984
2022-09-16,4.163307311884855
2022-09-19,4.181597025919612
2022-09-20,4.161167332786952
2022-09-21,4.121778894642844
2022-09-22,4.084240854110868
2022-09-23,4.042838570212818
2022-09-26,4.0018422773303755
2022-09-27,3.9918481701701687
2022-09-28,4.029842843022644
2022-09-29,3.9897143135287685
2022-09-30,3.9610108087538762
2022-10-03,4.001350780731287
2022-10-04,4.096982804736813
2022-10-05,4.099073285998509
2022-10-06,4.073174941058636
2022-10-07,4.012281127339101
2022-10-10,3.987335351406917
2022-10-11,3.977441899587234
2022-10-12,3.9596000705642553
2022-10-13,4.023231696241076
2022-10-14,4.004740884175586
2022-10-17,4.041047256678141
2022-10-18,4.079821166822559
2022-10-19,4.077581912518491
2022-10-20,4.028279675202277
2022-10-21,4.0673888645733225
2022-10-24,4.108607069802783
2022-10-25,4.151467033579365
2022-10-26,4.159125812340189
2022-10-27,4.162804495123353
2022-10-28,4.204132282748587
2022-10-31,4.229601781952489
2022-11-01,4.224995807750473
2022-11-02,4.165916309478207
2022-11-03,4.134083907987275
2022-11-04,4.170394822351447
2022-11-07,4.196310580819499
2022-11-08,4.204694288583301
2022-11-09,4.1775689467270105
2022-11-10,4.2647253976850354
2022-11-11,4.321563749526819
2022-11-14,4.313893534039164
2022-11-15,4.328171940236194
2022-11-16,4.309907270031528
2022-11-17,4.287422785979252
2022-11-18,4.298129715728345
2022-11-21,4.301315951198976
2022-11-22,4.324309763282399
2022-11-23,4.340853017328176
2022-11-25,4.353981297852451
2022-11-28,4.314329687944399
2022-11-29,4.309463492438252
2022-11-30,4.362992533988855
2022-12-01,4.390114102575625
2022-12-02,4.3882057913546895
2022-12-05,4.3317795760812565
2022-12-06,4.290455801441428
2022-12-07,4.276826773725003
2022-12-08,4.2836156795841305
2022-12-09,4.2806699513356605
2022-12-12,4.296489246615917
2022-12-13,4.3189063675626995
2022-12-14,4.278483087700418
2022-12-15,4.216412837533845
2022-12-16,4.182167366429833
2022-12-19,4.159345000112502
2022-12-20,4.157995948417005
2022-12-21,4.196042012603016
2022-12-22,4.1878561823145475
2022-12-23,4.188345875951903
2022-12-27,4.188837433855487
2022-12-28,4.160559283435472
2022-12-29,4.187365199440167
2022-12-30,4.187795014209697
2023-01-03,4.186996293103866
2023-01-04,4.207091716805763
2023-01-05,4.1933916289449655
2023-01-06,4.232994214363429
2023-01-09,4.250465949094817
2023-01-10,4.270685120888343
2023-01-11,4.297389923502952
2023-01-12,4.3253661184634264
2023-01-13,4.335237480912716
2023-01-17,4.338389715407676
2023-01-18,4.293712217062053
2023-01-19,4.27132443961982
2023-01-20,4.301661947548457
2023-01-23,4.342243622146164
2023-01-24,4.355582658227217
2023-01-25,4.353130889019445
2023-01-26,4.370330575025749
2023-01-27,4.382992361911935
2023-01-30,4.362168927807662
2023-01-31,4.398029202247404
2023-02-01,4.4278898763307595
2023-02-02,4.463231531245552
2023-02-03,4.465439317713249
2023-02-06,4.445897768732898
2023-02-07,4.471301803718484
2023-02-08,4.472133016623239
2023-02-09,4.439334955119072
2023-02-10,4.438614853408902
2023-02-13,4.469836833412005
2023-02-14,4.462527827492963
2023-02-15,4.477828093176347
2023-02-16,4.47323197039871
2023-02-17,4.457980376737836
2023-02-21,4.400135081579051
2023-02-22,4.381540784514943
2023-02-23,4.385796547247901
2023-02-24,4.368429706213672
2023-02-27,4.36226709563719
2023-02-28,4.355539986533071
2023-03-01,4.3529099284959365
2023-03-02,4.361706051007766
2023-03-03,4.393969171836982
2023-03-06,4.3975202362744765
2023-03-07,4.363538479517478
2023-03-08,4.355194928358609
2023-03-09,4.276377024893823
2023-03-10,4.208331209604006
2023-03-13,4.154494254584305
2023-03-14,4.191023810744516
2023-03-15,4.179877423685476
2023-03-16,4.212827058927395
2023-03-17,4.180167315931911
2023-03-20,4.199822410766011
2023-03-21,4.244718579042701
2023-03-22,4.207564090084588
2023-03-23,4.192493412216713
2023-03-24,4.213599513611479
2023-03-27,4.227971151370301
2023-03-28,4.225373299091704
2023-03-29,4.247281977340231
2023-03-30,4.262641974783122
2023-03-31,4.290124266052787
2023-04-03,4.321725415667476
2023-04-04,4.286346726367349
2023-04-05,4.266673996906814
2023-04-06,4.268532910697026
2023-04-10,4.286773595225295
2023-04-11,4.297084579065286
2023-04-12,4.311465203505767
2023-04-13,4.329620091151714
2023-04-14,4.330715527378342
2023-04-17,4.341568984440217
2023-04-18,4.339007434255325
2023-04-19,4.342351778205693
2023-04-20,4.335089569084193
2023-04-21,4.3232695535820405
2023-04-24,4.324386627666742
2023-04-25,4.284956051493371
2023-04-26,4.239481062386059
2023-04-27,4.260157228499867
2023-04-28,4.2926761430571005
2023-05-01,4.293837539441517
2023-05-02,4.252427163486329
2023-05-03,4.223717685837988
2023-05-04,4.1814195067832305
2023-05-05,4.218039326229503
2023-05-08,4.228324157981716
2023-05-09,4.203649207559549
2023-05-10,4.201335873390626
2023-05-11,4.188754047105553
2023-05-12,4.18444201407485
2023-05-15,4.1993130426450005
2023-05-16,4.185131952427707
2023-05-17,4.212643150671285
2023-05-18,4.2459502862302845
2023-05-19,4.250217090590385
2023-05-22,4.251901522975876
2023-05-23,4.254587029544434
2023-05-24,4.230570541239701
2023-05-25,4.214846725931494
2023-05-26,4.250970276348525
2023-05-30,4.269047853903542
2023-05-31,4.257210505854658
2023-06-01,4.292569618442137
2023-06-02,4.371981973724024
2023-06-05,4.357525995153958
2023-06-06,4.392941766692989
2023-06-07,4.440430939584271
2023-06-08,4.4356421012262235
2023-06-09,4.428085752059309
2023-06-12,4.45086674573648
2023-06-13,4.49899346653809
2023-06-14,4.504107604101712
2023-06-15,4.532625449166206
2023-06-16,4.5852890611337465
2023-06-20,4.562055056313875
2023-06-21,4.556737315482254
2023-06-22,4.519870790604186
2023-06-23,4.489165804486852
2023-06-26,4.481753576691136
2023-06-27,4.509804868798019
2023-06-28,4.516540233772936
2023-06-29,4.536403019642657
2023-06-30,4.547551169201593
2023-07-03,4.580344483462679
2023-07-05,4.570683415662588
2023-07-06,4.540858334517644
2023-07-07,4.550481699872702
2023-07-10,4.567767238696342
2023-07-11,4.599968136190444
2023-07-12,4.627114480483398
2023-07-13,4.64949571173741
2023-07-14,4.665886615014706
2023-07-17,4.669653115915761
2023-07-18,4.693783759584002
2023-07-19,4.713924512466827
2023-07-20,4.727979049704464
2023-07-21,4.709730585190138
2023-07-24,4.729731581304234
2023-07-25,4.737077032725102
2023-07-26,4.750990306625044
2023-07-27,4.7211457031242645
2023-07-28,4.707219805167181
2023-07-31,4.740585929256319
2023-08-01,4.744837480731474
2023-08-02,4.68848682454224
2023-08-03,4.656512378746125
2023-08-04,4.659965125694135
2023-08-07,4.675908114804296
2023-08-08,4.671813254423064
2023-08-09,4.628431428069634
2023-08-10,4.607313423017715
2023-08-11,4.611395576284419
2023-08-14,4.60070560703155
2023-08-15,4.586302617610848
2023-08-16,4.55209990565713
2023-08-17,4.541655485697678
2023-08-18,4.53372824993656
2023-08-21,4.523201184689156
2023-08-22,4.527379713804184
2023-08-23,4.550787622314684
2023-08-24,4.548339130478128
2023-08-25,4.530526913021159
2023-08-28,4.559002597541316
2023-08-29,4.590217414787228
2023-08-30,4.624784766924227
2023-08-31,4.625036278963279
2023-09-01,4.64232415779748
2023-09-05,4.608985981278174
2023-09-06,4.604903230378648
2023-09-07,4.580839793820907
2023-09-08,4.571760697481075
2023-09-11,4.6293633439583
2023-09-12,4.639610120712879
2023-09-13,4.6110435640220535
2023-09-14,4.647759856709083
2023-09-15,4.643235751521458
2023-09-18,4.616272992776468
2023-09-19,4.603237029612075
2023-09-20,4.593164153150688
2023-09-21,4.571826749827425
2023-09-22,4.538990445452473
2023-09-25,4.54273659473726
2023-09-26,4.521357494639185
2023-09-27,4.515447093412421
2023-09-28,4.516934872761112
2023-09-29,4.515093184191741
2023-10-02,4.503620380481473
2023-10-03,4.467549178852641
2023-10-04,4.459737099853933
2023-10-05,4.510878734391461
2023-10-06,4.526533427332532
2023-10-09,4.557885305195027
2023-10-10,4.579147292589124
2023-10-11,4.592233752488243
2023-10-12,4.572131766083169
2023-10-13,4.551013669629812
2023-10-16,4.565550356354985
2023-10-17,4.600327052926495
2023-10-18,4.561282414725017
2023-10-19,4.520768490263899
2023-10-20,4.486387217006538
2023-10-23,4.512074959982934
2023-10-24,4.5224379589469335
2023-10-25,4.512211522929622
2023-10-26,4.489080793020314
2023-10-27,4.4288743532897294
2023-10-30,4.4451493835889035
2023-10-31,4.476341167862845
2023-11-01,4.479753224111905
2023-11-02,4.552598083207656
2023-11-03,4.610601054089334
2023-11-06,4.627892467287717
2023-11-07,4.633660950808972
2023-11-08,4.628391064750734
2023-11-09,4.625847982778293
2023-11-10,4.650824616301351
2023-11-13,4.6656288101860195
2023-11-14,4.740282172907332
2023-11-15,4.763608123718346
2023-11-16,4.744956557703791
2023-11-17,4.756433159638583
2023-11-20,4.77319845396732
2023-11-21,4.782607878908323
2023-11-22,4.796315832117282
2023-11-24,4.813945486992898
2023-11-27,4.804968582799022
2023-11-28,4.794231139746351
2023-11-29,4.800735623366567
2023-11-30,4.8118552901703815
2023-12-01,4.853175120023046
2023-12-04,4.8624580562154165
2023-12-05,4.843393561585576
2023-12-06,4.832591790292529
2023-12-07,4.8440227125081945
2023-12-08,4.872839813887458
2023-12-11,4.873197674793218
2023-12-12,4.884239344764426
2023-12-13,4.939135482078633
2023-12-14,4.975832313992578
2023-12-15,4.9637889105535455
2023-12-18,4.979548632952081
2023-12-19,5.011939327188783
2023-12-20,4.992931592656007
2023-12-21,5.0029221077687245
2023-12-22,5.027194625117074
2023-12-26,5.051299791488506
2023-12-27,5.062960397470743
2023-12-28,5.068659590190525
2023-12-29,5.05001876537292
2024-01-02,5.045126010637303
2024-01-03,5.006232851965713
2024-01-04,4.999358343478025
2024-01-05,4.990279266539787
2024-01-08,5.0102255299976175
2024-01-09,5.0057813398880135
2024-01-10,5.014366524721025
2024-01-11,5.011954937012211
2024-01-12,5.006201616289216
2024-01-16,4.987371185116201
2024-01-17,4.97135597425076
2024-01-18,4.980277696353826
2024-01-19,5.014954380524475
2024-01-22,5.057127052647216
2024-01-23,5.057999041104138
2024-01-24,5.06180190009165
2024-01-25,5.0775379028432015
2024-01-26,5.075958433678469
2024-01-29,5.0932350080957525
2024-01-30,5.09126884378524
2024-01-31,5.03408392339413
2024-02-01,5.046110079756777
2024-02-02,5.062320810005799
2024-02-05,5.052274595437504
2024-02-06,5.055081614164731
2024-02-07,5.0579744256354315
2024-02-08,5.082193763488732
2024-02-09,5.097804356231249
2024-02-12,5.121762080354322
2024-02-13,5.0508827518235275
2024-02-14,5.084659426666393
2024-02-15,5.110427104167876
2024-02-16,5.107481595061287
2024-02-20,5.087855077006562
2024-02-21,5.079896437806935
2024-02-22,5.103721595135209
2024-02-23,5.144346518178573
2024-02-26,5.1339933996499765
2024-02-27,5.130997612419403
2024-02-28,5.129696570577834
2024-02-29,5.135126756676716
2024-03-01,5.158922047759191
2024-03-04,5.168221361172083
2024-03-05,5.149169326954285
2024-03-06,5.1511460240325775
2024-03-07,5.174201982803467
2024-03-08,5.186551115843304
2024-03-11,5.178674485967562
2024-03-12,5.19100655564676
2024-03-13,5.194184291117407
2024-03-14,5.162934995876865
2024-03-15,5.16321506233017
2024-03-18,5.1603944173648415
2024-03-19,5.18917773552109
2024-03-20,5.224756836627412
2024-03-21,5.246333363461384
2024-03-22,5.232565278713482
2024-03-25,5.2235930996518505
2024-03-26,5.206835162851261
2024-03-27,5.245454098737133
2024-03-28,5.2587796254491534
2024-04-01,5.245588788678953
2024-04-02,5.217207267604087
2024-04-03,5.202862275686613
2024-04-04,5.179049549067191
2024-04-05,5.165670699628765
2024-04-08,5.199013872497634
2024-04-09,5.2009693620969095
2024-04-10,5.1704830370476245
2024-04-11,5.165508623492132
2024-04-12,5.15867560446883
2024-04-15,5.113419666393218
2024-04-16,5.091488622834811
2024-04-17,5.073634658214358
2024-04-18,5.058305078282859
2024-04-19,5.066682882360374
2024-04-22,5.060196936593774
2024-04-23,5.113115329057292
2024-04-24,5.122326657284191
2024-04-25,5.103556333877865
2024-04-26,5.103523304636301
2024-04-29,5.129243702281829
2024-04-30,5.098742987094291
2024-05-01,5.087655154880768
2024-05-02,5.098069185149377
2024-05-03,5.134876412793098
2024-05-06,5.1779687709242594
2024-05-07,5.182038438386748
2024-05-08,5.158792206012598
2024-05-09,5.164109719584207
2024-05-10,5.1626450417455185
2024-05-13,5.169842908655702
2024-05-14,5.1797437272940225
2024-05-15,5.202901555883265
2024-05-16,5.221910747466069
2024-05-17,5.20621427948585
2024-05-20,5.206683984312454
2024-05-21,5.199558281621983
2024-05-22,5.187289996388866
2024-05-23,5.153846133497929
2024-05-24,5.154462813505976
2024-05-28,5.1622900191119045
2024-05-29,5.1306955891404105
2024-05-30,5.1368343236393565
2024-05-31,5.161906737415091
2024-06-03,5.178994234883799
2024-06-04,5.1711823409248225
2024-06-05,5.189639841365213
2024-06-06,5.203357446593286
2024-06-07,5.183187159335135
2024-06-10,5.183669651771159
2024-06-11,5.184124756448378
2024-06-12,5.21262663447251
2024-06-13,5.213252228494343
2024-06-14,5.192542693403439
2024-06-17,5.216389050759789
2024-06-18,5.219321810029177
2024-06-20,5.231259615966019
2024-06-21,5.221943164824459
2024-06-24,5.223193860789723
2024-06-25,5.218024360852242
2024-06-26,5.225558770753861
2024-06-27,5.245974744524309
2024-06-28,5.255614568086692
2024-07-01,5.231869833195169
2024-07-02,5.2615617956527565
2024-07-03,5.250051737763576
2024-07-05,5.24507978901313
2024-07-08,5.264190731566596
2024-07-09,5.259856926221316
2024-07-10,5.294926310093575
2024-07-11,5.370742149787735
2024-07-12,5.388966403462694
2024-07-15,5.431451968804526
2024-07-16,5.5185892070087545
2024-07-17,5.5438142940442425
2024-07-18,5.56074914078028
2024-07-19,5.5239622615775925
2024-07-22,5.554184246428176
2024-07-23,5.594003742143219
2024-07-24,5.524644629991572
2024-07-25,5.535824346804448
2024-07-26,5.5779349738665935
2024-07-29,5.5815269455574335
2024-07-30,5.607557935132515
2024-07-31,5.613537179712136
2024-08-01,5.570774382984304
2024-08-02,5.515753700693969
2024-08-05,5.381101766608967
2024-08-06,5.372240146877488
2024-08-07,5.363966534412873
2024-08-08,5.3950999453928885
2024-08-09,5.428507639698966
2024-08-12,5.4100213467998435
2024-08-13,5.4699576261377025
2024-08-14,5.49834519858141
2024-08-15,5.574384010551276
2024-08-16,5.618216337533899
2024-08-19,5.6473414263000725
2024-08-20,5.645118987299449
2024-08-21,5.657532038349461
2024-08-22,5.641663179520426
2024-08-23,5.707724997646668
2024-08-26,5.7251402568710725
2024-08-27,5.682997251362131
2024-08-28,5.675288748298792
2024-08-29,5.675473264019747
2024-08-30,5.703493242423023
2024-09-03,5.657160933275394
2024-09-04,5.633385733483815
2024-09-05,5.612004520959073
2024-09-06,5.549822006027743
2024-09-09,5.538433122315211
2024-09-10,5.552875660344499
2024-09-11,5.549088157943993
2024-09-12,5.602508530962915
2024-09-13,5.667531077675159
2024-09-16,5.691008394078503
2024-09-17,5.712068156919688
2024-09-18,5.708020434420874
2024-09-19,5.763942716613559
2024-09-20,5.751807089969091
2024-09-23,5.75446874607932
2024-09-24,5.755615351349592
2024-09-25,5.73248739774359
2024-09-26,5.753777640933169
2024-09-27,5.761130818025439
2024-09-30,5.783816029972471
2024-10-01,5.754056489339904
2024-10-02,5.724377409187291
2024-10-03,5.701511192751941
2024-10-04,5.73021614589419
2024-10-07,5.705672253792209
2024-10-08,5.713038274157322
2024-10-09,5.744851702082176
2024-10-10,5.746951395247672
2024-10-11,5.785731458962362
2024-10-14,5.812341232903071
2024-10-15,5.833897894574397
2024-10-16,5.853096999500529
2024-10-17,5.863050112833108
2024-10-18,5.868782790395781
2024-10-21,5.830740250665288
2024-10-22,5.834093435773994
2024-10-23,5.807604750750465
2024-10-24,5.7973830754947455
2024-10-25,5.782505506554213
2024-10-28,5.813553461294386
2024-10-29,5.811151156334153
2024-10-30,5.811950668021392
2024-10-31,5.74076739387665
2024-11-01,5.727841702751644
2024-11-04,5.731535892095975
2024-11-05,5.77334353451916
2024-11-06,5.9386150199293155
2024-11-07,5.944235469260258
2024-11-08,5.954496326294013
2024-11-11,5.992725457753829
2024-11-12,5.981845827064788
2024-11-13,5.969515739096592
2024-11-14,5.94239290451138
2024-11-15,5.909084386119398
2024-11-18,5.887945661320613
2024-11-19,5.896584162414564
2024-11-20,5.899261630697715
2024-11-21,5.926409931575641
2024-11-22,5.960506445422641
2024-11-25,5.985149339385539
2024-11-26,5.98214360124493
2024-11-27,5.986547854407122
2024-11-29,5.98771989331788
2024-12-02,6.000143314348772
2024-12-03,5.992031998505578
2024-12-04,6.01130274409933
2024-12-05,6.0147087754065325
2024-12-06,6.010116101924883
2024-12-09,6.016934533039615
2024-12-10,6.011023322380628
2024-12-11,6.018136192089349
2024-12-12,6.018048514122684
2024-12-13,6.008654382482357
2024-12-16,6.0089758555073685
2024-12-17,5.986234595685881
2024-12-18,5.881774524746204
2024-12-19,5.840692547470033
2024-12-20,5.876369318194737
2024-12-23,5.887122516918174
2024-12-24,5.9250933537714925
2024-12-26,5.944041826115641
2024-12-27,5.9089377432675985
2024-12-30,5.869471916888923
2024-12-31,5.843157069811749
