date,portfolio_value
2011-03-31,997673.7027647586
2011-04-01,999782.445862099
2011-04-04,994524.0124544036
2011-04-05,1002790.0245605321
2011-04-06,1012355.4235609754
2011-04-07,1009380.7247255169
2011-04-08,1005133.3663528098
2011-04-11,1000252.8157857616
2011-04-12,999144.3541899757
2011-04-13,1000511.5550018745
2011-04-14,1011012.5551186642
2011-04-15,1015300.3374447959
2011-04-18,1002844.2108931885
2011-04-19,1006689.7026892044
2011-04-20,1026406.3340293535
2011-04-21,1033382.0343391963
2011-04-25,1027144.8571575169
2011-04-26,1032782.9854989952
2011-04-27,1043277.5679226138
2011-04-28,1046226.3215102254
2011-04-29,1057668.3411258904
2011-05-02,1057607.1315983247
2011-05-03,1044205.5884872583
2011-05-04,1035129.3301083312
2011-05-05,1040240.3363612074
2011-05-06,1040679.6948703812
2011-05-09,1042459.920432218
2011-05-10,1058186.142486702
2011-05-11,1049910.253751012
2011-05-12,1059266.0183043375
2011-05-13,1045688.1794641865
2011-05-16,1034258.9967267648
2011-05-17,1027174.1540287609
2011-05-18,1033048.0957098365
2011-05-19,1038132.4060599895
2011-05-20,1030763.140837548
2011-05-23,1011966.9504849075
2011-05-24,1005731.6244631722
2011-05-25,1008235.3966010577
2011-05-26,1017088.1463860004
2011-05-27,1024611.9516173115
2011-05-31,1032706.7883352994
2011-06-01,998690.93834533
2011-06-02,988475.1307344374
2011-06-03,965847.8747966216
2011-06-06,949582.2826537895
2011-06-07,948858.8993466616
2011-06-08,935942.3946078037
2011-06-09,938039.3798130895
2011-06-10,926883.1486216383
2011-06-13,932785.5858873985
2011-06-14,955919.0530579351
2011-06-15,948028.0389883026
2011-06-16,957129.7522434852
2011-06-17,959283.5907055282
2011-06-20,968995.9270182798
2011-06-21,989623.9755297329
2011-06-22,983278.7923825466
2011-06-23,988636.6600250321
2011-06-24,980990.4886373184
2011-06-27,980201.4495957356
2011-06-28,998045.1114908423
2011-06-29,1004669.3757909235
2011-06-30,1021403.4635461507
2011-07-01,1029741.2860752754
2011-07-05,1026596.297738577
2011-07-06,1027322.4273776507
2011-07-07,1043969.400602773
2011-07-08,1033493.0861950414
2011-07-11,1007581.2503348031
2011-07-12,1004624.2478052413
2011-07-13,1012334.228522144
2011-07-14,994870.5678483667
2011-07-15,996558.6851891628
2011-07-18,978145.9049002646
2011-07-19,995922.1784329828
2011-07-20,998723.8543008696
2011-07-21,1010783.0685792535
2011-07-22,1013958.108754956
2011-07-25,998666.1149478353
2011-07-26,994218.0310379057
2011-07-27,968772.6001695708
2011-07-28,962099.4988793201
2011-07-29,959220.6492372778
2011-08-01,950445.3138908441
2011-08-02,916008.4126109877
2011-08-03,919447.3209913288
2011-08-04,855542.259678972
2011-08-05,837169.7379869212
2011-08-08,761136.4919994865
2011-08-09,804544.2449176041
2011-08-10,763990.4254579361
2011-08-11,808935.9683087445
2011-08-12,807655.5232904237
2011-08-15,838587.5535166024
2011-08-16,824210.9911198084
2011-08-17,827607.4801339936
2011-08-18,784925.4607605981
2011-08-19,767801.3175685336
2011-08-22,764550.755616696
2011-08-23,799216.1260775836
2011-08-24,808798.0594173642
2011-08-25,787436.2154264064
2011-08-26,805902.8782197405
2011-08-29,850696.0570696371
2011-08-30,855700.235997872
2011-08-31,855915.2897731267
2011-09-01,831555.6060781667
2011-09-02,801162.2762983482
2011-09-06,793567.618671651
2011-09-07,830772.3828701056
2011-09-08,813364.0133043296
2011-09-09,787512.7682060191
2011-09-12,794238.7006577345
2011-09-13,809356.3333775309
2011-09-14,819740.6475464547
2011-09-15,830180.3973054019
2011-09-16,827924.8801156348
2011-09-19,810646.8002291583
2011-09-20,798216.3687160773
2011-09-21,770969.79502692
2011-09-22,744700.7459585713
2011-09-23,757589.4816879802
2011-09-26,771066.4093899094
2011-09-27,788876.8929355933
2011-09-28,756503.6190697758
2011-09-29,765905.1318850664
2011-09-30,751638.7501319296
2011-10-03,707566.1515063626
2011-10-04,753634.3851858005
2011-10-05,764885.2155646639
2011-10-06,782005.2272908082
2011-10-07,762084.2551440671
2011-10-10,793293.8171796298
2011-10-11,801798.0714460261
2011-10-12,818305.2163346225
2011-10-13,818371.0675727174
2011-10-14,834484.6288728742
2011-10-17,805809.3192917816
2011-10-18,829499.1109341398
2011-10-19,810999.2433444903
2011-10-20,813032.3499018166
2011-10-21,830894.4511384506
2011-10-24,858012.2234064201
2011-10-25,832388.4135840117
2011-10-26,850998.994278271
2011-10-27,895185.6268861829
2011-10-28,895960.0332224059
2011-10-31,870674.4892771849
2011-11-01,837458.2012245945
2011-11-02,861791.5813635807
2011-11-03,881781.933767921
2011-11-04,875116.2262740864
2011-11-07,873691.5077697
2011-11-08,885136.2498314313
2011-11-09,843959.4787368373
2011-11-10,851319.5656836357
2011-11-11,871081.8247830897
2011-11-14,856788.6240789599
2011-11-15,865835.9930407517
2011-11-16,851637.5099843194
2011-11-17,841597.3319990501
2011-11-18,843441.6727946829
2011-11-21,822944.433233362
2011-11-22,817101.1851266428
2011-11-23,789743.5357462208
2011-11-25,780131.2926376198
2011-11-28,817009.6507448164
2011-11-29,810554.891322233
2011-11-30,856217.8441044602
2011-12-01,847781.9747970745
2011-12-02,856696.88604085
2011-12-05,883399.0104512689
2011-12-06,884082.6365519433
2011-12-07,885414.2532965873
2011-12-08,855083.9379642354
2011-12-09,881354.9413565487
2011-12-12,871209.9060610497
2011-12-13,853778.5568484213
2011-12-14,850421.7992141896
2011-12-15,855172.634104278
2011-12-16,861034.4767822862
2011-12-19,844540.7492394655
2011-12-20,877887.2016774866
2011-12-21,878822.8075312023
2011-12-22,886454.1847713174
2011-12-23,888703.9569903159
2011-12-27,889321.3379158502
2011-12-28,870231.8883008391
2011-12-29,882361.3266144192
2011-12-30,875177.5563915597
2012-01-03,892543.641871335
2012-01-04,888862.0456678692
2012-01-05,895106.5889455903
2012-01-06,891753.4812101652
2012-01-09,898100.8829916192
2012-01-10,908002.0758547818
2012-01-11,912065.3930405064
2012-01-12,917151.3177807289
2012-01-13,907950.3113886056
2012-01-17,905284.5079647539
2012-01-18,921838.8600221489
2012-01-19,925880.5783445787
2012-01-20,935402.4765613935
2012-01-23,936857.0158379168
2012-01-24,941291.5500623327
2012-01-25,949242.7492022476
2012-01-26,945584.7110916045
2012-01-27,970458.2758081073
2012-01-30,960073.5520648418
2012-01-31,963840.3912163723
2012-02-01,985296.2888974601
2012-02-02,988363.9929087464
2012-02-03,1009740.5482669764
2012-02-06,1009642.1913169739
2012-02-07,1011190.3393109773
2012-02-08,1013041.3008287956
2012-02-09,1012585.6283157455
2012-02-10,1000289.2398906213
2012-02-13,1014006.2391853085
2012-02-14,1010702.6496969732
2012-02-15,1006538.6774443403
2012-02-16,1018223.608540942
2012-02-17,1031006.4694100908
2012-02-21,1025226.4648634172
2012-02-22,1015020.9520815334
2012-02-23,1028567.4667208332
2012-02-24,1031328.4897156185
2012-02-27,1031600.8359282879
2012-02-28,1026039.1887229948
2012-02-29,1006332.0723851678
2012-03-01,1011979.9822857067
2012-03-02,995907.1428482961
2012-03-05,997496.0808530865
2012-03-06,982508.3621400059
2012-03-07,994955.7375501925
2012-03-08,1004414.7052812971
2012-03-09,1030205.6390048355
2012-03-12,1024873.1887713893
2012-03-13,1045634.1746437289
2012-03-14,1031308.7546703976
2012-03-15,1034209.8715791426
2012-03-16,1035788.68551545
2012-03-19,1048464.265726495
2012-03-20,1041972.1031005905
2012-03-21,1046522.556804388
2012-03-22,1038524.5558145749
2012-03-23,1047683.6035636541
2012-03-26,1065966.4641737293
2012-03-27,1060404.4986957572
2012-03-28,1054032.611138621
2012-03-29,1051547.9330473104
2012-03-30,1049610.713971261
2012-04-02,1056007.9226250222
2012-04-03,1056091.7327776116
2012-04-04,1056175.5495818004
2012-04-05,1056259.3730381164
2012-04-09,1056343.2031470877
2012-04-10,1056427.0399092422
2012-04-11,1056510.883325108
2012-04-12,1056594.7333952133
2012-04-13,1056678.590120086
2012-04-16,1056762.4535002543
2012-04-17,1056846.3235362463
2012-04-18,1056930.2002285905
2012-04-19,1057014.083577815
2012-04-20,1057097.9735844482
2012-04-23,1057181.8702490183
2012-04-24,1057265.773572054
2012-04-25,1057349.6835540836
2012-04-26,1057433.6001956356
2012-04-27,1057517.5234972383
2012-04-30,1057601.4534594207
2012-05-01,1057685.3900827111
2012-05-02,1057769.3333676383
2012-05-03,1057853.283314731
2012-05-04,1057937.239924518
2012-05-07,1058021.203197528
2012-05-08,1058105.1731342897
2012-05-09,1058189.149735332
2012-05-10,1058273.133001184
2012-05-11,1058357.1229323747
2012-05-14,1058441.1195294328
2012-05-15,1058525.1227928875
2012-05-16,1058609.132723268
2012-05-17,1058693.149321103
2012-05-18,1058777.172586922
2012-05-21,1058861.2025212543
2012-05-22,1058945.239124629
2012-05-23,1059029.2823975754
2012-05-24,1059113.3323406228
2012-05-25,1059197.3889543007
2012-05-29,1059281.4522391383
2012-05-30,1059365.5221956652
2012-05-31,1059449.598824411
2012-06-01,1059533.6821259048
2012-06-04,1059617.7721006768
2012-06-05,1059701.8687492562
2012-06-06,1059785.972072173
2012-06-07,1059870.0820699565
2012-06-08,1059954.1987431366
2012-06-11,1060038.3220922432
2012-06-12,1060122.452117806
2012-06-13,1060206.588820355
2012-06-14,1060290.7322004202
2012-06-15,1060374.8822585314
2012-06-18,1060459.0389952187
2012-06-19,1060543.202411012
2012-06-20,1060627.3725064415
2012-06-21,1060711.5492820372
2012-06-22,1060795.7327383293
2012-06-25,1060879.9228758481
2012-06-26,1060964.119695124
2012-06-27,1061048.323196687
2012-06-28,1061132.5333810677
2012-06-29,1062979.9044995366
2012-07-02,1074036.3537728153
2012-07-03,1091119.7625048312
2012-07-05,1092775.816735852
2012-07-06,1079435.7532219589
2012-07-09,1075196.9760429405
2012-07-10,1060303.3052195786
2012-07-11,1060812.2223721915
2012-07-12,1056494.9440785483
2012-07-13,1065353.639234463
2012-07-16,1058742.653096389
2012-07-17,1058751.588286274
2012-07-18,1061946.7814416948
2012-07-19,1052732.0989175132
2012-07-20,1044355.1043870917
2012-07-23,1025520.4555608694
2012-07-24,1007176.2414888475
2012-07-25,1007517.0557866592
2012-07-26,1009628.1623442629
2012-07-27,1031499.0121365706
2012-07-30,1029052.8739377675
2012-07-31,1020492.7037040355
2012-08-01,1009688.5931898698
2012-08-02,1000942.2546614322
2012-08-03,1023115.57038872
2012-08-06,1040157.1418705768
2012-08-07,1051797.0853858625
2012-08-08,1043036.7396085054
2012-08-09,1052781.4133261007
2012-08-10,1050987.5770599847
2012-08-13,1048028.019021867
2012-08-14,1047466.5417877128
2012-08-15,1054569.6481846569
2012-08-16,1064228.497393692
2012-08-17,1071821.4888016793
2012-08-20,1067445.865911855
2012-08-21,1065403.7820580495
2012-08-22,1063196.639552934
2012-08-23,1054436.4989249073
2012-08-24,1057505.3378301356
2012-08-27,1055510.5859009451
2012-08-28,1057975.9987180512
2012-08-29,1059538.3484045046
2012-08-30,1048757.5408340457
2012-08-31,1058597.8252504452
2012-09-04,1065918.513570005
2012-09-05,1064454.8656410389
2012-09-06,1083090.0726437496
2012-09-07,1092675.1129963116
2012-09-10,1090388.9101481095
2012-09-11,1099616.2306544026
2012-09-12,1109811.7748590177
2012-09-13,1122042.4578273245
2012-09-14,1138962.2972425455
2012-09-17,1129350.3072233112
2012-09-18,1124384.9649618964
2012-09-19,1124073.8752154678
2012-09-20,1118931.116159776
2012-09-21,1123211.1379038377
2012-09-24,1121209.2043584916
2012-09-25,1106865.8863422105
2012-09-26,1100084.4944461454
2012-09-27,1107651.9003727515
2012-09-28,1093614.4487189092
2012-10-01,1093653.975853781
2012-10-02,1096559.2229209698
2012-10-03,1093282.8388395312
2012-10-04,1102438.0066065583
2012-10-05,1097085.1542119724
2012-10-08,1092170.2601007475
2012-10-09,1080476.8169873275
2012-10-10,1079212.9824359277
2012-10-11,1091183.1300779118
2012-10-12,1086882.7108271718
2012-10-15,1089785.5605485428
2012-10-16,1095759.035573874
2012-10-17,1106427.211451415
2012-10-18,1095944.0802828146
2012-10-19,1078000.8848610115
2012-10-22,1078796.6013352557
2012-10-23,1071742.0120611414
2012-10-24,1066960.793054136
2012-10-25,1066295.909510087
2012-10-26,1064978.4289400307
2012-10-31,1072850.8500958646
2012-11-01,1087211.834682698
2012-11-02,1075588.6218914893
2012-11-05,1080618.0104087493
2012-11-06,1089134.1704214737
2012-11-07,1058226.7873534176
2012-11-08,1041407.4831126981
2012-11-09,1035912.2057894437
2012-11-12,1038620.6935234733
2012-11-13,1026550.0774033258
2012-11-14,1008861.1851396657
2012-11-15,1000034.8862130691
2012-11-16,998895.1958679834
2012-11-19,1024919.7940675778
2012-11-20,1024282.7342707951
2012-11-21,1026962.133785311
2012-11-23,1041869.0165579377
2012-11-26,1043978.0486484517
2012-11-27,1054274.076283389
2012-11-28,1061527.333421359
2012-11-29,1075684.8041336264
2012-11-30,1082591.0266550716
2012-12-03,1079654.4853352988
2012-12-04,1074907.5651189107
2012-12-05,1075651.0839052077
2012-12-06,1074519.187811496
2012-12-07,1070713.164333521
2012-12-10,1074798.8150078268
2012-12-11,1087239.9880492578
2012-12-12,1086314.3417071532
2012-12-13,1083402.4275109265
2012-12-14,1091408.8727743707
2012-12-17,1108045.3985173465
2012-12-18,1117673.833741778
2012-12-19,1112444.2149678438
2012-12-20,1119140.8076775933
2012-12-21,1105758.2237629672
2012-12-24,1099779.4024783408
2012-12-26,1094711.3658228707
2012-12-27,1090042.6730386391
2012-12-28,1082822.6134431704
2012-12-31,1110324.9238890377
2013-01-02,1139043.4315756683
2013-01-03,1139133.8318480155
2013-01-04,1139224.2392949876
2013-01-07,1139314.6539171538
2013-01-08,1139405.0757150839
2013-01-09,1139495.504689347
2013-01-10,1139585.9408405127
2013-01-11,1139676.3841691508
2013-01-14,1139766.834675831
2013-01-15,1139857.2923611228
2013-01-16,1139947.7572255959
2013-01-17,1140038.22926982
2013-01-18,1140128.7084943652
2013-01-22,1140219.1948998012
2013-01-23,1140309.688486698
2013-01-24,1140400.1892556257
2013-01-25,1140490.697207154
2013-01-28,1140581.212341853
2013-01-29,1140671.7346602927
2013-01-30,1140762.2641630436
2013-01-31,1140852.8008506757
2013-02-01,1140943.344723759
2013-02-04,1141033.895782864
2013-02-05,1141124.454028561
2013-02-06,1141215.0194614204
2013-02-07,1141305.5920820124
2013-02-08,1141396.171890908
2013-02-11,1141486.758888677
2013-02-12,1141577.3530758903
2013-02-13,1141667.9544531186
2013-02-14,1141758.5630209323
2013-02-15,1141849.1787799022
2013-02-19,1141939.801730599
2013-02-20,1142030.4318735935
2013-02-21,1142121.0692094564
2013-02-22,1142211.7137387588
2013-02-25,1142302.3654620715
2013-02-26,1142393.0243799654
2013-02-27,1142483.6904930114
2013-02-28,1142574.3638017806
2013-03-01,1142665.0443068442
2013-03-04,1142755.7320087734
2013-03-05,1142846.4269081391
2013-03-06,1142937.1290055127
2013-03-07,1143027.8383014656
2013-03-08,1143118.5547965688
2013-03-11,1143209.278491394
2013-03-12,1143300.0093865122
2013-03-13,1143390.7474824954
2013-03-14,1143481.4927799145
2013-03-15,1143572.2452793415
2013-03-18,1143663.0049813478
2013-03-19,1143753.7718865052
2013-03-20,1143844.5459953852
2013-03-21,1143935.3273085593
2013-03-22,1144026.1158265998
2013-03-25,1144116.911550078
2013-03-26,1144207.714479566
2013-03-27,1144298.5246156359
2013-03-28,1141942.382774173
2013-04-01,1123957.3217145633
2013-04-02,1115861.5920108177
2013-04-03,1101927.3618608336
2013-04-04,1103165.3625618734
2013-04-05,1097704.2871952702
2013-04-08,1096933.3732523397
2013-04-09,1104591.7678139098
2013-04-10,1118821.2833820416
2013-04-11,1123459.3937616101
2013-04-12,1131097.6804870614
2013-04-15,1090904.75194803
2013-04-16,1106258.7870911101
2013-04-17,1084255.1626638316
2013-04-18,1084239.2386591898
2013-04-19,1085235.3900981804
2013-04-22,1088446.4497013437
2013-04-23,1099149.6876350786
2013-04-24,1110897.7489597772
2013-04-25,1123517.605200978
2013-04-26,1115650.5641132544
2013-04-29,1110767.8587324808
2013-04-30,1120046.8977024483
2013-05-01,1098534.5191254169
2013-05-02,1104874.7638559176
2013-05-03,1119538.6056538124
2013-05-06,1118275.9677580274
2013-05-07,1116814.3872534581
2013-05-08,1129520.7082919516
2013-05-09,1130704.827134457
2013-05-10,1138128.2843974652
2013-05-13,1143746.0457087252
2013-05-14,1155616.0949960449
2013-05-15,1150495.0876286041
2013-05-16,1146157.054339765
2013-05-17,1151533.0271201362
2013-05-20,1160643.8038089399
2013-05-21,1164372.8467103667
2013-05-22,1157631.6052414153
2013-05-23,1165439.0993367636
2013-05-24,1167691.757499651
2013-05-28,1175717.7411492341
2013-05-29,1168419.7041706112
2013-05-30,1188651.4618977949
2013-05-31,1193037.3460336323
2013-06-03,1205543.8003766395
2013-06-04,1192888.6355417657
2013-06-05,1177097.901539672
2013-06-06,1188034.4022403422
2013-06-07,1192461.4706416917
2013-06-10,1193971.9103411816
2013-06-11,1187752.395194291
2013-06-12,1181044.7902552993
2013-06-13,1188744.155489157
2013-06-14,1183732.7234733177
2013-06-17,1184528.0850585918
2013-06-18,1202324.3796689508
2013-06-19,1185700.0646460876
2013-06-20,1161022.5933910725
2013-06-21,1164400.220354479
2013-06-24,1140832.7018966407
2013-06-25,1148833.799471945
2013-06-26,1152738.995078043
2013-06-27,1158385.1093334462
2013-06-28,1161518.2155771626
2013-07-01,1175244.4116507855
2013-07-02,1172249.5317087062
2013-07-03,1172678.6159011398
2013-07-05,1186814.727267324
2013-07-08,1193003.2347852415
2013-07-09,1198202.043038867
2013-07-10,1202586.038806244
2013-07-11,1217444.4717699855
2013-07-12,1222473.8165472902
2013-07-15,1237004.5896807704
2013-07-16,1238319.7188921755
2013-07-17,1245102.09520875
2013-07-18,1255939.2274788043
2013-07-19,1252620.8423388826
2013-07-22,1262585.9133653946
2013-07-23,1261708.9455258166
2013-07-24,1255669.0421170124
2013-07-25,1265345.8867359965
2013-07-26,1264481.747756763
2013-07-29,1256478.240416971
2013-07-30,1252213.0625671525
2013-07-31,1245058.887164093
2013-08-01,1252551.3885644516
2013-08-02,1245641.5724939054
2013-08-05,1256783.6767127228
2013-08-06,1243968.791251469
2013-08-07,1230269.5395658265
2013-08-08,1237305.702570619
2013-08-09,1235592.8698154266
2013-08-12,1251115.375015236
2013-08-13,1248442.6957835648
2013-08-14,1245041.8951260103
2013-08-15,1224999.6697384254
2013-08-16,1213173.3011061868
2013-08-19,1199843.8479024956
2013-08-20,1212138.3992141162
2013-08-21,1210408.8144078786
2013-08-22,1223593.6739730814
2013-08-23,1230267.1300448922
2013-08-26,1230922.0453959291
2013-08-27,1198761.1176253196
2013-08-28,1204163.2486032026
2013-08-29,1214104.072928821
2013-08-30,1202729.2632019054
2013-09-03,1212151.3597369809
2013-09-04,1223423.8187767707
2013-09-05,1231911.7471956466
2013-09-06,1232678.332920014
2013-09-09,1252095.1867357558
2013-09-10,1260816.6876226855
2013-09-11,1253920.2784098152
2013-09-12,1245377.36807167
2013-09-13,1251146.800260612
2013-09-16,1250562.0505032388
2013-09-17,1257774.7178279848
2013-09-18,1267955.5981732698
2013-09-19,1265050.0984551248
2013-09-20,1260769.4423544265
2013-09-23,1255452.9705011894
2013-09-24,1262571.5839394995
2013-09-25,1262229.4097733784
2013-09-26,1267548.8982111926
2013-09-27,1262309.9446870359
2013-09-30,1272358.7301388949
2013-10-01,1281166.4642613314
2013-10-02,1287718.383340931
2013-10-03,1273643.132267771
2013-10-04,1293187.967477028
2013-10-07,1287701.3738658472
2013-10-08,1265856.7193765317
2013-10-09,1257072.8170127308
2013-10-10,1292719.5853392545
2013-10-11,1306420.601817099
2013-10-14,1310244.4160535901
2013-10-15,1306537.0547571247
2013-10-16,1324242.2067444755
2013-10-17,1335088.4897315053
2013-10-18,1340241.7625843917
2013-10-21,1338582.801351011
2013-10-22,1343722.6995629892
2013-10-23,1335613.1408598637
2013-10-24,1346457.046307718
2013-10-25,1345198.508809628
2013-10-28,1352000.9435128192
2013-10-29,1364035.2991100666
2013-10-30,1346622.1034027815
2013-10-31,1335482.053208913
2013-11-01,1340832.8248416698
2013-11-04,1353409.95498372
2013-11-05,1347482.592498905
2013-11-06,1343935.5495708652
2013-11-07,1320230.0832323374
2013-11-08,1343190.0668238725
2013-11-11,1343605.742593811
2013-11-12,1337644.4179003094
2013-11-13,1341518.3431814201
2013-11-14,1341082.6622995385
2013-11-15,1344891.3807371194
2013-11-18,1344905.0947901525
2013-11-19,1343407.1614382947
2013-11-20,1349348.3192837273
2013-11-21,1360779.7924850404
2013-11-22,1372573.1432468407
2013-11-25,1370510.4634493478
2013-11-26,1383857.5066680436
2013-11-27,1398649.9392982826
2013-11-29,1408411.680349567
2013-12-02,1391920.9854476703
2013-12-03,1378416.2299341306
2013-12-04,1383484.5178985896
2013-12-05,1378456.2587631033
2013-12-06,1383529.7536364696
2013-12-09,1384257.335730551
2013-12-10,1380351.9508888377
2013-12-11,1360840.860774149
2013-12-12,1356969.3502577872
2013-12-13,1368760.3315497027
2013-12-16,1376767.2070428901
2013-12-17,1377296.0848130153
2013-12-18,1389659.8571001836
2013-12-19,1389352.6582355024
2013-12-20,1407511.9120042296
2013-12-23,1412038.725986219
2013-12-24,1418942.473581631
2013-12-26,1425583.7596839066
2013-12-27,1431756.4748324498
2013-12-30,1432574.63284289
2013-12-31,1435260.7017156323
2014-01-02,1432747.1073344995
2014-01-03,1439491.8609005196
2014-01-06,1434133.809187769
2014-01-07,1439017.2476281591
2014-01-08,1440200.6184005665
2014-01-09,1440244.5500252098
2014-01-10,1445296.5532476592
2014-01-13,1437584.7616030178
2014-01-14,1457996.3164880932
2014-01-15,1484596.4577499586
2014-01-16,1495813.314739756
2014-01-17,1495908.785860362
2014-01-21,1507345.551525374
2014-01-22,1513078.7883728817
2014-01-23,1497166.7840216125
2014-01-24,1464465.6962944467
2014-01-27,1438594.5695033262
2014-01-28,1448194.445458439
2014-01-29,1433878.603583
2014-01-30,1448165.8493997576
2014-01-31,1441548.8281518556
2014-02-03,1402689.5446198396
2014-02-04,1403847.2114048442
2014-02-05,1410875.7751971248
2014-02-06,1418006.6656836043
2014-02-07,1438469.9736753777
2014-02-10,1444983.4354075536
2014-02-11,1452670.1578423558
2014-02-12,1454943.4925048784
2014-02-13,1474970.8002384044
2014-02-14,1481374.8947366483
2014-02-18,1500795.2707930044
2014-02-19,1488752.480560064
2014-02-20,1489852.5151456713
2014-02-21,1490974.987943357
2014-02-24,1498147.299455435
2014-02-25,1505118.2043631626
2014-02-26,1523501.2896825452
2014-02-27,1550533.1828591605
2014-02-28,1541700.32697295
2014-03-03,1528818.1097503025
2014-03-04,1561771.4694178908
2014-03-05,1571434.051806684
2014-03-06,1573270.7290075533
2014-03-07,1560617.8773691729
2014-03-10,1560308.3166454304
2014-03-11,1547225.8582677976
2014-03-12,1547930.8887545154
2014-03-13,1526805.6887024615
2014-03-14,1532176.034518117
2014-03-17,1535739.6252127157
2014-03-18,1544441.86727365
2014-03-19,1542594.3706285246
2014-03-20,1546952.2623595966
2014-03-21,1536897.6876306345
2014-03-24,1519642.019022129
2014-03-25,1525400.1679851396
2014-03-26,1496949.7600541632
2014-03-27,1491267.7597458921
2014-03-28,1497862.814031239
2014-03-31,1501246.4759720028
2014-04-01,1524735.3634144545
2014-04-02,1531506.0701496245
2014-04-03,1531627.61825043
2014-04-04,1531749.1759979103
2014-04-07,1531870.7433928307
2014-04-08,1531992.320435957
2014-04-09,1532113.907128055
2014-04-10,1532235.5034698907
2014-04-11,1532357.1094622295
2014-04-14,1532478.7251058377
2014-04-15,1532600.350401481
2014-04-16,1532721.9853499255
2014-04-17,1532843.6299519374
2014-04-21,1532965.2842082828
2014-04-22,1533086.948119728
2014-04-23,1533208.621687039
2014-04-24,1533330.3049109825
2014-04-25,1533451.9977923247
2014-04-28,1533573.700331832
2014-04-29,1533695.412530271
2014-04-30,1533817.1343884084
2014-05-01,1533938.8659070106
2014-05-02,1534060.6070868445
2014-05-05,1534182.3579286768
2014-05-06,1534304.1184332743
2014-05-07,1534425.888601404
2014-05-08,1534547.6684338327
2014-05-09,1534669.4579313274
2014-05-12,1534791.2570946552
2014-05-13,1534913.0659245832
2014-05-14,1535034.8844218787
2014-05-15,1535156.712587309
2014-05-16,1535278.5504216414
2014-05-19,1535400.3979256433
2014-05-20,1535522.255100082
2014-05-21,1535644.1219457248
2014-05-22,1535765.9984633396
2014-05-23,1535887.8846536938
2014-05-27,1536009.780517555
2014-05-28,1536131.6860556914
2014-05-29,1536253.6012688705
2014-05-30,1536375.5261578602
2014-06-02,1536497.4607234283
2014-06-03,1536619.404966343
2014-06-04,1536741.358887372
2014-06-05,1536863.3224872837
2014-06-06,1536985.2957668463
2014-06-09,1537107.2787268278
2014-06-10,1537229.2713679967
2014-06-11,1537351.2736911213
2014-06-12,1537473.2856969698
2014-06-13,1537595.3073863108
2014-06-16,1537717.3387599129
2014-06-17,1537839.3798185447
2014-06-18,1537961.4305629747
2014-06-19,1538083.4909939717
2014-06-20,1538205.5611123045
2014-06-23,1538327.640918742
2014-06-24,1538449.730414053
2014-06-25,1538571.8295990066
2014-06-26,1538693.9384743716
2014-06-27,1538816.0570409172
2014-06-30,1530272.330521957
2014-07-01,1540543.8923385746
2014-07-02,1543536.8656889158
2014-07-03,1547191.3333045542
2014-07-07,1519175.3502091179
2014-07-08,1490167.817634886
2014-07-09,1490262.6970625562
2014-07-10,1474698.9425274036
2014-07-11,1469735.2181359355
2014-07-14,1490300.892693278
2014-07-15,1473485.1018229842
2014-07-16,1465830.224963522
2014-07-17,1443056.6319594572
2014-07-18,1461911.1655050863
2014-07-21,1464270.5387548816
2014-07-22,1476616.336443178
2014-07-23,1474374.7293104576
2014-07-24,1470930.3707942672
2014-07-25,1465376.8690785223
2014-07-28,1456499.7278729803
2014-07-29,1457320.598888301
2014-07-30,1467821.9641471533
2014-07-31,1427342.7746870057
2014-08-01,1406489.4962109686
2014-08-04,1412374.8844903023
2014-08-05,1406391.7663711482
2014-08-06,1410420.4352411588
2014-08-07,1390835.6325856384
2014-08-08,1406834.801905971
2014-08-11,1416651.1704800574
2014-08-12,1408670.9602976074
2014-08-13,1421295.6711831645
2014-08-14,1426130.536928271
2014-08-15,1422078.5135994756
2014-08-18,1445027.7470599452
2014-08-19,1449545.4166203795
2014-08-20,1444052.3978682212
2014-08-21,1448022.0013824077
2014-08-22,1453154.8277029279
2014-08-25,1456518.5294966667
2014-08-26,1463389.950621608
2014-08-27,1465757.9216696015
2014-08-28,1459506.2592049795
2014-08-29,1471361.7526517604
2014-09-02,1468981.7688687334
2014-09-03,1467188.4768228
2014-09-04,1470335.0663252687
2014-09-05,1470423.2772320064
2014-09-08,1476075.6222137471
2014-09-09,1461014.310979185
2014-09-10,1471359.06364898
2014-09-11,1467799.3013378056
2014-09-12,1464872.9670600144
2014-09-15,1440402.6832077573
2014-09-16,1440604.215858266
2014-09-17,1450805.6832461979
2014-09-18,1442793.8827733723
2014-09-19,1425145.8026692676
2014-09-22,1396682.0603132737
2014-09-23,1384784.1181493949
2014-09-24,1395654.3067969116
2014-09-25,1375977.5044155065
2014-09-26,1384767.1535360801
2014-09-29,1367999.0810194567
2014-09-30,1380025.3868900468
2014-10-01,1344420.0675107425
2014-10-02,1343756.7406235237
2014-10-03,1351609.8030403967
2014-10-06,1337897.7389654203
2014-10-07,1315843.5862080858
2014-10-08,1340622.4692675662
2014-10-09,1305611.0294071196
2014-10-10,1327995.9109860093
2014-10-13,1332604.0220070463
2014-10-14,1324986.9942666255
2014-10-15,1340000.224944253
2014-10-16,1356424.9202726104
2014-10-17,1359533.1643269514
2014-10-20,1380377.8817770807
2014-10-21,1397708.6153014302
2014-10-22,1360920.972459901
2014-10-23,1370044.184003454
2014-10-24,1368245.5188854237
2014-10-27,1361497.4921323943
2014-10-28,1390858.1926071704
2014-10-29,1393579.5901084628
2014-10-30,1403160.3997704666
2014-10-31,1419864.2397108064
2014-11-03,1412969.4745652806
2014-11-04,1401586.150502103
2014-11-05,1403422.1636940017
2014-11-06,1395378.0669458308
2014-11-07,1403161.1721000301
2014-11-10,1394726.4620267479
2014-11-11,1391287.0991591818
2014-11-12,1402325.018201505
2014-11-13,1399337.6872789895
2014-11-14,1406361.8347157617
2014-11-17,1392812.7165485194
2014-11-18,1384657.7077843705
2014-11-19,1377139.9353792528
2014-11-20,1393282.071140626
2014-11-21,1406832.7770491585
2014-11-24,1414342.1217370508
2014-11-25,1394947.737739266
2014-11-26,1394577.7670942547
2014-11-28,1356325.5486764163
2014-12-01,1327632.5805841195
2014-12-02,1330626.521802982
2014-12-03,1342929.4117124185
2014-12-04,1327070.4058416318
2014-12-05,1334260.916749385
2014-12-08,1302877.4021863393
2014-12-09,1324394.512003958
2014-12-10,1289765.6297194182
2014-12-11,1291617.4546271355
2014-12-12,1276304.544589839
2014-12-15,1243348.4260003194
2014-12-16,1247076.5849964165
2014-12-17,1287301.4182526618
2014-12-18,1314125.030137125
2014-12-19,1322456.506135139
2014-12-22,1326832.6662718537
2014-12-23,1329489.2059900735
2014-12-24,1334107.067602069
2014-12-26,1354136.8730748626
2014-12-29,1356204.940842288
2014-12-30,1347994.592412342
2014-12-31,1360440.068797702
2015-01-02,1357185.8704240054
2015-01-05,1328325.6059899232
2015-01-06,1314179.5771560457
2015-01-07,1315833.4968337296
2015-01-08,1340686.3207538174
2015-01-09,1341145.1927141
2015-01-12,1319935.9469315654
2015-01-13,1309248.381989749
2015-01-14,1311327.9268692627
2015-01-15,1286461.2889228482
2015-01-16,1309057.9130044729
2015-01-20,1294211.5641686434
2015-01-21,1290998.5122954033
2015-01-22,1283940.9998221612
2015-01-23,1281523.1876310434
2015-01-26,1293698.662458728
2015-01-27,1285242.3354059637
2015-01-28,1272642.8499567632
2015-01-29,1280271.120987757
2015-01-30,1285538.7759651695
2015-02-02,1308444.587503871
2015-02-03,1360775.6140045892
2015-02-04,1340481.9272860799
2015-02-05,1435176.2142269218
2015-02-06,1438807.9724995603
2015-02-09,1431333.9617493185
2015-02-10,1395492.4892400198
2015-02-11,1402536.5035449502
2015-02-12,1424206.4603423337
2015-02-13,1437660.8260145339
2015-02-17,1460538.098274239
2015-02-18,1447009.284196944
2015-02-19,1448633.6185601829
2015-02-20,1467993.9883191744
2015-02-23,1451979.3883687817
2015-02-24,1443232.9231501918
2015-02-25,1451087.8878581421
2015-02-26,1446944.878088061
2015-02-27,1447097.4094849555
2015-03-02,1441180.0224062812
2015-03-03,1455902.5692599772
2015-03-04,1474541.1643488323
2015-03-05,1463906.6382517475
2015-03-06,1460422.4771120977
2015-03-09,1457737.7661102063
2015-03-10,1419066.7399541799
2015-03-11,1438900.0994529193
2015-03-12,1448115.3287516995
2015-03-13,1431983.2429608996
2015-03-16,1417838.3828653935
2015-03-17,1418722.3745253582
2015-03-18,1439335.122764034
2015-03-19,1428341.1152131967
2015-03-20,1463619.0189458376
2015-03-23,1463326.2685902638
2015-03-24,1465571.1506630955
2015-03-25,1434899.3239613743
2015-03-26,1444075.527903595
2015-03-27,1430122.5480540984
2015-03-30,1471551.9107964719
2015-03-31,1453388.9626475626
2015-04-01,1447096.6697484825
2015-04-02,1443842.414888471
2015-04-06,1443957.0055563191
2015-04-07,1444071.6053186648
2015-04-08,1444186.2141762297
2015-04-09,1444300.8321297357
2015-04-10,1444415.4591799048
2015-04-13,1444530.0953274588
2015-04-14,1444644.7405731196
2015-04-15,1444759.3949176096
2015-04-16,1444874.0583616507
2015-04-17,1444988.7309059652
2015-04-20,1445103.4125512752
2015-04-21,1445218.1032983032
2015-04-22,1445332.8031477714
2015-04-23,1445447.5121004023
2015-04-24,1445562.230156918
2015-04-27,1445676.9573180417
2015-04-28,1445791.6935844955
2015-04-29,1445906.4389570022
2015-04-30,1446021.1934362845
2015-05-01,1446135.9570230653
2015-05-04,1446250.7297180672
2015-05-05,1446365.511522013
2015-05-06,1446480.3024356258
2015-05-07,1446595.1024596286
2015-05-08,1446709.9115947445
2015-05-11,1446824.7298416966
2015-05-12,1446939.5572012078
2015-05-13,1447054.3936740016
2015-05-14,1447169.239260801
2015-05-15,1447284.0939623297
2015-05-18,1447398.9577793109
2015-05-19,1447513.830712468
2015-05-20,1447628.7127625244
2015-05-21,1447743.603930204
2015-05-22,1447858.5042162302
2015-05-26,1447973.4136213267
2015-05-27,1448088.3321462173
2015-05-28,1448203.2597916257
2015-05-29,1448318.1965582757
2015-06-01,1448433.1424468914
2015-06-02,1448548.0974581968
2015-06-03,1448663.0615929158
2015-06-04,1448778.0348517725
2015-06-05,1448893.017235491
2015-06-08,1449008.0087447953
2015-06-09,1449123.00938041
2015-06-10,1449238.0191430592
2015-06-11,1449353.0380334673
2015-06-12,1449468.0660523588
2015-06-15,1449583.1032004582
2015-06-16,1449698.14947849
2015-06-17,1449813.2048871787
2015-06-18,1449928.2694272492
2015-06-19,1450043.343099426
2015-06-22,1450158.425904434
2015-06-23,1450273.5178429978
2015-06-24,1450388.6189158424
2015-06-25,1450503.729123693
2015-06-26,1450618.848467274
2015-06-29,1450733.976947311
2015-06-30,1432481.817633544
2015-07-01,1419766.6279826
2015-07-02,1415839.3107029428
2015-07-06,1401039.624519037
2015-07-07,1386338.4647977906
2015-07-08,1353892.8209884118
2015-07-09,1376158.508521732
2015-07-10,1390199.3771028614
2015-07-13,1406479.8861291907
2015-07-14,1421868.7768635575
2015-07-15,1399862.814679787
2015-07-16,1405232.16350962
2015-07-17,1388202.3920151826
2015-07-20,1369707.6538059716
2015-07-21,1367015.3410437289
2015-07-22,1351377.3952708428
2015-07-23,1343815.638930809
2015-07-24,1313056.2375515304
2015-07-27,1294212.0024139213
2015-07-28,1307011.8571841219
2015-07-29,1319195.2748268193
2015-07-30,1316953.1207538578
2015-07-31,1311762.2284805833
2015-08-03,1293675.5534694022
2015-08-04,1289544.6138638344
2015-08-05,1284135.2209524473
2015-08-06,1282566.2823417895
2015-08-07,1266918.146222513
2015-08-10,1289361.2302049599
2015-08-11,1274236.11587648
2015-08-12,1288543.5069481665
2015-08-13,1285605.3704721427
2015-08-14,1285693.0977488512
2015-08-17,1289201.0657850818
2015-08-18,1286532.0963915142
2015-08-19,1274014.0359875753
2015-08-20,1243593.7710669988
2015-08-21,1235815.8965161948
2015-08-24,1173778.0346894236
2015-08-25,1178164.5968535945
2015-08-26,1195834.1489174706
2015-08-27,1244183.37858932
2015-08-28,1273763.1340594862
2015-08-31,1294933.6549317585
2015-09-01,1264125.0872427984
2015-09-02,1268530.7697816167
2015-09-03,1272051.70755883
2015-09-04,1259413.4627820393
2015-09-08,1272193.6856079712
2015-09-09,1260609.749911532
2015-09-10,1265143.537901937
2015-09-11,1261256.3829139082
2015-09-14,1250578.6900754035
2015-09-15,1259897.8585499835
2015-09-16,1280104.5376348759
2015-09-17,1285360.9825521966
2015-09-18,1268143.6125715794
2015-09-21,1261711.6921380844
2015-09-22,1238559.4217972476
2015-09-23,1225430.8364992202
2015-09-24,1230493.509589363
2015-09-25,1203104.407522468
2015-09-28,1168053.125954056
2015-09-29,1139390.8800686926
2015-09-30,1132957.3315238915
2015-10-01,1129374.5048686317
2015-10-02,1156383.5301040458
2015-10-05,1190591.9427082627
2015-10-06,1201501.5957747996
2015-10-07,1220319.4998392651
2015-10-08,1233377.4634255236
2015-10-09,1241986.4749564077
2015-10-12,1238065.2841488426
2015-10-13,1222417.1843654183
2015-10-14,1215184.116694273
2015-10-15,1257310.9590027535
2015-10-16,1252820.21989636
2015-10-19,1235908.4147786412
2015-10-20,1232908.1239735722
2015-10-21,1211392.5576914472
2015-10-22,1212624.933082965
2015-10-23,1223221.8864213023
2015-10-26,1212058.7861400337
2015-10-27,1185129.0561528627
2015-10-28,1222401.6382931129
2015-10-29,1207878.6198284526
2015-10-30,1206454.0216097345
2015-11-02,1245222.1165192425
2015-11-03,1260155.208695236
2015-11-04,1250653.4035269073
2015-11-05,1255042.7321725022
2015-11-06,1259793.2219701456
2015-11-09,1249380.5982582506
2015-11-10,1242043.1997913003
2015-11-11,1223790.9540358933
2015-11-12,1197181.88550943
2015-11-13,1220008.749469415
2015-11-16,1212297.3406869771
2015-11-17,1210112.2954109327
2015-11-18,1218015.9052550371
2015-11-19,1210251.7584453402
2015-11-20,1212368.451208896
2015-11-23,1211163.390415968
2015-11-24,1227058.6472049844
2015-11-25,1232570.6971866498
2015-11-27,1232050.7261401769
2015-11-30,1233291.505762325
2015-12-01,1237743.1006108485
2015-12-02,1221642.4169132162
2015-12-03,1199768.88595391
2015-12-04,1199285.4551636265
2015-12-07,1170034.167063003
2015-12-08,1180666.599940646
2015-12-09,1173798.4904534423
2015-12-10,1181709.9891421138
2015-12-11,1158496.595203982
2015-12-14,1142366.1484080576
2015-12-15,1176710.9143486589
2015-12-16,1195900.6856209862
2015-12-17,1182720.4521501984
2015-12-18,1191313.1229289689
2015-12-21,1192883.443684186
2015-12-22,1202934.1911929443
2015-12-23,1231552.3182614048
2015-12-24,1250709.7040328644
2015-12-28,1222561.60824074
2015-12-29,1239868.2845740763
2015-12-30,1224648.2946201668
2015-12-31,1222777.6405043337
2016-01-04,1226846.5963281048
2016-01-05,1221970.3938453891
2016-01-06,1232578.3259196877
2016-01-07,1191954.4573412766
2016-01-08,1167403.7273669974
2016-01-11,1139873.5426519467
2016-01-12,1136026.165996375
2016-01-13,1089866.687193373
2016-01-14,1108194.6745687134
2016-01-15,1075476.3573019737
2016-01-19,1053623.5630130798
2016-01-20,1056352.5225445323
2016-01-21,1075791.9495750354
2016-01-22,1112434.0620692691
2016-01-25,1095563.31237916
2016-01-26,1128224.1425328874
2016-01-27,1120642.4091078537
2016-01-28,1122503.1042736694
2016-01-29,1162032.3288231425
2016-02-01,1153705.3062464627
2016-02-02,1128999.131702501
2016-02-03,1141843.3702708122
2016-02-04,1168440.2063382692
2016-02-05,1132113.7064412727
2016-02-08,1115188.7892181964
2016-02-09,1100807.351527465
2016-02-10,1097217.3079504748
2016-02-11,1077950.072319095
2016-02-12,1101908.0828639627
2016-02-16,1131048.2160249867
2016-02-17,1179027.0873451803
2016-02-18,1173386.9433641413
2016-02-19,1179628.3942228681
2016-02-22,1202534.8701998317
2016-02-23,1193112.1417461706
2016-02-24,1198058.2912116842
2016-02-25,1197988.011543351
2016-02-26,1230774.0651882184
2016-02-29,1246985.8013382272
2016-03-01,1270837.4447467627
2016-03-02,1295165.4863061702
2016-03-03,1317990.6747847092
2016-03-04,1331861.0859529804
2016-03-07,1363527.4453889618
2016-03-08,1313800.1230557777
2016-03-09,1315785.597732981
2016-03-10,1302715.5973707756
2016-03-11,1325533.755351362
2016-03-14,1338549.8638865948
2016-03-15,1303937.1903351108
2016-03-16,1319162.4266415872
2016-03-17,1342125.1460588407
2016-03-18,1360003.0291045974
2016-03-21,1370336.8224480962
2016-03-22,1365382.4718471207
2016-03-23,1327330.2753668313
2016-03-24,1354162.0084470843
2016-03-28,1360668.0134878792
2016-03-29,1377983.7017124244
2016-03-30,1378236.7482285295
2016-03-31,1364425.8726759453
2016-04-01,1366299.2066540536
2016-04-04,1349145.300703326
2016-04-05,1349252.3757271913
2016-04-06,1349359.4592490743
2016-04-07,1349466.5512696498
2016-04-08,1349573.6517895919
2016-04-11,1349680.7608095752
2016-04-12,1349787.8783302745
2016-04-13,1349895.0043523642
2016-04-14,1350002.1388765192
2016-04-15,1350109.281903414
2016-04-18,1350216.4334337239
2016-04-19,1350323.5934681233
2016-04-20,1350430.7620072875
2016-04-21,1350537.9390518912
2016-04-22,1350645.1246026095
2016-04-25,1350752.3186601177
2016-04-26,1350859.5212250906
2016-04-27,1350966.7322982037
2016-04-28,1351073.951880132
2016-04-29,1351181.179971551
2016-05-02,1351288.416573136
2016-05-03,1351395.6616855625
2016-05-04,1351502.9153095058
2016-05-05,1351610.1774456415
2016-05-06,1351717.448094645
2016-05-09,1351824.7272571921
2016-05-10,1351932.0149339586
2016-05-11,1352039.31112562
2016-05-12,1352146.6158328522
2016-05-13,1352253.929056331
2016-05-16,1352361.2507967323
2016-05-17,1352468.581054732
2016-05-18,1352575.919831006
2016-05-19,1352683.2671262308
2016-05-20,1352790.622941082
2016-05-23,1352897.987276236
2016-05-24,1353005.360132369
2016-05-25,1353112.7415101572
2016-05-26,1353220.131410277
2016-05-27,1353327.5298334048
2016-05-31,1353434.936780217
2016-06-01,1353542.3522513902
2016-06-02,1353649.7762476006
2016-06-03,1353757.208769525
2016-06-06,1353864.64981784
2016-06-07,1353972.0993932222
2016-06-08,1354079.5574963486
2016-06-09,1354187.024127896
2016-06-10,1354294.499288541
2016-06-13,1354401.9829789607
2016-06-14,1354509.475199832
2016-06-15,1354616.975951832
2016-06-16,1354724.4852356378
2016-06-17,1354832.0030519264
2016-06-20,1354939.529401375
2016-06-21,1355047.0642846609
2016-06-22,1355154.6077024613
2016-06-23,1355262.1596554536
2016-06-24,1355369.7201443152
2016-06-27,1355477.2891697234
2016-06-28,1355584.866732356
2016-06-29,1355692.4528328902
2016-06-30,1360115.6512738382
2016-07-01,1388648.6742429056
2016-07-05,1355847.2922011833
2016-07-06,1359641.0181150883
2016-07-07,1360425.8956255927
2016-07-08,1387357.6732721142
2016-07-11,1397599.1642261653
2016-07-12,1428544.6442138709
2016-07-13,1415101.410565802
2016-07-14,1410788.695228958
2016-07-15,1413508.9251263095
2016-07-18,1419446.8175699145
2016-07-19,1404946.8414495357
2016-07-20,1423671.4639223274
2016-07-21,1423471.8792425364
2016-07-22,1431531.8783471037
2016-07-25,1419689.0445776163
2016-07-26,1425691.357729323
2016-07-27,1422213.0180976856
2016-07-28,1417226.0168326735
2016-07-29,1425712.4321606134
2016-08-01,1426355.3896292567
2016-08-02,1408946.9970264197
2016-08-03,1422060.5533434036
2016-08-04,1425538.8452484393
2016-08-05,1433162.1506703692
2016-08-08,1443150.976512426
2016-08-09,1441482.2411076517
2016-08-10,1427254.5292014487
2016-08-11,1442081.306417409
2016-08-12,1459471.97778157
2016-08-15,1474787.1973113087
2016-08-16,1467191.3110221238
2016-08-17,1467173.9757456307
2016-08-18,1477561.4819374827
2016-08-19,1472705.7296773046
2016-08-22,1470363.3195446415
2016-08-23,1476896.9867323686
2016-08-24,1463661.4667704038
2016-08-25,1460587.0154631974
2016-08-26,1465377.0176377906
2016-08-29,1474057.7772566634
2016-08-30,1484941.163320117
2016-08-31,1482619.285414091
2016-09-01,1477197.794204086
2016-09-02,1503209.7842239956
2016-09-06,1517077.323818285
2016-09-07,1520130.3424357409
2016-09-08,1528980.9236794864
2016-09-09,1486113.0585629307
2016-09-12,1503611.2717104068
2016-09-13,1476197.8384148076
2016-09-14,1470471.1408371557
2016-09-15,1490539.340208728
2016-09-16,1487890.8145245411
2016-09-19,1493738.4064427651
2016-09-20,1487653.5000289832
2016-09-21,1514368.9122678603
2016-09-22,1533390.5686665566
2016-09-23,1526185.9972863013
2016-09-26,1503850.993802846
2016-09-27,1488279.6694132355
2016-09-28,1509980.4186814912
2016-09-29,1495102.05151232
2016-09-30,1497800.0267537683
2016-10-03,1497788.8950098627
2016-10-04,1500719.1158419533
2016-10-05,1515765.327755536
2016-10-06,1504343.0565174236
2016-10-07,1489225.1532096565
2016-10-10,1505324.0098207304
2016-10-11,1481656.2920737104
2016-10-12,1491551.5118571166
2016-10-13,1480907.4052819086
2016-10-14,1476072.782292993
2016-10-17,1489013.0441924238
2016-10-18,1497120.6096500277
2016-10-19,1515613.0489836237
2016-10-20,1513956.8945881345
2016-10-21,1493819.1504622658
2016-10-24,1491389.9933431617
2016-10-25,1472945.710971925
2016-10-26,1467990.1931134707
2016-10-27,1451450.628057115
2016-10-28,1438361.8163654439
2016-10-31,1427547.9617727483
2016-11-01,1412289.880601268
2016-11-02,1393935.5373766175
2016-11-03,1365747.1875107782
2016-11-04,1365319.1169496344
2016-11-07,1386113.603592757
2016-11-08,1383933.440550408
2016-11-09,1437208.9282137798
2016-11-10,1462859.97071748
2016-11-11,1501684.767514929
2016-11-14,1517555.2845664357
2016-11-15,1533298.045964345
2016-11-16,1546659.120521978
2016-11-17,1553550.911748385
2016-11-18,1586853.8769943644
2016-11-21,1588868.6813555171
2016-11-22,1593896.8519914772
2016-11-23,1592748.990454436
2016-11-25,1611284.0409622446
2016-11-28,1572073.400738037
2016-11-29,1565582.4348348328
2016-11-30,1578670.9392503812
2016-12-01,1562693.6576318357
2016-12-02,1582311.3749140385
2016-12-05,1607391.635162801
2016-12-06,1629144.9944465247
2016-12-07,1628322.8154145407
2016-12-08,1652871.4939832643
2016-12-09,1663189.7939121753
2016-12-12,1634639.9862043522
2016-12-13,1630930.6587834372
2016-12-14,1596765.673828548
2016-12-15,1602432.5628851769
2016-12-16,1614598.4309894762
2016-12-19,1619923.9994741022
2016-12-20,1629127.6751126267
2016-12-21,1616048.5562042962
2016-12-22,1609157.9533846104
2016-12-23,1641370.7519362967
2016-12-27,1647764.580580286
2016-12-28,1620980.5561126021
2016-12-29,1618197.5064279293
2016-12-30,1621921.451709797
2017-01-03,1642434.081355486
2017-01-04,1678476.761397023
2017-01-05,1680480.7852905514
2017-01-06,1679278.0014526092
2017-01-09,1687957.502886649
2017-01-10,1692500.782587111
2017-01-11,1697343.773122151
2017-01-12,1692706.4626298083
2017-01-13,1711228.5627259633
2017-01-17,1708235.6868417296
2017-01-18,1716456.7897913975
2017-01-19,1700151.3795847616
2017-01-20,1693116.6284584012
2017-01-23,1681314.0145497094
2017-01-24,1704377.4153195347
2017-01-25,1723508.0407210034
2017-01-26,1722901.5753067946
2017-01-27,1710876.5613951113
2017-01-30,1705765.4717463178
2017-01-31,1720086.4045102606
2017-02-01,1725808.3209105846
2017-02-02,1725195.0005789106
2017-02-03,1735111.9934250915
2017-02-06,1735730.4474955536
2017-02-07,1726756.1783015488
2017-02-08,1730871.3888281668
2017-02-09,1743974.9458758014
2017-02-10,1751576.4557812363
2017-02-13,1760985.1951902274
2017-02-14,1773388.7550329787
2017-02-15,1777887.6515326789
2017-02-16,1776839.0898070477
2017-02-17,1796499.468012815
2017-02-21,1805030.5530557472
2017-02-22,1801148.6058776644
2017-02-23,1799181.061869041
2017-02-24,1787030.1474732433
2017-02-27,1817851.9264594256
2017-02-28,1785588.734304545
2017-03-01,1811038.8765133412
2017-03-02,1807245.9397895487
2017-03-03,1813201.3991057756
2017-03-06,1803255.0360133876
2017-03-07,1787667.962018969
2017-03-08,1779723.419361083
2017-03-09,1779184.6470362116
2017-03-10,1783816.4716000378
2017-03-13,1797717.2225179332
2017-03-14,1774700.5241608804
2017-03-15,1780295.7731602616
2017-03-16,1783431.1700131167
2017-03-17,1789277.1528331768
2017-03-20,1781447.0514188074
2017-03-21,1744181.5266627003
2017-03-22,1734334.0058277592
2017-03-23,1744032.9002407384
2017-03-24,1750568.741522386
2017-03-27,1765903.1524609951
2017-03-28,1774794.7764845246
2017-03-29,1800759.6903672782
2017-03-30,1789453.8202952081
2017-03-31,1788429.006142108
2017-04-03,1755802.8857635374
2017-04-04,1755942.2351989155
2017-04-05,1756081.5956937724
2017-04-06,1756220.9672489862
2017-04-07,1756360.3498654345
2017-04-10,1756499.7435439953
2017-04-11,1756639.1482855463
2017-04-12,1756778.5640909658
2017-04-13,1756917.9909611316
2017-04-17,1757057.4288969222
2017-04-18,1757196.8778992156
2017-04-19,1757336.33796889
2017-04-20,1757475.8091068242
2017-04-21,1757615.2913138962
2017-04-24,1757754.7845909847
2017-04-25,1757894.2889389682
2017-04-26,1758033.8043587252
2017-04-27,1758173.3308511346
2017-04-28,1758312.8684170751
2017-05-01,1758452.4170574257
2017-05-02,1758591.9767730653
2017-05-03,1758731.5475648728
2017-05-04,1758871.1294337271
2017-05-05,1759010.7223805075
2017-05-08,1759150.3264060933
2017-05-09,1759289.9415113637
2017-05-10,1759429.567697198
2017-05-11,1759569.2049644755
2017-05-12,1759708.8533140759
2017-05-15,1759848.5127468787
2017-05-16,1759988.1832637633
2017-05-17,1760127.8648656097
2017-05-18,1760267.5575532974
2017-05-19,1760407.2613277063
2017-05-22,1760546.9761897165
2017-05-23,1760686.7021402076
2017-05-24,1760826.43918006
2017-05-25,1760966.1873101536
2017-05-26,1761105.9465313687
2017-05-30,1761245.7168445855
2017-05-31,1761385.4982506842
2017-06-01,1761525.2907505454
2017-06-02,1761665.0943450495
2017-06-05,1761804.9090350769
2017-06-06,1761944.7348215082
2017-06-07,1762084.5717052242
2017-06-08,1762224.4196871056
2017-06-09,1762364.278768033
2017-06-12,1762504.1489488876
2017-06-13,1762644.03023055
2017-06-14,1762783.9226139018
2017-06-15,1762923.8260998235
2017-06-16,1763063.7406891964
2017-06-19,1763203.6663829018
2017-06-20,1763343.603181821
2017-06-21,1763483.5510868356
2017-06-22,1763623.5100988266
2017-06-23,1763763.4802186757
2017-06-26,1763903.4614472645
2017-06-27,1764043.4537854746
2017-06-28,1764183.4572341878
2017-06-29,1764323.4717942858
2017-06-30,1755769.0823171537
2017-07-03,1775422.9832253968
2017-07-05,1754136.5784675616
2017-07-06,1736734.5648695957
2017-07-07,1742139.8140800712
2017-07-10,1743071.7330345395
2017-07-11,1745244.8032233913
2017-07-12,1764064.6571269662
2017-07-13,1773431.313762247
2017-07-14,1774100.899272773
2017-07-17,1773850.9038857194
2017-07-18,1762934.3184515652
2017-07-19,1784207.6688893284
2017-07-20,1779617.6290625136
2017-07-21,1756812.857519417
2017-07-24,1753156.2390712562
2017-07-25,1771871.8742580537
2017-07-26,1780046.654484497
2017-07-27,1769855.8756875007
2017-07-28,1765719.889632269
2017-07-31,1773800.7906441956
2017-08-01,1771356.5899747536
2017-08-02,1748439.3322506198
2017-08-03,1733903.4907800152
2017-08-04,1754649.470153909
2017-08-07,1749073.2260308252
2017-08-08,1741971.655295654
2017-08-09,1717630.5751420096
2017-08-10,1685584.7178430823
2017-08-11,1698381.4275324028
2017-08-14,1720761.7967769573
2017-08-15,1702938.9951559282
2017-08-16,1695605.7580867824
2017-08-17,1677151.4230143644
2017-08-18,1688914.1139254274
2017-08-21,1679528.902056301
2017-08-22,1690378.4911096762
2017-08-23,1701505.5514858097
2017-08-24,1707086.4723701426
2017-08-25,1714524.5786165006
2017-08-28,1709705.6268887059
2017-08-29,1720623.6855494906
2017-08-30,1722123.6280340694
2017-08-31,1732141.257761888
2017-09-01,1741639.9499314746
2017-09-05,1725152.6244743713
2017-09-06,1734610.7744609267
2017-09-07,1730107.8468998852
2017-09-08,1723665.2891111227
2017-09-11,1752586.492311218
2017-09-12,1755159.989917675
2017-09-13,1771038.733904628
2017-09-14,1777373.0545316497
2017-09-15,1771694.521227247
2017-09-18,1785050.9399349326
2017-09-19,1782613.6203037377
2017-09-20,1794169.9528676071
2017-09-21,1792640.936745841
2017-09-22,1812518.456773905
2017-09-25,1808626.3435874463
2017-09-26,1806551.2646746675
2017-09-27,1815703.233056481
2017-09-28,1832902.3019615554
2017-09-29,1839639.3262743903
2017-10-02,1849706.3496366017
2017-10-03,1858353.2650978572
2017-10-04,1847827.6477250962
2017-10-05,1856615.724797347
2017-10-06,1843037.32735941
2017-10-09,1843204.0851017511
2017-10-10,1844345.319609014
2017-10-11,1855662.9227333711
2017-10-12,1825959.359816511
2017-10-13,1819803.0227235216
2017-10-16,1845872.3507706074
2017-10-17,1848913.7836348624
2017-10-18,1849497.1049855838
2017-10-19,1830885.9927976711
2017-10-20,1843485.3031984821
2017-10-23,1828953.1133582136
2017-10-24,1818503.263546612
2017-10-25,1804616.4554962788
2017-10-26,1803877.3255540456
2017-10-27,1811389.3066898729
2017-10-30,1829566.2926938469
2017-10-31,1844397.6648658917
2017-11-01,1818252.600259382
2017-11-02,1819985.6285328157
2017-11-03,1795893.859288897
2017-11-06,1817509.8271988034
2017-11-07,1784495.3946473522
2017-11-08,1768193.8456762244
2017-11-09,1764747.607777256
2017-11-10,1768392.674259119
2017-11-13,1744227.333130153
2017-11-14,1727661.1928585633
2017-11-15,1731042.2817267755
2017-11-16,1755261.5105460607
2017-11-17,1771719.4565628716
2017-11-20,1777428.3489035608
2017-11-21,1780737.8900284788
2017-11-22,1796215.7802842397
2017-11-24,1818879.2310011005
2017-11-27,1799835.6635283858
2017-11-28,1809423.1790883758
2017-11-29,1803269.7672165302
2017-11-30,1812355.3888082262
2017-12-01,1813325.6381217134
2017-12-04,1813664.5160897584
2017-12-05,1810769.5354137365
2017-12-06,1789782.8813283278
2017-12-07,1796071.4728400554
2017-12-08,1806664.7997761613
2017-12-11,1798393.0951009183
2017-12-12,1779677.647202477
2017-12-13,1795628.670935349
2017-12-14,1771420.883609772
2017-12-15,1782471.27269689
2017-12-18,1809193.196501254
2017-12-19,1826092.6588950828
2017-12-20,1835931.5263321018
2017-12-21,1837944.9205664862
2017-12-22,1834487.512942163
2017-12-26,1842201.9192772438
2017-12-27,1827669.2365577759
2017-12-28,1844538.7324883195
2017-12-29,1817537.9571446914
2018-01-02,1865285.3128338852
2018-01-03,1868142.3095864381
2018-01-04,1906649.1365817785
2018-01-05,1923065.3037794903
2018-01-08,1881759.419898918
2018-01-09,1858738.2704122062
2018-01-10,1867704.749289931
2018-01-11,1892064.749886066
2018-01-12,1896238.957564966
2018-01-16,1876722.9348278074
2018-01-17,1907990.675639328
2018-01-18,1915532.0344451568
2018-01-19,1931486.2480557957
2018-01-22,1945186.195903909
2018-01-23,1955396.8852498753
2018-01-24,1935344.2126218777
2018-01-25,1940691.688255061
2018-01-26,1944592.0356132858
2018-01-29,1926272.69457625
2018-01-30,1885398.1163921086
2018-01-31,1877402.9288846466
2018-02-01,1870966.8794951583
2018-02-02,1829016.4315797004
2018-02-05,1775606.649920916
2018-02-06,1784919.2729334657
2018-02-07,1799753.3541761476
2018-02-08,1768512.0698271429
2018-02-09,1796251.3257441646
2018-02-12,1793210.306180949
2018-02-13,1809721.1233291135
2018-02-14,1826173.3251597355
2018-02-15,1840971.6579919439
2018-02-16,1845680.1273803578
2018-02-20,1841628.687700673
2018-02-21,1850767.1795343705
2018-02-22,1850745.2803625825
2018-02-23,1846223.4503372374
2018-02-26,1853852.4544855529
2018-02-27,1833460.9046068029
2018-02-28,1808798.9882969987
2018-03-01,1803109.8691277953
2018-03-02,1848860.1669364162
2018-03-05,1862503.0706872407
2018-03-06,1860280.1461554149
2018-03-07,1869944.8112644746
2018-03-08,1882801.6596367566
2018-03-09,1894022.2434816703
2018-03-12,1916510.0830419487
2018-03-13,1902917.702716727
2018-03-14,1889849.501304519
2018-03-15,1899459.6206785152
2018-03-16,1921071.8553820197
2018-03-19,1894736.8486410473
2018-03-20,1886375.0470090809
2018-03-21,1926321.998660934
2018-03-22,1897685.3047192928
2018-03-23,1860855.048332123
2018-03-26,1857633.9744849347
2018-03-27,1830473.1330828092
2018-03-28,1804396.7055469407
2018-03-29,1824904.507907357
2018-04-02,1790751.3252670555
2018-04-03,1781729.0296964736
2018-04-04,1781870.4367623224
2018-04-05,1782011.8550509543
2018-04-06,1782153.28456326
2018-04-09,1782294.72530013
2018-04-10,1782436.1772624555
2018-04-11,1782577.6404511272
2018-04-12,1782719.114867036
2018-04-13,1782860.6005110731
2018-04-16,1783002.0973841297
2018-04-17,1783143.6054870966
2018-04-18,1783285.1248208655
2018-04-19,1783426.6553863275
2018-04-20,1783568.197184374
2018-04-23,1783709.7502158966
2018-04-24,1783851.3144817867
2018-04-25,1783992.889982936
2018-04-26,1784134.4767202362
2018-04-27,1784276.074694579
2018-04-30,1784417.6839068565
2018-05-01,1784559.3043579601
2018-05-02,1784700.9360487822
2018-05-03,1784842.5789802147
2018-05-04,1784984.2331531495
2018-05-07,1785125.898568479
2018-05-08,1785267.5752270957
2018-05-09,1785409.2631298916
2018-05-10,1785550.962277759
2018-05-11,1785692.6726715907
2018-05-14,1785834.3943122788
2018-05-15,1785976.1272007164
2018-05-16,1786117.8713377959
2018-05-17,1786259.6267244099
2018-05-18,1786401.3933614516
2018-05-21,1786543.1712498136
2018-05-22,1786684.960390389
2018-05-23,1786826.7607840707
2018-05-24,1786968.572431752
2018-05-25,1787110.395334326
2018-05-29,1787252.2294926858
2018-05-30,1787394.0749077247
2018-05-31,1787535.9315803365
2018-06-01,1787677.7995114143
2018-06-04,1787819.6787018517
2018-06-05,1787961.5691525424
2018-06-06,1788103.4708643798
2018-06-07,1788245.383838258
2018-06-08,1788387.3080750706
2018-06-11,1788529.2435757115
2018-06-12,1788671.1903410747
2018-06-13,1788813.148372054
2018-06-14,1788955.117669544
2018-06-15,1789097.0982344383
2018-06-18,1789239.0900676316
2018-06-19,1789381.093170018
2018-06-20,1789523.1075424918
2018-06-21,1789665.1331859475
2018-06-22,1789807.1701012799
2018-06-25,1789949.2182893832
2018-06-26,1790091.2777511522
2018-06-27,1790233.3484874817
2018-06-28,1790375.4304992664
2018-06-29,1787545.7828205475
2018-07-02,1784055.5196225005
2018-07-03,1796700.8710035915
2018-07-05,1809382.042988659
2018-07-06,1817694.2085441463
2018-07-09,1818835.1415652412
2018-07-10,1817395.4021085883
2018-07-11,1830627.279641516
2018-07-12,1831307.1381266266
2018-07-13,1827395.3352410798
2018-07-16,1809295.5695002167
2018-07-17,1803688.2889856384
2018-07-18,1817541.4436841179
2018-07-19,1823843.385620942
2018-07-20,1819399.239951278
2018-07-23,1816716.4179138006
2018-07-24,1806113.039443628
2018-07-25,1812468.610812166
2018-07-26,1822414.3597011908
2018-07-27,1799224.5607963763
2018-07-30,1797724.7979940162
2018-07-31,1823611.8437746137
2018-08-01,1822992.425412196
2018-08-02,1809366.0742386961
2018-08-03,1812650.1991437257
2018-08-06,1806544.5863166822
2018-08-07,1803652.38883147
2018-08-08,1809123.3864996894
2018-08-09,1818233.199588168
2018-08-10,1833545.2967706833
2018-08-13,1813632.2233588307
2018-08-14,1819347.820098308
2018-08-15,1788524.2293608915
2018-08-16,1825750.2056774409
2018-08-17,1832263.8590958023
2018-08-20,1848984.1300172452
2018-08-21,1856192.4691231581
2018-08-22,1863656.5347490904
2018-08-23,1864633.1380211036
2018-08-24,1869405.0145433655
2018-08-27,1907515.483711688
2018-08-28,1926686.7580932346
2018-08-29,1933398.644349192
2018-08-30,1917826.744933254
2018-08-31,1924994.31372099
2018-09-04,1918933.755312547
2018-09-05,1905600.3623402955
2018-09-06,1885797.420228301
2018-09-07,1880216.7521377637
2018-09-10,1886732.0798077139
2018-09-11,1875544.321771686
2018-09-12,1878886.9737553773
2018-09-13,1880266.764268447
2018-09-14,1879947.559384902
2018-09-17,1873837.2674697142
2018-09-18,1890204.4003677417
2018-09-19,1889934.682347025
2018-09-20,1925307.1293744587
2018-09-21,1919526.954297372
2018-09-24,1906776.2409803704
2018-09-25,1906384.453998109
2018-09-26,1908117.464095499
2018-09-27,1898104.5923286162
2018-09-28,1903200.9190889886
2018-10-01,1862820.9715587324
2018-10-02,1857572.515696994
2018-10-03,1879368.6772327796
2018-10-04,1851575.7227521262
2018-10-05,1830931.1282395262
2018-10-08,1812434.7941074085
2018-10-09,1802414.8381038203
2018-10-10,1740890.1884402642
2018-10-11,1712750.5380811377
2018-10-12,1728745.6826368314
2018-10-15,1723702.9840487076
2018-10-16,1779331.411717242
2018-10-17,1777176.3308293247
2018-10-18,1745138.2625653727
2018-10-19,1723898.00394214
2018-10-22,1694080.0361102761
2018-10-23,1677084.0059370906
2018-10-24,1617951.41822365
2018-10-25,1644633.877161068
2018-10-26,1620275.685993233
2018-10-29,1596368.7757014856
2018-10-30,1618435.8254749214
2018-10-31,1617362.7894534264
2018-11-01,1662871.7678893767
2018-11-02,1668951.2931103245
2018-11-05,1672831.7307819992
2018-11-06,1663164.8693201812
2018-11-07,1691003.587941361
2018-11-08,1694913.847954233
2018-11-09,1664337.8144547686
2018-11-12,1610091.0093123738
2018-11-13,1595356.9321768133
2018-11-14,1588053.8986152438
2018-11-15,1605743.7409810487
2018-11-16,1603468.957350839
2018-11-19,1573674.6241338735
2018-11-20,1537005.4266694647
2018-11-21,1576520.3842786811
2018-11-23,1573322.5037693176
2018-11-26,1578460.6445789335
2018-11-27,1565555.9311735628
2018-11-28,1594790.7190163287
2018-11-29,1593366.064538679
2018-11-30,1586570.6252032008
2018-12-03,1602591.0441550848
2018-12-04,1551103.3771781686
2018-12-06,1529935.0528778355
2018-12-07,1526834.6367237235
2018-12-10,1500217.9274631266
2018-12-11,1496637.8272952833
2018-12-12,1502801.5500982553
2018-12-13,1475526.2591497866
2018-12-14,1464447.3609096406
2018-12-17,1417373.9428893111
2018-12-18,1406421.7836476339
2018-12-19,1382342.3652558965
2018-12-20,1355263.3884926913
2018-12-21,1314999.9642198859
2018-12-24,1301557.903451951
2018-12-26,1350251.0299846446
2018-12-27,1345273.5829328392
2018-12-28,1371371.9563614582
2018-12-31,1356608.0319268568
2019-01-02,1391708.8475577233
2019-01-03,1377382.0592229008
2019-01-04,1448127.2699928896
2019-01-07,1525300.3919997204
2019-01-08,1566881.7880091043
2019-01-09,1605798.4868932816
2019-01-10,1630466.3087610772
2019-01-11,1635934.9287068206
2019-01-14,1643155.384177141
2019-01-15,1646429.6982543499
2019-01-16,1654189.621628233
2019-01-17,1669633.1672575797
2019-01-18,1689254.9653796568
2019-01-22,1641703.3039306377
2019-01-23,1635691.9820507062
2019-01-24,1649369.274120801
2019-01-25,1675776.1944744326
2019-01-28,1665909.1405256027
2019-01-29,1665346.3715270786
2019-01-30,1687432.9317108446
2019-01-31,1681351.1468861022
2019-02-01,1693164.434266597
2019-02-04,1712533.7915549816
2019-02-05,1713947.7664128728
2019-02-06,1711239.4285808543
2019-02-07,1676893.1135611886
2019-02-08,1678655.0430616406
2019-02-11,1683782.0862237266
2019-02-12,1717461.3057007107
2019-02-13,1718732.4805697312
2019-02-14,1724521.4853592387
2019-02-15,1761350.214596762
2019-02-19,1773642.2017215455
2019-02-20,1779333.741475929
2019-02-21,1779115.9074990903
2019-02-22,1867717.0481018266
2019-02-25,1894253.7078844542
2019-02-26,1900888.259626931
2019-02-27,1884506.737498868
2019-02-28,1898848.1781526282
2019-03-01,1917946.8899226596
2019-03-04,1931659.0204839606
2019-03-05,1919561.0095343473
2019-03-06,1865559.7207631127
2019-03-07,1864701.5670731647
2019-03-08,1859589.7251437667
2019-03-11,1879559.3977467963
2019-03-12,1899004.6822581955
2019-03-13,1912260.6060900409
2019-03-14,1905060.501398046
2019-03-15,1909509.6468372229
2019-03-18,1931185.1355965848
2019-03-19,1921820.4323725556
2019-03-20,1923008.815306032
2019-03-21,1941257.3255914445
2019-03-22,1891498.7763407745
2019-03-25,1890865.2165337133
2019-03-26,1902089.355535591
2019-03-27,1902388.0258622074
2019-03-28,1912442.006541087
2019-03-29,1908514.7531548012
2019-04-01,1934883.0577515957
2019-04-02,1952733.601643884
2019-04-03,1952888.5805011573
2019-04-04,1953043.57165834
2019-04-05,1953198.575116408
2019-04-08,1953353.5908763378
2019-04-09,1953508.618939106
2019-04-10,1953663.6593056885
2019-04-11,1953818.7119770618
2019-04-12,1953973.776954203
2019-04-15,1954128.8542380882
2019-04-16,1954283.9438296945
2019-04-17,1954439.0457299985
2019-04-18,1954594.159939977
2019-04-22,1954749.2864606073
2019-04-23,1954904.425292866
2019-04-24,1955059.5764377306
2019-04-25,1955214.739896178
2019-04-26,1955369.9156691856
2019-04-29,1955525.1037577307
2019-04-30,1955680.3041627908
2019-05-01,1955835.5168853435
2019-05-02,1955990.7419263662
2019-05-03,1956145.9792868367
2019-05-06,1956301.2289677325
2019-05-07,1956456.4909700316
2019-05-08,1956611.7652947118
2019-05-09,1956767.051942751
2019-05-10,1956922.3509151274
2019-05-13,1957077.662212819
2019-05-14,1957232.9858368041
2019-05-15,1957388.321788061
2019-05-16,1957543.6700675678
2019-05-17,1957699.0306763034
2019-05-20,1957854.403615246
2019-05-21,1958009.7888853743
2019-05-22,1958165.1864876668
2019-05-23,1958320.5964231023
2019-05-24,1958476.0186926597
2019-05-28,1958631.4532973177
2019-05-29,1958786.9002380555
2019-05-30,1958942.359515852
2019-05-31,1959097.8311316867
2019-06-03,1959253.3150865384
2019-06-04,1959408.8113813866
2019-06-05,1959564.3200172104
2019-06-06,1959719.8409949895
2019-06-07,1959875.3743157033
2019-06-10,1960030.9199803316
2019-06-11,1960186.4779898538
2019-06-12,1960342.0483452498
2019-06-13,1960497.6310474994
2019-06-14,1960653.2260975826
2019-06-17,1960808.8334964793
2019-06-18,1960964.4532451695
2019-06-19,1961120.0853446333
2019-06-20,1961275.729795851
2019-06-21,1961431.386599803
2019-06-24,1961587.0557574697
2019-06-25,1961742.7372698314
2019-06-26,1961898.4311378687
2019-06-27,1962054.1373625621
2019-06-28,1971787.6023973196
2019-07-01,1977536.8508707483
2019-07-02,1969315.849427873
2019-07-03,1974817.865898715
2019-07-05,1991880.1867651776
2019-07-08,1974285.7597995354
2019-07-09,1985543.8729004909
2019-07-10,1998657.2423059626
2019-07-11,1981420.3764260209
2019-07-12,1989485.9536492887
2019-07-15,1978047.1709162283
2019-07-16,1985984.111774686
2019-07-17,1965636.8944040635
2019-07-18,1962714.7126398329
2019-07-19,1956638.3081745566
2019-07-22,1947400.0203977537
2019-07-23,1939585.9101773594
2019-07-24,1955951.5932504917
2019-07-25,1932739.2194876282
2019-07-26,1946513.4397407107
2019-07-29,1933326.0583798755
2019-07-30,1963193.487905279
2019-07-31,1945365.5751798612
2019-08-01,1920940.2830958855
2019-08-02,1895216.9570327387
2019-08-05,1855814.7302235018
2019-08-06,1853005.837317806
2019-08-07,1854486.3397464987
2019-08-08,1866546.5470045933
2019-08-09,1855221.9468661807
2019-08-12,1847892.5410865506
2019-08-13,1854549.071144256
2019-08-14,1805842.3813733594
2019-08-15,1782320.734833488
2019-08-16,1826473.9469468044
2019-08-19,1841179.0682805523
2019-08-20,1843048.472776283
2019-08-21,1863333.1371920954
2019-08-22,1861097.996760388
2019-08-23,1826243.9997832451
2019-08-26,1818280.5407432094
2019-08-27,1805955.9347992123
2019-08-28,1825193.0112078823
2019-08-29,1846505.180981802
2019-08-30,1841946.7518030398
2019-09-03,1826376.2177693816
2019-09-04,1839304.3255825178
2019-09-05,1869096.863041007
2019-09-06,1877034.507429754
2019-09-09,1904046.5358975418
2019-09-10,1953729.734665214
2019-09-11,1986982.5898600298
2019-09-12,1958220.1580491068
2019-09-13,1976108.1863088855
2019-09-16,1989580.9877869026
2019-09-17,1969212.7708703962
2019-09-18,1955749.5939141228
2019-09-19,1957311.8860208506
2019-09-20,1956518.4006651028
2019-09-23,1953677.5104435233
2019-09-24,1940299.5538361233
2019-09-25,1941041.4164172998
2019-09-26,1919226.1321292252
2019-09-27,1915142.786701149
2019-09-30,1876163.1116359746
2019-10-01,1798707.7360748395
2019-10-02,1791797.2635921144
2019-10-03,1807232.018699533
2019-10-04,1810655.5283517188
2019-10-07,1796583.6784233511
2019-10-08,1749659.5638310756
2019-10-09,1766818.9133976272
2019-10-10,1749985.5367027936
2019-10-11,1758104.2976628856
2019-10-14,1782598.1885763556
2019-10-15,1822217.303184856
2019-10-16,1821177.6983416819
2019-10-17,1814892.2688660258
2019-10-18,1802438.2691958756
2019-10-21,1822337.357673147
2019-10-22,1814901.013948346
2019-10-23,1834907.1966630504
2019-10-24,1814563.9661039363
2019-10-25,1825678.3619143402
2019-10-28,1816831.5502909601
2019-10-29,1832983.7922257134
2019-10-30,1813335.4134952612
2019-10-31,1805829.7959888016
2019-11-01,1851899.850912948
2019-11-04,1864316.7636466774
2019-11-05,1847517.5226204451
2019-11-06,1857935.3218102758
2019-11-07,1861882.5412971526
2019-11-08,1847416.3216751951
2019-11-11,1846787.0001050022
2019-11-12,1850373.368661441
2019-11-13,1841495.3406068163
2019-11-14,1824121.9350177185
2019-11-15,1828231.6786293222
2019-11-18,1811464.1950497
2019-11-19,1863495.923032684
2019-11-20,1839215.2531555279
2019-11-21,1849437.1121224416
2019-11-22,1891871.764319511
2019-11-25,1894775.706076262
2019-11-26,1900755.5710946522
2019-11-27,1906937.3191607988
2019-11-29,1900905.222462415
2019-12-02,1889276.1516988147
2019-12-03,1896960.267135156
2019-12-04,1914238.9569167544
2019-12-05,1920110.8255594238
2019-12-06,1912588.4553815068
2019-12-09,1937252.1281396642
2019-12-10,1935813.1891106393
2019-12-11,1932003.0943829643
2019-12-12,1974858.8749373069
2019-12-13,2035104.607495855
2019-12-16,2049732.717222232
2019-12-17,2042339.2888543003
2019-12-18,2024261.4422860355
2019-12-19,2059525.1086401066
2019-12-20,2067852.496193607
2019-12-23,2117398.784890202
2019-12-24,2127951.679077586
2019-12-26,2136643.1530780722
2019-12-27,2199283.699351058
2019-12-30,2127132.5867920523
2019-12-31,2123136.925389664
2020-01-02,2153261.62140533
2020-01-03,2152661.3525436297
2020-01-06,2176142.019590664
2020-01-07,2197343.5519487844
2020-01-08,2141594.6910169898
2020-01-09,2135075.98615133
2020-01-10,2114407.4282592307
2020-01-13,2095644.8973603738
2020-01-14,2105062.0702248793
2020-01-15,2143469.6617456777
2020-01-16,2199372.6545421844
2020-01-17,2208775.9152846187
2020-01-21,2206711.9771837755
2020-01-22,2198119.412035409
2020-01-23,2244977.312177125
2020-01-24,2252993.628959807
2020-01-27,2251453.861064687
2020-01-28,2306504.83598757
2020-01-29,2283573.445074721
2020-01-30,2256678.504279497
2020-01-31,2251049.5717424895
2020-02-03,2235158.2671785075
2020-02-04,2287285.165259435
2020-02-05,2298251.2255602805
2020-02-06,2295910.1001428817
2020-02-07,2236170.631082242
2020-02-10,2255842.7951181666
2020-02-11,2246327.1197553747
2020-02-12,2249740.475369286
2020-02-13,2209542.462273491
2020-02-14,2208509.7858998817
2020-02-18,2220340.4705686388
2020-02-19,2218682.6922999397
2020-02-20,2227018.480439738
2020-02-21,2236653.298410964
2020-02-24,2166201.4513338115
2020-02-25,2088854.7668953214
2020-02-26,2093704.9222754373
2020-02-27,2031327.0782469101
2020-02-28,2023278.543418252
2020-03-02,2054570.8613469447
2020-03-03,2041397.157869532
2020-03-04,2073952.9783452647
2020-03-05,2012340.6672298198
2020-03-06,1957380.6360158322
2020-03-09,1773585.228959463
2020-03-10,1802458.4384938201
2020-03-11,1713905.595639699
2020-03-12,1528693.4827754854
2020-03-13,1575855.7734541818
2020-03-16,1428779.528620435
2020-03-17,1458244.3870588643
2020-03-18,1323306.964559322
2020-03-19,1452169.8834141141
2020-03-20,1453989.6698441904
2020-03-23,1431572.6535323418
2020-03-24,1547943.0814967146
2020-03-25,1679649.4104663325
2020-03-26,1707630.635172969
2020-03-27,1670817.9923466735
2020-03-30,1668193.1581406065
2020-03-31,1666576.1401767056
2020-04-01,1550405.6974517526
2020-04-02,1550528.745522979
2020-04-03,1550651.8033599253
2020-04-06,1550774.8709633665
2020-04-07,1550897.9483340778
2020-04-08,1551021.0354728345
2020-04-09,1551144.1323804117
2020-04-13,1551267.2390575847
2020-04-14,1551390.3555051289
2020-04-15,1551513.4817238196
2020-04-16,1551636.6177144325
2020-04-17,1551759.7634777431
2020-04-20,1551882.919014527
2020-04-21,1552006.08432556
2020-04-22,1552129.2594116174
2020-04-23,1552252.4442734756
2020-04-24,1552375.63891191
2020-04-27,1552498.8433276964
2020-04-28,1552622.0575216112
2020-04-29,1552745.2814944305
2020-04-30,1552868.51524693
2020-05-01,1552991.7587798862
2020-05-04,1553115.012094075
2020-05-05,1553238.275190273
2020-05-06,1553361.5480692564
2020-05-07,1553484.8307318015
2020-05-08,1553608.1231786849
2020-05-11,1553731.4254106833
2020-05-12,1553854.737428573
2020-05-13,1553978.059233131
2020-05-14,1554101.3908251335
2020-05-15,1554224.7322053579
2020-05-18,1554348.0833745806
2020-05-19,1554471.4443335787
2020-05-20,1554594.8150831289
2020-05-21,1554718.1956240085
2020-05-22,1554841.5859569947
2020-05-26,1554964.9860828642
2020-05-27,1555088.3960023946
2020-05-28,1555211.815716363
2020-05-29,1555335.2452255469
2020-06-01,1555458.6845307236
2020-06-02,1555582.1336326704
2020-06-03,1555705.592532165
2020-06-04,1555829.0612299852
2020-06-05,1555952.5397269083
2020-06-08,1556076.028023712
2020-06-09,1556199.5261211742
2020-06-10,1556323.0340200728
2020-06-11,1556446.5517211854
2020-06-12,1556570.0792252903
2020-06-15,1556693.6165331653
2020-06-16,1556817.1636455886
2020-06-17,1556940.7205633381
2020-06-18,1557064.2872871924
2020-06-19,1557187.8638179295
2020-06-22,1557311.4501563278
2020-06-23,1557435.0463031656
2020-06-24,1557558.6522592215
2020-06-25,1557682.268025274
2020-06-26,1557805.8936021014
2020-06-29,1557929.5289904824
2020-06-30,1566271.9925848127
2020-07-01,1561833.266125
2020-07-02,1564751.4079829738
2020-07-06,1575068.316276587
2020-07-07,1545382.3819857272
2020-07-08,1575820.5601406028
2020-07-09,1541681.603234776
2020-07-10,1562595.9731844347
2020-07-13,1523737.207991757
2020-07-14,1569052.2190145268
2020-07-15,1640719.214227421
2020-07-16,1630680.5460680297
2020-07-17,1626177.4590193
2020-07-20,1642892.9307462042
2020-07-21,1680903.7265407653
2020-07-22,1672966.398004021
2020-07-23,1671768.242676229
2020-07-24,1651648.1846842861
2020-07-27,1664287.0735373609
2020-07-28,1654582.8366022743
2020-07-29,1677069.9943631745
2020-07-30,1670335.6523180788
2020-07-31,1653983.5445684807
2020-08-03,1682397.859632493
2020-08-04,1712810.3323541658
2020-08-05,1753432.8462937048
2020-08-06,1752311.5596023258
2020-08-07,1762402.8425393435
2020-08-10,1792108.0366749703
2020-08-11,1782382.908734537
2020-08-12,1802829.6199559276
2020-08-13,1797645.1176497648
2020-08-14,1810694.7351897815
2020-08-17,1815442.4297997435
2020-08-18,1794045.4919846419
2020-08-19,1788852.443030971
2020-08-20,1779010.5725901667
2020-08-21,1745895.0662681789
2020-08-24,1750501.84933571
2020-08-25,1761887.8505392808
2020-08-26,1761394.6141252317
2020-08-27,1755934.0651059658
2020-08-28,1785256.246619978
2020-08-31,1764144.419450229
2020-09-01,1775311.1541975765
2020-09-02,1772845.405140209
2020-09-03,1738656.6710667668
2020-09-04,1731173.2422734841
2020-09-08,1708792.8704751255
2020-09-09,1727228.483667911
2020-09-10,1709668.459661931
2020-09-11,1705926.8008491823
2020-09-14,1747580.7235812729
2020-09-15,1754309.0073911764
2020-09-16,1783835.9478997593
2020-09-17,1789039.3157045662
2020-09-18,1799266.3012417408
2020-09-21,1731063.5768841673
2020-09-22,1725766.196648905
2020-09-23,1649501.404792174
2020-09-24,1647884.2316704474
2020-09-25,1676149.497450534
2020-09-28,1706831.2390274785
2020-09-29,1684009.7679893496
2020-09-30,1681350.113962761
2020-10-01,1677840.5916412491
2020-10-02,1690327.9108296214
2020-10-05,1714971.001431046
2020-10-06,1715590.8568644978
2020-10-07,1739300.0652533667
2020-10-08,1759553.159115777
2020-10-09,1760138.301796557
2020-10-12,1779983.7774396946
2020-10-13,1788692.8000137238
2020-10-14,1757087.1680082844
2020-10-15,1755423.4501957232
2020-10-16,1767915.6037037012
2020-10-19,1752563.0492980017
2020-10-20,1758026.4823912159
2020-10-21,1724316.4023220227
2020-10-22,1764140.5922004164
2020-10-23,1759982.5961718091
2020-10-26,1722951.9591175488
2020-10-27,1710700.6207643044
2020-10-28,1660653.7093551916
2020-10-29,1665505.5485213837
2020-10-30,1630124.5061708181
2020-11-02,1653583.619453781
2020-11-03,1711678.4622355106
2020-11-04,1698601.7927987648
2020-11-05,1754622.6206208405
2020-11-06,1788986.735313253
2020-11-09,1811429.5369496678
2020-11-10,1819319.5607396245
2020-11-11,1866160.3975392506
2020-11-12,1856347.4996393693
2020-11-13,1900345.1634836504
2020-11-16,1948235.2138191801
2020-11-17,1963790.341589395
2020-11-18,1985492.1760401786
2020-11-19,2027364.5176477744
2020-11-20,2052083.5821133084
2020-11-23,2086943.5674751047
2020-11-24,2146157.1427269224
2020-11-25,2152349.3179428377
2020-11-27,2223199.628428499
2020-11-30,2199856.1444525826
2020-12-01,2200151.2807063027
2020-12-02,2239148.0322353886
2020-12-03,2265160.302992239
2020-12-04,2302748.006354573
2020-12-07,2297187.3160069142
2020-12-08,2311078.0551091833
2020-12-09,2269665.653176904
2020-12-10,2343413.6263821702
2020-12-11,2343446.155769417
2020-12-14,2330273.8659996
2020-12-15,2365102.6854461324
2020-12-16,2370783.6624021996
2020-12-17,2410072.692192842
2020-12-18,2402530.498850303
2020-12-21,2412049.8413176653
2020-12-22,2445267.9595960383
2020-12-23,2456287.376262639
2020-12-24,2454305.1421175054
2020-12-28,2494419.502244105
2020-12-29,2438734.356515606
2020-12-30,2466555.6575324275
2020-12-31,2460354.396613482
2021-01-04,2493923.00124378
2021-01-05,2534264.2032577056
2021-01-06,2571889.9167649583
2021-01-07,2649235.004465114
2021-01-08,2621324.028519563
2021-01-11,2624677.854750413
2021-01-12,2665611.1316157617
2021-01-13,2678462.8873595144
2021-01-14,2738179.661541114
2021-01-15,2733115.6006824407
2021-01-19,2774414.828023651
2021-01-20,2807669.195402803
2021-01-21,2869617.2225665604
2021-01-22,2899015.4782425133
2021-01-25,2966731.8656301135
2021-01-26,3004967.1760175894
2021-01-27,2912447.4347917074
2021-01-28,2951371.718427064
2021-01-29,2908169.7118839584
2021-02-01,2999932.426469249
2021-02-02,3035195.42478125
2021-02-03,3116384.3419502196
2021-02-04,3207494.832769728
2021-02-05,3291948.1531184097
2021-02-08,3482222.249191087
2021-02-09,3536532.078725086
2021-02-10,3543050.678697669
2021-02-11,3550723.5289004277
2021-02-12,3566528.555414637
2021-02-16,3664216.7870955784
2021-02-17,3629385.833584779
2021-02-18,3548824.9757039
2021-02-19,3594278.923284612
2021-02-22,3518156.2861143886
2021-02-23,3358256.718233901
2021-02-24,3434672.4887009487
2021-02-25,3318856.747222786
2021-02-26,3269395.712000521
2021-03-01,3390497.548062981
2021-03-02,3338661.875386229
2021-03-03,3269830.328935244
2021-03-04,3110287.3760721995
2021-03-05,3134063.6467532427
2021-03-08,3180571.6578016407
2021-03-09,3265730.0855450057
2021-03-10,3352365.024435036
2021-03-11,3465920.4441969367
2021-03-12,3511524.267105153
2021-03-15,3555479.2152351514
2021-03-16,3497124.3685238003
2021-03-17,3546970.053942388
2021-03-18,3492882.033654869
2021-03-19,3461499.9403593764
2021-03-22,3413761.4065786293
2021-03-23,3301309.0526961484
2021-03-24,3182903.909463554
2021-03-25,3213115.620166872
2021-03-26,3235782.2639248013
2021-03-29,3194331.0516346423
2021-03-30,3189840.9783305237
2021-03-31,3247662.298734528
2021-04-01,3295723.6417286485
2021-04-05,3253686.6048899554
2021-04-06,3253944.8339855815
2021-04-07,3254203.0835755803
2021-04-08,3254461.353661578
2021-04-09,3254719.644245202
2021-04-12,3254977.955328079
2021-04-13,3255236.286911835
2021-04-14,3255494.6389980977
2021-04-15,3255753.0115884943
2021-04-16,3256011.404684652
2021-04-19,3256269.8182881987
2021-04-20,3256528.252400761
2021-04-21,3256786.7070239675
2021-04-22,3257045.1821594457
2021-04-23,3257303.6778088235
2021-04-26,3257562.193973729
2021-04-27,3257820.7306557903
2021-04-28,3258079.287856636
2021-04-29,3258337.8655778947
2021-04-30,3258596.4638211946
2021-05-03,3258855.0825881646
2021-05-04,3259113.7218804336
2021-05-05,3259372.3816996305
2021-05-06,3259631.0620473847
2021-05-07,3259889.762925325
2021-05-10,3260148.4843350807
2021-05-11,3260407.226278282
2021-05-12,3260665.988756558
2021-05-13,3260924.7717715385
2021-05-14,3261183.575324854
2021-05-17,3261442.399418134
2021-05-18,3261701.244053008
2021-05-19,3261960.1092311074
2021-05-20,3262218.994954062
2021-05-21,3262477.901223503
2021-05-24,3262736.8280410604
2021-05-25,3262995.7754083653
2021-05-26,3263254.7433270486
2021-05-27,3263513.731798741
2021-05-28,3263772.7408250743
2021-06-01,3264031.7704076795
2021-06-02,3264290.820548188
2021-06-03,3264549.8912482313
2021-06-04,3264808.9825094417
2021-06-07,3265068.0943334503
2021-06-08,3265327.2267218893
2021-06-09,3265586.379676391
2021-06-10,3265845.5531985876
2021-06-11,3266104.747290111
2021-06-14,3266363.9619525946
2021-06-15,3266623.19718767
2021-06-16,3266882.4529969706
2021-06-17,3267141.729382129
2021-06-18,3267401.0263447785
2021-06-21,3267660.343886552
2021-06-22,3267919.6820090828
2021-06-23,3268179.040714004
2021-06-24,3268438.4200029494
2021-06-25,3268697.819877553
2021-06-28,3268957.2403394477
2021-06-29,3269216.6813902683
2021-06-30,3264135.265586985
2021-07-01,3258027.0849333084
2021-07-02,3235396.2225822196
2021-07-06,3210873.3460421837
2021-07-07,3196494.4463252816
2021-07-08,3161701.2376394756
2021-07-09,3219075.3435775368
2021-07-12,3226966.6764415614
2021-07-13,3189389.904348392
2021-07-14,3134279.0786722056
2021-07-15,3101884.2311597564
2021-07-16,3045378.924434115
2021-07-19,2984622.285802445
2021-07-20,3060082.017024125
2021-07-21,3119476.508129297
2021-07-22,3087254.770848973
2021-07-23,3032593.1510966625
2021-07-26,3048603.118109902
2021-07-27,2985871.822974909
2021-07-28,3041811.544625471
2021-07-29,3049663.859968264
2021-07-30,3035957.536643454
2021-08-02,3037916.9711043304
2021-08-03,3013885.366783097
2021-08-04,3002513.1300370954
2021-08-05,3061694.768468629
2021-08-06,3068539.2980509712
2021-08-09,3054873.2688296465
2021-08-10,3076679.534219839
2021-08-11,3085323.503611093
2021-08-12,3069411.0739494488
2021-08-13,3019071.445714373
2021-08-16,2972318.968187731
2021-08-17,2927060.4852713887
2021-08-18,2897896.5182081303
2021-08-19,2821251.061236428
2021-08-20,2877141.196828129
2021-08-23,3024007.314558108
2021-08-24,3107460.784945809
2021-08-25,3137599.87938607
2021-08-26,3113980.1223199004
2021-08-27,3188336.40881527
2021-08-30,3180756.956133937
2021-08-31,3188743.3066858435
2021-09-01,3203273.4061832284
2021-09-02,3245058.3145344392
2021-09-03,3243200.58251363
2021-09-07,3262745.9313760293
2021-09-08,3219419.9362996425
2021-09-09,3224034.192128147
2021-09-10,3200502.1244174545
2021-09-13,3202077.8876158185
2021-09-14,3148889.8640211336
2021-09-15,3170589.09161943
2021-09-16,3170088.025750155
2021-09-17,3168799.1118404367
2021-09-20,3055982.5591093055
2021-09-21,3080332.514712645
2021-09-22,3127919.5635302076
2021-09-23,3183738.538301268
2021-09-24,3161587.7611565334
2021-09-27,3222353.0072329063
2021-09-28,3164458.351283441
2021-09-29,3124256.2991911075
2021-09-30,3055602.876960748
2021-10-01,3076178.232625576
2021-10-04,3021697.0754560796
2021-10-05,3011449.5502565755
2021-10-06,3006454.1309237503
2021-10-07,3029241.676974094
2021-10-08,3023274.947257636
2021-10-11,3017112.27216578
2021-10-12,3034575.462208941
2021-10-13,3062601.819122558
2021-10-14,3063456.0708420104
2021-10-15,3039653.9486190337
2021-10-18,3010534.682834901
2021-10-19,3029003.5712615578
2021-10-20,3036435.2348659895
2021-10-21,3038327.5056948196
2021-10-22,2996767.7387756878
2021-10-25,3023373.1546403323
2021-10-26,2974983.999421712
2021-10-27,2962609.5302493935
2021-10-28,2984027.522662348
2021-10-29,2995228.6454175403
2021-11-01,3111766.4579081465
2021-11-02,3089409.8388704914
2021-11-03,3122575.498015566
2021-11-04,3114233.1094466364
2021-11-05,3134440.3262978923
2021-11-08,3119175.1572684874
2021-11-09,3096913.1608682997
2021-11-10,3042686.832505461
2021-11-11,3071852.3363954364
2021-11-12,3099938.5269218674
2021-11-15,3085098.2525155013
2021-11-16,3056142.487903697
2021-11-17,3026734.710423994
2021-11-18,2981211.0052617006
2021-11-19,2942452.043465978
2021-11-22,2916786.0644809357
2021-11-23,2910130.885248534
2021-11-24,2960286.930517454
2021-11-26,2874600.9596474487
2021-11-29,2840095.4701348715
2021-11-30,2809947.4320885167
2021-12-01,2725834.763361594
2021-12-02,2772338.4906385876
2021-12-03,2685333.870754973
2021-12-06,2704285.8823382864
2021-12-07,2792940.903955863
2021-12-08,2864647.4160291837
2021-12-09,2820390.7722737337
2021-12-10,2796640.392652175
2021-12-13,2744447.864180418
2021-12-14,2696827.401365763
2021-12-15,2723795.205104396
2021-12-16,2709551.6669484666
2021-12-17,2734714.000646016
2021-12-20,2671052.7511313623
2021-12-21,2738200.1777970674
2021-12-22,2748875.5497418693
2021-12-23,2766326.458555567
2021-12-27,2754019.5458663283
2021-12-28,2709865.6038527465
2021-12-29,2716405.67547772
2021-12-30,2729051.4060128657
2021-12-31,2736583.379296439
2022-01-03,2837406.0106828
2022-01-04,2826560.776350791
2022-01-05,2685546.26954433
2022-01-06,2652208.9761404023
2022-01-07,2639643.875255644
2022-01-10,2669279.4189616046
2022-01-11,2707008.426442714
2022-01-12,2675847.266206369
2022-01-13,2601368.690179936
2022-01-14,2618790.1532179257
2022-01-18,2545378.8686917378
2022-01-19,2487660.961204545
2022-01-20,2467535.124561336
2022-01-21,2402131.5733750593
2022-01-24,2400087.1412377185
2022-01-25,2412140.7936347085
2022-01-26,2350135.293828003
2022-01-27,2286706.757160706
2022-01-28,2303214.229743034
2022-01-31,2425219.8967902376
2022-02-01,2509049.71371281
2022-02-02,2433136.5706723547
2022-02-03,2372113.1495898473
2022-02-04,2393834.20997768
2022-02-07,2426199.0659542894
2022-02-08,2458843.6235506954
2022-02-09,2529302.030397268
2022-02-10,2477535.1494504097
2022-02-11,2440909.106769696
2022-02-14,2381103.1252350844
2022-02-15,2469525.454911467
2022-02-16,2455202.197105473
2022-02-17,2381857.5108691226
2022-02-18,2343523.1394689674
2022-02-22,2291419.3842880623
2022-02-23,2287974.4461570936
2022-02-24,2352393.915694364
2022-02-25,2428599.220612898
2022-02-28,2483241.438634829
2022-03-01,2461700.735273808
2022-03-02,2471922.24735016
2022-03-03,2422357.4012764087
2022-03-04,2387231.1918280646
2022-03-07,2345260.0730194636
2022-03-08,2362068.4282225273
2022-03-09,2446824.64244783
2022-03-10,2431195.751490437
2022-03-11,2364795.7271837164
2022-03-14,2279208.5647172346
2022-03-15,2293233.157081547
2022-03-16,2350882.3744105063
2022-03-17,2494939.088834948
2022-03-18,2539656.2475984883
2022-03-21,2511435.5049425387
2022-03-22,2580198.2649111743
2022-03-23,2574091.659875164
2022-03-24,2620569.4819620275
2022-03-25,2652017.2556481925
2022-03-28,2650572.559636933
2022-03-29,2691707.776762982
2022-03-30,2661128.788475326
2022-03-31,2626532.056464845
2022-04-01,2629914.3335406985
2022-04-04,2630123.056900503
2022-04-05,2630331.796825654
2022-04-06,2630540.5533174654
2022-04-07,2630749.3263772526
2022-04-08,2630958.11600633
2022-04-11,2631166.922206013
2022-04-12,2631375.7449776167
2022-04-13,2631584.5843224563
2022-04-14,2631793.4402418467
2022-04-18,2632002.312737104
2022-04-19,2632211.2018095437
2022-04-20,2632420.107460481
2022-04-21,2632629.029691232
2022-04-22,2632837.968503112
2022-04-25,2633046.9238974378
2022-04-26,2633255.8958755247
2022-04-27,2633464.8844386893
2022-04-28,2633673.889588248
2022-04-29,2633882.911325517
2022-05-02,2634091.9496518127
2022-05-03,2634301.0045684515
2022-05-04,2634510.0760767506
2022-05-05,2634719.1641780264
2022-05-06,2634928.268873596
2022-05-09,2635137.3901647767
2022-05-10,2635346.528052885
2022-05-11,2635555.6825392386
2022-05-12,2635764.8536251546
2022-05-13,2635974.0413119504
2022-05-16,2636183.2456009435
2022-05-17,2636392.4664934515
2022-05-18,2636601.7039907924
2022-05-19,2636810.958094284
2022-05-20,2637020.228805244
2022-05-23,2637229.5161249903
2022-05-24,2637438.8200548417
2022-05-25,2637648.140596116
2022-05-26,2637857.4777501314
2022-05-27,2638066.8315182067
2022-05-31,2638276.2019016608
2022-06-01,2638485.5889018117
2022-06-02,2638694.9925199784
2022-06-03,2638904.41275748
2022-06-06,2639113.8496156354
2022-06-07,2639323.3030957635
2022-06-08,2639532.773199184
2022-06-09,2639742.2599272155
2022-06-10,2639951.763281178
2022-06-13,2640161.283262391
2022-06-14,2640370.819872174
2022-06-15,2640580.3731118464
2022-06-16,2640789.942982728
2022-06-17,2640999.5294861393
2022-06-21,2641209.1326234
2022-06-22,2641418.7523958306
2022-06-23,2641628.388804751
2022-06-24,2641838.0418514814
2022-06-27,2642047.7115373425
2022-06-28,2642257.397863655
2022-06-29,2642467.100831739
2022-06-30,2628091.0925981435
2022-07-01,2651545.7585669714
2022-07-05,2679184.0916944765
2022-07-06,2642453.5692086667
2022-07-07,2732063.734232467
2022-07-08,2747792.3048401196
2022-07-11,2668417.3200526047
2022-07-12,2669668.805966624
2022-07-13,2649345.2401858643
2022-07-14,2606431.600146775
2022-07-15,2646768.1640083482
2022-07-18,2665460.104790541
2022-07-19,2742771.7860398544
2022-07-20,2757155.32415572
2022-07-21,2762105.2218150436
2022-07-22,2688940.5450392626
2022-07-25,2680051.735810239
2022-07-26,2635664.829007791
2022-07-27,2676370.7859596144
2022-07-28,2720431.9738024264
2022-07-29,2728638.922094547
2022-08-01,2729122.7196535124
2022-08-02,2765559.3003915413
2022-08-03,2848435.441206276
2022-08-04,2896883.3158783703
2022-08-05,2931713.388573177
2022-08-08,2985664.173445667
2022-08-09,2935514.2654505684
2022-08-10,3044746.103812783
2022-08-11,3100613.359697527
2022-08-12,3158021.822834752
2022-08-15,3150100.386455111
2022-08-16,3140915.250874927
2022-08-17,3064475.06778769
2022-08-18,3080255.1297231633
2022-08-19,2969497.9449635413
2022-08-22,2885871.4340261244
2022-08-23,2900330.926454495
2022-08-24,2936916.0671224827
2022-08-25,2969342.62449041
2022-08-26,2904425.3730969573
2022-08-29,2915508.3822500855
2022-08-30,2856964.90286458
2022-08-31,2880286.242153367
2022-09-01,2823672.7019424224
2022-09-02,2816516.894121426
2022-09-06,2762349.9894523667
2022-09-07,2777244.032842061
2022-09-08,2807343.752228167
2022-09-09,2896084.8423960647
2022-09-12,2932639.990462543
2022-09-13,2853701.378791637
2022-09-14,2849838.830346477
2022-09-15,2842120.366288285
2022-09-16,2778756.6425668406
2022-09-19,2768934.541637353
2022-09-20,2712301.9709418053
2022-09-21,2663428.1477446533
2022-09-22,2609107.6608994068
2022-09-23,2550779.6849602675
2022-09-26,2489533.1204698873
2022-09-27,2503372.472648116
2022-09-28,2559401.026047172
2022-09-29,2457939.6538174273
2022-09-30,2439821.757300916
2022-10-03,2470320.6885747807
2022-10-04,2551381.561093697
2022-10-05,2524000.560118864
2022-10-06,2521693.8408128
2022-10-07,2429840.893576302
2022-10-10,2359790.293195059
2022-10-11,2345789.374410275
2022-10-12,2343066.075176308
2022-10-13,2387752.3809343525
2022-10-14,2371024.238553365
2022-10-17,2423269.128113395
2022-10-18,2435073.251356368
2022-10-19,2371048.935740159
2022-10-20,2353988.7250698274
2022-10-21,2365752.9245462567
2022-10-24,2339091.982698481
2022-10-25,2419810.2688362827
2022-10-26,2423109.816252165
2022-10-27,2420789.8297515493
2022-10-28,2449405.187994377
2022-10-31,2455263.6754493015
2022-11-01,2455948.233184499
2022-11-02,2360652.955857469
2022-11-03,2350859.669353936
2022-11-04,2356067.4877002216
2022-11-07,2340121.8504109406
2022-11-08,2342202.96018366
2022-11-09,2244076.397087161
2022-11-10,2330326.1629935387
2022-11-11,2449820.060990144
2022-11-14,2407042.247041788
2022-11-15,2419678.6425430607
2022-11-16,2385631.1915888493
2022-11-17,2342532.786830087
2022-11-18,2336735.1611124137
2022-11-21,2315260.5353032546
2022-11-22,2349818.8181456705
2022-11-23,2381939.108727737
2022-11-25,2415226.6922650277
2022-11-28,2344817.3236468965
2022-11-29,2325500.426227075
2022-11-30,2360612.278283424
2022-12-01,2359830.0498533444
2022-12-02,2375423.781607858
2022-12-05,2315598.8616210106
2022-12-06,2246849.647432209
2022-12-07,2222915.0036788667
2022-12-08,2201732.9829159863
2022-12-09,2190844.6706561623
2022-12-12,2187819.0365476585
2022-12-13,2199351.874945696
2022-12-14,2169969.4367254935
2022-12-15,2114411.89904358
2022-12-16,2021255.1657500167
2022-12-19,2015220.1813044655
2022-12-20,2022669.8651723159
2022-12-21,2032548.7947039672
2022-12-22,2002802.4215028435
2022-12-23,2006493.60351365
2022-12-27,2036900.2101459198
2022-12-28,2022772.1484836598
2022-12-29,2091816.3765277276
2022-12-30,2150469.1888749497
2023-01-03,2176700.846828503
2023-01-04,2261054.3382978444
2023-01-05,2211136.376770798
2023-01-06,2284253.9407501523
2023-01-09,2313716.673455643
2023-01-10,2339015.9007356027
2023-01-11,2367878.1651421306
2023-01-12,2423962.0406846628
2023-01-13,2455772.8256458775
2023-01-17,2467436.369348373
2023-01-18,2420659.095568384
2023-01-19,2386089.9831255986
2023-01-20,2412921.818739131
2023-01-23,2439075.1106209527
2023-01-24,2430989.2356594168
2023-01-25,2428044.982180807
2023-01-26,2436972.8686730475
2023-01-27,2468407.9110063547
2023-01-30,2444054.490130844
2023-01-31,2509183.5446394086
2023-02-01,2556818.009402566
2023-02-02,2599558.8785866913
2023-02-03,2592400.219362927
2023-02-06,2585060.8732378245
2023-02-07,2577861.8969648853
2023-02-08,2530912.882394408
2023-02-09,2461782.3969444744
2023-02-10,2469109.8732443657
2023-02-13,2454628.016778581
2023-02-14,2462323.5336645837
2023-02-15,2464973.7893552682
2023-02-16,2441031.9657359906
2023-02-17,2494554.384462131
2023-02-21,2420336.139303807
2023-02-22,2415809.5400626017
2023-02-23,2394480.318404384
2023-02-24,2365456.4180455254
2023-02-27,2369571.4477572944
2023-02-28,2368183.067206699
2023-03-01,2367804.6861184496
2023-03-02,2367455.584115878
2023-03-03,2407368.907163769
2023-03-06,2372687.9397588763
2023-03-07,2314208.540385976
2023-03-08,2319153.2889643074
2023-03-09,2219036.0776552106
2023-03-10,2169795.925575929
2023-03-13,2128554.559551843
2023-03-14,2110226.6702039205
2023-03-15,2047572.237701511
2023-03-16,2063619.20497
2023-03-17,2029185.512840279
2023-03-20,1996064.0244398927
2023-03-21,2028874.5848084888
2023-03-22,2010311.6439814959
2023-03-23,1984569.3132872223
2023-03-24,2057864.2236904623
2023-03-27,2036445.2482162886
2023-03-28,2031708.518260906
2023-03-29,2052855.21431491
2023-03-30,2049277.9468216533
2023-03-31,2067502.6526595121
2023-04-03,2063923.338614699
2023-04-04,2064087.1420542717
2023-04-05,2064250.9584941173
2023-04-06,2064414.7879352677
2023-04-10,2064578.6303787546
2023-04-11,2064742.48582561
2023-04-12,2064906.3542768662
2023-04-13,2065070.235733555
2023-04-14,2065234.1301967085
2023-04-17,2065398.037667359
2023-04-18,2065561.958146539
2023-04-19,2065725.8916352808
2023-04-20,2065889.8381346168
2023-04-21,2066053.79764558
2023-04-24,2066217.7701692027
2023-04-25,2066381.7557065177
2023-04-26,2066545.754258558
2023-04-27,2066709.7658263561
2023-04-28,2066873.7904109454
2023-05-01,2067037.828013359
2023-05-02,2067201.87863463
2023-05-03,2067365.9422757914
2023-05-04,2067530.018937877
2023-05-05,2067694.1086219195
2023-05-08,2067858.211328953
2023-05-09,2068022.327060011
2023-05-10,2068186.455816127
2023-05-11,2068350.5975983345
2023-05-12,2068514.7524076677
2023-05-15,2068678.9202451603
2023-05-16,2068843.1011118465
2023-05-17,2069007.2950087602
2023-05-18,2069171.5019369356
2023-05-19,2069335.7218974067
2023-05-22,2069499.954891208
2023-05-23,2069664.2009193741
2023-05-24,2069828.459982939
2023-05-25,2069992.7320829376
2023-05-26,2070157.0172204045
2023-05-30,2070321.3153963743
2023-05-31,2070485.626611882
2023-06-01,2070649.950867962
2023-06-02,2070814.28816565
2023-06-05,2070978.6385059806
2023-06-06,2071143.001889989
2023-06-07,2071307.3783187105
2023-06-08,2071471.7677931802
2023-06-09,2071636.1703144335
2023-06-12,2071800.585883506
2023-06-13,2071965.0145014334
2023-06-14,2072129.456169251
2023-06-15,2072293.9108879946
2023-06-16,2072458.3786587
2023-06-20,2072622.8594824031
2023-06-21,2072787.3533601398
2023-06-22,2072951.8602929462
2023-06-23,2073116.3802818584
2023-06-26,2073280.9133279126
2023-06-27,2073445.4594321449
2023-06-28,2073610.018595592
2023-06-29,2073774.59081929
2023-06-30,2044394.03127974
2023-07-03,2102109.986652315
2023-07-05,2088325.8683365968
2023-07-06,2048130.103878793
2023-07-07,2094274.6099873686
2023-07-10,2127548.4916070504
2023-07-11,2131591.5342461625
2023-07-12,2143414.205139893
2023-07-13,2188884.4602331924
2023-07-14,2171205.922335736
2023-07-17,2200859.4766785745
2023-07-18,2203305.698090076
2023-07-19,2218194.2831794634
2023-07-20,2193413.4526117346
2023-07-21,2194689.9552939725
2023-07-24,2177631.8376369984
2023-07-25,2162568.142547877
2023-07-26,2202375.1994784856
2023-07-27,2183614.351930411
2023-07-28,2233217.316688831
2023-07-31,2280911.1694321292
2023-08-01,2241224.9884466846
2023-08-02,2202592.613056492
2023-08-03,2179881.945135913
2023-08-04,2166573.650822146
2023-08-07,2138141.333443008
2023-08-08,2122143.5366165065
2023-08-09,2103527.7462205193
2023-08-10,2116474.631499035
2023-08-11,2119150.3138852785
2023-08-14,2123624.0824776483
2023-08-15,2089476.5009907715
2023-08-16,2063879.02704171
2023-08-17,2030780.1831950916
2023-08-18,2050329.3209284253
2023-08-21,2020158.1424537133
2023-08-22,2073899.6386175517
2023-08-23,2092725.1373134146
2023-08-24,2037229.5849569307
2023-08-25,2031265.2176664122
2023-08-28,2051614.6547235486
2023-08-29,2086359.4868396183
2023-08-30,2175337.237943502
2023-08-31,2135633.176704235
2023-09-01,2143299.644538543
2023-09-05,2111820.573834504
2023-09-06,2098379.215884332
2023-09-07,2088762.2956272427
2023-09-08,2087014.7289507748
2023-09-11,2074124.9693285385
2023-09-12,2075587.4339073498
2023-09-13,2064122.668587212
2023-09-14,2087682.8162117908
2023-09-15,2091971.7411866763
2023-09-18,2101418.1804339117
2023-09-19,2094123.6718277377
2023-09-20,2087748.5389051728
2023-09-21,2036554.8166687577
2023-09-22,2030575.1010000035
2023-09-25,2026541.7893161941
2023-09-26,2020396.4784338837
2023-09-27,2022021.164408685
2023-09-28,2025870.0895818158
2023-09-29,1988122.9159786867
2023-10-02,1946163.665520247
2023-10-03,1964956.8530952767
2023-10-04,1965935.5294967154
2023-10-05,1945788.9851014202
2023-10-06,1975710.288353826
2023-10-09,1948550.6237976039
2023-10-10,1971015.615489404
2023-10-11,1956812.740533879
2023-10-12,1913260.8410141508
2023-10-13,1882074.343145231
2023-10-16,1898644.5743513522
2023-10-17,1918877.443571227
2023-10-18,1889312.8596776484
2023-10-19,1836511.154147616
2023-10-20,1831085.3041821558
2023-10-23,1801754.4349892968
2023-10-24,1788992.3529985491
2023-10-25,1764326.5566163377
2023-10-26,1775283.6970327161
2023-10-27,1733710.976447554
2023-10-30,1754623.7314859184
2023-10-31,1791197.6501261792
2023-11-01,1772803.34232115
2023-11-02,1839981.2311959984
2023-11-03,1934219.5242102519
2023-11-06,1921649.5018888663
2023-11-07,1895288.5061286504
2023-11-08,1878112.7475468398
2023-11-09,1849312.421821925
2023-11-10,1812297.5701474035
2023-11-13,1819977.4275597213
2023-11-14,1910810.5577764553
2023-11-15,1924706.6732289935
2023-11-16,1889975.1821597926
2023-11-17,1913605.2408273108
2023-11-20,1917942.2509473034
2023-11-21,1878668.9285296756
2023-11-22,1876667.6464523938
2023-11-24,1913988.3143315932
2023-11-27,1886593.3224525321
2023-11-28,1879338.0525901606
2023-11-29,1912631.1835719068
2023-11-30,1912145.4698006327
2023-12-01,1986470.5914603886
2023-12-04,2032943.6380880098
2023-12-05,1998407.465420363
2023-12-06,2011418.336113146
2023-12-07,2003103.7540791784
2023-12-08,1981757.9526864584
2023-12-11,1946749.3703451264
2023-12-12,1921079.1590993642
2023-12-13,2038132.4421483586
2023-12-14,2109630.3347653216
2023-12-15,2069230.5168374837
2023-12-18,2026091.737742898
2023-12-19,2065345.7974203886
2023-12-20,2008417.1322014208
2023-12-21,2029208.5032282602
2023-12-22,2062395.6573483895
2023-12-26,2094163.8645369073
2023-12-27,2133295.4695596364
2023-12-28,2156536.519365353
2023-12-29,2054201.200269809
2024-01-02,2035437.4661352152
2024-01-03,2002069.9591551046
2024-01-04,2055391.2524623272
2024-01-05,2038406.0321384391
2024-01-08,2113302.4031361216
2024-01-09,2094643.5219878515
2024-01-10,2096834.653817906
2024-01-11,2112359.9379273555
2024-01-12,2110219.255820265
2024-01-16,2095375.983381678
2024-01-17,2083687.6022333617
2024-01-18,2071788.5211563527
2024-01-19,2086304.6876650269
2024-01-22,2051009.8832449396
2024-01-23,2072487.4200239475
2024-01-24,2059018.8089703235
2024-01-25,2063850.443417817
2024-01-26,2073617.7354232206
2024-01-29,2081042.8106771437
2024-01-30,2047118.2617023634
2024-01-31,2006672.2046092413
2024-02-01,1983155.1672640485
2024-02-02,1980312.539022804
2024-02-05,1961209.8903040015
2024-02-06,1975022.0063127796
2024-02-07,1975683.4620263793
2024-02-08,2036714.6003508703
2024-02-09,2076151.260582717
2024-02-12,2203228.1537636863
2024-02-13,2132593.7977159843
2024-02-14,2156745.650568958
2024-02-15,2176860.9383514253
2024-02-16,2185989.2999052806
2024-02-20,2164484.2865010654
2024-02-21,2162019.7995335483
2024-02-22,2162692.883517503
2024-02-23,2171250.3271267205
2024-02-26,2184414.4061852563
2024-02-27,2231680.497404982
2024-02-28,2251453.779873274
2024-02-29,2293405.3081126036
2024-03-01,2293202.7377918228
2024-03-04,2317171.065259022
2024-03-05,2281194.782882854
2024-03-06,2283716.9351231987
2024-03-07,2311455.490196351
2024-03-08,2335523.200288668
2024-03-11,2297271.587156249
2024-03-12,2257599.8063393105
2024-03-13,2219188.0053486936
2024-03-14,2213431.747449127
2024-03-15,2298742.531895744
2024-03-18,2275264.010593889
2024-03-19,2221562.4337932453
2024-03-20,2349279.5916336114
2024-03-21,2309867.8383678896
2024-03-22,2318834.9528871635
2024-03-25,2302394.00174002
2024-03-26,2424885.6661065994
2024-03-27,2402357.8110273546
2024-03-28,2589122.6528070676
2024-04-01,2536148.947054466
2024-04-02,2499996.403799419
2024-04-03,2500194.816212419
2024-04-04,2500393.244372436
2024-04-05,2500591.6882807193
2024-04-08,2500790.1479385193
2024-04-09,2500988.623347086
2024-04-10,2501187.114507669
2024-04-11,2501385.6214215187
2024-04-12,2501584.1440898855
2024-04-15,2501782.68251402
2024-04-16,2501981.236695172
2024-04-17,2502179.806634592
2024-04-18,2502378.3923335313
2024-04-19,2502576.9937932403
2024-04-22,2502775.61101497
2024-04-23,2502974.243999971
2024-04-24,2503172.892749495
2024-04-25,2503371.5572647923
2024-04-26,2503570.237547115
2024-04-29,2503768.9335977137
2024-04-30,2503967.6454178407
2024-05-01,2504166.3730087467
2024-05-02,2504365.116371684
2024-05-03,2504563.8755079038
2024-05-06,2504762.6504186583
2024-05-07,2504961.4411051995
2024-05-08,2505160.247568779
2024-05-09,2505359.06981065
2024-05-10,2505557.9078320633
2024-05-13,2505756.761634272
2024-05-14,2505955.631218529
2024-05-15,2506154.516586086
2024-05-16,2506353.417738196
2024-05-17,2506552.3346761116
2024-05-20,2506751.2674010857
2024-05-21,2506950.2159143714
2024-05-22,2507149.180217222
2024-05-23,2507348.16031089
2024-05-24,2507547.156196629
2024-05-28,2507746.1678756922
2024-05-29,2507945.1953493333
2024-05-30,2508144.2386188055
2024-05-31,2508343.2976853624
2024-06-03,2508542.372550258
2024-06-04,2508741.463214746
2024-06-05,2508940.5696800807
2024-06-06,2509139.6919475156
2024-06-07,2509338.830018305
2024-06-10,2509537.9838937037
2024-06-11,2509737.153574965
2024-06-12,2509936.339063344
2024-06-13,2510135.540360095
2024-06-14,2510334.7574664727
2024-06-17,2510533.990383732
2024-06-18,2510733.239113128
2024-06-20,2510932.5036559147
2024-06-21,2511131.7840133477
2024-06-24,2511331.0801866823
2024-06-25,2511530.3921771734
2024-06-26,2511729.7199860765
2024-06-27,2511929.063614647
2024-06-28,2456495.527008592
2024-07-01,2442099.8685977794
2024-07-02,2427211.8729199213
2024-07-03,2451085.2810809864
2024-07-05,2462936.2996011344
2024-07-08,2470945.3735450846
2024-07-09,2483798.9610543284
2024-07-10,2519285.8678774824
2024-07-11,2610534.4187519685
2024-07-12,2634105.298879197
2024-07-15,2630242.477930934
2024-07-16,2711469.187633768
2024-07-17,2701358.1802999894
2024-07-18,2640919.5108574475
2024-07-19,2628599.1739695617
2024-07-22,2664909.1580631537
2024-07-23,2683605.9705110597
2024-07-24,2631848.743143413
2024-07-25,2673849.3834366514
2024-07-26,2696506.6213490837
2024-07-29,2666941.2070216243
2024-07-30,2653032.057023677
2024-07-31,2657228.63161333
2024-08-01,2593039.3781835507
2024-08-02,2527132.5260270177
2024-08-05,2445349.211171294
2024-08-06,2417761.4332982213
2024-08-07,2379157.5627273065
2024-08-08,2418516.012830868
2024-08-09,2393721.7744879606
2024-08-12,2379424.0942028426
2024-08-13,2435809.7723181807
2024-08-14,2418437.05682383
2024-08-15,2462806.708733383
2024-08-16,2474720.401838519
2024-08-19,2520365.776236986
2024-08-20,2494720.4560479796
2024-08-21,2527662.2155527244
2024-08-22,2493534.7422376373
2024-08-23,2571473.903194091
2024-08-26,2576473.04099556
2024-08-27,2550223.863354729
2024-08-28,2522828.481433981
2024-08-29,2539329.479546325
2024-08-30,2539463.2430061917
2024-09-03,2462510.3246895117
2024-09-04,2425968.3724065404
2024-09-05,2414990.5961009604
2024-09-06,2377254.5822234866
2024-09-09,2393251.8506578826
2024-09-10,2416480.5410554786
2024-09-11,2436176.0077847424
2024-09-12,2459049.999467141
2024-09-13,2520450.276310892
2024-09-16,2525236.464444229
2024-09-17,2532516.834813979
2024-09-18,2526629.327516042
2024-09-19,2570404.251041718
2024-09-20,2534303.51442698
2024-09-23,2488490.496639986
2024-09-24,2515763.1116676447
2024-09-25,2474008.9656544495
2024-09-26,2514622.246644912
2024-09-27,2521564.2578267525
2024-09-30,2573842.3784165173
2024-10-01,2528449.2044549217
2024-10-02,2539113.191779829
2024-10-03,2502399.3714916646
2024-10-04,2578669.239723303
2024-10-07,2604532.9667972834
2024-10-08,2568593.2284624185
2024-10-09,2558557.499821103
2024-10-10,2463775.865604139
2024-10-11,2527449.038106528
2024-10-14,2507618.2806836497
2024-10-15,2535541.5649272865
2024-10-16,2770788.151572853
2024-10-17,2751100.735771234
2024-10-18,2777575.542620259
2024-10-21,2742493.0878717657
2024-10-22,2725121.2062116545
2024-10-23,2693987.6972505227
2024-10-24,2707513.9580837227
2024-10-25,2690630.1734070224
2024-10-28,2731820.7010036143
2024-10-29,2711343.9721710226
2024-10-30,2704274.8897141237
2024-10-31,2685362.345430917
2024-11-01,2698646.5208283067
2024-11-04,2711622.664643856
2024-11-05,2782112.2890117066
2024-11-06,2801568.4473252175
2024-11-07,2826560.206705659
2024-11-08,2818603.4383669184
2024-11-11,2823647.55859741
2024-11-12,2758716.097971347
2024-11-13,2766952.203862273
2024-11-14,2692999.557229144
2024-11-15,2642067.566676006
2024-11-18,2593836.227079885
2024-11-19,2606624.1991538387
2024-11-20,2609768.921898594
2024-11-21,2628036.5247134846
2024-11-22,2678772.7672382696
2024-11-25,2789139.3549807747
2024-11-26,2773218.68864452
2024-11-27,2787411.8264936074
2024-11-29,2790856.3986713914
2024-12-02,2682759.9617971466
2024-12-03,2609864.2100994578
2024-12-04,2587502.818071622
2024-12-05,2532741.568626261
2024-12-06,2533915.484190636
2024-12-09,2528467.3751532757
2024-12-10,2541896.733380591
2024-12-11,2582958.496695867
2024-12-12,2522999.691653023
2024-12-13,2483485.7967796125
2024-12-16,2439959.755660953
2024-12-17,2396779.613025838
2024-12-18,2362933.4633085425
2024-12-19,2314458.5644535613
2024-12-20,2357552.9320093347
2024-12-23,2375282.307475777
2024-12-24,2366599.010587939
2024-12-26,2367593.5148599586
2024-12-27,2363561.2053226135
2024-12-30,2430602.639523607
2024-12-31,2377106.957920292
2025-01-02,2412861.4005280393
2025-01-03,2487975.751215768
2025-01-06,2461080.5598341483
2025-01-07,2412332.154668805
2025-01-08,2373583.862849613
2025-01-10,2297626.44336349
2025-01-13,2273880.240296976
2025-01-14,2296512.514723758
2025-01-15,2353921.748106301
2025-01-16,2338099.557628789
2025-01-17,2328456.2350948816
2025-01-21,2361369.8776239874
2025-01-22,2299793.3096037735
2025-01-23,2291880.2597498344
2025-01-24,2323775.46732223
2025-01-27,2263473.4470533985
2025-01-28,2144063.951572774
2025-01-29,2129725.611652664
2025-01-30,2126287.112727003
2025-01-31,2116173.5201293607
2025-02-03,2110153.141446017
2025-02-04,2090759.1446880426
2025-02-05,2105523.879832886
2025-02-06,2063488.090771586
2025-02-07,1983188.2186622398
2025-02-10,2016925.8437129902
2025-02-11,1974276.483220355
2025-02-12,1989640.9796810525
2025-02-13,2039772.8836315232
2025-02-14,2161841.1628019316
2025-02-18,2167022.503831663
2025-02-19,2126118.3252415694
2025-02-20,2110415.0283741974
2025-02-21,2077439.1921198403
2025-02-24,2075128.2318914006
2025-02-25,2066436.7063542833
2025-02-26,2083110.5690192312
2025-02-27,2042028.6268964654
2025-02-28,2072294.6750592175
2025-03-03,2054428.755405119
2025-03-04,2059172.5292271208
2025-03-05,2052935.6662130598
2025-03-06,2087744.8793966493
2025-03-07,2044686.8155897663
2025-03-10,2103448.6276609153
2025-03-11,2110693.314473123
2025-03-12,2101528.0413055224
2025-03-13,2024858.8764034836
2025-03-14,2079412.6012029457
2025-03-17,2056593.802759421
2025-03-18,1887835.258482677
2025-03-19,1884929.6899903538
2025-03-20,1869135.328246627
2025-03-21,1826869.66055664
2025-03-24,1848741.685746443
2025-03-25,1914645.215200845
2025-03-26,1840617.6469973892
2025-03-27,1857796.3587265152
2025-03-28,1851598.2517304989
2025-03-31,1801848.1809277157
2025-04-01,1808597.7924137856
2025-04-02,1856875.393136352
2025-04-03,1840261.9939310702
2025-04-04,1840408.0464702712
2025-04-07,1840554.1106009434
2025-04-08,1840700.186324007
2025-04-09,1840846.273640382
2025-04-10,1840992.3725509886
2025-04-11,1841138.4830567467
2025-04-14,1841284.6051585765
2025-04-15,1841430.7388573985
2025-04-16,1841576.8841541333
2025-04-17,1841723.0410497012
2025-04-21,1841869.2095450226
2025-04-22,1842015.3896410181
2025-04-23,1842161.5813386086
2025-04-24,1842307.784638715
2025-04-25,1842453.9995422577
2025-04-28,1842600.226050158
2025-04-29,1842746.4641633367
2025-04-30,1842892.7138827147
2025-05-01,1843038.9752092133
2025-05-02,1843185.2481437537
2025-05-05,1843331.5326872573
2025-05-06,1843477.8288406453
2025-05-07,1843624.136604839
2025-05-08,1843770.45598076
2025-05-09,1843916.78696933
2025-05-12,1844063.1295714704
2025-05-13,1844209.483788103
2025-05-14,1844355.8496201497
2025-05-15,1844502.2270685323
2025-05-16,1844648.6161341725
2025-05-19,1844795.0168179928
2025-05-20,1844941.4291209148
2025-05-21,1845087.853043861
2025-05-22,1845234.2885877534
2025-05-23,1845380.7357535143
2025-05-27,1845527.1945420662
2025-05-28,1845673.6649543315
2025-05-29,1845820.1469912326
2025-05-30,1845966.6406536922
2025-06-02,1846113.145942633
2025-06-03,1846259.6628589777
2025-06-04,1846406.191403649
2025-06-05,1846552.73157757
2025-06-06,1846699.2833816635
2025-06-09,1846845.8468168525
2025-06-10,1846992.4218840601
2025-06-11,1847139.0085842097
2025-06-12,1847285.6069182244
2025-06-13,1847432.2168870275
2025-06-16,1847578.8384915423
2025-06-17,1847725.4717326923
2025-06-18,1847872.1166114013
2025-06-20,1848018.7731285926
2025-06-23,1848165.4412851902
2025-06-24,1848312.1210821175
2025-06-25,1848458.8125202986
2025-06-26,1848605.5156006573
2025-06-27,1848752.2303241177
2025-06-30,1854005.959304748
2025-07-01,1869691.2247012455
2025-07-02,1906274.4694439338
2025-07-03,1954746.845424728
2025-07-07,1959389.0686508531
2025-07-08,1936057.589974995
2025-07-09,1953116.454467986
2025-07-10,2028176.2508565667
2025-07-11,1988694.537279259
2025-07-14,2066974.1582704447
2025-07-15,2116525.008371784
2025-07-16,2114197.7836882905
2025-07-17,2165661.732869098
2025-07-18,2168646.788767085
2025-07-21,2129484.5568844257
2025-07-22,2197364.493738738
2025-07-23,2202323.247464189
2025-07-24,2157277.119060263
2025-07-25,2201587.006301072
2025-07-28,2164684.949010432
2025-07-29,2102324.806739384
2025-07-30,2077847.1650138337
2025-07-31,2068947.999559527
2025-08-01,2040017.7319005122
2025-08-04,2085105.9078155963
2025-08-05,2097428.5717056086
2025-08-06,2101253.503071718
2025-08-07,2173057.135411792
2025-08-08,2214812.247849153
2025-08-11,2220453.2004990834
2025-08-12,2359946.476579908
2025-08-13,2397041.0999679784
2025-08-14,2404573.7800105307
2025-08-15,2365183.1912345937
2025-08-18,2352861.6505222083
2025-08-19,2310337.5579610723
2025-08-20,2260604.6948542236
2025-08-21,2291832.7858883673
2025-08-22,2397149.9028877667
2025-08-25,2382879.064677749
2025-08-26,2356353.904591301
2025-08-27,2423433.388797191
2025-08-28,2424169.5915007344
2025-08-29,2395977.5521649565
2025-09-02,2380604.64565439
2025-09-03,2417534.3914775928
2025-09-04,2447140.7010787665
2025-09-05,2446098.0206855107
2025-09-08,2422949.3692223644
2025-09-09,2428491.594165602
2025-09-10,2417975.826592685
2025-09-11,2475939.7705401303
2025-09-12,2488147.928707346
2025-09-15,2646472.785045592
2025-09-16,2635903.9246167555
2025-09-17,2635498.589623638
2025-09-18,2741317.465537674
2025-09-19,2885005.7811280936
2025-09-22,2988636.106841461
2025-09-23,3019885.735458467
2025-09-24,3146423.7784311506
2025-09-25,3146785.395887583
2025-09-26,3159991.959100041
2025-09-29,3234567.516989181
2025-09-30,3235556.901256807
2025-10-01,3318411.8991999654
2025-10-02,3429570.3219377873
2025-10-03,3495339.88276911
2025-10-06,3645685.913097251
2025-10-07,3609962.2182293534
2025-10-08,3684369.2262634435
2025-10-09,3676677.301991442
2025-10-10,3573102.028068781
2025-10-13,3883299.7608735417
2025-10-14,3917367.418729349
2025-10-15,4271735.236564504
2025-10-16,4091256.1404292122
2025-10-17,3951502.827528284
2025-10-20,4028833.5559704723
2025-10-21,4231381.585831212
2025-10-22,4227915.357570076
2025-10-23,4115662.3155830144
2025-10-24,4459492.125832106
2025-10-27,3982173.0903825928
2025-10-28,3787671.4471777966
2025-10-29,3738090.1067937347
2025-10-30,3659468.758648221
2025-10-31,3966039.4965613447
2025-11-03,3768288.050612432
2025-11-04,3552775.3622837304
2025-11-05,3671545.79856809
2025-11-06,3588463.2593477825
2025-11-07,3855612.8990090135
2025-11-10,3947886.7652957547
2025-11-11,3825533.213550725
2025-11-12,3709060.1606617365
2025-11-13,3529250.7533811596
2025-11-14,3385896.8630465865
2025-11-17,3143311.087243792
2025-11-18,3229345.822910899
2025-11-19,3144822.6141877575
2025-11-20,3043733.630073777
2025-11-21,3108819.893135622
2025-11-24,3149668.0433535827
2025-11-25,3105217.4656448844
2025-11-26,3171376.0264394917
2025-11-28,3140370.6073710173
2025-12-01,3163862.7469168995
2025-12-02,3241734.6310317186
2025-12-03,3777021.786235243
2025-12-04,3711447.212660493
2025-12-05,3923122.2183704674
2025-12-08,3829487.4786049556
2025-12-09,4011344.0769443717
2025-12-10,4523290.253131444
2025-12-11,4494970.133539107
2025-12-12,4300839.6082315035
2025-12-15,3532738.7206983464
2025-12-16,3220538.6395674595
2025-12-17,3192541.211350384
2025-12-18,3102166.461521262
2025-12-19,2933038.516677946
2025-12-22,2656375.9272836153
2025-12-23,2602422.484394227
2025-12-24,2559690.5822448465
2025-12-26,2560001.9677889347
2025-12-29,2539889.1598051256
2025-12-30,2451102.8570240885
2025-12-31,2385487.444065424
