date,ticker,ret,gross_ret,type,cost
2010-12-31,AXE,0.16033308771869215,0.16033308771869215,rebalance_exit,400031.74603174604
2010-12-31,ENH,0.16186820417602954,0.16383583940246305,rebalance_exit,400031.74603174604
2010-12-31,HME,0.04567326686868878,0.0489603039296862,rebalance_exit,400031.74603174604
2010-12-31,LIA,-0.05413586634940004,-0.05413586634940004,rebalance_exit,400031.74603174604
2010-12-31,SFG,0.20109018592032823,0.20646868111383565,rebalance_exit,400031.74603174604
2010-12-31,BNE_old,0.014121787157062249,0.014121787157062249,rebalance_exit,400031.74603174604
2010-12-31,PSYS1,0.0041579270013902825,0.0041579270013902825,rebalance_exit,400031.74603174604
2010-12-31,HLS,0.07527500700801992,0.07527500700801992,rebalance_exit,400031.74603174604
2010-12-31,TECD,0.09097047466961006,0.09230772434561607,rebalance_exit,400031.74603174604
2011-01-28,TSRA,-0.23268554645189699,-0.23268554645189699,stop_loss_exit,89037.09020958177
2011-02-23,BBBB,-0.18016848956998488,-0.180168489569985,stop_loss_exit,89037.09020958177
2011-03-14,PTP,-0.15946554929096168,-0.1571691195000362,stop_loss_exit,400031.74603174604
2011-03-18,HGIC,-0.1635614669269222,-0.16041285821405338,stop_loss_exit,89037.09020958177
2011-03-31,CNL_old1,0.15766373882435092,0.1576637388243507,rebalance_exit,400031.74603174604
2011-03-31,OMI,0.15595057926086664,0.15595057926086664,rebalance_exit,400031.74603174604
2011-03-31,MINI,0.2199106461937561,0.2199106461937561,rebalance_exit,89037.09020958177
2011-03-31,ACCL_old,-0.036144600462750365,-0.036144600462750365,rebalance_exit,89037.09020958177
2011-03-31,UIL,0.031052055647466492,0.031052055647466492,rebalance_exit,89037.09020958177
2011-03-31,BOBE,-0.011273427072516107,-0.00634718938600054,rebalance_exit,89037.09020958177
2011-03-31,WAC,-0.10289146474988065,-0.10289146474988065,rebalance_exit,89037.09020958177
2011-03-31,MPW,0.08404414970554042,0.08404414970554064,rebalance_exit,89037.09020958177
2011-03-31,FDP,0.04461086610992582,0.047648686192360845,rebalance_exit,89037.09020958177
2011-03-31,AMSG,0.2143197903391476,0.2143197903391476,rebalance_exit,89037.09020958177
2011-03-31,NDZ,0.027214812553532308,0.03336212597183219,rebalance_exit,89037.09020958177
2011-03-31,JAH,0.15513338241009578,0.15513338241009578,rebalance_exit,89037.09020958177
2011-03-31,DHCP,-0.10289425461201696,-0.10289425461201696,rebalance_exit,89037.09020958177
2011-03-31,UBA,0.003563604681039223,0.003563604681039223,rebalance_exit,89037.09020958177
2011-03-31,LWSN,0.3023426970348544,0.3081081493480786,rebalance_exit,89037.09020958177
2011-03-31,ATMI,-0.054564891196553056,-0.05265802990405,rebalance_exit,89037.09020958177
2011-03-31,LDR,0.03503849746311949,0.03503849746311949,rebalance_exit,89037.09020958177
2011-03-31,HTS,-0.04394386839791031,-0.04255039331101207,rebalance_exit,89037.09020958177
2011-03-31,BMTC,0.1833592285156802,0.1833592285156802,rebalance_exit,49570.490546875
2011-04-11,CXS,-0.15674513980691673,-0.15337284512787352,stop_loss_exit,41517.095781250006
2011-04-20,BRKL_old,-0.16321379450170692,-0.16321379450170692,stop_loss_exit,89037.09020958177
2011-05-16,ASI,-0.15112556792919318,-0.15112556792919307,stop_loss_exit,89037.09020958177
2011-05-17,ENH,-0.154735223108041,-0.15464941681080502,stop_loss_exit,129495.15533674181
2011-05-24,QLGC,-0.16448058871796245,-0.16448058871796256,stop_loss_exit,129495.15533674181
2011-05-26,CEDU,-0.15514983357785772,-0.1525189794159103,stop_loss_exit,3080.89025390625
2011-06-01,KNX1,-0.15099973001793776,-0.15099973001793787,stop_loss_exit,400031.74603174604
2011-06-03,KDN,-0.15893220552128928,-0.15893220552128928,stop_loss_exit,89037.09020958177
2011-06-03,CHFC,-0.15636868302013796,-0.15636868302013807,stop_loss_exit,89037.09020958177
2011-06-06,FFIC,-0.15228356490701112,-0.1507926026784695,stop_loss_exit,129495.15533674181
2011-06-07,BGG,-0.15474623992162884,-0.15040946190685012,stop_loss_exit,129495.15533674181
2011-06-08,ELNK,-0.15343378151120002,-0.1507741803603999,stop_loss_exit,400031.74603174604
2011-06-10,MOFG,-0.1631753926571019,-0.16234876918872743,stop_loss_exit,13414.267275390626
2011-06-24,PTP,-0.15858351209855548,-0.1551588297121751,stop_loss_exit,129495.15533674181
2011-06-30,CV_old,0.8418179095068452,0.8450862783913293,rebalance_exit,100728.23859375001
2011-06-30,MRH,0.05469291357017081,0.05670021157189575,rebalance_exit,400031.74603174604
2011-06-30,MSWP,0.3124623783887148,0.3124623783887148,rebalance_exit,54646.41750000001
2011-06-30,CCMP,0.12111060315155364,0.12111060315155364,rebalance_exit,89037.09020958177
2011-06-30,EDE,-0.10618923720121065,-0.10618923720121076,rebalance_exit,89037.09020958177
2011-06-30,BLT,0.10850247840345228,0.1085024784034525,rebalance_exit,89037.09020958177
2011-06-30,B_old,0.20903045859918135,0.20903045859918135,rebalance_exit,89037.09020958177
2011-06-30,PCH,0.10473512266570162,0.10905899953376275,rebalance_exit,89037.09020958177
2011-06-30,FLIC,-0.025492974211726138,-0.022155563291378355,rebalance_exit,89037.09020958177
2011-06-30,OABC,0.0892981893979139,0.09353433705105818,rebalance_exit,42316.59328125
2011-06-30,PPS,0.12651811861634887,0.13456624460805533,rebalance_exit,89037.09020958177
2011-06-30,HTSI,0.18749248365393045,0.18830882577365426,rebalance_exit,89037.09020958177
2011-06-30,MHLD,0.17226965917619164,0.17511227948528352,rebalance_exit,89037.09020958177
2011-06-30,EMCI,-0.13332287297011247,-0.13332287297011247,rebalance_exit,17022.2624609375
2011-06-30,NXGN,0.2952908407024786,0.2952908407024786,rebalance_exit,89037.09020958177
2011-06-30,LANC,0.07250740457444782,0.07582255873313803,rebalance_exit,89037.09020958177
2011-06-30,AAI,-0.006279392827262309,-0.006279392827262309,rebalance_exit,129495.15533674181
2011-06-30,BBBB,0.19044178554408875,0.19729573344446205,rebalance_exit,129495.15533674181
2011-06-30,EXL,-0.07025810144951139,-0.06678744213680754,rebalance_exit,74348.56
2011-06-30,FLY_old,-0.03482518606181062,-0.028061388470226434,rebalance_exit,89851.948125
2011-06-30,ABCO,0.12010346802114835,0.12388351588573276,rebalance_exit,129495.15533674181
2011-06-30,FFG,0.04670870551927875,0.04670870551927875,rebalance_exit,129495.15533674181
2011-07-22,SFG,-0.15856942683043407,-0.15856942683043407,stop_loss_exit,131387.31097921287
2011-07-27,VWTR,-0.15230053840333135,-0.15230053840333135,stop_loss_exit,89037.09020958177
2011-08-01,PSSI,-0.17430558474559765,-0.17296174108808915,stop_loss_exit,131387.31097921287
2011-08-02,VIVO_old,-0.1686536911966432,-0.1686536911966432,stop_loss_exit,131387.31097921287
2011-08-02,BGG,-0.19517354583457824,-0.19083521631483047,stop_loss_exit,131387.31097921287
2011-08-03,JBT,-0.16615208533266212,-0.16615208533266212,stop_loss_exit,131387.31097921287
2011-08-04,LSI,0.0573388879998078,0.060963931540022775,crash_overlay_exit,240019.0476190476
2011-08-04,SJI,0.009881636546798633,0.018795513013000642,crash_overlay_exit,240019.0476190476
2011-08-04,WGL,0.037694903370735444,0.042868136516737376,crash_overlay_exit,240019.0476190476
2011-08-04,NSH_old,0.006485885394432067,0.006485885394432067,crash_overlay_exit,190583.83950000003
2011-08-04,CHG,0.173299648468346,0.1784861653497951,crash_overlay_exit,103536.7749375
2011-08-04,COL,-0.11985763066837263,-0.11985763066837263,crash_overlay_exit,240019.0476190476
2011-08-04,ANH,0.10203227660627645,0.10203227660627645,crash_overlay_exit,240019.0476190476
2011-08-04,NAVG,-0.013720216954596465,-0.013720216954596465,crash_overlay_exit,104719.0055625
2011-08-04,VGR,-0.037128614687099715,-0.03164485001995865,crash_overlay_exit,240019.0476190476
2011-08-04,EQC,-0.16093380598224605,-0.16093380598224605,crash_overlay_exit,53422.25412574906
2011-08-04,TDCP,-0.12790699125045446,-0.06395349562522723,crash_overlay_exit,17338.215
2011-08-04,CYS,0.007563036593191574,0.016523179334008375,crash_overlay_exit,53422.25412574906
2011-08-04,HI,-0.021808172881086052,-0.006789135860649997,crash_overlay_exit,53422.25412574906
2011-08-04,OZRK,0.17753974072082168,0.18559698989278517,crash_overlay_exit,53422.25412574906
2011-08-04,FXCB,0.09206079340881868,0.09469246397898279,crash_overlay_exit,32289.749765624998
2011-08-04,TSCDD,-0.1006285600465523,-0.10062856004655218,crash_overlay_exit,53422.25412574906
2011-08-04,UNS,-0.027913816202793318,-0.027064766087426584,crash_overlay_exit,53422.25412574906
2011-08-04,OPI,-0.14158167173724678,-0.14158167173724678,crash_overlay_exit,53422.25412574906
2011-08-04,KW,0.13400258786859087,0.14015643111636833,crash_overlay_exit,53422.25412574906
2011-08-04,AFSI,0.29998674007085935,0.29998674007085935,crash_overlay_exit,53422.25412574906
2011-08-04,CMO,0.05363321430297274,0.059363550275624455,crash_overlay_exit,53422.25412574906
2011-08-04,ROIC,0.09808003990625536,0.11041301009031046,crash_overlay_exit,53422.25412574906
2011-08-04,DRYS,-0.0031645415874076432,-0.0031645415874077543,crash_overlay_exit,77697.09320204509
2011-08-04,RSO,-0.15913239829505732,-0.15532993117975347,crash_overlay_exit,77697.09320204509
2011-08-04,IRC,-0.16933862660768928,-0.16933862660768917,crash_overlay_exit,77697.09320204509
2011-08-04,HGIC,-0.11038998852927218,-0.1018904281450429,crash_overlay_exit,77697.09320204509
2011-08-04,AEC_old,0.028739834483254123,0.0434508548747321,crash_overlay_exit,77697.09320204509
2011-08-04,UMPQ,-0.049479989425977866,-0.04253312553747268,crash_overlay_exit,77697.09320204509
2011-08-04,ADPI,-0.12134095815563717,-0.1181402594706511,crash_overlay_exit,36978.80071875
2011-08-04,CEC,-0.05061687921462066,-0.05061687921462066,crash_overlay_exit,77697.09320204509
2011-08-04,COR_old,-0.07834881962889695,-0.07834881962889695,crash_overlay_exit,77697.09320204509
2011-08-04,MGLN,-0.06263738699002275,-0.050990486581335315,crash_overlay_exit,77697.09320204509
2011-08-04,BHLB,0.019220287319019258,0.03350843152682503,crash_overlay_exit,39354.0328125
2011-08-04,AEL,-0.17129151765243755,-0.17124780178765042,crash_overlay_exit,77697.09320204509
2011-08-04,DCMYY,0.005119555499498718,0.005119555499498718,crash_overlay_exit,77697.09320204509
2011-08-04,CLCT,0.06989678535815425,0.06989678535815425,crash_overlay_exit,18083.1512578125
2011-08-04,KNX1,-0.13184224845759018,-0.1318422484575903,crash_overlay_exit,78832.38658752771
2011-08-04,FFIC,-0.0803323015509545,-0.06550838014993299,crash_overlay_exit,78832.38658752771
2011-08-04,CNBC,-0.04536398609016912,-0.029521438636849973,crash_overlay_exit,62152.7398359375
2011-08-04,BLUD,0.2654260556338661,0.2654260556338661,crash_overlay_exit,78832.38658752771
2011-08-04,ORIT,-0.0023314416900169777,0.003910546544167337,crash_overlay_exit,78832.38658752771
2011-08-04,ENH,-0.07273631756483245,-0.07273631756483245,crash_overlay_exit,78832.38658752771
2011-08-04,MIG_old,-0.09122312389140963,-0.08577189110829087,crash_overlay_exit,78832.38658752771
2011-08-04,FPO,-0.11129518252980752,-0.11129518252980763,crash_overlay_exit,78832.38658752771
2011-08-04,KDN,-0.12272092116538869,-0.12272092116538857,crash_overlay_exit,78832.38658752771
2011-08-04,WES2,-0.052661960617285786,-0.04861430407275624,crash_overlay_exit,78832.38658752771
2011-08-04,IBKC,-0.14652478400797098,-0.1328927748062272,crash_overlay_exit,78832.38658752771
2011-08-04,PL_old,-0.15949791792743584,-0.15391265002641674,crash_overlay_exit,78832.38658752771
2011-08-04,SYA,-0.13844338033029313,-0.13844338033029324,crash_overlay_exit,78832.38658752771
2011-08-04,UIL,-0.04311327624529626,-0.0384070451658064,crash_overlay_exit,78832.38658752771
2011-08-04,DBDQQ,-0.12414830255100817,-0.1241483025510084,crash_overlay_exit,78832.38658752771
2011-08-04,CHFC,-0.032545998744391014,-0.027182522260801645,crash_overlay_exit,78832.38658752771
2011-08-04,DBD_old,-0.12415236354374792,-0.12415236354374792,crash_overlay_exit,78832.38658752771
2011-08-04,CSGS,-0.16101695271097727,-0.15746816345039438,crash_overlay_exit,78832.38658752771
2011-08-04,ELNK,0.01271374216190857,0.01271374216190857,crash_overlay_exit,78832.38658752771
2011-08-04,MPW,-0.08909640258967322,-0.08909640258967333,crash_overlay_exit,78832.38658752771
2011-08-04,DHIL,-0.08019611337237598,-0.0791015504545286,crash_overlay_exit,63629.26078125
2011-08-04,CXS,-0.12134813049655546,-0.11881120436731185,crash_overlay_exit,78832.38658752771
2011-08-04,CLP,-0.051960759106070564,-0.051960759106070564,crash_overlay_exit,78832.38658752771
2011-08-04,SBX,-0.1316846819425025,-0.1316846819425026,crash_overlay_exit,40013.006906250004
2011-08-04,QUMU,0.05440354874951292,0.05440354874951292,crash_overlay_exit,33886.795546875
2011-08-04,JAH,-0.16216212748522552,-0.16216212748522574,crash_overlay_exit,78832.38658752771
2011-08-04,HITT,-0.1387624180553768,-0.13406556707345063,crash_overlay_exit,78832.38658752771
2011-08-04,EIHI,-0.003416530682597285,-0.00319157041005802,crash_overlay_exit,5352.677997070313
2011-08-04,ATAX,-0.015240452647013236,-0.015240452647013125,crash_overlay_exit,5871.872513671876
2011-08-04,EQC,-0.16093380598224627,-0.16093380598224605,stop_loss_exit,35614.83608383271
2011-08-04,RSO,-0.1591323982950571,-0.15532993117975347,stop_loss_exit,51798.062134696724
2011-08-04,IRC,-0.16933862660768906,-0.16933862660768917,stop_loss_exit,51798.062134696724
2011-08-04,AEL,-0.17129151765243744,-0.17124780178765042,stop_loss_exit,51798.062134696724
2011-08-04,PL_old,-0.15949791792743595,-0.15391265002641674,stop_loss_exit,52554.924391685156
2011-08-04,CSGS,-0.1610169527109775,-0.15746816345039438,stop_loss_exit,52554.924391685156
2011-08-04,JAH,-0.16216212748522596,-0.16216212748522574,stop_loss_exit,52554.924391685156
2011-08-05,OZRK,0.18956812735606787,0.1895681273560681,sector_crash_overlay_exit,21368.901650299627
2011-08-05,FXCB,0.09418606209641345,0.09469246397898279,sector_crash_overlay_exit,12915.899906250002
2011-08-05,OPI,-0.16027593268344542,-0.1602759326834453,sector_crash_overlay_exit,21368.901650299627
2011-08-05,AFSI,0.2844294217803718,0.2844294217803718,sector_crash_overlay_exit,21368.901650299627
2011-08-05,BHLB,0.01761411253899281,0.028680454440771053,sector_crash_overlay_exit,15741.613124999998
2011-08-05,FFIC,-0.06469238405929145,-0.06167905616351477,sector_crash_overlay_exit,31532.95463501109
2011-08-05,CNBC,-0.06585454727921025,-0.06585454727921025,sector_crash_overlay_exit,24861.095934375004
2011-08-05,ORIT,-0.00712231205593683,-0.00712231205593683,sector_crash_overlay_exit,31532.95463501109
2011-08-05,FPO,-0.15964241796335776,-0.15964241796335765,sector_crash_overlay_exit,31532.95463501109
2011-08-05,IBKC,-0.14677187055666274,-0.14677187055666274,sector_crash_overlay_exit,31532.95463501109
2011-08-05,SYA,-0.1458762497361541,-0.14587624973615398,sector_crash_overlay_exit,31532.95463501109
2011-08-05,CHFC,-0.03784295410070615,-0.03784295410070593,sector_crash_overlay_exit,31532.95463501109
2011-08-05,MPW,-0.13458711221512076,-0.13150414675813715,sector_crash_overlay_exit,31532.95463501109
2011-08-05,CLP,-0.0862745226369096,-0.08627452263690949,sector_crash_overlay_exit,31532.95463501109
2011-08-05,OPI,-0.16027593268344553,-0.1602759326834453,stop_loss_exit,14245.934433533086
2011-08-05,CEC,-0.17815720838470006,-0.17815720838470006,stop_loss_exit,51798.062134696724
2011-08-05,FPO,-0.15964241796335765,-0.15964241796335765,stop_loss_exit,21021.969756674065
2011-08-05,SBX,-0.3419719499806374,-0.3419719499806375,stop_loss_exit,26675.3379375
2011-08-05,HITT,-0.1558714512948315,-0.15587145129483126,stop_loss_exit,52554.924391685156
2011-08-08,COL,-0.19307444102911486,-0.19307444102911486,stop_loss_exit,160012.69841269843
2011-08-08,ADPI,-0.1905487821498918,-0.19054878214989157,stop_loss_exit,24652.533812500005
2011-08-08,MGLN,-0.1508221873043668,-0.1508221873043668,stop_loss_exit,51798.062134696724
2011-08-08,KNX1,-0.16726792042913363,-0.16362564864167928,stop_loss_exit,52554.924391685156
2011-08-08,ENH,-0.15942411855093352,-0.15942411855093364,stop_loss_exit,52554.924391685156
2011-08-08,KDN,-0.1800633834200892,-0.18006338342008898,stop_loss_exit,52554.924391685156
2011-08-08,IBKC,-0.2126986219487752,-0.21269862194877498,stop_loss_exit,21021.969756674065
2011-08-08,SYA,-0.21984714596663446,-0.21352404269812297,stop_loss_exit,21021.969756674065
2011-08-08,DBDQQ,-0.2015482190018295,-0.2015482190018294,stop_loss_exit,52554.924391685156
2011-08-08,DBD_old,-0.2015482190018295,-0.2015482190018294,stop_loss_exit,52554.924391685156
2011-08-08,MPW,-0.2276149374623916,-0.22761493746239148,stop_loss_exit,21021.969756674065
2011-08-08,CXS,-0.16832136133474895,-0.16832136133474862,stop_loss_exit,52554.924391685156
2011-08-08,CLP,-0.17205883796652321,-0.17205883796652321,stop_loss_exit,21021.969756674065
2011-08-10,HGIC,-0.20588975420630728,-0.17396015695708356,stop_loss_exit,51798.062134696724
2011-08-10,UMPQ,-0.20888279999862636,-0.1790621498691769,stop_loss_exit,51798.062134696724
2011-08-10,FFIC,-0.20044655074358408,-0.17044543140973567,stop_loss_exit,21021.969756674065
2011-08-10,MIG_old,-0.17530233643424487,-0.1553985858289576,stop_loss_exit,52554.924391685156
2011-08-10,CHFC,-0.20218398614497135,-0.16417809059716215,stop_loss_exit,21021.969756674065
2011-08-17,OZRK,0.062120292753818696,0.062120292753818696,sector_crash_overlay_exit,8547.56066011985
2011-08-17,FXCB,0.06734794262221944,0.0727998452908436,sector_crash_overlay_exit,5166.359962500001
2011-08-17,AFSI,0.2619971404966446,0.26369734125018907,sector_crash_overlay_exit,8547.56066011985
2011-08-17,BHLB,-0.037101319647851794,-0.03008902735650476,sector_crash_overlay_exit,6296.6452500000005
2011-08-17,CNBC,-0.1040224122706892,-0.09740713730532236,sector_crash_overlay_exit,9944.438373750001
2011-08-17,ORIT,-0.03866807580613629,-0.03469779434460907,sector_crash_overlay_exit,12613.181854004439
2011-08-18,DHIL,-0.16496627244656814,-0.16496627244656803,stop_loss_exit,42419.50718750001
2011-09-22,TSCDD,-0.17477794729173846,-0.17477794729173846,stop_loss_exit,35614.83608383271
2011-09-22,CNBC,-0.18632777441215354,-0.18632777441215342,stop_loss_exit,6629.625582500003
2011-09-30,WGL,0.06649572749461186,0.07619883149845963,rebalance_exit,160012.69841269843
2011-09-30,BHLB,-0.10819884477982045,-0.10068935172211058,rebalance_exit,4197.7635
2011-09-30,DCMYY,0.056891109702836395,0.05896944646746305,rebalance_exit,51798.062134696724
2011-09-30,CLCT,0.0020882184301509454,0.0020882184301511675,rebalance_exit,12055.434171875004
2011-09-30,BLUD,0.3129284704100823,0.31292847041008276,rebalance_exit,52554.924391685156
2011-09-30,QUMU,-0.05800780032845598,-0.05425396090997492,rebalance_exit,22591.197031250005
2011-09-30,EIHI,-0.007638520907878421,-0.005460533737015272,rebalance_exit,3568.451998046875
2011-09-30,ATAX,-0.04641152807961768,-0.04641152807961757,rebalance_exit,3914.581675781251
2011-10-03,ELNK,-0.18404692979196602,-0.18404692979196613,stop_loss_exit,52554.924391685156
2011-12-30,TDCP,-0.12790699125045435,-0.06395349562522723,rebalance_exit,11558.810000000001
2011-12-30,UNS,0.025599464910929237,0.03013387309596416,rebalance_exit,35614.83608383271
2011-12-30,KW,0.060322745171631054,0.06588634401884264,rebalance_exit,35614.83608383271
2011-12-30,WES2,0.15447486163407453,0.15447486163407476,rebalance_exit,52554.924391685156
2011-12-30,AXE,0.24985540566033126,0.25716783695723366,rebalance_exit,126830.26908739505
2011-12-30,MOFG,0.023531764776578923,0.02360900872848104,rebalance_exit,12609.67365234375
2011-12-30,ATU,0.1440869263219544,0.14882874270669144,rebalance_exit,126830.26908739505
2011-12-30,SKS,0.12685710362025682,0.1268571036202566,rebalance_exit,126830.26908739505
2011-12-30,HTSI,0.08046056213318775,0.08585752310101324,rebalance_exit,126830.26908739505
2011-12-30,TECD,0.13930844253627916,0.1429562889339806,rebalance_exit,126830.26908739505
2011-12-30,TUC,0.06523890989079484,0.06523890989079484,rebalance_exit,28847.433281250003
2011-12-30,RLH,9.223430819941482,9.290202253293902,rebalance_exit,22103.1144140625
2011-12-30,CHFC,0.3987385264040262,0.40292689885788313,rebalance_exit,117740.145
2011-12-30,MTSC,0.30634525946394464,0.3143534858349637,rebalance_exit,126830.26908739505
2011-12-30,SIVBQ,0.2778692733768986,0.2812025399245335,rebalance_exit,126830.26908739505
2011-12-30,ALTE,0.2463852526366861,0.2533493949241059,rebalance_exit,126830.26908739505
2011-12-30,NXGN,2.0320804059373274,2.032080405937328,rebalance_exit,126830.26908739505
2011-12-30,HTS,0.07402335587115116,0.07871578381640809,rebalance_exit,126830.26908739505
2011-12-30,PL_old,0.42412869916431806,0.4261782625458477,rebalance_exit,126830.26908739505
2011-12-30,SIVB,0.2778692733768986,0.2812025399245335,rebalance_exit,126830.26908739505
2011-12-30,PPS,0.2594494758278567,0.2623805928719398,rebalance_exit,126830.26908739505
2011-12-30,MOLX,0.1748010784332943,0.18107925163400163,rebalance_exit,126830.26908739505
2011-12-30,FMER,0.3091949059345327,0.32728769866516516,rebalance_exit,126830.26908739505
2011-12-30,ARTC_old,0.0824821415230037,0.08892209527737616,rebalance_exit,126830.26908739505
2011-12-30,FFIC,0.17075399975391647,0.1772007522017176,rebalance_exit,122616.7296875
2011-12-30,PTP,0.0933331042029324,0.0982869719930064,rebalance_exit,126830.26908739505
2011-12-30,PRX,0.21324609508486136,0.2180171508305857,rebalance_exit,126830.26908739505
2011-12-30,STVI,-0.2029340173983768,-0.10146700869918834,rebalance_exit,465.76250000000005
2012-01-13,TSCDD,-0.1764978837828921,-0.176497883782892,stop_loss_exit,126830.26908739505
2012-03-01,ATRI,-0.1655943276984867,-0.1655943276984868,stop_loss_exit,76658.87496093751
2012-03-30,NSH_old,0.013784738961209575,0.02063681605915657,rebalance_exit,127055.89300000001
2012-03-30,CYS,0.1147417011993106,0.11474170119931038,rebalance_exit,35614.83608383271
2012-03-30,AFSI,0.560091900076862,0.5655192649742204,rebalance_exit,5698.3737734132355
2012-03-30,CMO,0.2326178313117364,0.2326178313117364,rebalance_exit,35614.83608383271
2012-03-30,UIL,0.1132865694702685,0.11328656947026872,rebalance_exit,52554.924391685156
2012-03-30,PNNW,0.03214081666359481,0.03214081666359481,rebalance_exit,43796.641796875
2012-03-30,CKH,0.18312698927834892,0.1831269892783487,rebalance_exit,126830.26908739505
2012-03-30,CLP,0.18992183341709534,0.18992183341709534,rebalance_exit,126830.26908739505
2012-03-30,DBDQQ,0.3917552173029284,0.4034548165420808,rebalance_exit,126830.26908739505
2012-03-30,OA,-0.08016549596897571,-0.07932007127260443,rebalance_exit,126830.26908739505
2012-03-30,JAH,0.42944693080384555,0.42944693080384555,rebalance_exit,126830.26908739505
2012-03-30,HIBB,0.5638596736692318,0.5701302042025214,rebalance_exit,126830.26908739505
2012-03-30,HEP,0.2717856987382834,0.28053917906902304,rebalance_exit,126830.26908739505
2012-03-30,HITT,0.1151950825968111,0.11519508259681088,rebalance_exit,126830.26908739505
2012-03-30,ASBC,0.4796816604731664,0.4891592298950036,rebalance_exit,126830.26908739505
2012-03-30,MIG_old,0.04368057491770316,0.04656608364334591,rebalance_exit,126830.26908739505
2012-03-30,GNI,-0.09528457204177398,-0.09189513381814218,rebalance_exit,86995.94
2012-03-30,USTR,0.13140075371062387,0.13140075371062387,rebalance_exit,126830.26908739505
2012-03-30,PNG,0.14024135486658773,0.15053013475892585,rebalance_exit,126830.26908739505
2012-03-30,MRH,0.1005130320458365,0.10506213252572039,rebalance_exit,126830.26908739505
2012-03-30,EFII,0.22972061171701053,0.2321824517086204,rebalance_exit,126830.26908739505
2012-03-30,EPIQ,-0.0382779803690676,-0.03079600885062095,rebalance_exit,122714.69640625
2012-03-30,DBD_old,0.3917570556896992,0.4034566703829978,rebalance_exit,126830.26908739505
2012-03-30,CYBX,0.12220782007614539,0.13292936945392886,rebalance_exit,138176.58684014843
2012-03-30,MCRL,0.0128393362674466,0.014520316123706634,rebalance_exit,138176.58684014843
2012-03-30,ANDX,0.0716908873098896,0.0716908873098896,rebalance_exit,138176.58684014843
2012-03-30,TLLP,0.07169185854451787,0.07169185854451787,rebalance_exit,138176.58684014843
2012-03-30,MHLD,0.03128388569769913,0.03645063261603543,rebalance_exit,138176.58684014843
2012-03-30,CVA,0.19114402941113573,0.19642938164302937,rebalance_exit,138176.58684014843
2012-03-30,QSFT,0.24718652252394135,0.25107526776969524,rebalance_exit,138176.58684014843
2012-03-30,TOO,0.09821010507325068,0.10408682134910219,rebalance_exit,138176.58684014843
2012-03-30,KFFG,1.18527687978878,1.1937774738092224,rebalance_exit,18745.532478027344
2012-03-30,IPHS,0.033789651039602964,0.033789651039602964,rebalance_exit,138176.58684014843
2012-03-30,BARI,-0.005970060582117354,-0.005970060582117465,rebalance_exit,51120.5796875
2012-03-30,NDZ,0.15395428862110494,0.1626795055266912,rebalance_exit,134031.80890625002
2012-03-30,ABVT,0.26847923168480925,0.2694332467878271,rebalance_exit,138176.58684014843
2012-03-30,TOBC,-0.0057112287186178445,-0.0057112287186177335,rebalance_exit,116292.84250000001
2012-05-02,FFG,-0.15830570986748804,-0.15830570986748815,stop_loss_exit,138176.58684014843
2012-05-09,BLT,-0.16332397518958786,-0.16025018567213667,stop_loss_exit,176687.32566056264
2012-05-16,BKI_old,-0.1571975822209286,-0.1571975822209286,stop_loss_exit,176687.32566056264
2012-05-17,ATU,-0.16064673313357614,-0.16064673313357614,stop_loss_exit,176687.32566056264
2012-05-17,ORBK,-0.15444348043889755,-0.15444348043889755,stop_loss_exit,117946.66390625002
2012-05-17,CLCT,-0.17064200914858563,-0.17064200914858563,stop_loss_exit,47876.109453125006
2012-05-17,MSWP,-0.1718571853931592,-0.1718571853931592,stop_loss_exit,53370.00359375
2012-05-22,TWGP,-0.1541007400102864,-0.15022482183339392,stop_loss_exit,176687.32566056264
2012-06-01,MGLN,-0.15492420956957453,-0.15206140213040087,stop_loss_exit,126830.26908739505
2012-06-29,CHG,0.4824733295544179,0.4824733295544179,rebalance_exit,69024.516625
2012-06-29,FXCB,0.22551693816598228,0.22747554876001552,rebalance_exit,3444.2399750000004
2012-06-29,LNCE,0.2288224684457243,0.2288224684457243,rebalance_exit,126830.26908739505
2012-06-29,FDP,0.017556327382764136,0.017556327382764136,rebalance_exit,126830.26908739505
2012-06-29,ALOG,0.3725910127831411,0.3725910127831411,rebalance_exit,126830.26908739505
2012-06-29,IBKC,0.08053513611642349,0.08053513611642349,rebalance_exit,126830.26908739505
2012-06-29,CSGS,0.34845852589963555,0.34845852589963533,rebalance_exit,126830.26908739505
2012-06-29,JBT,-0.04557550866034499,-0.04557550866034499,rebalance_exit,126830.26908739505
2012-06-29,KNX1,0.1925498758240416,0.1925498758240416,rebalance_exit,126830.26908739505
2012-06-29,PSSI,0.06602332157441793,0.06602332157441793,rebalance_exit,126830.26908739505
2012-06-29,LOOP1,0.0474163337929745,0.047416333792974275,rebalance_exit,138176.58684014843
2012-06-29,ELNK,0.16918064895260776,0.16918064895260798,rebalance_exit,138176.58684014843
2012-06-29,DCIX,-0.0035800506227436912,-0.00358005062274358,rebalance_exit,73839.01703125
2012-06-29,GMLP,0.08430587388507838,0.08430587388507838,rebalance_exit,138176.58684014843
2012-06-29,BOBE,0.2032965368783084,0.2032965368783084,rebalance_exit,138176.58684014843
2012-06-29,FRNK,0.38935864187022284,0.3893805229190046,rebalance_exit,22179.109414062503
2012-06-29,LDR,0.13787177070073486,0.13787177070073486,rebalance_exit,138176.58684014843
2012-06-29,VRNT,0.0619523192655016,0.06195231926550138,rebalance_exit,138176.58684014843
2012-06-29,PWOD,0.047367209632527274,0.04780434422134494,rebalance_exit,31368.0582421875
2012-06-29,CV_old,0.01760608559277088,0.01760608559277088,rebalance_exit,138176.58684014843
2012-06-29,LPNT,0.09985927891924584,0.10256874938848481,rebalance_exit,138176.58684014843
2012-06-29,GRP-UN,0.09209507406131578,0.09209507406131578,rebalance_exit,138176.58684014843
2012-06-29,QLGC,-0.08733336130777991,-0.08733336130777991,rebalance_exit,138176.58684014843
2012-06-29,HTSI,0.02596934943960494,0.02596934943960494,rebalance_exit,176687.32566056264
2012-06-29,SPTN,-0.001687087558524647,-0.001687087558524647,rebalance_exit,176687.32566056264
2012-06-29,BRKL_old,-0.05363709036562814,-0.05363709036562814,rebalance_exit,176687.32566056264
2012-06-29,HGIC,0.036493593025536786,0.036493593025536786,rebalance_exit,176687.32566056264
2012-06-29,MBRG,0.08240794411359653,0.08542620834575021,rebalance_exit,19071.3194921875
2012-07-20,SFG,-0.15688893409104376,-0.15688893409104365,stop_loss_exit,142524.48064120195
2012-08-03,CEC,-0.2358083599719376,-0.2358083599719376,stop_loss_exit,176687.32566056264
2012-08-13,IPHS,-0.15515839019476596,-0.15515839019476585,stop_loss_exit,142524.48064120195
2012-08-23,EQC,-0.15248528619816426,-0.15020827118827185,stop_loss_exit,176687.32566056264
2012-09-26,MCF,-0.16480778956185138,-0.1597383802982133,stop_loss_exit,176687.32566056264
2012-09-28,NAVG,0.08767821408701004,0.09469515057338618,rebalance_exit,69812.670375
2012-09-28,ENH,0.1569475472579689,0.16426042845057998,rebalance_exit,126830.26908739505
2012-09-28,AMSG,0.24685348925980044,0.2517567043124582,rebalance_exit,126830.26908739505
2012-09-28,B_old,0.034871218630486034,0.039108135150562884,rebalance_exit,138176.58684014843
2012-09-28,AMTG,0.28686147349795355,0.2915865414937566,rebalance_exit,176687.32566056264
2012-09-28,DCMYY,-0.008368397805955441,-0.008368397805955552,rebalance_exit,176687.32566056264
2012-09-28,ESSA,0.06443297947472959,0.07057149559811537,rebalance_exit,30524.556406250005
2012-09-28,ASI,-0.014694195995757053,-0.014694195995756942,rebalance_exit,64371.450625
2012-09-28,NPBC,0.04401451111328436,0.04401451111328436,rebalance_exit,176687.32566056264
2012-09-28,AXE,0.07989993983011545,0.08312789344108751,rebalance_exit,142524.48064120195
2012-09-28,ATU,0.0512785261633959,0.055169756460262676,rebalance_exit,142524.48064120195
2012-09-28,BLT,-0.10714462922573031,-0.10170647166662827,rebalance_exit,142524.48064120195
2012-09-28,WIRE,0.08743310871895038,0.09340318553985605,rebalance_exit,142524.48064120195
2012-09-28,BGG,0.07483833660541883,0.07483833660541883,rebalance_exit,142524.48064120195
2012-09-28,CKH,-0.0700084724209038,-0.06735265670337898,rebalance_exit,142524.48064120195
2012-09-28,ANDX,0.28578192250767587,0.295086126781678,rebalance_exit,142524.48064120195
2012-09-28,CHSP,0.16682690436527392,0.1668269043652737,rebalance_exit,142524.48064120195
2012-09-28,CSE,0.11926222607430836,0.12940405212999906,rebalance_exit,142524.48064120195
2012-09-28,TECD,-0.06551776706143841,-0.06058954299338992,rebalance_exit,142524.48064120195
2012-09-28,TWGP,-0.07041264275991899,-0.07041264275991899,rebalance_exit,142524.48064120195
2012-09-28,TLLP,0.28577904522051356,0.2950832286738252,rebalance_exit,142524.48064120195
2012-09-28,SUSQ,0.012107003618171852,0.016536972831691976,rebalance_exit,142524.48064120195
2012-09-28,LVB,-0.011830508365142212,-0.005714260801977011,rebalance_exit,52659.62171875
2012-09-28,HIBB,0.024496991395625223,0.030149093080105382,rebalance_exit,142524.48064120195
2012-09-28,BYI,0.05662856081739087,0.058508348717616565,rebalance_exit,142524.48064120195
2012-09-28,FMER,-0.1005137583466802,-0.10007181460795023,rebalance_exit,142524.48064120195
2012-09-28,TIE,0.13440858966983704,0.14158275765627537,rebalance_exit,142524.48064120195
2012-09-28,CYS,0.0354912390611144,0.037924720928588895,rebalance_exit,142524.48064120195
2012-09-28,CEB,0.3166321706317463,0.3166321706317463,rebalance_exit,142524.48064120195
2012-11-07,NSH_old,-0.15483761868712753,-0.15483761868712742,stop_loss_exit,151064.61840659316
2012-11-12,VWTR,-0.1682661835980973,-0.16826618359809742,stop_loss_exit,109286.8621875
2012-11-14,CMO,-0.18153767674483778,-0.18153767674483778,stop_loss_exit,142524.48064120195
2012-11-15,UMPQ,-0.1526072387285451,-0.1526072387285452,stop_loss_exit,176687.32566056264
2012-11-15,PSE,-0.1748931239821111,-0.1748931239821111,stop_loss_exit,151064.61840659316
2012-12-11,STVI,-0.7150366910940082,-0.7150366910940082,stop_loss_exit,417.8825
2012-12-17,HEP,-0.7144503727242836,-0.7144503727242837,stop_loss_exit,142524.48064120195
2012-12-31,SJI,0.10241817064777714,0.10904536357413308,rebalance_exit,160012.69841269843
2012-12-31,OZRK,0.5926658242156022,0.594876870600515,rebalance_exit,5698.3737734132355
2012-12-31,PDLI,0.1587216186112823,0.15940155666103717,rebalance_exit,176687.32566056264
2012-12-31,CXS,0.27665255978295167,0.2804032124113556,rebalance_exit,176687.32566056264
2012-12-31,MTGE,0.2069740701523064,0.2069740701523064,rebalance_exit,176687.32566056264
2012-12-31,AFSI,0.06948490333162005,0.07403282707893477,rebalance_exit,142524.48064120195
2012-12-31,CCMP,0.2114106478580886,0.21567930869075247,rebalance_exit,142524.48064120195
2012-12-31,HITT,0.20367985640402786,0.21400631201075226,rebalance_exit,142524.48064120195
2012-12-31,PTP,0.2036927320996178,0.2073491297183352,rebalance_exit,142524.48064120195
2012-12-31,CFNL,0.337075104180953,0.3391010471233964,rebalance_exit,106269.6665625
2012-12-31,HLSS,0.14653004356414034,0.15497103103997856,rebalance_exit,151064.61840659316
2012-12-31,HTSI,0.008853796694060279,0.008853796694060279,rebalance_exit,151064.61840659316
2012-12-31,VER,0.05466997561917575,0.06137673286518397,rebalance_exit,125116.02687500001
2012-12-31,AF,-0.053968819678577806,-0.0485177009449731,rebalance_exit,151064.61840659316
2012-12-31,IBKC,0.07033685213292218,0.07812964474805839,rebalance_exit,151064.61840659316
2012-12-31,CHFC,-0.0229737187719673,-0.015213951898654043,rebalance_exit,136642.634375
2012-12-31,LSE_old,0.07367860776513879,0.08127874728790818,rebalance_exit,136223.8175
2012-12-31,LDR,0.026976323231226118,0.028407601875668043,rebalance_exit,145190.505
2012-12-31,ARCP,0.06946990324189661,0.07627073033023746,rebalance_exit,125116.73453125
2012-12-31,JDAS,0.41768948297890174,0.41768948297890174,rebalance_exit,151064.61840659316
2012-12-31,KFFG,0.9009431616193226,0.9009431616193229,rebalance_exit,46932.429492187504
2012-12-31,PSS,0.00032944207125162883,0.0003294420712518509,rebalance_exit,151064.61840659316
2013-02-01,CKH,-0.15718501096738924,-0.15718501096738913,stop_loss_exit,157456.5277962983
2013-03-28,LSI,0.8723836795336639,0.873252448907621,rebalance_exit,160012.69841269843
2013-03-28,ANAT,0.3359398626196193,0.3378016032901834,rebalance_exit,126830.26908739505
2013-03-28,OMI,0.18684305090290576,0.18684305090290576,rebalance_exit,126830.26908739505
2013-03-28,MPW,1.0048078529384945,1.00866348920965,rebalance_exit,126830.26908739505
2013-03-28,LANC,0.38680018786312953,0.387253878582287,rebalance_exit,126830.26908739505
2013-03-28,KFN,0.19385131679137046,0.20195435928048844,rebalance_exit,176687.32566056264
2013-03-28,VPFG,0.3235765148420606,0.3235765148420604,rebalance_exit,176687.32566056264
2013-03-28,LTXB,0.32357710437740583,0.32357710437740583,rebalance_exit,176687.32566056264
2013-03-28,DHIL,0.17010292538897143,0.17010292538897143,rebalance_exit,30221.5204296875
2013-03-28,GLT,0.43942310568893794,0.4441126657602015,rebalance_exit,142524.48064120195
2013-03-28,UIL,0.14362297413556502,0.1436229741355648,rebalance_exit,142524.48064120195
2013-03-28,ETRM,-0.0070723327221625665,0.0,rebalance_exit,79.10975158691406
2013-03-28,PNG,0.1901888728814798,0.1969780853444012,rebalance_exit,142524.48064120195
2013-03-28,PRXL,0.2836028260752639,0.2836028260752639,rebalance_exit,151064.61840659316
2013-03-28,ARCT_old,0.10112576198687151,0.10112576198687151,rebalance_exit,151064.61840659316
2013-03-28,ESND,0.4844815268435929,0.49090075434494973,rebalance_exit,151064.61840659316
2013-03-28,JAH,0.8138395082273373,0.8143972430435271,rebalance_exit,151064.61840659316
2013-03-28,AYR,0.23106406676918056,0.2400955063922594,rebalance_exit,151064.61840659316
2013-03-28,PCBK,0.2794991313612565,0.28123540597124763,rebalance_exit,43588.78062500001
2013-03-28,USTR,0.48454804460130463,0.49092810067608794,rebalance_exit,151064.61840659316
2013-03-28,B_old,0.28887860385029995,0.28887860385029995,rebalance_exit,157456.5277962983
2013-03-28,SYA,0.03297977863358259,0.03457903650063643,rebalance_exit,157456.5277962983
2013-03-28,WIRE,0.14618875513933904,0.14736951804526277,rebalance_exit,157456.5277962983
2013-03-28,COBZ,0.07723493927540392,0.0772349392754037,rebalance_exit,54018.93000000001
2013-03-28,BKEP,0.3076936731065081,0.3193944143811649,rebalance_exit,24912.946855468752
2013-03-28,EXLP,0.31563775406035477,0.31688016829762367,rebalance_exit,157456.5277962983
2013-03-28,SUSQ,0.1768863067738784,0.18074225692507206,rebalance_exit,157456.5277962983
2013-03-28,APLP,0.31553538445920437,0.3168790587254142,rebalance_exit,157456.5277962983
2013-03-28,VWTR,0.09269959147514983,0.09520288149575662,rebalance_exit,94659.268125
2013-03-28,UNS,0.14991412586116826,0.14991412586116848,rebalance_exit,157456.5277962983
2013-03-28,BOX1,0.21379646424774812,0.21379646424774812,rebalance_exit,101051.01109375001
2013-03-28,NAVG,0.1456286986469555,0.1456286986469555,rebalance_exit,154439.01375
2013-03-28,NPBC,0.13749960075691137,0.14034545936942133,rebalance_exit,157456.5277962983
2013-04-18,DEL,-0.16850643354373918,-0.15810897486902586,stop_loss_exit,171475.14703125
2013-06-24,FPO,-0.16801914709934307,-0.16801914709934296,stop_loss_exit,250721.32098860067
2013-06-28,AEC_old,0.0032477168411000346,0.01259444633651241,rebalance_exit,51798.062134696724
2013-06-28,ROLL,0.12580399308563828,0.1258039930856385,rebalance_exit,176687.32566056264
2013-06-28,CLP,0.08943096224793523,0.08943096224793545,rebalance_exit,142524.48064120195
2013-06-28,FDP,0.09511608045880182,0.09560865512936134,rebalance_exit,151064.61840659316
2013-06-28,CVG,0.11670978924410957,0.12276919000721453,rebalance_exit,151064.61840659316
2013-06-28,CHG,-0.004515631596393566,-0.004515631596393677,rebalance_exit,151064.61840659316
2013-06-28,BRKL_old,0.013530372728238538,0.013530372728238538,rebalance_exit,151064.61840659316
2013-06-28,ACCL_old,-0.07251105859134888,-0.07182326613319212,rebalance_exit,157456.5277962983
2013-06-28,FFNW,0.360444329918296,0.3653736031021291,rebalance_exit,27345.92560546875
2013-06-28,PWOD,0.14527515299810623,0.15090414104957373,rebalance_exit,42232.50239257813
2013-06-28,GRP-UN,-0.07226331331825109,-0.07226331331825109,rebalance_exit,157456.5277962983
2013-06-28,SWM,0.2764998280163318,0.28895918474806437,rebalance_exit,157456.5277962983
2013-06-28,ANDX,0.12267424635689594,0.12267424635689594,rebalance_exit,250721.32098860067
2013-06-28,DCMYY,0.05245073567324132,0.05245073567324132,rebalance_exit,250721.32098860067
2013-06-28,PKY1,-0.10740833448385634,-0.10497363777466995,rebalance_exit,250721.32098860067
2013-06-28,TLLP,0.12267474693858982,0.1226747469385896,rebalance_exit,250721.32098860067
2013-06-28,CRBC,0.006208483447173618,0.006208483447173618,rebalance_exit,250721.32098860067
2013-06-28,MTSC,-0.02354286141040063,-0.02172361662193667,rebalance_exit,250721.32098860067
2013-06-28,JBT,0.014839885932693253,0.016764754486620514,rebalance_exit,250721.32098860067
2013-06-28,NTK,-0.10395177680347678,-0.0991522671637386,rebalance_exit,172538.20484375
2013-06-28,ESBF,0.057660881402484376,0.059209971503983994,rebalance_exit,10211.30640625
2013-06-28,PTP,0.025264286198116714,0.025264286198116714,rebalance_exit,250721.32098860067
2013-06-28,OZRK,-0.022469010648899834,-0.02103540268487125,rebalance_exit,250721.32098860067
2013-06-28,PVSW,0.0029595078909010475,0.0029595078909010475,rebalance_exit,38627.99515625
2013-09-30,ANH,-0.037140626257241904,-0.033288442188489475,rebalance_exit,160012.69841269843
2013-09-30,KDN,0.8346566359992027,0.8358421425017559,rebalance_exit,126830.26908739505
2013-09-30,PCH,0.3208326619849182,0.3315395793076281,rebalance_exit,126830.26908739505
2013-09-30,IRC,0.5953935047059045,0.5953935047059045,rebalance_exit,126830.26908739505
2013-09-30,RSO,0.3379378397562556,0.3379378397562556,rebalance_exit,138465.99375
2013-09-30,CCG_old,0.038775942059155355,0.039461004221775564,rebalance_exit,142524.48064120195
2013-09-30,GRT,-0.05136373106190539,-0.05136373106190539,rebalance_exit,151064.61840659316
2013-09-30,FMBI,0.1954887994547594,0.20391711111244937,rebalance_exit,151064.61840659316
2013-09-30,BOBE,0.49917493684738923,0.5023665634118235,rebalance_exit,151064.61840659316
2013-09-30,EXL,0.050788084048269067,0.050788084048268844,rebalance_exit,151064.61840659316
2013-09-30,FUR,0.042789654893389706,0.043838465184981024,rebalance_exit,101001.29015625
2013-09-30,CSE,0.5686396678704926,0.5686396678704926,rebalance_exit,157456.5277962983
2013-09-30,CNBC,0.22307838627483512,0.22307838627483512,rebalance_exit,27052.180039062503
2013-09-30,UMPQ,0.3968079820595618,0.4086012533427157,rebalance_exit,157456.5277962983
2013-09-30,MHLD,0.30512838116500096,0.30917838035687994,rebalance_exit,157456.5277962983
2013-09-30,CMO,0.10112346686898199,0.10112346686898199,rebalance_exit,157456.5277962983
2013-09-30,EIHI,0.418904933694231,0.41960367925489006,rebalance_exit,31345.575624999998
2013-09-30,LNCE,0.15016778070328973,0.1548674246771431,rebalance_exit,250721.32098860067
2013-09-30,CHFC,0.06583865244696496,0.07395071508776296,rebalance_exit,132293.50031250002
2013-09-30,SAFM,0.20006661951274518,0.20304406977674105,rebalance_exit,250721.32098860067
2013-09-30,HITT,0.07723196059918935,0.07909506261904786,rebalance_exit,250721.32098860067
2013-09-30,MOFG,0.07039004342922306,0.07039004342922328,rebalance_exit,34832.66677734375
2013-09-30,CSBK,0.044318952885414875,0.04590625357013334,rebalance_exit,16492.25001953125
2013-09-30,JNS,-0.0010128251729375481,0.005624013069774891,rebalance_exit,216329.71865607225
2013-09-30,IN,0.014760334979760925,0.014760334979760703,rebalance_exit,216329.71865607225
2013-09-30,DESTQ,0.30022635365305783,0.30022635365305783,rebalance_exit,197067.47875
2013-09-30,IBKC,-0.027773012475205472,-0.027773012475205472,rebalance_exit,216329.71865607225
2013-09-30,DENN,0.08445214010178126,0.08718865799524411,rebalance_exit,216329.71865607225
2013-09-30,BECN,-0.04037910095911079,-0.03678618827509628,rebalance_exit,216329.71865607225
2013-09-30,DEST,0.3002249761781781,0.3002249761781781,rebalance_exit,197179.7525
2013-09-30,PACW,0.1268377454148728,0.1268377454148728,rebalance_exit,216329.71865607225
2013-09-30,LBAI,0.0800754255316447,0.083045013674937,rebalance_exit,183489.34125000003
2013-09-30,HRC,0.06463216646317549,0.06463216646317549,rebalance_exit,216329.71865607225
2013-10-25,MCRL,-0.1756531959301978,-0.16511255794361768,stop_loss_exit,185801.71468750003
2013-11-07,SWM,-0.1628948281486301,-0.16289482814863,stop_loss_exit,213821.91766366086
2013-11-25,EGAS,-0.17519411840000942,-0.17519411840000954,stop_loss_exit,17312.105
2013-12-31,DRYS,-0.013006649191654396,-0.0031645415874077543,rebalance_exit,51798.062134696724
2013-12-31,PEOP,0.08992496287019769,0.09337438237466489,rebalance_exit,87802.81266601564
2013-12-31,FRNK,0.1873126992732681,0.18731269927326832,rebalance_exit,83980.48859375001
2013-12-31,SASR,0.478088523841524,0.49130416783020037,rebalance_exit,82149.59828125
2013-12-31,SJI,0.026809174116110723,0.030542686638123095,rebalance_exit,250721.32098860067
2013-12-31,WBCO,0.2677576257857408,0.2677576257857408,rebalance_exit,31265.044921875
2013-12-31,WIRE,0.5666964632886304,0.5748155227999496,rebalance_exit,216329.71865607225
2013-12-31,STB,0.054355429151215606,0.05655867481211074,rebalance_exit,57101.66
2013-12-31,AFAM,0.682009614351683,0.6935569184200319,rebalance_exit,111796.6653125
2013-12-31,HEOP,0.20044052804812518,0.21556782727957802,rebalance_exit,21031.600000000002
2013-12-31,ATMI,0.273294703143774,0.2757965518670573,rebalance_exit,216329.71865607225
2013-12-31,IPHS,0.03895574729868212,0.042270944885374195,rebalance_exit,216329.71865607225
2013-12-31,GLT,0.02113073914668795,0.021822708503411725,rebalance_exit,213821.91766366086
2013-12-31,B_old,0.08914867395223958,0.09489122847905507,rebalance_exit,213821.91766366086
2013-12-31,PVFC,0.01094957421344378,0.01094957421344378,rebalance_exit,4867.8951025390625
2013-12-31,OLBK,0.08168519493038784,0.08342040228962166,rebalance_exit,9143.920014648438
2013-12-31,EXH,0.2380722928132908,0.24047857768437786,rebalance_exit,213821.91766366086
2013-12-31,CVG,0.11646146149252834,0.11995126151110092,rebalance_exit,213821.91766366086
2013-12-31,BKYF,0.33784975472474765,0.3495969496571114,rebalance_exit,26472.64486328125
2013-12-31,DBDQQ,0.13175850669788525,0.13502382290470627,rebalance_exit,213821.91766366086
2013-12-31,VWTR,0.06371676537636417,0.06694945954234588,rebalance_exit,81965.51187500001
2013-12-31,SYKE,0.21050746042300883,0.21332774336389493,rebalance_exit,213821.91766366086
2013-12-31,VRNT,0.15839125289474887,0.158657687167167,rebalance_exit,213821.91766366086
2013-12-31,NSLP,0.14219515018689521,0.15922624087883364,rebalance_exit,45025.890781250004
2013-12-31,VDSI,-0.023948169800865338,-0.020278814970801418,rebalance_exit,60457.9959375
2013-12-31,MASI,0.09185772067313147,0.09523896214185612,rebalance_exit,213821.91766366086
2013-12-31,DBD_old,0.13176677549373994,0.13503211555744654,rebalance_exit,213821.91766366086
2014-02-03,HTLF,-0.15063296222589106,-0.15063296222589106,stop_loss_exit,130999.63234375001
2014-02-03,VIVO_old,-0.1677755692166124,-0.1677755692166124,stop_loss_exit,190923.84767597003
2014-02-04,GRIF,-0.15544073167046868,-0.15544073167046868,stop_loss_exit,38353.257890625006
2014-02-04,INDT,-0.15544076044787514,-0.15544076044787514,stop_loss_exit,38354.07609375
2014-02-27,RTI,-0.16661791897498035,-0.16661791897498046,stop_loss_exit,190923.84767597003
2014-03-31,VGR,0.8438276365294834,0.8438276365294837,rebalance_exit,160012.69841269843
2014-03-31,HI,0.7257621989660814,0.7327724193151572,rebalance_exit,35614.83608383271
2014-03-31,AEL,1.751830448110943,1.751830448110943,rebalance_exit,126830.26908739505
2014-03-31,BLMT,0.5267818253471457,0.5307790211848589,rebalance_exit,27235.175000000003
2014-03-31,BMTC,0.3233748093341293,0.34457406785259104,rebalance_exit,47278.226640625006
2014-03-31,MRH,0.44301661305407336,0.44301661305407336,rebalance_exit,142524.48064120195
2014-03-31,ARTC_old,0.4754855903635735,0.47777690046041554,rebalance_exit,151064.61840659316
2014-03-31,KW,0.6374046698442126,0.6374046698442128,rebalance_exit,157456.5277962983
2014-03-31,IILG,0.20406305489004262,0.2165112679994916,rebalance_exit,250721.32098860067
2014-03-31,UIL,-0.006040816747345579,-0.006040816747345579,rebalance_exit,216329.71865607225
2014-03-31,AMSG,0.33828109013669483,0.33828109013669483,rebalance_exit,216329.71865607225
2014-03-31,PULB,0.1323622052424993,0.1323622052424993,rebalance_exit,19289.61228515625
2014-03-31,VPFG,0.4064955204849121,0.40732894985562584,rebalance_exit,216329.71865607225
2014-03-31,LTXB,0.4064975576636658,0.407330988241525,rebalance_exit,216329.71865607225
2014-03-31,NPBC,0.0541735129501173,0.0555626901870776,rebalance_exit,216329.71865607225
2014-03-31,FDP,-0.0622872111971865,-0.06228721119718639,rebalance_exit,213821.91766366086
2014-03-31,CKH,-0.05397999149671606,-0.04823621160875102,rebalance_exit,213821.91766366086
2014-03-31,VCBI,0.04092238871846754,0.04092238871846754,rebalance_exit,67782.801875
2014-03-31,ACO,0.3890923647763673,0.3900565713687332,rebalance_exit,213821.91766366086
2014-03-31,BPFH,0.22282897959389647,0.22934265705937973,rebalance_exit,213821.91766366086
2014-03-31,MLHR,0.09397534842111499,0.10499606365345637,rebalance_exit,213821.91766366086
2014-03-31,HLSS,-0.06962462084213861,-0.06544685327609101,rebalance_exit,190923.84767597003
2014-03-31,CEC,0.21406698669912538,0.21406698669912516,rebalance_exit,190923.84767597003
2014-03-31,NP_old,0.21102379968612617,0.2158408759067334,rebalance_exit,190923.84767597003
2014-03-31,PACW,0.025384472980113815,0.025384472980114037,rebalance_exit,190923.84767597003
2014-03-31,PTP,-0.024971363401844582,-0.021215790246807975,rebalance_exit,190923.84767597003
2014-03-31,NDZ,0.35389664529248965,0.3538966452924899,rebalance_exit,93618.5453125
2014-03-31,EFII,0.1050978337454831,0.11746380518851618,rebalance_exit,190923.84767597003
2014-03-31,BNCL,0.19519956609879552,0.19903687026623107,rebalance_exit,100638.615
2014-04-11,OMG,-0.15467076499846422,-0.15467076499846422,stop_loss_exit,190923.84767597003
2014-04-15,LDR,-0.1529417560941192,-0.1529417560941192,stop_loss_exit,183102.5759375
2014-04-24,MESG,-0.15759592266157574,-0.15132811441025307,stop_loss_exit,216329.71865607225
2014-05-14,CFI,-0.1504286164637456,-0.1504286164637456,stop_loss_exit,53963.334375000006
2014-05-15,CSGS,-0.15064143157169163,-0.15064143157169163,stop_loss_exit,190923.84767597003
2014-05-29,PRMW,-0.15047324038910304,-0.15047324038910304,stop_loss_exit,190923.84767597003
2014-05-29,COT,-0.15057555826707136,-0.15057555826707136,stop_loss_exit,190923.84767597003
2014-06-30,OABC,0.8140057546889872,0.8170316792013612,rebalance_exit,40480.427812500006
2014-06-30,FLIC,0.43724154525778225,0.4422882188993009,rebalance_exit,127687.75171874999
2014-06-30,SIFI_old,-0.03418425851069329,-0.02751468047885608,rebalance_exit,18526.2150390625
2014-06-30,DCIX,-0.0035910424746302683,-0.0035910424746301572,rebalance_exit,157456.5277962983
2014-06-30,KNX1,0.4747478875205686,0.47639750897905087,rebalance_exit,250721.32098860067
2014-06-30,SUP,0.1713383762481151,0.17423598108318328,rebalance_exit,151432.4421875
2014-06-30,APEX,0.17471411963872585,0.18017073469554012,rebalance_exit,29397.447695312498
2014-06-30,HAYN,0.26642507124944337,0.26642507124944337,rebalance_exit,196881.1778125
2014-06-30,SSUP,0.1713383762481151,0.17423598108318328,rebalance_exit,151432.4421875
2014-06-30,BRKL_old,0.01625501211683389,0.01968623119135482,rebalance_exit,213821.91766366086
2014-06-30,NTK,0.30231169818983306,0.30231169818983306,rebalance_exit,207543.239375
2014-06-30,CHKE,0.17471411963872585,0.18017073469554012,rebalance_exit,29397.447695312498
2014-06-30,MCRL,0.13783257854035158,0.14285712905378012,rebalance_exit,190198.76750000002
2014-06-30,PKY1,0.053753330747903894,0.06347023232885518,rebalance_exit,190923.84767597003
2014-06-30,ESGR,0.07362133435042106,0.07573522025792934,rebalance_exit,190923.84767597003
2014-06-30,AYR,-0.0562719287261737,-0.0532342157731428,rebalance_exit,190923.84767597003
2014-06-30,DHIL,0.06558103048970043,0.07171604024386014,rebalance_exit,101779.59390625001
2014-06-30,FUR,0.33549422794867834,0.3386158273239377,rebalance_exit,158814.15156250002
2014-06-30,RTI,-0.047705967746940026,-0.042836591239887145,rebalance_exit,251674.34482068606
2014-06-30,PJC,0.12700656218281203,0.1303489596044567,rebalance_exit,251674.34482068606
2014-06-30,HITK,0.00369258806025341,0.00369258806025341,rebalance_exit,251674.34482068606
2014-06-30,HTLF,-0.08789211202483327,-0.08789211202483327,rebalance_exit,76999.0290625
2014-06-30,HIBB,0.017177187575712294,0.023493263410750087,rebalance_exit,251674.34482068606
2014-06-30,JBT,-0.005481719373075511,3.4990283924951626e-05,rebalance_exit,251674.34482068606
2014-06-30,HEP,0.0366347971300407,0.04803988502227985,rebalance_exit,155342.306875
2014-06-30,FLY_old,-0.020561818301425117,-0.01686882438834636,rebalance_exit,251674.34482068606
2014-06-30,BECN,-0.14951403234525185,-0.14330059331074185,rebalance_exit,251674.34482068606
2014-06-30,STON,-0.02171656624410012,-0.01849117159760094,rebalance_exit,251674.34482068606
2014-06-30,VIVO_old,-0.05276278123150768,-0.05276278123150768,rebalance_exit,251674.34482068606
2014-06-30,LBAI,-0.00513973804746648,0.004007178483556029,rebalance_exit,75336.6075
2014-06-30,DOOR,-0.004600179301568974,-0.004600179301568863,rebalance_exit,251674.34482068606
2014-07-10,NICK,-0.1710085725210132,-0.1710085725210132,stop_loss_exit,59756.63640625
2014-08-06,TSCDD,-0.16107880411297315,-0.16107880411297315,stop_loss_exit,151064.61840659316
2014-09-29,AJRD,-0.15109370883148177,-0.15109370883148165,stop_loss_exit,261724.12567648644
2014-09-30,RZA,0.10386881638345868,0.10464814159770786,rebalance_exit,82256.77125
2014-09-30,CBNJ,-0.06287126712859303,-0.06287126712859303,rebalance_exit,15128.081650390624
2014-09-30,AMRE,0.35230722711261264,0.359745974701728,rebalance_exit,99023.95968750001
2014-09-30,MTSC,-0.03544361567583765,-0.031104424923904195,rebalance_exit,190923.84767597003
2014-09-30,ETRM,-0.019684838938863747,-0.006682114816508933,rebalance_exit,592.504299621582
2014-09-30,IBCA_old,0.2764686572389232,0.27808356125818157,rebalance_exit,28058.5090625
2014-09-30,GMLP,0.18795114414461156,0.19509263703821556,rebalance_exit,251674.34482068606
2014-09-30,FRNK,-0.050726027364775605,-0.04856844997592902,rebalance_exit,32783.06375
2014-09-30,TAYC,-0.12851484185644435,-0.12851484185644435,rebalance_exit,119115.0753125
2014-09-30,PMBC,0.12023565470492503,0.12238321213786296,rebalance_exit,11926.201484375
2014-09-30,INTL_old,-0.13485869025842345,-0.13217483205257485,rebalance_exit,162912.1753125
2014-09-30,GRT,0.2490917825125336,0.2526934179786522,rebalance_exit,261724.12567648644
2014-09-30,FDP,0.043375279239529885,0.044991538757377825,rebalance_exit,261724.12567648644
2014-09-30,STAR,-0.10515276625365866,-0.10245763771231653,rebalance_exit,261724.12567648644
2014-09-30,THR,-0.08487729084662743,-0.07731964404374325,rebalance_exit,261724.12567648644
2014-09-30,PFBI,-0.08735375833498404,-0.08735375833498393,rebalance_exit,21952.906308593752
2014-09-30,FDEF,-0.06056654041483811,-0.053805343803831396,rebalance_exit,58692.467187500006
2014-09-30,PFC,-0.06057210676099045,-0.053810950211533815,rebalance_exit,117384.93437500001
2014-09-30,VPFG,-0.11181588284193134,-0.11031784125373723,rebalance_exit,261724.12567648644
2014-09-30,LTXB,-0.11181489898002928,-0.1103188328211201,rebalance_exit,261724.12567648644
2014-10-07,ROLL,-0.15630908388086884,-0.15630908388086884,stop_loss_exit,213821.91766366086
2014-10-10,MCEP,-0.19179958591004864,-0.19179958591004864,stop_loss_exit,129909.71781250002
2014-10-15,SXCP,-0.16000448602946704,-0.16000448602946704,stop_loss_exit,131022.515
2014-10-22,HLSS,-0.17129569234636122,-0.17129569234636122,stop_loss_exit,261724.12567648644
2014-12-08,CKH,-0.151846846751844,-0.151846846751844,stop_loss_exit,261724.12567648644
2014-12-08,CORRQ,-0.19028338413590418,-0.19028338413590418,stop_loss_exit,261724.12567648644
2014-12-16,JMI,-0.16290800667125283,-0.16290800667125294,stop_loss_exit,261724.12567648644
2014-12-31,FFG,0.8513184130050644,0.8513184130050642,rebalance_exit,143447.8553125
2014-12-31,CHSP,0.7368692082453807,0.7453392509731889,rebalance_exit,250721.32098860067
2014-12-31,DRYS,-0.00776306741960231,-0.00776306741960231,rebalance_exit,251674.34482068606
2014-12-31,SJI,0.07719669977997135,0.07719669977997135,rebalance_exit,251674.34482068606
2014-12-31,ESND,0.02773783101360583,0.03154683480432752,rebalance_exit,251674.34482068606
2014-12-31,CLI,-0.06334644262020284,-0.05633821890740143,rebalance_exit,251674.34482068606
2014-12-31,SLD,0.02847017336774882,0.031345645857801196,rebalance_exit,60096.704921875
2014-12-31,USTR,0.02773789057369025,0.031546894585153584,rebalance_exit,251674.34482068606
2014-12-31,MOFG,0.20965829804335478,0.21016543415652267,rebalance_exit,39025.459375
2014-12-31,LNCE,0.159600509742567,0.1639970592903648,rebalance_exit,261724.12567648644
2014-12-31,AVIV_old,0.21995438381840748,0.22399714053435416,rebalance_exit,261724.12567648644
2014-12-31,STB,-0.02034459303351055,-0.017908889737617173,rebalance_exit,55008.85921875
2014-12-31,SYKE,0.0682640632588758,0.07974347070859666,rebalance_exit,261724.12567648644
2014-12-31,B_old,0.21943656103483788,0.22339164141122492,rebalance_exit,197596.6449219005
2014-12-31,OABC,0.007459329819206273,0.007459329819206273,rebalance_exit,78551.6459375
2014-12-31,SPLP,0.06321488250916585,0.06321488250916585,rebalance_exit,15082.937705078126
2014-12-31,AEL,0.2847137253002847,0.2847137253002847,rebalance_exit,197596.6449219005
2014-12-31,RASFD,0.040202513917184435,0.04996870595636671,rebalance_exit,197596.6449219005
2014-12-31,RASF,0.015023314469051696,0.024553105524855123,rebalance_exit,197596.6449219005
2014-12-31,RAS,0.015519117037694041,0.02505356305542472,rebalance_exit,197596.6449219005
2014-12-31,SBRAP,0.07968595618810581,0.0810075908170933,rebalance_exit,19815.639980468753
2014-12-31,NICK,0.2819960805592088,0.2855909769080809,rebalance_exit,57558.693242187495
2014-12-31,PWOD,0.17607266937834165,0.17607266937834143,rebalance_exit,46193.400781250006
2014-12-31,RASFQ,0.0401593007537997,0.04992508707578125,rebalance_exit,197596.6449219005
2014-12-31,ERA,-0.033695065432711946,-0.02758619520399308,rebalance_exit,197596.6449219005
2014-12-31,SWS,-0.004370687968410447,-0.0030516087875183118,rebalance_exit,164591.02875000003
2014-12-31,HI,0.11698683437350943,0.11982507179098678,rebalance_exit,197596.6449219005
2014-12-31,DHIL,0.14353779594900629,0.14859691606568393,rebalance_exit,62684.63734375
2014-12-31,LBAI,0.2013149884475951,0.2013149884475951,rebalance_exit,55574.82804687501
2014-12-31,AJRD,0.14504407110182327,0.14504407110182327,rebalance_exit,197596.6449219005
2015-01-06,ATU,-0.1614830981102695,-0.1614830981102695,stop_loss_exit,197596.6449219005
2015-03-17,SXCP,-0.1515139000114324,-0.1515139000114324,stop_loss_exit,195782.65265625002
2015-03-20,JMI,-0.16039349949796944,-0.15786970589000915,stop_loss_exit,210564.8219947028
2015-03-31,COR_old,2.2687868066781194,2.27428432144313,rebalance_exit,51798.062134696724
2015-03-31,SMPL1,0.33853356130266277,0.33853356130266254,rebalance_exit,18795.987204589845
2015-03-31,EDE,0.34713654125919824,0.35479967600861184,rebalance_exit,138176.58684014843
2015-03-31,NRZ,0.28641297551274514,0.29331132541828575,rebalance_exit,261724.12567648644
2015-03-31,AEC_old,0.3595670810257454,0.3650521024234852,rebalance_exit,261724.12567648644
2015-03-31,PULB,0.10588762361491288,0.10588762361491288,rebalance_exit,9563.96686279297
2015-03-31,MRH,0.2227288981420188,0.2227288981420188,rebalance_exit,261724.12567648644
2015-03-31,NPBC,0.04047028789213747,0.045056240702255224,rebalance_exit,261724.12567648644
2015-03-31,CVG,0.27686190563983537,0.2853930939694036,rebalance_exit,197596.6449219005
2015-03-31,NP_old,0.1807933559108843,0.18079335591088452,rebalance_exit,197596.6449219005
2015-03-31,BPFH,-0.012606609665725244,-0.008892881191842505,rebalance_exit,197596.6449219005
2015-03-31,BFIN,0.10596359259934984,0.10919773874385497,rebalance_exit,32490.404726562498
2015-03-31,FNBC,-0.07328790906147709,-0.065954591272259,rebalance_exit,210564.8219947028
2015-03-31,ANCX,0.11308756023887279,0.1163068517682373,rebalance_exit,16598.471298828124
2015-03-31,FDP,0.15165062426467246,0.15950419830541174,rebalance_exit,210564.8219947028
2015-03-31,FRNK,0.02342771923991749,0.02342771923991749,rebalance_exit,46761.16859375
2015-03-31,FNBCQ,-0.07328790906147709,-0.065954591272259,rebalance_exit,210564.8219947028
2015-03-31,CSGS,0.2036110708897283,0.21301630318952114,rebalance_exit,210564.8219947028
2015-03-31,HTLF,0.1973078361620182,0.2039464599901999,rebalance_exit,91909.26015625
2015-03-31,UCFC,0.010075547624486259,0.015843051181047674,rebalance_exit,98725.25
2015-03-31,NBCB,-0.003080668399331965,-0.003080668399332076,rebalance_exit,210564.8219947028
2015-03-31,NTK,0.0795499342574808,0.08350437099602903,rebalance_exit,210564.8219947028
2015-03-31,TYPE,0.13563971881809178,0.13563971881809178,rebalance_exit,210564.8219947028
2015-03-31,ROLL,0.18153150662471718,0.18153150662471718,rebalance_exit,210564.8219947028
2015-03-31,CTT,0.03883112939940814,0.042321352242492116,rebalance_exit,198583.975
2015-03-31,SWM,0.08600823687887926,0.09457072607014094,rebalance_exit,210564.8219947028
2015-04-16,FNRG,-0.2639756102645129,-0.2639756102645129,stop_loss_exit,19914.654003906253
2015-05-04,MHGC,-0.16781267893028629,-0.15943877240708848,stop_loss_exit,69124.628671875
2015-05-19,IHC,-0.1530507358060914,-0.15305073580609152,stop_loss_exit,26573.0675
2015-05-29,FPO,-0.15245318254854678,-0.15021761689886803,stop_loss_exit,216329.71865607225
2015-06-25,TAL1,-0.17210897128206337,-0.17210897128206326,stop_loss_exit,355850.2488478299
2015-06-29,RSO,-0.16589835410414655,-0.16589835410414655,stop_loss_exit,163230.72312500002
2015-06-30,ORIT,0.565102283353931,0.5761684461499985,rebalance_exit,8408.787902669626
2015-06-30,MGLN,0.1587491398936156,0.16221713358154033,rebalance_exit,213821.91766366086
2015-06-30,FMBI,0.10521031116866686,0.11317978214106605,rebalance_exit,190923.84767597003
2015-06-30,CHFC,0.09369143134349578,0.09495762173642697,rebalance_exit,190923.84767597003
2015-06-30,EXL,0.3835135663684368,0.38439381046747223,rebalance_exit,190923.84767597003
2015-06-30,ASFI,0.013324920184963673,0.013324920184963673,rebalance_exit,5620.894672851563
2015-06-30,HCOM_old,-0.09155735670023302,-0.09155735670023302,rebalance_exit,77272.565
2015-06-30,HTBK,0.20259913531549145,0.20629187127576176,rebalance_exit,24855.55482421875
2015-06-30,OAKS,-0.15068257192381285,-0.14778001071908198,rebalance_exit,261724.12567648644
2015-06-30,APTS,0.19893206152956333,0.19893206152956333,rebalance_exit,71994.26265625001
2015-06-30,CSFL,0.30110978048818926,0.3077402917782517,rebalance_exit,140825.741875
2015-06-30,CDR,0.10194043548847875,0.10194043548847875,rebalance_exit,22868.538750000003
2015-06-30,BRKL_old,0.3408254147897045,0.34981769210853564,rebalance_exit,197193.75812500002
2015-06-30,FUR,0.03948263176957467,0.04969231964713883,rebalance_exit,210564.8219947028
2015-06-30,ORBK,0.40024147122174947,0.40540533574329407,rebalance_exit,171713.78953125002
2015-06-30,DCIX,-0.03434969587256642,0.0,rebalance_exit,38995.8400390625
2015-06-30,RLH,0.20022677946201828,0.2082018395986025,rebalance_exit,9452.27102294922
2015-06-30,NYRT,-0.04377193956300729,-0.04377193956300729,rebalance_exit,210564.8219947028
2015-06-30,FFKT,0.21336278815701903,0.22069425977573043,rebalance_exit,20225.071640625
2015-06-30,MLHR,-0.007454676515681213,-0.007454676515681213,rebalance_exit,210564.8219947028
2015-06-30,TPRE,0.010207690139403702,0.013684165611113963,rebalance_exit,210564.8219947028
2015-06-30,BMTC,-0.02778251921313668,-0.024014496823069664,rebalance_exit,93171.38164062501
2015-06-30,HMST,0.23973308829240803,0.24441287096724928,rebalance_exit,187310.7559375
2015-06-30,BCRH,0.051277738886881696,0.05456963105893031,rebalance_exit,23978.448203125
2015-06-30,BGG,-0.05828421870727274,-0.05598935113923109,rebalance_exit,218909.37625000003
2015-06-30,MBTF,0.013628914258785318,0.013628914258785318,rebalance_exit,4172.228137207031
2015-06-30,BKYF,0.03519049132726981,0.03519049132726981,rebalance_exit,84968.841796875
2015-06-30,FDEF,0.1349736706527389,0.14020020695405733,rebalance_exit,51259.095
2015-06-30,PFC,0.1349718279063954,0.14019835572189487,rebalance_exit,102518.19
2015-06-30,JBT,0.05040270133471325,0.05427062398178095,rebalance_exit,279000.4475
2015-06-30,VIAS,0.04421632649401119,0.04421632649401119,rebalance_exit,18966.47978515625
2015-06-30,PMBC,0.04168156844844617,0.04168156844844617,rebalance_exit,9092.281342773438
2015-06-30,WIBC,0.2594821723629983,0.26964092539799167,rebalance_exit,333835.73562500003
2015-07-23,PCH,-0.1538090291089108,-0.15099256589570498,stop_loss_exit,190923.84767597003
2015-08-05,RSO,-0.21405987167857732,-0.21405987167857732,stop_loss_exit,94441.92125000001
2015-08-24,ROIC,0.9670124521780834,0.9670124521780832,crash_overlay_exit,21368.901650299627
2015-08-24,OPI,-0.03201712904049958,-0.03201712904049969,crash_overlay_exit,76098.16145243702
2015-08-24,UBA,0.3351073949744483,0.3351073949744481,crash_overlay_exit,76098.16145243702
2015-08-24,COL,0.525109029322913,0.5251090293229126,crash_overlay_exit,76098.16145243702
2015-08-24,FBNK,-1.1102230246251565e-16,0.0,crash_overlay_exit,31956.77353125
2015-08-24,FFIC,0.5574927973215626,0.5574927973215626,crash_overlay_exit,63404.65809375
2015-08-24,FXCB,0.20890548714361024,0.20890548714361,crash_overlay_exit,29489.203101562503
2015-08-24,BHLB,0.281123843483132,0.2811238434831318,crash_overlay_exit,85898.0851875
2015-08-24,AF,0.6120016702752549,0.6120016702752547,crash_overlay_exit,150432.79259316038
2015-08-24,HTBI,0.1257243182008596,0.1257243182008596,crash_overlay_exit,48426.057328125
2015-08-24,NAVG,0.2950628483071287,0.2950628483071289,crash_overlay_exit,129797.83119364335
2015-08-24,CUNB,0.14795721775436776,0.14795721775436776,crash_overlay_exit,23453.771800781247
2015-08-24,CMO,0.005493338352070332,0.005493338352070332,crash_overlay_exit,114554.30860558202
2015-08-24,IRC,-0.09026086920079013,-0.09026086920079013,crash_overlay_exit,114554.30860558202
2015-08-24,FFNW,0.20240668233243864,0.20240668233243864,crash_overlay_exit,21521.60953125
2015-08-24,SBY,0.008766304644435952,0.008766304644435952,crash_overlay_exit,114554.30860558202
2015-08-24,CSBK,0.18572329159056644,0.18749379063244853,crash_overlay_exit,47645.41498828125
2015-08-24,AMTG,-0.04277770212867327,-0.042777702128673156,crash_overlay_exit,151004.60689241163
2015-08-24,ARPI,-0.08897303543067903,-0.08897303543067914,crash_overlay_exit,151004.60689241163
2015-08-24,BLMT,0.1876941640690486,0.1876941640690486,crash_overlay_exit,12634.983023437499
2015-08-24,ANH,0.09180663022223712,0.09180663022223712,crash_overlay_exit,157034.47540589186
2015-08-24,HTS,-0.09523343975968757,-0.09523343975968757,crash_overlay_exit,157034.47540589186
2015-08-24,MTGE,-0.1383244246554266,-0.1383244246554266,crash_overlay_exit,157034.47540589186
2015-08-24,CYS,-0.10826831333239018,-0.10826831333239018,crash_overlay_exit,157034.47540589186
2015-08-24,STON,-0.01992921056787822,0.004436550650610327,crash_overlay_exit,118557.9869531403
2015-08-24,WMC,0.017836896435036387,0.017836896435036387,crash_overlay_exit,104341.04025
2015-08-24,CFNL,0.2760370576198903,0.2760370576198903,crash_overlay_exit,118557.9869531403
2015-08-24,SWAY,-0.07053179693095035,-0.07053179693095035,crash_overlay_exit,126338.89319682168
2015-08-24,CBNJ,0.15190901211667196,0.15299781637695675,crash_overlay_exit,6617.803368164063
2015-08-24,TLMR,0.11461985687582743,0.1270782855954009,crash_overlay_exit,126338.89319682168
2015-08-24,SFR_old,-0.08089494627986937,-0.08089494627986926,crash_overlay_exit,126338.89319682168
2015-08-24,YDKN,0.009035167891249252,0.009035167891249474,crash_overlay_exit,126338.89319682168
2015-08-24,DGAS,-0.03244102591203968,-0.032245047501743396,crash_overlay_exit,7620.41851171875
2015-08-24,SIFI_old,0.005998225598367268,0.014751751919672929,crash_overlay_exit,5493.368503417968
2015-08-24,VGR,0.13011514416304815,0.13011514416304837,crash_overlay_exit,126338.89319682168
2015-08-24,PPBI,0.08707343413428736,0.08707343413428714,crash_overlay_exit,40522.06209375
2015-08-24,RZA,0.013255370807563116,0.013255370807563116,crash_overlay_exit,30209.088796875
2015-08-24,BNCL,0.09865997261257542,0.0986599726125752,crash_overlay_exit,126338.89319682168
2015-08-24,LSBG,-0.045865140384626524,-0.042969131294477436,crash_overlay_exit,3197.076019042969
2015-08-24,EBSB,-0.0874250282159198,-0.08055888858512217,crash_overlay_exit,112186.3415625
2015-08-24,PKY1,-0.09587096253190763,-0.09587096253190752,crash_overlay_exit,213510.14930869793
2015-08-24,NGHC,0.0002663103360387442,0.00026631033603852217,crash_overlay_exit,103411.5519375
2015-08-24,BCRHF,-0.05837774987869537,-0.05837774987869526,crash_overlay_exit,14387.068921875
2015-08-24,EGAS,-0.15556189748911842,-0.15556189748911842,crash_overlay_exit,13242.773671875
2015-08-24,LNBB,0.08263557773349262,0.0826355777334924,crash_overlay_exit,9108.00903515625
2015-08-24,SLD,-0.16349812676456754,-0.16349812676456754,crash_overlay_exit,24133.811156249998
2015-08-24,BHBK,0.04913637011490324,0.04913637011490324,crash_overlay_exit,62402.70796875
2015-08-24,MCBC,-0.01884829384365605,-0.01884829384365605,crash_overlay_exit,9956.352
2015-08-24,BKMU,-0.11753643306978079,-0.1175364330697809,crash_overlay_exit,57179.566781249996
2015-08-24,VIVO_old,-0.032767872128868,-0.02801365673629308,crash_overlay_exit,217682.455125
2015-08-24,BFIN,-0.0026070081707200154,-0.0026070081707200154,crash_overlay_exit,44039.93821875
2015-08-24,SBRAP,0.007510353339960085,0.007510353339960085,crash_overlay_exit,12318.4715390625
2015-08-24,MOFG,-0.1343127841907733,-0.13199876931781807,crash_overlay_exit,33042.160546875
2015-08-24,BNK,-0.0610331740774509,-0.0610331740774509,crash_overlay_exit,25531.63416796875
2015-08-24,DRYS,2.220446049250313e-16,0.0,crash_overlay_exit,122688.3980625
2015-08-24,SASR,-0.1042193180327462,-0.10421931803274609,crash_overlay_exit,75328.3696875
2015-08-24,MORE_old,0.008860318672757828,0.008860318672757606,crash_overlay_exit,240767.95046375578
2015-08-24,ESSA,-0.03688366241979135,-0.027097303326515276,crash_overlay_exit,7591.680837890625
2015-08-24,MIG_old,0.003570834708380266,0.003570834708380044,crash_overlay_exit,240767.95046375578
2015-08-24,NP_old,-0.04178765987743771,-0.04178765987743771,crash_overlay_exit,230632.99125000002
2015-08-24,SJI,-0.0032300989129067093,-0.0016161159800879288,crash_overlay_exit,240767.95046375578
2015-08-24,TSRE,-0.004504464513290896,-0.004504464513291007,crash_overlay_exit,18234.308015625
2015-08-24,ABCW,0.021458542786760182,0.024828521348326582,crash_overlay_exit,128050.4900625
2015-08-24,SCNB,-0.0006055290283430992,-0.0006055290283432102,crash_overlay_exit,37154.73178125
2015-08-24,LBAI,-0.09425051173849597,-0.09425051173849597,crash_overlay_exit,66476.34318750001
2015-08-24,MRH,0.4228102967514549,0.4228102967514549,crash_overlay_exit,240767.95046375578
2015-08-24,BNCN,0.051478141077989426,0.051478141077989426,crash_overlay_exit,140344.8905625
2015-08-24,PCBK,-0.05660472090139668,-0.044862502105478264,crash_overlay_exit,42868.13362500001
2015-08-24,CTT,-0.13915403642447066,-0.13915403642447066,crash_overlay_exit,166281.429375
2015-08-24,CLI,0.031098480104074122,0.031098480104074122,crash_overlay_exit,240767.95046375578
2015-08-24,HBOS,-0.004730429688171278,-0.004730429688171389,crash_overlay_exit,192292.03481250003
2015-08-24,SUBK,-0.004109142769390894,-0.0041091427693911164,crash_overlay_exit,37154.73178125
2015-08-24,DEL,-0.09232516923205492,-0.09109817873438275,crash_overlay_exit,115620.00675
2015-08-24,NPBC,0.04368369607050271,0.04368369607050271,crash_overlay_exit,240767.95046375578
2015-08-24,EGAS,-0.1555618974891183,-0.15556189748911842,stop_loss_exit,8828.515781250002
2015-08-24,SLD,-0.16349812676456754,-0.16349812676456754,stop_loss_exit,16089.207437500001
2015-09-04,IRC,-0.16225188184078532,-0.16225188184078543,stop_loss_exit,76369.53907038801
2015-09-28,MTGE,-0.15208081424320674,-0.15208081424320696,stop_loss_exit,104689.65027059457
2015-09-30,CUNB,0.21309599796794676,0.223688582497247,rebalance_exit,15635.847867187502
2015-09-30,STON,0.13746075529059154,0.14937000969945413,rebalance_exit,79038.6579687602
2015-09-30,SWAY,-0.0837123903575101,-0.08110882906683103,rebalance_exit,84225.92879788112
2015-09-30,SFR_old,-0.10066481106907854,-0.09830084254844262,rebalance_exit,84225.92879788112
2015-09-30,YDKN,0.0946307917083773,0.09791675907649511,rebalance_exit,84225.92879788112
2015-09-30,SIFI_old,0.04522268644414407,0.04913511908071788,rebalance_exit,3662.245668945313
2015-09-30,PPBI,0.16751848359418187,0.16751848359418187,rebalance_exit,27014.7080625
2015-09-30,LSBG,-0.05144960071473148,-0.05144960071473159,rebalance_exit,2131.384012695313
2015-09-30,NGHC,0.027643761093165464,0.0328932044557968,rebalance_exit,68941.03462500001
2015-09-30,LNBB,0.08263557773349262,0.0826355777334924,rebalance_exit,6072.0060234375
2015-09-30,BKMU,-0.008078364329906496,-0.0004018112636887672,rebalance_exit,38119.711187500005
2015-09-30,VIVO_old,-0.08123634429319004,-0.07661572693392937,rebalance_exit,145121.63675000003
2015-09-30,SBRAP,0.01580547336978233,0.015820743592525055,rebalance_exit,8212.314359375001
2015-09-30,MOFG,-0.11762833313498122,-0.11327756513592102,rebalance_exit,22028.10703125
2015-09-30,BNK,-0.026275639615257695,-0.026275639615257473,rebalance_exit,17021.089445312504
2015-09-30,MIG_old,0.003570834708380044,0.003570834708380044,rebalance_exit,160511.96697583722
2015-09-30,NP_old,-0.021823381173335266,-0.00667584529565024,rebalance_exit,153755.3275
2015-09-30,TSRE,0.0195195371500545,0.0195195371500545,rebalance_exit,12156.205343750004
2015-09-30,ABCW,0.10349472031362361,0.11830510493774504,rebalance_exit,85366.99337500002
2015-09-30,SCNB,0.05294133856925609,0.06156654498324121,rebalance_exit,24769.821187500005
2015-09-30,MRH,0.42281029675145465,0.4228102967514549,rebalance_exit,160511.96697583722
2015-09-30,CTT,-0.11108831484120452,-0.10008259341230408,rebalance_exit,110854.28625
2015-09-30,HBOS,-0.004730429688171278,-0.004730429688171389,rebalance_exit,128194.68987500001
2015-09-30,SUBK,0.04924869064241921,0.05784364859961322,rebalance_exit,24769.821187500005
2015-09-30,NPBC,0.046352040750188506,0.046352040750188506,rebalance_exit,160511.96697583722
2015-10-28,HTS,-0.16066422206161413,-0.16066422206161413,stop_loss_exit,104689.65027059457
2015-11-09,ARPI,-0.1670686077951501,-0.1670686077951501,stop_loss_exit,100669.73792827444
2015-11-16,IILG,-0.16735052515636417,-0.16354980253816087,stop_loss_exit,329023.53375
2015-12-07,CORLQ,-0.3297680473379564,-0.3297680473379565,stop_loss_exit,16228.739492187502
2015-12-14,AMTG,-0.16061949839019807,-0.16061949839019796,stop_loss_exit,100669.73792827444
2015-12-21,DRYS,-0.1741692803962257,-0.16080968750000002,stop_loss_exit,81792.26537500002
2015-12-31,FBNK,0.0,0.0,rebalance_exit,21304.515687500003
2015-12-31,AF,0.6621441065070035,0.6621441065070037,rebalance_exit,100288.52839544028
2015-12-31,WMC,-0.08416612747321817,-0.08416612747321806,rebalance_exit,69560.69350000001
2015-12-31,TLMR,0.2804518696341236,0.2804518696341234,rebalance_exit,84225.92879788112
2015-12-31,VGR,0.24808059278757755,0.24808059278757777,rebalance_exit,84225.92879788112
2015-12-31,ESSA,0.04353015208562461,0.04353015208562461,rebalance_exit,5061.1205585937505
2015-12-31,SJI,-0.02693181510673115,-0.02693181510673115,rebalance_exit,160511.96697583722
2015-12-31,CLI,0.2759730077303495,0.2759730077303497,rebalance_exit,160511.96697583722
2015-12-31,ALOG,0.008042540845315527,0.008042540845315527,rebalance_exit,502228.5825849203
2015-12-31,SLD,0.12313314241688422,0.12455634283961348,rebalance_exit,24704.8258203125
2015-12-31,EDE,0.2733739998331828,0.2814893017770417,rebalance_exit,323747.789375
2015-12-31,CHSP,-0.02341953999292412,-0.02341953999292401,rebalance_exit,502228.5825849203
2015-12-31,OSHC,0.07030342441651527,0.07030342441651527,rebalance_exit,6747.704547119141
2015-12-31,ESND,0.004828520495931965,0.006699984105816403,rebalance_exit,502228.5825849203
2015-12-31,STAR,-0.06756784389102188,-0.067567843891022,rebalance_exit,502228.5825849203
2015-12-31,COBZ,0.03373913594906064,0.03373913594906042,rebalance_exit,109998.4171875
2015-12-31,HT,-0.033423819243880826,-0.033423819243880826,rebalance_exit,502228.5825849203
2015-12-31,ONFC,-0.01470584522894025,-0.01470584522894025,rebalance_exit,9781.91494873047
2016-01-06,DEL,-0.17169415937235388,-0.16466124508739943,stop_loss_exit,77080.00450000001
2016-01-11,CYS,-0.1524016098220191,-0.1524016098220191,stop_loss_exit,104689.65027059457
2016-01-11,PKY1,-0.16426976777729052,-0.16426976777729063,stop_loss_exit,142340.09953913194
2016-01-13,CHMT_old,-0.16267970893762274,-0.15234103712445413,stop_loss_exit,502228.5825849203
2016-01-13,MYCC,-0.2313005786601332,-0.2313005786601332,stop_loss_exit,265334.45452150214
2016-01-13,DHIL,-0.1617525972530408,-0.16175259725304092,stop_loss_exit,258788.249375
2016-01-15,CMO,-0.16260076999266193,-0.16260076999266204,stop_loss_exit,76369.53907038801
2016-01-15,TPRE,-0.15408005537990133,-0.15408005537990133,stop_loss_exit,265334.45452150214
2016-01-19,UCBI,-0.1596899801349434,-0.15297054873180616,stop_loss_exit,502228.5825849203
2016-01-19,HTS,-0.1520892741311911,-0.1520892741311911,stop_loss_exit,265334.45452150214
2016-01-20,FPO,-0.15147835353721384,-0.15147835353721395,stop_loss_exit,265334.45452150214
2016-01-20,HBHC,-0.16138241303554635,-0.16138241303554646,stop_loss_exit,265334.45452150214
2016-01-21,CACB,-0.18379868038927294,-0.17265722716223197,stop_loss_exit,70817.45
2016-01-21,BPFH,-0.16417891595416478,-0.1534395843539258,stop_loss_exit,265334.45452150214
2016-01-25,AMTG,-0.15732175244522806,-0.15732175244522806,stop_loss_exit,265334.45452150214
2016-01-25,CSFL,-0.17508949079312108,-0.17508949079312097,stop_loss_exit,265334.45452150214
2016-01-25,HTLF,-0.16099281344081595,-0.16099281344081595,stop_loss_exit,222573.67468750002
2016-01-25,MLHR,-0.15178016325220678,-0.15178016325220667,stop_loss_exit,265334.45452150214
2016-02-03,HI,-0.16145303717639592,-0.1614530371763958,stop_loss_exit,265334.45452150214
2016-02-04,AJX,-0.151919770308929,-0.15016130026525054,stop_loss_exit,24972.07701171875
2016-02-04,RPT_old,-0.15194477314135557,-0.15018331139254693,stop_loss_exit,24135.7812109375
2016-02-05,DOOR,-0.15824008211686413,-0.15824008211686402,stop_loss_exit,502228.5825849203
2016-02-05,NYRT,-0.16444652694815998,-0.15959119121496168,stop_loss_exit,265334.45452150214
2016-02-08,SBY,-0.1571591638099964,-0.1571591638099965,stop_loss_exit,76369.53907038801
2016-02-08,ARPI,-0.1586969840574627,-0.1586969840574627,stop_loss_exit,265334.45452150214
2016-02-11,LBAI,-0.15833871875699101,-0.15833871875699101,stop_loss_exit,44317.56212500001
2016-02-11,PUB,-0.1674080108171737,-0.1674080108171737,stop_loss_exit,26943.79275390625
2016-02-11,BMTC,-0.1598736635803666,-0.1598736635803667,stop_loss_exit,265334.45452150214
2016-02-12,B_old,-0.15590336639390134,-0.1513153361320767,stop_loss_exit,502228.5825849203
2016-02-25,NATL_old,-0.16364721272860328,-0.16364721272860328,stop_loss_exit,52138.146250000005
2016-03-31,ROIC,1.49910569770157,1.5074311089340449,rebalance_exit,14245.934433533086
2016-03-31,FFIC,0.771183468069272,0.7711834680692722,rebalance_exit,42269.77206250001
2016-03-31,CBNJ,0.4711982664017762,0.4745873143047954,rebalance_exit,4411.868912109376
2016-03-31,BNCN,0.0944874181887232,0.09995483186273701,rebalance_exit,93563.26037500001
2016-03-31,PCBK,0.21207610041907765,0.21583521931920657,rebalance_exit,28578.755750000004
2016-03-31,SFLY,0.29014437299513807,0.29537127650486883,rebalance_exit,502228.5825849203
2016-03-31,IRC,0.34106544065039013,0.34106544065039013,rebalance_exit,308455.703125
2016-03-31,PCH,0.10617222529006654,0.11355723096309545,rebalance_exit,502228.5825849203
2016-03-31,SYKE,0.1775565590750241,0.18352942373238368,rebalance_exit,502228.5825849203
2016-03-31,OKSB,-0.07714760837843215,-0.07492188317386195,rebalance_exit,67041.429921875
2016-03-31,QTS,0.09498846216207002,0.10158382854400672,rebalance_exit,502228.5825849203
2016-03-31,ATRI,0.038797479562521,0.03879747956252122,rebalance_exit,156442.55828125
2016-03-31,EPAY,0.009196015480897657,0.018107354968736278,rebalance_exit,265334.45452150214
2016-03-31,PWOD,-0.08422529412645907,-0.08185426313109545,rebalance_exit,37419.3395703125
2016-03-31,SNCA,-0.04906358234065167,-0.014382583398696136,rebalance_exit,42595.150234375
2016-03-31,OVTI,0.010341595175413332,0.010341595175413332,rebalance_exit,265334.45452150214
2016-05-06,FUR,-0.2696789995069746,-0.2696789995069747,stop_loss_exit,286625.94593750004
2016-05-09,ANTE,-0.1788573659926187,-0.17312976674900016,stop_loss_exit,14816.662695312501
2016-05-09,AMCN,-0.1788573659926186,-0.17312976674900016,stop_loss_exit,300194.96873026557
2016-06-16,BOBE,-0.15441131877480962,-0.15441131877480974,stop_loss_exit,300194.96873026557
2016-06-30,COL,0.6114813032094069,0.6114813032094069,rebalance_exit,50732.107634958025
2016-06-30,CFNL,0.3219998844634462,0.3219998844634462,rebalance_exit,79038.6579687602
2016-06-30,DGAS,0.3341670012542668,0.3341670012542668,rebalance_exit,5080.2790078125
2016-06-30,MORE_old,0.1285711798567135,0.1319211156125737,rebalance_exit,160511.96697583722
2016-06-30,BRKL_old,0.11018732367635842,0.11128792120608932,rebalance_exit,416465.03625
2016-06-30,PULB,0.024991190274921138,0.024991190274921138,rebalance_exit,90569.71890625001
2016-06-30,VIVO_old,-0.029417054140870813,-0.029417054140870813,rebalance_exit,265334.45452150214
2016-06-30,ENFC,0.0006039847621970296,0.0018570452459911735,rebalance_exit,11746.105322265626
2016-06-30,ABCW,0.06069866934833201,0.060698669348332235,rebalance_exit,300194.96873026557
2016-06-30,SPLP,-0.038755558553094094,-0.038755558553094205,rebalance_exit,9443.356596679687
2016-06-30,ACXM,0.014572641649835072,0.014572641649835072,rebalance_exit,300194.96873026557
2016-06-30,PKY1,0.06372462457448602,0.06600495642477733,rebalance_exit,300194.96873026557
2016-06-30,DATE,0.0040721702994876985,0.0040721702994876985,rebalance_exit,60810.94914062501
2016-06-30,HTS,0.17601072818232288,0.17790243603683953,rebalance_exit,300194.96873026557
2016-06-30,FPO,0.02712261965647844,0.02712261965647844,rebalance_exit,194845.83187500003
2016-06-30,CHMT_old,-0.0007575931080557874,-0.0007575931080556764,rebalance_exit,300194.96873026557
2016-06-30,GDEN,0.22930094050747973,0.23779599273715024,rebalance_exit,39484.140859375
2016-06-30,EFII,0.01137134089853764,0.01137134089853764,rebalance_exit,300194.96873026557
2016-06-30,NPBC,0.007518789579387564,0.007518789579387564,rebalance_exit,300194.96873026557
2016-07-06,NXEO,-0.16666350664168894,-0.16363843267447653,stop_loss_exit,92353.76968750001
2016-07-21,FGL_old,-0.15157329085170002,-0.15044214539049228,stop_loss_exit,300194.96873026557
2016-09-30,OPI,0.5577275895881455,0.561106912912704,rebalance_exit,50732.107634958025
2016-09-30,UBA,0.777154219179929,0.7837154186281745,rebalance_exit,50732.107634958025
2016-09-30,FXCB,0.5110761359655729,0.5110761359655727,rebalance_exit,19659.468734375005
2016-09-30,BLMT,0.35779496746991235,0.3620985908425747,rebalance_exit,8423.322015625
2016-09-30,MCBC,0.5339251104585603,0.5391205793935379,rebalance_exit,6637.568000000001
2016-09-30,CCMP,0.3783652610528654,0.38219056079113556,rebalance_exit,502228.5825849203
2016-09-30,CDR,0.19241530014300934,0.19241530014300934,rebalance_exit,35573.640781250004
2016-09-30,CHFC,0.30111396534999124,0.3138435530657726,rebalance_exit,265334.45452150214
2016-09-30,ORM,0.0917036105086515,0.09199109962031637,rebalance_exit,39565.4348828125
2016-09-30,DENN,0.021574514416828894,0.021574514416828894,rebalance_exit,300194.96873026557
2016-09-30,ALTA,0.2834801240694962,0.29255664098375056,rebalance_exit,52832.07652343751
2016-09-30,PMBC,0.044382144362601794,0.05285712650844032,rebalance_exit,48589.452265625005
2016-09-30,NYRT,-0.07440214089858077,-0.07440214089858077,rebalance_exit,300194.96873026557
2016-09-30,FFWM,0.08654486441587506,0.09869545880342967,rebalance_exit,115669.66453125
2016-09-30,PUB,0.2834863911924761,0.2925629524265816,rebalance_exit,52832.07652343751
2016-09-30,MLHR,-0.07362954739778904,-0.07190061576605766,rebalance_exit,300194.96873026557
2016-09-30,MOFG,0.06579106678654068,0.06579106678654045,rebalance_exit,62821.84859375001
2016-09-30,ATRI,-0.0005551224119998421,-0.0005551224119998421,rebalance_exit,333433.84750000003
2016-09-30,TLMR,0.2163809379037167,0.2163809379037167,rebalance_exit,391050.8784798131
2016-09-30,UCFC,0.17462160448946373,0.1746216044894635,rebalance_exit,101687.5884375
2016-09-30,BNK,0.002571773087809426,0.002571773087809426,rebalance_exit,131888.52359375
2016-09-30,VVI,0.19033167893068503,0.19265849701341908,rebalance_exit,281798.23875
2016-09-30,WIBC,0.030710143232362874,0.030710143232362874,rebalance_exit,391050.8784798131
2016-09-30,WAIR,0.0007451735339034649,0.0007451735339034649,rebalance_exit,391050.8784798131
2016-09-30,CEB,-0.11569253693905124,-0.11027901551008479,rebalance_exit,391050.8784798131
2016-10-26,DEL,-0.1690530422603691,-0.1690530422603691,stop_loss_exit,358555.47510513605
2016-10-28,STON,-0.4520335144281299,-0.4520335144281299,stop_loss_exit,277684.29125
2016-11-01,VIVO_old,-0.16732152525657928,-0.15759518884977475,stop_loss_exit,358555.47510513605
2016-12-30,FFNW,1.0011194350625794,1.010752015156823,rebalance_exit,14347.739687500001
2016-12-30,AIMCV,0.6203074187117139,0.6272347253968928,rebalance_exit,355499.984375
2016-12-30,AIMC,0.6203102949813522,0.6272376139634581,rebalance_exit,355499.984375
2016-12-30,FMBI,0.3906163192020222,0.3943861027780222,rebalance_exit,265334.45452150214
2016-12-30,FFKT,0.5384588206369512,0.566077276076052,rebalance_exit,28742.54150390625
2016-12-30,UCBI,0.6157161473458144,0.6201206964305248,rebalance_exit,300194.96873026557
2016-12-30,FDEF,0.3389702772937724,0.3419290453273862,rebalance_exit,140781.58625000002
2016-12-30,PFC,0.3389658025128348,0.3419245606583734,rebalance_exit,258804.963125
2016-12-30,GBNK,0.5860404249494631,0.5912397374350216,rebalance_exit,78302.008203125
2016-12-30,ROLL,0.26046525697409617,0.26685769659150615,rebalance_exit,300194.96873026557
2016-12-30,HI,0.30124972596991095,0.30467107364645685,rebalance_exit,300194.96873026557
2016-12-30,BPFH,0.46204760489563146,0.473191260679956,rebalance_exit,300194.96873026557
2016-12-30,WFD,0.02597406377356548,0.02597406377356548,rebalance_exit,110505.90402343751
2016-12-30,EMCI,0.09029075652558549,0.09877403191199519,rebalance_exit,112667.75234375
2016-12-30,IBKCP,0.04702962825581247,0.04731059182336539,rebalance_exit,12785.25650390625
2016-12-30,COB,0.11550632899454283,0.11550632899454283,rebalance_exit,37318.1246484375
2016-12-30,CVLY,0.4804370884860687,0.4804370884860689,rebalance_exit,125833.69546875
2016-12-30,VGR,0.10438733376900888,0.10438733376900866,rebalance_exit,391050.8784798131
2016-12-30,SLD,-0.0022160125531639485,-6.640708458083289e-05,rebalance_exit,24547.836171875002
2016-12-30,LBAI,0.7213696944225401,0.7300086924358298,rebalance_exit,85148.27203125
2016-12-30,MSFG,0.36214804203590223,0.37097760551873193,rebalance_exit,134016.114375
2016-12-30,STB,-0.05309571746259345,-0.05309571746259345,rebalance_exit,158664.303125
2016-12-30,COBZ,0.26411692143460375,0.2738573947607994,rebalance_exit,107388.38937500001
2016-12-30,ALOG,-0.07545926383252932,-0.0715136366696223,rebalance_exit,358555.47510513605
2016-12-30,MFSF,0.20037004331188757,0.20037004331188757,rebalance_exit,24763.5126953125
2016-12-30,NATL_old,-0.002699116979437699,-0.002699116979437699,rebalance_exit,42934.89097656251
2016-12-30,CSGS,0.16545504280754786,0.17597579273703223,rebalance_exit,358555.47510513605
2016-12-30,CKEC,0.017604394340758445,0.017604394340758445,rebalance_exit,358555.47510513605
2016-12-30,MODG,-0.05795671731898444,-0.05522501303398053,rebalance_exit,358555.47510513605
2016-12-30,RSTI,0.010871378703648737,0.01087137870364896,rebalance_exit,358555.47510513605
2017-01-25,VIVO_old,-0.27683518721742617,-0.27683518721742617,stop_loss_exit,331535.0496112698
2017-01-31,LUB,-0.15253473160159614,-0.15253473160159625,stop_loss_exit,17096.71904296875
2017-03-31,HTBI,0.4747320974089331,0.4820458499831606,rebalance_exit,32284.03821875
2017-03-31,RZA,0.06804491127338852,0.06804491127338852,rebalance_exit,20139.392531250003
2017-03-31,BHBK,0.36187037783543063,0.36187037783543063,rebalance_exit,41601.80531250001
2017-03-31,OLBK,0.6377657650779169,0.6438271966683524,rebalance_exit,10766.564997558595
2017-03-31,FFG,0.10834711745391101,0.10834711745391123,rebalance_exit,210536.53609375
2017-03-31,AF,0.3021432249691194,0.3074574044707117,rebalance_exit,300194.96873026557
2017-03-31,YDKN,0.46880933549774473,0.46880933549774495,rebalance_exit,300194.96873026557
2017-03-31,SIFI_old,-0.0036979489773256713,0.005313449285482719,rebalance_exit,28911.73859375
2017-03-31,BNCN,0.5406615128707857,0.5462336108502097,rebalance_exit,391050.8784798131
2017-03-31,FBC,0.008582853865186424,0.013130848041000176,rebalance_exit,328950.30000000005
2017-03-31,BRKL_old,0.28674516299953656,0.2915666702917765,rebalance_exit,218125.38125
2017-03-31,EDE,0.008747037898977128,0.008747037898977128,rebalance_exit,358555.47510513605
2017-03-31,SBY,0.2385062662304509,0.2390685548479341,rebalance_exit,358555.47510513605
2017-03-31,ATU,0.006954972271337789,0.008651053748102822,rebalance_exit,331535.0496112698
2017-03-31,LSBG,-0.06994487528009885,-0.06994487528009885,rebalance_exit,44981.645234375
2017-03-31,ATRI,-0.075550986795342,-0.074804156719809,rebalance_exit,238167.95421875
2017-03-31,GCP,0.21425485118243404,0.21425485118243404,rebalance_exit,331535.0496112698
2017-03-31,IHC,-0.05217877436115381,-0.05217877436115381,rebalance_exit,33794.314453125
2017-03-31,HTLF,0.035855980059020576,0.03958898754319562,rebalance_exit,331535.0496112698
2017-03-31,SP,0.19190866230172143,0.19893429688657682,rebalance_exit,194178.5965625
2017-03-31,CSS,-0.03501081607123302,-0.03501081607123302,rebalance_exit,91011.96453125
2017-03-31,BOCH,0.12005357770590708,0.12941908387791012,rebalance_exit,20779.492265625002
2017-04-05,JMBA,-0.17195731892674126,-0.16943659859538907,stop_loss_exit,97054.41640625
2017-04-11,MTSC,-0.18142291579972025,-0.18142291579972014,stop_loss_exit,331535.0496112698
2017-05-11,NYRT,-0.15085517482452493,-0.15085517482452504,stop_loss_exit,331535.0496112698
2017-06-27,EGOV,-0.16619171363001473,-0.16619171363001473,stop_loss_exit,358555.47510513605
2017-06-30,BNCL,0.3552287148564215,0.361867503336023,rebalance_exit,84225.92879788112
2017-06-30,BCRHF,0.2686788132799589,0.27541591804007215,rebalance_exit,9591.379281250001
2017-06-30,SASR,0.5326234960857166,0.540640666023078,rebalance_exit,50218.91312500001
2017-06-30,BCRH,0.23464161250800397,0.24119796845688013,rebalance_exit,25363.861015625003
2017-06-30,BKMU,0.210866296293579,0.21948159954754032,rebalance_exit,111999.42484375002
2017-06-30,CACB,0.2180687747753003,0.2180687747753003,rebalance_exit,38081.940234375004
2017-06-30,PCH,0.19312283601528324,0.19312283601528324,rebalance_exit,358555.47510513605
2017-06-30,SYKE,0.18043223950560527,0.1850994044608809,rebalance_exit,358555.47510513605
2017-06-30,MBRG,0.4321379868631434,0.4321379868631434,rebalance_exit,20296.75552734375
2017-06-30,TCAP,-0.0396209102010886,-0.0392611705171404,rebalance_exit,331535.0496112698
2017-06-30,UTEK,0.2593650845803155,0.2593650845803155,rebalance_exit,331535.0496112698
2017-06-30,SCNB,-0.054017650794739414,-0.054017650794739414,rebalance_exit,286142.4296875
2017-06-30,FFWM,0.1469205314111568,0.15298615846851593,rebalance_exit,331535.0496112698
2017-06-30,RTEC,-0.040605062503295763,-0.029403284429843413,rebalance_exit,331535.0496112698
2017-06-30,CSWI,0.03670199796551854,0.04738523288135088,rebalance_exit,331535.0496112698
2017-06-30,UCBI,0.0022217890091456027,0.007251503848522578,rebalance_exit,409479.2816552753
2017-06-30,CBPX,-0.05667573021068706,-0.053709509316917314,rebalance_exit,409479.2816552753
2017-06-30,FLY_old,0.01851497706222549,0.018514977062225713,rebalance_exit,241446.42500000002
2017-06-30,BGG,0.07745287319082683,0.07745287319082705,rebalance_exit,409479.2816552753
2017-06-30,UAM,-0.0005009657147376778,-0.0005009657147377888,rebalance_exit,209096.51875000002
2017-06-30,APTS,0.20343200214447665,0.20343200214447665,rebalance_exit,265991.84500000003
2017-06-30,ADSW,-0.004592304912271916,-0.0010799645831998106,rebalance_exit,409479.2816552753
2017-06-30,TVPT,0.17250440710378778,0.17484291053201817,rebalance_exit,409479.2816552753
2017-08-17,NXEO,-0.1544664002412982,-0.1544664002412982,stop_loss_exit,346527.88453125
2017-08-21,OMI,-0.1588935771783585,-0.15077686243649058,stop_loss_exit,423191.0901763526
2017-08-23,AMWD,-0.17584662336951395,-0.16071285363646604,stop_loss_exit,423191.0901763526
2017-09-29,EBSB,0.43114144331378124,0.43952766171698276,rebalance_exit,74790.89437500002
2017-09-29,CSFL,0.8167652875228697,0.8167652875228697,rebalance_exit,275149.99625
2017-09-29,TPRE,0.3651214741867026,0.3651214741867026,rebalance_exit,300194.96873026557
2017-09-29,AC,0.24698462183475445,0.24698462183475467,rebalance_exit,124114.27
2017-09-29,ACBI,0.25065696249838565,0.25518669229935687,rebalance_exit,352008.50703125005
2017-09-29,WPT,0.2189533780527908,0.2189533780527908,rebalance_exit,53464.59078125001
2017-09-29,MORE_old,0.12310525429024,0.12310525429024022,rebalance_exit,358555.47510513605
2017-09-29,HYH,0.2176852173258228,0.21768521732582302,rebalance_exit,331535.0496112698
2017-09-29,MCBC,-0.014575902633607751,-0.00945740534392936,rebalance_exit,66850.72624999999
2017-09-29,CCMP,0.048972474842480906,0.048972474842480906,rebalance_exit,409479.2816552753
2017-09-29,EPAY,0.33335151961254605,0.3368066226883619,rebalance_exit,409479.2816552753
2017-09-29,EBIXQ,0.06399472851533794,0.06399472851533794,rebalance_exit,409479.2816552753
2017-09-29,EBIX,0.06399222118945902,0.06399222118945902,rebalance_exit,409479.2816552753
2017-09-29,MGP,0.14668374564715325,0.14668374564715325,rebalance_exit,409479.2816552753
2017-09-29,FDEF,0.06150446367241824,0.06150446367241824,rebalance_exit,162482.12656250002
2017-09-29,MDLXQ,-0.007590043210876973,-0.007589981818681091,rebalance_exit,21965.454775390626
2017-09-29,NCBS,0.19864877763226652,0.21525134334313978,rebalance_exit,89753.16093750001
2017-09-29,PFC,0.0003840801049603826,0.00038408010496016054,rebalance_exit,309002.5425
2017-09-29,EGAS,0.015501449934108402,0.015501449934108402,rebalance_exit,36313.1871484375
2017-09-29,ENV,0.2691741171631479,0.27045136721462293,rebalance_exit,423191.0901763526
2017-09-29,SNR,-0.06908211844386614,-0.06711415975628188,rebalance_exit,423191.0901763526
2017-09-29,FFG,0.2088082807521332,0.21272404082222418,rebalance_exit,153638.37562500002
2017-09-29,OPINI,0.028055320412877727,0.02805532041287795,rebalance_exit,131617.223125
2017-09-29,IBKCP,0.004790257367203399,0.004790257367203399,rebalance_exit,9052.627070312501
2017-09-29,WNRL,0.013055417204701936,0.01859633825085627,rebalance_exit,423191.0901763526
2017-10-30,OMI,-0.16240395556195897,-0.16240395556195897,stop_loss_exit,435422.74286143755
2017-11-03,NYRT,-0.15484790805568016,-0.15484790805568005,stop_loss_exit,423191.0901763526
2017-11-14,TVPT,-0.15303384359733108,-0.15055048197627108,stop_loss_exit,435422.74286143755
2017-12-29,NAVG,0.7134215371835482,0.7214665732577963,rebalance_exit,86531.8874624289
2017-12-29,FGL_old,0.3504893921097223,0.3504893921097223,rebalance_exit,358555.47510513605
2017-12-29,SNCA,0.0,0.0,rebalance_exit,18913.294179687502
2017-12-29,MSFG,0.11481179270044728,0.11481179270044728,rebalance_exit,252526.50625
2017-12-29,MRT_old,-0.0018294343232873045,0.000892081074737261,rebalance_exit,221895.53046875002
2017-12-29,VGR,0.1911188584288337,0.1911188584288337,rebalance_exit,409479.2816552753
2017-12-29,MOFG,-0.006888184766276284,-0.006888184766276284,rebalance_exit,181292.34953125002
2017-12-29,CUNB,0.03161172673300294,0.03161172673300294,rebalance_exit,423191.0901763526
2017-12-29,STB,0.04340444057850412,0.04587015105543246,rebalance_exit,112934.7734375
2017-12-29,SWM,0.23251154858177903,0.23719510278718992,rebalance_exit,423191.0901763526
2017-12-29,CAFD,0.04926365032504054,0.0499285866741237,rebalance_exit,233430.6453125
2017-12-29,DPS,0.09790942623798715,0.09818427105449401,rebalance_exit,435422.74286143755
2017-12-29,MFSF,0.0034240581123794467,0.005471169643241902,rebalance_exit,51910.031406250004
2017-12-29,BHBK,0.05137060242586888,0.052279093130945586,rebalance_exit,116423.504375
2017-12-29,PRETL,0.015357270408683732,0.015357270408683732,rebalance_exit,24962.605
2017-12-29,FPO,-0.0004483980067093718,-0.0004483980067093718,rebalance_exit,435422.74286143755
2017-12-29,HNGR,0.43200210184535326,0.43200210184535326,rebalance_exit,6920.03462890625
2017-12-29,FLIC,-0.06424143024804274,-0.058621125971576316,rebalance_exit,135602.89375000002
2017-12-29,ANCX,-0.029965296419603327,-0.026325476413088356,rebalance_exit,119327.41296875
2017-12-29,TERP,0.08477690739982813,0.08477690739982813,rebalance_exit,435422.74286143755
2017-12-29,COBZ,0.020482530203719707,0.020482530203719485,rebalance_exit,230973.32968750002
2017-12-29,OKSB,0.03266793287849579,0.03266793287849579,rebalance_exit,186709.91125
2017-12-29,LMOS,0.00287427447566313,0.00287427447566313,rebalance_exit,327379.78656250006
2017-12-29,CARO,0.03109088377527791,0.03407029964148256,rebalance_exit,286451.539375
2017-12-29,ACXM,0.11548117387514378,0.11548117387514378,rebalance_exit,435422.74286143755
2018-01-10,ORM,-0.17870274406166842,-0.17870274406166853,stop_loss_exit,33305.846484375004
2018-01-16,APTS,-0.15078909643522154,-0.15078909643522143,stop_loss_exit,384671.61138163635
2018-02-02,STAR,-0.16093034033617792,-0.16093034033617803,stop_loss_exit,331535.0496112698
2018-02-05,CSS,-0.15020577867790286,-0.15020577867790297,stop_loss_exit,77943.9003125
2018-02-05,MLVF,-0.16263659590807067,-0.16030536796321238,stop_loss_exit,23480.09849609375
2018-02-06,JCAP_old,-0.1553544314975701,-0.15149601833049153,stop_loss_exit,360812.171875
2018-02-12,ARD,-0.16824549961273505,-0.16824549961273505,stop_loss_exit,140417.76796875
2018-02-21,OPI,-0.15215064168817471,-0.15215064168817471,stop_loss_exit,294716.890625
2018-02-28,CYS,-0.15085857729229024,-0.15085857729229013,stop_loss_exit,300194.96873026557
2018-03-05,NRE,-0.1552540425442741,-0.1552540425442741,stop_loss_exit,331535.0496112698
2018-03-05,SPA,-0.27953548381966253,-0.27953548381966264,stop_loss_exit,226668.621875
2018-03-29,EMCI,-0.006927464343916334,-0.003941501221497723,rebalance_exit,80462.75375
2018-03-29,MGIC,0.015154410554425235,0.023917517669879818,rebalance_exit,14562.706611328125
2018-03-29,CSWI,-0.019586208080552114,-0.019586208080552336,rebalance_exit,146312.11875
2018-03-29,BRKL_old,0.031321154227302195,0.03599961857196421,rebalance_exit,384671.61138163635
2018-03-29,CSFL,0.027918029528415378,0.03167450443614461,rebalance_exit,384671.61138163635
2018-03-29,XOXO,0.12405206008127823,0.12405206008127823,rebalance_exit,205476.143125
2018-03-29,FLY_old,0.02358243114399805,0.029180267492321166,rebalance_exit,145871.29375
2018-03-29,SP,-0.05102732588499492,-0.04782251649114844,rebalance_exit,384671.61138163635
2018-03-29,FFNW,0.05661122810729946,0.07656123238057733,rebalance_exit,22166.677929687503
2018-03-29,BOBE,-0.024251434176878583,-0.024251434176878583,rebalance_exit,384671.61138163635
2018-03-29,GLOP,-0.04484015608399872,-0.03827820139791105,rebalance_exit,278710.265
2018-03-29,FOE,-0.021995327093972894,-0.01642387296287795,rebalance_exit,384671.61138163635
2018-03-29,TVPT,0.24685178039862943,0.2534503973042168,rebalance_exit,384671.61138163635
2018-06-29,CSBK,0.45835668404187,0.45835668404187,rebalance_exit,31763.6099921875
2018-06-29,CTT,0.19881933550368225,0.20273283432646294,rebalance_exit,200424.4540625
2018-06-29,TIER_old,0.41610700418474944,0.43578168309428533,rebalance_exit,409479.2816552753
2018-06-29,PWOD,0.08676704514821654,0.08710444990768451,rebalance_exit,56281.232812500006
2018-06-29,ENFC,0.28679657294285055,0.28791205437628786,rebalance_exit,173292.41765625
2018-06-29,HMLP,0.028237985135465937,0.029372655660834246,rebalance_exit,89498.579921875
2018-06-29,LMNX_old,0.4636982338110802,0.46369823381108,rebalance_exit,353065.72187500005
2018-06-29,XCRA,0.41637993947187923,0.416379939471879,rebalance_exit,435422.74286143755
2018-06-29,DENN,0.26866565902786044,0.2768465283969628,rebalance_exit,373633.1925
2018-06-29,RSO,0.0665805566957498,0.0665805566957498,rebalance_exit,297087.45437500003
2018-06-29,PRFT,0.37908875319336577,0.3811571713766957,rebalance_exit,278988.33718750003
2018-06-29,VBTX,0.11640083419069103,0.12250970679191853,rebalance_exit,269484.49625
2018-06-29,CSGS,-0.06544277489648154,-0.06544277489648176,rebalance_exit,384671.61138163635
2018-06-29,GRP-UN,0.069590107966361,0.06959010796636078,rebalance_exit,13178.239912109375
2018-06-29,CNTE,0.2213611950368488,0.22313505811296852,rebalance_exit,134186.355
2018-06-29,HTLF,0.02051746742785543,0.024917366700705657,rebalance_exit,384671.61138163635
2018-06-29,SXCP,-0.09543129324269028,-0.08951186961810087,rebalance_exit,379153.40687500004
2018-06-29,BSF,0.010767661838337439,0.010767661838337661,rebalance_exit,40947.5865625
2018-06-29,AIMCV,-0.06396803908043658,-0.06291501159697499,rebalance_exit,467664.74849060073
2018-06-29,PRETL,0.1221562431978993,0.12411063649378873,rebalance_exit,28745.729921874998
2018-06-29,EPAY,0.2818558605114805,0.28593553112399195,rebalance_exit,467664.74849060073
2018-06-29,CYS,0.12611969293075198,0.1313534728752377,rebalance_exit,467664.74849060073
2018-06-29,FCCY,0.05317898845320057,0.05317898845320057,rebalance_exit,22716.92005859375
2018-06-29,MGP,0.155975210347836,0.16389625842077282,rebalance_exit,467664.74849060073
2018-06-29,MTSC,0.024456545093916926,0.024456545093916926,rebalance_exit,467664.74849060073
2018-06-29,AIMC,-0.06396822721107198,-0.06291519993925565,rebalance_exit,467664.74849060073
2018-06-29,ACBI,0.07348654131750187,0.07776856890261863,rebalance_exit,152123.075
2018-06-29,IBKCP,0.01167957813032916,0.014005264959176866,rebalance_exit,19280.9425
2018-06-29,AY,0.041437829950414784,0.04509364831641749,rebalance_exit,467664.74849060073
2018-06-29,ROIC,0.09103788033029914,0.09563208569688042,rebalance_exit,467664.74849060073
2018-08-08,VGR,-0.16520525600119962,-0.16520525600119973,stop_loss_exit,467664.74849060073
2018-09-10,KANG,-0.20794407279803828,-0.2079440727980384,stop_loss_exit,526213.1065589123
2018-09-11,EBSB,-0.1520604774113844,-0.1520604774113844,stop_loss_exit,384671.61138163635
2018-09-28,MTGE,0.8108879522447032,0.8108879522447034,rebalance_exit,502228.5825849203
2018-09-28,HTBK,0.07715836574709578,0.07856221102106575,rebalance_exit,310588.1528125
2018-09-28,RZA,-0.0546346223620795,-0.05360091814381007,rebalance_exit,70299.960078125
2018-09-28,GBNK,0.11095906552245793,0.11474104012257746,rebalance_exit,423191.0901763526
2018-09-28,SASR,-0.027779664659000503,-0.024815927290754658,rebalance_exit,306331.8675
2018-09-28,INTL_old,0.2574577379295586,0.2574577379295586,rebalance_exit,254861.63875000004
2018-09-28,FFWM,-0.12908137732244374,-0.1268873829394429,rebalance_exit,160256.72
2018-09-28,HCOM_old,-0.0640090207305063,-0.0640090207305063,rebalance_exit,47222.8684765625
2018-09-28,IPHS,0.12144967942688045,0.12804897091382528,rebalance_exit,467664.74849060073
2018-09-28,STAR,0.10550777884288465,0.1081634071176183,rebalance_exit,467664.74849060073
2018-09-28,CBPX,0.17875323166272117,0.1862748561430676,rebalance_exit,526213.1065589123
2018-09-28,BHBK,0.09526498122162752,0.09550352629001435,rebalance_exit,162760.78437500002
2018-09-28,OCIP,-0.004993461281531331,-0.004993461281531331,rebalance_exit,60568.422734374995
2018-09-28,PTVCB,-0.06072270655928802,-0.0580293604732941,rebalance_exit,72730.51187500001
2018-09-28,ORM,0.02132741010161432,0.022789050118040777,rebalance_exit,207843.42148437502
2018-09-28,NSM,0.039562687386518025,0.039562687386518025,rebalance_exit,339318.789375
2018-09-28,EMCI,-0.11133604067855496,-0.11133604067855485,rebalance_exit,83466.36867187501
2018-09-28,CBTX,0.07123041891637771,0.07123041891637771,rebalance_exit,526213.1065589123
2018-09-28,BWINB,-0.053358652928298556,-0.053358652928298556,rebalance_exit,85272.06546875
2018-09-28,CARO,-0.12774141323718624,-0.1238496378297751,rebalance_exit,526213.1065589123
2018-09-28,BNCL,0.04102901438670825,0.04484446268369635,rebalance_exit,388680.84500000003
2018-10-11,PFC,-0.15502706641349595,-0.15502706641349595,stop_loss_exit,369187.19500000007
2018-10-11,FDEF,-0.15502531026230704,-0.15502531026230704,stop_loss_exit,209516.2871875
2018-10-11,UCFC,-0.16742924449924534,-0.1660436754685679,stop_loss_exit,362544.259375
2018-10-18,LBAI,-0.16064073999547168,-0.15556373278043722,stop_loss_exit,256083.08375
2018-10-18,CTT,-0.16071654361033538,-0.1594159132401758,stop_loss_exit,318918.15375000006
2018-10-19,FFIC,-0.1550484039229305,-0.1550484039229305,stop_loss_exit,174331.03500000003
2018-10-24,NCOM,-0.17990656308872122,-0.17990656308872122,stop_loss_exit,250885.22000000003
2018-10-24,SBBX,-0.18598185610547802,-0.18598185610547802,stop_loss_exit,14712.112368164064
2018-10-24,ANCX,-0.15923693651681836,-0.15923693651681836,stop_loss_exit,195659.2003125
2018-10-24,OLBK,-0.17683224434873723,-0.17683224434873734,stop_loss_exit,251631.36875000002
2018-10-24,ADES,-0.19499939525488585,-0.19499939525488585,stop_loss_exit,78493.85390625
2018-10-24,CSWI,-0.1828442330950777,-0.17597637089445617,stop_loss_exit,268831.004375
2018-10-24,PMBC,-0.1587878283269789,-0.1587878283269789,stop_loss_exit,29027.1411328125
2018-10-26,MOFG,-0.1573630960113619,-0.157363096011362,stop_loss_exit,93299.58875
2018-10-29,CMO,-0.17272105383459724,-0.17272105383459724,stop_loss_exit,300194.96873026557
2018-10-31,ICBK,-0.17098584807598383,-0.17098584807598383,stop_loss_exit,17734.121953125003
2018-11-12,VNTR,-0.17782956395613847,-0.17782956395613836,stop_loss_exit,467664.74849060073
2018-11-12,VNTRD,-0.17211031249999997,-0.17211031249999997,stop_loss_exit,2.1814500594139097
2018-12-04,ABTX,-0.19116002064250626,-0.19116002064250626,stop_loss_exit,243225.1775
2018-12-11,ALTA,-0.15592414283321276,-0.15183056042618093,stop_loss_exit,81574.43953125
2018-12-11,HTLF,-0.15979884923194265,-0.15198379634354187,stop_loss_exit,625483.2639373395
2018-12-11,PUB,-0.1559246807881285,-0.1518311009900597,stop_loss_exit,81574.43953125
2018-12-13,TRCB,-0.17233485857782804,-0.17233485857782804,stop_loss_exit,16303.33654296875
2018-12-14,PRETM,-0.1839477747308953,-0.18288127459451586,stop_loss_exit,32739.239218750005
2018-12-14,PRTMQ,-0.1839477747308953,-0.18288127459451586,stop_loss_exit,32739.239218750005
2018-12-17,SYKE,-0.1554397256801736,-0.15152075888902194,stop_loss_exit,467664.74849060073
2018-12-17,MFSF,-0.20749076203858452,-0.1963565830279781,stop_loss_exit,37547.9696875
2018-12-17,BRKL_old,-0.1577232828293028,-0.1577232828293027,stop_loss_exit,420950.63375000004
2018-12-19,SIFI_old,-0.15639458604149536,-0.15272421598205743,stop_loss_exit,21201.75662109375
2018-12-19,PRTNQ,-0.21100309470403422,-0.2110030947040341,stop_loss_exit,30683.699199218754
2018-12-19,CVCY,-0.16549971233189442,-0.16336735904719213,stop_loss_exit,56395.14015625001
2018-12-19,EBSB,-0.16797370190411565,-0.16797370190411565,stop_loss_exit,330370.30375
2018-12-20,AI_old1,-0.17986686023335208,-0.17986686023335208,stop_loss_exit,394296.114375
2018-12-20,AAIC,-0.17987902012106793,-0.17987902012106793,stop_loss_exit,394296.114375
2018-12-24,BHLB,0.3490304399879709,0.3490304399879709,crash_overlay_exit,34359.234075
2018-12-24,ANH,0.2913502671019954,0.2913502671019952,crash_overlay_exit,62813.790162356745
2018-12-24,BFIN,0.26961651653742025,0.2854668885595839,crash_overlay_exit,17615.9752875
2018-12-24,ORIT,0.04519205567468343,0.05246919464977218,crash_overlay_exit,159200.6727129013
2018-12-24,NP_old,-0.043997060936343924,-0.043997060936343924,crash_overlay_exit,180116.98123815932
2018-12-24,BMTC,0.29330795714818114,0.36704046892909825,crash_overlay_exit,115273.169625
2018-12-24,ESSA,0.243412386807216,0.243412386807216,crash_overlay_exit,72517.221421875
2018-12-24,AJX,0.019186664134896336,0.01918666413489656,crash_overlay_exit,26999.896546875
2018-12-24,DHIL,-0.15043561539697636,-0.15043561539697636,crash_overlay_exit,58846.93725
2018-12-24,CHSP,0.029653153841977753,0.029653153841977975,crash_overlay_exit,198921.02976676187
2018-12-24,BLMT,-0.06839383065300897,-0.06839383065300897,crash_overlay_exit,46953.0032578125
2018-12-24,WMC,0.028071587188419178,0.028071587188419178,crash_overlay_exit,198921.02976676187
2018-12-24,BOKFL,0.07842474916635345,0.08419025669981162,crash_overlay_exit,61673.45728125
2018-12-24,CORLQ,0.05909144363951557,0.0631669051417676,crash_overlay_exit,9959.858009765623
2018-12-24,RPT_old,0.17860367322818016,0.17860367322818016,crash_overlay_exit,34878.27159375
2018-12-24,SLD,0.19915578561934244,0.19915578561934266,crash_overlay_exit,205328.63287500004
2018-12-24,VVI,0.0019195577034170075,0.009340340892101784,crash_overlay_exit,211875.93225
2018-12-24,HTBI,-0.035715898417620684,-0.03523668386728529,crash_overlay_exit,80849.89532812499
2018-12-24,PCSB,-0.015508843103885783,-0.015508843103885894,crash_overlay_exit,55229.587125000005
2018-12-24,MCBC,-0.08655735474131732,-0.06665224230242217,crash_overlay_exit,31609.097460937497
2018-12-24,CCLDP,0.12377455289358474,0.12377455289358474,crash_overlay_exit,16605.321304687503
2018-12-24,NXTM,0.1467849623854649,0.15046890435698423,crash_overlay_exit,280598.8490943604
2018-12-24,COBZ,0.13931455097159984,0.13931455097159984,crash_overlay_exit,191946.07012500003
2018-12-24,PBFX,-0.04651803291487977,-0.035513708301361135,crash_overlay_exit,73536.06956250001
2018-12-24,MYT,-0.9840561647859606,-0.9840561647859606,crash_overlay_exit,5593.24538671875
2018-12-24,CALL,0.0170175414985283,0.01701754149852852,crash_overlay_exit,45657.780281249994
2018-12-24,MITL,0.010876867633553333,0.010876867633553555,crash_overlay_exit,375289.95836240373
2018-12-24,BOCH,-0.15248611510051535,-0.13847383472548735,crash_overlay_exit,26553.240843749998
2018-12-24,PWOD,-0.10787508488033404,-0.0988636930673309,crash_overlay_exit,10469.560839843749
2018-12-24,CWAY,0.000532207052036604,0.000532207052036604,crash_overlay_exit,18754.052730468753
2018-12-24,NYRT,-0.042338369760171135,-0.042338369760171135,crash_overlay_exit,278317.742625
2018-12-24,ACBI,-0.07164286462170266,-0.062089549961374724,crash_overlay_exit,68476.4833125
2018-12-24,SNCA,0.0,0.0,crash_overlay_exit,5450.931919921875
2018-12-24,CORRQ,-0.1303885387740915,-0.13038853877409162,crash_overlay_exit,89597.6109375
2018-12-24,PIXY,-0.013696731614744828,-0.01369673161474494,crash_overlay_exit,40447.37090624999
2018-12-24,DHIL,-0.15043561539697647,-0.15043561539697636,stop_loss_exit,39231.29150000001
2018-12-24,MYT,-0.9840561647859606,-0.9840561647859606,stop_loss_exit,3728.8302578124994
2018-12-31,NP_old,-0.02835150001667819,-0.02496755836195219,rebalance_exit,120077.98749210624
2018-12-31,BLMT,-0.03790232836848251,-0.030742703749300437,rebalance_exit,31302.002171875
2018-12-31,SLD,0.19915578561934288,0.19915578561934266,rebalance_exit,136885.75525000002
2018-12-31,COBZ,0.13931455097159984,0.13931455097159984,rebalance_exit,127964.04675000004
2018-12-31,PBFX,-0.0027652619948261847,-0.0027652619948261847,rebalance_exit,49024.046375000005
2018-12-31,CALL,0.01701754149852852,0.01701754149852852,rebalance_exit,30438.5201875
2018-12-31,MITL,0.010876867633553777,0.010876867633553555,rebalance_exit,250193.3055749358
2018-12-31,BOCH,-0.1167959502159015,-0.10254839119637027,rebalance_exit,17702.1605625
2018-12-31,CWAY,0.0005322070520368261,0.000532207052036604,rebalance_exit,12502.7018203125
2018-12-31,NYRT,-0.04233836976017091,-0.042338369760171135,rebalance_exit,185545.16175000003
2018-12-31,ACBI,-0.028633269658268734,-0.02268651706069258,rebalance_exit,45650.98887500001
2018-12-31,SNCA,-0.002656245214603392,0.0,rebalance_exit,3633.95461328125
2018-12-31,PIXY,-0.07630539128381886,-0.01369673161474494,rebalance_exit,26964.9139375
2019-01-28,PWOD,-0.19437645830372896,-0.1912516899376061,stop_loss_exit,6979.707226562501
2019-03-29,BHLB,0.407862348040001,0.4197290705677177,rebalance_exit,22906.156050000005
2019-03-29,NXTM,0.20594221239142363,0.20594221239142363,rebalance_exit,187065.8993962403
2019-03-29,CNXM,-0.05576479156733838,-0.05576479156733849,rebalance_exit,392850.7003046602
2019-03-29,UCBI,0.16173950980750007,0.16173950980750007,rebalance_exit,392850.7003046602
2019-03-29,RVIC,0.18428725844357596,0.1911450956439653,rebalance_exit,180457.1921875
2019-03-29,PRETL,0.32423980804490515,0.32605545184680995,rebalance_exit,40443.01514648438
2019-03-29,CATC,-0.008880130336557657,-0.008880130336557546,rebalance_exit,51760.063984375
2019-03-29,AI_old1,0.14434540787543226,0.15159332177294105,rebalance_exit,359041.875
2019-03-29,FLY_old,0.29709422923113693,0.29709422923113693,rebalance_exit,141506.5009375
2019-03-29,AAIC,0.1443632502045853,0.1516112771096394,rebalance_exit,359041.875
2019-03-29,MGP,0.23118992375286407,0.23118992375286407,rebalance_exit,392850.7003046602
2019-03-29,CSGS,0.32132152264703695,0.324203960702778,rebalance_exit,392850.7003046602
2019-03-29,LBAI,0.00945965724434239,0.015160739638709675,rebalance_exit,214098.58125000002
2019-03-29,CKH,0.11999648744331015,0.13027504274788715,rebalance_exit,392850.7003046602
2019-03-29,EVA,0.17782465134316672,0.17862772250088654,rebalance_exit,219186.87812500002
2019-03-29,MLHR,0.1603138205652157,0.16925449152986483,rebalance_exit,392850.7003046602
2019-03-29,HMLP,0.2969242675520096,0.29746147440318427,rebalance_exit,223852.109375
2019-05-29,PRGX,-0.15946106678665872,-0.1594610667866586,stop_loss_exit,44505.7336328125
2019-06-28,MCBC,0.05755327158233858,0.06079738946776203,rebalance_exit,21072.731640625003
2019-06-28,MGIC,0.17802305349904435,0.17818752652978476,rebalance_exit,27289.82578125
2019-06-28,NCOM,0.08133564122568271,0.08133564122568271,rebalance_exit,392850.7003046602
2019-06-28,PRMW,-0.04313265458939808,-0.04313265458939819,rebalance_exit,392850.7003046602
2019-06-28,BRKL_old,0.11777724373484655,0.11777724373484655,rebalance_exit,392850.7003046602
2019-06-28,BHBK,0.12209688174966349,0.12209688174966349,rebalance_exit,377997.893125
2019-06-28,PRFT,0.5345123787004944,0.5345123787004946,rebalance_exit,392850.7003046602
2019-06-28,RILYH,0.09815738218144143,0.09815738218144143,rebalance_exit,26338.110214843753
2019-06-28,FBC,0.2537194874462554,0.2537194874462554,rebalance_exit,392850.7003046602
2019-06-28,BKCC,0.1893099556129525,0.19062083691249376,rebalance_exit,316688.8559375
2019-06-28,STAR,0.37789200267732537,0.37789200267732537,rebalance_exit,392850.7003046602
2019-06-28,COT,-0.03866300661126143,-0.03866300661126154,rebalance_exit,392850.7003046602
2019-06-28,HTLF,0.020397120011004688,0.020397120011004688,rebalance_exit,392850.7003046602
2019-06-28,SIFI_old,0.1672920793198871,0.16729207931988688,rebalance_exit,328200.46761718753
2019-06-28,AY,0.1914067637840724,0.19202071508665064,rebalance_exit,392850.7003046602
2019-06-28,CBTX,-0.041525404461306925,-0.041525404461306814,rebalance_exit,339786.076875
2019-06-28,AXE,0.06415965843808857,0.06415965843808857,rebalance_exit,695324.5711291458
2019-06-28,CSWI,0.19035725223116362,0.19035725223116362,rebalance_exit,266314.6275
2019-06-28,AT,-0.04289297557738392,-0.04289297557738392,rebalance_exit,183374.7403125
2019-06-28,GOODM,0.006833532771032713,0.006833532771032935,rebalance_exit,6489.526376953126
2019-06-28,MLVF,0.08971531767278917,0.08971531767278917,rebalance_exit,17517.295424804688
2019-06-28,PRA,0.04884578840024334,0.050600427912167456,rebalance_exit,695324.5711291458
2019-06-28,IHC,0.10427797527655569,0.10427797527655569,rebalance_exit,35845.82953125
2019-06-28,TVPT,0.0006353688990288209,0.0006353688990285988,rebalance_exit,695324.5711291458
2019-06-28,PWOD,0.10822167375431446,0.1134088291603279,rebalance_exit,48271.504296875006
2019-06-28,AIY,-0.00963391108477496,-0.00963391108477496,rebalance_exit,20950.038935546876
2019-06-28,SNCA,-0.036006801620072415,-0.036006801620072526,rebalance_exit,18647.514033203126
2019-08-12,THR,-0.16062374242330846,-0.16062374242330846,stop_loss_exit,499750.43125
2019-08-14,AI_old1,-0.16100478586051092,-0.16100478586051092,stop_loss_exit,340684.351875
2019-08-14,ATRI,-0.15327071677831117,-0.15327071677831106,stop_loss_exit,759839.9393860083
2019-08-14,AAIC,-0.1609748850343975,-0.1609748850343976,stop_loss_exit,340684.351875
2019-08-20,DHIL,-0.15600669129491318,-0.15600669129491307,stop_loss_exit,244484.3884375
2019-08-23,FFG,-0.15478726666440534,-0.15451987627005492,stop_loss_exit,238695.84125000003
2019-09-30,CHSP,0.21366891012572942,0.2136689101257292,rebalance_exit,132614.01984450791
2019-09-30,KNL,0.5663357073588575,0.5663357073588575,rebalance_exit,392850.7003046602
2019-09-30,CAPD,0.2151067822773025,0.2151067822773025,rebalance_exit,320073.00281250005
2019-09-30,GPP,0.07308666324460122,0.07618449617036127,rebalance_exit,182671.85171875
2019-09-30,ROIC,0.18328828784726348,0.18762349066959394,rebalance_exit,392850.7003046602
2019-09-30,ABTX,-0.05904305286419009,-0.05422061898817021,rebalance_exit,321311.45375000004
2019-09-30,FLIC,0.03895116861248216,0.04093357376116269,rebalance_exit,179155.93000000002
2019-09-30,MTSC,0.022871710841515736,0.02546054962852784,rebalance_exit,617322.14125
2019-09-30,AINV,0.1186763256835941,0.12100150361588291,rebalance_exit,684177.3975
2019-09-30,CVCY,-0.06328808281187659,-0.052165764681143645,rebalance_exit,54831.28062500001
2019-09-30,NRE,0.04220429933075209,0.04220429933075187,rebalance_exit,496930.200625
2019-09-30,FCBP,-0.05905558771242614,-0.05372740557863742,rebalance_exit,84300.05679687501
2019-09-30,ACBI,0.012850426551985317,0.012850426551985095,rebalance_exit,223469.58093750002
2019-09-30,EMCI,0.004974761102378045,0.004974761102378045,rebalance_exit,91669.09171875002
2019-11-08,CLNC,-0.1848751708263363,-0.1848751708263363,stop_loss_exit,571523.87875
2019-11-08,DENN,-0.15496846300616707,-0.1528797017313912,stop_loss_exit,1023955.4064782512
2019-12-31,BFIN,0.21394843989591394,0.22002408650039307,rebalance_exit,11743.983525
2019-12-31,ORIT,0.4575724937633978,0.4575724937633978,rebalance_exit,106133.78180860085
2019-12-31,VVI,0.44011394579059004,0.44564919766710975,rebalance_exit,141250.6215
2019-12-31,CORRQ,0.18972849670076397,0.1897284967007642,rebalance_exit,59731.740625000006
2019-12-31,FFIC,0.03308866823006462,0.035350280714532945,rebalance_exit,145219.07093750002
2019-12-31,SP,0.4351393316684582,0.43635744719537106,rebalance_exit,340231.28187500004
2019-12-31,JCAP_old,0.03507575263660878,0.03507575263660856,rebalance_exit,392850.7003046602
2019-12-31,CARO,0.4674106888356966,0.4701631386137852,rebalance_exit,343785.965625
2019-12-31,AYR,0.9417760961546715,0.9437026041532981,rebalance_exit,392850.7003046602
2019-12-31,SYKE,0.34438449012589456,0.34705036095150166,rebalance_exit,568097.29125
2019-12-31,PRETM,-0.07400015129952475,-0.07400015129952486,rebalance_exit,33287.46
2019-12-31,CTT,0.12617209910552307,0.12617209910552307,rebalance_exit,248701.23187500003
2019-12-31,ATAX,0.11505311325200895,0.11505311325200895,rebalance_exit,98550.719921875
2019-12-31,PRTMQ,-0.07400015129952475,-0.07400015129952486,rebalance_exit,33287.46
2019-12-31,PMBC,0.07329213373168963,0.07911816843427033,rebalance_exit,27676.84140625
2019-12-31,OLBK,-0.00620476745107279,-0.00620476745107279,rebalance_exit,298718.5165625
2019-12-31,WDR,-0.014189133294551515,-0.014189133294551515,rebalance_exit,1023955.4064782512
2019-12-31,CLI,0.07349997970083622,0.07512014722496274,rebalance_exit,1023955.4064782512
2020-01-29,PRA,-0.1674061304909732,-0.1674061304909732,stop_loss_exit,844641.7458483246
2020-02-18,BHLB,-0.1604190409241173,-0.16041904092411718,stop_loss_exit,659654.005
2020-02-26,PRETL,-0.2354165987475515,-0.2354165987475516,stop_loss_exit,68685.351015625
2020-02-27,ANH,0.24177552354661613,0.2417755235466159,crash_overlay_exit,25125.516064942698
2020-02-27,BMTC,0.48503402121505435,0.48503402121505457,crash_overlay_exit,46109.26785
2020-02-27,ESSA,0.31087385162797254,0.3133857483562268,crash_overlay_exit,29006.88856875
2020-02-27,AJX,0.38449858742656295,0.38449858742656273,crash_overlay_exit,10799.958618749999
2020-02-27,WMC,0.4471532553306259,0.44715325533062567,crash_overlay_exit,79568.41190670474
2020-02-27,BOKFL,0.29972709600588754,0.29972709600588754,crash_overlay_exit,24669.382912500005
2020-02-27,CORLQ,0.25740557267063124,0.25740557267063124,crash_overlay_exit,3983.94320390625
2020-02-27,RPT_old,0.7034681070784714,0.7034681070784712,crash_overlay_exit,13951.308637500004
2020-02-27,HTBI,-0.024616777325606187,-0.024616777325606076,crash_overlay_exit,32339.958131249998
2020-02-27,PCSB,-0.012457838618036954,-0.012457838618036954,crash_overlay_exit,22091.834850000003
2020-02-27,CCLDP,0.3408064599786642,0.34080645997866377,crash_overlay_exit,6642.128521875
2020-02-27,COWNL,0.16256878862309843,0.16256878862309843,crash_overlay_exit,25137.36890625
2020-02-27,SASR,0.06214618722936982,0.06214618722936982,crash_overlay_exit,216869.57925
2020-02-27,PFC,0.02615978008016695,0.02615978008016695,crash_overlay_exit,85873.239375
2020-02-27,PJC,0.23760975989002664,0.23760975989002642,crash_overlay_exit,235710.4201827961
2020-02-27,SBBX,0.11972855477778288,0.11972855477778288,crash_overlay_exit,26468.431265625004
2020-02-27,SLCT,-0.12337323697062985,-0.12337323697062985,crash_overlay_exit,51732.42853125001
2020-02-27,FDEF,0.02616050922370894,0.02616050922370894,crash_overlay_exit,99797.50050000001
2020-02-27,RZA,0.1634289755636671,0.16342897556366687,crash_overlay_exit,115739.0308125
2020-02-27,EBSB,0.1864757846295202,0.1864757846295202,crash_overlay_exit,170269.853625
2020-02-27,OPINI,0.22301812783503472,0.2230181278350345,crash_overlay_exit,42732.197015624995
2020-02-27,UCFC,0.2666203691467006,0.2666203691467004,crash_overlay_exit,84725.722875
2020-02-27,CMO,0.19223158284849218,0.19223158284849218,crash_overlay_exit,235710.4201827961
2020-02-27,PBFX,-0.03623303913643372,-0.03623303913643372,crash_overlay_exit,127996.31653125
2020-02-27,LBC,-0.027452238287846598,-0.02423928753368687,crash_overlay_exit,75891.55265625
2020-02-27,STXB,-0.1652525725658479,-0.15497083780490162,crash_overlay_exit,62352.002296875005
2020-02-27,BOCH,0.005275589089704269,0.005275589089704047,crash_overlay_exit,26259.582117187503
2020-02-27,EVA,0.20802842517377784,0.20802842517377762,crash_overlay_exit,113887.82662500002
2020-02-27,LMRKO,0.06494045022547001,0.06494045022547001,crash_overlay_exit,11045.94680859375
2020-02-27,RVIC,-0.1456609041301149,-0.145660904130115,crash_overlay_exit,246845.65500000003
2020-02-27,BRKL_old,-0.022289367804563254,-0.022289367804563254,crash_overlay_exit,291239.78849999997
2020-02-27,IBKCN,0.027967174380827853,0.027967174380827853,crash_overlay_exit,25478.460187499997
2020-02-27,VBTX,0.04162575525166723,0.04162575525166745,crash_overlay_exit,577825.9395
2020-02-27,MLVF,-0.08795236294109843,-0.08795236294109843,crash_overlay_exit,21321.0751640625
2020-02-27,HTBK,-0.07714214287387489,-0.077142142873875,crash_overlay_exit,154956.350625
2020-02-27,DHIL,-0.03472666791419632,-0.03472666791419621,crash_overlay_exit,125524.14318750001
2020-02-27,PWOD,-0.02531504856008826,-0.02531504856008826,crash_overlay_exit,18574.8149296875
2020-02-27,MCBC,-0.047498346317175866,-0.03938362514090732,crash_overlay_exit,29315.018484375
2020-02-27,PRTNQ,-0.17332985617882846,-0.17332985617882846,crash_overlay_exit,58515.8844375
2020-02-27,RMRM,-0.003962315564235874,-0.003962315564235985,crash_overlay_exit,54094.602
2020-02-27,CSWI,-0.08617096462239193,-0.08617096462239182,crash_overlay_exit,222662.3625
2020-02-27,ENFC,-0.0004913746403575336,-0.0004913746403575336,crash_overlay_exit,44829.066785156254
2020-02-27,CSTR,-0.15155678816690976,-0.15155678816690987,crash_overlay_exit,60389.922562499996
2020-02-27,FLIC,-0.15021650746482973,-0.15021650746482984,crash_overlay_exit,71197.6185
2020-02-27,VWTR,-0.13351162723884125,-0.13351162723884136,crash_overlay_exit,30068.246625
2020-02-27,IHC,-0.11940838368858431,-0.1088396528836586,crash_overlay_exit,22113.8104453125
2020-02-27,BKCC,-0.06713851233086698,-0.06713851233086698,crash_overlay_exit,215114.796
2020-02-27,LBAI,-0.132391723845541,-0.1323917238455411,crash_overlay_exit,115020.2255625
2020-02-27,STAR,0.08890377721507026,0.08890377721507026,crash_overlay_exit,506785.04750899476
2020-02-27,NCBS,-0.0732409607772403,-0.0732409607772403,crash_overlay_exit,261338.22674999997
2020-02-27,HTLF,-0.0841244885643001,-0.0841244885643001,crash_overlay_exit,295489.508625
2020-02-27,FFG,-0.16864604504592984,-0.16864604504592995,crash_overlay_exit,124115.3724375
2020-02-27,FFWM,-0.15166350939560014,-0.15166350939560003,crash_overlay_exit,94669.65271875
2020-02-27,TPRE,-0.10129321175947759,-0.10129321175947759,crash_overlay_exit,361169.74124999996
2020-02-27,DENN,-0.0960764551329315,-0.0960764551329315,crash_overlay_exit,506785.04750899476
2020-02-27,SVBI,-0.11853164518472714,-0.11853164518472703,crash_overlay_exit,5383.264904296876
2020-02-27,WAIR,0.0015558326880960038,0.0015558326880960038,crash_overlay_exit,367704.005625
2020-02-27,VER,-0.03571473720848395,-0.03571473720848395,crash_overlay_exit,506785.04750899476
2020-02-27,AMBC,-0.08559648247927054,-0.07942050699413261,crash_overlay_exit,397988.565
2020-02-27,STXB,-0.16525257256584813,-0.15497083780490162,stop_loss_exit,41568.00153125001
2020-02-27,PRTNQ,-0.17332985617882857,-0.17332985617882846,stop_loss_exit,39010.589625
2020-02-27,CSTR,-0.15155678816690987,-0.15155678816690987,stop_loss_exit,40259.94837500001
2020-02-27,FLIC,-0.15021650746482995,-0.15021650746482984,stop_loss_exit,47465.07900000001
2020-02-27,FFG,-0.16864604504593006,-0.16864604504592995,stop_loss_exit,82743.581625
2020-02-27,FFWM,-0.15166350939560003,-0.15166350939560003,stop_loss_exit,63113.10181250001
2020-02-28,BMTC,0.4200959216194333,0.4200959216194333,sector_crash_overlay_exit,18443.707140000002
2020-02-28,ESSA,0.3371080110359468,0.3401252922612823,sector_crash_overlay_exit,11602.7554275
2020-02-28,BOKFL,0.28607934248353795,0.2860793424835377,sector_crash_overlay_exit,9867.753165000002
2020-02-28,CORLQ,0.22827081961359585,0.23784643594592314,sector_crash_overlay_exit,1593.5772815625
2020-02-28,HTBI,-0.06476430533261557,-0.06476430533261535,sector_crash_overlay_exit,12935.9832525
2020-02-28,PCSB,-0.022570887736757528,-0.022570887736757195,sector_crash_overlay_exit,8836.733940000004
2020-02-28,SASR,0.014960622312377492,0.01496062231237727,sector_crash_overlay_exit,86747.8317
2020-02-28,PFC,0.007001166602642828,0.007001166602642828,sector_crash_overlay_exit,34349.295750000005
2020-02-28,SBBX,0.08555705745314546,0.08555705745314546,sector_crash_overlay_exit,10587.372506250002
2020-02-28,SLCT,-0.15243266088420449,-0.15243266088420449,sector_crash_overlay_exit,20692.971412500003
2020-02-28,FDEF,0.007002787138506328,0.007002787138506328,sector_crash_overlay_exit,39919.0002
2020-02-28,EBSB,0.16738905335504595,0.16738905335504617,sector_crash_overlay_exit,68107.94145
2020-02-28,OPINI,0.1872249076508281,0.1889815541530615,sector_crash_overlay_exit,17092.87880625
2020-02-28,UCFC,0.2666203691467004,0.2666203691467004,sector_crash_overlay_exit,33890.289150000004
2020-02-28,LBC,-0.02703850552072007,-0.02703850552072018,sector_crash_overlay_exit,30356.6210625
2020-02-28,BOCH,-0.008476518898855034,-0.008476518898855256,sector_crash_overlay_exit,10503.832846875
2020-02-28,BRKL_old,-0.04969581994562322,-0.04969581994562311,sector_crash_overlay_exit,116495.9154
2020-02-28,IBKCN,-0.013061351080369987,0.00233459106607925,sector_crash_overlay_exit,10191.384075
2020-02-28,MLVF,-0.12414104873769438,-0.12414104873769427,sector_crash_overlay_exit,8528.430065625002
2020-02-28,PWOD,-0.02041780982351782,-0.012214699808775098,sector_crash_overlay_exit,7429.925971875001
2020-02-28,MCBC,-0.061768639954519866,-0.061768639954519644,sector_crash_overlay_exit,11726.007393750002
2020-02-28,RMRM,-0.08663251481204381,-0.08663251481204393,sector_crash_overlay_exit,21637.840799999998
2020-02-28,ENFC,-0.0004913746403574226,-0.0004913746403575336,sector_crash_overlay_exit,17931.6267140625
2020-02-28,LBAI,-0.1679176879744536,-0.1679176879744534,sector_crash_overlay_exit,46008.09022500001
2020-02-28,NCBS,-0.10333233758784233,-0.10333233758784233,sector_crash_overlay_exit,104535.29070000001
2020-02-28,HTLF,-0.1370882723367275,-0.1370882723367276,sector_crash_overlay_exit,118195.80345
2020-02-28,SVBI,-0.14101691496194846,-0.14101691496194868,sector_crash_overlay_exit,2153.30596171875
2020-02-28,AMBC,-0.11266114595933152,-0.11266114595933174,sector_crash_overlay_exit,159195.426
2020-02-28,SLCT,-0.1524326608842046,-0.15243266088420449,stop_loss_exit,13795.314275000004
2020-02-28,RVIC,-0.2109461657724362,-0.2109461657724362,stop_loss_exit,164563.77000000002
2020-02-28,LBAI,-0.1679176879744535,-0.1679176879744534,stop_loss_exit,30672.060150000005
2020-02-28,TPRE,-0.15616161898196368,-0.15616161898196357,stop_loss_exit,240779.8275
2020-03-03,ANH,0.23846767782389122,0.2417755235466159,crash_overlay_exit,10050.20642597708
2020-03-03,BMTC,0.43907084509544236,0.45598318145189576,crash_overlay_exit,7377.482856000001
2020-03-03,ESSA,0.3328395370996948,0.3328395370996946,crash_overlay_exit,4641.1021709999995
2020-03-03,AJX,0.40095043846615286,0.4009504384661531,crash_overlay_exit,4319.9834475
2020-03-03,WMC,0.48591144536664443,0.4969566707809925,crash_overlay_exit,31827.3647626819
2020-03-03,BOKFL,0.3115049863734265,0.3115049863734265,crash_overlay_exit,3947.1012660000006
2020-03-03,CORLQ,0.27140802449354307,0.27438691587329167,crash_overlay_exit,637.430912625
2020-03-03,RPT_old,0.7237071758890175,0.7237071758890175,crash_overlay_exit,5580.523455000001
2020-03-03,HTBI,-0.07387577581254123,-0.06752120947680462,crash_overlay_exit,5174.393301000001
2020-03-03,PCSB,-0.025195243197587147,-0.020441193369681976,crash_overlay_exit,3534.693576000001
2020-03-03,CCLDP,0.31708220065777715,0.3225105379275952,crash_overlay_exit,2656.8514087500002
2020-03-03,COWNL,0.2043602160861986,0.20436021608619837,crash_overlay_exit,10054.9475625
2020-03-03,SASR,0.05441221231871851,0.05488685752860678,crash_overlay_exit,34699.13268
2020-03-03,PFC,0.05499256701520272,0.062374721423837265,crash_overlay_exit,13739.718300000004
2020-03-03,PJC,0.23760975989002664,0.23760975989002642,crash_overlay_exit,94284.16807311845
2020-03-03,SBBX,0.053820576657211516,0.06475363950786295,crash_overlay_exit,4234.9490025000005
2020-03-03,FDEF,0.054992450182199004,0.0623746037733115,crash_overlay_exit,15967.600079999998
2020-03-03,RZA,0.13833958900322574,0.14328445213683572,crash_overlay_exit,46295.61232500001
2020-03-03,EBSB,0.14666260694602928,0.16879608375409338,crash_overlay_exit,27243.176579999996
2020-03-03,OPINI,0.2254180435770412,0.22541804357704143,crash_overlay_exit,6837.1515225
2020-03-03,UCFC,0.2666203691467004,0.2666203691467004,crash_overlay_exit,13556.115660000005
2020-03-03,CMO,0.20336973559131466,0.20336973559131466,crash_overlay_exit,94284.16807311845
2020-03-03,PBFX,-0.07822126936180074,-0.06578955179124102,crash_overlay_exit,51198.52661250001
2020-03-03,LBC,-0.05630241797157154,-0.043823464238517684,crash_overlay_exit,12142.648425000001
2020-03-03,BOCH,-0.04562801376700709,-0.040248578476813845,crash_overlay_exit,4201.53313875
2020-03-03,EVA,0.23545161673309312,0.2417720399447807,crash_overlay_exit,45555.13065000001
2020-03-03,LMRKO,0.06288581678566474,0.06288581678566474,crash_overlay_exit,4418.3787234374995
2020-03-03,BRKL_old,-0.048276473441156376,-0.03325015479265481,crash_overlay_exit,46598.36616
2020-03-03,IBKCN,0.012281127378591439,0.01228112737859166,crash_overlay_exit,4076.553630000001
2020-03-03,VBTX,-0.021231444162036928,-0.006095682932812596,crash_overlay_exit,231130.37579999995
2020-03-03,MLVF,-0.14521301362220884,-0.14521301362220884,crash_overlay_exit,3411.3720262500005
2020-03-03,HTBK,-0.09776068260734039,-0.09184303040673325,crash_overlay_exit,61982.540250000005
2020-03-03,DHIL,-0.04855475801627318,-0.02778194988870719,crash_overlay_exit,50209.657275000005
2020-03-03,PWOD,-0.02073012619249348,-0.02073012619249337,crash_overlay_exit,2971.970388750001
2020-03-03,MCBC,-0.08797174156725851,-0.07636698930634644,crash_overlay_exit,4690.4029575
2020-03-03,RMRM,-0.05098869217478863,-0.05098869217478874,crash_overlay_exit,8655.13632
2020-03-03,CSWI,-0.09448233358642355,-0.09448233358642344,crash_overlay_exit,89064.945
2020-03-03,ENFC,-0.0004913746403575336,-0.0004913746403575336,crash_overlay_exit,7172.650685625001
2020-03-03,VWTR,-0.15319868194067954,-0.14248143498585752,crash_overlay_exit,12027.29865
2020-03-03,IHC,-0.14196748600586817,-0.13212983738464112,crash_overlay_exit,8845.524178125
2020-03-03,BKCC,-0.06114094056624875,-0.06114094056624886,crash_overlay_exit,86045.91840000001
2020-03-03,STAR,0.09445241418634964,0.09445241418634964,crash_overlay_exit,202714.0190035979
2020-03-03,NCBS,-0.08875893259571044,-0.08875893259571055,crash_overlay_exit,41814.11628
2020-03-03,HTLF,-0.13311281688197374,-0.1213809659642403,crash_overlay_exit,47278.32138
2020-03-03,DENN,-0.17333322252567052,-0.16800796711454502,crash_overlay_exit,202714.0190035979
2020-03-03,SVBI,-0.15985330365023032,-0.14316101032511974,crash_overlay_exit,861.3223846875002
2020-03-03,WAIR,0.0015558326880955597,0.0015558326880960038,crash_overlay_exit,147081.60225000003
2020-03-03,VER,-0.03787958367791433,-0.03787958367791433,crash_overlay_exit,202714.0190035979
2020-03-03,AMBC,-0.12651135348985,-0.1265113534898501,crash_overlay_exit,63678.1704
2020-03-03,DENN,-0.1733332225256704,-0.16800796711454502,stop_loss_exit,135142.67933573195
2020-03-05,ANH,0.21240399708418223,0.21240399708418178,crash_overlay_exit,4020.0825703908313
2020-03-05,BMTC,0.40385921913216993,0.4038592191321697,crash_overlay_exit,2950.9931424000006
2020-03-05,ESSA,0.23155536072467675,0.23155536072467697,crash_overlay_exit,1856.4408684000002
2020-03-05,AJX,0.3627118380587122,0.3699667144426062,crash_overlay_exit,1727.9933789999998
2020-03-05,WMC,0.5076802868780976,0.5154555788034925,crash_overlay_exit,12730.945905072762
2020-03-05,BOKFL,0.31066103640071985,0.31330288707286913,crash_overlay_exit,1578.8405064000003
2020-03-05,CORLQ,0.26820817074300507,0.26820817074300507,crash_overlay_exit,254.97236505
2020-03-05,RPT_old,0.6766775977497035,0.6855962047575344,crash_overlay_exit,2232.209382000001
2020-03-05,HTBI,-0.09546854943892369,-0.09546854943892347,crash_overlay_exit,2069.7573204000005
2020-03-05,PCSB,-0.05652091889161004,-0.05291550718043114,crash_overlay_exit,1413.8774304000005
2020-03-05,CCLDP,0.31558341525085987,0.3155834152508601,crash_overlay_exit,1062.7405635000002
2020-03-05,COWNL,0.1974931152569499,0.1974931152569499,crash_overlay_exit,4021.979025
2020-03-05,SASR,0.030138844294676392,0.030138844294676392,crash_overlay_exit,13879.653072000005
2020-03-05,PFC,0.041632790787985874,0.04763605626848855,crash_overlay_exit,5495.887320000003
2020-03-05,PJC,0.23760975989002642,0.23760975989002642,crash_overlay_exit,37713.66722924738
2020-03-05,SBBX,0.02909909937020494,0.029099099370204717,crash_overlay_exit,1693.9796010000002
2020-03-05,FDEF,0.04163487976915503,0.047638157289129346,crash_overlay_exit,6387.040032
2020-03-05,RZA,0.1323066513185478,0.1351386293414909,crash_overlay_exit,18518.244930000004
2020-03-05,EBSB,0.1596099203369461,0.1596099203369461,crash_overlay_exit,10897.270631999998
2020-03-05,OPINI,0.2120517003057445,0.21486894716636984,crash_overlay_exit,2734.860609
2020-03-05,UCFC,0.2666203691467002,0.2666203691467004,crash_overlay_exit,5422.446264000003
2020-03-05,CMO,0.2192571185882295,0.21925711858822905,crash_overlay_exit,37713.66722924738
2020-03-05,PBFX,-0.12287135690845108,-0.1228713569084513,crash_overlay_exit,20479.410645000004
2020-03-05,LBC,-0.06621701469171126,-0.06621701469171126,crash_overlay_exit,4857.059370000001
2020-03-05,BOCH,-0.05696195134108406,-0.050681137399445686,crash_overlay_exit,1680.6132555000002
2020-03-05,EVA,0.24784462423400444,0.247844624234004,crash_overlay_exit,18222.05226
2020-03-05,LMRKO,0.06614888241542838,0.06919990960799072,crash_overlay_exit,1767.3514893749998
2020-03-05,BRKL_old,-0.0734720545593538,-0.0633990460161531,crash_overlay_exit,18639.346464
2020-03-05,IBKCN,0.027745966113545295,0.027745966113545517,crash_overlay_exit,1630.6214520000005
2020-03-05,VBTX,-0.026643378988236988,-0.02560187625694943,crash_overlay_exit,92452.15032
2020-03-05,MLVF,-0.18090064558571717,-0.1791113083406879,crash_overlay_exit,1364.5488105000002
2020-03-05,HTBK,-0.13163541450516203,-0.13163541450516214,crash_overlay_exit,24793.016100000004
2020-03-05,DHIL,-0.0439859585212834,-0.04398595852128351,crash_overlay_exit,20083.86291
2020-03-05,PWOD,-0.05977370049110042,-0.05937675409496146,crash_overlay_exit,1188.7881555000004
2020-03-05,MCBC,-0.09371681858162739,-0.09096544674925666,crash_overlay_exit,1876.1611830000004
2020-03-05,RMRM,-0.04009238228565981,-0.03812097011673965,crash_overlay_exit,3462.054528000001
2020-03-05,CSWI,-0.07576146574400022,-0.06487437136126573,crash_overlay_exit,35625.978
2020-03-05,ENFC,-0.0004913746403575336,-0.0004913746403575336,crash_overlay_exit,2869.0602742500005
2020-03-05,VWTR,-0.11072556482292839,-0.09045625920614042,crash_overlay_exit,4810.919460000001
2020-03-05,IHC,-0.14492684218044882,-0.1440107237143634,crash_overlay_exit,3538.209671250001
2020-03-05,BKCC,-0.07516866646524223,-0.075168666465242,crash_overlay_exit,34418.36736000001
2020-03-05,STAR,0.11292423851029354,0.11664659324422844,crash_overlay_exit,81085.60760143917
2020-03-05,NCBS,-0.11048407255155646,-0.11048407255155623,crash_overlay_exit,16725.646512000003
2020-03-05,HTLF,-0.14937328514288362,-0.1493732851428835,crash_overlay_exit,18911.328552000003
2020-03-05,SVBI,-0.15806971720146645,-0.15806971720146656,crash_overlay_exit,344.52895387500007
2020-03-05,WAIR,0.0015558326880957818,0.0015558326880960038,crash_overlay_exit,58832.640900000006
2020-03-05,VER,-0.02629608097671987,-0.018398602958717536,crash_overlay_exit,81085.60760143917
2020-03-05,AMBC,-0.13343645725510944,-0.13343645725510933,crash_overlay_exit,25471.268160000007
2020-03-05,BMTC,0.40385921913216993,0.4038592191321697,sector_crash_overlay_exit,1180.3972569600003
2020-03-05,ESSA,0.23155536072467675,0.23155536072467697,sector_crash_overlay_exit,742.5763473600002
2020-03-05,BOKFL,0.31066103640071985,0.31330288707286913,sector_crash_overlay_exit,631.5362025600002
2020-03-05,CORLQ,0.26820817074300507,0.26820817074300507,sector_crash_overlay_exit,101.98894602
2020-03-05,HTBI,-0.0954685494389238,-0.09546854943892347,sector_crash_overlay_exit,827.9029281600002
2020-03-05,PCSB,-0.05652091889160982,-0.05291550718043114,sector_crash_overlay_exit,565.5509721600001
2020-03-05,SASR,0.030138844294676392,0.030138844294676392,sector_crash_overlay_exit,5551.861228800002
2020-03-05,PFC,0.04163279078798632,0.04763605626848855,sector_crash_overlay_exit,2198.3549280000007
2020-03-05,SBBX,0.02909909937020494,0.029099099370204717,sector_crash_overlay_exit,677.5918404000003
2020-03-05,FDEF,0.04163487976915503,0.047638157289129346,sector_crash_overlay_exit,2554.8160128000004
2020-03-05,EBSB,0.15960992033694632,0.1596099203369461,sector_crash_overlay_exit,4358.9082528
2020-03-05,OPINI,0.2120517003057445,0.21486894716636984,sector_crash_overlay_exit,1093.9442436000002
2020-03-05,UCFC,0.2666203691467004,0.2666203691467004,sector_crash_overlay_exit,2168.9785056000014
2020-03-05,LBC,-0.06621701469171115,-0.06621701469171126,sector_crash_overlay_exit,1942.8237480000003
2020-03-05,BOCH,-0.05696195134108395,-0.050681137399445686,sector_crash_overlay_exit,672.2453022000001
2020-03-05,BRKL_old,-0.07347205455935402,-0.0633990460161531,sector_crash_overlay_exit,7455.738585600001
2020-03-05,IBKCN,0.027745966113545295,0.027745966113545517,sector_crash_overlay_exit,652.2485808000002
2020-03-05,MLVF,-0.18090064558571728,-0.1791113083406879,sector_crash_overlay_exit,545.8195242000002
2020-03-05,PWOD,-0.05977370049109998,-0.05937675409496146,sector_crash_overlay_exit,475.5152622000001
2020-03-05,MCBC,-0.09371681858162773,-0.09096544674925666,sector_crash_overlay_exit,750.4644732000003
2020-03-05,RMRM,-0.04009238228565948,-0.03812097011673965,sector_crash_overlay_exit,1384.8218112000002
2020-03-05,ENFC,-0.0004913746403574226,-0.0004913746403575336,sector_crash_overlay_exit,1147.6241097000002
2020-03-05,NCBS,-0.11048407255155634,-0.11048407255155623,sector_crash_overlay_exit,6690.258604800002
2020-03-05,HTLF,-0.14937328514288362,-0.1493732851428835,sector_crash_overlay_exit,7564.5314208
2020-03-05,SVBI,-0.15806971720146645,-0.15806971720146656,sector_crash_overlay_exit,137.81158155000006
2020-03-05,AMBC,-0.13343645725510933,-0.13343645725510933,sector_crash_overlay_exit,10188.507264000002
2020-03-05,MLVF,-0.1809006455857175,-0.1791113083406879,stop_loss_exit,363.8796828000002
2020-03-05,SVBI,-0.15806971720146634,-0.15806971720146656,stop_loss_exit,91.87438770000003
2020-03-06,PBFX,-0.1758777871166013,-0.1758777871166015,stop_loss_exit,13652.940430000002
2020-03-06,HTBK,-0.16190410227852814,-0.16190410227852836,stop_loss_exit,16528.677400000004
2020-03-06,HTLF,-0.1763563195239498,-0.1763563195239497,stop_loss_exit,5043.020947200001
2020-03-09,HTBI,-0.24228669938183267,-0.24228669938183245,stop_loss_exit,551.9352854400003
2020-03-09,PCSB,-0.19293133624588676,-0.192931336245887,stop_loss_exit,377.03398144000016
2020-03-09,BRKL_old,-0.1740532273234956,-0.17405322732349537,stop_loss_exit,4970.492390400002
2020-03-09,VBTX,-0.27625400952841217,-0.2762540095284123,stop_loss_exit,61634.766879999996
2020-03-09,MCBC,-0.17953063252304546,-0.17953063252304513,stop_loss_exit,500.3096488000002
2020-03-09,VWTR,-0.17836092260364866,-0.17836092260364866,stop_loss_exit,3207.2796400000007
2020-03-09,IHC,-0.16088382151148806,-0.16088382151148828,stop_loss_exit,2358.8064475000006
2020-03-09,BKCC,-0.18752385542060568,-0.18752385542060557,stop_loss_exit,22945.57824000001
2020-03-09,NCBS,-0.20021828137892306,-0.20021828137892284,stop_loss_exit,4460.172403200001
2020-03-09,AMBC,-0.22115464374916016,-0.22115464374916027,stop_loss_exit,6792.338176000003
2020-03-10,RMRM,-0.17211732026335813,-0.1717853050064465,stop_loss_exit,923.2145408000003
2020-03-11,ANH,0.010329790106593517,0.010329790106593517,crash_overlay_exit,1608.0330281563326
2020-03-11,BMTC,0.20349263059896971,0.20349263059896971,crash_overlay_exit,472.15890278400025
2020-03-11,ESSA,0.09138248304042906,0.09138248304042929,crash_overlay_exit,297.03053894400006
2020-03-11,AJX,0.22367752675253594,0.2324986376249092,crash_overlay_exit,691.1973515999998
2020-03-11,WMC,0.28437125430041865,0.29774260290633037,crash_overlay_exit,5092.378362029106
2020-03-11,BOKFL,0.26154305784870213,0.26462028601623544,crash_overlay_exit,252.61448102400007
2020-03-11,CORLQ,-0.18575115345478965,-0.18575115345478954,crash_overlay_exit,40.795578408000004
2020-03-11,RPT_old,0.5055692369807074,0.5164252368349753,crash_overlay_exit,892.8837528000005
2020-03-11,CCLDP,0.2844239419104293,0.2915023992789585,crash_overlay_exit,425.09622540000004
2020-03-11,COWNL,0.061008189839705906,0.061008189839705906,crash_overlay_exit,1608.79161
2020-03-11,SASR,-0.16090981374986968,-0.16090981374986957,crash_overlay_exit,2220.7444915200012
2020-03-11,PFC,-0.11910858642026934,-0.11910858642026922,crash_overlay_exit,879.3419712000004
2020-03-11,PJC,0.23760975989002664,0.23760975989002642,crash_overlay_exit,15085.466891698952
2020-03-11,SBBX,-0.11854525253044634,-0.11352893357705884,crash_overlay_exit,271.0367361600001
2020-03-11,FDEF,-0.11911068907274447,-0.11911068907274447,crash_overlay_exit,1021.9264051200003
2020-03-11,RZA,0.10923534661088419,0.11455924668654549,crash_overlay_exit,7407.297972
2020-03-11,EBSB,-0.002314844542431471,-0.00231484454243136,crash_overlay_exit,1743.5633011200002
2020-03-11,OPINI,0.1935446033600492,0.19761061953223802,crash_overlay_exit,437.5776974400001
2020-03-11,UCFC,0.2666203691467006,0.2666203691467004,crash_overlay_exit,867.5914022400004
2020-03-11,CMO,0.03803176541994624,0.038031765419945796,crash_overlay_exit,15085.466891698952
2020-03-11,LBC,-0.19588234173285735,-0.19588234173285723,crash_overlay_exit,777.1294992000002
2020-03-11,BOCH,-0.1963489239513,-0.1910373965343768,crash_overlay_exit,268.89812088
2020-03-11,EVA,0.05472825469037823,0.059893446047484034,crash_overlay_exit,7288.820904000002
2020-03-11,LMRKO,-0.04107805909348006,-0.02804063204974505,crash_overlay_exit,706.9405957499999
2020-03-11,IBKCN,-0.058877187219346205,-0.05887718721934576,crash_overlay_exit,260.89943232000013
2020-03-11,DHIL,-0.16451024102763612,-0.16451024102763612,crash_overlay_exit,8033.545164000002
2020-03-11,PWOD,-0.1793018315200735,-0.16052803115513947,crash_overlay_exit,190.20610488000008
2020-03-11,CSWI,-0.1089611184578193,-0.10292422366330345,crash_overlay_exit,14250.3912
2020-03-11,ENFC,-0.0004913746403577557,-0.0004913746403575336,crash_overlay_exit,459.0496438800001
2020-03-11,STAR,0.008450293060902725,0.008450293060902725,crash_overlay_exit,32434.243040575668
2020-03-11,WAIR,0.0015558326880962259,0.0015558326880960038,crash_overlay_exit,23533.05636
2020-03-11,VER,-0.19264014045354338,-0.1926401404535436,crash_overlay_exit,32434.243040575668
2020-03-11,CORLQ,-0.18575115345478954,-0.18575115345478954,stop_loss_exit,27.197052272
2020-03-11,SASR,-0.16090981374986957,-0.16090981374986957,stop_loss_exit,1480.4963276800008
2020-03-11,LBC,-0.19588234173285723,-0.19588234173285723,stop_loss_exit,518.0863328000002
2020-03-11,BOCH,-0.1963489239513002,-0.1910373965343768,stop_loss_exit,179.26541392000007
2020-03-11,DHIL,-0.16451024102763612,-0.16451024102763612,stop_loss_exit,5355.696776000002
2020-03-11,PWOD,-0.17930183152007306,-0.16052803115513947,stop_loss_exit,126.80406992000005
2020-03-11,VER,-0.19264014045354338,-0.1926401404535436,stop_loss_exit,21622.828693717114
2020-03-12,ANH,-0.23215099941940787,-0.23215099941940798,stop_loss_exit,1072.0220187708885
2020-03-12,PFC,-0.22059109629035678,-0.2205910962903569,stop_loss_exit,586.2279808000003
2020-03-12,SBBX,-0.18553564546400958,-0.16305409605330734,stop_loss_exit,180.69115744000004
2020-03-12,FDEF,-0.22058778466806706,-0.2205877846680674,stop_loss_exit,681.2842700800002
2020-03-12,LMRKO,-0.3681619528313931,-0.3681619528313932,stop_loss_exit,471.2937304999999
2020-03-12,IBKCN,-0.15796312090508535,-0.15796312090508535,stop_loss_exit,173.93295488000007
2020-03-12,CSWI,-0.19434496205947738,-0.19434496205947716,stop_loss_exit,9500.260800000002
2020-03-16,BMTC,0.010812627126598695,0.010812627126598695,crash_overlay_exit,188.8635611136001
2020-03-16,ESSA,-0.1363418820782768,-0.13634188207827636,crash_overlay_exit,118.81221557760006
2020-03-16,AJX,-0.048431307017624325,-0.048431307017624325,crash_overlay_exit,276.47894063999996
2020-03-16,WMC,-0.2230623496267029,-0.22306234962670268,crash_overlay_exit,2036.9513448116422
2020-03-16,BOKFL,0.14905537080295406,0.16547364382381513,crash_overlay_exit,101.04579240960004
2020-03-16,RPT_old,0.24959671180532594,0.2495967118053264,crash_overlay_exit,357.15350112000027
2020-03-16,CCLDP,0.12192738423973859,0.12192738423973859,crash_overlay_exit,170.03849016
2020-03-16,COWNL,-0.07916796077151045,-0.07381184453803258,crash_overlay_exit,643.5166440000002
2020-03-16,PJC,0.23760975989002664,0.23760975989002642,crash_overlay_exit,6034.186756679581
2020-03-16,RZA,-0.04319425647742192,-0.04319425647742203,crash_overlay_exit,2962.919188800001
2020-03-16,EBSB,-0.17271853422165995,-0.17271853422165984,crash_overlay_exit,697.4253204480002
2020-03-16,OPINI,-0.04260663859440117,-0.033477346015917786,crash_overlay_exit,175.03107897600003
2020-03-16,UCFC,0.2666203691467004,0.2666203691467004,crash_overlay_exit,347.0365608960002
2020-03-16,CMO,-0.2524710313648133,-0.2322044505521268,crash_overlay_exit,6034.186756679581
2020-03-16,EVA,-0.11321281612664036,-0.11321281612664069,crash_overlay_exit,2915.528361600001
2020-03-16,ENFC,-0.0004913746403574226,-0.0004913746403575336,crash_overlay_exit,183.619857552
2020-03-16,STAR,-0.34457629403497547,-0.34457629403497547,crash_overlay_exit,12973.697216230268
2020-03-16,WAIR,0.0015558326880957818,0.0015558326880960038,crash_overlay_exit,9413.222544000002
2020-03-16,WMC,-0.2230623496267028,-0.22306234962670268,stop_loss_exit,1357.9675632077615
2020-03-16,EBSB,-0.17271853422165995,-0.17271853422165984,stop_loss_exit,464.9502136320001
2020-03-16,CMO,-0.2524710313648133,-0.2322044505521268,stop_loss_exit,4022.791171119721
2020-03-16,STAR,-0.34457629403497547,-0.34457629403497547,stop_loss_exit,8649.131477486846
2020-03-18,AJX,-0.5887508749676882,-0.5887508749676881,stop_loss_exit,184.31929376
2020-03-18,RPT_old,-0.4599432397301131,-0.4599432397301131,stop_loss_exit,238.10233408000016
2020-03-18,COWNL,-0.5173556149949896,-0.5173556149949896,stop_loss_exit,429.01109600000007
2020-03-18,RZA,-0.31368952321682564,-0.31368952321682564,stop_loss_exit,1975.2794592000005
2020-03-18,OPINI,-0.2707895885257212,-0.2707895885257213,stop_loss_exit,116.68738598400003
2020-03-18,EVA,-0.23199244658786877,-0.2319924465878691,stop_loss_exit,1943.6855744000009
2020-03-31,ESSA,0.09928637909399818,0.1163783175582831,rebalance_exit,79.20814371840004
2020-03-31,BOKFL,0.17384447336196485,0.22089992887611065,rebalance_exit,67.36386160640004
2020-03-31,CCLDP,0.18832990074691702,0.19828484258425894,rebalance_exit,113.35899344000003
2020-03-31,PJC,0.23760975989002686,0.23760975989002642,rebalance_exit,4022.791171119721
2020-03-31,UCFC,0.2666203691467002,0.2666203691467004,rebalance_exit,231.35770726400017
2020-03-31,ENFC,-0.0004913746403576447,-0.0004913746403575336,rebalance_exit,122.41323836800004
2020-03-31,WAIR,0.0015558326880960038,0.0015558326880960038,rebalance_exit,6275.481696000001
2020-04-03,FFIC,-0.22549923368934388,-0.22549923368934388,stop_loss_exit,245174.67125
2020-04-03,AT,-0.15788056362823388,-0.15788056362823388,stop_loss_exit,169270.75812500002
2020-04-03,PPBI,-0.1636982228590368,-0.15923540469637776,stop_loss_exit,427629.4587471576
2020-04-03,GWB,-0.16867825821137672,-0.1686782582113766,stop_loss_exit,427629.4587471576
2020-04-03,PWOD,-0.19448837390845208,-0.17078064184110942,stop_loss_exit,44033.183671875006
2020-04-03,CVA,-0.1818497680658221,-0.1818497680658222,stop_loss_exit,427629.4587471576
2020-04-06,FCCY,-0.17355145363483737,-0.1705596397007223,stop_loss_exit,28047.1484375
2020-04-15,FFNW,-0.1568391734743967,-0.1568391734743967,stop_loss_exit,24401.2071875
2020-04-15,BOCH,-0.20457623039890904,-0.20457623039890904,stop_loss_exit,92664.30828125
2020-05-01,BRKL_old,-0.16754997364884283,-0.16754997364884294,stop_loss_exit,427629.4587471576
2020-05-06,BHLB,-0.21130621510909908,-0.21130621510909897,stop_loss_exit,427629.4587471576
2020-05-13,BMTC,0.03322126182967655,0.03322126182967611,sector_crash_overlay_exit,75.54542444544003
2020-05-13,SASR,-0.11734246652486102,-0.11734246652486091,sector_crash_overlay_exit,256577.67524829454
2020-05-13,UCBI,-0.13380901849599802,-0.13380901849599813,sector_crash_overlay_exit,256577.67524829454
2020-05-13,FRBK,-0.0502283701553945,-0.0502283701553945,sector_crash_overlay_exit,48072.849375000005
2020-05-13,SLCT,-0.16251641275973705,-0.16251641275973716,sector_crash_overlay_exit,69794.543203125
2020-05-13,PCSB,-0.1379552953640124,-0.1379552953640123,sector_crash_overlay_exit,115482.26175000002
2020-05-13,LBC,-0.04630982470573419,-0.04630982470573419,sector_crash_overlay_exit,120056.3206875
2020-05-13,AMK,0.12316439816920033,0.13845713849257457,sector_crash_overlay_exit,187396.31306249998
2020-05-13,EVBN,-0.060687113158700234,-0.060687113158700234,sector_crash_overlay_exit,28060.679296874998
2020-05-13,NCBS,-0.16026056003876876,-0.16026056003876865,sector_crash_overlay_exit,223072.425
2020-05-13,WDR,0.14503572786482954,0.14503572786482977,sector_crash_overlay_exit,256577.67524829454
2020-05-13,MCBC,-0.11165225376946297,-0.11165225376946308,sector_crash_overlay_exit,61474.531125
2020-05-13,EBSB,-0.1241118539439906,-0.12411185394399038,sector_crash_overlay_exit,231372.44775000002
2020-05-13,FMBI,-0.186308724995513,-0.1863087249955131,sector_crash_overlay_exit,256577.67524829454
2020-05-13,CARO,0.2639996866322709,0.2639996866322709,sector_crash_overlay_exit,256577.67524829454
2020-05-13,PGRE,-0.18242606301512343,-0.18242606301512343,stop_loss_exit,427629.4587471576
2020-05-13,SLCT,-0.16251641275973716,-0.16251641275973716,stop_loss_exit,46529.69546875001
2020-05-13,NCBS,-0.16026056003876865,-0.16026056003876865,stop_loss_exit,148714.95
2020-05-13,FMBI,-0.18630872499551288,-0.1863087249955131,stop_loss_exit,171051.78349886305
2020-05-13,SATS,-0.16007990472792988,-0.16007990472792988,stop_loss_exit,427629.4587471576
2020-05-14,PCSB,-0.15014854777541442,-0.15014854777541453,stop_loss_exit,76988.17450000001
2020-06-22,BMTC,0.14085654332879294,0.156500446309342,sector_crash_overlay_exit,30.21816977817602
2020-06-22,SASR,0.13025638039773035,0.13025638039773035,sector_crash_overlay_exit,102631.07009931783
2020-06-22,UCBI,0.07491274610333276,0.08446527116873592,sector_crash_overlay_exit,102631.07009931783
2020-06-22,FRBK,0.06348211730218134,0.0639268780035025,sector_crash_overlay_exit,19229.139750000002
2020-06-22,LBC,-0.011044327492400696,-0.0013160016254695206,sector_crash_overlay_exit,48022.528275000004
2020-06-22,AMK,0.34858364374645356,0.35791295207078067,sector_crash_overlay_exit,74958.525225
2020-06-22,EVBN,-0.07216751128143961,-0.0656202388313023,sector_crash_overlay_exit,11224.27171875
2020-06-22,WDR,0.3560586472375633,0.3632664033867272,sector_crash_overlay_exit,102631.07009931783
2020-06-22,MCBC,0.000980773227763132,0.014255404298270768,sector_crash_overlay_exit,24589.81245
2020-06-22,EBSB,-0.019029978931801694,-0.012094302816806457,sector_crash_overlay_exit,92548.9791
2020-06-22,CARO,0.2639996866322709,0.2639996866322709,sector_crash_overlay_exit,102631.07009931783
2020-06-30,MGIC,0.41591508680619826,0.41591508680619826,rebalance_exit,54020.560937500006
2020-06-30,SASR,0.08845871477433098,0.08979808591824145,rebalance_exit,68420.71339954522
2020-06-30,UCBI,0.1092707669220887,0.1092707669220887,rebalance_exit,68420.71339954522
2020-06-30,BITA_old,0.5174901478211398,0.5185823628884789,rebalance_exit,427629.4587471576
2020-06-30,EPAY,0.3852659848298914,0.3852659848298916,rebalance_exit,427629.4587471576
2020-06-30,FRBK,0.114155248158897,0.114155248158897,rebalance_exit,12819.426500000001
2020-06-30,LBC,0.09238255515840743,0.09745693625233409,rebalance_exit,32015.018850000008
2020-06-30,HTBK,-0.028102293189894434,-0.028102293189894323,rebalance_exit,293209.09249999997
2020-06-30,TRTN,0.17262926349363017,0.17262926349362995,rebalance_exit,427629.4587471576
2020-06-30,NGHC,0.30883709365697465,0.30883709365697465,rebalance_exit,427629.4587471576
2020-06-30,EBSB,0.024098049973918068,0.024098049973918068,rebalance_exit,61699.31940000001
2020-06-30,OMN,-0.0005951663878211999,-0.0005951663878211999,rebalance_exit,427629.4587471576
2020-06-30,KW,0.11555871911506066,0.1217969210450931,rebalance_exit,427629.4587471576
2020-06-30,ASGN,0.8551632773106081,0.8551632773106079,rebalance_exit,427629.4587471576
2020-06-30,CARO,0.26399968663227114,0.2639996866322709,rebalance_exit,68420.71339954522
2020-07-09,CATC,-0.1759896159914921,-0.15342519297006885,stop_loss_exit,216626.1034375
2020-07-09,MBCN,-0.17244404049852025,-0.17019469770604845,stop_loss_exit,103466.03121093751
2020-07-20,VGR,-0.15835179695840562,-0.15835179695840562,stop_loss_exit,561095.3584063911
2020-07-23,ALSK,-0.1612903418768653,-0.1612903418768653,stop_loss_exit,205506.1340625
2020-08-18,VEC,-0.16968727424490893,-0.1639929631615451,stop_loss_exit,482310.9425
2020-08-19,CLI,-0.15557725092981223,-0.15111846218753244,stop_loss_exit,427629.4587471576
2020-08-27,HOLI,-0.16622006014605184,-0.1643383747891468,stop_loss_exit,294048.53750000003
2020-09-21,GLT,-0.15991170041995661,-0.15991170041995661,stop_loss_exit,330285.955
2020-09-21,FMBI,-0.15730167028458586,-0.15730167028458586,stop_loss_exit,561095.3584063911
2020-09-21,CVA,-0.17172311615877045,-0.17172311615877045,stop_loss_exit,561095.3584063911
2020-09-23,BDSI,-0.15912625782891876,-0.15912625782891887,stop_loss_exit,546935.9225
2020-09-24,HAYN,-0.1501533856278049,-0.15015338562780478,stop_loss_exit,227846.39625
2020-09-30,BMTC,0.07749393400875526,0.08292633312867781,rebalance_exit,20.145446518784013
2020-09-30,ABTX,-0.037949961121984344,-0.03794996112198423,rebalance_exit,425100.6681250001
2020-09-30,HMST,0.16061426013111468,0.16158158302573034,rebalance_exit,427629.4587471576
2020-09-30,NP_old,-0.11473844290543089,-0.11369467252651355,rebalance_exit,427629.4587471576
2020-09-30,OXFD,0.2600780680976351,0.2634988682584445,rebalance_exit,226018.7040625
2020-09-30,CAPD,0.32929847029383286,0.3292984702938331,rebalance_exit,390046.151875
2020-09-30,IHC,0.48661117574641954,0.48661117574641954,rebalance_exit,60131.56765625
2020-09-30,MCBC,-0.0969462525477145,-0.08700605299145336,rebalance_exit,16393.208300000002
2020-09-30,FFWM,0.2683395057897635,0.2793349777342222,rebalance_exit,290610.20187499997
2020-09-30,BMCH,1.415679804673725,1.415679804673725,rebalance_exit,427629.4587471576
2020-09-30,BREW_old,0.07157187721893887,0.07157187721893887,rebalance_exit,315904.30375
2020-09-30,AZRE,0.8030250854286571,0.8573706786326303,rebalance_exit,36359.18638671876
2020-09-30,PGRE,-0.0850149069028503,-0.08280730447766227,rebalance_exit,561095.3584063911
2020-09-30,SLCT,-0.1251714353390614,-0.122841183985132,rebalance_exit,45347.550234375
2020-09-30,ANAT,-0.05633729965164436,-0.05262736603049989,rebalance_exit,553916.955
2020-09-30,RST,0.7770292314359013,0.7781730994617793,rebalance_exit,288150.26687500003
2020-09-30,HTLF,-0.10175643279102542,-0.09748581512351862,rebalance_exit,444860.9375
2020-09-30,BCOV,0.29683728483029004,0.29949233786840956,rebalance_exit,121219.63171875
2020-09-30,MOBL,0.4078241496629551,0.40850302077602696,rebalance_exit,553872.3125
2020-09-30,PDLI,0.08985007094193143,0.10012623733821435,rebalance_exit,481794.276875
2020-12-15,SATS,-0.15495978764872664,-0.15495978764872664,stop_loss_exit,560745.2671703964
2020-12-31,CSWI,0.7297067939480295,0.7352577336511363,rebalance_exit,427629.4587471576
2020-12-31,BSTC,0.5645479280180057,0.5645479280180057,rebalance_exit,331096.11125
2020-12-31,EVBN,0.15785021907128782,0.16223755506098647,rebalance_exit,7482.847812500002
2020-12-31,WDR,1.3208620120538814,1.3247455519037512,rebalance_exit,68420.71339954522
2020-12-31,INS,0.15021223952810736,0.16000635712762845,rebalance_exit,278141.30062500003
2020-12-31,QUOT,0.2868852261455541,0.2868852261455541,rebalance_exit,561095.3584063911
2020-12-31,CCRD,0.15025778943325796,0.16005229489261263,rebalance_exit,278130.05062500003
2020-12-31,RCP,0.024283648142560565,0.024674753813340278,rebalance_exit,11961.399716796876
2020-12-31,ITI,0.357418904767844,0.37804883580205106,rebalance_exit,106492.90812500002
2020-12-31,EPAY,0.23643800832761386,0.24373997205344478,rebalance_exit,560745.2671703964
2020-12-31,LMRKN,0.09552832264298305,0.09552832264298328,rebalance_exit,11492.685610351564
2020-12-31,BPYUP,0.23634947034144438,0.23767537209050382,rebalance_exit,139589.11546875
2020-12-31,LSYN,0.3500321756796385,0.4275051862839949,rebalance_exit,5108.15798828125
2020-12-31,SJI,0.12514354454279175,0.12514354454279175,rebalance_exit,560745.2671703964
2020-12-31,MODV,0.4842655853909936,0.4842655853909936,rebalance_exit,246300.701875
2020-12-31,RAVN,0.510744695901751,0.5249387546699269,rebalance_exit,560745.2671703964
2020-12-31,SGH,0.3651861994893839,0.3651861994893839,rebalance_exit,560745.2671703964
2020-12-31,NTUS,0.16727172714709115,0.16987751881655755,rebalance_exit,550962.26
2020-12-31,UEPS,0.4287476834379347,0.4599141082017626,rebalance_exit,71604.37070312501
2020-12-31,OPI,0.10558984631986035,0.11143116422724786,rebalance_exit,500015.08875000005
2020-12-31,PRSC,0.4842655853909936,0.4842655853909936,rebalance_exit,246300.701875
2020-12-31,CETV,0.08376085171317027,0.08376085171317027,rebalance_exit,179044.37562500002
2021-02-05,LOTZ,-0.1501024269248954,-0.1501024269248954,stop_loss_exit,554842.7508115878
2021-03-31,EGOV,0.4964341997167818,0.4964341997167818,rebalance_exit,427629.4587471576
2021-03-31,SRLP,0.8869711500528508,0.89629664328985,rebalance_exit,334033.72968750005
2021-03-31,AT,0.4450000524520874,0.4450000524520874,rebalance_exit,229975.00375000003
2021-03-31,WIRE,0.37709032053632874,0.37709032053632874,rebalance_exit,511143.6087500001
2021-03-31,EVA,0.40890215836196675,0.40890215836196675,rebalance_exit,328962.56562500005
2021-03-31,COWNL,0.052383729120307976,0.055342135036446694,rebalance_exit,14857.021982421875
2021-03-31,COWN,1.1612111605853626,1.1724307562551592,rebalance_exit,560745.2671703964
2021-03-31,RILYO,0.07248292483869267,0.07457878591231815,rebalance_exit,27647.318535156253
2021-03-31,SRDX,0.43330391658877754,0.4333039165887773,rebalance_exit,196318.05656250002
2021-03-31,SNHY,0.9993033754291696,0.9993033754291696,rebalance_exit,294204.715625
2021-03-31,LMRKO,0.08454093094644222,0.08502717143460292,rebalance_exit,17731.107265625
2021-03-31,GLT,0.0476294334999936,0.0476294334999936,rebalance_exit,299864.2478125
2021-03-31,EURN,0.1475358321555651,0.1475358321555651,rebalance_exit,554842.7508115878
2021-03-31,BXRX,-0.00802724029360291,-0.0080272402936028,rebalance_exit,394537.27312500007
2021-03-31,FWPAY,-0.025618442687336374,-0.025618442687336263,rebalance_exit,42.47797847747803
2021-03-31,UPH,-0.08468348828211303,-0.08401823697024824,rebalance_exit,554842.7508115878
2021-03-31,SPOXF,-0.013669682305613384,-0.013669682305613273,rebalance_exit,234315.72156250002
2021-03-31,DL,0.008958313392949613,0.008958313392949613,rebalance_exit,11924.783564453126
2021-03-31,FWP,-0.025618442687336374,-0.025618442687336263,rebalance_exit,12395.57681640625
2021-03-31,SWM,0.22216974713353466,0.22341881894637727,rebalance_exit,554842.7508115878
2021-03-31,SATS,0.11954735526899052,0.1283732705208116,rebalance_exit,554842.7508115878
2021-03-31,LMRK,0.10291157985526356,0.1104019969284813,rebalance_exit,105906.77625
2021-05-05,EPAY,-0.15709028716008033,-0.15709028716008033,stop_loss_exit,652186.5909269429
2021-06-08,STND,-0.9927537792574392,-0.9927537792574392,stop_loss_exit,52467.408671875
2021-06-15,FFG,-0.9986587981860506,-0.9986587981860506,stop_loss_exit,441651.37625000003
2021-06-18,HEC,-0.18072760304408286,-0.18072760304408286,stop_loss_exit,652186.5909269429
2021-06-18,LSEA,-0.15748057754457512,-0.15748057754457523,stop_loss_exit,141185.43031250002
2021-06-21,LVOX,-0.1613734717049743,-0.1613734717049743,stop_loss_exit,119311.19222656252
2021-06-21,CRSA,-0.1613734717049743,-0.1613734717049743,stop_loss_exit,121422.11281250001
2021-06-30,FARO,0.7408938669648428,0.7476403740014923,rebalance_exit,427629.4587471576
2021-06-30,SYKE,0.9768053701787662,0.9800884624330046,rebalance_exit,427629.4587471576
2021-06-30,TPRE,0.42811532012084386,0.42811532012084363,rebalance_exit,427629.4587471576
2021-06-30,VWTR,0.6840636599083667,0.7095115465379263,rebalance_exit,104522.935625
2021-06-30,PCSB,0.44672431144609703,0.4497185954180065,rebalance_exit,152300.5671875
2021-06-30,PRFT,0.8677316833308559,0.8677316833308557,rebalance_exit,560745.2671703964
2021-06-30,GOODM,0.04596764286968047,0.04596764286968047,rebalance_exit,39787.36631835938
2021-06-30,ATSG,-0.08710123887614174,-0.07947338117442326,rebalance_exit,560745.2671703964
2021-06-30,OPINI,0.03963230927291961,0.03963230927291961,rebalance_exit,46419.151015625
2021-06-30,GCP,0.10052429908118876,0.10277982585199363,rebalance_exit,560745.2671703964
2021-06-30,RCB,0.0861843367158115,0.0861843367158115,rebalance_exit,15849.58046875
2021-06-30,BCSF-RW,0.25724077617128094,0.25724077617128094,rebalance_exit,551309.479375
2021-06-30,AMEH,2.3753304305373195,2.4378762889740635,rebalance_exit,151032.04234374998
2021-06-30,FDP,0.3663829015427553,0.3743888621676783,rebalance_exit,461772.575
2021-06-30,FOE,0.46321177496766497,0.4634182132273963,rebalance_exit,554842.7508115878
2021-06-30,GXGX,-0.0836275710541351,-0.08337073187950583,rebalance_exit,554842.7508115878
2021-06-30,TPCO,0.2598540488452501,0.2598540488452501,rebalance_exit,163011.57062500002
2021-06-30,MGIC,0.05728577952011937,0.05945036609793419,rebalance_exit,63751.164921874995
2021-06-30,NFH,-0.014463459142169288,-0.013374750806471436,rebalance_exit,377083.046875
2021-06-30,LINX,0.14497969998402294,0.14497969998402294,rebalance_exit,24451.557187500002
2021-06-30,WTRE_old,0.010916975587216049,0.010979516365613007,rebalance_exit,425678.275
2021-06-30,ATIP,-0.057188523203068,-0.048239487756243093,rebalance_exit,12482.65345703125
2021-06-30,BKCC,0.18857264346088476,0.19377781037914965,rebalance_exit,175281.3003125
2021-06-30,PROS,0.009528401679445464,0.009528401679445242,rebalance_exit,123181.1465625
2021-06-30,NTUS,0.014447439401278572,0.014447439401278794,rebalance_exit,534362.4925
2021-06-30,FAII,-0.05721836051325968,-0.05721836051325968,rebalance_exit,625645.5906250001
2021-07-06,MCBC,-0.16121752380569576,-0.16121752380569576,stop_loss_exit,92662.74828125001
2021-07-08,VEC,-0.16080978933923606,-0.16080978933923606,stop_loss_exit,412887.11125
2021-07-19,HMST,-0.15139202436689503,-0.15139202436689503,stop_loss_exit,652186.5909269429
2021-07-22,LCY,-0.9987133883734423,-0.9987133883734423,stop_loss_exit,601808.085
2021-08-03,LVOX,-0.22981284656052592,-0.2298128465605258,stop_loss_exit,638004.825625
2021-08-03,CYXTQ,-0.16504547233780675,-0.16504547233780686,stop_loss_exit,468724.50687499996
2021-08-04,CVGW,-0.20270801502501534,-0.20270801502501523,stop_loss_exit,560745.2671703964
2021-08-09,TVTY,-0.1524135427700285,-0.1524135427700285,stop_loss_exit,788784.3694135307
2021-08-19,RKLY,-0.26541292253905724,-0.26541292253905713,stop_loss_exit,168924.63796875
2021-09-30,CBB,0.039978830449037606,0.03997883044903783,rebalance_exit,561095.3584063911
2021-09-30,BOKFL,0.015059913410224057,0.015059913410224057,rebalance_exit,29371.289707031254
2021-09-30,RILYH,0.08439777350370847,0.0843977735037087,rebalance_exit,23074.122578125
2021-09-30,STAR,0.7203174036464739,0.7203174036464739,rebalance_exit,554842.7508115878
2021-09-30,PGTI,-0.060963606775607526,-0.060963606775607415,rebalance_exit,554842.7508115878
2021-09-30,NP_old,-0.0822093039346442,-0.07621765229566468,rebalance_exit,652186.5909269429
2021-09-30,TREC,0.04707628247171214,0.04707628247171236,rebalance_exit,128112.00671875
2021-09-30,PTRS,0.13646593369171667,0.13847602775081014,rebalance_exit,25230.2642578125
2021-09-30,CSII,-0.14536520601435066,-0.14371409232144428,rebalance_exit,652186.5909269429
2021-09-30,CSWI,0.07493009053761979,0.07748442513567566,rebalance_exit,727227.8387500001
2021-09-30,ABTX,-0.019608745290419005,-0.004386193163549601,rebalance_exit,343625.56312500004
2021-09-30,RVIC,0.20804696991530047,0.21054869059837023,rebalance_exit,257860.09375
2021-09-30,VTIQU,-0.035337396362041806,-0.03310614775395315,rebalance_exit,23205.42921875
2021-09-30,LMRKN,0.005646122801118869,0.005646122801118869,rebalance_exit,20739.101782226564
2021-09-30,VBTX,0.10199184597509947,0.11668882348511556,rebalance_exit,788784.3694135307
2021-09-30,ROCC,-0.04501303781445887,-0.045013037814458756,rebalance_exit,54496.70849609375
2021-09-30,WIRE,0.2424934591493828,0.24616850036421822,rebalance_exit,747056.9962500001
2021-09-30,HZON,0.0001291154227354152,0.001019329670862934,rebalance_exit,702609.76875
2021-09-30,ALSK,0.020421715912841032,0.020421715912841254,rebalance_exit,367256.43328125007
2021-09-30,RVI_old,0.20807727073583138,0.21057905416827372,rebalance_exit,357243.26875000005
2021-09-30,HTLF,0.02533031780070627,0.028558729796780646,rebalance_exit,788784.3694135307
2021-09-30,LMRK,0.2953971472767245,0.29740654082009144,rebalance_exit,112458.848125
2021-09-30,CBTX,-0.03832909948074292,-0.029352331392405118,rebalance_exit,158702.2534375
2021-09-30,SVAC_old,-0.11516766235702325,-0.11516766235702325,rebalance_exit,474266.066875
2021-09-30,ETAC,0.0055619441622642984,0.005853807334788241,rebalance_exit,149902.30238281252
2021-11-02,LUB,-0.2966506751295759,-0.296650675129576,stop_loss_exit,25799.153847656253
2021-11-16,EMBK,-0.23236439871976,-0.19335351447702542,stop_loss_exit,1598.0041918945315
2021-11-29,OPI,-0.1601027568394091,-0.1526723895530565,stop_loss_exit,589206.03125
2021-12-01,CTT,-0.16718044195523318,-0.15830605023171196,stop_loss_exit,343492.34375
2021-12-07,CORLQ,-0.1589242228012322,-0.15892422280123208,stop_loss_exit,27151.395937499998
2021-12-20,VLD,-0.16298408284011945,-0.15252238435728005,stop_loss_exit,28314.553291015625
2021-12-20,VLDXD,-0.16298406806745747,-0.15252236939997754,stop_loss_exit,1887.5414672851564
2021-12-31,DHIL,1.3600179244461361,1.3773106268390976,rebalance_exit,282581.20125000004
2021-12-31,ATRI,0.12368888672881839,0.12368888672881839,rebalance_exit,426813.153125
2021-12-31,RMRM,0.015425413841223756,0.015425413841223978,rebalance_exit,73365.15875
2021-12-31,CCF,-0.015707589303769476,-0.014314061609359108,rebalance_exit,295107.36375
2021-12-31,CVLY,0.2784507661976954,0.2784507661976954,rebalance_exit,26634.493847656253
2021-12-31,CMO,0.18749048747413521,0.18749048747413521,rebalance_exit,535851.02625
2021-12-31,LBC,0.20886630389855565,0.21369550704416485,rebalance_exit,82747.71609375
2021-12-31,AC,0.15229569867906778,0.15229569867906778,rebalance_exit,20249.16015625
2021-12-31,BCSF-RW,0.02439577693406747,0.02439577693406747,rebalance_exit,234963.005
2021-12-31,SPFR,-0.07781357381515053,-0.0778135738151503,rebalance_exit,705379.665368973
2021-12-31,LEVL,0.3299686520253131,0.33381816662891417,rebalance_exit,47769.9611328125
2021-12-31,NGAB-U,0.02033590367428384,0.02033590367428384,rebalance_exit,13327.540727539064
2021-12-31,SVBI,0.08865811630134024,0.08865811630134046,rebalance_exit,7986.851516113282
2021-12-31,GCP,0.4399320293794362,0.4399320293794362,rebalance_exit,705379.665368973
2022-01-11,MCMJ,-0.16077448594512778,-0.16077448594512778,stop_loss_exit,278114.45687500003
2022-01-18,FARO,-0.16763000406740425,-0.16763000406740414,stop_loss_exit,534740.533125
2022-01-27,BNRE,-0.15489765893685714,-0.15361803255437279,stop_loss_exit,111778.20953125
2022-01-27,BAMR,-0.1548975062389233,-0.15361811013628368,stop_loss_exit,113435.05484375
2022-02-11,GLT,-0.15465089459064874,-0.15465089459064874,stop_loss_exit,266927.9809375
2022-03-04,WETF,-0.15309853950988583,-0.15309853950988583,stop_loss_exit,671952.89875
2022-03-31,CSGS,0.5575999188132554,0.5659387425706335,rebalance_exit,427629.4587471576
2022-03-31,BFIN,-0.07657865609303394,-0.07657865609303394,rebalance_exit,246669.66125
2022-03-31,BRKL_old,0.08243490980972945,0.08243490980972945,rebalance_exit,449502.39625000005
2022-03-31,FRTA,0.01997622731118409,0.01997622731118409,rebalance_exit,730079.31
2022-03-31,AVAN,0.006859059349168639,0.007150122073235288,rebalance_exit,94173.956171875
2022-03-31,ESSA,0.0938848970050099,0.09390166344610607,rebalance_exit,15144.940048828124
2022-03-31,HMST,0.16557360891257877,0.16557360891257855,rebalance_exit,402676.47875
2022-03-31,AFIN,0.026125363581284367,0.032395617942038824,rebalance_exit,705379.665368973
2022-03-31,FCCY,0.1705850898704233,0.1705850898704233,rebalance_exit,20066.2618359375
2022-03-31,CLI,-0.01365677928953657,-0.01365677928953657,rebalance_exit,705379.665368973
2022-03-31,SPTN,0.523586992396323,0.5235869923963232,rebalance_exit,463389.74875
2022-03-31,TINV,0.011173440396786027,0.011173440396786027,rebalance_exit,61463.48674316407
2022-03-31,FRGE,2.2666954540684046,2.443089371220064,rebalance_exit,16168.600838623048
2022-03-31,KOR,-0.007600450129968461,-0.007600450129968572,rebalance_exit,18500.3380078125
2022-03-31,CSTR,0.0013212031840772465,0.0025716376537923136,rebalance_exit,95587.90812500002
2022-03-31,BCAC,0.004534285790062542,0.004534346127785582,rebalance_exit,12897.885805664064
2022-03-31,APGN,0.004568312686632048,0.004568312686632048,rebalance_exit,12636.932163085938
2022-03-31,CORLQ,-0.06070900214577102,-0.055226569655555835,rebalance_exit,39688.429765625006
2022-03-31,VENA,0.004304587859804254,0.004799771174704315,rebalance_exit,11821.2147265625
2022-03-31,FFWM,-0.021754261686935283,-0.018941804777425686,rebalance_exit,373511.67937500007
2022-03-31,HBMD,0.06925743833299891,0.06925743833299891,rebalance_exit,137458.98304687502
2022-03-31,MOTV,0.9004065521301245,0.9004065521301245,rebalance_exit,243199.88289062504
2022-04-29,FLIC,-0.18031417053833831,-0.18031417053833831,stop_loss_exit,209199.2825
2022-05-02,SIVBP,-0.15737738189651074,-0.15136103250897048,stop_loss_exit,78457.76906250001
2022-05-05,CVCY,-0.15001473833412537,-0.15001473833412537,stop_loss_exit,64514.344843750005
2022-05-06,BNRE,-0.15008597830869375,-0.15008597830869363,stop_loss_exit,210748.09687500002
2022-05-06,BAMR,-0.15008826114447238,-0.15008826114447238,stop_loss_exit,206264.7922583008
2022-05-09,OPI,-0.16284547094485247,-0.16284547094485236,stop_loss_exit,678164.5175000001
2022-05-09,PDVW,-0.15514165326501939,-0.15514165326501939,stop_loss_exit,411339.215
2022-05-10,BRMK,-0.17619280420865502,-0.17619280420865502,stop_loss_exit,560745.2671703964
2022-05-10,PRA,-0.2087189786023098,-0.2087189786023098,stop_loss_exit,502328.75250000006
2022-05-12,BLFY,-0.1637735705521438,-0.1637735705521438,stop_loss_exit,66355.83
2022-06-13,AINV,-0.1742808675124543,-0.1742808675124542,stop_loss_exit,652186.5909269429
2022-06-13,INDT,-0.16722111642766369,-0.16722111642766357,stop_loss_exit,119609.84718750001
2022-06-13,BHLB,-0.15730675513176862,-0.1573067551317685,stop_loss_exit,935613.5650000001
2022-06-14,MRCC,-0.16877802467148129,-0.16877802467148129,stop_loss_exit,107017.22531250001
2022-06-16,AMK,-0.115394569810784,-0.11539456981078422,crash_overlay_exit,29983.410089999998
2022-06-16,NCBS,0.3016423873016243,0.3016423873016245,crash_overlay_exit,124144.34175
2022-06-16,RZA,0.1272439805922181,0.1309415615687024,crash_overlay_exit,107403.34959375001
2022-06-16,CCLDP,0.17098333112378472,0.17098333112378494,crash_overlay_exit,22241.8251796875
2022-06-16,FFNW,0.4334251118308614,0.4347826003799631,crash_overlay_exit,9154.30953515625
2022-06-16,GMRE,-0.10402890878695703,-0.10402890878695714,crash_overlay_exit,61370.320781250004
2022-06-16,UMBFP,-0.10994454349754845,-0.10994454349754845,crash_overlay_exit,7238.123525390625
2022-06-16,OPINL,-0.021148148368496766,-0.015193494919955475,crash_overlay_exit,34731.78018750001
2022-06-16,CATC,-0.015515920051434318,-0.015515920051434318,crash_overlay_exit,102871.36050000001
2022-06-16,AJX,-0.07866840358956306,-0.07866840358956306,crash_overlay_exit,104145.62100000001
2022-06-16,RPT_old,-0.04357788209179292,-0.04357788209179281,crash_overlay_exit,104145.62100000001
2022-06-16,LBAI,-0.13151096968935705,-0.13151096968935705,crash_overlay_exit,205267.91924999998
2022-06-16,FFIC,-0.029995780014229645,-0.029995780014229645,crash_overlay_exit,166264.05299999999
2022-06-16,MOFG,-0.02368902527599792,-0.02368902527599781,crash_overlay_exit,75112.47300000001
2022-06-16,FNCB,0.009719673060627265,0.026190698577472027,crash_overlay_exit,13432.7613984375
2022-06-16,PCSB,0.030512756708871658,0.03051275670887188,crash_overlay_exit,37787.395734375
2022-06-16,EVBN,-0.09426477383330767,-0.0794559311477776,crash_overlay_exit,20178.827648437502
2022-06-16,HTBI,-0.11374798551553189,-0.11119214389698484,crash_overlay_exit,112971.558
2022-06-16,HTBK,-0.05776158958014532,-0.05700128203983046,crash_overlay_exit,120308.849625
2022-06-16,BKCC,-0.009721331980239722,-0.009721331980239722,crash_overlay_exit,88475.1285
2022-06-16,PWOD,-0.02372173749842632,-0.02372173749842632,crash_overlay_exit,19447.763882812502
2022-06-16,MCBC,0.11087930035838922,0.11087930035838944,crash_overlay_exit,39881.126625
2022-06-16,SCS,-0.1679631715751555,-0.1679631715751555,crash_overlay_exit,423227.7992213838
2022-06-16,PFHD,0.11094194268673951,0.11215725849585101,crash_overlay_exit,23569.337390625
2022-06-16,FCRD,-0.19536660107628967,-0.19536660107628956,crash_overlay_exit,9388.59737109375
2022-06-16,CALB,-0.0836437707496348,-0.08148843992175114,crash_overlay_exit,5955.531905273438
2022-06-16,FOE,0.008245022483188924,0.008245022483188924,crash_overlay_exit,605784.0562693554
2022-06-16,AVTA,-0.04657046589426017,-0.04657046589426039,crash_overlay_exit,390257.33174999995
2022-06-16,BRPM,-0.010248160818537078,-0.010070531560568363,crash_overlay_exit,125917.74253124998
2022-06-16,MGIC,-0.04568792314609793,-0.037141848052264725,crash_overlay_exit,21720.865687499998
2022-06-16,THR,-0.07037038824903741,-0.07037038824903752,crash_overlay_exit,97786.7255625
2022-06-16,SWKH,0.12200372648569857,0.13143237622960768,crash_overlay_exit,6284.0802421875005
2022-06-16,CSWI,-0.17217529913775154,-0.17217529913775154,crash_overlay_exit,290949.85425
2022-06-16,PFSW,0.03393304201501768,0.04986654377811961,crash_overlay_exit,70948.319390625
2022-06-16,IPVA,0.0020297310743866426,0.002778168564679273,crash_overlay_exit,2313.0669521484374
2022-06-16,XENT,0.007874464805789794,0.007874464805789794,crash_overlay_exit,443558.85
2022-06-16,ACEV,0.005476502713671616,0.005741143772191704,crash_overlay_exit,16695.3505546875
2022-06-16,HCCI,-0.1825712964071119,-0.1825712964071119,crash_overlay_exit,146031.224625
2022-06-16,TREC,0.13475831189558352,0.13849714639090105,crash_overlay_exit,14255.128617187502
2022-06-16,NOAC,0.0028285967215682106,0.002841342164239924,crash_overlay_exit,39498.13081896972
2022-06-16,PTMN,-0.06662532919536956,-0.06662532919536968,crash_overlay_exit,84475.85399999999
2022-06-16,GPP,-0.1685947100307552,-0.16859471003075532,crash_overlay_exit,32394.58490625
2022-06-16,LEVL,-0.0002994947677990023,-0.0002994947677991133,crash_overlay_exit,102597.7130625
2022-06-16,AUVPQ,0.02424849559814879,0.024248495598148567,crash_overlay_exit,4397.896541015624
2022-06-16,FAZE,-0.010251379066206656,-0.010070531560568363,crash_overlay_exit,124833.99149999999
2022-06-16,CBTX,-0.11935315439805738,-0.11935315439805749,crash_overlay_exit,208050.91387500003
2022-06-16,TMPO,0.005476502713671616,0.005741143772191704,crash_overlay_exit,16695.3505546875
2022-06-16,CCF,-0.12999789512359394,-0.12999789512359394,crash_overlay_exit,109028.992125
2022-06-16,SCS,-0.1679631715751554,-0.1679631715751555,stop_loss_exit,282151.86614758923
2022-06-16,FCRD,-0.19536660107628945,-0.19536660107628956,stop_loss_exit,6259.064914062501
2022-06-16,CSWI,-0.17217529913775165,-0.17217529913775154,stop_loss_exit,193966.56950000004
2022-06-16,HCCI,-0.18257129640711178,-0.1825712964071119,stop_loss_exit,97354.14975000001
2022-06-16,GPP,-0.16859471003075555,-0.16859471003075532,stop_loss_exit,21596.389937500004
2022-06-30,AJX,-0.0258499052248925,-0.0258499052248925,rebalance_exit,69430.41400000002
2022-06-30,RPT_old,0.011240986223234772,0.01124098622323455,rebalance_exit,69430.41400000002
2022-06-30,FNCB,-0.012005467336387743,-0.003689260151254703,rebalance_exit,8955.174265625
2022-06-30,EVBN,-0.10045737866210414,-0.0998466616139736,rebalance_exit,13452.551765625001
2022-06-30,PFHD,0.04459794963535346,0.062351235230398316,rebalance_exit,15712.891593750002
2022-06-30,FOE,0.008245022483188702,0.008245022483188924,rebalance_exit,403856.0375129037
2022-06-30,AVTA,0.05579440668473645,0.06282058540510715,rebalance_exit,260171.55450000003
2022-06-30,BRPM,0.0016102530346830957,0.0030211210522879117,rebalance_exit,83945.1616875
2022-06-30,MGIC,0.027212844041721862,0.031340947992769985,rebalance_exit,14480.577125
2022-06-30,THR,-0.1327160784537197,-0.13271607845371958,rebalance_exit,65191.15037500001
2022-06-30,SWKH,0.027796659307556926,0.029482767091047357,rebalance_exit,4189.386828125001
2022-06-30,PFSW,0.022750313734347438,0.028861115583711294,rebalance_exit,47298.879593749996
2022-06-30,IPVA,0.0014110603659738263,0.00175490213527274,rebalance_exit,1542.0446347656252
2022-06-30,XENT,0.007874464805789794,0.007874464805789794,rebalance_exit,295705.9
2022-06-30,TREC,0.14667944006994338,0.14667944006994338,rebalance_exit,9503.419078125002
2022-06-30,NOAC,0.002332533815676774,0.0038574154236208358,rebalance_exit,26332.08721264649
2022-06-30,LEVL,-0.0002994947677990023,-0.0002994947677991133,rebalance_exit,68398.47537500001
2022-06-30,AUVPQ,0.02359280958476151,0.023592809584761953,rebalance_exit,2931.9310273437504
2022-06-30,FAZE,0.0015793888676980394,0.0030211210522879117,rebalance_exit,83222.66100000001
2022-06-30,CBTX,-0.14066043251175886,-0.13813073599429848,rebalance_exit,138700.60925000004
2022-07-11,AMK,-0.15027492547028087,-0.15027492547028098,stop_loss_exit,19988.94006
2022-07-13,LBAI,-0.15691764412058973,-0.15691764412058962,stop_loss_exit,136845.2795
2022-07-27,HTBI,-0.15734496015617183,-0.15734496015617183,stop_loss_exit,75314.37200000002
2022-08-05,RBT,-0.1904719445685792,-0.1904719445685792,stop_loss_exit,2353.3943574523923
2022-09-13,PRST,-0.2974950024851668,-0.2974950024851668,stop_loss_exit,15238.5417578125
2022-09-13,VTAQ,-0.2974950024851669,-0.2974950024851668,stop_loss_exit,15067.056132812502
2022-09-20,GMRE,-0.15259645431822533,-0.15259645431822533,stop_loss_exit,40913.54718750001
2022-09-23,OPI,-0.18693220633086127,-0.18693220633086127,stop_loss_exit,492578.18125
2022-09-26,NCBS,0.4531021598913676,0.4531021598913674,crash_overlay_exit,49657.7367
2022-09-26,RZA,0.14009780613604383,0.1416375807528809,crash_overlay_exit,42961.3398375
2022-09-26,CCLDP,0.22371900510578158,0.22371900510578135,crash_overlay_exit,8896.730071875
2022-09-26,FFNW,0.352936923810248,0.36305613702366335,crash_overlay_exit,3661.723814062501
2022-09-26,UMBFP,-0.0814535062260704,-0.08011965428371082,crash_overlay_exit,2895.24941015625
2022-09-26,OPINL,-0.15365359409784307,-0.1525466450048898,crash_overlay_exit,13892.712075000001
2022-09-26,CATC,-0.005349932635209442,-0.0021710940465432538,crash_overlay_exit,41148.544200000004
2022-09-26,FFIC,-0.09449850918900593,-0.09033115250904977,crash_overlay_exit,66505.62120000001
2022-09-26,MOFG,-0.032425270054032174,-0.026031484037516317,crash_overlay_exit,30044.9892
2022-09-26,PCSB,0.02054597265589453,0.02054597265589475,crash_overlay_exit,15114.958293750002
2022-09-26,HTBK,0.029508159893920416,0.029508159893920416,crash_overlay_exit,48123.53985000001
2022-09-26,BKCC,0.00020999374560637385,0.004466085928792607,crash_overlay_exit,35390.051400000004
2022-09-26,PWOD,0.01966794782127046,0.02657539364699768,crash_overlay_exit,7779.105553125
2022-09-26,MCBC,0.21491661361302894,0.21944597676045063,crash_overlay_exit,15952.450649999999
2022-09-26,CALB,-0.0462496857930077,-0.04569002987610593,crash_overlay_exit,2382.212762109375
2022-09-26,ACEV,0.019704002807749754,0.02064843119922055,crash_overlay_exit,6678.140221875002
2022-09-26,PTMN,-0.12605444400504706,-0.12605444400504706,crash_overlay_exit,33790.3416
2022-09-26,TMPO,0.019704002807749754,0.02064843119922055,crash_overlay_exit,6678.140221875002
2022-09-26,CCF,-0.058718538339303517,-0.04836267444746345,crash_overlay_exit,43611.596849999994
2022-09-26,BFIN,0.013970429108208116,0.01988319606823219,crash_overlay_exit,9941.290500000001
2022-09-26,SASR,-0.032549592170665664,-0.02870406415859772,crash_overlay_exit,355471.203
2022-09-26,CSWI,0.14448595643782647,0.15706727811909116,crash_overlay_exit,316163.63775000005
2022-09-26,MEKA,-0.003917799545431255,-0.0021694071100017975,crash_overlay_exit,15040.651125732422
2022-09-26,SSBK,0.2024763921003514,0.20510859595922182,crash_overlay_exit,24662.262000000002
2022-09-26,BRKL_old,-0.05798722833800174,-0.05423972266472943,crash_overlay_exit,296367.83174999995
2022-09-26,CFB,0.028030294765563513,0.02803029476556329,crash_overlay_exit,121108.318875
2022-09-26,BRMK,-0.17747938514106687,-0.17747938514106676,crash_overlay_exit,539486.9475
2022-09-26,RILYO,0.01131510542750136,0.012000878957988848,crash_overlay_exit,30953.570343749998
2022-09-26,CSTR,-0.03674797539631658,-0.03149123931639253,crash_overlay_exit,79873.30209375
2022-09-26,LBC,-0.06532807480787739,-0.0653280748078775,crash_overlay_exit,39844.915593749996
2022-09-26,NPTN,0.015746551009253817,0.015746551009253817,crash_overlay_exit,645224.7819426962
2022-09-26,CSGS,-0.12563870237241292,-0.12066753397669083,crash_overlay_exit,645224.7819426962
2022-09-26,SIVBP,-0.10799474440320433,-0.10799474440320433,crash_overlay_exit,67703.894015625
2022-09-26,GPP,0.009562367750068246,0.009562367750068246,crash_overlay_exit,45941.387390625
2022-09-26,HTLF,0.07297698515591788,0.0729769851559181,crash_overlay_exit,310578.98175
2022-09-26,BLFY,-0.04003332371970214,-0.04003332371970214,crash_overlay_exit,60861.75581250001
2022-09-26,PTRS,0.011707543450329316,0.01447783750872711,crash_overlay_exit,2928.558720703125
2022-09-26,BHLB,0.1453892254321416,0.1484808188768718,crash_overlay_exit,414691.83
2022-09-26,CVLY,-0.1417817855560276,-0.13510964378219525,crash_overlay_exit,15323.86715625
2022-09-26,INDT,-0.08707601362711592,-0.08707601362711603,crash_overlay_exit,181375.0565625
2022-09-26,ETAC,0.0067196318336120164,0.0067196318336120164,crash_overlay_exit,128376.69327685548
2022-09-26,ROIC,-0.11138878863944679,-0.11138878863944679,crash_overlay_exit,645224.7819426962
2022-09-26,AINV,0.0067858944662348986,0.0067858944662348986,crash_overlay_exit,305337.772125
2022-09-26,OPINL,-0.15365359409784318,-0.1525466450048898,stop_loss_exit,9261.808050000001
2022-09-26,BRMK,-0.17747938514106687,-0.17747938514106676,stop_loss_exit,359657.9650000001
2022-09-29,CVLY,-0.1538962359792605,-0.1538962359792605,stop_loss_exit,10215.9114375
2022-09-30,NCBS,0.4531021598913676,0.4531021598913674,rebalance_exit,33105.15780000001
2022-09-30,PWOD,0.0027209854148326773,0.009828417640807219,rebalance_exit,5186.070368750001
2022-09-30,ACEV,0.0188580923125099,0.019157674023231763,rebalance_exit,4452.093481250001
2022-09-30,TMPO,0.0188580923125099,0.019157674023231763,rebalance_exit,4452.093481250001
2022-09-30,CCF,-0.05169590635755805,-0.04182781379104261,rebalance_exit,29074.397900000004
2022-09-30,MEKA,-0.005193109381783079,-0.00519310938178319,rebalance_exit,10027.100750488282
2022-09-30,SSBK,0.2013927427307911,0.2140144104151711,rebalance_exit,16441.508
2022-09-30,NPTN,0.015746551009253817,0.015746551009253817,rebalance_exit,430149.8546284641
2022-09-30,CSGS,-0.1198116095953039,-0.11328913087671377,rebalance_exit,430149.8546284641
2022-09-30,SIVBP,-0.06507154495917311,-0.06507154495917322,rebalance_exit,45135.92934375
2022-09-30,PTRS,-0.01621436374918639,-0.014339349306514926,rebalance_exit,1952.37248046875
2022-09-30,ETAC,0.0067196318336120164,0.0067196318336120164,rebalance_exit,85584.46218457032
2022-09-30,AINV,-0.03872005056894334,-0.02838980528519275,rebalance_exit,203558.51475000003
2022-10-07,INDT,-0.16744589596875614,-0.16744589596875614,stop_loss_exit,120916.704375
2022-10-10,GMRE,-0.15111908777680727,-0.15111908777680716,stop_loss_exit,88299.23046875
2022-10-24,CSTR,-0.1836511857697437,-0.18365118576974382,stop_loss_exit,53248.86806250001
2022-11-02,FFWM,-0.1652915950806776,-0.1652915950806776,stop_loss_exit,430538.92625
2022-12-30,RZA,0.15514978554687975,0.1551497855468793,rebalance_exit,28640.893225
2022-12-30,SASR,-0.08169004665801749,-0.08169004665801749,rebalance_exit,236980.80200000003
2022-12-30,CSWI,0.11847458186736404,0.12380976042663105,rebalance_exit,210775.75850000005
2022-12-30,ABTX,2.220446049250313e-16,0.0,rebalance_exit,1017905.21
2022-12-30,MN,0.04406750603269027,0.04406750603269027,rebalance_exit,373589.96406250005
2022-12-30,B_old,0.41182775389275306,0.4202662918527198,rebalance_exit,881025.9975
2022-12-30,VBTX,0.048534638036193734,0.05396843593806633,rebalance_exit,1107284.28
2022-12-30,AMK,0.25576131060090157,0.25718839649355685,rebalance_exit,141448.04328125002
2022-12-30,HMNF,-0.04485563902545231,-0.04481279793817239,rebalance_exit,15299.380473632815
2022-12-30,DHIL,0.11432956359257052,0.1299820817360826,rebalance_exit,201614.445
2022-12-30,CBTX,0.006814947799407722,0.011748725907998026,rebalance_exit,1689754.1776872105
2022-12-30,OPINL,-0.0729913125760363,-0.0729913125760363,rebalance_exit,38258.19046875
2022-12-30,ATAX,0.0033322717872690255,0.01370722134639224,rebalance_exit,59857.979921875
2023-01-04,LBC,-0.15219126283489304,-0.1504610561320947,stop_loss_exit,26563.277062500005
2023-01-27,FFIC,-0.15457799422179674,-0.15176291666488972,stop_loss_exit,44337.08080000001
2023-02-27,MGIC,-0.15183357585873725,-0.15183357585873714,stop_loss_exit,14034.483593750001
2023-03-10,ROIC,-0.1545533565124364,-0.1545533565124365,stop_loss_exit,430149.8546284641
2023-03-13,FFNW,0.1839639204004926,0.1839639204004926,sector_crash_overlay_exit,1464.6895256250004
2023-03-13,UMBFP,-0.1879186434756671,-0.18791864347566734,sector_crash_overlay_exit,1158.0997640624998
2023-03-13,CATC,-0.21320602118646936,-0.21320602118646959,sector_crash_overlay_exit,16459.417680000002
2023-03-13,MOFG,-0.1636997482173852,-0.1636997482173853,sector_crash_overlay_exit,12017.995680000002
2023-03-13,PCSB,0.050755263858152766,0.050755263858152766,sector_crash_overlay_exit,6045.983317500002
2023-03-13,MCBC,0.2673205889792718,0.26732058897927224,sector_crash_overlay_exit,6380.980260000001
2023-03-13,CALB,0.018370292294221713,0.01837029229422149,sector_crash_overlay_exit,952.88510484375
2023-03-13,BFIN,-0.05188514967675539,-0.051885149676755615,sector_crash_overlay_exit,3976.5162
2023-03-13,BRKL_old,-0.17973999225956883,-0.17973999225956871,sector_crash_overlay_exit,118547.13270000002
2023-03-13,CFB,-0.1492424466283746,-0.14924244662837471,sector_crash_overlay_exit,48443.327549999995
2023-03-13,RILYO,-0.02805521374279285,-0.02805521374279285,sector_crash_overlay_exit,12381.428137500001
2023-03-13,HTLF,-0.05437477053311923,-0.05437477053311934,sector_crash_overlay_exit,124231.5927
2023-03-13,BLFY,-0.20600495083446901,-0.20600495083446901,sector_crash_overlay_exit,24344.702325000006
2023-03-13,BHLB,-0.0007031824404141185,-0.0007031824404142295,sector_crash_overlay_exit,165876.73200000002
2023-03-13,PFC,-0.1593969507915406,-0.15939695079154048,sector_crash_overlay_exit,193325.973375
2023-03-13,EVBN,-0.017067381812500004,-0.017067381812500226,sector_crash_overlay_exit,32191.581257812497
2023-03-13,HTBI,0.1054609641389177,0.10546096413891748,sector_crash_overlay_exit,95611.43212499999
2023-03-13,LBAI,0.025557936845501894,0.025557936845501894,sector_crash_overlay_exit,526458.28275
2023-03-13,CVLY,0.16544685609862064,0.16544685609862086,sector_crash_overlay_exit,43852.318640625
2023-03-13,ESSA,-0.1823756063545804,-0.18110081730725325,sector_crash_overlay_exit,14345.045953125
2023-03-13,CVCY,-0.044469114932902065,-0.044469114932902176,sector_crash_overlay_exit,26545.441546875
2023-03-13,SIVBP,-0.10054761356273767,-0.10054761356273767,sector_crash_overlay_exit,116031.5304375
2023-03-13,PWOD,-0.0999764458899367,-0.0999764458899367,sector_crash_overlay_exit,20194.007296875
2023-03-13,UMBFP,-0.18791864347566745,-0.18791864347566734,stop_loss_exit,772.0665093750001
2023-03-13,CATC,-0.21320602118646936,-0.21320602118646959,stop_loss_exit,10972.94512
2023-03-13,MOFG,-0.1636997482173851,-0.1636997482173853,stop_loss_exit,8011.997120000002
2023-03-13,HTBK,-0.24481237578332482,-0.24481237578332493,stop_loss_exit,32082.359900000003
2023-03-13,BRKL_old,-0.17973999225956871,-0.17973999225956871,stop_loss_exit,79031.42180000001
2023-03-13,BLFY,-0.20600495083446901,-0.20600495083446901,stop_loss_exit,16229.801550000004
2023-03-13,PFC,-0.1593969507915406,-0.15939695079154048,stop_loss_exit,128883.98225
2023-03-13,ESSA,-0.1823756063545804,-0.18110081730725325,stop_loss_exit,9563.363968750002
2023-03-13,FLIC,-0.21111082672491777,-0.21111082672491777,stop_loss_exit,115651.83546875001
2023-03-15,CFB,-0.15303026767254269,-0.15303026767254257,stop_loss_exit,32295.551700000004
2023-03-20,PWOD,-0.16903312189557895,-0.16903312189557906,stop_loss_exit,13462.671531249998
2023-03-31,PCSB,0.050755263858152766,0.050755263858152766,rebalance_exit,4030.6555450000014
2023-03-31,CALB,-0.0810173975714229,-0.08101739757142312,rebalance_exit,635.2567365625
2023-03-31,HTLF,-0.06378356421041864,-0.0602537990760631,rebalance_exit,82821.06180000001
2023-03-31,BHLB,0.021479882921497717,0.02800852591838021,rebalance_exit,110584.48800000001
2023-03-31,VIVO_old,0.02071963496482021,0.02071963496481999,rebalance_exit,2184232.254211971
2023-03-31,RFP,0.01382529962918766,0.01382529962918766,rebalance_exit,1103519.9400000002
2023-03-31,SP,-0.012384800980922095,-0.012384800980922095,rebalance_exit,445153.555
2023-03-31,CVCY,-0.038745687004543616,-0.03556517261285164,rebalance_exit,17696.96103125
2023-03-31,SIVBP,-0.10054761356273767,-0.10054761356273767,rebalance_exit,77354.353625
2023-05-01,EVBN,-0.1580345227296489,-0.15467729660012552,stop_loss_exit,21461.054171875003
2023-05-01,FLIC,-0.1970906248694606,-0.1970906248694606,stop_loss_exit,209161.28000000003
2023-05-02,LBAI,-0.1940271551513204,-0.1940271551513204,stop_loss_exit,350972.18850000005
2023-05-03,BFIN,-0.1666779106102284,-0.16452319506387014,stop_loss_exit,2651.0108
2023-05-04,UMBFP,-0.1877872999460095,-0.1877872999460095,stop_loss_exit,33552.80421875
2023-05-09,MBCN,-0.16198913393539416,-0.16198913393539427,stop_loss_exit,69471.07710937501
2023-05-10,HTBI,-0.1761175650802671,-0.16637982980908406,stop_loss_exit,63740.954750000004
2023-05-10,IRBTQ,-0.18046954425303574,-0.18046954425303585,stop_loss_exit,1320597.705
2023-05-10,IRBT,-0.18043253831608508,-0.18043253831608508,stop_loss_exit,1320735.5350000001
2023-05-12,FFNW,-0.08181507766692309,-0.08074044926616253,sector_crash_overlay_exit,585.8758102500002
2023-05-12,MCBC,0.12098474070124987,0.12499207362039066,sector_crash_overlay_exit,2552.392104
2023-05-12,RILYO,0.026963715614056083,0.028497847720828418,sector_crash_overlay_exit,4952.571255
2023-05-12,CVLY,-0.1296211633224389,-0.12623108095540736,sector_crash_overlay_exit,17540.92745625
2023-05-12,ESSA,-0.16911308554236315,-0.16781190831784676,sector_crash_overlay_exit,21299.641125000002
2023-05-12,LBC,-0.14342994821818789,-0.1366370965753363,sector_crash_overlay_exit,33075.853125
2023-05-12,PWOD,-0.015378178042443014,-0.015378178042443125,sector_crash_overlay_exit,18298.7417578125
2023-05-12,INDT,0.004034916477300365,0.004662802750934558,sector_crash_overlay_exit,811605.0130037548
2023-05-12,ESSA,-0.16911308554236304,-0.16781190831784676,stop_loss_exit,14199.760750000001
2023-06-28,FDP,-0.16219869568840695,-0.16219869568840695,stop_loss_exit,595535.93
2023-06-30,CCLDP,0.4369602028389896,0.43696020283898984,rebalance_exit,5931.15338125
2023-06-30,FFNW,0.07007195676743505,0.07080437618226498,rebalance_exit,390.5838735000001
2023-06-30,MCBC,0.21527177284630916,0.22391841781935784,rebalance_exit,1701.5947360000005
2023-06-30,CVLY,0.0564039221315209,0.059001221341462795,rebalance_exit,11693.951637500002
2023-06-30,THR,0.31538318457646985,0.31538318457646985,rebalance_exit,328971.693125
2023-06-30,VGR,0.10791743921573671,0.10791743921573671,rebalance_exit,1241136.695
2023-06-30,CPLP,0.033995824000132346,0.038368870096008534,rebalance_exit,52024.95453125
2023-06-30,BNRE,0.028877168417541066,0.028877168417540844,rebalance_exit,48842.46359375
2023-06-30,LBC,-0.07235630186103548,-0.06652155582819852,rebalance_exit,22050.56875
2023-06-30,PWOD,0.09088936324430863,0.09088936324430863,rebalance_exit,12199.161171875003
2023-06-30,INDT,0.012357887322379302,0.012357887322379302,rebalance_exit,541070.00866917
2023-08-02,MLNK,-0.1822114974613005,-0.1822114974613005,stop_loss_exit,442088.09937500005
2023-09-29,GPP,0.4235030110036766,0.4297707234726198,rebalance_exit,30627.591593750003
2023-09-29,CSGS,-0.04097453315952482,-0.03777906201947556,rebalance_exit,1237660.8050000002
2023-09-29,SAVE,-0.01789993346137475,-0.0061682093311280495,rebalance_exit,1352675.0216729247
2023-09-29,SAVEQ,-0.015747098173875873,-0.00398965724495326,rebalance_exit,1352675.0216729247
2023-09-29,HOLI,0.12791358615588044,0.12791358615588044,rebalance_exit,295606.2978125
2023-09-29,EVRI,-0.09994763120246475,-0.09214719055083509,rebalance_exit,1208786.99
2023-09-29,HCCI,0.19838466015581369,0.1987037163559009,rebalance_exit,313816.34375
2023-09-29,MRCC,-0.059528194973647586,-0.05804519203229919,rebalance_exit,49276.14226562501
2023-09-29,AVTA,0.1413459943467148,0.14298484731622496,rebalance_exit,901447.5875
2023-09-29,DVAX,0.1397443975453978,0.1416255074731687,rebalance_exit,1469725.5091094098
2023-09-29,NXGN,0.45656327998595403,0.45656327998595403,rebalance_exit,626001.78
2023-09-29,PGTI,-0.05635499861304882,-0.04802743179592739,rebalance_exit,1469725.5091094098
2023-09-29,NAPA,-0.2137028162911968,-0.2137028162911968,stop_loss_exit,1469725.5091094098
2023-09-29,AMBC,-0.15308984456045993,-0.15308984456045993,stop_loss_exit,660380.5950000001
2023-10-06,ROIC,-0.15268129815240505,-0.15268129815240505,stop_loss_exit,1352675.0216729247
2023-10-24,PTMN,-0.15686928778190157,-0.15686928778190135,stop_loss_exit,22526.894400000005
2023-10-27,B_old,-0.4077313530758673,-0.4077313530758674,stop_loss_exit,761807.46
2023-11-01,FDP,-0.15820564883753452,-0.15820564883753452,stop_loss_exit,599735.75375
2023-12-11,STEC,-0.17323763217965316,-0.15664333854830892,stop_loss_exit,9526.18
2023-12-29,TGH,0.6234704862289904,0.6235528320631327,rebalance_exit,710956.4825
2023-12-29,NS,0.27257696090696304,0.2770660228110371,rebalance_exit,553634.49125
2023-12-29,CCF,0.217320670078343,0.21732067007834321,rebalance_exit,283927.513125
2023-12-29,SP,0.30780535683038,0.308521747758298,rebalance_exit,276495.61562500003
2023-12-29,EQC,0.040765365062354064,0.0426928586497799,rebalance_exit,1853635.6300000001
2023-12-29,THR,0.17822784062805908,0.1826744203092432,rebalance_exit,416411.63250000007
2023-12-29,GOGL_old,0.2446123964992708,0.2518821640364328,rebalance_exit,1020349.8525
2023-12-29,AMK,0.18868097182977617,0.19077095488345908,rebalance_exit,221815.82562500003
2023-12-29,HSII,0.17892148781671846,0.18343016851994265,rebalance_exit,334761.45625000005
2023-12-29,CVLY,0.38300579799576884,0.3879106490329074,rebalance_exit,41463.941953125
2024-01-16,CHUY,-0.1569085735161604,-0.15690857351616028,stop_loss_exit,395219.08125000005
2024-02-08,FLIC,-0.16260556381518831,-0.15785208468825696,stop_loss_exit,240899.4084375
2024-03-18,DVAX,-0.16309011499484416,-0.16309011499484416,stop_loss_exit,2154808.3088542833
2024-03-28,BKCC,0.2734033200277568,0.2734033200277568,rebalance_exit,23593.367600000005
2024-03-28,SSBK,0.16377118646109579,0.1650808828061776,rebalance_exit,58822.314921875
2024-03-28,SPTN,-0.06607862482782445,-0.06607862482782445,rebalance_exit,577396.27
2024-03-28,CPLP,0.22546519643450247,0.23545870632053134,rebalance_exit,93812.90996093751
2024-03-28,CYTT,-0.01332742038900736,-0.01332742038900736,rebalance_exit,8351.905
2024-03-28,CYT,-0.009982556405527587,-0.009982556405527587,rebalance_exit,8354.368154296875
2024-03-28,BLFY,-0.0320579542058812,-0.0320579542058812,rebalance_exit,67626.45484375
2024-03-28,VGR,-0.01063776864036936,-0.01063776864036936,rebalance_exit,1008802.6400000001
2024-05-08,ODP,-0.1852968549995797,-0.1852968549995797,stop_loss_exit,2400978.7550000004
2024-05-10,CHUY,-0.17315209372588858,-0.17315209372588858,stop_loss_exit,410567.45625000005
2024-05-21,DENN,-0.17745537341724393,-0.17745537341724393,stop_loss_exit,352986.705
2024-06-06,CALB,-0.15115533325154562,-0.15115533325154562,stop_loss_exit,31834.157304687502
2024-06-28,RILYO,0.1511210729668815,0.1511210729668815,rebalance_exit,3301.71417
2024-06-28,SWKH,-0.05153410492177202,-0.049650881572685046,rebalance_exit,78355.0238671875
2024-06-28,BFIN,0.3025796922852526,0.303889890451031,rebalance_exit,16922.66974121094
2024-06-28,MACK,0.22780634957625723,0.22780634957625723,rebalance_exit,222446.72609374998
2024-06-28,MCBC,0.6653957132469914,0.6653957132469919,rebalance_exit,44900.800625
2024-06-28,BNRE,0.03416319799693812,0.034163197996938344,rebalance_exit,26735.32431640625
2024-06-28,NGMS,0.028641342165896644,0.028641342165896644,rebalance_exit,170834.83828125
2024-06-28,SP,0.03331273747808283,0.03331273747808261,rebalance_exit,715213.3812500001
2024-06-28,DVAX,-0.10866131357635711,-0.09956932263514806,rebalance_exit,2371924.0100000002
2024-09-30,EVBN,0.6525183145168347,0.6640946013795759,rebalance_exit,126407.854375
2024-09-30,ROIC,0.1505709355317093,0.15374356406048117,rebalance_exit,1883065.955
2024-09-30,AC,0.07621749983121884,0.08601784326932682,rebalance_exit,29225.328554687498
2024-09-30,PWOD,0.26352768546049976,0.26352768546049976,rebalance_exit,41502.455859375004
2024-09-30,AMWD,0.18518713052189373,0.18893128196447018,rebalance_exit,1353538.1975
2024-09-30,ARC,0.2918708590036654,0.2937876252817846,rebalance_exit,19844.459218750002
2024-09-30,FDP,0.35555743862756195,0.3618447928218582,rebalance_exit,803938.36
2024-09-30,CALB,0.1669767512831577,0.1669767512831577,rebalance_exit,177559.47890625
2024-09-30,CHUY,0.4429012891895938,0.4429012891895938,rebalance_exit,446425.950625
2024-09-30,CVLY,0.0,0.0,rebalance_exit,207886.94734375
2024-10-31,OPINL,-0.19744230576118194,-0.19744230576118182,stop_loss_exit,24143.59
2024-12-31,KAR,0.32500003777060504,0.3396353538456802,rebalance_exit,1412790.485
2024-12-31,HAYN,0.0211467427196379,0.0211467427196379,rebalance_exit,1334205.1300000001
2024-12-31,HTBK,0.13251030119555707,0.13942603855707092,rebalance_exit,331374.09375
2024-12-31,BHLB,0.25631493167564146,0.2627155569113455,rebalance_exit,597833.1125
2024-12-31,SPTN,-0.010666603165329525,-0.001894726434125471,rebalance_exit,616119.93
2024-12-31,BFIN,0.05045589392756744,0.05045589392756744,rebalance_exit,11227.525361328126
2024-12-31,PHX,0.1869606935331507,0.18858538333604424,rebalance_exit,14993.085000000001
2024-12-31,STER,0.0009767570563858907,0.0009767570563861128,rebalance_exit,492086.03
