date,portfolio_value
2010-03-31,10000793.650793651
2010-04-01,10001587.36457546
2010-04-05,10002381.141350428
2010-04-06,10003174.98112355
2010-04-07,10003968.88389983
2010-04-08,10004762.849684266
2010-04-09,10005556.878481861
2010-04-12,10006350.970297614
2010-04-13,10007145.125136526
2010-04-14,10007939.3430036
2010-04-15,10008733.623903839
2010-04-16,10009527.967842244
2010-04-19,10010322.374823818
2010-04-20,10011116.844853565
2010-04-21,10011911.37793649
2010-04-22,10012705.974077595
2010-04-23,10013500.633281887
2010-04-26,10014295.355554368
2010-04-27,10015090.140900047
2010-04-28,10015884.989323929
2010-04-29,10016679.900831018
2010-04-30,10017474.875426322
2010-05-03,10018269.913114848
2010-05-04,10019065.013901602
2010-05-05,10019860.177791595
2010-05-06,10020655.404789833
2010-05-07,10021450.694901325
2010-05-10,10022246.048131078
2010-05-11,10023041.464484105
2010-05-12,10023836.943965413
2010-05-13,10024632.486580012
2010-05-14,10025428.092332916
2010-05-17,10026223.761229133
2010-05-18,10027019.493273675
2010-05-19,10027815.288471553
2010-05-20,10028611.146827782
2010-05-21,10029407.06834737
2010-05-24,10030203.053035334
2010-05-25,10030999.100896686
2010-05-26,10031795.21193644
2010-05-27,10032591.38615961
2010-05-28,10033387.62357121
2010-06-01,10034183.924176255
2010-06-02,10034980.287979761
2010-06-03,10035776.714986743
2010-06-04,10036573.205202218
2010-06-07,10037369.758631203
2010-06-08,10038166.375278713
2010-06-09,10038963.055149768
2010-06-10,10039759.798249383
2010-06-11,10040556.604582576
2010-06-14,10041353.474154368
2010-06-15,10042150.406969776
2010-06-16,10042947.40303382
2010-06-17,10043744.462351521
2010-06-18,10044541.584927898
2010-06-21,10045338.770767972
2010-06-22,10046136.019876763
2010-06-23,10046933.332259294
2010-06-24,10047730.707920585
2010-06-25,10048528.146865658
2010-06-28,10049325.649099536
2010-06-29,10050123.214627242
2010-06-30,10050920.8434538
2010-07-01,10051718.535584234
2010-07-02,10052516.291023565
2010-07-06,10053314.109776821
2010-07-07,10054111.991849026
2010-07-08,10054909.937245205
2010-07-09,10055707.945970383
2010-07-12,10056506.018029587
2010-07-13,10057304.153427843
2010-07-14,10058102.352170179
2010-07-15,10058900.614261622
2010-07-16,10059698.939707197
2010-07-19,10060497.328511937
2010-07-20,10061295.780680867
2010-07-21,10062094.296219015
2010-07-22,10062892.875131413
2010-07-23,10063691.51742309
2010-07-26,10064490.223099075
2010-07-27,10065288.992164401
2010-07-28,10066087.824624097
2010-07-29,10066886.720483195
2010-07-30,10067685.679746725
2010-08-02,10068484.70241972
2010-08-03,10069283.788507214
2010-08-04,10070082.93801424
2010-08-05,10070882.150945827
2010-08-06,10071681.427307013
2010-08-09,10072480.767102832
2010-08-10,10073280.170338316
2010-08-11,10074079.637018502
2010-08-12,10074879.167148424
2010-08-13,10075678.760733118
2010-08-16,10076478.41777762
2010-08-17,10077278.138286967
2010-08-18,10078077.922266196
2010-08-19,10078877.769720344
2010-08-20,10079677.68065445
2010-08-23,10080477.65507355
2010-08-24,10081277.692982683
2010-08-25,10082077.794386888
2010-08-26,10082877.959291205
2010-08-27,10083678.187700672
2010-08-30,10084478.47962033
2010-08-31,10085278.83505522
2010-09-01,10086079.254010385
2010-09-02,10086879.736490862
2010-09-03,10087680.282501696
2010-09-07,10088480.892047927
2010-09-08,10089281.565134598
2010-09-09,10090082.301766751
2010-09-10,10090883.101949431
2010-09-13,10091683.965687681
2010-09-14,10092484.892986545
2010-09-15,10093285.883851068
2010-09-16,10094086.938286295
2010-09-17,10094888.05629727
2010-09-20,10095689.23788904
2010-09-21,10096490.48306665
2010-09-22,10097291.791835148
2010-09-23,10098093.16419958
2010-09-24,10098894.600164993
2010-09-27,10099696.099736433
2010-09-28,10100497.662918951
2010-09-29,10101299.289717596
2010-09-30,10063145.297778368
2010-10-01,10050342.298149135
2010-10-04,10033409.60866603
2010-10-05,10000358.487014916
2010-10-06,10080588.750975596
2010-10-07,10094930.639090506
2010-10-08,10076413.191670207
2010-10-11,10047267.187918685
2010-10-12,10037223.334276207
2010-10-13,10056524.201370295
2010-10-14,10083581.703399587
2010-10-15,10050807.731111722
2010-10-18,10037576.273779228
2010-10-19,10074800.650366565
2010-10-20,10032223.931386087
2010-10-21,10040096.031430207
2010-10-22,10018541.644053942
2010-10-25,10018874.444522755
2010-10-26,10017743.315856867
2010-10-27,10033693.417716105
2010-10-28,10075432.505542338
2010-10-29,10184413.444930065
2010-11-01,10204416.377322733
2010-11-02,10221351.365705205
2010-11-03,10300666.761594353
2010-11-04,10323386.818234172
2010-11-05,10293177.309318995
2010-11-08,10299397.632171482
2010-11-09,10309185.203965226
2010-11-10,10353043.122714646
2010-11-11,10414997.770067956
2010-11-12,10366399.556243854
2010-11-15,10342427.143127322
2010-11-16,10300840.108216729
2010-11-17,10288576.563415643
2010-11-18,10276456.28316946
2010-11-19,10220834.443453217
2010-11-22,10208136.674742088
2010-11-23,10175764.202993317
2010-11-24,10155746.380979264
2010-11-26,10117397.12124727
2010-11-29,10137607.959652252
2010-11-30,10208695.55154566
2010-12-01,10145395.843390338
2010-12-02,10132145.911295675
2010-12-03,10176727.907324325
2010-12-06,10097333.601977807
2010-12-07,10093558.54924973
2010-12-08,10129971.960187223
2010-12-09,10095041.06577914
2010-12-10,10069782.105393313
2010-12-13,10064446.798380055
2010-12-14,10038791.810212288
2010-12-15,10058971.89239692
2010-12-16,10083919.623847649
2010-12-17,10126791.139114123
2010-12-20,10124919.732172806
2010-12-21,10126936.90659498
2010-12-22,10155639.201961912
2010-12-23,10112305.342904907
2010-12-27,10134174.255713403
2010-12-28,10074744.805415634
2010-12-29,10042484.169671457
2010-12-30,10014341.661559235
2010-12-31,9983890.09983771
2011-01-03,9994457.401827212
2011-01-04,10096004.612160962
2011-01-05,10097540.217654169
2011-01-06,10119188.378598057
2011-01-07,10147433.569526788
2011-01-10,10179624.512842309
2011-01-11,10176981.417401634
2011-01-12,10182138.952063765
2011-01-13,10168980.02107539
2011-01-14,10029705.76321951
2011-01-18,10009356.005977482
2011-01-19,10011973.914426856
2011-01-20,9988317.304577857
2011-01-21,9964858.60370648
2011-01-24,9956870.881844625
2011-01-25,9868230.375493929
2011-01-26,9760784.33263745
2011-01-27,9726090.467953138
2011-01-28,9630720.76520793
2011-01-31,9647957.312819337
2011-02-01,9670937.67057819
2011-02-02,9711379.125043172
2011-02-03,9711009.01136468
2011-02-04,9693357.466978915
2011-02-07,9665909.059323277
2011-02-08,9737051.844536599
2011-02-09,9777090.455558483
2011-02-10,9761000.19972975
2011-02-11,9748705.36760087
2011-02-14,9764683.819228211
2011-02-15,9874677.26803336
2011-02-16,9815308.523416346
2011-02-17,9826235.650326408
2011-02-18,9828378.689241244
2011-02-22,9822410.05534981
2011-02-23,9774091.251193479
2011-02-24,9798549.185155902
2011-02-25,9717374.871477451
2011-02-28,9633275.48315977
2011-03-01,9510795.277510606
2011-03-02,9513005.079388522
2011-03-03,9470527.273229312
2011-03-04,9471812.357167486
2011-03-07,9472643.277215775
2011-03-08,9425449.056068908
2011-03-09,9436683.079319026
2011-03-10,9465801.164527044
2011-03-11,9460093.13186491
2011-03-14,9398052.887272226
2011-03-15,9364318.765730051
2011-03-16,9375107.221873652
2011-03-17,9346972.648631562
2011-03-18,9396516.143735938
2011-03-21,9296090.671785265
2011-03-22,9245294.765935067
2011-03-23,9204356.181765212
2011-03-24,9177727.866316061
2011-03-25,9196878.637777533
2011-03-28,9233789.270606846
2011-03-29,9161796.795245223
2011-03-30,9149530.5728552
2011-03-31,9067663.478744067
2011-04-01,9074022.566120718
2011-04-04,9033193.029829232
2011-04-05,8999088.262169044
2011-04-06,9020783.488812063
2011-04-07,9071141.393946402
2011-04-08,9078220.035379626
2011-04-11,9032678.327713488
2011-04-12,9032599.193045132
2011-04-13,9021300.586019916
2011-04-14,8976775.481674066
2011-04-15,8959990.808436863
2011-04-18,9020695.275302747
2011-04-19,9120431.883382145
2011-04-20,9138026.989476267
2011-04-21,9097959.71653508
2011-04-25,9090533.536574952
2011-04-26,9165628.244720858
2011-04-27,9264479.504550166
2011-04-28,9227609.60840872
2011-04-29,9147128.621551298
2011-05-02,9142517.15232734
2011-05-03,9162666.645455852
2011-05-04,9294855.591127295
2011-05-05,9417220.513960626
2011-05-06,9533566.383683875
2011-05-09,9532302.327524524
2011-05-10,9480194.350011775
2011-05-11,9475694.826045934
2011-05-12,9473398.43010606
2011-05-13,9533613.57603907
2011-05-16,9528633.506083786
2011-05-17,9534409.737994552
2011-05-18,9510604.37158857
2011-05-19,9510462.31310084
2011-05-20,9794575.804170398
2011-05-23,9808616.404471617
2011-05-24,9861996.739566844
2011-05-25,9800529.038692083
2011-05-26,9740258.842749175
2011-05-27,9749862.839890841
2011-05-31,9685300.784947634
2011-06-01,9691891.053486597
2011-06-02,9857372.789621845
2011-06-03,9849132.707063738
2011-06-06,9846104.152806943
2011-06-07,9873675.708867278
2011-06-08,9872938.518340228
2011-06-09,9930605.62500278
2011-06-10,9871503.787984744
2011-06-13,9800004.807187857
2011-06-14,9924883.75689428
2011-06-15,9951247.536282733
2011-06-16,9903588.679362688
2011-06-17,9908776.039846681
2011-06-20,9927956.021460725
2011-06-21,9833404.433905141
2011-06-22,9818539.570253652
2011-06-23,9772690.213669263
2011-06-24,9831851.2184475
2011-06-27,9771193.231896877
2011-06-28,9779539.442078386
2011-06-29,9767345.301867902
2011-06-30,9765660.106415434
2011-07-01,9707581.923081763
2011-07-05,9644483.078433644
2011-07-06,9632488.436110795
2011-07-07,9628754.3570307
2011-07-08,9563905.324308524
2011-07-11,9549975.209059522
2011-07-12,9541715.259034373
2011-07-13,9512778.676556941
2011-07-14,9497290.465411387
2011-07-15,9434261.315527543
2011-07-18,9404813.363524571
2011-07-19,9383784.524334468
2011-07-20,9439237.58720721
2011-07-21,9415428.39853368
2011-07-22,9455651.244944433
2011-07-25,9446079.867255997
2011-07-26,9404838.54774699
2011-07-27,9419209.023626382
2011-07-28,9260988.565402534
2011-07-29,9230873.553539285
2011-08-01,9110477.934227925
2011-08-02,9173926.188598638
2011-08-03,9083172.136639195
2011-08-04,9050775.483762395
2011-08-05,8986439.057892058
2011-08-08,9199250.027298909
2011-08-09,9233310.964286052
2011-08-10,9265454.549576595
2011-08-11,9148953.280238885
2011-08-12,9108746.790750768
2011-08-15,9168674.618085917
2011-08-16,9264569.87231152
2011-08-17,9253044.477144713
2011-08-18,9321303.445094764
2011-08-19,9343370.870211877
2011-08-22,9342614.214452714
2011-08-23,9302850.251734843
2011-08-24,9294765.58699064
2011-08-25,9322945.68294378
2011-08-26,9318069.040342238
2011-08-29,9277390.361269824
2011-08-30,9307890.324091647
2011-08-31,9293682.070782088
2011-09-01,9285125.354359478
2011-09-02,9340192.642741498
2011-09-06,9226131.133101642
2011-09-07,9165569.153461691
2011-09-08,9118311.040531436
2011-09-09,9144827.703856707
2011-09-12,9124276.879046472
2011-09-13,9156038.927972749
2011-09-14,9067984.332724147
2011-09-15,9036819.3321942
2011-09-16,8986666.376872115
2011-09-19,8911527.299149172
2011-09-20,8986116.481338212
2011-09-21,9032378.259593047
2011-09-22,9047185.303005071
2011-09-23,9053719.025715075
2011-09-26,9008933.83454681
2011-09-27,8935228.52064734
2011-09-28,8939115.902936708
2011-09-29,8932663.980750011
2011-09-30,8825753.313447997
2011-10-03,8801152.584365038
2011-10-04,8827010.063303443
2011-10-05,8916329.796613436
2011-10-06,8981890.17430499
2011-10-07,8970765.385593887
2011-10-10,9043430.462128298
2011-10-11,9061864.718025526
2011-10-12,9053893.945837405
2011-10-13,9070082.010647472
2011-10-14,9141588.872987157
2011-10-17,9155237.658564974
2011-10-18,9180327.888389545
2011-10-19,9135238.708870286
2011-10-20,9110649.519921632
2011-10-21,9118445.65215155
2011-10-24,9135137.627614077
2011-10-25,9112164.16441736
2011-10-26,9169027.358251741
2011-10-27,9118170.698581904
2011-10-28,9158568.615871467
2011-10-31,9067596.547832005
2011-11-01,9071113.235771805
2011-11-02,9099729.43151253
2011-11-03,9001690.473614134
2011-11-04,9056071.190815123
2011-11-07,9084287.149733966
2011-11-08,9062981.140223853
2011-11-09,9017233.072453868
2011-11-10,9050796.02437155
2011-11-11,9072497.262526602
2011-11-14,9030755.336429734
2011-11-15,9060597.18340107
2011-11-16,9078623.716468435
2011-11-17,9034084.612310223
2011-11-18,9074739.831185276
2011-11-21,8980048.2028575
2011-11-22,8969876.134645373
2011-11-23,8924764.92825108
2011-11-25,8889544.88812617
2011-11-28,8916376.253394375
2011-11-29,8873690.056904271
2011-11-30,8934700.077154273
2011-12-01,8935551.213045798
2011-12-02,8951939.842914775
2011-12-05,8894723.293969035
2011-12-06,8898120.457297478
2011-12-07,8857647.81073298
2011-12-08,8797532.535557155
2011-12-09,8814882.140784038
2011-12-12,8814279.358361663
2011-12-13,8782293.144750267
2011-12-14,8761057.260117978
2011-12-15,8730786.517825034
2011-12-16,8717632.430683829
2011-12-19,8643222.04061002
2011-12-20,8663334.201480655
2011-12-21,8699807.608212987
2011-12-22,8703886.264086464
2011-12-23,8731202.436389223
2011-12-27,8727403.308450049
2011-12-28,8695266.887794659
2011-12-29,8703081.70597146
2011-12-30,8662719.145401087
2012-01-03,8776595.701363873
2012-01-04,8756084.622339316
2012-01-05,8758456.6614566
2012-01-06,8753213.577629594
2012-01-09,8746199.775912238
2012-01-10,8786376.071332382
2012-01-11,8809341.020377383
2012-01-12,8806901.3762423
2012-01-13,8730857.841347821
2012-01-17,8775696.781361401
2012-01-18,8807653.791690301
2012-01-19,8758375.53300827
2012-01-20,8759978.91175757
2012-01-23,8798526.353068387
2012-01-24,8784765.61368832
2012-01-25,8812749.264174437
2012-01-26,8761613.720566485
2012-01-27,8759379.836901303
2012-01-30,8747142.226460943
2012-01-31,8695394.350861307
2012-02-01,8699729.665573977
2012-02-02,8737222.974598452
2012-02-03,8805877.100176979
2012-02-06,8835367.200520102
2012-02-07,8857551.522697723
2012-02-08,8836057.97900835
2012-02-09,8804619.974778857
2012-02-10,8740298.50616633
2012-02-13,8796691.644988399
2012-02-14,8766665.518309068
2012-02-15,8739558.94330356
2012-02-16,8754027.795911957
2012-02-17,8751519.923067167
2012-02-21,8761039.999661922
2012-02-22,8755189.958139867
2012-02-23,8778300.896113502
2012-02-24,8760685.366380079
2012-02-27,8745188.05278738
2012-02-28,8753618.541081445
2012-02-29,8721946.849952176
2012-03-01,8735430.95450956
2012-03-02,8711946.928936118
2012-03-05,8643731.079177992
2012-03-06,8594038.038121976
2012-03-07,8617865.732781166
2012-03-08,8641522.02768568
2012-03-09,8641886.278581396
2012-03-12,8617423.463252297
2012-03-13,8635658.010998763
2012-03-14,8555214.223895239
2012-03-15,8578142.747748002
2012-03-16,8606639.830211913
2012-03-19,8622694.823656091
2012-03-20,8638050.15883682
2012-03-21,8644056.103760973
2012-03-22,8586669.842607064
2012-03-23,8596749.999223407
2012-03-26,8613729.044947054
2012-03-27,8592451.991255298
2012-03-28,8580570.500200152
2012-03-29,8565623.71334995
2012-03-30,8497522.776714467
2012-04-02,8488197.267004551
2012-04-03,8458035.778299062
2012-04-04,8467734.275894502
2012-04-05,8456457.424855825
2012-04-09,8428290.971905837
2012-04-10,8403105.11210128
2012-04-11,8415188.84350759
2012-04-12,8434645.737863077
2012-04-13,8426748.310160529
2012-04-16,8403369.686755143
2012-04-17,8395799.981866537
2012-04-18,8404191.483900914
2012-04-19,8405574.252413219
2012-04-20,8418278.472922156
2012-04-23,8396850.827269996
2012-04-24,8387207.321070767
2012-04-25,8390907.352578798
2012-04-26,8389432.629235804
2012-04-27,8373763.094919437
2012-04-30,8368368.009726252
2012-05-01,8358081.156021729
2012-05-02,8326718.15427784
2012-05-03,8317776.760840636
2012-05-04,8324791.501894478
2012-05-07,8322558.2335430775
2012-05-08,8278357.345230676
2012-05-09,8297131.213436873
2012-05-10,8279716.088968687
2012-05-11,8282310.1733992845
2012-05-14,8252033.267605661
2012-05-15,8206208.128779322
2012-05-16,8149296.791309623
2012-05-17,8129059.37622831
2012-05-18,8109898.177688238
2012-05-21,8183598.227867727
2012-05-22,8188345.204417909
2012-05-23,8216789.037236631
2012-05-24,8240306.307562638
2012-05-25,8265260.752944384
2012-05-29,8265284.96268604
2012-05-30,8241012.663210077
2012-05-31,8236205.958774743
2012-06-01,8219526.393617736
2012-06-04,8210141.288725363
2012-06-05,8212186.916118027
2012-06-06,8231646.433748249
2012-06-07,8236363.191467609
2012-06-08,8212912.202795462
2012-06-11,8207051.044664743
2012-06-12,8180283.474284698
2012-06-13,8160090.481645722
2012-06-14,8157385.956700893
2012-06-15,8218772.164233282
2012-06-18,8221963.815435518
2012-06-19,8218857.4378077835
2012-06-20,8218551.194995815
2012-06-21,8173571.590036703
2012-06-22,8168509.907075567
2012-06-25,8155484.610553415
2012-06-26,8151328.051189024
2012-06-27,8167268.358758317
2012-06-28,8215113.487571685
2012-06-29,8146102.710702226
2012-07-02,8180545.019676505
2012-07-03,8220226.534413562
2012-07-05,8255800.963145696
2012-07-06,8238017.385981845
2012-07-09,8194943.84237114
2012-07-10,8173894.325008683
2012-07-11,8147383.373821311
2012-07-12,8114194.804023368
2012-07-13,8129595.691381618
2012-07-16,8130693.605629589
2012-07-17,8127256.706766959
2012-07-18,8125680.352546763
2012-07-19,8118004.723228298
2012-07-20,8101258.654624697
2012-07-23,8083537.900302557
2012-07-24,8041778.654139847
2012-07-25,8018047.662204038
2012-07-26,7962049.499501575
2012-07-27,7941258.583159661
2012-07-30,7978915.679602878
2012-07-31,7981950.882537257
2012-08-01,7986238.2996062655
2012-08-02,7962172.258899007
2012-08-03,7998102.986461118
2012-08-06,8018909.892776426
2012-08-07,8056352.981637128
2012-08-08,8068793.923310129
2012-08-09,8079936.616012342
2012-08-10,8071477.997245936
2012-08-13,8050963.5861242935
2012-08-14,8054666.566038253
2012-08-15,8061867.093471162
2012-08-16,8064961.464478246
2012-08-17,8075270.635191413
2012-08-20,8107134.117392547
2012-08-21,8128379.055997213
2012-08-22,8148544.184259882
2012-08-23,8172149.248700452
2012-08-24,8146298.629692273
2012-08-27,8138866.426920492
2012-08-28,8150944.5086187245
2012-08-29,8134152.799155733
2012-08-30,8127004.79737529
2012-08-31,8126686.291248137
2012-09-04,8105317.042112791
2012-09-05,8129035.049692851
2012-09-06,8112214.25504536
2012-09-07,8174716.55308983
2012-09-10,8192351.470932398
2012-09-11,8196339.332866769
2012-09-12,8200033.126184657
2012-09-13,8195405.424489678
2012-09-14,8208622.116481254
2012-09-17,8181889.424524646
2012-09-18,8160154.377522693
2012-09-19,8179047.924797138
2012-09-20,8169118.2030450925
2012-09-21,8156925.072280985
2012-09-24,8123964.529825021
2012-09-25,8116302.979958873
2012-09-26,8108267.596991614
2012-09-27,8108413.352172909
2012-09-28,8059003.366393358
2012-10-01,8073364.042137434
2012-10-02,8074127.568577856
2012-10-03,8083305.505284278
2012-10-04,8070699.883873846
2012-10-05,8062347.862719124
2012-10-08,8056518.7661561165
2012-10-09,8040118.908110386
2012-10-10,7988528.618514137
2012-10-11,7982536.689822666
2012-10-12,7971092.819190795
2012-10-15,7975654.673111327
2012-10-16,7989738.71733334
2012-10-17,7994485.798848793
2012-10-18,7989851.347126486
2012-10-19,7994267.5475663915
2012-10-22,8002811.100900382
2012-10-23,8002955.23040285
2012-10-24,7973907.01035005
2012-10-25,7972883.907770423
2012-10-26,7962049.8838484995
2012-10-31,7952417.475596328
2012-11-01,7950351.747582326
2012-11-02,7953667.810425283
2012-11-05,7976132.67637391
2012-11-06,8001007.22004051
2012-11-07,8000618.272537452
2012-11-08,7987811.588561958
2012-11-09,7962738.81227454
2012-11-12,8008551.220557055
2012-11-13,8000520.874325991
2012-11-14,7967106.798157782
2012-11-15,7922777.248489406
2012-11-16,7927789.577575007
2012-11-19,7950154.779972807
2012-11-20,7953400.690302743
2012-11-21,7987040.780369189
2012-11-23,7999141.906462761
2012-11-26,8011307.062328709
2012-11-27,7976627.350485681
2012-11-28,8008745.9611869715
2012-11-29,7984234.29339193
2012-11-30,7950299.436879851
2012-12-03,7967323.452063143
2012-12-04,7970549.355727518
2012-12-05,7967810.809838878
2012-12-06,7960127.8068601135
2012-12-07,7953729.7826780975
2012-12-10,7936115.126966225
2012-12-11,7940146.617681036
2012-12-12,7941132.353493643
2012-12-13,7926998.819121283
2012-12-14,7887296.586827405
2012-12-17,7906068.406583771
2012-12-18,7907207.19466763
2012-12-19,7904375.307621997
2012-12-20,7902094.878857644
2012-12-21,7877493.422344204
2012-12-24,7871445.497111028
2012-12-26,7863412.728083013
2012-12-27,7863284.412821762
2012-12-28,7855197.392247584
2012-12-31,7782227.812929429
2013-01-02,7810444.628293471
2013-01-03,7773425.060969863
2013-01-04,7757933.087556111
2013-01-07,7845265.746344136
2013-01-08,7858798.815103168
2013-01-09,7827447.296477126
2013-01-10,7829788.393469309
2013-01-11,7827950.338541824
2013-01-14,7808402.024105281
2013-01-15,7805312.224493377
2013-01-16,7822894.129464327
2013-01-17,7678465.696521435
2013-01-18,7673725.413815632
2013-01-22,7694095.632099416
2013-01-23,7673901.6055371035
2013-01-24,7636732.956228213
2013-01-25,7628368.939546213
2013-01-28,7662799.867998149
2013-01-29,7711174.396278685
2013-01-30,7693429.832400927
2013-01-31,7699366.01338007
2013-02-01,7711827.529740917
2013-02-04,7686950.461082667
2013-02-05,7712099.404350383
2013-02-06,7700528.70459874
2013-02-07,7684645.500213847
2013-02-08,7708692.378587912
2013-02-11,7713538.316280654
2013-02-12,7748672.727534655
2013-02-13,7742733.20183406
2013-02-14,7731668.826632237
2013-02-15,7715747.445251757
2013-02-19,7675936.085229732
2013-02-20,7684695.302028909
2013-02-21,7656557.124005701
2013-02-22,7644179.214981889
2013-02-25,7676927.09489613
2013-02-26,7673629.419697547
2013-02-27,7659042.809904631
2013-02-28,7670129.4251000825
2013-03-01,7689015.95209591
2013-03-04,7672459.401096625
2013-03-05,7704372.877268011
2013-03-06,7732484.6477091685
2013-03-07,7715783.024822434
2013-03-08,7691523.674453557
2013-03-11,7660420.706741919
2013-03-12,7644064.516455829
2013-03-13,7639250.828229753
2013-03-14,7637360.147766767
2013-03-15,7620138.178652853
2013-03-18,7613645.775026372
2013-03-19,7643865.050837323
2013-03-20,7630282.9567955565
2013-03-21,7647129.553527884
2013-03-22,7663781.776016997
2013-03-25,7651462.569783382
2013-03-26,7640334.271125393
2013-03-27,7607565.076576985
2013-03-28,7573553.063646577
2013-04-01,7554308.927510325
2013-04-02,7529479.821637207
2013-04-03,7552852.1044055745
2013-04-04,7561232.817992326
2013-04-05,7563072.781291792
2013-04-08,7561773.395471824
2013-04-09,7578637.249852959
2013-04-10,7565605.305299708
2013-04-11,7568532.173318498
2013-04-12,7554701.195499511
2013-04-15,7541391.4163838625
2013-04-16,7562439.301837238
2013-04-17,7567974.75518819
2013-04-18,7562292.975271476
2013-04-19,7572522.498196794
2013-04-22,7572553.820588227
2013-04-23,7562805.7676372025
2013-04-24,7572118.406016527
2013-04-25,7543814.899874359
2013-04-26,7524571.761843142
2013-04-29,7550542.009607984
2013-04-30,7525726.967610331
2013-05-01,7542532.071499924
2013-05-02,7502318.928704467
2013-05-03,7518407.65392467
2013-05-06,7523401.7670376785
2013-05-07,7485415.1661743205
2013-05-08,7464808.503218083
2013-05-09,7478066.613135
2013-05-10,7493927.430175979
2013-05-13,7499706.931024708
2013-05-14,7516043.125280241
2013-05-15,7555791.787362549
2013-05-16,7501491.9623488225
2013-05-17,7520846.28568985
2013-05-20,7567905.469342118
2013-05-21,7579221.222850846
2013-05-22,7582759.309021735
2013-05-23,7588711.93676016
2013-05-24,7569113.25608213
2013-05-28,7575809.415386568
2013-05-29,7578253.153969558
2013-05-30,7569475.442550219
2013-05-31,7568202.90480995
2013-06-03,7468928.585004833
2013-06-04,7449844.46496439
2013-06-05,7452451.410801089
2013-06-06,7454034.016937998
2013-06-07,7466024.652537014
2013-06-10,7435456.044622862
2013-06-11,7415002.616957631
2013-06-12,7438125.903615642
2013-06-13,7436979.137879778
2013-06-14,7461417.134186897
2013-06-17,7441094.193184003
2013-06-18,7436618.6249344805
2013-06-19,7419001.501885754
2013-06-20,7392614.087283075
2013-06-21,7368864.850808069
2013-06-24,7314395.098564681
2013-06-25,7322354.094227567
2013-06-26,7299999.919039298
2013-06-27,7240688.648141675
2013-06-28,7197202.914239009
2013-07-01,7211229.287354913
2013-07-02,7219702.440310495
2013-07-03,7218025.141933573
2013-07-05,7200458.556511551
2013-07-08,7210456.494240411
2013-07-09,7228646.102912659
2013-07-10,7212199.1059597535
2013-07-11,7248665.040360585
2013-07-12,7247282.617758235
2013-07-15,7258308.32997944
2013-07-16,7266555.860140329
2013-07-17,7266834.244477761
2013-07-18,7258449.870312341
2013-07-19,7264758.149617229
2013-07-22,7272120.856157167
2013-07-23,7283366.285173751
2013-07-24,7248271.735691644
2013-07-25,7238157.871142378
2013-07-26,7242673.434217434
2013-07-29,7267779.484286874
2013-07-30,7253804.26407022
2013-07-31,7256677.360098686
2013-08-01,7234429.647859815
2013-08-02,7210002.674670054
2013-08-05,7217166.860240574
2013-08-06,7169523.850834901
2013-08-07,7155884.22252997
2013-08-08,7156285.900211839
2013-08-09,7149160.080151783
2013-08-12,7171449.066160345
2013-08-13,7151673.332881777
2013-08-14,7148354.272983192
2013-08-15,7158555.260126596
2013-08-16,7168726.476139069
2013-08-19,7127613.620497517
2013-08-20,7150216.700982564
2013-08-21,7089603.432206983
2013-08-22,7092325.409427256
2013-08-23,7092956.05252876
2013-08-26,7096585.813809628
2013-08-27,7088441.319610294
2013-08-28,7134665.041197522
2013-08-29,7123702.789284172
2013-08-30,7141463.536877388
2013-09-03,7137478.327391174
2013-09-04,7129939.365213197
2013-09-05,7096384.336483494
2013-09-06,7085789.260374909
2013-09-09,7105383.800267847
2013-09-10,7087791.95389488
2013-09-11,7097353.354979055
2013-09-12,7095636.597699322
2013-09-13,7092215.7180773355
2013-09-16,7091598.921838248
2013-09-17,7062705.819869053
2013-09-18,7069007.571529865
2013-09-19,7003950.358760497
2013-09-20,7000646.603622191
2013-09-23,7008901.86310938
2013-09-24,6977910.3769307975
2013-09-25,7009873.064411156
2013-09-26,7014606.9746429585
2013-09-27,6987564.976170141
2013-09-30,6888923.498282225
2013-10-01,6925183.137919164
2013-10-02,6917152.732538479
2013-10-03,6929350.598520363
2013-10-04,6917575.3969511315
2013-10-07,6918461.3307400085
2013-10-08,6920325.242324389
2013-10-09,6919713.779004345
2013-10-10,6906545.824990034
2013-10-11,6903698.963381552
2013-10-14,6908312.918877706
2013-10-15,6917917.489874765
2013-10-16,6909384.577913842
2013-10-17,6903227.955326218
2013-10-18,6913727.589331873
2013-10-21,6877587.671245879
2013-10-22,6881425.077038553
2013-10-23,6894936.720050966
2013-10-24,6902918.142455492
2013-10-25,6909181.034873091
2013-10-28,6901897.801178684
2013-10-29,6890284.312353064
2013-10-30,6922665.128150908
2013-10-31,6895732.579118006
2013-11-01,6893140.825603258
2013-11-04,6898147.514903163
2013-11-05,6903063.386327152
2013-11-06,6902103.788941605
2013-11-07,6897820.132109555
2013-11-08,6892395.26784784
2013-11-11,6867859.165729284
2013-11-12,6840601.019898834
2013-11-13,6845639.950373871
2013-11-14,6834090.142868811
2013-11-15,6843415.679986795
2013-11-18,6855087.495062778
2013-11-19,6862678.496860252
2013-11-20,6842005.731914498
2013-11-21,6838135.88756204
2013-11-22,6811732.560859621
2013-11-25,6820218.381133266
2013-11-26,6818801.5217774445
2013-11-27,6801726.370673083
2013-11-29,6822655.617657235
2013-12-02,6800506.299770983
2013-12-03,6799435.120481817
2013-12-04,6792252.30302725
2013-12-05,6774084.682113137
2013-12-06,6759856.974140042
2013-12-09,6757092.84313372
2013-12-10,6743329.8538859375
2013-12-11,6732503.88971369
2013-12-12,6704342.715680076
2013-12-13,6674390.922318732
2013-12-16,6709242.484388864
2013-12-17,6692302.979369826
2013-12-18,6706717.205897756
2013-12-19,6706820.414789916
2013-12-20,6716909.916661465
2013-12-23,6896662.907217003
2013-12-24,6715774.932216646
2013-12-26,6734234.18535926
2013-12-27,6775581.389282082
2013-12-30,6769881.177596059
2013-12-31,6704281.439944326
2014-01-02,6726981.336555618
2014-01-03,6737861.8852276355
2014-01-06,6739760.769196853
2014-01-07,6780358.051502262
2014-01-08,6828714.939341055
2014-01-09,6831214.229242811
2014-01-10,6885179.304597506
2014-01-13,6881590.287282499
2014-01-14,6871552.641487623
2014-01-15,6855430.516468873
2014-01-16,6866804.933795337
2014-01-17,6867471.140234431
2014-01-21,6903524.079058534
2014-01-22,6898273.196464822
2014-01-23,6900838.494415244
2014-01-24,6892996.425202988
2014-01-27,6884899.420187913
2014-01-28,6895339.662992853
2014-01-29,6870803.260757985
2014-01-30,6857314.708549643
2014-01-31,6827575.643922969
2014-02-03,6824714.52453389
2014-02-04,6811706.664748786
2014-02-05,6819892.765362551
2014-02-06,6824429.366986875
2014-02-07,6841334.918445136
2014-02-10,6861407.1487661
2014-02-11,6891058.742094275
2014-02-12,6862659.850504199
2014-02-13,6869216.585708357
2014-02-14,6823319.655913791
2014-02-18,6842499.769529495
2014-02-19,6853237.257608776
2014-02-20,6841876.846867284
2014-02-21,6856536.498229057
2014-02-24,6878575.360221489
2014-02-25,6906013.7935506385
2014-02-26,6880629.284455656
2014-02-27,6854352.930618903
2014-02-28,6795997.618028312
2014-03-03,6807083.900588838
2014-03-04,6789689.716742087
2014-03-05,6784033.433343451
2014-03-06,6774187.75649322
2014-03-07,6796669.234914597
2014-03-10,6838240.314097583
2014-03-11,6849355.48039536
2014-03-12,6873912.177133026
2014-03-13,6882460.989185237
2014-03-14,6868302.729658401
2014-03-17,6916267.759720363
2014-03-18,6939092.794656536
2014-03-19,6963883.395801114
2014-03-20,6994804.873932596
2014-03-21,7022948.019106198
2014-03-24,7068291.003983239
2014-03-25,7051072.743265279
2014-03-26,7060641.540589107
2014-03-27,7039011.993075531
2014-03-28,7005992.724416211
2014-03-31,6947968.887428408
2014-04-01,6977520.665067818
2014-04-02,6961475.50482643
2014-04-03,6927969.603190383
2014-04-04,6893803.559031142
2014-04-07,6854478.843205774
2014-04-08,6868632.40202858
2014-04-09,6919656.157949301
2014-04-10,6849906.274445441
2014-04-11,6791920.744014147
2014-04-14,6752727.429468495
2014-04-15,6738929.425247297
2014-04-16,6784653.229638822
2014-04-17,6769836.378629695
2014-04-21,6762203.302012904
2014-04-22,6843341.295566846
2014-04-23,6804479.57912189
2014-04-24,6805119.470748935
2014-04-25,6759116.806149642
2014-04-28,6719691.419100326
2014-04-29,6782724.527089743
2014-04-30,6772000.332292654
2014-05-01,6803275.958371501
2014-05-02,6735750.046155734
2014-05-05,6764874.5125653185
2014-05-06,6738623.463184827
2014-05-07,6678327.367496226
2014-05-08,6649221.85154417
2014-05-09,6634450.868811422
2014-05-12,6623904.702929327
2014-05-13,6641754.746423228
2014-05-14,6623743.232546505
2014-05-15,6622659.546777956
2014-05-16,6597642.793478392
2014-05-19,6609703.715741884
2014-05-20,6614166.628536308
2014-05-21,6597054.257886978
2014-05-22,6614239.898635091
2014-05-23,6597982.367800351
2014-05-27,6573136.712557169
2014-05-28,6583867.378412541
2014-05-29,6604242.129975529
2014-05-30,6579374.892628815
2014-06-02,6568576.43014706
2014-06-03,6532862.611882793
2014-06-04,6527429.054043379
2014-06-05,6529598.904589092
2014-06-06,6512247.926867958
2014-06-09,6674444.391251365
2014-06-10,6755226.997342953
2014-06-11,6783566.471988157
2014-06-12,6789983.400114249
2014-06-13,6780627.0773267
2014-06-16,6805028.745038083
2014-06-17,6787240.293756567
2014-06-18,6788999.605003327
2014-06-19,6784808.135943238
2014-06-20,6789193.532225555
2014-06-23,6791544.199711395
2014-06-24,6782697.419606037
2014-06-25,6809764.617254468
2014-06-26,6817588.750002565
2014-06-27,6804062.347520429
2014-06-30,6758573.443959558
2014-07-01,6753889.834053058
2014-07-02,6747434.034515898
2014-07-03,6757760.008474579
2014-07-07,6792822.030810477
2014-07-08,6813962.405745996
2014-07-09,6828694.304718873
2014-07-10,6830450.520919433
2014-07-11,6834759.8467240045
2014-07-14,6834108.773026596
2014-07-15,6840767.160060319
2014-07-16,6830979.648816453
2014-07-17,6830877.183619416
2014-07-18,6830204.607289809
2014-07-21,6818654.269499574
2014-07-22,6804662.217530491
2014-07-23,6793778.897357329
2014-07-24,6812928.185246286
2014-07-25,6799514.214899622
2014-07-28,6815429.246415095
2014-07-29,6778471.845169911
2014-07-30,6774325.198571844
2014-07-31,6793914.564151125
2014-08-01,6783168.7484249305
2014-08-04,6767339.991939511
2014-08-05,6742765.025196411
2014-08-06,6766807.681964125
2014-08-07,6752274.94449931
2014-08-08,6716504.67213208
2014-08-11,6720563.5363077
2014-08-12,6740801.906090664
2014-08-13,6752353.107935363
2014-08-14,6761640.650371287
2014-08-15,6750114.014714444
2014-08-18,6764644.868403385
2014-08-19,6796754.458221017
2014-08-20,6810416.736604911
2014-08-21,6814853.478111593
2014-08-22,6797941.399877731
2014-08-25,6835965.62847908
2014-08-26,6825435.5542636365
2014-08-27,6836675.344874481
2014-08-28,6861251.686981199
2014-08-29,6849498.2130547445
2014-09-02,6901743.007652528
2014-09-03,6925934.845212374
2014-09-04,6941033.567899044
2014-09-05,6951043.041811745
2014-09-08,6957463.634799056
2014-09-09,6962535.520874029
2014-09-10,6958646.847165052
2014-09-11,6950365.2058881875
2014-09-12,6959210.728807426
2014-09-15,6958148.594010655
2014-09-16,6967540.121382726
2014-09-17,6963333.417095858
2014-09-18,6979864.597742993
2014-09-19,6967583.529545547
2014-09-22,6953145.687483191
2014-09-23,6960942.002120072
2014-09-24,6966185.457714
2014-09-25,6981034.5215538
2014-09-26,6975041.833874196
2014-09-29,6961826.964095756
2014-09-30,6905438.345298018
2014-10-01,6861780.449114839
2014-10-02,6851821.050413145
2014-10-03,6810744.389718196
2014-10-06,6802607.668978435
2014-10-07,6784857.312380208
2014-10-08,6795747.967237901
2014-10-09,6759750.674316796
2014-10-10,6762527.972029636
2014-10-13,6832446.461177354
2014-10-14,6835010.217157897
2014-10-15,6904859.706891537
2014-10-16,6987170.117008135
2014-10-17,6925918.87793679
2014-10-20,6969674.736826617
2014-10-21,7012619.563752068
2014-10-22,7000172.326033371
2014-10-23,6992409.492611675
2014-10-24,6941978.623747732
2014-10-27,6915578.419245284
2014-10-28,6918932.087036332
2014-10-29,6861833.783187313
2014-10-30,6811239.0625336245
2014-10-31,6826475.808198325
2014-11-03,6818399.523262033
2014-11-04,6799678.215588201
2014-11-05,6847879.66902006
2014-11-06,6826026.408784017
2014-11-07,6892276.931777999
2014-11-10,6874854.200189123
2014-11-11,6864495.325813994
2014-11-12,6866126.2942624595
2014-11-13,6853206.370388808
2014-11-14,6871901.01498202
2014-11-17,6832942.810557749
2014-11-18,6814302.889869079
2014-11-19,6811304.291100738
2014-11-20,6832551.92294386
2014-11-21,6876595.323606076
2014-11-24,6845060.956937995
2014-11-25,6822569.698209782
2014-11-26,6796440.3988236785
2014-11-28,6680533.080670999
2014-12-01,6666213.413060398
2014-12-02,6610157.630691269
2014-12-03,6654974.743335774
2014-12-04,6629449.343401419
2014-12-05,6626800.6759318905
2014-12-08,6578170.566856898
2014-12-09,6610624.581653297
2014-12-10,6597076.644405391
2014-12-11,6618004.86826978
2014-12-12,6589211.462503672
2014-12-15,6606103.283390953
2014-12-16,6615229.755878689
2014-12-17,6648805.963854294
2014-12-18,6606138.471418995
2014-12-19,6656044.516066195
2014-12-22,6603147.108230738
2014-12-23,6633108.264275797
2014-12-24,6613624.982225351
2014-12-26,6598668.44373131
2014-12-29,6582017.932554502
2014-12-30,6562115.186985766
2014-12-31,6471794.652939525
2015-01-02,6520596.3178935
2015-01-05,6517250.862439634
2015-01-06,6511108.330792896
2015-01-07,6508416.417489884
2015-01-08,6541581.407207093
2015-01-09,6533488.365596068
2015-01-12,6539064.233923256
2015-01-13,6518943.209295947
2015-01-14,6482853.375302732
2015-01-15,6516414.961528888
2015-01-16,6511981.10611801
2015-01-20,6529817.982574786
2015-01-21,6518459.896442215
2015-01-22,6517413.337546455
2015-01-23,6520312.540381927
2015-01-26,6522779.142632245
2015-01-27,6506259.975626595
2015-01-28,6525911.749898132
2015-01-29,6503843.072880266
2015-01-30,6500749.709951903
2015-02-02,6482380.176330116
2015-02-03,6490683.408428532
2015-02-04,6477717.365704501
2015-02-05,6492580.290407879
2015-02-06,6462351.805003646
2015-02-09,6468194.346667608
2015-02-10,6487097.82034876
2015-02-11,6487505.913054196
2015-02-12,6492585.343717873
2015-02-13,6493910.967708811
2015-02-17,6494879.666463923
2015-02-18,6513076.705530829
2015-02-19,6476320.115674693
2015-02-20,6485424.368258401
2015-02-23,6478195.074501669
2015-02-24,6473536.287452926
2015-02-25,6470345.445916161
2015-02-26,6504870.866393585
2015-02-27,6518147.319538283
2015-03-02,6525860.127701484
2015-03-03,6551454.20424149
2015-03-04,6553022.138511704
2015-03-05,6532312.093183941
2015-03-06,6510277.518210558
2015-03-09,6504204.6689106915
2015-03-10,6492141.236930719
2015-03-11,6480633.681420175
2015-03-12,6487897.87107446
2015-03-13,6494266.089728655
2015-03-16,6478163.605216453
2015-03-17,6446320.513569049
2015-03-18,6427461.898623507
2015-03-19,6431309.961675162
2015-03-20,6433538.291503564
2015-03-23,6471156.6432695165
2015-03-24,6466821.058294641
2015-03-25,6449803.390990138
2015-03-26,6453980.774660345
2015-03-27,6462664.706683581
2015-03-30,6490666.874358818
2015-03-31,6406608.575625764
2015-04-01,6385246.226793166
2015-04-02,6365418.292674918
2015-04-06,6377289.707109218
2015-04-07,6392846.244756367
2015-04-08,6393610.514813909
2015-04-09,6368342.11760023
2015-04-10,6377436.545826351
2015-04-13,6359695.497264983
2015-04-14,6374511.227504628
2015-04-15,6446475.212138291
2015-04-16,6448847.438497923
2015-04-17,6473448.072051958
2015-04-20,6474288.434110868
2015-04-21,6480251.767174792
2015-04-22,6482501.556532692
2015-04-23,6493241.671372594
2015-04-24,6491025.423002951
2015-04-27,6463861.387054313
2015-04-28,6424691.81407313
2015-04-29,6401560.036351167
2015-04-30,6414811.078828562
2015-05-01,6383678.051914052
2015-05-04,6385578.720818497
2015-05-05,6410589.448645494
2015-05-06,6500730.370540171
2015-05-07,6513450.183378235
2015-05-08,6537100.401283512
2015-05-11,6523675.016618594
2015-05-12,6483285.804460574
2015-05-13,6499260.167507336
2015-05-14,6469907.728786835
2015-05-15,6472567.902145801
2015-05-18,6445333.005442044
2015-05-19,6454302.972546799
2015-05-20,6450072.296661563
2015-05-21,6425713.858391665
2015-05-22,6424392.280193312
2015-05-26,6404233.222056963
2015-05-27,6390839.0069000535
2015-05-28,6392110.335861604
2015-05-29,6397791.492503263
2015-06-01,6391845.769054504
2015-06-02,6373733.216137707
2015-06-03,6333543.028739831
2015-06-04,6337220.416754303
2015-06-05,6354576.291032486
2015-06-08,6304497.130180493
2015-06-09,6311434.302644333
2015-06-10,6339950.318662038
2015-06-11,6310651.951552069
2015-06-12,6281810.633552223
2015-06-15,6263613.764187482
2015-06-16,6254410.412105331
2015-06-17,6298554.677717007
2015-06-18,6310533.645647028
2015-06-19,6331962.443997674
2015-06-22,6339560.877754709
2015-06-23,6351021.749546299
2015-06-24,6347651.443640305
2015-06-25,6330323.135428123
2015-06-26,6325320.330292834
2015-06-29,6314463.580658004
2015-06-30,6219349.178590747
2015-07-01,6199353.251995699
2015-07-02,6190990.999862129
2015-07-06,6194414.962338303
2015-07-07,6181250.607713418
2015-07-08,6156981.305085966
2015-07-09,6176434.047150091
2015-07-10,6155657.619870024
2015-07-13,6144603.360728325
2015-07-14,6161292.761600033
2015-07-15,6121402.301874022
2015-07-16,6079267.555773493
2015-07-17,6048095.450588834
2015-07-20,6000322.720838405
2015-07-21,6013139.576522123
2015-07-22,5987207.847530309
2015-07-23,5974828.582938553
2015-07-24,5970900.109459063
2015-07-27,5961525.469245768
2015-07-28,6002342.18809808
2015-07-29,6006062.909544956
2015-07-30,5982912.811007747
2015-07-31,5963644.790461728
2015-08-03,5965046.177913284
2015-08-04,5949057.2814200055
2015-08-05,5917117.218744706
2015-08-06,5972423.2830215385
2015-08-07,5946438.651484016
2015-08-10,5975177.2475015465
2015-08-11,5997008.812770071
2015-08-12,6037771.074560769
2015-08-13,6000451.027161071
2015-08-14,5997802.674174713
2015-08-17,5983238.488848785
2015-08-18,6002596.818268789
2015-08-19,6032045.503222588
2015-08-20,6068992.3041769825
2015-08-21,6079847.338514105
2015-08-24,6062193.176707171
2015-08-25,6071720.374206436
2015-08-26,6085957.968107782
2015-08-27,6214135.007483048
2015-08-28,6235227.442219567
2015-08-31,6298963.572504644
2015-09-01,6206116.593938297
2015-09-02,6229337.373322668
2015-09-03,6215680.847018927
2015-09-04,6174219.619580637
2015-09-08,6133289.223393853
2015-09-09,6173981.651321901
2015-09-10,6176536.874551864
2015-09-11,6143375.19996991
2015-09-14,6169975.1614344865
2015-09-15,6160106.672147196
2015-09-16,6194376.153978157
2015-09-17,6204102.267025668
2015-09-18,6210337.536063138
2015-09-21,6208660.021599961
2015-09-22,6193836.713548039
2015-09-23,6148438.576870567
2015-09-24,6200356.085012396
2015-09-25,6213632.379340262
2015-09-28,6216464.748415096
2015-09-29,6212426.081905116
2015-09-30,6098630.931554893
2015-10-01,6099337.891824264
2015-10-02,6154851.284138573
2015-10-05,6191120.882901905
2015-10-06,6264289.613650683
2015-10-07,6278245.271159146
2015-10-08,6292662.026676225
2015-10-09,6323673.924069655
2015-10-12,6260703.081233738
2015-10-13,6232867.759781875
2015-10-14,6266907.006494871
2015-10-15,6304581.994320141
2015-10-16,6291395.403845826
2015-10-19,6258062.413805647
2015-10-20,6246006.641469823
2015-10-21,6212941.005426414
2015-10-22,6162312.51904907
2015-10-23,6147800.106851378
2015-10-26,6094345.632639284
2015-10-27,6059239.748955559
2015-10-28,6064545.052013466
2015-10-29,6074503.416707857
2015-10-30,6113173.253470365
2015-11-02,6201999.054775823
2015-11-03,6264832.180668802
2015-11-04,6234957.1886260025
2015-11-05,6214995.6568237115
2015-11-06,6187358.437348463
2015-11-09,6193546.787467756
2015-11-10,6173699.177581795
2015-11-11,6145350.50836488
2015-11-12,6094200.886174025
2015-11-13,6119336.36481596
2015-11-16,6104645.412769957
2015-11-17,6062433.51716951
2015-11-18,6087595.286903869
2015-11-19,6063081.51494831
2015-11-20,6064274.369027007
2015-11-23,6095440.372767912
2015-11-24,6148930.948470339
2015-11-25,6159834.644837508
2015-11-27,6155790.069214586
2015-11-30,6157556.903649861
2015-12-01,6152785.424460478
2015-12-02,6141123.201823391
2015-12-03,6123923.618706245
2015-12-04,6090499.96153618
2015-12-07,6045838.513119696
2015-12-08,6049807.090598114
2015-12-09,6053892.165283009
2015-12-10,6078083.559037547
2015-12-11,6030845.539190041
2015-12-14,6182697.287965237
2015-12-15,6187851.56092575
2015-12-16,6233063.489389338
2015-12-17,6194190.236467067
2015-12-18,6243400.40957574
2015-12-21,6250251.598862163
2015-12-22,6261841.633942122
2015-12-23,6291410.89920179
2015-12-24,6292744.903885921
2015-12-28,6226449.97994057
2015-12-29,6210942.577860568
2015-12-30,6203114.580068005
2015-12-31,6135241.931057131
2016-01-04,6110512.109869498
2016-01-05,6100494.925734481
2016-01-06,6095752.362022482
2016-01-07,6087097.889381219
2016-01-08,6064651.838491777
2016-01-11,6011715.115554998
2016-01-12,6009492.957398317
2016-01-13,6008342.905821508
2016-01-14,6043713.347849143
2016-01-15,6018327.719442637
2016-01-19,6027220.604148785
2016-01-20,6061787.992247654
2016-01-21,6077073.219686418
2016-01-22,6071652.6885886155
2016-01-25,6065998.724575996
2016-01-26,6085990.433390925
2016-01-27,6057820.102615139
2016-01-28,6033624.599250505
2016-01-29,6031979.603085634
2016-02-01,6031459.646344712
2016-02-02,6057786.5729759205
2016-02-03,6028173.680406101
2016-02-04,6047944.672864167
2016-02-05,6040441.482585783
2016-02-08,6055540.288144692
2016-02-09,6103760.84833164
2016-02-10,6087158.3221590575
2016-02-11,6084138.174872508
2016-02-12,6090206.409297311
2016-02-16,6091511.872274362
2016-02-17,6077467.538782803
2016-02-18,6081134.60138417
2016-02-19,6071201.079936991
2016-02-22,6067002.079596799
2016-02-23,6056348.783386985
2016-02-24,6046184.848837376
2016-02-25,6017368.0402336065
2016-02-26,6020467.079237557
2016-02-29,6034209.810849816
2016-03-01,6050766.502231693
2016-03-02,6069279.145387266
2016-03-03,6103678.477105239
2016-03-04,6119881.589472308
2016-03-07,6139437.570139656
2016-03-08,6100857.632271336
2016-03-09,6114339.1740094535
2016-03-10,6095573.220563684
2016-03-11,6113969.148461276
2016-03-14,6103832.590154608
2016-03-15,6114879.76852363
2016-03-16,6093235.890287331
2016-03-17,6100047.44666828
2016-03-18,6090462.66437623
2016-03-21,6124273.996474424
2016-03-22,6112305.340322345
2016-03-23,6107329.779480435
2016-03-24,6101969.6967370305
2016-03-28,6101880.250721016
2016-03-29,6112831.298597857
2016-03-30,6117799.757004812
2016-03-31,6011070.1479389835
2016-04-01,6045329.717946425
2016-04-04,6046898.81117942
2016-04-05,6045209.439227028
2016-04-06,6100529.720818122
2016-04-07,6128218.144091025
2016-04-08,6107131.329859655
2016-04-11,6069015.522546796
2016-04-12,6020865.437102866
2016-04-13,6008876.320288719
2016-04-14,6044758.12106969
2016-04-15,6027128.600380288
2016-04-18,6010046.548860291
2016-04-19,5983465.512303453
2016-04-20,5952398.087842884
2016-04-21,5964609.833576
2016-04-22,6021102.42669069
2016-04-25,5944700.639443135
2016-04-26,5883556.500014914
2016-04-27,5837581.728375637
2016-04-28,5834802.851428354
2016-04-29,5855273.731592291
2016-05-02,5865144.51405042
2016-05-03,5927923.892252123
2016-05-04,5967379.656883398
2016-05-05,5904713.895522017
2016-05-06,5817398.766029701
2016-05-09,5872485.348274987
2016-05-10,5831760.730568536
2016-05-11,5773921.587059536
2016-05-12,5757373.855001958
2016-05-13,5733007.871900169
2016-05-16,5743411.044971896
2016-05-17,5734286.128206719
2016-05-18,5754970.22977069
2016-05-19,5754348.5775550725
2016-05-20,5743076.507503681
2016-05-23,5728932.472704487
2016-05-24,5754574.935127497
2016-05-25,5726015.529323413
2016-05-26,5761789.023245869
2016-05-27,5784846.3973289
2016-05-31,5831206.825133447
2016-06-01,5815901.527485174
2016-06-02,5858635.464014846
2016-06-03,5868190.871515627
2016-06-06,5837446.641135983
2016-06-07,5827704.373568784
2016-06-08,5791237.147897927
2016-06-09,5791098.865304768
2016-06-10,5860218.882242583
2016-06-13,5923809.961679798
2016-06-14,5894721.97615264
2016-06-15,5874008.4087763205
2016-06-16,5975447.410646079
2016-06-17,5865737.301575078
2016-06-20,5838539.415034432
2016-06-21,5835910.77095883
2016-06-22,5854826.16470696
2016-06-23,5836590.669376524
2016-06-24,5872384.4850579295
2016-06-27,5883647.504363876
2016-06-28,5892272.406839333
2016-06-29,5895119.562517841
2016-06-30,5824418.6997933565
2016-07-01,5841405.075057337
2016-07-05,5853457.443274838
2016-07-06,5870961.134007523
2016-07-07,5885730.258378873
2016-07-08,5889971.35495734
2016-07-11,5898826.173326878
2016-07-12,5901938.766358098
2016-07-13,5882018.416367926
2016-07-14,5881642.485829903
2016-07-15,5890669.999324004
2016-07-18,5913857.792371915
2016-07-19,5932191.024514746
2016-07-20,5938965.552287348
2016-07-21,5973552.924530063
2016-07-22,5965506.852363717
2016-07-25,6005992.774341377
2016-07-26,6005805.852558124
2016-07-27,6036085.499982451
2016-07-28,6040968.068209562
2016-07-29,6003518.126086719
2016-08-01,6019641.783551486
2016-08-02,6046194.768180404
2016-08-03,6039718.857089767
2016-08-04,6072739.565792245
2016-08-05,6068176.50472518
2016-08-08,6035895.278056454
2016-08-09,6013615.163481684
2016-08-10,5998888.120090868
2016-08-11,5995496.51172309
2016-08-12,6022367.786994323
2016-08-15,6052771.430710952
2016-08-16,6038221.08493446
2016-08-17,6028537.277578449
2016-08-18,6023986.810576735
2016-08-19,6033609.196614034
2016-08-22,6056710.025714638
2016-08-23,6097676.323765522
2016-08-24,6080942.801263004
2016-08-25,6058811.5107494
2016-08-26,6021806.075746358
2016-08-29,6023294.91120814
2016-08-30,5996494.319383259
2016-08-31,6002910.232305817
2016-09-01,5991578.982543792
2016-09-02,5987934.189582641
2016-09-06,6010488.432792058
2016-09-07,6028945.9382824
2016-09-08,6079482.347873104
2016-09-09,6085508.40821863
2016-09-12,6081098.969740872
2016-09-13,6097921.120508866
2016-09-14,6124796.521636058
2016-09-15,6155786.921455737
2016-09-16,6184129.58248732
2016-09-19,6155283.116835525
2016-09-20,6156287.584142665
2016-09-21,6148678.339493282
2016-09-22,6139213.535294687
2016-09-23,6171283.077181361
2016-09-26,6153599.85370861
2016-09-27,6142425.30460176
2016-09-28,6097771.815099813
2016-09-29,6044087.850358679
2016-09-30,5976081.005007015
2016-10-03,6005445.2454964835
2016-10-04,6008748.968420613
2016-10-05,6015010.852975262
2016-10-06,6026841.041531322
2016-10-07,5987752.586917877
2016-10-10,5985908.450302448
2016-10-11,5978245.798053039
2016-10-12,6015145.042775789
2016-10-13,6012578.945570239
2016-10-14,5998759.937727398
2016-10-17,5992346.955950154
2016-10-18,6021909.362638431
2016-10-19,6046403.7646338865
2016-10-20,6027976.978477653
2016-10-21,6011443.923045544
2016-10-24,6015968.167040857
2016-10-25,5999684.8732744185
2016-10-26,6017903.356688159
2016-10-27,5988638.580570843
2016-10-28,5950181.1045225095
2016-10-31,5973779.532106422
2016-11-01,5967770.695603928
2016-11-02,5975431.276967682
2016-11-03,5929485.175063059
2016-11-04,5885581.088199824
2016-11-07,5884217.595634163
2016-11-08,5874581.7499781605
2016-11-09,5843547.253346005
2016-11-10,5846659.002270475
2016-11-11,5808870.160013812
2016-11-14,5821979.150647335
2016-11-15,5822793.306008243
2016-11-16,5886472.209666235
2016-11-17,5879514.440564856
2016-11-18,5822759.715109452
2016-11-21,5853142.988295248
2016-11-22,5861487.283782969
2016-11-23,5855916.14148285
2016-11-25,5871571.7991927015
2016-11-28,5927047.693212012
2016-11-29,5926314.6464135675
2016-11-30,5984055.124280587
2016-12-01,5987161.112656564
2016-12-02,5996286.415603446
2016-12-05,6013162.10751839
2016-12-06,6042279.993684737
2016-12-07,6032952.805178048
2016-12-08,6042870.437724931
2016-12-09,6031439.760308877
2016-12-12,6019015.51243248
2016-12-13,6029822.080115009
2016-12-14,6010021.01749664
2016-12-15,5977244.782990424
2016-12-16,5982882.533104611
2016-12-19,6003384.619371776
2016-12-20,6025056.198272962
2016-12-21,6029615.376365339
2016-12-22,6016136.135701867
2016-12-23,6010699.781015245
2016-12-27,6043425.602184327
2016-12-28,6028125.153462302
2016-12-29,6034920.201224461
2016-12-30,5958587.55679749
2017-01-03,5998422.7011539675
2017-01-04,6035901.083491316
2017-01-05,6033322.230948571
2017-01-06,6035971.944354476
2017-01-09,6043828.161189092
2017-01-10,6048444.634961203
2017-01-11,6022453.0390648395
2017-01-12,6025548.339624427
2017-01-13,6005342.194399638
2017-01-17,5962276.959568249
2017-01-18,5989431.254998356
2017-01-19,5960405.586002484
2017-01-20,5967733.57941029
2017-01-23,5937048.994345486
2017-01-24,5913842.018823576
2017-01-25,5928372.443066146
2017-01-26,5930730.014037514
2017-01-27,5895742.392990669
2017-01-30,5876092.721408275
2017-01-31,5874038.55040811
2017-02-01,5864303.105049724
2017-02-02,5845393.931047386
2017-02-03,5868837.7814478
2017-02-06,5908995.885780187
2017-02-07,5913479.800441977
2017-02-08,5918691.071664262
2017-02-09,5922601.6291541215
2017-02-10,5908887.543134761
2017-02-13,5893458.720096245
2017-02-14,5935990.079507719
2017-02-15,5934395.276507087
2017-02-16,5968886.3498617895
2017-02-17,5973324.75345204
2017-02-21,5987853.698192126
2017-02-22,5950267.803084431
2017-02-23,5934709.484698089
2017-02-24,5914924.5672299955
2017-02-27,5927103.059878839
2017-02-28,5909128.590541743
2017-03-01,5918936.691656793
2017-03-02,5911623.6431586575
2017-03-03,5892064.951162512
2017-03-06,5894355.336212534
2017-03-07,5875044.711461596
2017-03-08,5908540.460782394
2017-03-09,5909312.094755275
2017-03-10,5904539.362146487
2017-03-13,5891231.951503233
2017-03-14,5829300.809786307
2017-03-15,5847406.396166647
2017-03-16,5843594.43327892
2017-03-17,5815427.960434698
2017-03-20,5832921.218998872
2017-03-21,5815304.808673325
2017-03-22,5835248.833800103
2017-03-23,5845035.505780719
2017-03-24,5850172.730340632
2017-03-27,5907806.981457138
2017-03-28,5923465.633699294
2017-03-29,5945999.216497364
2017-03-30,5956610.100745013
2017-03-31,5910532.470335122
2017-04-03,5907779.139281341
2017-04-04,5917472.989299597
2017-04-05,5894776.554622878
2017-04-06,5880125.302734
2017-04-07,5893342.339204473
2017-04-10,5921657.708610171
2017-04-11,5895851.038520038
2017-04-12,5907727.530649889
2017-04-13,5902279.821980507
2017-04-17,5867044.36428735
2017-04-18,5849932.252003215
2017-04-19,5847909.675074269
2017-04-20,5828161.049450307
2017-04-21,5824141.643411532
2017-04-24,5808398.905042789
2017-04-25,5813659.112068888
2017-04-26,5781739.075303104
2017-04-27,5766813.118937703
2017-04-28,5777410.895856445
2017-05-01,5761514.244632551
2017-05-02,5740815.658788959
2017-05-03,5716557.296735666
2017-05-04,5718028.649630231
2017-05-05,5718786.331536403
2017-05-08,5738277.78945839
2017-05-09,5710841.460788609
2017-05-10,5678495.819025323
2017-05-11,5675827.10412555
2017-05-12,5694192.552369364
2017-05-15,5712112.418572868
2017-05-16,5689278.016102074
2017-05-17,5736408.730827244
2017-05-18,5730125.844342291
2017-05-19,5732002.853693918
2017-05-22,5701249.5095849745
2017-05-23,5723327.601294378
2017-05-24,5707106.332864649
2017-05-25,5694787.096550822
2017-05-26,5707930.958195776
2017-05-30,5700239.698959131
2017-05-31,5697988.58317711
2017-06-01,5685677.523140937
2017-06-02,5677577.558249975
2017-06-05,5681639.354684016
2017-06-06,5705016.417607537
2017-06-07,5685145.154764483
2017-06-08,5689511.046343936
2017-06-09,5713008.225475982
2017-06-12,5737935.026500665
2017-06-13,5735363.4735677615
2017-06-14,5741198.582214095
2017-06-15,5777258.268998556
2017-06-16,5783944.417053148
2017-06-19,5787246.469021056
2017-06-20,5807421.190386489
2017-06-21,5795110.974368869
2017-06-22,5761830.608317232
2017-06-23,5745095.981343963
2017-06-26,5741290.235373272
2017-06-27,5778839.57566749
2017-06-28,5772717.186990328
2017-06-29,5814680.40587776
2017-06-30,5754391.762316682
2017-07-03,5758567.803636409
2017-07-05,5767391.98877608
2017-07-06,5782194.801748937
2017-07-07,5743129.500152328
2017-07-10,5749621.609329091
2017-07-11,5752820.928216943
2017-07-12,5747808.231075886
2017-07-13,5744474.6092428425
2017-07-14,5733243.854116192
2017-07-17,5733711.826200893
2017-07-18,5751309.847457957
2017-07-19,5750542.173692465
2017-07-20,5731161.825641971
2017-07-21,5721771.154401985
2017-07-24,5728704.187362771
2017-07-25,5710972.432198422
2017-07-26,5748441.321606422
2017-07-27,5746390.180027669
2017-07-28,5727526.935072164
2017-07-31,5737349.404559527
2017-08-01,5741981.073674161
2017-08-02,5754038.849864764
2017-08-03,5716021.963823542
2017-08-04,5712798.426065963
2017-08-07,5699992.165971987
2017-08-08,5691179.463478018
2017-08-09,5687320.031357687
2017-08-10,5696298.123581702
2017-08-11,5685260.370159108
2017-08-14,5686647.53236803
2017-08-15,5657851.126185844
2017-08-16,5671259.730915639
2017-08-17,5664286.519807866
2017-08-18,5662193.664153159
2017-08-21,5667971.254909597
2017-08-22,5653748.508406306
2017-08-23,5644051.880103994
2017-08-24,5650686.9855811
2017-08-25,5651760.450712523
2017-08-28,5674995.305676289
2017-08-29,5658679.925474972
2017-08-30,5662312.974194119
2017-08-31,5656083.916908185
2017-09-01,5633674.829193905
2017-09-05,5655272.759187718
2017-09-06,5651524.177376901
2017-09-07,5627961.684570711
2017-09-08,5602725.723820338
2017-09-11,5610043.52761416
2017-09-12,5646833.1817936115
2017-09-13,5636509.576795762
2017-09-14,5625048.694941444
2017-09-15,5636542.401341816
2017-09-18,5637068.677949209
2017-09-19,5621276.633876108
2017-09-20,5652448.121303421
2017-09-21,5640793.499324058
2017-09-22,5653721.00589332
2017-09-25,5666753.555203201
2017-09-26,5675461.079895368
2017-09-27,5621606.095686544
2017-09-28,5598916.337880341
2017-09-29,5565995.729814233
2017-10-02,5580597.051533241
2017-10-03,5606220.166423658
2017-10-04,5631247.797724034
2017-10-05,5637268.895142555
2017-10-06,5634035.368551334
2017-10-09,5659875.179238252
2017-10-10,5672287.655553378
2017-10-11,5709273.041230512
2017-10-12,5731434.065946941
2017-10-13,5747009.049832955
2017-10-16,5759467.9143448165
2017-10-17,5790131.706536215
2017-10-18,5777679.889792071
2017-10-19,5746571.43831737
2017-10-20,5778440.938623926
2017-10-23,5753828.68745494
2017-10-24,5741363.337280739
2017-10-25,5738088.756555378
2017-10-26,5716424.2100455575
2017-10-27,5700600.695362488
2017-10-30,5731008.746618956
2017-10-31,5728346.629592905
2017-11-01,5693739.4694606215
2017-11-02,5633157.904016441
2017-11-03,5594705.621663164
2017-11-06,5609585.904118758
2017-11-07,5584157.554748533
2017-11-08,5654535.7863783445
2017-11-09,5670057.847611002
2017-11-10,5683699.224405768
2017-11-13,5683096.045783992
2017-11-14,5621416.462655619
2017-11-15,5621744.739493653
2017-11-16,5679907.326415749
2017-11-17,5682132.555188627
2017-11-20,5669158.09128646
2017-11-21,5673465.836437874
2017-11-22,5707042.346389333
2017-11-24,5741975.584172333
2017-11-27,5740566.643829554
2017-11-28,5754332.334548912
2017-11-29,5743567.451042077
2017-11-30,5734916.449916068
2017-12-01,5766955.686915907
2017-12-04,5736738.878563527
2017-12-05,5711527.103187997
2017-12-06,5696310.602787929
2017-12-07,5665130.470320942
2017-12-08,5674598.165867534
2017-12-11,5703390.69161723
2017-12-12,5683386.136059172
2017-12-13,5684353.357171474
2017-12-14,5707136.639825572
2017-12-15,5724490.505516868
2017-12-18,5782175.708175847
2017-12-19,5772870.567271572
2017-12-20,5738264.159579221
2017-12-21,5707179.013773391
2017-12-22,5714314.757035831
2017-12-26,5743269.351337561
2017-12-27,5734045.966457268
2017-12-28,5768403.465786742
2017-12-29,5715274.036053196
2018-01-02,5757940.971113518
2018-01-03,5760877.396288847
2018-01-04,5687435.315285683
2018-01-05,5670132.603923587
2018-01-08,5661964.007653814
2018-01-09,5679642.064381799
2018-01-10,5673151.424632999
2018-01-11,5650512.962232711
2018-01-12,5678385.704038626
2018-01-16,5717953.368370105
2018-01-17,5746268.9779517595
2018-01-18,5784074.871898761
2018-01-19,5795363.901478352
2018-01-22,5810375.188439943
2018-01-23,5791823.182746302
2018-01-24,5772822.449648974
2018-01-25,5794629.554724779
2018-01-26,5816863.406854717
2018-01-29,5832525.344370969
2018-01-30,5821578.001322714
2018-01-31,5829776.30843931
2018-02-01,5808527.399418011
2018-02-02,5760760.564209016
2018-02-05,5728051.244529749
2018-02-06,5736772.1490532495
2018-02-07,5751415.033913907
2018-02-08,5729020.890064218
2018-02-09,5713464.08173837
2018-02-12,5708204.969955593
2018-02-13,5745980.324487067
2018-02-14,5719625.062172905
2018-02-15,5710829.311835915
2018-02-16,5707962.114573186
2018-02-20,5704694.823736362
2018-02-21,5720702.275220409
2018-02-22,5700612.774346473
2018-02-23,5711659.232047345
2018-02-26,5740522.9855887825
2018-02-27,5764890.533930182
2018-02-28,5767533.66326126
2018-03-01,5770663.808183432
2018-03-02,5814435.839411515
2018-03-05,5833464.2378722215
2018-03-06,5860815.981342772
2018-03-07,5864025.985516828
2018-03-08,5876775.9305484
2018-03-09,5873626.851843456
2018-03-12,5935111.905401103
2018-03-13,5939243.53059886
2018-03-14,5948422.271642279
2018-03-15,5918117.522425646
2018-03-16,5931407.604343288
2018-03-19,5946702.025180806
2018-03-20,5952598.39145535
2018-03-21,5950064.43946961
2018-03-22,5903968.184433985
2018-03-23,5874631.175588602
2018-03-26,5890670.851304101
2018-03-27,5840897.2976239845
2018-03-28,5818142.667939842
2018-03-29,5734576.164577479
2018-04-02,5754921.507572367
2018-04-03,5795589.003227431
2018-04-04,5787865.593976801
2018-04-05,5810754.009040642
2018-04-06,5795019.078749802
2018-04-09,5788493.945702873
2018-04-10,5811914.604312076
2018-04-11,5818642.0356429275
2018-04-12,5812162.12146855
2018-04-13,5840364.353740199
2018-04-16,5851147.758648274
2018-04-17,5863754.101877857
2018-04-18,5881826.45595607
2018-04-19,5909104.6517634755
2018-04-20,5921397.4780280255
2018-04-23,5872069.532106165
2018-04-24,5904381.950790591
2018-04-25,5877652.3942892095
2018-04-26,5907431.345043464
2018-04-27,5894280.538968928
2018-04-30,5886845.2746980125
2018-05-01,5844111.465581497
2018-05-02,5851836.429617685
2018-05-03,5848667.231758388
2018-05-04,5814103.966703159
2018-05-07,5813851.019305642
2018-05-08,5818079.554286087
2018-05-09,5844707.525160665
2018-05-10,5857800.415770372
2018-05-11,5849162.619672738
2018-05-14,5866775.015764586
2018-05-15,5863690.814535238
2018-05-16,5867358.106238607
2018-05-17,5907217.638046854
2018-05-18,5914755.914632041
2018-05-21,5919744.102945007
2018-05-22,5918796.518212363
2018-05-23,5892515.550860785
2018-05-24,5884248.403341556
2018-05-25,5905026.243559657
2018-05-29,5922303.667169319
2018-05-30,5946610.586614551
2018-05-31,5938691.041319737
2018-06-01,5937805.835968643
2018-06-04,5937722.282285443
2018-06-05,5924238.923882057
2018-06-06,5922343.841961602
2018-06-07,5906883.15674795
2018-06-08,5895542.487588932
2018-06-11,5910680.366109341
2018-06-12,5886418.662734367
2018-06-13,5869351.807136035
2018-06-14,5878956.821125049
2018-06-15,5864431.17511116
2018-06-18,5891283.1935726525
2018-06-19,5873971.3857454145
2018-06-20,5864540.415781923
2018-06-21,5849995.36402669
2018-06-22,5846700.073894691
2018-06-25,5842340.254361268
2018-06-26,5850999.669599004
2018-06-27,5856555.112802617
2018-06-28,5840741.876144528
2018-06-29,5746835.663131537
2018-07-02,5773696.355065081
2018-07-03,5787044.7311817445
2018-07-05,5802865.32704564
2018-07-06,5833680.605649896
2018-07-09,5847691.650395512
2018-07-10,5850172.685418241
2018-07-11,5868434.35661909
2018-07-12,5861903.398034036
2018-07-13,5876542.484601266
2018-07-16,5835035.714818313
2018-07-17,5854352.341822872
2018-07-18,5853486.608692067
2018-07-19,5853911.4141263
2018-07-20,5850489.5737964865
2018-07-23,5823495.036303674
2018-07-24,5826841.317802551
2018-07-25,5816086.669808852
2018-07-26,5800865.599863794
2018-07-27,5803569.172274731
2018-07-30,5799283.200048397
2018-07-31,5777818.559893619
2018-08-01,5755443.1609754
2018-08-02,5768083.566825091
2018-08-03,5783263.922040507
2018-08-06,5754216.433199432
2018-08-07,5766138.800719308
2018-08-08,5768134.949900817
2018-08-09,5757580.6818167195
2018-08-10,5739668.438680042
2018-08-13,5711348.430120055
2018-08-14,5730795.176263675
2018-08-15,5715519.298211699
2018-08-16,5704116.9757663105
2018-08-17,5709036.659212302
2018-08-20,5679480.012771024
2018-08-21,5744635.775965651
2018-08-22,5735625.834667943
2018-08-23,5728206.285578823
2018-08-24,5740513.342027055
2018-08-27,5769146.150864009
2018-08-28,5756344.915900892
2018-08-29,5769826.126330337
2018-08-30,5797612.395222157
2018-08-31,5812925.299840628
2018-09-04,5792570.305960709
2018-09-05,5796420.17411678
2018-09-06,5789104.987678349
2018-09-07,5777133.082143305
2018-09-10,5747311.1050611865
2018-09-11,5777157.112281435
2018-09-12,5778355.736516501
2018-09-13,5749457.461705802
2018-09-14,5747406.012189339
2018-09-17,5745389.5787137095
2018-09-18,5785672.331365708
2018-09-19,5801733.224918778
2018-09-20,5828391.169999108
2018-09-21,5852239.919536498
2018-09-24,5906702.537063563
2018-09-25,5862227.273403103
2018-09-26,5860995.648684569
2018-09-27,5842495.917787061
2018-09-28,5802382.9235092625
2018-10-01,5883623.276600317
2018-10-02,5857859.374411874
2018-10-03,5864353.57210803
2018-10-04,5822686.193568313
2018-10-05,5809010.193812661
2018-10-08,5807611.420393302
2018-10-09,5795951.601245563
2018-10-10,5810074.014937614
2018-10-11,5821192.687660521
2018-10-12,5847935.08840055
2018-10-15,5836744.144782304
2018-10-16,5821406.589238755
2018-10-17,5791467.003907674
2018-10-18,5796121.074412724
2018-10-19,5775602.129237944
2018-10-22,5759586.886060388
2018-10-23,5744673.877228993
2018-10-24,5757213.613647956
2018-10-25,5786467.155636254
2018-10-26,5771605.530751697
2018-10-29,5748695.686154081
2018-10-30,5732731.7364687435
2018-10-31,5727068.978772784
2018-11-01,5744205.249407059
2018-11-02,5751102.169064602
2018-11-05,5783346.779690968
2018-11-06,5776220.116383794
2018-11-07,5814437.547009239
2018-11-08,5832160.569070662
2018-11-09,5825112.343910862
2018-11-12,5871601.756622145
2018-11-13,5867740.2341596335
2018-11-14,5870027.582027578
2018-11-15,5869659.818058638
2018-11-16,5841166.241884422
2018-11-19,5853798.659069121
2018-11-20,5819189.081459962
2018-11-21,5844260.172913925
2018-11-23,5837620.434610186
2018-11-26,5827459.782711982
2018-11-27,5805548.983897805
2018-11-28,5799400.731642463
2018-11-29,5812932.6784299705
2018-11-30,5807789.273835117
2018-12-03,5814322.74316318
2018-12-04,5794966.363586977
2018-12-06,5766812.2003791705
2018-12-07,5760315.117719012
2018-12-10,5732771.357731823
2018-12-11,5741325.14191713
2018-12-12,5745128.80211639
2018-12-13,5727912.528540432
2018-12-14,5736496.792964182
2018-12-17,5681693.520297715
2018-12-18,5674717.191917071
2018-12-19,5654735.357830232
2018-12-20,5680270.049004862
2018-12-21,5677553.79795272
2018-12-24,5674983.4740842525
2018-12-26,5656692.523555137
2018-12-27,5640779.022012749
2018-12-28,5651289.403446958
2018-12-31,5553572.857071876
2019-01-02,5695933.195497676
2019-01-03,5683671.20515502
2019-01-04,5756423.485115485
2019-01-07,5806749.200394828
2019-01-08,5808927.1432109885
2019-01-09,5810907.487105595
2019-01-10,5811031.126612884
2019-01-11,5836525.061025627
2019-01-14,5819352.149010047
2019-01-15,5798107.543410662
2019-01-16,5786779.233053477
2019-01-17,5786917.555032797
2019-01-18,5848196.671232931
2019-01-22,5762642.411755305
2019-01-23,5728093.61320454
2019-01-24,5742433.324988885
2019-01-25,5743862.471123434
2019-01-28,5708590.86627743
2019-01-29,5687537.553204231
2019-01-30,5678494.564968138
2019-01-31,5644338.614625384
2019-02-01,5662663.377650839
2019-02-04,5726778.366082107
2019-02-05,5724477.24523325
2019-02-06,5711664.997042915
2019-02-07,5680545.603020009
2019-02-08,5662895.588129461
2019-02-11,5689029.180475856
2019-02-12,5725547.175103457
2019-02-13,5773909.948214719
2019-02-14,5780654.594283299
2019-02-15,5792257.585436302
2019-02-19,5811393.88837049
2019-02-20,5816444.316824367
2019-02-21,5797129.2373867985
2019-02-22,5841312.291303367
2019-02-25,5840267.497437656
2019-02-26,5865420.690704367
2019-02-27,5909361.556121053
2019-02-28,5888262.643386253
2019-03-01,5918600.850011608
2019-03-04,5919258.986822293
2019-03-05,5881345.423693538
2019-03-06,5848811.37681409
2019-03-07,5817154.086116016
2019-03-08,5773449.138444271
2019-03-11,5830984.618688142
2019-03-12,5865907.540650822
2019-03-13,5880501.604419741
2019-03-14,5896355.29077365
2019-03-15,5900690.569714344
2019-03-18,5997505.943764193
2019-03-19,6018002.362066776
2019-03-20,6033909.884085467
2019-03-21,6068078.763364027
2019-03-22,6024523.881243305
2019-03-25,6047687.51510858
2019-03-26,6026169.671381115
2019-03-27,6012907.389421172
2019-03-28,6019123.871070126
2019-03-29,5959745.59326368
2019-04-01,5962849.906683546
2019-04-02,5965000.350897965
2019-04-03,5977461.198848931
2019-04-04,5965738.931084458
2019-04-05,5972939.829159767
2019-04-08,5951858.949566282
2019-04-09,5939128.056991672
2019-04-10,5973245.224082657
2019-04-11,5960706.995415318
2019-04-12,5960539.910851134
2019-04-15,5956487.796674663
2019-04-16,5968790.381820453
2019-04-17,5994874.085511902
2019-04-18,5985453.314482711
2019-04-22,5955642.94464052
2019-04-23,5933047.458166084
2019-04-24,5943024.537978485
2019-04-25,5887168.921401147
2019-04-26,5892422.943839233
2019-04-29,5908186.266315353
2019-04-30,5926898.406339422
2019-05-01,5901865.831274614
2019-05-02,5890635.778297469
2019-05-03,5860632.7461393485
2019-05-06,5848690.139035947
2019-05-07,5873285.056290165
2019-05-08,5940345.3025200935
2019-05-09,5938099.186485169
2019-05-10,5955445.775197899
2019-05-13,5934375.34971325
2019-05-14,5929311.274073478
2019-05-15,5935980.349559834
2019-05-16,5923247.366135544
2019-05-17,5891574.405966548
2019-05-20,5899220.227917778
2019-05-21,5887699.80131894
2019-05-22,5864779.101794644
2019-05-23,5812636.513085997
2019-05-24,5843671.394646713
2019-05-28,5827171.267246728
2019-05-29,5829668.151484203
2019-05-30,5854447.049006147
2019-05-31,5847521.097974725
2019-06-03,5874229.465579163
2019-06-04,5910581.335333925
2019-06-05,5888831.921906825
2019-06-06,5875787.081959551
2019-06-07,5871908.186631971
2019-06-10,5910678.891086088
2019-06-11,5894364.837097135
2019-06-12,5869679.3781844005
2019-06-13,5880326.230498416
2019-06-14,5879309.751885917
2019-06-17,5870380.310426962
2019-06-18,5845796.5182783045
2019-06-19,5834106.9544140985
2019-06-20,5849409.083757829
2019-06-21,5853671.142171984
2019-06-24,5846118.480939076
2019-06-25,5839798.339786179
2019-06-26,5811588.393566789
2019-06-27,5791756.77910983
2019-06-28,5725372.044943438
2019-07-01,5753429.18987416
2019-07-02,5728597.6983085275
2019-07-03,5720783.684007596
2019-07-05,5714490.295054376
2019-07-08,5694876.883249996
2019-07-09,5696230.827748867
2019-07-10,5706410.063184323
2019-07-11,5710985.71960415
2019-07-12,5706028.262821754
2019-07-15,5707167.594760088
2019-07-16,5657997.666063711
2019-07-17,5611278.840557511
2019-07-18,5592773.822259286
2019-07-19,5604492.303383514
2019-07-22,5613378.934915482
2019-07-23,5615205.513835921
2019-07-24,5577493.169257649
2019-07-25,5553953.982315181
2019-07-26,5536732.997522742
2019-07-29,5484045.1300283335
2019-07-30,5515794.174368951
2019-07-31,5526881.284876292
2019-08-01,5487138.553166038
2019-08-02,5473729.617720595
2019-08-05,5472928.913062985
2019-08-06,5456964.423493546
2019-08-07,5468215.252837335
2019-08-08,5445454.124848123
2019-08-09,5449258.751469849
2019-08-12,5458850.302364199
2019-08-13,5462083.395120323
2019-08-14,5498393.379269907
2019-08-15,5461164.867544992
2019-08-16,5493366.268294164
2019-08-19,5498855.627407935
2019-08-20,5507041.438214038
2019-08-21,5501306.301841585
2019-08-22,5479699.0524079725
2019-08-23,5477900.56166213
2019-08-26,5499569.410897667
2019-08-27,5482708.2755720075
2019-08-28,5479320.834825501
2019-08-29,5467576.024095407
2019-08-30,5456447.37805705
2019-09-03,5494154.909363668
2019-09-04,5482438.361549776
2019-09-05,5515786.521612595
2019-09-06,5549494.859661304
2019-09-09,5556698.897066057
2019-09-10,5553618.562119268
2019-09-11,5508339.034142075
2019-09-12,5476444.391315548
2019-09-13,5483064.425974912
2019-09-16,5564783.255132977
2019-09-17,5540112.16958865
2019-09-18,5547581.35292155
2019-09-19,5539578.433491386
2019-09-20,5483390.678918494
2019-09-23,5476301.987954047
2019-09-24,5454096.288426569
2019-09-25,5441792.24403474
2019-09-26,5411275.240648694
2019-09-27,5401156.348406678
2019-09-30,5371369.094123075
2019-10-01,5411488.934946884
2019-10-02,5438339.975023599
2019-10-03,5437646.624071327
2019-10-04,5421536.530462332
2019-10-07,5401050.692696443
2019-10-08,5362005.390550966
2019-10-09,5372476.493021375
2019-10-10,5389865.921311015
2019-10-11,5347043.5601868685
2019-10-14,5340783.05885032
2019-10-15,5337602.995922931
2019-10-16,5362712.841414798
2019-10-17,5314024.664856653
2019-10-18,5287473.3770918595
2019-10-21,5259651.043430991
2019-10-22,5201259.933514714
2019-10-23,5190875.43256343
2019-10-24,5199931.085921561
2019-10-25,5205644.451719319
2019-10-28,5228798.489696056
2019-10-29,5258791.254137891
2019-10-30,5275866.932783697
2019-10-31,5306676.245168801
2019-11-01,5335520.216796972
2019-11-04,5318018.861614166
2019-11-05,5282155.136003455
2019-11-06,5309314.836932869
2019-11-07,5395696.952867456
2019-11-08,5492986.0247586155
2019-11-11,5477870.931490808
2019-11-12,5500470.253112065
2019-11-13,5556295.996030337
2019-11-14,5551975.248617339
2019-11-15,5548313.908978095
2019-11-18,5765578.5781929605
2019-11-19,5953531.454929892
2019-11-20,5943919.873496978
2019-11-21,5889693.817691145
2019-11-22,5929981.160747135
2019-11-25,5926603.904397555
2019-11-26,6063977.636566128
2019-11-27,6123642.002798984
2019-11-29,6186751.339904804
2019-12-02,6236086.540096632
2019-12-03,6179491.22289774
2019-12-04,6159047.540611712
2019-12-05,6103312.669706168
2019-12-06,6101614.74591019
2019-12-09,6178980.438904966
2019-12-10,6258978.7633928405
2019-12-11,6249993.100945424
2019-12-12,6317219.808773969
2019-12-13,6255167.185224409
2019-12-16,6292024.374671377
2019-12-17,6303879.670984574
2019-12-18,6312066.63005979
2019-12-19,6388906.622766602
2019-12-20,6440760.990967209
2019-12-23,6495133.3022476155
2019-12-24,6484095.581052935
2019-12-26,6488372.259587358
2019-12-27,6463974.360974903
2019-12-30,6420818.899938513
2019-12-31,6308486.388337469
2020-01-02,6321079.369745504
2020-01-03,6328970.437683844
2020-01-06,6326801.823132625
2020-01-07,6329459.754854069
2020-01-08,6371670.381617242
2020-01-09,6374940.203032262
2020-01-10,6376874.527374299
2020-01-13,6496072.494647363
2020-01-14,6526513.792865654
2020-01-15,6583950.575509131
2020-01-16,6589841.5016647335
2020-01-17,6564097.831715075
2020-01-21,6593121.921446577
2020-01-22,6581658.904973591
2020-01-23,6614820.568428632
2020-01-24,6619363.879502868
2020-01-27,6638879.485033346
2020-01-28,6654385.373499848
2020-01-29,6648897.131349959
2020-01-30,6646044.581474215
2020-01-31,6664590.389106127
2020-02-03,6678170.154962238
2020-02-04,6649032.71878308
2020-02-05,6681288.944366387
2020-02-06,6649442.043235503
2020-02-07,6663271.606717978
2020-02-10,6669842.997801043
2020-02-11,6675397.995629127
2020-02-12,6646360.663730414
2020-02-13,6629825.920323806
2020-02-14,6650360.518705122
2020-02-18,6683945.973632826
2020-02-19,6706624.224077769
2020-02-20,6714039.423979584
2020-02-21,6691789.08896126
2020-02-24,6684194.224492937
2020-02-25,6663060.273247075
2020-02-26,6685917.0813882835
2020-02-27,6645211.536128733
2020-02-28,6631526.432407693
2020-03-02,6563549.206111878
2020-03-03,6586611.011335227
2020-03-04,6591696.974221481
2020-03-05,6670358.898036528
2020-03-06,6685745.777805144
2020-03-09,6662377.819518425
2020-03-10,6668425.334054264
2020-03-11,6669120.791151999
2020-03-12,6600668.299420122
2020-03-13,6566893.553358842
2020-03-16,6572284.525142874
2020-03-17,6682537.386627029
2020-03-18,6950368.690945326
2020-03-19,7016587.603102369
2020-03-20,6791126.720026754
2020-03-23,6838688.348563918
2020-03-24,6813449.362879649
2020-03-25,6786186.423284994
2020-03-26,6876726.526567575
2020-03-27,6881849.244145153
2020-03-30,6937795.615060182
2020-03-31,6788765.971660297
2020-04-01,6800560.912350214
2020-04-02,6830293.087852377
2020-04-03,6908454.843270989
2020-04-06,6870047.273841243
2020-04-07,6978670.919281572
2020-04-08,7097634.276698843
2020-04-09,7224278.019671285
2020-04-13,7297176.680221984
2020-04-14,7312885.167197704
2020-04-15,7286861.165750665
2020-04-16,7242766.247666823
2020-04-17,7272519.7039938755
2020-04-20,7178196.279675877
2020-04-21,7186897.319474105
2020-04-22,7229772.827827873
2020-04-23,7329204.953600493
2020-04-24,7306240.277284807
2020-04-27,7404196.984226938
2020-04-28,7527571.528554119
2020-04-29,7822571.272551082
2020-04-30,7795556.536095252
2020-05-01,7736174.366073294
2020-05-04,7709408.650492167
2020-05-05,7701642.576078465
2020-05-06,7642858.110713178
2020-05-07,7672626.720031906
2020-05-08,7768445.760893238
2020-05-11,7738819.623244785
2020-05-12,7762740.169923607
2020-05-13,7666416.4497302435
2020-05-14,7743327.614393319
2020-05-15,7856388.370269276
2020-05-18,8033811.512954375
2020-05-19,8022341.8566969205
2020-05-20,8158735.104809806
2020-05-21,8149068.248659711
2020-05-22,8141869.349026278
2020-05-26,8155954.079253768
2020-05-27,8203969.5457051415
2020-05-28,8200096.193182091
2020-05-29,8106395.5286393855
2020-06-01,8146378.648690775
2020-06-02,8178896.832035779
2020-06-03,8294045.345685929
2020-06-04,8447582.152824461
2020-06-05,8750917.14333642
2020-06-08,9142425.708689615
2020-06-09,9050695.683629112
2020-06-10,8891795.705494255
2020-06-11,8483131.654826192
2020-06-12,8631099.33259506
2020-06-15,8659003.6903245
2020-06-16,8698769.848128218
2020-06-17,8661905.810617922
2020-06-18,8593692.148151163
2020-06-19,8556295.420989232
2020-06-22,8592236.913292592
2020-06-23,8662243.858786162
2020-06-24,8572898.999906879
2020-06-25,8534601.998976834
2020-06-26,8480631.267227227
2020-06-29,8488260.563895017
2020-06-30,8340808.4824767895
2020-07-01,8455526.788001116
2020-07-02,8430115.764888972
2020-07-06,8340265.377028201
2020-07-07,8369189.810884379
2020-07-08,8283686.4904975295
2020-07-09,8343238.144598799
2020-07-10,8415134.482083559
2020-07-13,8421865.558210243
2020-07-14,8326327.889270106
2020-07-15,8190112.5967690665
2020-07-16,8168802.333690867
2020-07-17,8245107.1619664235
2020-07-20,8235462.0755178435
2020-07-21,8203587.89563774
2020-07-22,8178965.055367859
2020-07-23,8094689.745511346
2020-07-24,8111772.460896492
2020-07-27,8128998.91300448
2020-07-28,8206978.10300174
2020-07-29,8006912.317322325
2020-07-30,8024764.579948729
2020-07-31,8043602.004728482
2020-08-03,8108911.1359117925
2020-08-04,8042399.804446052
2020-08-05,8002579.122444391
2020-08-06,8029603.759865113
2020-08-07,8122637.621312346
2020-08-10,8217166.316998349
2020-08-11,8233691.448733792
2020-08-12,8212782.32950415
2020-08-13,8210095.307253532
2020-08-14,8208430.9599292325
2020-08-17,8181717.6529230345
2020-08-18,8186584.6116348095
2020-08-19,8159731.230699435
2020-08-20,8219862.334957947
2020-08-21,8185748.673999479
2020-08-24,8146077.212655744
2020-08-25,8154165.932983734
2020-08-26,8186546.229898931
2020-08-27,8139547.214007383
2020-08-28,8111228.286836658
2020-08-31,8034955.648037003
2020-09-01,7847708.805630626
2020-09-02,7817743.333755899
2020-09-03,7879690.8792812815
2020-09-04,7931171.693892984
2020-09-08,7903036.694403287
2020-09-09,7857622.850601903
2020-09-10,7773139.418598253
2020-09-11,7789711.013030085
2020-09-14,7779448.224283485
2020-09-15,7707008.309087871
2020-09-16,7697470.213435588
2020-09-17,7694331.785698721
2020-09-18,7694061.312528366
2020-09-21,7699511.943527427
2020-09-22,7643986.221838019
2020-09-23,7666119.554572352
2020-09-24,7745605.523336463
2020-09-25,7740721.725476781
2020-09-28,7755299.53644995
2020-09-29,7795783.294315761
2020-09-30,7645246.443420541
2020-10-01,7653361.514676768
2020-10-02,7679265.165421082
2020-10-05,7648669.817996224
2020-10-06,7683670.84233975
2020-10-07,7671238.375063568
2020-10-08,7660074.09887231
2020-10-09,7658373.060546644
2020-10-12,7683610.042894233
2020-10-13,7609632.438910849
2020-10-14,7641318.0647620335
2020-10-15,7647170.26406542
2020-10-16,7624080.728935761
2020-10-19,7605771.645727344
2020-10-20,7595609.455552787
2020-10-21,7616178.261863604
2020-10-22,7672917.891311415
2020-10-23,7668929.664987348
2020-10-26,7634313.860234367
2020-10-27,7608295.130192896
2020-10-28,7617240.593136974
2020-10-29,7611965.02688274
2020-10-30,7667413.127264082
2020-11-02,7725574.558204688
2020-11-03,7706770.136321969
2020-11-04,7668706.796906734
2020-11-05,7742142.356975019
2020-11-06,7749380.126760347
2020-11-09,8003360.8653224185
2020-11-10,7997873.458657563
2020-11-11,7979207.351526672
2020-11-12,7982960.964654823
2020-11-13,8007581.356407235
2020-11-16,8107397.032124037
2020-11-17,8202511.908904852
2020-11-18,8317474.243822078
2020-11-19,8322291.568258219
2020-11-20,8404425.22703609
2020-11-23,8626370.438017644
2020-11-24,8773507.95580854
2020-11-25,8727214.355171513
2020-11-27,8656652.394204915
2020-11-30,8592646.098069696
2020-12-01,8589745.3755329
2020-12-02,8674198.815938981
2020-12-03,8692869.604892178
2020-12-04,8759476.170129653
2020-12-07,8774321.773667619
2020-12-08,8805544.47357151
2020-12-09,8800921.631247006
2020-12-10,8863582.989139797
2020-12-11,8882229.47644391
2020-12-14,8823855.081282176
2020-12-15,8928913.073322838
2020-12-16,8952940.417535543
2020-12-17,9014041.711089514
2020-12-18,9020722.282415457
2020-12-21,8969545.408978345
2020-12-22,9064194.499764035
2020-12-23,9021141.416899847
2020-12-24,9073367.97549641
2020-12-28,9076175.706615161
2020-12-29,9010671.273148391
2020-12-30,9022492.512567839
2020-12-31,8793434.82401275
2021-01-04,8907064.718558311
2021-01-05,8957780.464721862
2021-01-06,8970667.681016052
2021-01-07,9082029.846681504
2021-01-08,9101220.475608958
2021-01-11,9288703.302923625
2021-01-12,9384779.107282111
2021-01-13,9244270.073235946
2021-01-14,9277138.23337404
2021-01-15,9258905.705821645
2021-01-19,9445252.144026466
2021-01-20,9409923.8548005
2021-01-21,9422843.468033079
2021-01-22,9361902.757681496
2021-01-25,9500658.968725573
2021-01-26,9600736.092386883
2021-01-27,9435995.061187645
2021-01-28,9552313.929253947
2021-01-29,9555318.11670144
2021-02-01,9685689.20797858
2021-02-02,9613470.115610419
2021-02-03,9599086.719343487
2021-02-04,9670391.468687369
2021-02-05,9891355.720745832
2021-02-08,10299824.431838196
2021-02-09,10251221.284718852
2021-02-10,10318705.29312964
2021-02-11,10275283.473733105
2021-02-12,10175898.515171025
2021-02-16,10080033.618699074
2021-02-17,9917413.88541414
2021-02-18,9936408.36711369
2021-02-19,9987363.501271479
2021-02-22,9851898.403293796
2021-02-23,9547317.24201031
2021-02-24,9578559.588044435
2021-02-25,9529661.311292458
2021-02-26,9513883.983281586
2021-03-01,9532909.966181822
2021-03-02,9509594.983847521
2021-03-03,9340125.15403875
2021-03-04,9269474.101502612
2021-03-05,9229734.557676185
2021-03-08,9180813.227347372
2021-03-09,9335767.998841316
2021-03-10,9333194.22986327
2021-03-11,9575868.89046963
2021-03-12,9497264.311297163
2021-03-15,9442204.683527917
2021-03-16,9419500.260724455
2021-03-17,9464129.389071038
2021-03-18,9381647.540614784
2021-03-19,9429690.283620652
2021-03-22,9435917.30459397
2021-03-23,9398441.551269129
2021-03-24,9291517.896203179
2021-03-25,9290838.904767573
2021-03-26,9302566.216193587
2021-03-29,9253667.342805553
2021-03-30,9250167.94474548
2021-03-31,9072612.731669426
2021-04-01,9065006.971681956
2021-04-05,9097857.4614647
2021-04-06,9029664.94432843
2021-04-07,9048498.252435494
2021-04-08,9095516.752681436
2021-04-09,9082921.553491358
2021-04-12,9066934.190896468
2021-04-13,9078582.32171914
2021-04-14,9040158.050939517
2021-04-15,9006348.214508511
2021-04-16,8930339.448542425
2021-04-19,8893677.06501067
2021-04-20,8887403.073648348
2021-04-21,8921656.564216727
2021-04-22,8964351.143814998
2021-04-23,9009555.305706836
2021-04-26,8986868.664883768
2021-04-27,8962393.541443551
2021-04-28,8978896.44501561
2021-04-29,8924091.968215663
2021-04-30,8962555.161190994
2021-05-03,8932968.482669437
2021-05-04,8875442.936382752
2021-05-05,8836133.473571388
2021-05-06,8834298.406745326
2021-05-07,8812125.488623377
2021-05-10,8798629.945539074
2021-05-11,8795245.552914394
2021-05-12,8801844.662694037
2021-05-13,8779942.820022887
2021-05-14,8811356.671137098
2021-05-17,8816500.57335084
2021-05-18,8819389.271636277
2021-05-19,8806487.88543524
2021-05-20,8796041.407516591
2021-05-21,8828352.807366014
2021-05-24,8851891.90758403
2021-05-25,8843896.47489919
2021-05-26,8780611.717651114
2021-05-27,8794270.63433262
2021-05-28,8783373.281232787
2021-06-01,8677650.643966192
2021-06-02,8653544.287741976
2021-06-03,8634501.774565049
2021-06-04,8643668.792115133
2021-06-07,8646283.331875741
2021-06-08,8720301.523638615
2021-06-09,8758390.762920482
2021-06-10,8803925.20081179
2021-06-11,8789824.87718391
2021-06-14,8727023.782910049
2021-06-15,8699398.540129432
2021-06-16,8671840.671269318
2021-06-17,8710490.849802246
2021-06-18,8692468.582205739
2021-06-21,8648335.874709241
2021-06-22,8579302.670293793
2021-06-23,8578112.030649975
2021-06-24,8566507.936120525
2021-06-25,8537939.89909287
2021-06-28,8575091.189808296
2021-06-29,8569378.202248447
2021-06-30,8467916.863268074
2021-07-01,8439216.089608442
2021-07-02,8364067.268787333
2021-07-06,8323693.820190387
2021-07-07,8315647.331360163
2021-07-08,8330650.085340222
2021-07-09,8363870.908707958
2021-07-12,8379844.050018482
2021-07-13,8376479.531693444
2021-07-14,8363992.234310505
2021-07-15,8349663.514923142
2021-07-16,8374647.00901696
2021-07-19,8357762.788781294
2021-07-20,8385442.952815158
2021-07-21,8344813.0865501985
2021-07-22,8279055.079760877
2021-07-23,8299485.209196631
2021-07-26,8257161.605827297
2021-07-27,8272450.8109792955
2021-07-28,8306218.690827219
2021-07-29,8271423.455468588
2021-07-30,8247617.1006993875
2021-08-02,8296950.290980792
2021-08-03,8281783.262853293
2021-08-04,8325671.500945581
2021-08-05,8370112.162128482
2021-08-06,8407599.384542447
2021-08-09,8436216.947836064
2021-08-10,8295017.923308287
2021-08-11,8285924.07654025
2021-08-12,8287900.416525761
2021-08-13,8253367.441787818
2021-08-16,8177557.78678688
2021-08-17,8208321.659225307
2021-08-18,8235374.033695687
2021-08-19,8165688.179081691
2021-08-20,8221612.919156193
2021-08-23,8269529.960576085
2021-08-24,8288125.748494582
2021-08-25,8328216.495903373
2021-08-26,8291636.339430463
2021-08-27,8322384.955411049
2021-08-30,8291744.571273359
2021-08-31,8372194.891579956
2021-09-01,8406352.394601747
2021-09-02,8397834.280592095
2021-09-03,8363241.042540813
2021-09-07,8329726.356804337
2021-09-08,8306723.551380465
2021-09-09,8330347.13239187
2021-09-10,8279402.781931052
2021-09-13,8227189.22031649
2021-09-14,8236238.220425737
2021-09-15,8223590.967236262
2021-09-16,8258124.685623378
2021-09-17,8230595.593201016
2021-09-20,8217861.643084628
2021-09-21,8235553.023886636
2021-09-22,8230223.909221316
2021-09-23,8238953.010614675
2021-09-24,8214918.849652935
2021-09-27,8244039.728900634
2021-09-28,8204772.7770456625
2021-09-29,8151356.582559092
2021-09-30,8033789.915050246
2021-10-01,8075222.479641611
2021-10-04,8069477.068353033
2021-10-05,8063820.0336473305
2021-10-06,8053111.285866485
2021-10-07,8064836.30611714
2021-10-08,8028666.239628953
2021-10-11,8016810.798418315
2021-10-12,7987767.371004792
2021-10-13,7994055.303897126
2021-10-14,7957893.23646911
2021-10-15,7944834.481828317
2021-10-18,7929421.449623559
2021-10-19,7926663.946057009
2021-10-20,7861661.124361077
2021-10-21,7929259.787379791
2021-10-22,7918010.160042002
2021-10-25,7932739.893222692
2021-10-26,7917621.23526573
2021-10-27,7918600.628352531
2021-10-28,7893142.45917942
2021-10-29,7874928.73035866
2021-11-01,7852675.998757411
2021-11-02,7864218.668014872
2021-11-03,7858669.345618658
2021-11-04,7882707.330483876
2021-11-05,7923463.7307463065
2021-11-08,7946096.664394923
2021-11-09,7937510.283472206
2021-11-10,7986687.355842771
2021-11-11,7993626.609784881
2021-11-12,8023061.611137432
2021-11-15,8019385.347432319
2021-11-16,7946227.096820359
2021-11-17,7992527.471168715
2021-11-18,7946699.680277096
2021-11-19,7979171.4916257635
2021-11-22,8031315.734113495
2021-11-23,8008608.293789665
2021-11-24,7986975.426416701
2021-11-26,7989942.1817807425
2021-11-29,7974789.050337426
2021-11-30,7952234.239191677
2021-12-01,7954638.870401738
2021-12-02,7951408.663278738
2021-12-03,7939728.448791445
2021-12-06,7905674.863182133
2021-12-07,7909559.494629316
2021-12-08,7897839.010587595
2021-12-09,7936956.717372425
2021-12-10,7954559.621065456
2021-12-13,7933206.887254389
2021-12-14,7929069.255884752
2021-12-15,7925571.06871641
2021-12-16,7908367.363915091
2021-12-17,7895542.144364997
2021-12-20,7869392.01454503
2021-12-21,7915792.969396768
2021-12-22,7904512.039169274
2021-12-23,7883408.942558067
2021-12-27,7899249.543982644
2021-12-28,7888082.565307214
2021-12-29,7892358.470753751
2021-12-30,7924019.673181202
2021-12-31,7840522.360470656
2022-01-03,7932196.538522062
2022-01-04,7901747.31237946
2022-01-05,7845727.230304988
2022-01-06,7863843.502213168
2022-01-07,7875823.090730868
2022-01-10,7842974.48853278
2022-01-11,7841724.581910035
2022-01-12,7875647.1354131065
2022-01-13,7867220.277315294
2022-01-14,7870731.4971532645
2022-01-18,7815808.532996715
2022-01-19,7768178.619751117
2022-01-20,7768855.453397162
2022-01-21,7721078.561379838
2022-01-24,7710719.802531418
2022-01-25,7704956.955294186
2022-01-26,7699740.564246846
2022-01-27,7655114.756434474
2022-01-28,7669159.799263315
2022-01-31,7765206.193120766
2022-02-01,7754159.907539622
2022-02-02,7743643.201248549
2022-02-03,7837885.669835161
2022-02-04,7814416.420723503
2022-02-07,7819492.214294326
2022-02-08,7837212.787522623
2022-02-09,7868795.897709815
2022-02-10,7844907.4898850545
2022-02-11,7833934.0434159525
2022-02-14,7837272.187411865
2022-02-15,7881931.57402699
2022-02-16,7868915.110345125
2022-02-17,7862339.324741887
2022-02-18,7833415.197234545
2022-02-22,7762229.302741673
2022-02-23,7747973.98039483
2022-02-24,7760629.686773159
2022-02-25,7787828.769531954
2022-02-28,7810841.967743056
2022-03-01,7815995.76152666
2022-03-02,7816339.291939966
2022-03-03,7772525.413310837
2022-03-04,7754443.433245849
2022-03-07,7672349.294906871
2022-03-08,7709491.361967056
2022-03-09,7715088.231081273
2022-03-10,7696462.938825728
2022-03-11,7710153.909358064
2022-03-14,7738101.327564656
2022-03-15,7738041.5898577105
2022-03-16,7786905.834257594
2022-03-17,7833517.166352539
2022-03-18,7868057.952861626
2022-03-21,7885756.532046271
2022-03-22,7914544.480778052
2022-03-23,7879473.00194792
2022-03-24,7915646.362879865
2022-03-25,7881431.28741692
2022-03-28,7907996.434704012
2022-03-29,7876268.331115074
2022-03-30,7841967.399511755
2022-03-31,7769905.3326977305
2022-04-01,7761569.899777444
2022-04-04,7795908.953490259
2022-04-05,7806406.820154563
2022-04-06,7780040.698289564
2022-04-07,7768156.433955479
2022-04-08,7755626.301187227
2022-04-11,7751043.039062638
2022-04-12,7682753.951075699
2022-04-13,7669478.588777812
2022-04-14,7662065.984374264
2022-04-18,7652926.221456465
2022-04-19,7659804.011491442
2022-04-20,7618011.896354439
2022-04-21,7632441.247961387
2022-04-22,7653241.974804165
2022-04-25,7687267.940006919
2022-04-26,7691441.183357157
2022-04-27,7667793.815488021
2022-04-28,7656335.555552638
2022-04-29,7664950.608516372
2022-05-02,7660084.7441253625
2022-05-03,7652453.169363974
2022-05-04,7628811.564684123
2022-05-05,7660124.7284351615
2022-05-06,7640914.525183357
2022-05-09,7670469.831181901
2022-05-10,7634275.247555725
2022-05-11,7608763.459558135
2022-05-12,7590948.139881169
2022-05-13,7573775.866034001
2022-05-16,7555245.440149877
2022-05-17,7546443.225803236
2022-05-18,7545057.349854832
2022-05-19,7534374.199563317
2022-05-20,7511923.068904672
2022-05-23,7439225.636949204
2022-05-24,7437901.307588091
2022-05-25,7430226.01463345
2022-05-26,7428758.867286278
2022-05-27,7397128.289806241
2022-05-31,7447252.076852149
2022-06-01,7435611.717624633
2022-06-02,7449562.832729894
2022-06-03,7464873.768910541
2022-06-06,7500870.227274753
2022-06-07,7461600.95523344
2022-06-08,7490766.8421265
2022-06-09,7499047.652960887
2022-06-10,7490297.61575119
2022-06-13,7539015.839264351
2022-06-14,7555368.777888085
2022-06-15,7544159.295697154
2022-06-16,7590536.348517415
2022-06-17,7616519.263341963
2022-06-21,7660245.163172558
2022-06-22,7673084.856287976
2022-06-23,7682698.905543774
2022-06-24,7690388.396230429
2022-06-27,7686119.25892229
2022-06-28,7671870.47230283
2022-06-29,7709383.872425708
2022-06-30,7631561.299492041
2022-07-01,7559771.6820546165
2022-07-05,7578212.685952
2022-07-06,7600805.377462812
2022-07-07,7605362.005622368
2022-07-08,7548554.2531582415
2022-07-11,7618280.843248099
2022-07-12,7589133.182425661
2022-07-13,7550613.32527733
2022-07-14,7617397.367919956
2022-07-15,7624918.404372071
2022-07-18,7730015.167645722
2022-07-19,7701769.058115914
2022-07-20,7744620.751889251
2022-07-21,7735283.921486365
2022-07-22,7770104.986043217
2022-07-25,7861170.111824621
2022-07-26,7816558.7409673575
2022-07-27,7811740.836344883
2022-07-28,7846698.891647216
2022-07-29,7951052.289895643
2022-08-01,8017632.675372325
2022-08-02,8078148.741198191
2022-08-03,8031507.1519445665
2022-08-04,7975538.351270905
2022-08-05,7926951.948894253
2022-08-08,7934403.072016761
2022-08-09,7995783.639156727
2022-08-10,7959982.880143661
2022-08-11,7998376.570041934
2022-08-12,8017767.956436932
2022-08-15,7861381.801043171
2022-08-16,7953889.3218917865
2022-08-17,7846973.793225748
2022-08-18,7768641.621692613
2022-08-19,7743402.755917363
2022-08-22,7721412.479169903
2022-08-23,7714666.7244141195
2022-08-24,7662359.886657422
2022-08-25,7674961.908776218
2022-08-26,7722573.9746839795
2022-08-29,7704073.415327049
2022-08-30,7673285.238858484
2022-08-31,7690377.433130845
2022-09-01,7617022.553605496
2022-09-02,7650380.775178414
2022-09-06,7656450.812701406
2022-09-07,7625477.474673425
2022-09-08,7543735.167986443
2022-09-09,7639891.825908362
2022-09-12,7631635.592989518
2022-09-13,7607849.03528822
2022-09-14,7647548.350447619
2022-09-15,7610764.965581286
2022-09-16,7665589.514829896
2022-09-19,7672257.378927194
2022-09-20,7695002.5969329355
2022-09-21,7723040.75557287
2022-09-22,7735231.916566454
2022-09-23,7779241.258125737
2022-09-26,7764922.951666286
2022-09-27,7754813.395701857
2022-09-28,7789692.88920762
2022-09-29,7759075.083552831
2022-09-30,7670592.444728197
2022-10-03,7640075.241693435
2022-10-04,7556073.366910865
2022-10-05,7532188.881302621
2022-10-06,7476927.726146305
2022-10-07,7572141.514523612
2022-10-10,7565297.444830826
2022-10-11,7544464.933403518
2022-10-12,7560371.051905663
2022-10-13,7463312.540867261
2022-10-14,7502888.287040927
2022-10-17,7499116.756146751
2022-10-18,7413834.108806735
2022-10-19,7467939.518075766
2022-10-20,7498422.4335557
2022-10-21,7500881.988554151
2022-10-24,7493248.101472399
2022-10-25,7459273.937327266
2022-10-26,7468907.608563673
2022-10-27,7542028.154160073
2022-10-28,7517615.391524717
2022-10-31,7479300.094396923
2022-11-01,7464907.30000205
2022-11-02,7489856.562607342
2022-11-03,7469663.442295216
2022-11-04,7424660.785648014
2022-11-07,7501695.258357495
2022-11-08,7393244.410521675
2022-11-09,7401620.527759189
2022-11-10,7251502.096190348
2022-11-11,7264737.074549107
2022-11-14,7338245.461493646
2022-11-15,7297623.001744477
2022-11-16,7342580.287873105
2022-11-17,7362827.688882141
2022-11-18,7407963.633771762
2022-11-21,7424220.833743606
2022-11-22,7396103.095972536
2022-11-23,7336534.487329408
2022-11-25,7327776.1798922885
2022-11-28,7342542.223493444
2022-11-29,7340613.9774047695
2022-11-30,7250654.120364071
2022-12-01,7227586.746737545
2022-12-02,7172662.2363586025
2022-12-05,7207503.72451813
2022-12-06,7235601.636031179
2022-12-07,7239104.552603096
2022-12-08,7252494.883745536
2022-12-09,7270981.436722755
2022-12-12,7281493.376647031
2022-12-13,7236961.186846498
2022-12-14,7234808.564079242
2022-12-15,7289544.109533823
2022-12-16,7298950.947397924
2022-12-19,7312570.403861234
2022-12-20,7368798.307112707
2022-12-21,7395288.239653163
2022-12-22,7434612.052076312
2022-12-23,7489966.052584338
2022-12-27,7510690.470997609
2022-12-28,7496735.398222763
2022-12-29,7489253.027593093
2022-12-30,7386386.428828109
2023-01-03,7500816.768691266
2023-01-04,7479104.060913403
2023-01-05,7509795.7796122655
2023-01-06,7534600.285219095
2023-01-09,7633441.579406965
2023-01-10,7667767.339437123
2023-01-11,7738440.6079783235
2023-01-12,7766262.527595813
2023-01-13,7735689.05092887
2023-01-17,7798428.861299077
2023-01-18,7835906.9596161395
2023-01-19,7800182.625063024
2023-01-20,7836006.838296866
2023-01-23,7919428.519477008
2023-01-24,7885823.843899583
2023-01-25,7915007.68074359
2023-01-26,7898685.150860764
2023-01-27,7869691.697623771
2023-01-30,7902233.538633124
2023-01-31,7945862.694626732
2023-02-01,7983146.4467102485
2023-02-02,8034658.839629423
2023-02-03,8057225.480730897
2023-02-06,8079933.62850829
2023-02-07,8089874.622165501
2023-02-08,8027046.455927812
2023-02-09,7987302.735667905
2023-02-10,7975044.40288736
2023-02-13,7925193.3487977665
2023-02-14,7944335.882027561
2023-02-15,8125770.216273748
2023-02-16,8078539.248188381
2023-02-17,8077111.157589249
2023-02-21,8058237.837675946
2023-02-22,8152439.224530134
2023-02-23,8205369.540066957
2023-02-24,8218611.940926409
2023-02-27,8252892.0396712
2023-02-28,8300531.805332573
2023-03-01,8238887.805438645
2023-03-02,8243925.573184121
2023-03-03,8317538.74667794
2023-03-06,8292376.313751925
2023-03-07,8235053.379324112
2023-03-08,8308894.27776167
2023-03-09,8229831.472244397
2023-03-10,8194198.443540666
2023-03-13,8101167.696945257
2023-03-14,8052776.5104478765
2023-03-15,8022744.970525888
2023-03-16,8087166.736868896
2023-03-17,7881650.674494432
2023-03-20,7832519.524635212
2023-03-21,7813122.41099246
2023-03-22,7802510.549449688
2023-03-23,7787731.992080109
2023-03-24,7771152.380990298
2023-03-27,7767750.68342665
2023-03-28,7760778.962604979
2023-03-29,7796681.95088094
2023-03-30,7803125.849101275
2023-03-31,7756498.835013827
2023-04-03,7763591.565572369
2023-04-04,7730052.178878957
2023-04-05,7741069.237772673
2023-04-06,7738713.17696896
2023-04-10,7701346.966866078
2023-04-11,7732734.431272788
2023-04-12,7755697.241360648
2023-04-13,7803954.897871103
2023-04-14,7812435.735317284
2023-04-17,7868958.683792416
2023-04-18,7907148.49906572
2023-04-19,7874939.351792911
2023-04-20,7867544.157385115
2023-04-21,7899211.50763363
2023-04-24,7908630.730291786
2023-04-25,7903517.92038583
2023-04-26,7914167.555380909
2023-04-27,7923294.51318034
2023-04-28,7853019.060977354
2023-05-01,7754391.804786736
2023-05-02,7713250.462470891
2023-05-03,7745974.336248346
2023-05-04,7893284.080434743
2023-05-05,7900018.412358787
2023-05-08,7933022.504804641
2023-05-09,8074436.252821673
2023-05-10,8102890.110012124
2023-05-11,8050660.357703622
2023-05-12,8031492.903341677
2023-05-15,8068979.366673071
2023-05-16,8029478.028592249
2023-05-17,7952252.80795181
2023-05-18,7979740.750746453
2023-05-19,7993029.477665674
2023-05-22,7981579.831326293
2023-05-23,7988650.168418857
2023-05-24,7990472.736501066
2023-05-25,8002911.115297821
2023-05-26,8010191.338703882
2023-05-30,7993688.763003793
2023-05-31,7957714.874352965
2023-06-01,7930721.764116583
2023-06-02,7976202.64853056
2023-06-05,7985787.435223265
2023-06-06,7964389.430154537
2023-06-07,7924630.7737283
2023-06-08,7909092.755931257
2023-06-09,7925499.356144957
2023-06-12,7948006.886727551
2023-06-13,8009350.277350634
2023-06-14,7987713.446268914
2023-06-15,7948859.346308083
2023-06-16,7984598.978626507
2023-06-20,7988905.45651624
2023-06-21,8004228.752713695
2023-06-22,8030493.402384526
2023-06-23,8079305.984965837
2023-06-26,8005308.560398825
2023-06-27,8020323.039585463
2023-06-28,8034294.5793139115
2023-06-29,8001084.17220513
2023-06-30,7902170.698093809
2023-07-03,7833927.799008854
2023-07-05,7854559.301149389
2023-07-06,7843800.125573276
2023-07-07,7849281.125242002
2023-07-10,7894196.147200798
2023-07-11,7930560.399197262
2023-07-12,8022931.016531247
2023-07-13,8005255.354998362
2023-07-14,8030553.566241217
2023-07-17,7985517.45039135
2023-07-18,8035703.220949734
2023-07-19,8059024.9713667445
2023-07-20,8073954.357257873
2023-07-21,8060207.258621825
2023-07-24,7964828.721225079
2023-07-25,7924836.199353697
2023-07-26,7900999.489647155
2023-07-27,7858646.9896725435
2023-07-28,7907507.84561448
2023-07-31,7853721.635714004
2023-08-01,7888557.128012206
2023-08-02,7959986.257193474
2023-08-03,8007353.877035048
2023-08-04,7994968.927969916
2023-08-07,7915909.564377004
2023-08-08,7912066.826730249
2023-08-09,7950831.369458148
2023-08-10,7997732.708862614
2023-08-11,8033955.177449464
2023-08-14,8022409.470030434
2023-08-15,8073653.695321447
2023-08-16,8030453.790013274
2023-08-17,8045116.595146665
2023-08-18,8010736.906727974
2023-08-21,8015274.470494816
2023-08-22,8042243.890403188
2023-08-23,7980398.879495621
2023-08-24,8005417.7879762165
2023-08-25,8017169.240888439
2023-08-28,8019045.994277505
2023-08-29,7952473.4548986
2023-08-30,7909414.084668283
2023-08-31,7963451.273351378
2023-09-01,7976549.490973551
2023-09-05,7984065.676346842
2023-09-06,7964594.53965115
2023-09-07,7981315.319099462
2023-09-08,7959583.164066796
2023-09-11,7915991.895324537
2023-09-12,7930383.241431267
2023-09-13,7919475.27546299
2023-09-14,7899598.215150542
2023-09-15,7906624.0232153125
2023-09-18,7912289.882523941
2023-09-19,7907563.60789103
2023-09-20,7931695.571780142
2023-09-21,7974533.508537702
2023-09-22,7946715.18493061
2023-09-25,7974532.698559835
2023-09-26,7978694.656396337
2023-09-27,7971373.073696662
2023-09-28,7902082.594340937
2023-09-29,7886317.561000032
2023-10-02,7904078.964871239
2023-10-03,8018502.3756017685
2023-10-04,8103998.239936744
2023-10-05,8121333.028023767
2023-10-06,8226077.8731544
2023-10-09,8264191.242315957
2023-10-10,8301815.790509477
2023-10-11,8276380.047472694
2023-10-12,8306270.3139106445
2023-10-13,8302150.856707366
2023-10-16,8286187.699915897
2023-10-17,8312111.284277758
2023-10-18,8330349.25729732
2023-10-19,8288852.645110879
2023-10-20,8309119.643243152
2023-10-23,8318111.456898187
2023-10-24,8313698.645891205
2023-10-25,8305757.986203548
2023-10-26,8278534.72974032
2023-10-27,8276209.652127384
2023-10-30,8280271.099226628
2023-10-31,8231162.505278461
2023-11-01,8196664.544849698
2023-11-02,8174058.019550689
2023-11-03,8195123.342654446
2023-11-06,8199946.092082604
2023-11-07,8203411.511157379
2023-11-08,8184890.724755056
2023-11-09,8176273.96410914
2023-11-10,8167772.980481094
2023-11-13,8213173.509507583
2023-11-14,8169277.06268177
2023-11-15,8135576.274034996
2023-11-16,8063202.71669461
2023-11-17,7974337.145197573
2023-11-20,7943846.806455441
2023-11-21,7923125.293963632
2023-11-22,7940729.116381309
2023-11-24,7933118.873465084
2023-11-27,7925559.284335473
2023-11-28,7928309.9999899985
2023-11-29,7938975.1043653805
2023-11-30,7927259.687803147
2023-12-01,7970196.569489228
2023-12-04,8009796.738236909
2023-12-05,8022719.638486819
2023-12-06,8021132.359154784
2023-12-07,8045852.890285024
2023-12-08,8035955.900019485
2023-12-11,8026689.505215871
2023-12-12,7968441.025427872
2023-12-13,7957766.944503241
2023-12-14,7952250.643374533
2023-12-15,7924479.670615835
2023-12-18,7945248.6056634905
2023-12-19,7963893.341605253
2023-12-20,7946297.802845629
2023-12-21,7914702.75384639
2023-12-22,7943932.472470757
2023-12-26,7998343.991491283
2023-12-27,8032231.816412566
2023-12-28,8065721.277487391
2023-12-29,7963307.311939456
2024-01-02,7623436.643156923
2024-01-03,7661794.290722444
2024-01-04,7685529.385049464
2024-01-05,7660701.602078965
2024-01-08,7824805.3121237485
2024-01-09,7849963.856260452
2024-01-10,7904153.442474112
2024-01-11,7930794.786698763
2024-01-12,7962195.141439842
2024-01-16,7846692.416406666
2024-01-17,7814443.729279973
2024-01-18,7823491.201948421
2024-01-19,7815666.085778933
2024-01-22,7815702.0877849795
2024-01-23,7814123.032551317
2024-01-24,7754129.844139205
2024-01-25,7738805.747353279
2024-01-26,7743604.310920253
2024-01-29,7670977.483559837
2024-01-30,7703165.171309151
2024-01-31,7675117.442842076
2024-02-01,7630026.378646631
2024-02-02,7674763.110660151
2024-02-05,7624427.71463508
2024-02-06,7603538.147178199
2024-02-07,7593152.098132994
2024-02-08,7593681.964014393
2024-02-09,7618079.196570072
2024-02-12,7687715.622066883
2024-02-13,7911935.619266398
2024-02-14,7914871.6313855015
2024-02-15,7958827.274932198
2024-02-16,8000142.198055807
2024-02-20,8075010.992102936
2024-02-21,8095342.254243948
2024-02-22,8142348.708659791
2024-02-23,8078123.018673601
2024-02-26,8041331.348936786
2024-02-27,8010627.205726952
2024-02-28,7935888.620112589
2024-02-29,7969333.705540162
2024-03-01,7970772.119339019
2024-03-04,7952899.436443247
2024-03-05,7927043.60395184
2024-03-06,7957909.327096507
2024-03-07,7969050.470375531
2024-03-08,8014758.724754323
2024-03-11,8012741.39361272
2024-03-12,8062505.321138352
2024-03-13,8051288.264783214
2024-03-14,8086070.996527195
2024-03-15,8078416.36231227
2024-03-18,8026452.869645705
2024-03-19,8228069.570402493
2024-03-20,8261695.034544896
2024-03-21,8170667.410755517
2024-03-22,8152100.586152412
2024-03-25,8149234.81380119
2024-03-26,8156780.722625073
2024-03-27,8082231.102062993
2024-03-28,8008868.904547242
2024-04-01,7974812.70717512
2024-04-02,7899769.729065428
2024-04-03,7864770.040143691
2024-04-04,7865105.39427377
2024-04-05,7866175.500610561
2024-04-08,7880447.480741939
2024-04-09,7900670.096442604
2024-04-10,7924944.556565073
2024-04-11,7949681.673572632
2024-04-12,7911000.251833865
2024-04-15,7916560.482632434
2024-04-16,7887698.836457233
2024-04-17,7843232.548495071
2024-04-18,7830360.419643333
2024-04-19,7826866.184448451
2024-04-22,7876225.537194959
2024-04-23,7798877.068650192
2024-04-24,7790939.530884228
2024-04-25,7773444.21476852
2024-04-26,7817784.268886732
2024-04-29,7824477.389851145
2024-04-30,7788444.299473466
2024-05-01,7849753.935564119
2024-05-02,7851103.591362495
2024-05-03,7859829.347035177
2024-05-06,7860978.126228016
2024-05-07,7856991.53528612
2024-05-08,7772886.636850679
2024-05-09,7717942.3715108475
2024-05-10,7637421.669982443
2024-05-13,7622028.5754672475
2024-05-14,7600443.332672612
2024-05-15,7578871.090227596
2024-05-16,7639214.681194225
2024-05-17,7624270.992213944
2024-05-20,7663440.176563775
2024-05-21,7652866.766709425
2024-05-22,7673914.513148278
2024-05-23,7641794.168917451
2024-05-24,7631581.26233217
2024-05-28,7759472.837527739
2024-05-29,7793789.144379295
2024-05-30,7777618.72812653
2024-05-31,7716025.092696727
2024-06-03,7701018.774740957
2024-06-04,7759574.655798813
2024-06-05,7817505.139589901
2024-06-06,7798799.41873301
2024-06-07,7801545.554033458
2024-06-10,7864249.379525909
2024-06-11,7927717.088895218
2024-06-12,7931856.17768385
2024-06-13,7922630.181315938
2024-06-14,7929438.421734512
2024-06-17,7897423.890675159
2024-06-18,7896393.508320523
2024-06-20,7869776.2136249
2024-06-21,8015357.971591806
2024-06-24,8047369.6756534735
2024-06-25,8070263.950024068
2024-06-26,7993880.454780363
2024-06-27,8036625.827694949
2024-06-28,7865511.269296311
2024-07-01,7918927.050786586
2024-07-02,7879380.170121703
2024-07-03,7912982.748992126
2024-07-05,7906129.789645299
2024-07-08,7873697.496168338
2024-07-09,7846780.90394262
2024-07-10,7771364.748082873
2024-07-11,7735049.633628759
2024-07-12,7742409.174874196
2024-07-15,7813091.849676404
2024-07-16,7768542.599953647
2024-07-17,7784232.6315501565
2024-07-18,7733846.490273724
2024-07-19,7688879.582986205
2024-07-22,7748671.856123658
2024-07-23,7762068.207159402
2024-07-24,7698308.529878855
2024-07-25,7677179.498095276
2024-07-26,7573079.602035327
2024-07-29,7679604.6082244795
2024-07-30,7678138.677115276
2024-07-31,7657893.638626849
2024-08-01,7503945.713887977
2024-08-02,7489762.880119814
2024-08-05,7451576.958533008
2024-08-06,7429584.245219255
2024-08-07,7097966.66714485
2024-08-08,7220893.451756565
2024-08-09,7305198.683227144
2024-08-12,7621148.129294436
2024-08-13,7532163.929720758
2024-08-14,7531385.189915454
2024-08-15,7492516.212426529
2024-08-16,7550633.894002968
2024-08-19,7468275.9343635235
2024-08-20,7535405.811058627
2024-08-21,7436385.422319495
2024-08-22,7401847.50762563
2024-08-23,7333500.074254399
2024-08-26,7341682.346964523
2024-08-27,7361108.367425794
2024-08-28,7307708.162782245
2024-08-29,7328518.237136858
2024-08-30,7223062.251433067
2024-09-03,7358093.774668925
2024-09-04,7188596.855314115
2024-09-05,7316455.494405075
2024-09-06,7341652.636882486
2024-09-09,7425463.918065429
2024-09-10,7474804.296662452
2024-09-11,7504451.603904152
2024-09-12,7563247.491565619
2024-09-13,7497527.970592718
2024-09-16,7513800.225795301
2024-09-17,7511471.255940452
2024-09-18,7488080.680224002
2024-09-19,7552629.78178191
2024-09-20,7595744.837279573
2024-09-23,7688664.6848959215
2024-09-24,7809489.268628579
2024-09-25,7796992.737519531
2024-09-26,7724278.923866238
2024-09-27,7801849.719243926
2024-09-30,7762465.245659139
2024-10-01,7706617.293080291
2024-10-02,7643563.568198644
2024-10-03,7613589.500215352
2024-10-04,7605225.4451097725
2024-10-07,7565801.571967545
2024-10-08,7506513.465658478
2024-10-09,7483542.323356593
2024-10-10,7458484.68469615
2024-10-11,7527799.352659833
2024-10-14,7635298.697727909
2024-10-15,7616293.761240311
2024-10-16,7627629.834084718
2024-10-17,7550799.481907106
2024-10-18,7585572.408119639
2024-10-21,7537677.815320184
2024-10-22,7537752.959567106
2024-10-23,7478491.650927072
2024-10-24,7451332.806800643
2024-10-25,7464984.94277449
2024-10-28,7401389.645072858
2024-10-29,7423342.090463223
2024-10-30,7401583.73148675
2024-10-31,7457721.505040179
2024-11-01,7471304.429100829
2024-11-04,7560504.603943814
2024-11-05,7587907.6864732625
2024-11-06,7462294.215208106
2024-11-07,7472933.45731883
2024-11-08,7442052.066592233
2024-11-11,7445568.483653408
2024-11-12,7403789.860632949
2024-11-13,7417675.03420567
2024-11-14,7405160.057311221
2024-11-15,7363601.313974345
2024-11-18,7299497.1849421635
2024-11-19,7296833.916846511
2024-11-20,7292241.267116387
2024-11-21,7268033.0094537595
2024-11-22,7298874.533079233
2024-11-25,7360274.48711654
2024-11-26,7411888.420163978
2024-11-27,7450960.556801515
2024-11-29,7486706.773009561
2024-12-02,7523678.359779991
2024-12-03,7478631.256378066
2024-12-04,7396219.20431752
2024-12-05,7345719.230865701
2024-12-06,7401724.365684869
2024-12-09,7439334.020579758
2024-12-10,7366979.586438134
2024-12-11,7289735.672073754
2024-12-12,7276111.590319894
2024-12-13,7226312.587030532
2024-12-16,7233039.846613732
2024-12-17,7272482.791183666
2024-12-18,7211682.119488457
2024-12-19,7190802.583979677
2024-12-20,7235684.011455117
2024-12-23,7206781.883800412
2024-12-24,7172081.943479398
2024-12-26,7197620.096534032
2024-12-27,7282699.170982382
2024-12-30,7275879.177349878
2024-12-31,7170448.101076648
2025-01-02,7226484.3839350045
2025-01-03,7261067.640568464
2025-01-06,7223761.014070054
2025-01-07,7199180.141901039
2025-01-08,7113313.442644157
2025-01-10,6924812.463563678
2025-01-13,6886041.494856437
2025-01-14,6874268.424838578
2025-01-15,6993868.88512761
2025-01-16,6997757.813426153
2025-01-17,6952926.384637564
2025-01-21,6940721.14476288
2025-01-22,6890956.09830419
2025-01-23,6856629.75950279
2025-01-24,6836303.451394675
2025-01-27,6777227.160150897
2025-01-28,6778541.621411229
2025-01-29,6765249.831578722
2025-01-30,6780045.518056375
2025-01-31,6765611.159451252
2025-02-03,6756864.194739763
2025-02-04,6848069.426046212
2025-02-05,6847700.75095712
2025-02-06,6788798.650523581
2025-02-07,6771549.397511597
2025-02-10,6743158.502230635
2025-02-11,6685437.623522059
2025-02-12,6740835.878031564
2025-02-13,6809806.331553217
2025-02-14,6779391.836590282
2025-02-18,6832928.591389862
2025-02-19,6859095.942833478
2025-02-20,6886860.958326716
2025-02-21,6794224.192988668
2025-02-24,6698181.876070539
2025-02-25,6630561.397259595
2025-02-26,6622639.097179623
2025-02-27,6595385.687190137
2025-02-28,6654111.745238643
2025-03-03,6561796.75848609
2025-03-04,6562520.36237143
2025-03-05,6801622.239827406
2025-03-06,6815061.6826572465
2025-03-07,6876189.12523312
2025-03-10,6925471.639223335
2025-03-11,6922177.364634268
2025-03-12,6912335.194131672
2025-03-13,6897750.504919887
2025-03-14,6922368.266017862
2025-03-17,6929400.103697415
2025-03-18,6905661.634497428
2025-03-19,6967246.815854225
2025-03-20,6931013.577360219
2025-03-21,6946837.721906284
2025-03-24,6988202.036214976
2025-03-25,6973371.955412618
2025-03-26,6935903.480343637
2025-03-27,6896455.518070769
2025-03-28,6772114.084979297
2025-03-31,6721573.58874334
2025-04-01,6817431.540576363
2025-04-02,6794110.443009642
2025-04-03,6886499.962167177
2025-04-04,6879671.852552002
2025-04-07,6940913.412901378
2025-04-08,6965789.381838923
2025-04-09,6866140.517253727
2025-04-10,6896488.165784463
2025-04-11,6915672.608891029
2025-04-14,6924845.511019595
2025-04-15,6888482.795197713
2025-04-16,6950709.453418861
2025-04-17,6864956.303840111
2025-04-21,6912546.927304117
2025-04-22,6855762.441124814
2025-04-23,6785083.850964095
2025-04-24,6712836.270148594
2025-04-25,6702048.156040667
2025-04-28,6546351.737726085
2025-04-29,6629238.772540333
2025-04-30,5975593.116812021
2025-05-01,5980915.107461587
2025-05-02,5934589.622152059
2025-05-05,5999398.546254657
2025-05-06,6005702.230502926
2025-05-07,5982448.953417849
2025-05-08,5929930.911967713
2025-05-09,6014617.0469902735
2025-05-12,6073410.635391019
2025-05-13,5944303.3731089765
2025-05-14,5985038.836023594
2025-05-15,5997850.7525731865
2025-05-16,5885211.639189038
2025-05-19,5936225.9899343
2025-05-20,5973315.282225445
2025-05-21,6098068.153061902
2025-05-22,6115885.234927344
2025-05-23,6133798.484043492
2025-05-27,6139938.372002498
2025-05-28,6187926.1724972725
2025-05-29,6190993.5994593585
2025-05-30,6217663.492809391
2025-06-02,6266644.809204758
2025-06-03,6266844.868633598
2025-06-04,6239510.818155076
2025-06-05,6161360.204345461
2025-06-06,6158142.316811181
2025-06-09,6179528.141993056
2025-06-10,6157958.486553842
2025-06-11,6113967.914201796
2025-06-12,6265010.764879651
2025-06-13,6254745.145486219
2025-06-16,6151247.879951471
2025-06-17,6145736.03161518
2025-06-18,6121680.775547095
2025-06-20,6065655.270076475
2025-06-23,5904435.795918275
2025-06-24,5885279.035847319
2025-06-25,5866352.447861532
2025-06-26,5841603.62851147
2025-06-27,5885280.002559481
2025-06-30,5812397.019985431
2025-07-01,5765915.708754968
2025-07-02,5858113.260788122
2025-07-03,5863858.465804963
2025-07-07,5858306.544032915
2025-07-08,5858925.802354617
2025-07-09,5795326.462552626
2025-07-10,5804731.354507871
2025-07-11,5795420.045064002
2025-07-14,5769971.343039228
2025-07-15,5774100.225448482
2025-07-16,5751908.367880249
2025-07-17,5780409.718838958
2025-07-18,5790724.617267445
2025-07-21,5835878.36603359
2025-07-22,5875775.02832932
2025-07-23,5814472.127424768
2025-07-24,5802729.3971263245
2025-07-25,5792085.270719267
2025-07-28,5812653.617333435
2025-07-29,5831277.880092055
2025-07-30,5827719.442280452
2025-07-31,5841738.6290040575
2025-08-01,5802064.990687381
2025-08-04,5827865.829107714
2025-08-05,5851345.242509318
2025-08-06,5881981.11324403
2025-08-07,5937481.590103041
2025-08-08,5925439.367246158
2025-08-11,5986919.049570383
2025-08-12,6047984.941353134
2025-08-13,5968045.600493158
2025-08-14,5929123.253792617
2025-08-15,5921546.149951493
2025-08-18,5938297.795710602
2025-08-19,5916862.331005356
2025-08-20,5897469.742558149
2025-08-21,5902848.837730618
2025-08-22,5929422.626649093
2025-08-25,5960950.771617018
2025-08-26,5986188.434706105
2025-08-27,6014697.656085876
2025-08-28,6008931.6659912
2025-08-29,6040872.577401702
2025-09-02,5976278.917234428
2025-09-03,5928340.431555184
2025-09-04,5934268.659571109
2025-09-05,5930721.694227067
2025-09-08,5942195.511852312
2025-09-09,6031456.798195238
2025-09-10,6083349.641446172
2025-09-11,6181314.549034487
2025-09-12,6263575.1443091985
2025-09-15,6364059.113459354
2025-09-16,6513862.23987652
2025-09-17,6579715.317264587
2025-09-18,6625065.460833724
2025-09-19,6616370.705414059
2025-09-22,6503227.312872944
2025-09-23,6412101.372765271
2025-09-24,6449844.828473216
2025-09-25,6460112.294286525
2025-09-26,6347445.475075384
2025-09-29,6447365.230604119
2025-09-30,6415689.897231497
2025-10-01,6329505.562390277
2025-10-02,6329970.314472468
2025-10-03,6363912.222420596
2025-10-06,6262510.485123958
2025-10-07,6177609.854772191
2025-10-08,6269807.388296375
2025-10-09,6262341.461899031
2025-10-10,6233815.259629084
2025-10-13,5886254.588234557
2025-10-14,5744870.824007687
2025-10-15,5716392.531355575
2025-10-16,6023886.501878526
2025-10-17,6053602.7919443175
2025-10-20,5626396.594251916
2025-10-21,5690582.964311029
2025-10-22,5871116.387279995
2025-10-23,5648018.572035373
2025-10-24,5570103.819935527
2025-10-27,5622479.424895373
2025-10-28,5585274.444557912
2025-10-29,5635495.198870996
2025-10-30,5586112.3647848405
2025-10-31,5603293.61262122
2025-11-03,5480321.862081127
2025-11-04,5398882.531427197
2025-11-05,5302331.448967799
2025-11-06,5391669.684143075
2025-11-07,5420835.483108499
2025-11-10,5371116.863543855
2025-11-11,5448196.435178823
2025-11-12,5512196.1920578
2025-11-13,5640258.015362984
2025-11-14,5682779.180238435
2025-11-17,5655500.464237852
2025-11-18,5630624.756376504
2025-11-19,5664832.271276707
2025-11-20,5613203.977097735
2025-11-21,5696377.436060437
2025-11-24,5627540.709811142
2025-11-25,5559144.432296367
2025-11-26,5593364.1258115005
2025-11-28,5537270.1682225345
2025-12-01,5600159.492283326
2025-12-02,5735185.182495071
2025-12-03,5740832.68461445
2025-12-04,5711493.81795089
2025-12-05,5674468.258486532
2025-12-08,5689253.981120031
2025-12-09,5720633.019039973
2025-12-10,5700801.566918613
2025-12-11,5702400.194902885
2025-12-12,5739762.221313685
2025-12-15,5735481.806944609
2025-12-16,5801983.882391392
2025-12-17,5827567.720577449
2025-12-18,5838299.904391913
2025-12-19,5733363.7698982395
2025-12-22,5675514.523115741
2025-12-23,5684779.708478142
2025-12-24,5681365.142642222
2025-12-26,5696623.979102528
2025-12-29,5710991.219282745
2025-12-30,5736399.757062101
2025-12-31,5689346.3947188435
