,portfolio_value
2011-04-01,1.0006349922515587
2011-04-04,1.0032976955464121
2011-04-05,1.002165034318262
2011-04-06,1.0027664715852085
2011-04-07,1.0006825352107183
2011-04-08,0.9980021920353822
2011-04-11,0.9984229857368054
2011-04-12,0.9963051233686164
2011-04-13,0.9949145114271083
2011-04-14,0.9931911061837999
2011-04-15,0.9958797448756199
2011-04-18,0.9956587773181791
2011-04-19,0.9954032985760424
2011-04-20,0.9999283695687708
2011-04-21,1.0059991395354886
2011-04-25,1.005534961047305
2011-04-26,1.0101338424493944
2011-04-27,1.0104148793647945
2011-04-28,1.0131079246116614
2011-04-29,1.0144541366879305
2011-05-02,1.0130568323216687
2011-05-03,1.0093537551042147
2011-05-04,1.0079251343818694
2011-05-05,1.0059026777580815
2011-05-06,1.003479049163553
2011-05-09,1.007137949893317
2011-05-10,1.00785386886397
2011-05-11,1.0028564109171798
2011-05-12,1.001220425317377
2011-05-13,0.9964082427773286
2011-05-16,0.9943506825737385
2011-05-17,0.9910751644320637
2011-05-18,0.9946739452337408
2011-05-19,0.9982002184402214
2011-05-20,1.0012433041695565
2011-05-23,0.9958211926236434
2011-05-24,0.9931740515857254
2011-05-25,0.9942348822247549
2011-05-26,0.9977159576655135
2011-05-27,0.9983179580712764
2011-05-31,0.9994677986206199
2011-06-01,0.9965691427155935
2011-06-02,0.9834961043567085
2011-06-03,0.9815157940313016
2011-06-06,0.9803691343967278
2011-06-07,0.9807016207548941
2011-06-08,0.9832535038893306
2011-06-09,0.9833140050451246
2011-06-10,0.9839551258562259
2011-06-13,0.9830899296473582
2011-06-14,0.9869068326081795
2011-06-15,0.9865855337234692
2011-06-16,0.9845588192631869
2011-06-17,0.983518251332962
2011-06-20,0.9842236431134472
2011-06-21,0.9869998917508183
2011-06-22,0.9893815290479404
2011-06-23,0.9844208797106269
2011-06-24,0.982680662896082
2011-06-27,0.9832839013541832
2011-06-28,0.9842543868012048
2011-06-29,0.9893305766631828
2011-06-30,0.992955576645802
2011-07-01,1.0006283883659632
2011-07-05,1.0053305887239534
2011-07-06,1.0067673509130868
2011-07-07,1.006490844476666
2011-07-08,1.0080807615858758
2011-07-11,1.0044925534605513
2011-07-12,1.0014553138726776
2011-07-13,1.002647715620566
2011-07-14,1.0007426658009733
2011-07-15,0.998531819812978
2011-07-18,0.9978953931329938
2011-07-19,1.0020228312950636
2011-07-20,1.004651267421351
2011-07-21,1.0063026503118155
2011-07-22,1.0096218569668218
2011-07-25,1.0074611594678335
2011-07-26,1.0005024179111968
2011-07-27,0.9947183264985555
2011-07-28,0.9877988696157233
2011-07-29,0.9865767720048338
2011-08-01,0.9867720853228565
2011-08-02,0.9844603442040175
2011-08-03,0.9818349109241234
2011-08-04,0.9820015103128028
2011-08-05,0.9775882029404064
2011-08-08,0.976948467936537
2011-08-09,0.9768146737416665
2011-08-10,0.9861096554143514
2011-08-11,0.9780012398107414
2011-08-12,0.9844973947094036
2011-08-15,0.9818523857926826
2011-08-16,0.9768595863391039
2011-08-17,0.9759705345892054
2011-08-18,0.9782534630567916
2011-08-19,0.9778024638717918
2011-08-22,0.9761320533534876
2011-08-23,0.9772428003925161
2011-08-24,0.9803420110132822
2011-08-25,0.9829569253245934
2011-08-26,0.9827624911496189
2011-08-29,0.9803064383881497
2011-08-30,0.9817832403901824
2011-08-31,0.9805749604991654
2011-09-01,0.9819401702955675
2011-09-02,0.9817026085652811
2011-09-06,0.9815797449383953
2011-09-07,0.9766017807668198
2011-09-08,0.9799272623890426
2011-09-09,0.9812741680329532
2011-09-12,0.9793154636338154
2011-09-13,0.977220616040668
2011-09-14,0.9766764430830194
2011-09-15,0.9745157105885895
2011-09-16,0.9778509247355744
2011-09-19,0.9796674314574385
2011-09-20,0.9748113257145439
2011-09-21,0.9751581320118681
2011-09-22,0.9754804975080366
2011-09-23,0.9713762547404448
2011-09-26,0.9678757493182604
2011-09-27,0.9694046735765861
2011-09-28,0.9686787107556101
2011-09-29,0.9676607921910457
2011-09-30,0.9718910719613492
2011-10-03,0.966175086899088
2011-10-04,0.9644097107626408
2011-10-05,0.9672051358841551
2011-10-06,0.9725719868814863
2011-10-07,0.9740559947669963
2011-10-10,0.9730922525849665
2011-10-11,0.9798778947760929
2011-10-12,0.9794771202169408
2011-10-13,0.9815252990406511
2011-10-14,0.9813689920109209
2011-10-17,0.984203706871164
2011-10-18,0.9798242611408303
2011-10-19,0.984738775904892
2011-10-20,0.9818822901410957
2011-10-21,0.9847123466604837
2011-10-24,0.9913749786306545
2011-10-25,0.9935055394485719
2011-10-26,0.9905921693974589
2011-10-27,1.0058481817946245
2011-10-28,1.0144200483051078
2011-10-31,1.0165588208225538
2011-11-01,1.0078445125017454
2011-11-02,1.0012269317925955
2011-11-03,1.0053009951072975
2011-11-04,1.01039756477001
2011-11-07,1.0079546245916893
2011-11-08,1.011722834574488
2011-11-09,1.0124292482483597
2011-11-10,1.001676914312329
2011-11-11,1.0084113012460993
2011-11-14,1.0130212313836857
2011-11-15,1.0120179597922652
2011-11-16,1.0121780472764126
2011-11-17,1.009688930176588
2011-11-18,1.0063718388775844
2011-11-21,1.0064375924059359
2011-11-22,1.0034210684947489
2011-11-23,1.0030613165184739
2011-11-25,0.996023488832896
2011-11-28,0.9950241213378485
2011-11-29,1.0032890339774396
2011-11-30,1.004960371757357
2011-12-01,1.0152375769920343
2011-12-02,1.0158521609625353
2011-12-05,1.0410328151900172
2011-12-06,1.044210867565995
2011-12-07,1.041958916292541
2011-12-08,1.0433907652356678
2011-12-09,1.039989303086713
2011-12-12,1.048035640528207
2011-12-13,1.0442329790779294
2011-12-14,1.0441928956874142
2011-12-15,1.0420983198126113
2011-12-16,1.0447040291589
2011-12-19,1.0502183261027642
2011-12-20,1.042810401840941
2011-12-21,1.055538553505907
2011-12-22,1.0558353217485497
2011-12-23,1.0586521825600579
2011-12-27,1.0643969731865277
2011-12-28,1.0611820605282694
2011-12-29,1.057115027585525
2011-12-30,1.0559776069533684
2012-01-03,1.0546598491281713
2012-01-04,1.0588015974193978
2012-01-05,1.0589548125026853
2012-01-06,1.0605290510866259
2012-01-09,1.0597787652071322
2012-01-10,1.0632842732973173
2012-01-11,1.0633846542221215
2012-01-12,1.063698790211453
2012-01-13,1.064382105210179
2012-01-17,1.0643546341710337
2012-01-18,1.0671831639459741
2012-01-19,1.0697249343089885
2012-01-20,1.070340074884414
2012-01-23,1.0707176806242058
2012-01-24,1.0775765017886263
2012-01-25,1.0788916840648088
2012-01-26,1.080596560028515
2012-01-27,1.076592557719466
2012-01-30,1.0753273629706812
2012-01-31,1.076132669631669
2012-02-01,1.0795111078582138
2012-02-02,1.079377153450122
2012-02-03,1.0841483419673954
2012-02-06,1.0869182675939382
2012-02-07,1.0875296814151818
2012-02-08,1.0869566605554615
2012-02-09,1.0867059913822463
2012-02-10,1.0877118122589515
2012-02-13,1.088563378821818
2012-02-14,1.0893979285265791
2012-02-15,1.0868864012549277
2012-02-16,1.0892866329543025
2012-02-17,1.0926191551738478
2012-02-21,1.0935582057639115
2012-02-22,1.0915430465448612
2012-02-23,1.0960805510542047
2012-02-24,1.0972282708399694
2012-02-27,1.09861233035042
2012-02-28,1.0984288109363634
2012-02-29,1.098604026584108
2012-03-01,1.0993173611833575
2012-03-02,1.0979444653337402
2012-03-05,1.099140820807678
2012-03-06,1.0930927485985404
2012-03-07,1.0936805575151756
2012-03-08,1.098914416959488
2012-03-09,1.1071115912857985
2012-03-12,1.1091859424700148
2012-03-13,1.1090739740731852
2012-03-14,1.1120317779911841
2012-03-15,1.1127987031178408
2012-03-16,1.1128901901072696
2012-03-19,1.1158719451267896
2012-03-20,1.1165885388573724
2012-03-21,1.1155634032121111
2012-03-22,1.1140844971499626
2012-03-23,1.1126472154844829
2012-03-26,1.119931944760566
2012-03-27,1.1203175949147024
2012-03-28,1.1191626161287416
2012-03-29,1.1189143846367136
2012-03-30,1.116797880193209
2012-04-02,1.1220154479287903
2012-04-03,1.1257378460138274
2012-04-04,1.1218284258986086
2012-04-05,1.1209492981342695
2012-04-09,1.1181687274544316
2012-04-10,1.1109167325587386
2012-04-11,1.1101844558432927
2012-04-12,1.113094867032728
2012-04-13,1.116010790169798
2012-04-16,1.1123248899022202
2012-04-17,1.1135854803141574
2012-04-18,1.1168306454129286
2012-04-19,1.1126411767684021
2012-04-20,1.1131328534442233
2012-04-23,1.1118800643361955
2012-04-24,1.1088551252658572
2012-04-25,1.1132776036818646
2012-04-26,1.11777606361276
2012-04-27,1.1225962192153427
2012-04-30,1.1221164466452225
2012-05-01,1.121232229095621
2012-05-02,1.1260384201674287
2012-05-03,1.1237169251533639
2012-05-04,1.1171097761280233
2012-05-07,1.1151830253501143
2012-05-08,1.115735173053088
2012-05-09,1.113120473871959
2012-05-10,1.1156786353413324
2012-05-11,1.1174039596912861
2012-05-14,1.1142429367079707
2012-05-15,1.113578415626392
2012-05-16,1.1141355863012747
2012-05-17,1.1072861168957868
2012-05-18,1.1044292106333102
2012-05-21,1.1036690486874663
2012-05-22,1.1078368847535085
2012-05-23,1.1077930343628968
2012-05-24,1.1096725233433868
2012-05-25,1.110273737527931
2012-05-29,1.1095596321210304
2012-05-30,1.110391639531663
2012-05-31,1.1042599250303156
2012-06-01,1.0971326941268544
2012-06-04,1.0918201790551556
2012-06-05,1.0927640280078226
2012-06-06,1.095756015299632
2012-06-07,1.1004271898302924
2012-06-08,1.1048274057097158
2012-06-11,1.1031245582400864
2012-06-12,1.1011457383717143
2012-06-13,1.1026867312964699
2012-06-14,1.1047737113325111
2012-06-15,1.1066844773040225
2012-06-18,1.1089694453402021
2012-06-19,1.1136215494211612
2012-06-20,1.1133569782822816
2012-06-21,1.1107030333594867
2012-06-22,1.1094658273325424
2012-06-25,1.108379782871701
2012-06-26,1.1056982371905986
2012-06-27,1.1106545452438463
2012-06-28,1.1103974330867676
2012-06-29,1.1088837714776594
2012-07-02,1.1190813043394736
2012-07-03,1.1207521586647817
2012-07-05,1.1212401981276443
2012-07-06,1.1184782690575954
2012-07-09,1.1190860309169874
2012-07-10,1.1214616157003194
2012-07-11,1.118385391975461
2012-07-12,1.1187016483841692
2012-07-13,1.1224983216200242
2012-07-16,1.1275507844884936
2012-07-17,1.128962234872727
2012-07-18,1.1318412057813498
2012-07-19,1.130649784492514
2012-07-20,1.1289598428379153
2012-07-23,1.1257861022384827
2012-07-24,1.1224725889983935
2012-07-25,1.1212540260396353
2012-07-26,1.1238198858465518
2012-07-27,1.1324086209765591
2012-07-30,1.137667673292656
2012-07-31,1.1368853748359555
2012-08-01,1.1305983780935014
2012-08-02,1.1310224859219151
2012-08-03,1.134972579589428
2012-08-06,1.1369692266277436
2012-08-07,1.1354574875626908
2012-08-08,1.1360808397704254
2012-08-09,1.132396048917514
2012-08-10,1.132932873361718
2012-08-13,1.1317619896777662
2012-08-14,1.1319276471387574
2012-08-15,1.1342002970625304
2012-08-16,1.1359150112514305
2012-08-17,1.139322597562888
2012-08-20,1.139095161788396
2012-08-21,1.1374605746193247
2012-08-22,1.1357034719559542
2012-08-23,1.1345203902192063
2012-08-24,1.1349418102038822
2012-08-27,1.1379293006704212
2012-08-28,1.1389515007800968
2012-08-29,1.1406573856376498
2012-08-30,1.1407673068199373
2012-08-31,1.1418639770243588
2012-09-04,1.1461682505067399
2012-09-05,1.1464723503000016
2012-09-06,1.1512285557032718
2012-09-07,1.1549613556851308
2012-09-10,1.156117626424254
2012-09-11,1.155085270177884
2012-09-12,1.1575463874149865
2012-09-13,1.160303843410704
2012-09-14,1.1633533383442454
2012-09-17,1.1629305851114315
2012-09-18,1.1618392550286885
2012-09-19,1.1598454226680222
2012-09-20,1.1578609028277644
2012-09-21,1.1576276672430428
2012-09-24,1.1593988588008564
2012-09-25,1.1571718807094238
2012-09-26,1.1541291861661294
2012-09-27,1.1547721753522888
2012-09-28,1.1522310152104764
2012-10-01,1.154009382857131
2012-10-02,1.1555637951578488
2012-10-03,1.1578798334250435
2012-10-04,1.1616570404510207
2012-10-05,1.1656172427766964
2012-10-08,1.163256831498396
2012-10-09,1.1570948047938727
2012-10-10,1.1568741613636768
2012-10-11,1.1543673591090047
2012-10-12,1.152890975257959
2012-10-15,1.1556144336471372
2012-10-16,1.1595598946937833
2012-10-17,1.1645084349889427
2012-10-18,1.163615041503163
2012-10-19,1.1595542444679334
2012-10-22,1.1575731580353374
2012-10-23,1.1562613021152794
2012-10-24,1.154883658564286
2012-10-25,1.1554751394125664
2012-10-26,1.1550043383076507
2012-10-31,1.1563250022576081
2012-11-01,1.1590839499261936
2012-11-02,1.1571127484274495
2012-11-05,1.1569782633442203
2012-11-06,1.1599773847057755
2012-11-07,1.1531564352176416
2012-11-08,1.1500204690424751
2012-11-09,1.148963245275299
2012-11-12,1.1500887689878174
2012-11-13,1.1517219157104492
2012-11-14,1.1463198273664585
2012-11-15,1.1463113126468891
2012-11-16,1.1488964183843908
2012-11-19,1.1565610441542
2012-11-20,1.1625544701196147
2012-11-21,1.1632317910332224
2012-11-23,1.1677089305824646
2012-11-26,1.1717410504910462
2012-11-27,1.17141636585855
2012-11-28,1.1707807368877157
2012-11-29,1.1753611734844185
2012-11-30,1.1749242713419903
2012-12-03,1.1741383866603026
2012-12-04,1.1740467155154755
2012-12-05,1.1716225464122096
2012-12-06,1.1724209200991982
2012-12-07,1.172392051628436
2012-12-10,1.1757602727138359
2012-12-11,1.1762629312558746
2012-12-12,1.175415622457995
2012-12-13,1.172717005977462
2012-12-14,1.1702991869068535
2012-12-17,1.1719994057488612
2012-12-18,1.1787537678953
2012-12-19,1.181146817763809
2012-12-20,1.1842687224611024
2012-12-21,1.1834163083416278
2012-12-24,1.1822545016283015
2012-12-26,1.178618569130148
2012-12-27,1.1782363012020163
2012-12-28,1.1768858742104993
2012-12-31,1.176117742319259
2013-01-02,1.1879435659902027
2013-01-03,1.191151907863398
2013-01-04,1.1913141947626453
2013-01-07,1.191847317551469
2013-01-08,1.1924288149246567
2013-01-09,1.1946265497167625
2013-01-10,1.1962637947364074
2013-01-11,1.1969584548592624
2013-01-14,1.1980086977206763
2013-01-15,1.2001997161208526
2013-01-16,1.2006993736650624
2013-01-17,1.2045204856866736
2013-01-18,1.208634022566307
2013-01-22,1.2122986187565947
2013-01-23,1.2131703259392534
2013-01-24,1.2127427525024024
2013-01-25,1.2128603444244441
2013-01-28,1.2152033480609163
2013-01-29,1.2175059786073215
2013-01-30,1.2175783545634848
2013-01-31,1.217147704590196
2013-02-01,1.2196366375680476
2013-02-04,1.2193095489890673
2013-02-05,1.2199850288779857
2013-02-06,1.2222764518510782
2013-02-07,1.2218710226186893
2013-02-08,1.22245717342468
2013-02-11,1.2240136707347375
2013-02-12,1.2267960203327002
2013-02-13,1.2283618106194432
2013-02-14,1.2277182298284082
2013-02-15,1.2304814001219389
2013-02-19,1.235204066715959
2013-02-20,1.2328865275445415
2013-02-21,1.2297565535720434
2013-02-22,1.2293457980579139
2013-02-25,1.225808676403172
2013-02-26,1.2227287522642278
2013-02-27,1.228699988641384
2013-02-28,1.2327942768342277
2013-03-01,1.2300668577244884
2013-03-04,1.2355021148809266
2013-03-05,1.2419382944267832
2013-03-06,1.2459583099717733
2013-03-07,1.2448302279510632
2013-03-08,1.24564374798058
2013-03-11,1.246128812476705
2013-03-12,1.245739966940463
2013-03-13,1.2474129720599276
2013-03-14,1.248943253966912
2013-03-15,1.2512237761911176
2013-03-18,1.2492010321459819
2013-03-19,1.251649303700443
2013-03-20,1.2554784784125772
2013-03-21,1.2555579045503547
2013-03-22,1.2559987854540358
2013-03-25,1.2606051285104787
2013-03-26,1.2614746976259181
2013-03-27,1.2642645999896525
2013-03-28,1.2632449993045607
2013-04-01,1.2614071097690618
2013-04-02,1.2620123997297004
2013-04-03,1.2587053599076952
2013-04-04,1.2593718735541164
2013-04-05,1.2593412661052323
2013-04-08,1.2610291251909127
2013-04-09,1.2611847059734718
2013-04-10,1.2660525224523862
2013-04-11,1.2689596029147774
2013-04-12,1.2691918926675405
2013-04-15,1.2600592117747014
2013-04-16,1.262569456337412
2013-04-17,1.2617180729362731
2013-04-18,1.2550611449777733
2013-04-19,1.2619148733429582
2013-04-22,1.265998132596713
2013-04-23,1.272760917839582
2013-04-24,1.2761177958619156
2013-04-25,1.2748140293093284
2013-04-26,1.2746792391204327
2013-04-29,1.2746896240835075
2013-04-30,1.2795857667159878
2013-05-01,1.2734160972083628
2013-05-02,1.2764007291566282
2013-05-03,1.2816477776552688
2013-05-06,1.2857691241833997
2013-05-07,1.2902320090763995
2013-05-08,1.2885419414303327
2013-05-09,1.2889578743090815
2013-05-10,1.2896308462318724
2013-05-13,1.2913011724242927
2013-05-14,1.2945392236293665
2013-05-15,1.299938507588959
2013-05-16,1.2971143839883779
2013-05-17,1.29638431244525
2013-05-20,1.2971702064091108
2013-05-21,1.2954020640665291
2013-05-22,1.2918251926376452
2013-05-23,1.289938791701483
2013-05-24,1.2893143606000097
2013-05-28,1.2897128130877507
2013-05-29,1.287732882006502
2013-05-30,1.2874393553220596
2013-05-31,1.28488635529471
2013-06-03,1.280672067024617
2013-06-04,1.2803127317388192
2013-06-05,1.2739997020389193
2013-06-06,1.2741806121055608
2013-06-07,1.2787977258620786
2013-06-10,1.2839422581279223
2013-06-11,1.2806621778541922
2013-06-12,1.274127994806542
2013-06-13,1.2769332988086917
2013-06-14,1.281862995627713
2013-06-17,1.2836106682248358
2013-06-18,1.2890547643119368
2013-06-19,1.2869434623679965
2013-06-20,1.2760773219849035
2013-06-21,1.2696962690814368
2013-06-24,1.2674377799666847
2013-06-25,1.2668622126010667
2013-06-26,1.2735203520654885
2013-06-27,1.2805614680949713
2013-06-28,1.279528171193894
2013-07-01,1.282444013744511
2013-07-02,1.2849468520920069
2013-07-03,1.2853595002274685
2013-07-05,1.290594228940141
2013-07-08,1.297448567700156
2013-07-09,1.3022717779891286
2013-07-10,1.3035156210042431
2013-07-11,1.305364575316902
2013-07-12,1.3115242114719143
2013-07-15,1.312711747057479
2013-07-16,1.3132650828369021
2013-07-17,1.3130251641726347
2013-07-18,1.3176676363211448
2013-07-19,1.321209718272356
2013-07-22,1.3234906122223786
2013-07-23,1.3251596633059555
2013-07-24,1.324152573751023
2013-07-25,1.3249393583121911
2013-07-26,1.3240222382173708
2013-07-29,1.3200886243694825
2013-07-30,1.3176629392666896
2013-07-31,1.31685647529785
2013-08-01,1.3195862086013879
2013-08-02,1.3250666011118193
2013-08-05,1.3246712371742406
2013-08-06,1.3202876301137094
2013-08-07,1.3140994434836752
2013-08-08,1.3155844815531539
2013-08-09,1.315973666974456
2013-08-12,1.3147133896418652
2013-08-13,1.3143748227680456
2013-08-14,1.316733382638077
2013-08-15,1.3085909863923681
2013-08-16,1.3038833438679331
2013-08-19,1.2980309631113667
2013-08-20,1.3017712006835878
2013-08-21,1.3008692534061657
2013-08-22,1.3039307714480695
2013-08-23,1.3072418932303673
2013-08-26,1.307545624098738
2013-08-27,1.2972117839998114
2013-08-28,1.2943498781575034
2013-08-29,1.3010766841183963
2013-08-30,1.2945309147376778
2013-09-03,1.295203125273309
2013-09-04,1.3006954707516474
2013-09-05,1.3029503756005023
2013-09-06,1.303911201775045
2013-09-09,1.307996948214698
2013-09-10,1.3152267924665269
2013-09-11,1.3173380878731442
2013-09-12,1.3156623337472206
2013-09-13,1.3157740473265278
2013-09-16,1.3186028265259662
2013-09-17,1.321534647735013
2013-09-18,1.3262444757014837
2013-09-19,1.3275564099683206
2013-09-20,1.328388293328608
2013-09-23,1.3262128043503643
2013-09-24,1.3278212381105794
2013-09-25,1.3246797957553276
2013-09-26,1.3256633638864006
2013-09-27,1.3253747628804473
2013-09-30,1.3236034101788794
2013-10-01,1.329670177715144
2013-10-02,1.3289322226703355
2013-10-03,1.325514494399843
2013-10-04,1.3253383013336915
2013-10-07,1.3228016170724644
2013-10-08,1.3144070743209395
2013-10-09,1.3121612185310467
2013-10-10,1.3207021767529774
2013-10-11,1.3317707736086344
2013-10-14,1.3358179896801974
2013-10-15,1.3352301435136313
2013-10-16,1.3385916187532434
2013-10-17,1.344034183800787
2013-10-18,1.3498498881159156
2013-10-21,1.3529414281238425
2013-10-22,1.3538168160334612
2013-10-23,1.355491323283022
2013-10-24,1.3575823370133664
2013-10-25,1.3585239034860994
2013-10-28,1.357191291231012
2013-10-29,1.3582076051464398
2013-10-30,1.3564430146141808
2013-10-31,1.3547450508872625
2013-11-01,1.3544565552438
2013-11-04,1.3561825459766779
2013-11-05,1.3578124072847038
2013-11-06,1.3597344834122576
2013-11-07,1.350139746923165
2013-11-08,1.3552809806758663
2013-11-11,1.3595371372283356
2013-11-12,1.3627340020700762
2013-11-13,1.3643898606431928
2013-11-14,1.3670501290813735
2013-11-15,1.3690617304849118
2013-11-18,1.3691885246990618
2013-11-19,1.3665336403646808
2013-11-20,1.3658774576492623
2013-11-21,1.3727103343384814
2013-11-22,1.37830917094696
2013-11-25,1.380934010442434
2013-11-26,1.3862839122714465
2013-11-27,1.3869962292835347
2013-11-29,1.3866364877799437
2013-12-02,1.3832405645099144
2013-12-03,1.3805856552566775
2013-12-04,1.3792766190545442
2013-12-05,1.3780109131047966
2013-12-06,1.3825935692089657
2013-12-09,1.3870706967900652
2013-12-10,1.3865026596717254
2013-12-11,1.38056449666152
2013-12-12,1.3792073694909286
2013-12-13,1.378730068075877
2013-12-16,1.3824282582300187
2013-12-17,1.383377282383177
2013-12-18,1.3891622028944446
2013-12-19,1.391702685953753
2013-12-20,1.396434880073669
2013-12-23,1.3974583400859144
2013-12-24,1.405997419637979
2013-12-26,1.4071606779324564
2013-12-27,1.406137259587805
2013-12-30,1.404755526011785
2013-12-31,1.4029391539608018
2014-01-02,1.3954243231603471
2014-01-03,1.3943467918361183
2014-01-06,1.39472192111644
2014-01-07,1.3991544975049406
2014-01-08,1.4024515572512781
2014-01-09,1.4045828064397252
2014-01-10,1.4061876780345366
2014-01-13,1.4011803355964303
2014-01-14,1.4044405756071585
2014-01-15,1.4076222701965733
2014-01-16,1.4098816116107575
2014-01-17,1.406625750879563
2014-01-21,1.4077551091756872
2014-01-22,1.410887144642745
2014-01-23,1.4086548793927745
2014-01-24,1.3988128896756007
2014-01-27,1.389078078897947
2014-01-28,1.3886157763983116
2014-01-29,1.3842724358812413
2014-01-30,1.3869008974679438
2014-01-31,1.3906623670935214
2014-02-03,1.3778098963625682
2014-02-04,1.376571189140708
2014-02-05,1.3764623140106558
2014-02-06,1.379257114633156
2014-02-07,1.3867058867828335
2014-02-10,1.3898256927742014
2014-02-11,1.392562894619504
2014-02-12,1.3978453190518982
2014-02-13,1.400959603007013
2014-02-14,1.4039291418052973
2014-02-18,1.4067177395457902
2014-02-19,1.406316136532703
2014-02-20,1.410768069000242
2014-02-21,1.4117546811352857
2014-02-24,1.4153914995288994
2014-02-25,1.417426729193823
2014-02-26,1.4199710679921664
2014-02-27,1.4219914819024204
2014-02-28,1.4250651938084604
2014-03-03,1.424537832127165
2014-03-04,1.4319190188304072
2014-03-05,1.4343364079994905
2014-03-06,1.4335109945480402
2014-03-07,1.4356843574865874
2014-03-10,1.436184182047405
2014-03-11,1.4341917797883241
2014-03-12,1.4342566498110603
2014-03-13,1.4319017048292362
2014-03-14,1.4297380290964692
2014-03-17,1.430879960650072
2014-03-18,1.437358797949909
2014-03-19,1.4362751310089898
2014-03-20,1.4379390297757049
2014-03-21,1.437376975600643
2014-03-24,1.4334911713325351
2014-03-25,1.4344929567202702
2014-03-26,1.4344149853457298
2014-03-27,1.431667121603808
2014-03-28,1.4303140807467811
2014-03-31,1.4370370612222034
2014-04-01,1.4416874719666943
2014-04-02,1.444536580232302
2014-04-03,1.4417121635029995
2014-04-04,1.4328085109855673
2014-04-07,1.4217472913084501
2014-04-08,1.420193000464026
2014-04-09,1.4267208459272425
2014-04-10,1.419261681070645
2014-04-11,1.407486013442039
2014-04-14,1.4045433982744677
2014-04-15,1.4049631341716349
2014-04-16,1.4109413527637602
2014-04-17,1.4162161186457638
2014-04-21,1.4189736653987666
2014-04-22,1.4238293524983958
2014-04-23,1.4200579587518953
2014-04-24,1.4197416828872982
2014-04-25,1.4119480877131134
2014-04-28,1.4104352602417491
2014-04-29,1.4116724035866874
2014-04-30,1.4176115977773955
2014-05-01,1.4194533287530595
2014-05-02,1.4205608443636806
2014-05-05,1.420250965897673
2014-05-06,1.4129972450869461
2014-05-07,1.4113332767143156
2014-05-08,1.4052335046122792
2014-05-09,1.4079634074403449
2014-05-12,1.418529043986314
2014-05-13,1.4195902631166664
2014-05-14,1.4134035684973585
2014-05-15,1.409658081864407
2014-05-16,1.4089954951101482
2014-05-19,1.4139261586916785
2014-05-20,1.412737912239697
2014-05-21,1.4155046604829182
2014-05-22,1.4213985832891778
2014-05-23,1.4271612616955331
2014-05-27,1.4326652663284296
2014-05-28,1.4329729188713665
2014-05-29,1.4344574966173682
2014-05-30,1.4386311129345843
2014-06-02,1.4394751350259467
2014-06-03,1.438969063750977
2014-06-04,1.4406583445853045
2014-06-05,1.4475455067695437
2014-06-06,1.4490778407944855
2014-06-09,1.450316611148135
2014-06-10,1.4484339101450399
2014-06-11,1.4458591051153236
2014-06-12,1.4408825072720688
2014-06-13,1.438465320590701
2014-06-16,1.4395702360712987
2014-06-17,1.4428354309704643
2014-06-18,1.4462976930410707
2014-06-19,1.4471433494731998
2014-06-20,1.4502375013399038
2014-06-23,1.4485480354283058
2014-06-24,1.4471357546862946
2014-06-25,1.4456443041817075
2014-06-26,1.448577708183473
2014-06-27,1.4482779927123515
2014-06-30,1.446578709441061
2014-07-01,1.449525240659647
2014-07-02,1.4505562459003345
2014-07-03,1.4524613892601657
2014-07-07,1.4513700345092884
2014-07-08,1.450052538484285
2014-07-09,1.45159270391021
2014-07-10,1.4492784060003308
2014-07-11,1.4455903325344344
2014-07-14,1.449877175259333
2014-07-15,1.451109934869025
2014-07-16,1.450639580521773
2014-07-17,1.449292821579005
2014-07-18,1.4512636845428237
2014-07-21,1.4530439068954206
2014-07-22,1.4533938337579353
2014-07-23,1.453978854923594
2014-07-24,1.454941179953909
2014-07-25,1.4508724085692886
2014-07-28,1.4497035319707723
2014-07-29,1.4461678419478445
2014-07-30,1.4432139307927292
2014-07-31,1.437861942847685
2014-08-01,1.430554158441796
2014-08-04,1.4331332683282545
2014-08-05,1.431903084759323
2014-08-06,1.4321576723284046
2014-08-07,1.432073703289664
2014-08-08,1.4351363935782442
2014-08-11,1.44270316112123
2014-08-12,1.4446052831848482
2014-08-13,1.449399662434511
2014-08-14,1.4506095101445597
2014-08-15,1.45090650530327
2014-08-18,1.4555421118769951
2014-08-19,1.4568693581563814
2014-08-20,1.4598950674617335
2014-08-21,1.4607745828685839
2014-08-22,1.4614437455046725
2014-08-25,1.4636430287449564
2014-08-26,1.4648052123092998
2014-08-27,1.4609131811663445
2014-08-28,1.4592175070044604
2014-08-29,1.4601672205920815
2014-09-02,1.4605631600556443
2014-09-03,1.4576076231570014
2014-09-04,1.4557043809949666
2014-09-05,1.458988510082897
2014-09-08,1.4592278107726113
2014-09-09,1.4545299468590118
2014-09-10,1.4559050061525218
2014-09-11,1.4570279343338215
2014-09-12,1.4507241606241315
2014-09-15,1.4450177410511529
2014-09-16,1.4511475669700586
2014-09-17,1.4546474725687475
2014-09-18,1.4578904643762303
2014-09-19,1.4582742504306072
2014-09-22,1.4545014913747583
2014-09-23,1.4488511551491348
2014-09-24,1.4518428145652602
2014-09-25,1.4524834906071655
2014-09-26,1.4553325048038692
2014-09-29,1.4566197483139556
2014-09-30,1.4497104107523324
2014-10-01,1.446788852847203
2014-10-02,1.4410148532358975
2014-10-03,1.4456371778821864
2014-10-06,1.4496085443331714
2014-10-07,1.445156342175508
2014-10-08,1.4506165195220384
2014-10-09,1.4478286195775238
2014-10-10,1.4405611121105975
2014-10-13,1.4401507663226378
2014-10-14,1.4363539473243847
2014-10-15,1.4361755563515648
2014-10-16,1.4384084629820646
2014-10-17,1.4367342597836372
2014-10-20,1.4437067067458063
2014-10-21,1.453364769719676
2014-10-22,1.4550520164861238
2014-10-23,1.4606863181078464
2014-10-24,1.467028540168354
2014-10-27,1.467545797214392
2014-10-28,1.4784835185542797
2014-10-29,1.4833657471048523
2014-10-30,1.4839537102143618
2014-10-31,1.4932173076017854
2014-11-03,1.4960538588804757
2014-11-04,1.4936551580007156
2014-11-05,1.496143795141123
2014-11-06,1.499958674118076
2014-11-07,1.5029760162277928
2014-11-10,1.5066767961020961
2014-11-11,1.509444215212801
2014-11-12,1.5110644922261232
2014-11-13,1.5091059951036567
2014-11-14,1.5074810731426873
2014-11-17,1.5086606258253485
2014-11-18,1.5124379629816402
2014-11-19,1.5090798422777862
2014-11-20,1.5084180418381632
2014-11-21,1.508648562640502
2014-11-24,1.5113914451858645
2014-11-25,1.5164104033926318
2014-11-26,1.5194730183161413
2014-11-28,1.516339396094521
2014-12-01,1.5131756158226997
2014-12-02,1.5186752874340697
2014-12-03,1.5231324955128291
2014-12-04,1.5249006890555794
2014-12-05,1.5218271020193608
2014-12-08,1.5170292746345388
2014-12-09,1.5208550109352719
2014-12-10,1.5119626656851186
2014-12-11,1.5097193549645065
2014-12-12,1.5029968533246123
2014-12-15,1.496127944211254
2014-12-16,1.4950573902608588
2014-12-17,1.504344618662364
2014-12-18,1.5109974402916735
2014-12-19,1.5166752564041799
2014-12-22,1.5245711557169064
2014-12-23,1.5262515559846646
2014-12-24,1.5253085469897565
2014-12-26,1.5307500656572677
2014-12-29,1.5336693262975651
2014-12-30,1.533964426223962
2014-12-31,1.5186151221165503
2015-01-02,1.5154788613841537
2015-01-05,1.5160507635381448
2015-01-06,1.509262677691205
2015-01-07,1.5155456379475292
2015-01-08,1.5216204236520334
2015-01-09,1.5238691345789281
2015-01-12,1.5224463076733938
2015-01-13,1.5260706905419188
2015-01-14,1.5207915066537872
2015-01-15,1.5173175478086292
2015-01-16,1.5213587248516032
2015-01-20,1.5274786012962127
2015-01-21,1.5243617601505393
2015-01-22,1.537868930777564
2015-01-23,1.5390862460414054
2015-01-26,1.5390409672938188
2015-01-27,1.5324282314957245
2015-01-28,1.528434151751756
2015-01-29,1.5290072564397699
2015-01-30,1.5216458861780247
2015-02-02,1.51698667804648
2015-02-03,1.5190844015842706
2015-02-04,1.5192429188844427
2015-02-05,1.5219712385434518
2015-02-06,1.5224932158229618
2015-02-09,1.5165806092411722
2015-02-10,1.519504455612524
2015-02-11,1.5211739785072684
2015-02-12,1.5256337156827755
2015-02-13,1.524419689373539
2015-02-17,1.5232936099466172
2015-02-18,1.5242908501557726
2015-02-19,1.5228167264355585
2015-02-20,1.5280086553939582
2015-02-23,1.534541492282042
2015-02-24,1.5309080498442902
2015-02-25,1.531409806892171
2015-02-26,1.5321950078137818
2015-02-27,1.5313735302137372
2015-03-02,1.5337764365007365
2015-03-03,1.531867996310219
2015-03-04,1.5285930174102995
2015-03-05,1.5319142463767674
2015-03-06,1.5266264864788632
2015-03-09,1.5295923861031013
2015-03-10,1.5282079632063899
2015-03-11,1.5264851481315551
2015-03-12,1.5352530426217053
2015-03-13,1.5401392928434925
2015-03-16,1.5451607134136016
2015-03-17,1.554061846797087
2015-03-18,1.5527151531241565
2015-03-19,1.5589106014387188
2015-03-20,1.5666172706317587
2015-03-23,1.5648385060530572
2015-03-24,1.5614934228331285
2015-03-25,1.5525638183646722
2015-03-26,1.5500169592606838
2015-03-27,1.557106485144781
2015-03-30,1.5613610498094692
2015-03-31,1.5561217141454178
2015-04-01,1.5517985664332492
2015-04-02,1.5541536602291468
2015-04-06,1.5500715130697125
2015-04-07,1.5472946468826294
2015-04-08,1.5509656994960819
2015-04-09,1.5512824836126713
2015-04-10,1.5566803925018058
2015-04-13,1.5611681964349107
2015-04-14,1.55540136764375
2015-04-15,1.5506421520311302
2015-04-16,1.5513602035089256
2015-04-17,1.5449881764987239
2015-04-20,1.5485188942349999
2015-04-21,1.5533727362267464
2015-04-22,1.5571960541946068
2015-04-23,1.557833310797728
2015-04-24,1.5605601491857335
2015-04-27,1.5565295802312673
2015-04-28,1.5574744023618003
2015-04-29,1.55027306668615
2015-04-30,1.5384857733881814
2015-05-01,1.5440867701532448
2015-05-04,1.5482261640544173
2015-05-05,1.5434075907514588
2015-05-06,1.5387414996100575
2015-05-07,1.542276850882677
2015-05-08,1.5477091770684823
2015-05-11,1.5498892806132172
2015-05-12,1.5483093250380695
2015-05-13,1.5488656691085765
2015-05-14,1.5569249586192155
2015-05-15,1.5604902484874261
2015-05-18,1.5665095548518233
2015-05-19,1.5713683473023226
2015-05-20,1.5727609488218095
2015-05-21,1.5711202699350788
2015-05-22,1.5707107120348553
2015-05-26,1.5668264966867747
2015-05-27,1.5703678200663964
2015-05-28,1.5720936063343478
2015-05-29,1.5713174980420748
2015-06-01,1.5725221703520544
2015-06-02,1.570230124089616
2015-06-03,1.574998909369492
2015-06-04,1.5721928891011487
2015-06-05,1.5700641887117446
2015-06-08,1.5698702983319148
2015-06-09,1.5663547431832008
2015-06-10,1.570856338003793
2015-06-11,1.5795387983596987
2015-06-12,1.5808368761339535
2015-06-15,1.5809720094559427
2015-06-16,1.5827109957280219
2015-06-17,1.583641960847703
2015-06-18,1.5927185145491092
2015-06-19,1.595869340181255
2015-06-22,1.598418162823826
2015-06-23,1.5972869448632816
2015-06-24,1.597147627070035
2015-06-25,1.5987248514381214
2015-06-26,1.6013349801171177
2015-06-29,1.5926602725128771
2015-06-30,1.5899446214383726
2015-07-01,1.6020685877052196
2015-07-02,1.602916629685656
2015-07-06,1.6109825637611805
2015-07-07,1.6079465899014738
2015-07-08,1.604772478526789
2015-07-09,1.6024050481456795
2015-07-10,1.6139493736065185
2015-07-13,1.6233640657625648
2015-07-14,1.62206475964532
2015-07-15,1.6270831528179948
2015-07-16,1.6337412261954392
2015-07-17,1.641019235830039
2015-07-20,1.6478827894685606
2015-07-21,1.6440381505219333
2015-07-22,1.6523205522948121
2015-07-23,1.6439272660018591
2015-07-24,1.6385513226835875
2015-07-27,1.6410298121739275
2015-07-28,1.6402037104092217
2015-07-29,1.6418725615930958
2015-07-30,1.6478261836160466
2015-07-31,1.6546902398480863
2015-08-03,1.6600933963975215
2015-08-04,1.6598910741778221
2015-08-05,1.6700526851574238
2015-08-06,1.6569398571267766
2015-08-07,1.6562064240308951
2015-08-10,1.6519741527976368
2015-08-11,1.6507185045677466
2015-08-12,1.6418701554346997
2015-08-13,1.6473180497450284
2015-08-14,1.652468557421556
2015-08-17,1.6583963609662309
2015-08-18,1.6581446355227991
2015-08-19,1.65654289286372
2015-08-20,1.6499020062843075
2015-08-21,1.6516358744092008
2015-08-24,1.6394914743384634
2015-08-25,1.636930943779928
2015-08-26,1.6346602838823574
2015-08-27,1.6195217350122295
2015-08-28,1.6144987502737218
2015-08-31,1.6047053412163346
2015-09-01,1.610385085790056
2015-09-02,1.6105160743832236
2015-09-03,1.6087713810353768
2015-09-04,1.6111333041112665
2015-09-08,1.6141438210274028
2015-09-09,1.6159696320189738
2015-09-10,1.6144779833727574
2015-09-11,1.6183996079566876
2015-09-14,1.6224079702108245
2015-09-15,1.6223445119328086
2015-09-16,1.6211907401505772
2015-09-17,1.6272532894006
2015-09-18,1.6333925990710598
2015-09-21,1.6322407282139515
2015-09-22,1.6332998208291662
2015-09-23,1.6383993850090472
2015-09-24,1.634992794118426
2015-09-25,1.6340045705511954
2015-09-28,1.6351351858940761
2015-09-29,1.6372727903254773
2015-09-30,1.6267456445503818
2015-10-01,1.629408105903718
2015-10-02,1.6212469322138159
2015-10-05,1.622734993900816
2015-10-06,1.610486101200191
2015-10-07,1.6121424873700754
2015-10-08,1.6100382865967022
2015-10-09,1.6106471636517676
2015-10-12,1.6213948762026216
2015-10-13,1.6166227007003813
2015-10-14,1.6096512755052643
2015-10-15,1.6123621431719317
2015-10-16,1.6145087806821832
2015-10-19,1.6208108205156366
2015-10-20,1.6172364189810753
2015-10-21,1.6191752781846456
2015-10-22,1.6271245323701322
2015-10-23,1.6392337345149306
2015-10-26,1.648729920007583
2015-10-27,1.6513608105748767
2015-10-28,1.6593945582643208
2015-10-29,1.6581095963748589
2015-10-30,1.6530122638051188
2015-11-02,1.6553634505103125
2015-11-03,1.651203329379085
2015-11-04,1.6543152604423148
2015-11-05,1.656967065848371
2015-11-06,1.6570570283781378
2015-11-09,1.6525231057266947
2015-11-10,1.655066032032079
2015-11-11,1.6588991994036326
2015-11-12,1.6577770668911391
2015-11-13,1.6518242702557806
2015-11-16,1.64877944492503
2015-11-17,1.6582219184574463
2015-11-18,1.6661625824807267
2015-11-19,1.6709826487207606
2015-11-20,1.6782291400455611
2015-11-23,1.678035684043919
2015-11-24,1.6739212855686134
2015-11-25,1.6758246760425686
2015-11-27,1.6813463646320663
2015-11-30,1.6786906686767529
2015-12-01,1.6834431674852874
2015-12-02,1.6866800518128673
2015-12-03,1.6719546650327892
2015-12-04,1.6835585419391923
2015-12-07,1.6833734954108461
2015-12-08,1.6840593870929361
2015-12-09,1.6714281173630146
2015-12-10,1.6678557258699827
2015-12-11,1.6694592464938545
2015-12-14,1.6649816239587751
2015-12-15,1.6675762819199114
2015-12-16,1.6849215286420354
2015-12-17,1.6896113688504915
2015-12-18,1.6865536101349023
2015-12-21,1.6824269078367124
2015-12-22,1.6847326181716384
2015-12-23,1.6809425424630844
2015-12-24,1.6834576562299062
2015-12-28,1.6871377865622819
2015-12-29,1.6912903373365604
2015-12-30,1.6943339949360716
2015-12-31,1.6804405013650356
2016-01-04,1.6652351942081853
2016-01-05,1.667453692624702
2016-01-06,1.6644524417754347
2016-01-07,1.6650100000680337
2016-01-08,1.6571603659879575
2016-01-11,1.6588501899654684
2016-01-12,1.6594820824234062
2016-01-13,1.6598791729416018
2016-01-14,1.6463745393576887
2016-01-15,1.6538537570890355
2016-01-19,1.6517820855243495
2016-01-20,1.661188811506619
2016-01-21,1.6449921625452613
2016-01-22,1.6436724394140154
2016-01-25,1.6482793926549884
2016-01-26,1.6408219969915638
2016-01-27,1.641043796530742
2016-01-28,1.635281654854252
2016-01-29,1.6349263553651654
2016-02-01,1.6433673912829692
2016-02-02,1.645930104092586
2016-02-03,1.6359240717845658
2016-02-04,1.6314617486251433
2016-02-05,1.6324103865194477
2016-02-08,1.6334600777088872
2016-02-09,1.636554446785142
2016-02-10,1.6351848622615304
2016-02-11,1.6374698262332743
2016-02-12,1.6303521825079814
2016-02-16,1.6371651092795207
2016-02-17,1.6344506665281098
2016-02-18,1.6358740119941708
2016-02-19,1.6382497701126293
2016-02-22,1.6323514776792427
2016-02-23,1.640219440086776
2016-02-24,1.6410379971561713
2016-02-25,1.647293449091422
2016-02-26,1.6482956371524027
2016-02-29,1.6471199600541606
2016-03-01,1.642448159893667
2016-03-02,1.6448295085782054
2016-03-03,1.6408671609008971
2016-03-04,1.6311236220660394
2016-03-07,1.6230541026364893
2016-03-08,1.629575796728445
2016-03-09,1.6256967195724803
2016-03-10,1.6227729233470654
2016-03-11,1.630751343717114
2016-03-14,1.6330539205286385
2016-03-15,1.6330445373979159
2016-03-16,1.6326906560825314
2016-03-17,1.6381697329552933
2016-03-18,1.6446088696233363
2016-03-21,1.6445392299754316
2016-03-22,1.6460494335153049
2016-03-23,1.642254030776622
2016-03-24,1.6407452787220758
2016-03-28,1.6401790789306365
2016-03-29,1.6519610529229711
2016-03-30,1.6562174392936235
2016-03-31,1.650257374547538
2016-04-01,1.6529025919498241
2016-04-04,1.6503073176451493
2016-04-05,1.6475735215940182
2016-04-06,1.6429993447130533
2016-04-07,1.6411392204480093
2016-04-08,1.6386366359500297
2016-04-11,1.6378576047175217
2016-04-12,1.6358961822205054
2016-04-13,1.6448457780322885
2016-04-14,1.6466562939955673
2016-04-15,1.6479715776381274
2016-04-18,1.6498688743630094
2016-04-19,1.6495543288534735
2016-04-20,1.6469525930620637
2016-04-21,1.642158168061206
2016-04-22,1.6382091144079554
2016-04-25,1.6401038038649531
2016-04-26,1.6407160275431703
2016-04-27,1.6374745367015056
2016-04-28,1.635148606844535
2016-04-29,1.63415102159507
2016-05-02,1.6408410748242963
2016-05-03,1.644275218163404
2016-05-04,1.6430367861076682
2016-05-05,1.6429970628291686
2016-05-06,1.6419151892022417
2016-05-09,1.6476184628372157
2016-05-10,1.647340814670387
2016-05-11,1.6461681689888312
2016-05-12,1.6470640953806521
2016-05-13,1.6450018360946908
2016-05-16,1.6406243271865681
2016-05-17,1.6305533510014691
2016-05-18,1.636405146038685
2016-05-19,1.6346838143890814
2016-05-20,1.6354786083363284
2016-05-23,1.6379784099906163
2016-05-24,1.6457841254235548
2016-05-25,1.6433974236900315
2016-05-26,1.6446106529089606
2016-05-27,1.6471371042531628
2016-05-31,1.640740833859232
2016-06-01,1.6406029458413254
2016-06-02,1.6377437669479522
2016-06-03,1.63557996147414
2016-06-06,1.6313976292680552
2016-06-07,1.6299149930133874
2016-06-08,1.631812406624246
2016-06-09,1.6307468318941183
2016-06-10,1.632283715107541
2016-06-13,1.6237942751535186
2016-06-14,1.621550309415157
2016-06-15,1.6178130184386212
2016-06-16,1.6187619285016912
2016-06-17,1.6149528338091939
2016-06-20,1.6159693627650715
2016-06-21,1.61871644486867
2016-06-22,1.6207763835904196
2016-06-23,1.6258011395392642
2016-06-24,1.6165379644005335
2016-06-27,1.6117426642848152
2016-06-28,1.6067246056761666
2016-06-29,1.6164934763176892
2016-06-30,1.6301552017664114
2016-07-01,1.6273944351842258
2016-07-05,1.6297224896208582
2016-07-06,1.6303218884044801
2016-07-07,1.6305309716907908
2016-07-08,1.6365148913052519
2016-07-11,1.6450976766443715
2016-07-12,1.6446786513817866
2016-07-13,1.6492859468937904
2016-07-14,1.6502998705568488
2016-07-15,1.6551986919663708
2016-07-18,1.6532016644053646
2016-07-19,1.656037522585917
2016-07-20,1.6531083247602787
2016-07-21,1.6522314810740144
2016-07-22,1.655170541320433
2016-07-25,1.6575022540967752
2016-07-26,1.6575350961613289
2016-07-27,1.6526566627914356
2016-07-28,1.6548938788641105
2016-07-29,1.6539702995789856
2016-08-01,1.6545529469680227
2016-08-02,1.6532480340746978
2016-08-03,1.6474113619283948
2016-08-04,1.6509480829926277
2016-08-05,1.6572217346343057
2016-08-08,1.6568680647469924
2016-08-09,1.658898170316693
2016-08-10,1.6596787291203743
2016-08-11,1.6566633506090518
2016-08-12,1.657543705865976
2016-08-15,1.6573663263325016
2016-08-16,1.6563623672662176
2016-08-17,1.6549843619209308
2016-08-18,1.6553096667776712
2016-08-19,1.6539067139372972
2016-08-22,1.6562286599507225
2016-08-23,1.6579794077229066
2016-08-24,1.6629319546916457
2016-08-25,1.6635061319667117
2016-08-26,1.6595984935509769
2016-08-29,1.6601127041813988
2016-08-30,1.6624190472792644
2016-08-31,1.659509504182736
2016-09-01,1.6601872253884893
2016-09-02,1.6628694391912744
2016-09-06,1.6623277695808296
2016-09-07,1.6654704507037108
2016-09-08,1.6587694837028837
2016-09-09,1.6518220843688063
2016-09-12,1.6425577687373456
2016-09-13,1.6433583774225822
2016-09-14,1.6370069800990383
2016-09-15,1.638871079855797
2016-09-16,1.643059369571746
2016-09-19,1.644168633576142
2016-09-20,1.6411770051350245
2016-09-21,1.6435336127326274
2016-09-22,1.657317620118224
2016-09-23,1.6578611648776607
2016-09-26,1.6481720127017676
2016-09-27,1.645677113763066
2016-09-28,1.6491171079261377
2016-09-29,1.645157468646175
2016-09-30,1.6382141848356078
2016-10-03,1.6373963777169889
2016-10-04,1.6347028556418342
2016-10-05,1.6340450590514217
2016-10-06,1.635825969828026
2016-10-07,1.6346887009329336
2016-10-10,1.634934606422892
2016-10-11,1.6318946981222013
2016-10-12,1.6275039745853963
2016-10-13,1.623895360713881
2016-10-14,1.6295514662728827
2016-10-17,1.6282737686555233
2016-10-18,1.6254022148613587
2016-10-19,1.6304735216825026
2016-10-20,1.6271811118304067
2016-10-21,1.6290170502228953
2016-10-24,1.6345300772816853
2016-10-25,1.6391063582510699
2016-10-26,1.6334376069717886
2016-10-27,1.6333240400592168
2016-10-28,1.6335751047706606
2016-10-31,1.639676210595213
2016-11-01,1.6347813570151588
2016-11-02,1.631169042163632
2016-11-03,1.6377223184266898
2016-11-04,1.6341405800146682
2016-11-07,1.6422956706422545
2016-11-08,1.6547576289823165
2016-11-09,1.6657710649174575
2016-11-10,1.6730552185374352
2016-11-11,1.6812562179425856
2016-11-14,1.6803513428212669
2016-11-15,1.6818706737542708
2016-11-16,1.6853691510428341
2016-11-17,1.6835769612671534
2016-11-18,1.6887529120718625
2016-11-21,1.690613285087444
2016-11-22,1.7023573963486744
2016-11-23,1.7023396868618201
2016-11-25,1.7026567633098404
2016-11-28,1.700697829464477
2016-11-29,1.7058724093993407
2016-11-30,1.708637528298282
2016-12-01,1.7063158287536215
2016-12-02,1.705446811766099
2016-12-05,1.712665838772843
2016-12-06,1.7166617026673754
2016-12-07,1.7236916702678218
2016-12-08,1.7389077848651795
2016-12-09,1.7358937685293458
2016-12-12,1.7355442875456357
2016-12-13,1.7328095936189034
2016-12-14,1.7316555875286161
2016-12-15,1.7323378855942893
2016-12-16,1.7354774326913882
2016-12-19,1.737691261791521
2016-12-20,1.7424968105755667
2016-12-21,1.7449673982016798
2016-12-22,1.7428140867271829
2016-12-23,1.7377440975530707
2016-12-27,1.7404596187360513
2016-12-28,1.7416945172429623
2016-12-29,1.7425302780093284
2016-12-30,1.733007204998173
2017-01-03,1.731381317545101
2017-01-04,1.733916179157903
2017-01-05,1.7313304850642561
2017-01-06,1.7296420028359987
2017-01-09,1.7194298269190487
2017-01-10,1.7222403643283495
2017-01-11,1.7281972341257974
2017-01-12,1.723881119342859
2017-01-13,1.7262681539002243
2017-01-17,1.724104496578519
2017-01-18,1.726028349106318
2017-01-19,1.7243930272154269
2017-01-20,1.7261390867538866
2017-01-23,1.7281929725319038
2017-01-24,1.7380229426807883
2017-01-25,1.7415218971769695
2017-01-26,1.745788497435574
2017-01-27,1.7435347539456592
2017-01-30,1.7362029816665117
2017-01-31,1.732678520360098
2017-02-01,1.7331223894696555
2017-02-02,1.7314979514300355
2017-02-03,1.7388289074463885
2017-02-06,1.7326112828516638
2017-02-07,1.7358680255655425
2017-02-08,1.7307168500369938
2017-02-09,1.7347544888226532
2017-02-10,1.7409465212573978
2017-02-13,1.7465136213711663
2017-02-14,1.7476125052178921
2017-02-15,1.7491970062717095
2017-02-16,1.7508878310970402
2017-02-17,1.7499013442285367
2017-02-21,1.754411853590851
2017-02-22,1.7592356506573452
2017-02-23,1.755628672795678
2017-02-24,1.747060585496262
2017-02-27,1.742557009838586
2017-02-28,1.7395786268577587
2017-03-01,1.7425656385296604
2017-03-02,1.7401099340871982
2017-03-03,1.7416015548559813
2017-03-06,1.737296433425962
2017-03-07,1.7386746093479089
2017-03-08,1.728483925565619
2017-03-09,1.7246070749277547
2017-03-10,1.7261453052458071
2017-03-13,1.7259511264122056
2017-03-14,1.7259829918122356
2017-03-15,1.7305896512242758
2017-03-16,1.736731016722787
2017-03-17,1.7392939528423814
2017-03-20,1.7317775315093753
2017-03-21,1.7231928009924498
2017-03-22,1.7192006661614125
2017-03-23,1.7222609304175682
2017-03-24,1.7230106015984854
2017-03-27,1.7221931747541483
2017-03-28,1.72653355079035
2017-03-29,1.730824243680828
2017-03-30,1.7358212782749762
2017-03-31,1.7328245456443387
2017-04-03,1.730372917946988
2017-04-04,1.7354798830454545
2017-04-05,1.7323930274283912
2017-04-06,1.732514484160777
2017-04-07,1.7367434532525092
2017-04-10,1.7355239921142147
2017-04-11,1.7379783286548225
2017-04-12,1.7313537381632855
2017-04-13,1.7276098570223808
2017-04-17,1.7290256582492236
2017-04-18,1.7304633399178035
2017-04-19,1.7270530889901945
2017-04-20,1.7306568085597078
2017-04-21,1.7319900840999605
2017-04-24,1.7335839295561564
2017-04-25,1.741507410947007
2017-04-26,1.7440461211368554
2017-04-27,1.7423636810039846
2017-04-28,1.7386318314327183
2017-05-01,1.7470161852308312
2017-05-02,1.745459597487797
2017-05-03,1.7428840211500398
2017-05-04,1.741480351710862
2017-05-05,1.7494663219145448
2017-05-08,1.7538141394816624
2017-05-09,1.749172163327664
2017-05-10,1.752044537471344
2017-05-11,1.7484109685186957
2017-05-12,1.7436168644922505
2017-05-15,1.7425262419156051
2017-05-16,1.7476899575543985
2017-05-17,1.738759677938097
2017-05-18,1.7358394755238407
2017-05-19,1.739872316606104
2017-05-22,1.7420104542907169
2017-05-23,1.7459587565779968
2017-05-24,1.7467539767352718
2017-05-25,1.7436513488243452
2017-05-26,1.7461995720481165
2017-05-30,1.740565104140455
2017-05-31,1.7406204113582922
2017-06-01,1.743298490577738
2017-06-02,1.7474573194688108
2017-06-05,1.747885306740013
2017-06-06,1.7477859012474428
2017-06-07,1.7426259657172787
2017-06-08,1.7512331156648755
2017-06-09,1.7549097868087915
2017-06-12,1.7538893430318003
2017-06-13,1.7583975569798804
2017-06-14,1.7599309036754605
2017-06-15,1.759488690107249
2017-06-16,1.7602664922894204
2017-06-19,1.7521748938765718
2017-06-20,1.756841339145092
2017-06-21,1.747674821428883
2017-06-22,1.7409431624235814
2017-06-23,1.7504667995924956
2017-06-26,1.747235116770284
2017-06-27,1.7488808808783707
2017-06-28,1.7510377023921995
2017-06-29,1.7570052937384442
2017-06-30,1.7487650844010332
2017-07-03,1.7495300139267798
2017-07-05,1.7560489224693105
2017-07-06,1.7600592016582874
2017-07-07,1.760050785827536
2017-07-10,1.7643457019158602
2017-07-11,1.7651360942439194
2017-07-12,1.7681733954111978
2017-07-13,1.766789409191053
2017-07-14,1.7663873738258102
2017-07-17,1.7667360202169515
2017-07-18,1.7701359390219822
2017-07-19,1.76883327207463
2017-07-20,1.7696890951923985
2017-07-21,1.7686095675398974
2017-07-24,1.7723815757521688
2017-07-25,1.7721801941977773
2017-07-26,1.7711420683431287
2017-07-27,1.768041911136556
2017-07-28,1.7706168424181419
2017-07-31,1.7718497846005117
2017-08-01,1.77263992749579
2017-08-02,1.7727871322084807
2017-08-03,1.7726124347992822
2017-08-04,1.7692246897794346
2017-08-07,1.772384708353457
2017-08-08,1.7780929118288544
2017-08-09,1.7782794127416541
2017-08-10,1.767776777504533
2017-08-11,1.7627935025193724
2017-08-14,1.7724407204722026
2017-08-15,1.7802471748289128
2017-08-16,1.779293468128325
2017-08-17,1.7744760164258138
2017-08-18,1.7638093708698277
2017-08-21,1.7596573248079377
2017-08-22,1.764352685373584
2017-08-23,1.7669349033810873
2017-08-24,1.765884016036802
2017-08-25,1.7637887613952263
2017-08-28,1.7668802419725433
2017-08-29,1.76745102292319
2017-08-30,1.7689448257044926
2017-08-31,1.7747425276821622
2017-09-01,1.7784127319427538
2017-09-05,1.7734171574918771
2017-09-06,1.7660318027192534
2017-09-07,1.7651851801318148
2017-09-08,1.768059049211419
2017-09-11,1.771534504995439
2017-09-12,1.775063402262054
2017-09-13,1.7744473481585032
2017-09-14,1.772126351631152
2017-09-15,1.7744897691215549
2017-09-18,1.7734635168371673
2017-09-19,1.778316780701704
2017-09-20,1.7810621182286264
2017-09-21,1.7793971441123784
2017-09-22,1.7808685858488669
2017-09-25,1.7784887986654874
2017-09-26,1.7813048687200888
2017-09-27,1.7891424015007587
2017-09-28,1.8003359747375394
2017-09-29,1.7972165524185948
2017-10-02,1.8050811097197184
2017-10-03,1.8038301224358966
2017-10-04,1.802722464687969
2017-10-05,1.8081222388571936
2017-10-06,1.8114126345914108
2017-10-09,1.8114413918293901
2017-10-10,1.8119999192510723
2017-10-11,1.8118726888972814
2017-10-12,1.8142623137935348
2017-10-13,1.8151742337137535
2017-10-16,1.8116689888970758
2017-10-17,1.8122595066305025
2017-10-18,1.8181833516341661
2017-10-19,1.8189175100134125
2017-10-20,1.8219774638425446
2017-10-23,1.822339480386171
2017-10-24,1.8240555693990377
2017-10-25,1.8247920333173995
2017-10-26,1.825052118565076
2017-10-27,1.828321403107727
2017-10-30,1.8203187111060295
2017-10-31,1.8230692734352925
2017-11-01,1.8210877025009689
2017-11-02,1.8260084917038826
2017-11-03,1.824253265345638
2017-11-06,1.8198241270538462
2017-11-07,1.8146221368611597
2017-11-08,1.811968736877163
2017-11-09,1.806118391081259
2017-11-10,1.8047138427426428
2017-11-13,1.8032620559006745
2017-11-14,1.8108465589752294
2017-11-15,1.8078111985743552
2017-11-16,1.8126636522835649
2017-11-17,1.8093045490239752
2017-11-20,1.8123558052578945
2017-11-21,1.8215180427344793
2017-11-22,1.8202943076967335
2017-11-24,1.821664072516452
2017-11-27,1.8262190105941016
2017-11-28,1.8331512180761416
2017-11-29,1.83921730929339
2017-11-30,1.837162825028545
2017-12-01,1.8362465564905885
2017-12-04,1.8366980375783835
2017-12-05,1.8373449657606256
2017-12-06,1.8391497762394773
2017-12-07,1.8413152705677636
2017-12-08,1.8375295768838162
2017-12-11,1.8351714126954997
2017-12-12,1.8429828725901611
2017-12-13,1.8428478960342247
2017-12-14,1.8393264255942507
2017-12-15,1.8506368377402906
2017-12-18,1.85357924362675
2017-12-19,1.8519330642350558
2017-12-20,1.8496815745774413
2017-12-21,1.8488848260989101
2017-12-22,1.845286535691897
2017-12-26,1.8416407039631142
2017-12-27,1.8469719956116186
2017-12-28,1.8479181067513202
2017-12-29,1.8444412192581034
2018-01-02,1.8354303160665166
2018-01-03,1.8330121880059733
2018-01-04,1.834239026872499
2018-01-05,1.8406965956516497
2018-01-08,1.8413763163865964
2018-01-09,1.840749009149194
2018-01-10,1.8396443017839619
2018-01-11,1.8447034656245378
2018-01-12,1.8500223573564758
2018-01-16,1.8494825859152488
2018-01-17,1.8535726090430158
2018-01-18,1.8551832323379056
2018-01-19,1.8621458111693847
2018-01-22,1.8628653776345903
2018-01-23,1.8642018866880647
2018-01-24,1.8610266268987774
2018-01-25,1.8642694852884572
2018-01-26,1.86558844634627
2018-01-29,1.8646002060176012
2018-01-30,1.858916183339091
2018-01-31,1.8568249058339825
2018-02-01,1.8589240669915978
2018-02-02,1.8568577130368888
2018-02-05,1.8282430513857648
2018-02-06,1.8230339637671809
2018-02-07,1.82981787892102
2018-02-08,1.8148357737290453
2018-02-09,1.812012723615052
2018-02-12,1.8229093886316161
2018-02-13,1.8265100818685203
2018-02-14,1.831104572235863
2018-02-15,1.8389743163046415
2018-02-16,1.8441271118892337
2018-02-20,1.838660409664413
2018-02-21,1.8380324554233851
2018-02-22,1.8315910837808955
2018-02-23,1.8389761474813449
2018-02-26,1.8470372855881976
2018-02-27,1.8403270398418197
2018-02-28,1.8378117184027434
2018-03-01,1.8298924035017077
2018-03-02,1.8330850377898598
2018-03-05,1.8342355687659428
2018-03-06,1.8365931766609216
2018-03-07,1.8420831132995974
2018-03-08,1.8462804456131954
2018-03-09,1.8560114207320126
2018-03-12,1.8609891549587398
2018-03-13,1.8596718753659065
2018-03-14,1.8554244764704184
2018-03-15,1.8572064011525873
2018-03-16,1.856708273981059
2018-03-19,1.8538158320962084
2018-03-20,1.85184397806586
2018-03-21,1.85397368701032
2018-03-22,1.842529294206883
2018-03-23,1.823554061792742
2018-03-26,1.8291558138639206
2018-03-27,1.8286553798786929
2018-03-28,1.8257207171945677
2018-03-29,1.8267187435866348
2018-04-02,1.8179077104755763
2018-04-03,1.8179894452479977
2018-04-04,1.8238245967792033
2018-04-05,1.827946188422773
2018-04-06,1.8198412388481957
2018-04-09,1.8162566189281975
2018-04-10,1.829849581709923
2018-04-11,1.8283308703817673
2018-04-12,1.829943288849601
2018-04-13,1.8269328991415499
2018-04-16,1.8339026626548818
2018-04-17,1.8416360345068257
2018-04-18,1.840632694796697
2018-04-19,1.8393717621651668
2018-04-20,1.8380275628294165
2018-04-23,1.833499441408222
2018-04-24,1.826084415902649
2018-04-25,1.8215060451364826
2018-04-26,1.8229915102885612
2018-04-27,1.824638325352097
2018-04-30,1.820727861420334
2018-05-01,1.8256729546721102
2018-05-02,1.8195816140544507
2018-05-03,1.8170504895958433
2018-05-04,1.821139757594465
2018-05-07,1.8266178454814677
2018-05-08,1.8318219068068775
2018-05-09,1.8322139442972467
2018-05-10,1.8402746880344736
2018-05-11,1.843471357226759
2018-05-14,1.8395656243026441
2018-05-15,1.8396721404636276
2018-05-16,1.841175360619738
2018-05-17,1.8465014602230454
2018-05-18,1.846858384591533
2018-05-21,1.8460157899196747
2018-05-22,1.8453665549810294
2018-05-23,1.84834188471158
2018-05-24,1.8527519714422027
2018-05-25,1.8487622027780668
2018-05-29,1.8424800098104415
2018-05-30,1.8469559554734702
2018-05-31,1.8474939301369868
2018-06-01,1.8494949601671606
2018-06-04,1.8560690317522601
2018-06-05,1.8587210745393592
2018-06-06,1.8532263406996299
2018-06-07,1.8524688706520447
2018-06-08,1.851327987153649
2018-06-11,1.8481146900879142
2018-06-12,1.8488335877921234
2018-06-13,1.8485584929696555
2018-06-14,1.849659558187765
2018-06-15,1.848284657455155
2018-06-18,1.8468857535643104
2018-06-19,1.8461268195661213
2018-06-20,1.8450029622752528
2018-06-21,1.84166983757809
2018-06-22,1.8448361505636994
2018-06-25,1.8393446580778412
2018-06-26,1.840048168317096
2018-06-27,1.83112777804328
2018-06-28,1.835020003823593
2018-06-29,1.8332888565785834
2018-07-02,1.8366513690214739
2018-07-03,1.838357474587574
2018-07-05,1.8443857398746737
2018-07-06,1.8520068796565714
2018-07-09,1.8605047097312117
2018-07-10,1.8588792138960872
2018-07-11,1.8562242111293212
2018-07-12,1.8576487602760556
2018-07-13,1.8577857641215487
2018-07-16,1.860681503269695
2018-07-17,1.8616292494133075
2018-07-18,1.864342995748951
2018-07-19,1.8632975055706686
2018-07-20,1.865033525736323
2018-07-23,1.8685855833977936
2018-07-24,1.8678628907235453
2018-07-25,1.8736348499305937
2018-07-26,1.873080869218097
2018-07-27,1.8625857317339698
2018-07-30,1.8513713369431273
2018-07-31,1.8519679924945034
2018-08-01,1.860255433377033
2018-08-02,1.8651323666635498
2018-08-03,1.8616460765171996
2018-08-06,1.8640282506822485
2018-08-07,1.864430831424056
2018-08-08,1.8636815135800415
2018-08-09,1.8636177352645222
2018-08-10,1.8667414683846923
2018-08-13,1.8614565983875557
2018-08-14,1.86295896149833
2018-08-15,1.8594628529821176
2018-08-16,1.860493223366464
2018-08-17,1.8665357247417482
2018-08-20,1.8662134848614764
2018-08-21,1.8697043220286735
2018-08-22,1.8693158352117625
2018-08-23,1.8693771985310252
2018-08-24,1.8728171342805293
2018-08-27,1.8751926789886642
2018-08-28,1.877686429804926
2018-08-29,1.878559525870564
2018-08-30,1.8797062924694845
2018-08-31,1.8810627769993866
2018-09-04,1.8803924355387562
2018-09-05,1.8779815627118617
2018-09-06,1.8767956953608258
2018-09-07,1.8762741526779543
2018-09-10,1.8797445217349193
2018-09-11,1.876598703912133
2018-09-12,1.875838223627354
2018-09-13,1.8774628202285355
2018-09-14,1.8784610920449933
2018-09-17,1.871452456180007
2018-09-18,1.8669321383764899
2018-09-19,1.8679968813268735
2018-09-20,1.8707450137973929
2018-09-21,1.8697554654220552
2018-09-24,1.858423747796669
2018-09-25,1.8579058954857885
2018-09-26,1.8558680502225633
2018-09-27,1.857379456574109
2018-09-28,1.8545669836030083
2018-10-01,1.8501111027334083
2018-10-02,1.8489365423311817
2018-10-03,1.84818563747418
2018-10-04,1.841885217521792
2018-10-05,1.837331930971847
2018-10-08,1.8394016410558918
2018-10-09,1.8380294330056117
2018-10-10,1.8175219121545974
2018-10-11,1.8072852825972423
2018-10-12,1.8029061761937302
2018-10-15,1.8071432194100565
2018-10-16,1.818325356424367
2018-10-17,1.816977273324528
2018-10-18,1.8083553025920334
2018-10-19,1.7989441161925979
2018-10-22,1.798751076808497
2018-10-23,1.794861768012872
2018-10-24,1.791189360759716
2018-10-25,1.788271497481769
2018-10-26,1.792961545183818
2018-10-29,1.7903193342936268
2018-10-30,1.7907595059130004
2018-10-31,1.8005361531262352
2018-11-01,1.795398239925382
2018-11-02,1.7951822479501527
2018-11-05,1.7916990139461326
2018-11-06,1.7987476401468503
2018-11-07,1.8097448289653644
2018-11-08,1.812588693955793
2018-11-09,1.8063025399750847
2018-11-12,1.8031450857776992
2018-11-13,1.797961126375603
2018-11-14,1.7953050889594424
2018-11-15,1.790767983291473
2018-11-16,1.7884416821323592
2018-11-19,1.786749346904267
2018-11-20,1.7882062499126157
2018-11-21,1.7845357330864495
2018-11-23,1.7880266432834813
2018-11-26,1.7824536395402808
2018-11-27,1.786096190432914
2018-11-28,1.8001558031834146
2018-11-29,1.8065868276205768
2018-11-30,1.8059431294568202
2018-12-03,1.8144122409228134
2018-12-04,1.8036863654133428
2018-12-06,1.803291921413198
2018-12-07,1.8105913913860106
2018-12-10,1.804879735491839
2018-12-11,1.8075347136204702
2018-12-12,1.8112693215742905
2018-12-13,1.8074375380569174
2018-12-14,1.809845814239575
2018-12-17,1.8081827520063842
2018-12-18,1.8054637263131315
2018-12-19,1.795868004802334
2018-12-20,1.7886179052733917
2018-12-21,1.7938991956787227
2018-12-24,1.788769206321911
2018-12-26,1.7814782034045482
2018-12-27,1.785091883435093
2018-12-28,1.7866703794235854
2018-12-31,1.7705157696932732
2019-01-02,1.7734574104977763
2019-01-03,1.7769421708823077
2019-01-04,1.777169874182239
2019-01-07,1.782720027366388
2019-01-08,1.786314711348773
2019-01-09,1.784149217194821
2019-01-10,1.7860132344427075
2019-01-11,1.7831346527362566
2019-01-14,1.7806597250072171
2019-01-15,1.7769800853491906
2019-01-16,1.7847764312813155
2019-01-17,1.7881419859426722
2019-01-18,1.7816573170599725
2019-01-22,1.7844296442599095
2019-01-23,1.7830026884497792
2019-01-24,1.7850224517435602
2019-01-25,1.786136875272602
2019-01-28,1.7873768781981278
2019-01-29,1.788069591032852
2019-01-30,1.7875462703483793
2019-01-31,1.7928706186776022
2019-02-01,1.79527897360911
2019-02-04,1.7952368103580738
2019-02-05,1.796024024610992
2019-02-06,1.794937070876845
2019-02-07,1.7970715802713917
2019-02-08,1.796677786478044
2019-02-11,1.7991875542908096
2019-02-12,1.8032703523306743
2019-02-13,1.805596358462709
2019-02-14,1.8021855422010098
2019-02-15,1.8052063574684634
2019-02-19,1.8089517955725332
2019-02-20,1.8107343293778941
2019-02-21,1.8104263587671618
2019-02-22,1.8081744826537889
2019-02-25,1.808858703594022
2019-02-26,1.8109273111365018
2019-02-27,1.8097758588830426
2019-02-28,1.8076970855565906
2019-03-01,1.8077547669291645
2019-03-04,1.8091310241045242
2019-03-05,1.8049979944358059
2019-03-06,1.7993378279207002
2019-03-07,1.7968193636243925
2019-03-08,1.792124539779481
2019-03-11,1.8010875064025458
2019-03-12,1.8059567752945
2019-03-13,1.812482542563477
2019-03-14,1.8164640884024277
2019-03-15,1.816695366676724
2019-03-18,1.8236218557304587
2019-03-19,1.8174172723163269
2019-03-20,1.8118143202044403
2019-03-21,1.8173322255175055
2019-03-22,1.8077619625526378
2019-03-25,1.8093634022213414
2019-03-26,1.8152340880229128
2019-03-27,1.8170062064038301
2019-03-28,1.8183039423536895
2019-03-29,1.8161353803351263
2019-04-01,1.8207331937743352
2019-04-02,1.8182709392741685
2019-04-03,1.821248793321479
2019-04-04,1.8216330899462532
2019-04-05,1.8249114283091852
2019-04-08,1.823493079069507
2019-04-09,1.8196350858365493
2019-04-10,1.8241813072943018
2019-04-11,1.8282639099358666
2019-04-12,1.832014956982223
2019-04-15,1.8331060395438534
2019-04-16,1.8308855498415018
2019-04-17,1.8250963030653513
2019-04-18,1.8260761922635527
2019-04-22,1.8240880906659582
2019-04-23,1.8296202272217106
2019-04-24,1.8341264646750477
2019-04-25,1.8321397132632469
2019-04-26,1.836296775405642
2019-04-29,1.841753057900418
2019-04-30,1.8430817677672549
2019-05-01,1.8402170753147729
2019-05-02,1.8452480273995486
2019-05-03,1.8505579760731887
2019-05-06,1.853838527094708
2019-05-07,1.8467572344307166
2019-05-08,1.8394961553618991
2019-05-09,1.84211783466582
2019-05-10,1.8404622182592252
2019-05-13,1.8301798787739725
2019-05-14,1.8318230589327942
2019-05-15,1.8353505507571348
2019-05-16,1.8431153573086902
2019-05-17,1.8449056834490964
2019-05-20,1.8462077779247024
2019-05-21,1.8505503613945495
2019-05-22,1.8536877558351137
2019-05-23,1.8492597452794117
2019-05-24,1.8471704907110946
2019-05-28,1.8502211194100004
2019-05-29,1.8416611343926244
2019-05-30,1.840001507946325
2019-05-31,1.842846564894559
2019-06-03,1.8358781867764882
2019-06-04,1.8412111569581968
2019-06-05,1.851967599855441
2019-06-06,1.8541351498442773
2019-06-07,1.8565960509310004
2019-06-10,1.8629922919255726
2019-06-11,1.8645071359926342
2019-06-12,1.8682686719401866
2019-06-13,1.8696811566944573
2019-06-14,1.8712986745543174
2019-06-17,1.8728213083278946
2019-06-18,1.877448382263049
2019-06-19,1.8846658465981463
2019-06-20,1.8856746535478954
2019-06-21,1.8831895654497521
2019-06-24,1.8833702107226764
2019-06-25,1.8755386220538814
2019-06-26,1.867127245260275
2019-06-27,1.8728818990671874
2019-06-28,1.8781771551246107
2019-07-01,1.8866128773733657
2019-07-02,1.8908208091975167
2019-07-03,1.8994252359828308
2019-07-05,1.9010439069841367
2019-07-08,1.8962052662380902
2019-07-09,1.8958887171236616
2019-07-10,1.8893043491282207
2019-07-11,1.8952302754858192
2019-07-12,1.8976809504252667
2019-07-15,1.8989248315150586
2019-07-16,1.904171548965655
2019-07-17,1.8878617676986358
2019-07-18,1.8974170791786866
2019-07-19,1.8981842946867182
2019-07-22,1.896294312825562
2019-07-23,1.8984261085126404
2019-07-24,1.9049583284600073
2019-07-25,1.9056551937390722
2019-07-26,1.9131937343180363
2019-07-29,1.919147319760941
2019-07-30,1.9165712899643148
2019-07-31,1.9072071382188984
2019-08-01,1.9086829194516826
2019-08-02,1.9004367498819594
2019-08-05,1.8792930680469648
2019-08-06,1.8801287294589626
2019-08-07,1.8825140678641512
2019-08-08,1.8912325305197701
2019-08-09,1.8905741923165897
2019-08-12,1.884401678868282
2019-08-13,1.8901618269773435
2019-08-14,1.8908230769697765
2019-08-15,1.880704428751652
2019-08-16,1.8875916502607915
2019-08-19,1.8933735276177917
2019-08-20,1.894294567605892
2019-08-21,1.896208588279669
2019-08-22,1.8968786118859629
2019-08-23,1.88577140121313
2019-08-26,1.8820677899889526
2019-08-27,1.8851318238332548
2019-08-28,1.8818090193573536
2019-08-29,1.8898638634170108
2019-08-30,1.8955567607981432
2019-09-03,1.8963745124189861
2019-09-04,1.893298395130322
2019-09-05,1.895501529964588
2019-09-06,1.8872886975417018
2019-09-09,1.8815562859800385
2019-09-10,1.8699790124314863
2019-09-11,1.8739464330712874
2019-09-12,1.8813119505284763
2019-09-13,1.8844560746407666
2019-09-16,1.8802495557466083
2019-09-17,1.8867506899368187
2019-09-18,1.8905509226996569
2019-09-19,1.8926902932523373
2019-09-20,1.9022400383669273
2019-09-23,1.8971081578032016
2019-09-24,1.894608037720875
2019-09-25,1.8987478058514327
2019-09-26,1.9020379566738925
2019-09-27,1.9007045933515756
2019-09-30,1.8878248321826445
2019-10-01,1.88553710855406
2019-10-02,1.8834093053070213
2019-10-03,1.8835928710847
2019-10-04,1.894848270862037
2019-10-07,1.8985649137415896
2019-10-08,1.8918251663562147
2019-10-09,1.8866200508688882
2019-10-10,1.8935393371299993
2019-10-11,1.8971419710562767
2019-10-14,1.9039210017018025
2019-10-15,1.9104147758242356
2019-10-16,1.90805182290861
2019-10-17,1.9073960308843951
2019-10-18,1.9079906247516623
2019-10-21,1.916216537264071
2019-10-22,1.912059568104935
2019-10-23,1.9091560342086005
2019-10-24,1.9163140418416726
2019-10-25,1.9168759277813714
2019-10-28,1.9199501603667073
2019-10-29,1.924252846149034
2019-10-30,1.9333532104670246
2019-10-31,1.9385528969940005
2019-11-01,1.929087170781502
2019-11-04,1.9244339671474844
2019-11-05,1.9268543287550655
2019-11-06,1.9288579365526308
2019-11-07,1.9212378645930321
2019-11-08,1.9192123442106719
2019-11-11,1.9219599052143133
2019-11-12,1.927489193109274
2019-11-13,1.9289737816182873
2019-11-14,1.9358514001345064
2019-11-15,1.9388492362282297
2019-11-18,1.9476308701793785
2019-11-19,1.952905668122811
2019-11-20,1.9543896578114826
2019-11-21,1.952189429622003
2019-11-22,1.946705218298353
2019-11-25,1.9561576645340895
2019-11-26,1.9573073853663716
2019-11-27,1.9534829348982141
2019-11-29,1.951779807996119
2019-12-02,1.9443774494813786
2019-12-03,1.9442181419267641
2019-12-04,1.9377009066571382
2019-12-05,1.9436351498444828
2019-12-06,1.943914857629446
2019-12-09,1.948843494522309
2019-12-10,1.9471299006592082
2019-12-11,1.9500453272393572
2019-12-12,1.9484643939132773
2019-12-13,1.9585710506965963
2019-12-16,1.9675291555520338
2019-12-17,1.9659992655693233
2019-12-18,1.9674407482272966
2019-12-19,1.965356453872535
2019-12-20,1.9720497546139868
2019-12-23,1.9676777407218398
2019-12-24,1.9646333993385052
2019-12-26,1.964997031605397
2019-12-27,1.9642139783106376
2019-12-30,1.967239035479163
2019-12-31,1.952440496898188
2020-01-02,1.9549516626727346
2020-01-03,1.9316061005625762
2020-01-06,1.9225729384506247
2020-01-07,1.918599779814862
2020-01-08,1.925344187123195
2020-01-09,1.9294667395592524
2020-01-10,1.9332145857192156
2020-01-13,1.9224979671149731
2020-01-14,1.9233002803336756
2020-01-15,1.9232627338622876
2020-01-16,1.926632285801069
2020-01-17,1.9330442951555074
2020-01-21,1.9331006136776163
2020-01-22,1.9309977449646525
2020-01-23,1.937120816154357
2020-01-24,1.9309859273922036
2020-01-27,1.928293412611216
2020-01-28,1.9315162288766419
2020-01-29,1.934689949202134
2020-01-30,1.9388431140425388
2020-01-31,1.930645603110997
2020-02-03,1.9351478616736124
2020-02-04,1.942341109205169
2020-02-05,1.9505902000878903
2020-02-06,1.9602982252348875
2020-02-07,1.9595363539875383
2020-02-10,1.9659240119149821
2020-02-11,1.9683951550444938
2020-02-12,1.9728159316675407
2020-02-13,1.9754515125434768
2020-02-14,1.9709399617070404
2020-02-18,1.9694938144592162
2020-02-19,1.9664437425130827
2020-02-20,1.9648997365977152
2020-02-21,1.9620007663091286
2020-02-24,1.9518585852979076
2020-02-25,1.9307127365820136
2020-02-26,1.9243526487987799
2020-02-27,1.921097794763869
2020-02-28,1.9070820966891702
2020-03-02,1.9351330958835122
2020-03-03,1.9318135476351714
2020-03-04,1.9457902151842097
2020-03-05,1.9500159962536479
2020-03-06,1.963130461680966
2020-03-09,1.989643140940884
2020-03-10,1.969579200422966
2020-03-11,1.9807324531577786
2020-03-12,1.9873048043633754
2020-03-13,1.9360030408297684
2020-03-16,1.9529824095036898
2020-03-17,1.9427208059225547
2020-03-18,1.9438579204605504
2020-03-19,1.916690636261014
2020-03-20,1.9311928789228099
2020-03-23,1.949384042622135
2020-03-24,1.918342673917091
2020-03-25,1.9229501275562213
2020-03-26,1.9204799933225392
2020-03-27,1.919552187618645
2020-03-30,1.9238305057521718
2020-03-31,1.9160740808677845
2020-04-01,1.9075925718654614
2020-04-02,1.8759545208104789
2020-04-03,1.875788975086235
2020-04-06,1.8641930491813243
2020-04-07,1.892959791163137
2020-04-08,1.8892604466964231
2020-04-09,1.9036865162759153
2020-04-13,1.8741378288802506
2020-04-14,1.8602465831056254
2020-04-15,1.858602223887632
2020-04-16,1.840856841491974
2020-04-17,1.8462084208891887
2020-04-20,1.8582299288953819
2020-04-21,1.8502349936448714
2020-04-22,1.8284168517747648
2020-04-23,1.8320970357060005
2020-04-24,1.8273252781771279
2020-04-27,1.8523747634730956
2020-04-28,1.8771128305451898
2020-04-29,1.8846507926529312
2020-04-30,1.8832861757412456
2020-05-01,1.8757747273013576
2020-05-04,1.8512736227714155
2020-05-05,1.839752132657653
2020-05-06,1.8411314835059882
2020-05-07,1.8478173459969875
2020-05-08,1.8633487325967697
2020-05-11,1.8603024047873793
2020-05-12,1.8445785253660758
2020-05-13,1.8296326535485468
2020-05-14,1.8172010937404064
2020-05-15,1.8236576389370636
2020-05-18,1.838076533770663
2020-05-19,1.847329039341064
2020-05-20,1.8500348937900684
2020-05-21,1.8559813946031258
2020-05-22,1.8540196508352684
2020-05-26,1.8659616627184163
2020-05-27,1.8890712047614833
2020-05-28,1.8848375835534137
2020-05-29,1.8804612013315205
2020-06-01,1.890262860554872
2020-06-02,1.8924127412579828
2020-06-03,1.905995542460439
2020-06-04,1.9104514491633724
2020-06-05,1.9144438278127935
2020-06-08,1.9258908765651759
2020-06-09,1.9244543554655467
2020-06-10,1.904359358727092
2020-06-11,1.8706028054850767
2020-06-12,1.8450664092716957
2020-06-15,1.8651287572677013
2020-06-16,1.8802769425026349
2020-06-17,1.8800595686953432
2020-06-18,1.8805098020041109
2020-06-19,1.8785541702473127
2020-06-22,1.8822065856971992
2020-06-23,1.884482584158031
2020-06-24,1.8729513554185457
2020-06-25,1.8713183693126298
2020-06-26,1.856724398463477
2020-06-29,1.859456742205809
2020-06-30,1.8668537348514032
2020-07-01,1.8722383196225314
2020-07-02,1.8753385127341264
2020-07-06,1.878909272447469
2020-07-07,1.8824160660531821
2020-07-08,1.876066408650391
2020-07-09,1.8702893296347272
2020-07-10,1.8715195170805994
2020-07-13,1.8754208309343077
2020-07-14,1.8767055483801907
2020-07-15,1.884738883652413
2020-07-16,1.8822739134345736
2020-07-17,1.8949208369628403
2020-07-20,1.8976515590674568
2020-07-21,1.9020546461497834
2020-07-22,1.8984659159745614
2020-07-23,1.9026157015372926
2020-07-24,1.8856895846723567
2020-07-27,1.893689463926198
2020-07-28,1.8890140685602588
2020-07-29,1.883783576703678
2020-07-30,1.8887224796987625
2020-07-31,1.8859155852134508
2020-08-03,1.9111638252176262
2020-08-04,1.9113206879621454
2020-08-05,1.9203841249827927
2020-08-06,1.9164037128472047
2020-08-07,1.9330661512804561
2020-08-10,1.9322702407708978
2020-08-11,1.9336821416466092
2020-08-12,1.9319267535681688
2020-08-13,1.9374324924027908
2020-08-14,1.9351235944373786
2020-08-17,1.9459578644122497
2020-08-18,1.9435163816728105
2020-08-19,1.9413518505589666
2020-08-20,1.9363402843565154
2020-08-21,1.930771936304505
2020-08-24,1.9298071221914663
2020-08-25,1.9342587829605862
2020-08-26,1.9365198616828319
2020-08-27,1.9425641925821295
2020-08-28,1.945398585223745
2020-08-31,1.9478452955175012
2020-09-01,1.9453024937314518
2020-09-02,1.958150681201511
2020-09-03,1.9464587295926474
2020-09-04,1.929584517213224
2020-09-08,1.9241537148315886
2020-09-09,1.9209014545384167
2020-09-10,1.9233176587111904
2020-09-11,1.917523435004449
2020-09-14,1.9287868678512314
2020-09-15,1.9332116287439656
2020-09-16,1.9394698209636647
2020-09-17,1.9348703846662434
2020-09-18,1.935192444335177
2020-09-21,1.9149721324438989
2020-09-22,1.910891869937468
2020-09-23,1.9038826326321279
2020-09-24,1.8964059368389201
2020-09-25,1.9156224434909772
2020-09-28,1.9267333253218504
2020-09-29,1.9392159925852868
2020-09-30,1.929148407592547
2020-10-01,1.9353797705484592
2020-10-02,1.9325613773960677
2020-10-05,1.939162515189954
2020-10-06,1.9469423427478518
2020-10-07,1.9482531752401158
2020-10-08,1.9545976676081844
2020-10-09,1.965656506154155
2020-10-12,1.9724778205033109
2020-10-13,1.9826598491516558
2020-10-14,1.975266985161229
2020-10-15,1.9695638522819954
2020-10-16,1.9711127476323465
2020-10-19,1.9719005339453695
2020-10-20,1.9636096318184322
2020-10-21,1.9594181020509098
2020-10-22,1.9658738879267865
2020-10-23,1.9642429365391691
2020-10-26,1.9636599400548331
2020-10-27,1.9559514363519428
2020-10-28,1.9449678885621293
2020-10-29,1.933967036675594
2020-10-30,1.9300278702015077
2020-11-02,1.928911539124187
2020-11-03,1.9508937764615872
2020-11-04,1.963560566968464
2020-11-05,1.9877042801644695
2020-11-06,1.987845029719548
2020-11-09,1.960588802122127
2020-11-10,1.970466864520948
2020-11-11,1.9794074031853783
2020-11-12,1.9811819954435768
2020-11-13,1.9822056052924903
2020-11-16,1.9953851053139904
2020-11-17,1.9974520831967366
2020-11-18,1.986687224205919
2020-11-19,1.9889151772002855
2020-11-20,1.996813529825448
2020-11-23,1.991502840039574
2020-11-24,1.9906638805949517
2020-11-25,1.9982211852323695
2020-11-27,2.002780586722109
2020-11-30,2.0015311927052406
2020-12-01,1.998378146599142
2020-12-02,1.9993041002992977
2020-12-03,2.0028158715157547
2020-12-04,2.0057069379390526
2020-12-07,2.0117866581462134
2020-12-08,2.01729364098485
2020-12-09,2.0173634617383156
2020-12-10,2.012383750298957
2020-12-11,2.0116467825631554
2020-12-14,2.0102312381256033
2020-12-15,2.017183657653964
2020-12-16,2.017225363014092
2020-12-17,2.0261417278004297
2020-12-18,2.0237910113783473
2020-12-21,2.0284761701712997
2020-12-22,2.0373752375754717
2020-12-23,2.031321047261326
2020-12-24,2.030808210522327
2020-12-28,2.0432665326589614
2020-12-29,2.0407860917510994
2020-12-30,2.0479267726660564
2020-12-31,2.0408175356752585
2021-01-04,2.034037166834934
2021-01-05,2.027499586907421
2021-01-06,2.048115692306009
2021-01-07,2.0635578754475823
2021-01-08,2.0575268950312946
2021-01-11,2.0581932329782413
2021-01-12,2.0558916628879236
2021-01-13,2.0552666970323235
2021-01-14,2.0436968265555837
2021-01-15,2.040553891262383
2021-01-19,2.0236771808413225
2021-01-20,2.0353961848609967
2021-01-21,2.040372339061104
2021-01-22,2.040117009766378
2021-01-25,2.0295027775940406
2021-01-26,2.0346125668442605
2021-01-27,2.008874226210158
2021-01-28,2.006134509234698
2021-01-29,2.0064398475765355
2021-02-01,2.0136598967707404
2021-02-02,2.02522260066079
2021-02-03,2.027516124817002
2021-02-04,2.0296389395665067
2021-02-05,2.0331334936979824
2021-02-08,2.045994723699962
2021-02-09,2.053333288229553
2021-02-10,2.048409876051795
2021-02-11,2.045598296933134
2021-02-12,2.049672477923787
2021-02-16,2.046496978599174
2021-02-17,2.0453013274202165
2021-02-18,2.044661444862218
2021-02-19,2.050343598704968
2021-02-22,2.0413885205308957
2021-02-23,2.0308043249227716
2021-02-24,2.036315847361307
2021-02-25,2.026879318083492
2021-02-26,2.032747144760469
2021-03-01,2.0419933667813344
2021-03-02,2.0454662200496365
2021-03-03,2.0349651542959157
2021-03-04,2.0150817842357673
2021-03-05,2.0181895416119415
2021-03-08,2.0307210964096063
2021-03-09,2.0427373696013027
2021-03-10,2.051775684866257
2021-03-11,2.057158682828598
2021-03-12,2.064160023399427
2021-03-15,2.067606343785656
2021-03-16,2.0657930127793382
2021-03-17,2.063858401785623
2021-03-18,2.0565898918100394
2021-03-19,2.044154198759914
2021-03-22,2.042172270985212
2021-03-23,2.033205113259262
2021-03-24,2.02089934415356
2021-03-25,2.025939701867963
2021-03-26,2.0370624120626863
2021-03-29,2.03895747916999
2021-03-30,2.0429176060465144
2021-03-31,2.0402996755550356
2021-04-01,2.049161445969895
2021-04-05,2.0546095273684255
2021-04-06,2.065403324215339
2021-04-07,2.058651825353543
2021-04-08,2.064718100943614
2021-04-09,2.0686984369743757
2021-04-12,2.0615271494739495
2021-04-13,2.057526334709724
2021-04-14,2.058196606755081
2021-04-15,2.0512726223864464
2021-04-16,2.0593423279734018
2021-04-19,2.0492048140272177
2021-04-20,2.0306413666304226
2021-04-21,2.049902440663999
2021-04-22,2.0504735454630865
2021-04-23,2.0637113316216027
2021-04-26,2.0726765626978896
2021-04-27,2.071962709648263
2021-04-28,2.0727480505786398
2021-04-29,2.0729572839898074
2021-04-30,2.0738762409248004
2021-05-03,2.0743482430988514
2021-05-04,2.069135665908382
2021-05-05,2.0684444630499677
2021-05-06,2.067225963384278
2021-05-07,2.075898523216188
2021-05-10,2.0703072283520525
2021-05-11,2.0616394998531566
2021-05-12,2.034477037454217
2021-05-13,2.029514780134022
2021-05-14,2.054426351733304
2021-05-17,2.0616705779747835
2021-05-18,2.0638624396529077
2021-05-19,2.0585137116939416
2021-05-20,2.0626615178086203
2021-05-21,2.0707518680657304
2021-05-24,2.0792661158726538
2021-05-25,2.0747275177989275
2021-05-26,2.083193314747552
2021-05-27,2.088733076322485
2021-05-28,2.0906792756604067
2021-06-01,2.107520099975642
2021-06-02,2.098868525041869
2021-06-03,2.09792220852819
2021-06-04,2.0991181537736154
2021-06-07,2.10704941820873
2021-06-08,2.105503620595151
2021-06-09,2.107075849087222
2021-06-10,2.1047685482698633
2021-06-11,2.11727223601876
2021-06-14,2.1147534384964515
2021-06-15,2.1069952208934692
2021-06-16,2.114108836873791
2021-06-17,2.102145151422146
2021-06-18,2.0852480590767355
2021-06-21,2.093878861483024
2021-06-22,2.100900606107098
2021-06-23,2.107679817411808
2021-06-24,2.1120360294379834
2021-06-25,2.1153082391684954
2021-06-28,2.117932492398501
2021-06-29,2.117779051487192
2021-06-30,2.121594988925487
2021-07-01,2.121728315931218
2021-07-02,2.1237307106101775
2021-07-06,2.1310234820982354
2021-07-07,2.131623020620722
2021-07-08,2.1233359986268208
2021-07-09,2.134256948690842
2021-07-12,2.1388064260112456
2021-07-13,2.135731032283636
2021-07-14,2.1311320580441198
2021-07-15,2.1364045056295624
2021-07-16,2.1219339722408246
2021-07-19,2.107710123723652
2021-07-20,2.1159267848879173
2021-07-21,2.1260968047713718
2021-07-22,2.123699018718728
2021-07-23,2.1303757324344916
2021-07-26,2.1397474314761977
2021-07-27,2.1332170699316317
2021-07-28,2.135885619495133
2021-07-29,2.140782397077991
2021-07-30,2.1418651840121625
2021-08-02,2.1344292759971775
2021-08-03,2.137147913954891
2021-08-04,2.1330734210590165
2021-08-05,2.1396787816055696
2021-08-06,2.1512676167242244
2021-08-09,2.144381031176111
2021-08-10,2.1529907052494464
2021-08-11,2.156825377803263
2021-08-12,2.1551107156937483
2021-08-13,2.1509896805778443
2021-08-16,2.1469207792195144
2021-08-17,2.140477642086491
2021-08-18,2.131032429776408
2021-08-19,2.125188628467691
2021-08-20,2.124242718350999
2021-08-23,2.1332238591516615
2021-08-24,2.140329563161229
2021-08-25,2.144530207742555
2021-08-26,2.143177717719184
2021-08-27,2.1489152260485134
2021-08-30,2.1458664702483268
2021-08-31,2.1433956289417853
2021-09-01,2.1413182849410863
2021-09-02,2.147643111473524
2021-09-03,2.1540474523198565
2021-09-07,2.1482287818100785
2021-09-08,2.147748716065254
2021-09-09,2.145170168782026
2021-09-10,2.139804206006562
2021-09-13,2.13603100856741
2021-09-14,2.1314281964847943
2021-09-15,2.1368508370557326
2021-09-16,2.1404320255689866
2021-09-17,2.14184194446214
2021-09-20,2.126439490875347
2021-09-21,2.1214080628408643
2021-09-22,2.1279335309881304
2021-09-23,2.139398259061097
2021-09-24,2.142309009861841
2021-09-27,2.1438580083881154
2021-09-28,2.1336389228165755
2021-09-29,2.1342757957539167
2021-09-30,2.1215467440392226
2021-10-01,2.129266961299292
2021-10-04,2.1349057872644135
2021-10-05,2.137392144286958
2021-10-06,2.134178804792946
2021-10-07,2.144095479000409
2021-10-08,2.1403558698784
2021-10-11,2.1281238062976575
2021-10-12,2.1200060684427484
2021-10-13,2.112798427255252
2021-10-14,2.117863505737917
2021-10-15,2.119798302350524
2021-10-18,2.128379653403288
2021-10-19,2.128024590171758
2021-10-20,2.137287912081718
2021-10-21,2.139941178317048
2021-10-22,2.140918690433607
2021-10-25,2.1470896648691897
2021-10-26,2.147086708724742
2021-10-27,2.1427430745017046
2021-10-28,2.142722207782183
2021-10-29,2.148221555641011
2021-11-01,2.15703469633785
2021-11-02,2.155407653986951
2021-11-03,2.1577649436486883
2021-11-04,2.1646889822809516
2021-11-05,2.181502291157411
2021-11-08,2.1867258109650085
2021-11-09,2.1860704706565235
2021-11-10,2.183468390360206
2021-11-11,2.175914334418189
2021-11-12,2.177361127944722
2021-11-15,2.1779043050264986
2021-11-16,2.1735104082578847
2021-11-17,2.172999530734979
2021-11-18,2.174310334788027
2021-11-19,2.166013623680935
2021-11-22,2.169942613300761
2021-11-23,2.1692619519349887
2021-11-24,2.1741226631789567
2021-11-26,2.1521656998918153
2021-11-29,2.148548874095945
2021-11-30,2.1462385659345786
2021-12-01,2.1312727545618957
2021-12-02,2.1354983800738676
2021-12-03,2.13477215286996
2021-12-06,2.141138026069539
2021-12-07,2.149558367374623
2021-12-08,2.1605639434248674
2021-12-09,2.15644514736931
2021-12-10,2.1601576050998106
2021-12-13,2.149881937009993
2021-12-14,2.1409168909990637
2021-12-15,2.1451474222713274
2021-12-16,2.1445803530781538
2021-12-17,2.131947800238543
2021-12-20,2.1163670364846388
2021-12-21,2.123892768010161
2021-12-22,2.134880895191454
2021-12-23,2.13893367583806
2021-12-27,2.1605050771150927
2021-12-28,2.1647907512398037
2021-12-29,2.168105343855726
2021-12-30,2.1600914182476005
2021-12-31,2.1600718460698087
2022-01-03,2.1559873238380214
2022-01-04,2.164520263838099
2022-01-05,2.165073198780582
2022-01-06,2.1780835464815285
2022-01-07,2.1755878587843736
2022-01-10,2.1749482189213096
2022-01-11,2.1773507953637465
2022-01-12,2.1878557970588544
2022-01-13,2.191693774826774
2022-01-14,2.189221165135442
2022-01-18,2.189264610312704
2022-01-19,2.180297832943836
2022-01-20,2.165345644746967
2022-01-21,2.1734952056350165
2022-01-24,2.1682889640639678
2022-01-25,2.1725162522436863
2022-01-26,2.170759672071362
2022-01-27,2.1794760815755234
2022-01-28,2.1776252173289503
2022-01-31,2.1797416235457527
2022-02-01,2.1890511212397628
2022-02-02,2.2065560839258858
2022-02-03,2.1896445351791183
2022-02-04,2.1920893805620825
2022-02-07,2.1967407168085424
2022-02-08,2.1915736906592156
2022-02-09,2.195276184492581
2022-02-10,2.203893059206425
2022-02-11,2.2119266319610897
2022-02-14,2.207658544263966
2022-02-15,2.211626827879419
2022-02-16,2.222584969559679
2022-02-17,2.2307356775838065
2022-02-18,2.229804267471895
2022-02-22,2.230278642193869
2022-02-23,2.2351942704036576
2022-02-24,2.219985382564058
2022-02-25,2.2181380131233546
2022-02-28,2.2387714483980474
2022-03-01,2.2365498557352907
2022-03-02,2.2465179688611023
2022-03-03,2.264944955019872
2022-03-04,2.272612895179277
2022-03-07,2.262291850898945
2022-03-08,2.252954612789303
2022-03-09,2.2409930905796616
2022-03-10,2.2638409813853646
2022-03-11,2.273972071459198
2022-03-14,2.2723392895824626
2022-03-15,2.2548827047094586
2022-03-16,2.247822236147775
2022-03-17,2.2397070874213556
2022-03-18,2.227203764396137
2022-03-21,2.236760179039464
2022-03-22,2.2292084070061637
2022-03-23,2.2306010607686586
2022-03-24,2.2360348564929975
2022-03-25,2.2557208301110783
2022-03-28,2.2576873107306863
2022-03-29,2.2596839739656707
2022-03-30,2.2603376941189666
2022-03-31,2.2502764622381486
2022-04-01,2.253100704283691
2022-04-04,2.2450480255719336
2022-04-05,2.2414399164966192
2022-04-06,2.2319836033755878
2022-04-07,2.236342875129433
2022-04-08,2.2506163731589703
2022-04-11,2.2567108336458697
2022-04-12,2.2558891979911513
2022-04-13,2.267217495820531
2022-04-14,2.282014407799709
2022-04-18,2.2949347366511668
2022-04-19,2.300978354692872
2022-04-20,2.3124590558257814
2022-04-21,2.3123666645614818
2022-04-22,2.305084956488377
2022-04-25,2.2823270067469386
2022-04-26,2.289468792961569
2022-04-27,2.291114403920166
2022-04-28,2.296718825869916
2022-04-29,2.3115745333449107
2022-05-02,2.280251109774455
2022-05-03,2.298056631541134
2022-05-04,2.3032407913262936
2022-05-05,2.308008455151228
2022-05-06,2.30396421167063
2022-05-09,2.3033569756839904
2022-05-10,2.301918170543426
2022-05-11,2.3316920129130874
2022-05-12,2.310754491982669
2022-05-13,2.3015605620921122
2022-05-16,2.3183484401370538
2022-05-17,2.316648483513619
2022-05-18,2.322754659070439
2022-05-19,2.3076110989303653
2022-05-20,2.319199050037119
2022-05-23,2.328893367061019
2022-05-24,2.3417705319630677
2022-05-25,2.338611830829895
2022-05-26,2.3481495485792703
2022-05-27,2.3438748492327495
2022-05-31,2.338523715201645
2022-06-01,2.360076668698083
2022-06-02,2.3457246685118065
2022-06-03,2.3527451355125595
2022-06-06,2.3478121128841387
2022-06-07,2.312271362120158
2022-06-08,2.305759579677739
2022-06-09,2.3042213062770984
2022-06-10,2.3115729975256096
2022-06-13,2.2998628233540566
2022-06-14,2.3011459783397648
2022-06-15,2.297977080354046
2022-06-16,2.276118729149783
2022-06-17,2.2577322925772756
2022-06-21,2.246926667413188
2022-06-22,2.234545623892708
2022-06-23,2.2130216190348215
2022-06-24,2.214039576565222
2022-06-27,2.2275683508088715
2022-06-28,2.240312398162585
2022-06-29,2.2376053845647075
2022-06-30,2.2358494689445476
2022-07-01,2.225712023892716
2022-07-05,2.2120057963265705
2022-07-06,2.201458269967293
2022-07-07,2.1946949313446718
2022-07-08,2.1853885769581947
2022-07-11,2.19239547553342
2022-07-12,2.1818800719563245
2022-07-13,2.1850900287499204
2022-07-14,2.1857645332117976
2022-07-15,2.1960754965791875
2022-07-18,2.2102946885834704
2022-07-19,2.2113606422447667
2022-07-20,2.2133085543879982
2022-07-21,2.209949303962524
2022-07-22,2.223584613592916
2022-07-25,2.234275356833918
2022-07-26,2.251073540413319
2022-07-27,2.2546370919754506
2022-07-28,2.262822975334976
2022-07-29,2.277761179068006
2022-08-01,2.2872791767524974
2022-08-02,2.2773569330151284
2022-08-03,2.262617697975146
2022-08-04,2.2592745928692777
2022-08-05,2.249428426169541
2022-08-08,2.246948580554
2022-08-09,2.267734033741265
2022-08-10,2.261686562690436
2022-08-11,2.2792840281086266
2022-08-12,2.272349997813189
2022-08-15,2.275626299484934
2022-08-16,2.2795763095385744
2022-08-17,2.2873634447549738
2022-08-18,2.299246925955095
2022-08-19,2.3041389099829708
2022-08-22,2.302318230113616
2022-08-23,2.2956295896973478
2022-08-24,2.2873505423151714
2022-08-25,2.290270663578759
2022-08-26,2.2875403566533734
2022-08-29,2.2718815895341096
2022-08-30,2.271896901352904
2022-08-31,2.261602701224466
2022-09-01,2.2574830714346517
2022-09-02,2.2639584435451052
2022-09-06,2.260614295187454
2022-09-07,2.2543608611613455
2022-09-08,2.2561485240292205
2022-09-09,2.257722451277055
2022-09-12,2.255784270128442
2022-09-13,2.255555619169279
2022-09-14,2.254565143438354
2022-09-15,2.2537605262625364
2022-09-16,2.258505055694659
2022-09-19,2.259324199405366
2022-09-20,2.2625915515098822
2022-09-21,2.2707011227056646
2022-09-22,2.2582073112779772
2022-09-23,2.2526497121216056
2022-09-26,2.246243213264361
2022-09-27,2.249933783603604
2022-09-28,2.245211496537861
2022-09-29,2.2507903103549913
2022-09-30,2.2350377132388743
2022-10-03,2.235452509971655
2022-10-04,2.239608826882538
2022-10-05,2.2454827911278117
2022-10-06,2.24598602203476
2022-10-07,2.2525750611645186
2022-10-10,2.2556305020745056
2022-10-11,2.252763704334992
2022-10-12,2.251677557225104
2022-10-13,2.264179051044014
2022-10-14,2.2749995341868656
2022-10-17,2.270316914768128
2022-10-18,2.2789612690515932
2022-10-19,2.2920466090594647
2022-10-20,2.282537289400257
2022-10-21,2.2809779766867413
2022-10-24,2.2889224492376
2022-10-25,2.2828486722866175
2022-10-26,2.2899353398851607
2022-10-27,2.2946968773639993
2022-10-28,2.283548779629909
2022-10-31,2.2986825324833813
2022-11-01,2.3003584976835607
2022-11-02,2.3063175005757484
2022-11-03,2.3015987509122025
2022-11-04,2.3007774794080724
2022-11-07,2.3085534879803022
2022-11-08,2.313573872316308
2022-11-09,2.316427714807385
2022-11-10,2.3025638100861894
2022-11-11,2.2997411482251424
2022-11-14,2.3038815585426606
2022-11-15,2.3064934744271315
2022-11-16,2.3097896203576997
2022-11-17,2.3165554533875166
2022-11-18,2.327020053061699
2022-11-21,2.3236218267984445
2022-11-22,2.3312673882325727
2022-11-23,2.329836140036244
2022-11-25,2.3371162649529467
2022-11-28,2.3405665107539
2022-11-29,2.343583399080582
2022-11-30,2.3512653947627724
2022-12-01,2.35757647560843
2022-12-02,2.354177556928627
2022-12-05,2.3473834300429695
2022-12-06,2.354990082802199
2022-12-07,2.357328354114963
2022-12-08,2.3465226709158267
2022-12-09,2.34767839241668
2022-12-12,2.3492282489617136
2022-12-13,2.3595354661453665
2022-12-14,2.346366195973994
2022-12-15,2.347633358808168
2022-12-16,2.352001714374582
2022-12-19,2.3582625355001516
2022-12-20,2.362856913378013
2022-12-21,2.3625495198334185
2022-12-22,2.3687551614660944
2022-12-23,2.368737118765935
2022-12-27,2.35660793049683
2022-12-28,2.3657505502940337
2022-12-29,2.343396536733877
2022-12-30,2.341704605482433
2023-01-03,2.325019534539105
2023-01-04,2.307458307829603
2023-01-05,2.3197653184686504
2023-01-06,2.316541069607924
2023-01-09,2.317658860561741
2023-01-10,2.319387394815908
2023-01-11,2.321238442820111
2023-01-12,2.3212447748951113
2023-01-13,2.3200916349658764
2023-01-17,2.3229729832606423
2023-01-18,2.316867363066767
2023-01-19,2.3196701123282715
2023-01-20,2.3239242402156735
2023-01-23,2.321164711897265
2023-01-24,2.326655887568992
2023-01-25,2.32107415659092
2023-01-26,2.324207192925859
2023-01-27,2.3220722650651
2023-01-30,2.318001084799914
2023-01-31,2.3218578501770346
2023-02-01,2.3293530323646046
2023-02-02,2.328585027704572
2023-02-03,2.330181986186056
2023-02-06,2.32249970855058
2023-02-07,2.3341047334476683
2023-02-08,2.340086745148983
2023-02-09,2.343619596817085
2023-02-10,2.352053920918151
2023-02-13,2.3609226658376192
2023-02-14,2.3650119928085
2023-02-15,2.3561026044704274
2023-02-16,2.358851176121659
2023-02-17,2.357773481118932
2023-02-21,2.3468528110491587
2023-02-22,2.3408077780602086
2023-02-23,2.351732525507572
2023-02-24,2.358419486958472
2023-02-27,2.355620611182442
2023-02-28,2.3528848637527524
2023-03-01,2.361866792519942
2023-03-02,2.3664372064405033
2023-03-03,2.3737719556663515
2023-03-06,2.3726914572912805
2023-03-07,2.3654134691602398
2023-03-08,2.3726010237135666
2023-03-09,2.3527157194744057
2023-03-10,2.353360206914533
2023-03-13,2.3551197563575768
2023-03-14,2.368281446667045
2023-03-15,2.3599203185215485
2023-03-16,2.3706995235285877
2023-03-17,2.3692910995792302
2023-03-20,2.380084073371596
2023-03-21,2.386292069287329
2023-03-22,2.388164890429601
2023-03-23,2.367747268940512
2023-03-24,2.3817818700519706
2023-03-27,2.386170710450398
2023-03-28,2.3917367001505654
2023-03-29,2.3983104712185854
2023-03-30,2.4023899685426775
2023-03-31,2.401182651337013
2023-04-03,2.401172090860299
2023-04-04,2.3979196378452805
2023-04-05,2.3967957935088178
2023-04-06,2.397418233702031
2023-04-10,2.410706351001387
2023-04-11,2.4073262341701964
2023-04-12,2.410283656981345
2023-04-13,2.416364387067433
2023-04-14,2.410698049998916
2023-04-17,2.418175386912896
2023-04-18,2.4121923061744512
2023-04-19,2.42185993029678
2023-04-20,2.4267259533519923
2023-04-21,2.4321145000213678
2023-04-24,2.4372567097136866
2023-04-25,2.423527874293954
2023-04-26,2.4162721166264576
2023-04-27,2.406915349753059
2023-04-28,2.4326747929817794
2023-05-01,2.4475857808035966
2023-05-02,2.4412066777476444
2023-05-03,2.43012818918307
2023-05-04,2.4084732397526394
2023-05-05,2.4193228205276824
2023-05-08,2.408860930553854
2023-05-09,2.4085586211011627
2023-05-10,2.414976427491069
2023-05-11,2.420903093559054
2023-05-12,2.4346127941756364
2023-05-15,2.4401500464641215
2023-05-16,2.439322693149563
2023-05-17,2.451006742792201
2023-05-18,2.4538248597359695
2023-05-19,2.454385693061641
2023-05-22,2.4431640441088622
2023-05-23,2.434438019460515
2023-05-24,2.4254862113826934
2023-05-25,2.420185783386593
2023-05-26,2.43088410113105
2023-05-30,2.42754949301158
2023-05-31,2.4248882132416383
2023-06-01,2.435443289073424
2023-06-02,2.4555596465228846
2023-06-05,2.4600477837062615
2023-06-06,2.458466405582803
2023-06-07,2.472753911533138
2023-06-08,2.4694496780272233
2023-06-09,2.456732580110936
2023-06-12,2.4666298321272966
2023-06-13,2.476477359478015
2023-06-14,2.4774945993282635
2023-06-15,2.4812187900326355
2023-06-16,2.49711037173799
2023-06-20,2.4899179960324003
2023-06-21,2.4901589361400793
2023-06-22,2.4737153509736474
2023-06-23,2.4502571022575186
2023-06-26,2.4607617103437716
2023-06-27,2.4604927865370527
2023-06-28,2.4700699149335086
2023-06-29,2.4717046467929586
2023-06-30,2.4686897451283287
2023-07-03,2.4721632428693185
2023-07-05,2.474018824395546
2023-07-06,2.476802833632621
2023-07-07,2.4714062931826017
2023-07-10,2.4809495764748153
2023-07-11,2.4792435471661007
2023-07-12,2.4829961553778386
2023-07-13,2.474003338742718
2023-07-14,2.485164029226158
2023-07-17,2.4822286989080196
2023-07-18,2.4829924061750837
2023-07-19,2.4818363154595215
2023-07-20,2.4927072880724435
2023-07-21,2.482665451245013
2023-07-24,2.4873838690286036
2023-07-25,2.4966339492252216
2023-07-26,2.490312816006422
2023-07-27,2.4910384298440635
2023-07-28,2.490765319270276
2023-07-31,2.4989245192255556
2023-08-01,2.47007595579629
2023-08-02,2.476376339941426
2023-08-03,2.457929068589987
2023-08-04,2.459307059719568
2023-08-07,2.4714953680573206
2023-08-08,2.475066303459431
2023-08-09,2.4717807618514813
2023-08-10,2.475634205493114
2023-08-11,2.471573862745956
2023-08-14,2.4684588831538323
2023-08-15,2.470200052249541
2023-08-16,2.468222132851883
2023-08-17,2.462611043627034
2023-08-18,2.4653373379798484
2023-08-21,2.471489128925005
2023-08-22,2.47203452706213
2023-08-23,2.4835944870991473
2023-08-24,2.4839817314686066
2023-08-25,2.474916157609764
2023-08-28,2.4775166372239203
2023-08-29,2.486548186407519
2023-08-30,2.496389811185953
2023-08-31,2.491774403392034
2023-09-01,2.4941791097606503
2023-09-05,2.4817581636112713
2023-09-06,2.4784817614143977
2023-09-07,2.482408156795427
2023-09-08,2.4814312295457013
2023-09-11,2.495823778909731
2023-09-12,2.50307408770695
2023-09-13,2.497749268191801
2023-09-14,2.5041706137250195
2023-09-15,2.505087844564872
2023-09-18,2.508970814744095
2023-09-19,2.510992695631122
2023-09-20,2.509956929637058
2023-09-21,2.507636108428523
2023-09-22,2.5040219729112403
2023-09-25,2.5085567119560386
2023-09-26,2.493978064625508
2023-09-27,2.4958934473341445
2023-09-28,2.497969684733682
2023-09-29,2.480003973378859
2023-10-02,2.471176934029579
2023-10-03,2.4662456651801654
2023-10-04,2.464301253526351
2023-10-05,2.474193191217776
2023-10-06,2.4791655998704623
2023-10-09,2.4965160393090207
2023-10-10,2.4892512181344397
2023-10-11,2.4993124809296625
2023-10-12,2.492674304457904
2023-10-13,2.4818295678182394
2023-10-16,2.4845402185005803
2023-10-17,2.50187842846366
2023-10-18,2.495919232778938
2023-10-19,2.492654163684996
2023-10-20,2.4845201198222466
2023-10-23,2.491095133866727
2023-10-24,2.4939995346632324
2023-10-25,2.5037602046995495
2023-10-26,2.5034320668767593
2023-10-27,2.499871267084404
2023-10-30,2.501631242458663
2023-10-31,2.5033445541557144
2023-11-01,2.503429037639056
2023-11-02,2.5161101428400325
2023-11-03,2.5188827940860095
2023-11-06,2.5206796398741025
2023-11-07,2.523361050143048
2023-11-08,2.5316842202366283
2023-11-09,2.5522911997669855
2023-11-10,2.5655432081949896
2023-11-13,2.560724521086431
2023-11-14,2.5705823110013446
2023-11-15,2.5760971304163482
2023-11-16,2.570927101957562
2023-11-17,2.5748492203576427
2023-11-20,2.5871544228522567
2023-11-21,2.6008031542599164
2023-11-22,2.6124468543551167
2023-11-24,2.6263388854837966
2023-11-27,2.6234379020620477
2023-11-28,2.61966338162593
2023-11-29,2.612696001397361
2023-11-30,2.622432940754308
2023-12-01,2.619893523408374
2023-12-04,2.6292361660300783
2023-12-05,2.6293295199080813
2023-12-06,2.623211740514373
2023-12-07,2.633205082719373
2023-12-08,2.644486558828527
2023-12-11,2.653102781332888
2023-12-12,2.6734816889472683
2023-12-13,2.6829900861895375
2023-12-14,2.681848900882573
2023-12-15,2.6964912130109653
2023-12-18,2.7144666184978936
2023-12-19,2.734866588029668
2023-12-20,2.7399106609472326
2023-12-21,2.735066016986861
2023-12-22,2.7568265868418766
2023-12-26,2.769040072201041
2023-12-27,2.7698935017732205
2023-12-28,2.76558015692369
2023-12-29,2.754946757697802
2024-01-02,2.7440798940216156
2024-01-03,2.7327794528615597
2024-01-04,2.729557587983849
2024-01-05,2.7275163521881494
2024-01-08,2.7291620982956784
2024-01-09,2.729176497601633
2024-01-10,2.7290123648291984
2024-01-11,2.731506363976089
2024-01-12,2.7383801793639084
2024-01-16,2.7407176238848847
2024-01-17,2.7394527395477795
2024-01-18,2.7364159656037925
2024-01-19,2.7520416438506916
2024-01-22,2.7608496882707207
2024-01-23,2.758560949850728
2024-01-24,2.752450436442385
2024-01-25,2.7522597117400647
2024-01-26,2.755382468208361
2024-01-29,2.7530187605755336
2024-01-30,2.757492910423548
2024-01-31,2.7306579581031194
2024-02-01,2.73555789390478
2024-02-02,2.734310398862493
2024-02-05,2.725845653302935
2024-02-06,2.708386101824196
2024-02-07,2.6975989442350228
2024-02-08,2.696213012747293
2024-02-09,2.7075483243643257
2024-02-12,2.6923524770221445
2024-02-13,2.6685736996945346
2024-02-14,2.6792803745250153
2024-02-15,2.689993931068538
2024-02-16,2.689326767669331
2024-02-20,2.682285665762644
2024-02-21,2.670096862610783
2024-02-22,2.6675932541983296
2024-02-23,2.678891469713669
2024-02-26,2.67226258885158
2024-02-27,2.65762422255836
2024-02-28,2.6515343278187133
2024-02-29,2.656686599503766
2024-03-01,2.654261656388914
2024-03-04,2.654000850481637
2024-03-05,2.652754314306
2024-03-06,2.659650507991958
2024-03-07,2.6559339719794464
2024-03-08,2.6645094267961515
2024-03-11,2.6642830732809624
2024-03-12,2.674081537373006
2024-03-13,2.6820007588576678
2024-03-14,2.6744146904611292
2024-03-15,2.6763130125614287
2024-03-18,2.673667343851244
2024-03-19,2.689898053072602
2024-03-20,2.7064052027812058
2024-03-21,2.7078664759550493
2024-03-22,2.7083583512632083
2024-03-25,2.71565584766254
2024-03-26,2.7126708778610533
2024-03-27,2.707073905114275
2024-03-28,2.705859755664228
2024-04-01,2.7071764683909123
2024-04-02,2.704532350086266
2024-04-03,2.7056402994505526
2024-04-04,2.6990413131383204
2024-04-05,2.6943160032791083
2024-04-08,2.692488789071657
2024-04-09,2.6881846318528746
2024-04-10,2.6934361593963914
2024-04-11,2.704601679365662
2024-04-12,2.712324561867239
2024-04-15,2.7010624910096643
2024-04-16,2.7028207628384533
2024-04-17,2.6975018961139376
2024-04-18,2.6905471842735933
2024-04-19,2.6836393852763667
2024-04-22,2.6794736735476885
2024-04-23,2.6963632953332612
2024-04-24,2.704662605527112
2024-04-25,2.702592150249881
2024-04-26,2.6960130732782597
2024-04-29,2.691790546922941
2024-04-30,2.700153317683249
2024-05-01,2.6887043530342183
2024-05-02,2.6855176265080254
2024-05-03,2.679781092049891
2024-05-06,2.7010673516168957
2024-05-07,2.6930650264454776
2024-05-08,2.6854502703817165
2024-05-09,2.6903313451810678
2024-05-10,2.6934591109938957
2024-05-13,2.6811247275352175
2024-05-14,2.672059586803588
2024-05-15,2.69739030430106
2024-05-16,2.6989529478067853
2024-05-17,2.698371482454494
2024-05-20,2.69914506417815
2024-05-21,2.707752392278179
2024-05-22,2.6958707834646187
2024-05-23,2.7020915571319897
2024-05-24,2.704383594889376
2024-05-28,2.705904640498534
2024-05-29,2.7033357926204076
2024-05-30,2.6982194286844425
2024-05-31,2.7088570422895484
2024-06-03,2.7282382894914896
2024-06-04,2.7322641346305527
2024-06-05,2.724279067059018
2024-06-06,2.732618776912571
2024-06-07,2.742142512603765
2024-06-10,2.746689711667756
2024-06-11,2.755834828519734
2024-06-12,2.7959336388910914
2024-06-13,2.781825323857895
2024-06-14,2.778571662787487
2024-06-17,2.772125834408107
2024-06-18,2.77142272625598
2024-06-20,2.788183815007723
2024-06-21,2.7768522787796774
2024-06-24,2.7705540402725317
2024-06-25,2.7897185912023215
2024-06-26,2.794612224977655
2024-06-27,2.794076299676493
2024-06-28,2.7974380578101483
2024-07-01,2.8053966780300925
2024-07-02,2.8099337156225097
2024-07-03,2.8100870045160984
2024-07-05,2.814516104811031
2024-07-08,2.808290896540281
2024-07-09,2.803090976769605
2024-07-10,2.8176740110280276
2024-07-11,2.815031640628566
2024-07-12,2.8167941531351985
2024-07-15,2.8322963188087416
2024-07-16,2.841651172064218
2024-07-17,2.846157444440242
2024-07-18,2.8397695608487066
2024-07-19,2.8365953599117715
2024-07-22,2.8449036365671314
2024-07-23,2.8501568954572054
2024-07-24,2.8410017190651775
2024-07-25,2.837648224983292
2024-07-26,2.8377162006426824
2024-07-29,2.838023296117619
2024-07-30,2.841738755139587
2024-07-31,2.84863511348546
2024-08-01,2.843645907139427
2024-08-02,2.834553108764571
2024-08-05,2.8083256967209866
2024-08-06,2.780894250651139
2024-08-07,2.7849054649622875
2024-08-08,2.797532240750862
2024-08-09,2.81230238575249
2024-08-12,2.8018089792555907
2024-08-13,2.810216055331394
2024-08-14,2.830357077483904
2024-08-15,2.8447132734364744
2024-08-16,2.8571684253803986
2024-08-19,2.858156026675747
2024-08-20,2.8631262998985068
2024-08-21,2.8601389462797604
2024-08-22,2.863334187949838
2024-08-23,2.869944191109282
2024-08-26,2.878271198679262
2024-08-27,2.8759325322139975
2024-08-28,2.880899968499139
2024-08-29,2.885627809099204
2024-08-30,2.893055671088491
2024-09-03,2.8880680277511734
2024-09-04,2.870420448120428
2024-09-05,2.864735946489261
2024-09-06,2.847122586335849
2024-09-09,2.851763189444049
2024-09-10,2.852907893864704
2024-09-11,2.8693803645872933
2024-09-12,2.891619029715766
2024-09-13,2.908382578324985
2024-09-16,2.909955959763709
2024-09-17,2.902878142541584
2024-09-18,2.8909906124951346
2024-09-19,2.9038949023896867
2024-09-20,2.913910559806472
2024-09-23,2.921091370724091
2024-09-24,2.9196029785825415
2024-09-25,2.9219345320709174
2024-09-26,2.9158535399054957
2024-09-27,2.91708168386623
2024-09-30,2.919436124727394
2024-10-01,2.919633259057197
2024-10-02,2.9204002688822124
2024-10-03,2.9276319467183587
2024-10-04,2.94432080122848
2024-10-07,2.9290167756422885
2024-10-08,2.920770095945967
2024-10-09,2.931398528049425
2024-10-10,2.921997384207197
2024-10-11,2.929898970094236
2024-10-14,2.9412657933729687
2024-10-15,2.949793961684666
2024-10-16,3.0007453394423145
2024-10-17,3.003691479884761
2024-10-18,3.0112681316997474
2024-10-21,2.9725540959404064
2024-10-22,2.9622377522184973
2024-10-23,2.9415374619290047
2024-10-24,2.949667188644621
2024-10-25,2.9402676909583754
2024-10-28,2.942117087126917
2024-10-29,2.947044303090416
2024-10-30,2.9557982713190416
2024-10-31,2.936638462709024
2024-11-01,2.923330416733174
2024-11-04,2.930269950768209
2024-11-05,2.940307124302782
2024-11-06,3.008237527774966
2024-11-07,3.0238181478372046
2024-11-08,3.0295740760795944
2024-11-11,3.04026847112943
2024-11-12,3.039397328028927
2024-11-13,3.0589287941425005
2024-11-14,3.058197469379683
2024-11-15,3.061008136708818
2024-11-18,3.0544556305119106
2024-11-19,3.0737379093621446
2024-11-20,3.0768875827551003
2024-11-21,3.075422943379304
2024-11-22,3.0716290480247355
2024-11-25,3.0659972622537035
2024-11-26,3.0699438000958548
2024-11-27,3.08152443334333
2024-11-29,3.073715822386067
2024-12-02,3.082474243820809
2024-12-03,3.0784937500713885
2024-12-04,3.059700976619871
2024-12-05,3.0652293787131617
2024-12-06,3.05403944910766
2024-12-09,3.0534606312065695
2024-12-10,3.0681640228010956
2024-12-11,3.0750834660855393
2024-12-12,3.0765511348472865
2024-12-13,3.109515549020942
2024-12-16,3.125119788232806
2024-12-17,3.076604346993078
2024-12-18,3.051612639469246
2024-12-19,3.0577167019231695
2024-12-20,3.0820347582365146
2024-12-23,3.0979226958887445
2024-12-24,3.1022979194838465
2024-12-26,3.1157667576295416
2024-12-27,3.1064176173349716
2024-12-30,3.083758939549454
2024-12-31,3.0959765484297956
