,portfolio_value
2011-04-01,1.0006554962840957
2011-04-04,1.0030618903258488
2011-04-05,1.0021924090856804
2011-04-06,1.0023206860787055
2011-04-07,1.0004720148278967
2011-04-08,0.9977049908006982
2011-04-11,0.9981448703805299
2011-04-12,0.997178375336293
2011-04-13,0.9967221869045759
2011-04-14,0.99454719019794
2011-04-15,0.9970701471582994
2011-04-18,0.9954359855200019
2011-04-19,0.996614766566353
2011-04-20,1.000936724783827
2011-04-21,1.0036738159608354
2011-04-25,1.0028812850714501
2011-04-26,1.0063402831961006
2011-04-27,1.006596550229225
2011-04-28,1.0088679368021083
2011-04-29,1.0097321266375061
2011-05-02,1.0094168822206837
2011-05-03,1.0066225900619221
2011-05-04,1.0056273176721815
2011-05-05,1.003390008090854
2011-05-06,1.0017074211165087
2011-05-09,1.0046524926635318
2011-05-10,1.0049269746996483
2011-05-11,1.000218314714592
2011-05-12,0.9986135715206057
2011-05-13,0.9945107459242215
2011-05-16,0.9931397558879562
2011-05-17,0.9912240494009109
2011-05-18,0.9946919087108982
2011-05-19,0.9970208371370575
2011-05-20,0.9994336985146188
2011-05-23,0.9948756913918094
2011-05-24,0.9941667878946974
2011-05-25,0.994898175708403
2011-05-26,0.9975161514290887
2011-05-27,0.9973774857292487
2011-05-31,0.9986544678429053
2011-06-01,0.9958115040533466
2011-06-02,0.9849104446175083
2011-06-03,0.9830658377824982
2011-06-06,0.9824761708884995
2011-06-07,0.9831858537822386
2011-06-08,0.9851621722270546
2011-06-09,0.9859009236894183
2011-06-10,0.9853018228542965
2011-06-13,0.9853067093488036
2011-06-14,0.9886277322527446
2011-06-15,0.9861619863241287
2011-06-16,0.9850581379028784
2011-06-17,0.9846354109016895
2011-06-20,0.9845965401306387
2011-06-21,0.9878676225315526
2011-06-22,0.9897250767380096
2011-06-23,0.985558818893952
2011-06-24,0.9832951810697036
2011-06-27,0.9836932842719264
2011-06-28,0.9842038322767889
2011-06-29,0.9891336444007306
2011-06-30,0.9921625698253077
2011-07-01,1.0000248728635104
2011-07-05,1.004735568611612
2011-07-06,1.0062650813911278
2011-07-07,1.0062080585495783
2011-07-08,1.007865207399974
2011-07-11,1.0042353945272557
2011-07-12,1.0011039497564085
2011-07-13,1.0020499655121553
2011-07-14,1.0004112546316308
2011-07-15,0.9980726944224947
2011-07-18,0.9970924115396802
2011-07-19,1.000907508523282
2011-07-20,1.003557940860093
2011-07-21,1.005076845336837
2011-07-22,1.008450884020313
2011-07-25,1.0063476134630225
2011-07-26,0.9996365764266724
2011-07-27,0.9938274300756287
2011-07-28,0.9868706248939348
2011-07-29,0.9862212924447958
2011-08-01,0.9851394206164488
2011-08-02,0.9764339775604006
2011-08-03,0.9750472419795267
2011-08-04,0.9635348716738908
2011-08-05,0.9587628853965634
2011-08-08,0.9409251503605801
2011-08-09,0.9532102268604733
2011-08-10,0.9506132862330737
2011-08-11,0.955243276610987
2011-08-12,0.9634905427224292
2011-08-15,0.9664424875024945
2011-08-16,0.9592058179675179
2011-08-17,0.9584561031967623
2011-08-18,0.9493853563977244
2011-08-19,0.9444803588897965
2011-08-22,0.9427907262341013
2011-08-23,0.9533828352072224
2011-08-24,0.960385282374891
2011-08-25,0.9589317382025914
2011-08-26,0.9626162918738672
2011-08-29,0.967897729443968
2011-08-30,0.9699688737838529
2011-08-31,0.9699788876687803
2011-09-01,0.9688964216648853
2011-09-02,0.9620262754380207
2011-09-06,0.95987950378478
2011-09-07,0.9627409503691041
2011-09-08,0.9632811175426499
2011-09-09,0.9575934421786597
2011-09-12,0.9573962520518594
2011-09-13,0.957778375055042
2011-09-14,0.9609119382834052
2011-09-15,0.9633771917592218
2011-09-16,0.9682416783787289
2011-09-19,0.9674152339723757
2011-09-20,0.962395281178582
2011-09-21,0.955205537682592
2011-09-22,0.9468735080845451
2011-09-23,0.9447009518516736
2011-09-26,0.9476449720598613
2011-09-27,0.9522649379416716
2011-09-28,0.9461025411665592
2011-09-29,0.9473373509942147
2011-09-30,0.9476506049893437
2011-10-03,0.9358437940601961
2011-10-04,0.939136908485504
2011-10-05,0.9464968883036239
2011-10-06,0.9556792192872328
2011-10-07,0.9557994847715071
2011-10-10,0.9627319548377221
2011-10-11,0.969185596904837
2011-10-12,0.9710126424734328
2011-10-13,0.9725076892627936
2011-10-14,0.9762437254588602
2011-10-17,0.9748171590701358
2011-10-18,0.9750091300192519
2011-10-19,0.976942117307085
2011-10-20,0.9754030237769548
2011-10-21,0.9825316339462997
2011-10-24,0.9910640301945959
2011-10-25,0.9886526219009978
2011-10-26,0.988157066470285
2011-10-27,1.0032593856506384
2011-10-28,1.0112391736188726
2011-10-31,1.0078976102079595
2011-11-01,0.993759298394031
2011-11-02,0.9911389761701165
2011-11-03,0.9989345213340116
2011-11-04,1.0023988859882507
2011-11-07,1.001759698815473
2011-11-08,1.0053975527671886
2011-11-09,0.9981650931726312
2011-11-10,0.9902135542314864
2011-11-11,0.9967735697466066
2011-11-14,0.9996662307598215
2011-11-15,0.9996832921506579
2011-11-16,0.9960296996306511
2011-11-17,0.9898529868559106
2011-11-18,0.9864722654255725
2011-11-21,0.9822882118686693
2011-11-22,0.9787550012311302
2011-11-23,0.9733031175308694
2011-11-25,0.9663469659792777
2011-11-28,0.9722208670477845
2011-11-29,0.9807642636298514
2011-11-30,0.9921113875824963
2011-12-01,1.0017336224409006
2011-12-02,1.0018462580309992
2011-12-05,1.0061149540888563
2011-12-06,1.008813917624766
2011-12-07,1.0068979037940264
2011-12-08,1.002457362613567
2011-12-09,1.0024379840233966
2011-12-12,1.0044425611759789
2011-12-13,0.9991185375537485
2011-12-14,0.9958599013113717
2011-12-15,0.9958636696215379
2011-12-16,0.9985276140871266
2011-12-19,0.9965096272737904
2011-12-20,0.9994708143702443
2011-12-21,1.009618757960834
2011-12-22,1.010477212964748
2011-12-23,1.0131828541327805
2011-12-27,1.0178095263214004
2011-12-28,1.0142664296621478
2011-12-29,1.0121427587063978
2011-12-30,1.0132854657645218
2012-01-03,1.0119990088953692
2012-01-04,1.0159394713408043
2012-01-05,1.0162068606947268
2012-01-06,1.017779251202723
2012-01-09,1.0169189665637903
2012-01-10,1.0201820624289852
2012-01-11,1.0202289097811577
2012-01-12,1.020352884304177
2012-01-13,1.0211296817987714
2012-01-17,1.0210740062685295
2012-01-18,1.0238764496413137
2012-01-19,1.0265268532015637
2012-01-20,1.0269768006865116
2012-01-23,1.027344690541327
2012-01-24,1.0339301344642327
2012-01-25,1.0351228409847293
2012-01-26,1.0366626673684196
2012-01-27,1.0328608801687946
2012-01-30,1.031567742600879
2012-01-31,1.0322420475093965
2012-02-01,1.0355488758763065
2012-02-02,1.035276879517502
2012-02-03,1.039839143624615
2012-02-06,1.0423728082836368
2012-02-07,1.043049996419902
2012-02-08,1.0424431709716466
2012-02-09,1.0422460455571467
2012-02-10,1.0432386162200415
2012-02-13,1.0440427944164656
2012-02-14,1.044947656999732
2012-02-15,1.0423293265315847
2012-02-16,1.0441614863954214
2012-02-17,1.0474643663303378
2012-02-21,1.048122207916262
2012-02-22,1.0462905254859178
2012-02-23,1.0502746266836904
2012-02-24,1.0515788609531722
2012-02-27,1.0528404953033124
2012-02-28,1.0525227187387458
2012-02-29,1.0527388972551295
2012-03-01,1.0534045755581614
2012-03-02,1.052129114290958
2012-03-05,1.053289603120252
2012-03-06,1.0473079534691805
2012-03-07,1.0476434678055426
2012-03-08,1.052761435591731
2012-03-09,1.0578124053463078
2012-03-12,1.059776509688263
2012-03-13,1.0596275581362027
2012-03-14,1.0624899896843563
2012-03-15,1.063181934091928
2012-03-16,1.0632328988445705
2012-03-19,1.0661434292321328
2012-03-20,1.066670542970851
2012-03-21,1.0656458780243967
2012-03-22,1.06409672198219
2012-03-23,1.062667140451908
2012-03-26,1.069511866696411
2012-03-27,1.0699385660320138
2012-03-28,1.0687977225676408
2012-03-29,1.0685243243696116
2012-03-30,1.06840052041516
2012-04-02,1.0732794107323114
2012-04-03,1.0767651976290902
2012-04-04,1.072960429025927
2012-04-05,1.0724242017655619
2012-04-09,1.069694263271282
2012-04-10,1.06267066596397
2012-04-11,1.062088092794782
2012-04-12,1.0649156285438315
2012-04-13,1.0675322238213938
2012-04-16,1.0639608698763077
2012-04-17,1.065162110812765
2012-04-18,1.0680894745732497
2012-04-19,1.0641547298470637
2012-04-20,1.0645423701871635
2012-04-23,1.0632292787399338
2012-04-24,1.059936797287731
2012-04-25,1.0640972835462734
2012-04-26,1.0683802879403597
2012-04-27,1.0726802519745728
2012-04-30,1.072563595216884
2012-05-01,1.0719904271243503
2012-05-02,1.0763912580466641
2012-05-03,1.0740963956312766
2012-05-04,1.0675376792014035
2012-05-07,1.0659383313993258
2012-05-08,1.0661491559231828
2012-05-09,1.0634538161549987
2012-05-10,1.0658115781471498
2012-05-11,1.067464120425337
2012-05-14,1.064376297531339
2012-05-15,1.0638532879585754
2012-05-16,1.0646162219291746
2012-05-17,1.058060440349317
2012-05-18,1.0551673642657553
2012-05-21,1.0546632042072719
2012-05-22,1.0585487177476152
2012-05-23,1.05849806022481
2012-05-24,1.0603475871001373
2012-05-25,1.0608020764745643
2012-05-29,1.0603025533291959
2012-05-30,1.0609041512888673
2012-05-31,1.0550902183101234
2012-06-01,1.0483736646316437
2012-06-04,1.0432026295165242
2012-06-05,1.044081178869903
2012-06-06,1.0468441838656475
2012-06-07,1.0510522382676308
2012-06-08,1.054747342595516
2012-06-11,1.0531972320842802
2012-06-12,1.051506821739195
2012-06-13,1.0529108900371384
2012-06-14,1.0547660515659725
2012-06-15,1.0561612529621345
2012-06-18,1.058354623383985
2012-06-19,1.0623698556152523
2012-06-20,1.061972129792834
2012-06-21,1.0594520834083125
2012-06-22,1.0580221948270794
2012-06-25,1.0567703758627904
2012-06-26,1.054308472795899
2012-06-27,1.0586952769759799
2012-06-28,1.0586040469827296
2012-06-29,1.058489004252575
2012-07-02,1.0683116271766337
2012-07-03,1.0699801732948928
2012-07-05,1.0704571925364101
2012-07-06,1.0679200524800887
2012-07-09,1.0684009178279292
2012-07-10,1.070659346589776
2012-07-11,1.0675452579776554
2012-07-12,1.0677774408289151
2012-07-13,1.0712236629587686
2012-07-16,1.076274920332431
2012-07-17,1.0774924955014442
2012-07-18,1.080175117801478
2012-07-19,1.0792546472708877
2012-07-20,1.077945584842157
2012-07-23,1.0749271760292514
2012-07-24,1.0718675714969574
2012-07-25,1.0706342413023395
2012-07-26,1.0729597386963945
2012-07-27,1.0809500258779652
2012-07-30,1.0862148667149836
2012-07-31,1.0854800590835074
2012-08-01,1.0796835106647444
2012-08-02,1.080094994907975
2012-08-03,1.0832931653211597
2012-08-06,1.0852473621425673
2012-08-07,1.0837742764860696
2012-08-08,1.0842988378476253
2012-08-09,1.080706497409404
2012-08-10,1.0813741066593288
2012-08-13,1.0802866152722843
2012-08-14,1.0806283003110573
2012-08-15,1.082561411134091
2012-08-16,1.084121243282449
2012-08-17,1.0872309762491317
2012-08-20,1.0870860209930038
2012-08-21,1.0855348691142293
2012-08-22,1.083975945846226
2012-08-23,1.0829333157741987
2012-08-24,1.0832627225971865
2012-08-27,1.0860165866528584
2012-08-28,1.08693243241849
2012-08-29,1.0885749137975045
2012-08-30,1.0887269436619977
2012-08-31,1.089585274770177
2012-09-04,1.093781334711873
2012-09-05,1.0939519490425325
2012-09-06,1.0984984408031069
2012-09-07,1.1022156579239246
2012-09-10,1.1033969651808944
2012-09-11,1.102349551218878
2012-09-12,1.104727736421995
2012-09-13,1.1071785262930909
2012-09-14,1.110121431312388
2012-09-17,1.1096744760533188
2012-09-18,1.108626644133971
2012-09-19,1.1066927146886192
2012-09-20,1.1049170721922366
2012-09-21,1.1047690234797654
2012-09-24,1.1062617316491479
2012-09-25,1.1039120182088398
2012-09-26,1.100818576124249
2012-09-27,1.1012846174834856
2012-09-28,1.1007680825113295
2012-10-01,1.1023138818339249
2012-10-02,1.1038187627794314
2012-10-03,1.1060136650298744
2012-10-04,1.1094869716449582
2012-10-05,1.1131806311412837
2012-10-08,1.1109431300919375
2012-10-09,1.1050337877063763
2012-10-10,1.1046705396681893
2012-10-11,1.1023704488192885
2012-10-12,1.1009263107062295
2012-10-15,1.1034408929793278
2012-10-16,1.1073616527555246
2012-10-17,1.1120281889878918
2012-10-18,1.1115095291822255
2012-10-19,1.1076627124098577
2012-10-22,1.105690707512024
2012-10-23,1.1043814987264313
2012-10-24,1.10302684671603
2012-10-25,1.103470149253303
2012-10-26,1.1029969739127927
2012-10-31,1.1041933944326794
2012-11-01,1.106944791036034
2012-11-02,1.1050485003965327
2012-11-05,1.1050044029011652
2012-11-06,1.1077952627972305
2012-11-07,1.1014144751030481
2012-11-08,1.0969146608448856
2012-11-09,1.0961508791100694
2012-11-12,1.0973162402162997
2012-11-13,1.0988007067822658
2012-11-14,1.0900121634642643
2012-11-15,1.089473655449449
2012-11-16,1.0934399651065976
2012-11-19,1.1006513520389025
2012-11-20,1.1064144538140785
2012-11-21,1.1069507140711703
2012-11-23,1.111230925228574
2012-11-26,1.1150141898359933
2012-11-27,1.1147028348540782
2012-11-28,1.1141580305786865
2012-11-29,1.1184325747542982
2012-11-30,1.118054763819385
2012-12-03,1.117082117867096
2012-12-04,1.1170601585113564
2012-12-05,1.1145771787127905
2012-12-06,1.1152811477472464
2012-12-07,1.1153700065456909
2012-12-10,1.118528924840463
2012-12-11,1.1187330915559832
2012-12-12,1.1180685062624183
2012-12-13,1.115261948404518
2012-12-14,1.1129918908480503
2012-12-17,1.114526023759852
2012-12-18,1.1209525169379053
2012-12-19,1.1231976584688217
2012-12-20,1.1261451244839316
2012-12-21,1.1253379350860615
2012-12-24,1.1243092348705208
2012-12-26,1.120794533579345
2012-12-27,1.1204300825658264
2012-12-28,1.1191250926920644
2012-12-31,1.120009701092845
2013-01-02,1.1319269047077878
2013-01-03,1.1332622213555144
2013-01-04,1.1340549488242007
2013-01-07,1.137114552148905
2013-01-08,1.1394916900521883
2013-01-09,1.1419458442467618
2013-01-10,1.1428801084435405
2013-01-11,1.1435253353001003
2013-01-14,1.144924044243033
2013-01-15,1.1489117591999767
2013-01-16,1.1486677524974074
2013-01-17,1.153857084334907
2013-01-18,1.1574237291979956
2013-01-22,1.159031667785846
2013-01-23,1.159192200306102
2013-01-24,1.158521596340711
2013-01-25,1.1607870360505892
2013-01-28,1.1600747180568396
2013-01-29,1.1615553679607136
2013-01-30,1.1625993893950632
2013-01-31,1.1620039717321853
2013-02-01,1.1690038628491792
2013-02-04,1.1705754860079876
2013-02-05,1.1745959796560448
2013-02-06,1.17847963346649
2013-02-07,1.1777537934947273
2013-02-08,1.17997951527851
2013-02-11,1.1805947709659654
2013-02-12,1.18227946131821
2013-02-13,1.1844470147482813
2013-02-14,1.184771765801364
2013-02-15,1.1876374793061701
2013-02-19,1.191955493959756
2013-02-20,1.1874393912561043
2013-02-21,1.185506578037001
2013-02-22,1.1910613426036216
2013-02-25,1.1949277214125735
2013-02-26,1.1934790576893501
2013-02-27,1.2013140254621066
2013-02-28,1.206196560850766
2013-03-01,1.2054841071244768
2013-03-04,1.2090713325595934
2013-03-05,1.2177955974430603
2013-03-06,1.2196364507728175
2013-03-07,1.219364463735045
2013-03-08,1.2241288528764116
2013-03-11,1.2215195674446016
2013-03-12,1.2220272334157922
2013-03-13,1.2247714191722092
2013-03-14,1.2318790261746912
2013-03-15,1.234900213795649
2013-03-18,1.2331847473592685
2013-03-19,1.238485446575854
2013-03-20,1.2374416834860857
2013-03-21,1.237792563737523
2013-03-22,1.2390147854549873
2013-03-25,1.2459048614426929
2013-03-26,1.2485379977825273
2013-03-27,1.2516016000218841
2013-03-28,1.2510144014649613
2013-04-01,1.2488872522836274
2013-04-02,1.2495218008177584
2013-04-03,1.2408270095848422
2013-04-04,1.2440235812636236
2013-04-05,1.2391305873032619
2013-04-08,1.238759632579743
2013-04-09,1.2385815664808295
2013-04-10,1.2411746126452643
2013-04-11,1.2437273953140753
2013-04-12,1.2431940038413507
2013-04-15,1.2357277137747353
2013-04-16,1.238531013455739
2013-04-17,1.2350299148227513
2013-04-18,1.2275459558675526
2013-04-19,1.2335921337849518
2013-04-22,1.2377120035409606
2013-04-23,1.24167630144255
2013-04-24,1.2452519392783648
2013-04-25,1.2455884908319699
2013-04-26,1.2456279606080025
2013-04-29,1.2438097286436873
2013-04-30,1.2486493665763652
2013-05-01,1.2437648622223847
2013-05-02,1.246297169091017
2013-05-03,1.252032834276247
2013-05-06,1.2566970493458849
2013-05-07,1.2606491657146524
2013-05-08,1.260685746393227
2013-05-09,1.2616563692261291
2013-05-10,1.2635379561114184
2013-05-13,1.2636817443935358
2013-05-14,1.2694850011112842
2013-05-15,1.2753964835031237
2013-05-16,1.2708602483180367
2013-05-17,1.272769798016154
2013-05-20,1.2718760176989214
2013-05-21,1.270275986927545
2013-05-22,1.2662648631352855
2013-05-23,1.263462158542244
2013-05-24,1.2607269021724379
2013-05-28,1.2608029568954533
2013-05-29,1.2582327742304789
2013-05-30,1.2570029326275391
2013-05-31,1.2533843564994884
2013-06-03,1.2496248745819782
2013-06-04,1.2495987320554107
2013-06-05,1.241351777593479
2013-06-06,1.2426739621338088
2013-06-07,1.2465209673398787
2013-06-10,1.2506890801409134
2013-06-11,1.2458590144075363
2013-06-12,1.2379992651135512
2013-06-13,1.2407928805137027
2013-06-14,1.2447904434578774
2013-06-17,1.2461085327830026
2013-06-18,1.2521827897294229
2013-06-19,1.2499413797676273
2013-06-20,1.2410598283536505
2013-06-21,1.236639764516376
2013-06-24,1.2350683618298472
2013-06-25,1.235669239805772
2013-06-26,1.2411307402657734
2013-06-27,1.2476918424052108
2013-06-28,1.247066853368203
2013-07-01,1.2504373889273754
2013-07-02,1.2525046559436737
2013-07-03,1.251236934792486
2013-07-05,1.255869459534629
2013-07-08,1.2633406448239455
2013-07-09,1.2677647632585345
2013-07-10,1.2692783497684281
2013-07-11,1.2716752208305269
2013-07-12,1.277484782462925
2013-07-15,1.279095737823851
2013-07-16,1.2811797696990335
2013-07-17,1.2810689457912288
2013-07-18,1.2864711562928652
2013-07-19,1.2899366609538234
2013-07-22,1.2929642436526512
2013-07-23,1.2939572733574995
2013-07-24,1.293313099594228
2013-07-25,1.2944570010273335
2013-07-26,1.2920545051056938
2013-07-29,1.2867819137188936
2013-07-30,1.2850520520113045
2013-07-31,1.2862981355405245
2013-08-01,1.2928278449531692
2013-08-02,1.2979163341454187
2013-08-05,1.298001909702649
2013-08-06,1.292796153648217
2013-08-07,1.2875467488974992
2013-08-08,1.2904208147281888
2013-08-09,1.2909846028974405
2013-08-12,1.289180841245151
2013-08-13,1.288072656930153
2013-08-14,1.2903963598369077
2013-08-15,1.283465878194953
2013-08-16,1.2794636789329648
2013-08-19,1.2737265980707815
2013-08-20,1.2771218265860045
2013-08-21,1.275301617605708
2013-08-22,1.2784754027872585
2013-08-23,1.2809189508417413
2013-08-26,1.2821901104899087
2013-08-27,1.2721763287540815
2013-08-28,1.268605402244278
2013-08-29,1.2750524382303636
2013-08-30,1.2680633513982653
2013-09-03,1.2681080067033155
2013-09-04,1.2732954443872209
2013-09-05,1.2743257461925799
2013-09-06,1.2745738102748032
2013-09-09,1.2774168690056884
2013-09-10,1.2851420790960686
2013-09-11,1.2875857125822214
2013-09-12,1.2850306726384781
2013-09-13,1.285695452934287
2013-09-16,1.2882889834711853
2013-09-17,1.2907773420043844
2013-09-18,1.2964459180568109
2013-09-19,1.2972934639965443
2013-09-20,1.2965088719186384
2013-09-23,1.294020378682797
2013-09-24,1.2950085703120027
2013-09-25,1.2918208454822517
2013-09-26,1.2928251069910637
2013-09-27,1.29256282258364
2013-09-30,1.2918227645777116
2013-10-01,1.2954243175722175
2013-10-02,1.2898345567617329
2013-10-03,1.2852157002166793
2013-10-04,1.2866025991232861
2013-10-07,1.2816957646421747
2013-10-08,1.2734242611597328
2013-10-09,1.2707844756481628
2013-10-10,1.2814180162390154
2013-10-11,1.2900766033234596
2013-10-14,1.2928401647046917
2013-10-15,1.2916379934685638
2013-10-16,1.2957936557037633
2013-10-17,1.304007872776574
2013-10-18,1.310590788840727
2013-10-21,1.3145886749500102
2013-10-22,1.3145360254497338
2013-10-23,1.3157538800223851
2013-10-24,1.3161113677712182
2013-10-25,1.318174318284696
2013-10-28,1.3233974634068755
2013-10-29,1.3212902654186442
2013-10-30,1.3218144570950174
2013-10-31,1.3184084530400002
2013-11-01,1.3175304107138839
2013-11-04,1.3161445525465847
2013-11-05,1.3135069342614856
2013-11-06,1.3175549262812773
2013-11-07,1.3115230827853246
2013-11-08,1.3152863517218494
2013-11-11,1.317708578302982
2013-11-12,1.3202145905767595
2013-11-13,1.3224342562562796
2013-11-14,1.3266501144961635
2013-11-15,1.3279718886958434
2013-11-18,1.3302357818404387
2013-11-19,1.3279272303262823
2013-11-20,1.3239784675239317
2013-11-21,1.334245794256053
2013-11-22,1.3400146927890626
2013-11-25,1.3425781273932746
2013-11-26,1.3504031172299533
2013-11-27,1.3508959822357718
2013-11-29,1.348545850981024
2013-12-02,1.3464697542891297
2013-12-03,1.3429037704454867
2013-12-04,1.341216444286381
2013-12-05,1.3396417004042842
2013-12-06,1.3460404941360222
2013-12-09,1.3473714139130804
2013-12-10,1.3487483865977132
2013-12-11,1.3482256021832755
2013-12-12,1.3491112106833232
2013-12-13,1.350486224972221
2013-12-16,1.3550370956876465
2013-12-17,1.356616656018879
2013-12-18,1.3629728642523269
2013-12-19,1.3586325278709384
2013-12-20,1.3636690521964152
2013-12-23,1.362517729677275
2013-12-24,1.3695979583569884
2013-12-26,1.372176793263518
2013-12-27,1.3696504494434705
2013-12-30,1.367553352429206
2013-12-31,1.3658285721809604
2014-01-02,1.356864332905292
2014-01-03,1.3548095357574519
2014-01-06,1.354667443772803
2014-01-07,1.3595476304341545
2014-01-08,1.3613968919962158
2014-01-09,1.363743422788902
2014-01-10,1.3650939437176879
2014-01-13,1.3600474114164465
2014-01-14,1.3625110031554875
2014-01-15,1.3664310534696582
2014-01-16,1.368051427245826
2014-01-17,1.3637495370103765
2014-01-21,1.3638244773513333
2014-01-22,1.3666471784646115
2014-01-23,1.3638341877464095
2014-01-24,1.3542263140837858
2014-01-27,1.346431666050022
2014-01-28,1.344241475429207
2014-01-29,1.34081596125508
2014-01-30,1.34276694611779
2014-01-31,1.3467705922960342
2014-02-03,1.3332977893780806
2014-02-04,1.332962176663251
2014-02-05,1.3315328674787141
2014-02-06,1.3341762617039188
2014-02-07,1.340640145103802
2014-02-10,1.341786839517679
2014-02-11,1.3431668250042208
2014-02-12,1.3450005290277225
2014-02-13,1.3476680435207746
2014-02-14,1.349472173633674
2014-02-18,1.3507750928827449
2014-02-19,1.3504110052328033
2014-02-20,1.3554842588602884
2014-02-21,1.3569168726548426
2014-02-24,1.3594729358055377
2014-02-25,1.3620249291790574
2014-02-26,1.36582849881817
2014-02-27,1.3681083586047371
2014-02-28,1.3705421077810942
2014-03-03,1.3693519055419485
2014-03-04,1.3758749838323607
2014-03-05,1.3784155650952696
2014-03-06,1.3775576729795365
2014-03-07,1.3804242199099712
2014-03-10,1.380133954558954
2014-03-11,1.3788283358343483
2014-03-12,1.378334534608147
2014-03-13,1.3763718120687878
2014-03-14,1.3749680151030832
2014-03-17,1.3766858313073325
2014-03-18,1.3830397534304972
2014-03-19,1.382250493894494
2014-03-20,1.3836618294499115
2014-03-21,1.382713260563837
2014-03-24,1.3818327855021963
2014-03-25,1.382241124143961
2014-03-26,1.3818512308007644
2014-03-27,1.376787180576637
2014-03-28,1.3768601832421785
2014-03-31,1.3850770579070395
2014-04-01,1.3890976183694854
2014-04-02,1.3929028608714251
2014-04-03,1.3907386585721728
2014-04-04,1.3815780737948888
2014-04-07,1.3720071872632582
2014-04-08,1.3697337601101707
2014-04-09,1.3751507047512046
2014-04-10,1.3646622592961168
2014-04-11,1.3555246918556079
2014-04-14,1.35390307024633
2014-04-15,1.3556366778332014
2014-04-16,1.3604608727155447
2014-04-17,1.365295120502496
2014-04-21,1.3667505695917512
2014-04-22,1.372455781712577
2014-04-23,1.3679020426428061
2014-04-24,1.3665522124852898
2014-04-25,1.3587777097978693
2014-04-28,1.356651354331019
2014-04-29,1.3570849232926823
2014-04-30,1.3605728030881201
2014-05-01,1.3647395552477113
2014-05-02,1.3657832166352728
2014-05-05,1.3665301295280876
2014-05-06,1.3587950611299182
2014-05-07,1.3558450579343742
2014-05-08,1.3518479918861652
2014-05-09,1.355217817658918
2014-05-12,1.3652443582288791
2014-05-13,1.3671837705189185
2014-05-14,1.3610528603066734
2014-05-15,1.3591314019821088
2014-05-16,1.3594396656013252
2014-05-19,1.3638184908965125
2014-05-20,1.3609473548430249
2014-05-21,1.3628614996255204
2014-05-22,1.3665139866066995
2014-05-23,1.3724482920450765
2014-05-27,1.377112332513492
2014-05-28,1.3781342712976699
2014-05-29,1.378515386771935
2014-05-30,1.3825036914734732
2014-06-02,1.382473399986944
2014-06-03,1.382387521888787
2014-06-04,1.3840039639401032
2014-06-05,1.389042038404969
2014-06-06,1.3908048783761533
2014-06-09,1.3930029463333742
2014-06-10,1.3922349179223878
2014-06-11,1.388988886422517
2014-06-12,1.3855913149031334
2014-06-13,1.3831021054294725
2014-06-16,1.3849838862440467
2014-06-17,1.3906626839628242
2014-06-18,1.3939835135323198
2014-06-19,1.395054246488935
2014-06-20,1.397463130405646
2014-06-23,1.3961117271738297
2014-06-24,1.3972160345348428
2014-06-25,1.3933769443217778
2014-06-26,1.3952947603558021
2014-06-27,1.3966881969431917
2014-06-30,1.3970569837881972
2014-07-01,1.3999803068013899
2014-07-02,1.4006788459835402
2014-07-03,1.4029508211646162
2014-07-07,1.402560721681687
2014-07-08,1.4018754364798933
2014-07-09,1.4049141006893817
2014-07-10,1.4033460219554152
2014-07-11,1.398976146504142
2014-07-14,1.4040691777846752
2014-07-15,1.404724212800441
2014-07-16,1.4042802631510707
2014-07-17,1.4028397084850368
2014-07-18,1.4051020448409743
2014-07-21,1.4067177807707898
2014-07-22,1.4078667347948535
2014-07-23,1.4084879718144316
2014-07-24,1.4087723432993138
2014-07-25,1.4046870212525726
2014-07-28,1.4048394155932402
2014-07-29,1.4008159364055948
2014-07-30,1.3977870544430304
2014-07-31,1.3916930142864987
2014-08-01,1.3859827529582935
2014-08-04,1.3878559749224655
2014-08-05,1.3857305361887333
2014-08-06,1.3869961929730132
2014-08-07,1.3895345909489285
2014-08-08,1.391703932726203
2014-08-11,1.4006443666946216
2014-08-12,1.400700948468226
2014-08-13,1.4049081704146933
2014-08-14,1.406182936102952
2014-08-15,1.4071585108941345
2014-08-18,1.4122701842270957
2014-08-19,1.4122492169320895
2014-08-20,1.4142843676522707
2014-08-21,1.4158298300569832
2014-08-22,1.4163586185290002
2014-08-25,1.419024132854637
2014-08-26,1.4200390052933285
2014-08-27,1.414610471434774
2014-08-28,1.4135236617612223
2014-08-29,1.4137471333475415
2014-09-02,1.4141961061017199
2014-09-03,1.4109239096257582
2014-09-04,1.4085179765081903
2014-09-05,1.4122586256674545
2014-09-08,1.4138927078372858
2014-09-09,1.4093006185609411
2014-09-10,1.4112076713219637
2014-09-11,1.412779569096679
2014-09-12,1.4062215347796605
2014-09-15,1.400455508775909
2014-09-16,1.4061379982666984
2014-09-17,1.408748215306924
2014-09-18,1.4133578571588052
2014-09-19,1.4136880412375423
2014-09-22,1.411256291944188
2014-09-23,1.406063523655515
2014-09-24,1.4084665869417612
2014-09-25,1.4106578645879633
2014-09-26,1.4134784489011136
2014-09-29,1.4148729663314397
2014-09-30,1.410348561075576
2014-10-01,1.407062995226093
2014-10-02,1.3993007385382297
2014-10-03,1.4032522404687795
2014-10-06,1.407936957016033
2014-10-07,1.4018033880668983
2014-10-08,1.4091683005107614
2014-10-09,1.405058839328623
2014-10-10,1.3980355377717963
2014-10-13,1.3915152099469146
2014-10-14,1.3895194570093734
2014-10-15,1.3915407942929412
2014-10-16,1.393201704832135
2014-10-17,1.3975516444712368
2014-10-20,1.4061641136408989
2014-10-21,1.415380351261365
2014-10-22,1.4158879787354075
2014-10-23,1.4205213711332954
2014-10-24,1.4263321761590702
2014-10-27,1.4266315399809963
2014-10-28,1.434899861421868
2014-10-29,1.4393722587666498
2014-10-30,1.438108572483148
2014-10-31,1.448932059949255
2014-11-03,1.4514750744232516
2014-11-04,1.4477818774191966
2014-11-05,1.4540390443495066
2014-11-06,1.4559786678463744
2014-11-07,1.463710740880931
2014-11-10,1.4640737353577644
2014-11-11,1.468230513090528
2014-11-12,1.4677247623536345
2014-11-13,1.4653685559197345
2014-11-14,1.4654263311641955
2014-11-17,1.4663183155616837
2014-11-18,1.469840668302203
2014-11-19,1.4661333827854985
2014-11-20,1.4670006278290009
2014-11-21,1.4684854789645772
2014-11-24,1.4681334501519607
2014-11-25,1.4726514547546805
2014-11-26,1.4751690868868457
2014-11-28,1.4682873110514933
2014-12-01,1.4706169412347594
2014-12-02,1.475345844197867
2014-12-03,1.4803655308318129
2014-12-04,1.483103948883528
2014-12-05,1.4806108280119838
2014-12-08,1.4763532677481308
2014-12-09,1.4813806357073123
2014-12-10,1.4729383360747588
2014-12-11,1.469209655522658
2014-12-12,1.4591267312624099
2014-12-15,1.4509195481074535
2014-12-16,1.4512410186525866
2014-12-17,1.4626605464887505
2014-12-18,1.468241909066557
2014-12-19,1.4706245049732969
2014-12-22,1.4764904361979154
2014-12-23,1.4760010946637334
2014-12-24,1.4745920539626631
2014-12-26,1.4799030024844226
2014-12-29,1.484018620342368
2014-12-30,1.483026978691325
2014-12-31,1.4697827989988246
2015-01-02,1.467042169388817
2015-01-05,1.4667609763641527
2015-01-06,1.459454356059136
2015-01-07,1.4660030902266432
2015-01-08,1.4693025714526424
2015-01-09,1.4719948889984642
2015-01-12,1.4700104413381474
2015-01-13,1.473546210786661
2015-01-14,1.4688876439169047
2015-01-15,1.4647867889032284
2015-01-16,1.4678368823453791
2015-01-20,1.4742873024423124
2015-01-21,1.4709575362332905
2015-01-22,1.4830063394024962
2015-01-23,1.484257671276792
2015-01-26,1.4826205280164864
2015-01-27,1.4753342990990927
2015-01-28,1.4718318812700664
2015-01-29,1.470855487547075
2015-01-30,1.4656331736726251
2015-02-02,1.4599493282948872
2015-02-03,1.4603544395574914
2015-02-04,1.4599087497431895
2015-02-05,1.4645572818326664
2015-02-06,1.4653449138308214
2015-02-09,1.4587548595118736
2015-02-10,1.4612781692725147
2015-02-11,1.4622857308284516
2015-02-12,1.4676506896592851
2015-02-13,1.4653596216659126
2015-02-17,1.4645105772984084
2015-02-18,1.4651206452828955
2015-02-19,1.4631130588230699
2015-02-20,1.4691298418119898
2015-02-23,1.4757600297155102
2015-02-24,1.4738154966932233
2015-02-25,1.4726492419548933
2015-02-26,1.4721572009479669
2015-02-27,1.4710519061669616
2015-03-02,1.4732755514164124
2015-03-03,1.4711306514446152
2015-03-04,1.4689806645562191
2015-03-05,1.4729750419841823
2015-03-06,1.4681076330489282
2015-03-09,1.472409626938274
2015-03-10,1.4722450386805426
2015-03-11,1.4714692980371153
2015-03-12,1.4813619986066808
2015-03-13,1.484713495210859
2015-03-16,1.4897478303314995
2015-03-17,1.4960654140701632
2015-03-18,1.4934843602998047
2015-03-19,1.4980103034692085
2015-03-20,1.5055414178019322
2015-03-23,1.5025791818525072
2015-03-24,1.4983485704173016
2015-03-25,1.4907608914114694
2015-03-26,1.488638457275975
2015-03-27,1.4969763572229406
2015-03-30,1.5007007555312306
2015-03-31,1.4960147162639261
2015-04-01,1.491579654050476
2015-04-02,1.4931880783243932
2015-04-06,1.488860054945997
2015-04-07,1.4860920597529939
2015-04-08,1.4896159137846978
2015-04-09,1.4899201788423864
2015-04-10,1.4949832590629992
2015-04-13,1.499135574778696
2015-04-14,1.494073999337888
2015-04-15,1.489661973734782
2015-04-16,1.4884637651646648
2015-04-17,1.4833392933224385
2015-04-20,1.4852370209798036
2015-04-21,1.4903981729904956
2015-04-22,1.4949711505204926
2015-04-23,1.4956648254703224
2015-04-24,1.4973576288799453
2015-04-27,1.4938073666020157
2015-04-28,1.4938396263326674
2015-04-29,1.485705316533755
2015-04-30,1.4746814148201604
2015-05-01,1.483492810520057
2015-05-04,1.4870744783059515
2015-05-05,1.4830652214831779
2015-05-06,1.479344529199207
2015-05-07,1.4845148496692906
2015-05-08,1.4890159152969857
2015-05-11,1.4919057211324573
2015-05-12,1.4902834637408897
2015-05-13,1.4909358510109025
2015-05-14,1.4965973662010263
2015-05-15,1.499275062227293
2015-05-18,1.5067241728647722
2015-05-19,1.5120859897840147
2015-05-20,1.5128998140923018
2015-05-21,1.512046079403188
2015-05-22,1.5138458239858614
2015-05-26,1.511180401986988
2015-05-27,1.5149339143007956
2015-05-28,1.517409435016216
2015-05-29,1.5168331171147145
2015-06-01,1.520234275585183
2015-06-02,1.5174516414980634
2015-06-03,1.5189540996306699
2015-06-04,1.5167232811647222
2015-06-05,1.5156634333593495
2015-06-08,1.5146186534793273
2015-06-09,1.509830839785148
2015-06-10,1.5128548135242033
2015-06-11,1.520968230487453
2015-06-12,1.5219650374120557
2015-06-15,1.5214233385964173
2015-06-16,1.5219518385522872
2015-06-17,1.5244153337522703
2015-06-18,1.533933200128139
2015-06-19,1.5392426671907526
2015-06-22,1.5410743199228163
2015-06-23,1.5383759098840488
2015-06-24,1.5368598993750329
2015-06-25,1.537440989317196
2015-06-26,1.5399398402241709
2015-06-29,1.5299824387847443
2015-06-30,1.5289308541303883
2015-07-01,1.5404578412869463
2015-07-02,1.5402454097746383
2015-07-06,1.547361028260692
2015-07-07,1.543985965824179
2015-07-08,1.5416139353782143
2015-07-09,1.5388391228537668
2015-07-10,1.549044085108922
2015-07-13,1.5574028318623747
2015-07-14,1.557227210504674
2015-07-15,1.5626619962131567
2015-07-16,1.570067552437994
2015-07-17,1.5766304682072212
2015-07-20,1.5840010392146493
2015-07-21,1.5809090045455136
2015-07-22,1.5887689260475473
2015-07-23,1.5813823196633838
2015-07-24,1.576324100425633
2015-07-27,1.5775580002336655
2015-07-28,1.5765676233829062
2015-07-29,1.5765939146426748
2015-07-30,1.5818182309284252
2015-07-31,1.587039051198405
2015-08-03,1.593029079774045
2015-08-04,1.5948269787562244
2015-08-05,1.60488934586791
2015-08-06,1.5919804702182354
2015-08-07,1.5909936385803705
2015-08-10,1.5876548946535172
2015-08-11,1.5857937427541393
2015-08-12,1.5771672256350162
2015-08-13,1.5829607698803896
2015-08-14,1.5858349989314535
2015-08-17,1.590632399403123
2015-08-18,1.5914757188059774
2015-08-19,1.5888981804366387
2015-08-20,1.5774280629314978
2015-08-21,1.5687328837807177
2015-08-24,1.5423933433031185
2015-08-25,1.5355516958381585
2015-08-26,1.5483776696584826
2015-08-27,1.5442366738877145
2015-08-28,1.5409386359569361
2015-08-31,1.5282935072906005
2015-09-01,1.5207716928871382
2015-09-02,1.5281694571767495
2015-09-03,1.526455834339368
2015-09-04,1.5229773604132988
2015-09-08,1.5367725131939365
2015-09-09,1.5324451573126168
2015-09-10,1.534163518951643
2015-09-11,1.536248418333464
2015-09-14,1.538272965749456
2015-09-15,1.542694853693079
2015-09-16,1.54526449341334
2015-09-17,1.5490986784448673
2015-09-18,1.545486988334603
2015-09-21,1.5474516126732452
2015-09-22,1.5440639747010176
2015-09-23,1.5486724370897522
2015-09-24,1.5438470583837964
2015-09-25,1.5428273435710187
2015-09-28,1.5356804758859253
2015-09-29,1.5394903554109742
2015-09-30,1.5428556118535657
2015-10-01,1.5468925807092202
2015-10-02,1.5461915210488097
2015-10-05,1.5499065974979782
2015-10-06,1.5360883980432267
2015-10-07,1.5402434884152532
2015-10-08,1.5401586234904883
2015-10-09,1.5430732756329841
2015-10-12,1.5561042593607932
2015-10-13,1.5506612845365388
2015-10-14,1.542915515191103
2015-10-15,1.5485617012963062
2015-10-16,1.5523186610538573
2015-10-19,1.557416779108481
2015-10-20,1.5527828367339356
2015-10-21,1.5552280777030043
2015-10-22,1.5650169542005565
2015-10-23,1.576212150578227
2015-10-26,1.5852551266300123
2015-10-27,1.5906722584477675
2015-10-28,1.595754039019986
2015-10-29,1.593941544995484
2015-10-30,1.5888932801075568
2015-11-02,1.5924416249904014
2015-11-03,1.5872429772903398
2015-11-04,1.5892031636529795
2015-11-05,1.5916539045672295
2015-11-06,1.5925766942810258
2015-11-09,1.5869908696908819
2015-11-10,1.5918883370571473
2015-11-11,1.5991872965283644
2015-11-12,1.5966204407164342
2015-11-13,1.5877049230955937
2015-11-16,1.5867556112539356
2015-11-17,1.591899042353062
2015-11-18,1.6004418595910945
2015-11-19,1.601886641568993
2015-11-20,1.6092032051746725
2015-11-23,1.607613787688642
2015-11-24,1.6027099625015424
2015-11-25,1.6037861602623675
2015-11-27,1.60843626313352
2015-11-30,1.6039778016026784
2015-12-01,1.6104968057431175
2015-12-02,1.6126520230506598
2015-12-03,1.6000250974040546
2015-12-04,1.6122809676000407
2015-12-07,1.614541234452322
2015-12-08,1.6119308037607794
2015-12-09,1.599914823683852
2015-12-10,1.5961522930327188
2015-12-11,1.5907629254898612
2015-12-14,1.5893562171754956
2015-12-15,1.596880131311094
2015-12-16,1.611786369350253
2015-12-17,1.6151282897278936
2015-12-18,1.6047442588199399
2015-12-21,1.6062695159006053
2015-12-22,1.611381697631549
2015-12-23,1.6074779308194131
2015-12-24,1.6112781386997899
2015-12-28,1.61540971310037
2015-12-29,1.6194954772674586
2015-12-30,1.6218782902107562
2015-12-31,1.6061382071023613
2016-01-04,1.588757879934274
2016-01-05,1.5924550786987235
2016-01-06,1.5870829959895878
2016-01-07,1.579092921457
2016-01-08,1.5714321536696607
2016-01-11,1.5756660693798477
2016-01-12,1.5806156796194462
2016-01-13,1.5721142805094512
2016-01-14,1.5662225257286146
2016-01-15,1.565615816526178
2016-01-19,1.5667681954791508
2016-01-20,1.5704557187845243
2016-01-21,1.558595997550352
2016-01-22,1.5672820461544819
2016-01-25,1.565424757270827
2016-01-26,1.5655505003941088
2016-01-27,1.5612308993933124
2016-01-28,1.558930904554388
2016-01-29,1.570340785314826
2016-02-01,1.577943127920367
2016-02-02,1.5723038753727479
2016-02-03,1.5670423285175177
2016-02-04,1.5614868567519682
2016-02-05,1.556403810717862
2016-02-08,1.5511939359843656
2016-02-09,1.5552427038653174
2016-02-10,1.5516361090972701
2016-02-11,1.5501873119501022
2016-02-12,1.552315618148357
2016-02-16,1.5614797731979597
2016-02-17,1.565728741602453
2016-02-18,1.5621023587030993
2016-02-19,1.5636168808304292
2016-02-22,1.5674082389707966
2016-02-23,1.5707414984318948
2016-02-24,1.5724050614931455
2016-02-25,1.5843519747807182
2016-02-26,1.5826129197663419
2016-02-29,1.5779028216374313
2016-03-01,1.5803776462157562
2016-03-02,1.5856320590671846
2016-03-03,1.582147361119272
2016-03-04,1.5777530405483824
2016-03-07,1.5626248998396695
2016-03-08,1.5636553788805998
2016-03-09,1.5603550586516992
2016-03-10,1.5558798612765805
2016-03-11,1.5651281643995891
2016-03-14,1.5693787630937996
2016-03-15,1.5724655601243425
2016-03-16,1.576141052186375
2016-03-17,1.5805252838871189
2016-03-18,1.5868661729229077
2016-03-21,1.5863122112128607
2016-03-22,1.588154250664674
2016-03-23,1.5868035331236716
2016-03-24,1.582750345718296
2016-03-28,1.5818680371451843
2016-03-29,1.5953279728354268
2016-03-30,1.5985985431553176
2016-03-31,1.594399973420215
2016-04-01,1.5974062737342463
2016-04-04,1.5930691145213696
2016-04-05,1.5906618552618605
2016-04-06,1.585706537906848
2016-04-07,1.5846723717002964
2016-04-08,1.5818031991086672
2016-04-11,1.5805389787024537
2016-04-12,1.578026559355203
2016-04-13,1.5832751911877958
2016-04-14,1.5865206655451758
2016-04-15,1.5885570033952814
2016-04-18,1.588886943147054
2016-04-19,1.5876407644663573
2016-04-20,1.583654407371998
2016-04-21,1.5793178971267348
2016-04-22,1.5746522479771612
2016-04-25,1.5763259956460218
2016-04-26,1.5770888267384673
2016-04-27,1.5733094953128823
2016-04-28,1.5701203783011417
2016-04-29,1.567140652301763
2016-05-02,1.5729663211058362
2016-05-03,1.5774486486045651
2016-05-04,1.5769991946225328
2016-05-05,1.5796505766856015
2016-05-06,1.578620863961583
2016-05-09,1.585165920064084
2016-05-10,1.5851856652739411
2016-05-11,1.5844737064882943
2016-05-12,1.586253135052803
2016-05-13,1.5828178135061801
2016-05-16,1.5784966051673526
2016-05-17,1.5712663439084489
2016-05-18,1.5771209424613795
2016-05-19,1.5765727027578607
2016-05-20,1.577418884239377
2016-05-23,1.5782984123419912
2016-05-24,1.5847593359044874
2016-05-25,1.580309631285291
2016-05-26,1.581857082998564
2016-05-27,1.58534321787173
2016-05-31,1.5805781541529091
2016-06-01,1.580027795237368
2016-06-02,1.5795002397629834
2016-06-03,1.575639267749027
2016-06-06,1.5693128753127243
2016-06-07,1.56726097298014
2016-06-08,1.5689766173762831
2016-06-09,1.5698771900197142
2016-06-10,1.5721631404314516
2016-06-13,1.5654147910969063
2016-06-14,1.564878413672915
2016-06-15,1.560118533978849
2016-06-16,1.5609811076220417
2016-06-17,1.5552383073394072
2016-06-20,1.5566193462139768
2016-06-21,1.5577590790539073
2016-06-22,1.5588678258488209
2016-06-23,1.563508910710234
2016-06-24,1.5533882312265945
2016-06-27,1.5431275949795282
2016-06-28,1.5391437029901747
2016-06-29,1.5480734592140641
2016-06-30,1.5624205368179294
2016-07-01,1.558410998832134
2016-07-05,1.5647851655226617
2016-07-06,1.5653222132396887
2016-07-07,1.5655329776866056
2016-07-08,1.5708147685546154
2016-07-11,1.5773211581328412
2016-07-12,1.5719183719852503
2016-07-13,1.578933063754067
2016-07-14,1.5801201655238366
2016-07-15,1.5869068832042283
2016-07-18,1.5852294365133437
2016-07-19,1.5879587074500545
2016-07-20,1.5854023812722093
2016-07-21,1.5883534189669812
2016-07-22,1.5929612763014966
2016-07-25,1.5974199740907318
2016-07-26,1.5975311000530925
2016-07-27,1.5957931539336783
2016-07-28,1.5948099946136067
2016-07-29,1.5895247784855226
2016-08-01,1.5926600847909815
2016-08-02,1.5918304566279573
2016-08-03,1.5860133776001917
2016-08-04,1.5885187647093848
2016-08-05,1.5944855052241866
2016-08-08,1.5922550454941162
2016-08-09,1.5946407513787348
2016-08-10,1.5979533353003177
2016-08-11,1.5938691066668982
2016-08-12,1.5944794449073825
2016-08-15,1.5930135299338852
2016-08-16,1.591004077755581
2016-08-17,1.5893023064163359
2016-08-18,1.5866900631506156
2016-08-19,1.5859937349771704
2016-08-22,1.5890914405120475
2016-08-23,1.5908011945366765
2016-08-24,1.597165187983192
2016-08-25,1.5985671738044183
2016-08-26,1.5911654590483462
2016-08-29,1.5915671257577597
2016-08-30,1.58916958544551
2016-08-31,1.5870818960322037
2016-09-01,1.5895969910677472
2016-09-02,1.591191544486939
2016-09-06,1.5902568648299042
2016-09-07,1.592074810604236
2016-09-08,1.5826260333645505
2016-09-09,1.5768746779611558
2016-09-12,1.5692755553772182
2016-09-13,1.5703347982384825
2016-09-14,1.566401671822846
2016-09-15,1.566671403512257
2016-09-16,1.5680526939098236
2016-09-19,1.5702833563350667
2016-09-20,1.5681358574694269
2016-09-21,1.5682959863245816
2016-09-22,1.5784415447815083
2016-09-23,1.5797088073042347
2016-09-26,1.569934991682806
2016-09-27,1.5692505596974367
2016-09-28,1.5665508020717556
2016-09-29,1.5626148987915824
2016-09-30,1.5564714420743169
2016-10-03,1.5552646704282669
2016-10-04,1.5547558503921413
2016-10-05,1.5538520923941357
2016-10-06,1.557117982171219
2016-10-07,1.5571303731685389
2016-10-10,1.5584809672692608
2016-10-11,1.5559563996537187
2016-10-12,1.5510669997888773
2016-10-13,1.5492752883284089
2016-10-14,1.5589912985450303
2016-10-17,1.557878749325193
2016-10-18,1.5556636549179754
2016-10-19,1.5596649828206257
2016-10-20,1.5542728094233602
2016-10-21,1.5546239327558964
2016-10-24,1.5581136128902435
2016-10-25,1.5602047437167064
2016-10-26,1.5561318012950054
2016-10-27,1.5570404855126796
2016-10-28,1.5591205319801749
2016-10-31,1.5689538676301993
2016-11-01,1.5628099206972292
2016-11-02,1.5588242515018558
2016-11-03,1.5657545746771522
2016-11-04,1.560195730364807
2016-11-07,1.5669411175821715
2016-11-08,1.5788092433221217
2016-11-09,1.5889694547989799
2016-11-10,1.5968147486826803
2016-11-11,1.6038921181465913
2016-11-14,1.6078591720291109
2016-11-15,1.6091506139926952
2016-11-16,1.6133885780584212
2016-11-17,1.6130932390241521
2016-11-18,1.6165146575968725
2016-11-21,1.6198899043296435
2016-11-22,1.6308347813227997
2016-11-23,1.6324208030643585
2016-11-25,1.6331934392709548
2016-11-28,1.632750515151161
2016-11-29,1.6384004964674692
2016-11-30,1.6367600757628669
2016-12-01,1.6356801748264318
2016-12-02,1.6352137433834903
2016-12-05,1.6392977403980757
2016-12-06,1.6435146747155922
2016-12-07,1.650297358873096
2016-12-08,1.6680116529007714
2016-12-09,1.6651186571200898
2016-12-12,1.6621581749796308
2016-12-13,1.661048486296312
2016-12-14,1.6605615647647618
2016-12-15,1.6616829987498343
2016-12-16,1.6619990194960816
2016-12-19,1.6634254578611842
2016-12-20,1.666185694012365
2016-12-21,1.6697585937401789
2016-12-22,1.6670801771850443
2016-12-23,1.6624913864095128
2016-12-27,1.6649966682046893
2016-12-28,1.666938489443195
2016-12-29,1.6677302721291611
2016-12-30,1.6622187943929008
2017-01-03,1.6579486163358048
2017-01-04,1.6593947224375292
2017-01-05,1.6585346917589785
2017-01-06,1.6575918117485022
2017-01-09,1.6514647350259362
2017-01-10,1.6569822911209497
2017-01-11,1.6615932787567418
2017-01-12,1.6593328507536398
2017-01-13,1.661874514079842
2017-01-17,1.6612418969001868
2017-01-18,1.6624852351654544
2017-01-19,1.6615990587090095
2017-01-20,1.6646086753789646
2017-01-23,1.6663196921088195
2017-01-24,1.6736726080417963
2017-01-25,1.6754470533209083
2017-01-26,1.6799066856911362
2017-01-27,1.6761964844865869
2017-01-30,1.6715416839165442
2017-01-31,1.668538908272684
2017-02-01,1.6685941937844906
2017-02-02,1.667096774694461
2017-02-03,1.6734848690607578
2017-02-06,1.667875625021697
2017-02-07,1.67101977249545
2017-02-08,1.666575435120719
2017-02-09,1.6663961022167417
2017-02-10,1.6686562344413152
2017-02-13,1.6731183434477317
2017-02-14,1.6726147631096548
2017-02-15,1.674240941105948
2017-02-16,1.6743247649784687
2017-02-17,1.6733795596365204
2017-02-21,1.6783916092833127
2017-02-22,1.684927564184361
2017-02-23,1.6813378623295347
2017-02-24,1.6741682934737012
2017-02-27,1.6718236620198386
2017-02-28,1.6744091054326602
2017-03-01,1.6772920238106308
2017-03-02,1.6776170381845985
2017-03-03,1.6807186335350162
2017-03-06,1.6776914585884652
2017-03-07,1.6796431902287732
2017-03-08,1.672767855986867
2017-03-09,1.6689922713190832
2017-03-10,1.6706667750558029
2017-03-13,1.6722012053582926
2017-03-14,1.672928998209641
2017-03-15,1.6764767364837776
2017-03-16,1.6822984432951795
2017-03-17,1.6825339861935795
2017-03-20,1.6752856969881944
2017-03-21,1.6682431281085246
2017-03-22,1.66566156342213
2017-03-23,1.6669379846903234
2017-03-24,1.6680529150744172
2017-03-27,1.66519846860507
2017-03-28,1.6675561001497978
2017-03-29,1.6687362232538159
2017-03-30,1.6711254539338676
2017-03-31,1.6691305431116248
2017-04-03,1.6663833085147584
2017-04-04,1.6683851192161574
2017-04-05,1.6663916795753875
2017-04-06,1.6634624396098356
2017-04-07,1.6675657299856452
2017-04-10,1.6657726173809764
2017-04-11,1.667315451189349
2017-04-12,1.6624338516000827
2017-04-13,1.6608200439255056
2017-04-17,1.6637572603223372
2017-04-18,1.6636440693994403
2017-04-19,1.66336706347027
2017-04-20,1.6699012618506734
2017-04-21,1.6713087620710734
2017-04-24,1.6745528460372225
2017-04-25,1.67736268585566
2017-04-26,1.679799231946305
2017-04-27,1.679756274424552
2017-04-28,1.6795168728924748
2017-05-01,1.686791305633984
2017-05-02,1.6862528747643464
2017-05-03,1.6820106572052684
2017-05-04,1.6853651154971419
2017-05-05,1.689760776187597
2017-05-08,1.6912170352950446
2017-05-09,1.6879503185033071
2017-05-10,1.6920472349572797
2017-05-11,1.6879562864578785
2017-05-12,1.683772144804728
2017-05-15,1.681328116699668
2017-05-16,1.6858280614706076
2017-05-17,1.678311951814639
2017-05-18,1.6773086054567767
2017-05-19,1.6809358062722002
2017-05-22,1.6828490412701496
2017-05-23,1.6850320693839167
2017-05-24,1.6861500930621016
2017-05-25,1.685080985869766
2017-05-26,1.686972529055978
2017-05-30,1.6844881156992324
2017-05-31,1.6869850261653268
2017-06-01,1.6887128102817295
2017-06-02,1.6932582118877635
2017-06-05,1.6926912463718236
2017-06-06,1.691696390503849
2017-06-07,1.6906414344243874
2017-06-08,1.699364066578354
2017-06-09,1.6989174231789155
2017-06-12,1.6997822412624761
2017-06-13,1.7009715504912857
2017-06-14,1.705115060992613
2017-06-15,1.705590192649675
2017-06-16,1.7057320420559285
2017-06-19,1.6998973755606284
2017-06-20,1.7040180918525123
2017-06-21,1.7003829640072183
2017-06-22,1.6921163735523903
2017-06-23,1.699153930480832
2017-06-26,1.6945147623024228
2017-06-27,1.6963622360670723
2017-06-28,1.6995557014263345
2017-06-29,1.702910455292401
2017-06-30,1.696630331863868
2017-07-03,1.6958703270431268
2017-07-05,1.704179186256966
2017-07-06,1.708084111575288
2017-07-07,1.710447060234722
2017-07-10,1.713184359970939
2017-07-11,1.7140903137539953
2017-07-12,1.7160859533941397
2017-07-13,1.714246555056588
2017-07-14,1.712633670855095
2017-07-17,1.713425933098724
2017-07-18,1.7172278262325482
2017-07-19,1.7156395110594371
2017-07-20,1.7157603411162345
2017-07-21,1.71460378801315
2017-07-24,1.7173497055346196
2017-07-25,1.7167138441857905
2017-07-26,1.7154456891902894
2017-07-27,1.712751363691782
2017-07-28,1.7142900123497653
2017-07-31,1.7172713318355142
2017-08-01,1.7173573688527413
2017-08-02,1.7178677453976663
2017-08-03,1.7181121376403692
2017-08-04,1.715064120395485
2017-08-07,1.718406938403913
2017-08-08,1.723448203125988
2017-08-09,1.7255762616009436
2017-08-10,1.7167716497608174
2017-08-11,1.712278859144233
2017-08-14,1.720762196222038
2017-08-15,1.729007587238638
2017-08-16,1.7269409466560284
2017-08-17,1.7230797235215045
2017-08-18,1.7093519092927882
2017-08-21,1.702257995725665
2017-08-22,1.7063056739181373
2017-08-23,1.7083631054596295
2017-08-24,1.7077284025757846
2017-08-25,1.7047988793662927
2017-08-28,1.7081439300452486
2017-08-29,1.7088346985146603
2017-08-30,1.7119849876166375
2017-08-31,1.7154890081863046
2017-09-01,1.7199202334890176
2017-09-05,1.715007611213994
2017-09-06,1.7078937997081443
2017-09-07,1.707590004346225
2017-09-08,1.7086396421009122
2017-09-11,1.7095057958620887
2017-09-12,1.7146738691205257
2017-09-13,1.7159193985210373
2017-09-14,1.7157043250939286
2017-09-15,1.7195815370399865
2017-09-18,1.718206306624654
2017-09-19,1.7253783855189782
2017-09-20,1.7287451318680116
2017-09-21,1.7292884642258155
2017-09-22,1.732855908608193
2017-09-25,1.7304497073874663
2017-09-26,1.7326330389009847
2017-09-27,1.7400797297286554
2017-09-28,1.7524229374088216
2017-09-29,1.7515176236010932
2017-10-02,1.7561086603071396
2017-10-03,1.7532024563477242
2017-10-04,1.7549233742440635
2017-10-05,1.760101047263706
2017-10-06,1.76507445829032
2017-10-09,1.7643260599430226
2017-10-10,1.7652883406930373
2017-10-11,1.7634475575483806
2017-10-12,1.7638458267276838
2017-10-13,1.7628552191324418
2017-10-16,1.7586568120241588
2017-10-17,1.7601879568569507
2017-10-18,1.765619238363381
2017-10-19,1.766825262098993
2017-10-20,1.7682656683184368
2017-10-23,1.7698569914161235
2017-10-24,1.7728168390602532
2017-10-25,1.7741572993587318
2017-10-26,1.7750760498061686
2017-10-27,1.7722644502299307
2017-10-30,1.7671213222475886
2017-10-31,1.7661657779823665
2017-11-01,1.7690559192217774
2017-11-02,1.763085552353969
2017-11-03,1.7571707550296312
2017-11-06,1.7528909842824414
2017-11-07,1.7451629043086427
2017-11-08,1.746009060609414
2017-11-09,1.7397962030611298
2017-11-10,1.7400001479381157
2017-11-13,1.737896348566757
2017-11-14,1.7474739754060855
2017-11-15,1.7482463209250656
2017-11-16,1.7529683257550555
2017-11-17,1.7459841694903775
2017-11-20,1.7492518777420267
2017-11-21,1.7572107342322578
2017-11-22,1.7550033460007346
2017-11-24,1.7575009877996732
2017-11-27,1.7587447520348616
2017-11-28,1.765813066910986
2017-11-29,1.7696222905602477
2017-11-30,1.767430935110124
2017-12-01,1.7673318956231445
2017-12-04,1.7676977484831777
2017-12-05,1.7691852622342907
2017-12-06,1.7734511009731502
2017-12-07,1.7754034417790074
2017-12-08,1.7714167474004034
2017-12-11,1.7688199411268337
2017-12-12,1.7736465525419916
2017-12-13,1.7755538025508093
2017-12-14,1.772500235431452
2017-12-15,1.7843016907578135
2017-12-18,1.7841692120640802
2017-12-19,1.7865080961416426
2017-12-20,1.7800775674616016
2017-12-21,1.7806743667610438
2017-12-22,1.777279490200105
2017-12-26,1.7736072584598896
2017-12-27,1.7795797613766677
2017-12-28,1.780633454524373
2017-12-29,1.7795880667909045
2018-01-02,1.7750796411097096
2018-01-03,1.7699807566718933
2018-01-04,1.7709622274557975
2018-01-05,1.776964332782139
2018-01-08,1.7777237264887817
2018-01-09,1.7797894603871613
2018-01-10,1.77609259913161
2018-01-11,1.7803657225543337
2018-01-12,1.7848803640651174
2018-01-16,1.7850904299928843
2018-01-17,1.7918686913411446
2018-01-18,1.7931551787388003
2018-01-19,1.7978017343234054
2018-01-22,1.7975093127219333
2018-01-23,1.7983244798120377
2018-01-24,1.7960756024033828
2018-01-25,1.7973358865813978
2018-01-26,1.8019225875712341
2018-01-29,1.7997876647796693
2018-01-30,1.7927057736194936
2018-01-31,1.7919318732635148
2018-02-01,1.7956245960657367
2018-02-02,1.795860323967445
2018-02-05,1.768814613428918
2018-02-06,1.7668933894656562
2018-02-07,1.769785340783936
2018-02-08,1.7559128765530878
2018-02-09,1.7587606507927596
2018-02-12,1.7675369872694844
2018-02-13,1.7678068925375954
2018-02-14,1.774159750644304
2018-02-15,1.7778560341215588
2018-02-16,1.781263116011487
2018-02-20,1.7767743670874647
2018-02-21,1.7732066019439756
2018-02-22,1.7734291326143532
2018-02-23,1.776512060460413
2018-02-26,1.781716453252761
2018-02-27,1.770987444511463
2018-02-28,1.769355927688256
2018-03-01,1.7656115507301062
2018-03-02,1.7693747999111151
2018-03-05,1.7716025961027502
2018-03-06,1.7720774905793246
2018-03-07,1.7747307223741673
2018-03-08,1.7761695132431765
2018-03-09,1.7839499964743901
2018-03-12,1.7909038286190484
2018-03-13,1.7917427347921044
2018-03-14,1.7872767867990085
2018-03-15,1.7900425528101287
2018-03-16,1.789540990285874
2018-03-19,1.787128468937112
2018-03-20,1.789087042734855
2018-03-21,1.7928764700645212
2018-03-22,1.782616899051087
2018-03-23,1.7695885893321133
2018-03-26,1.7775669354335375
2018-03-27,1.7759094816954992
2018-03-28,1.7745654147924033
2018-03-29,1.7767727699965774
2018-04-02,1.7680254837591645
2018-04-03,1.7690198858329989
2018-04-04,1.7717345348308462
2018-04-05,1.7786454975676576
2018-04-06,1.7699357000458487
2018-04-09,1.7650979833926919
2018-04-10,1.7760329946144138
2018-04-11,1.774619013641351
2018-04-12,1.7758695458274354
2018-04-13,1.7739774944085733
2018-04-16,1.7788275827825395
2018-04-17,1.7835350056574022
2018-04-18,1.7838612706962194
2018-04-19,1.7867795695642898
2018-04-20,1.7847363331875916
2018-04-23,1.7820219816941512
2018-04-24,1.7742454031362347
2018-04-25,1.7668380467143803
2018-04-26,1.7695159076844444
2018-04-27,1.7698233379986852
2018-04-30,1.7665617691464885
2018-05-01,1.7700858187191038
2018-05-02,1.762913565024573
2018-05-03,1.755974037086645
2018-05-04,1.7622152440784502
2018-05-07,1.769747262886726
2018-05-08,1.776265178039351
2018-05-09,1.7748439603000457
2018-05-10,1.7794598863386706
2018-05-11,1.7817555769909914
2018-05-14,1.781225250468621
2018-05-15,1.7831162615710787
2018-05-16,1.784055110966243
2018-05-17,1.7916406428371525
2018-05-18,1.7899752204982242
2018-05-21,1.7913860239540915
2018-05-22,1.7920655353100288
2018-05-23,1.7934422762009412
2018-05-24,1.7977955658191274
2018-05-25,1.7928258136559743
2018-05-29,1.7865158838723634
2018-05-30,1.7941811882509247
2018-05-31,1.795697047799443
2018-06-01,1.7971060440814446
2018-06-04,1.8024088451633604
2018-06-05,1.8033675786008525
2018-06-06,1.7984808713073175
2018-06-07,1.7994441369610699
2018-06-08,1.7992029539289989
2018-06-11,1.7971948010126573
2018-06-12,1.7951503545041607
2018-06-13,1.79377408611892
2018-06-14,1.788536112846616
2018-06-15,1.7853891866244536
2018-06-18,1.7869493349816576
2018-06-19,1.7859540471773356
2018-06-20,1.7868844133447928
2018-06-21,1.7848464353139035
2018-06-22,1.789634380708387
2018-06-25,1.7836699027339464
2018-06-26,1.7864644456458443
2018-06-27,1.7809005408256215
2018-06-28,1.7847120541558343
2018-06-29,1.78056016401949
2018-07-02,1.783745378101735
2018-07-03,1.7836707951054727
2018-07-05,1.7901977846590758
2018-07-06,1.796971034519689
2018-07-09,1.8069961011022186
2018-07-10,1.805368595920484
2018-07-11,1.805243418558398
2018-07-12,1.807748378843646
2018-07-13,1.807850269650225
2018-07-16,1.8089865263632259
2018-07-17,1.8079431357040792
2018-07-18,1.8084491213158467
2018-07-19,1.8062486292380011
2018-07-20,1.808004906430798
2018-07-23,1.8134463485676475
2018-07-24,1.8137344156512443
2018-07-25,1.818777202324039
2018-07-26,1.818146356273957
2018-07-27,1.809076169591298
2018-07-30,1.7971858718860778
2018-07-31,1.796069864148324
2018-08-01,1.8052283442529418
2018-08-02,1.8108810518794847
2018-08-03,1.811621536796646
2018-08-06,1.8133926461716643
2018-08-07,1.8167764267711397
2018-08-08,1.8116834115172642
2018-08-09,1.8080008773180292
2018-08-10,1.8092434786128857
2018-08-13,1.8043268845633262
2018-08-14,1.8035369949441922
2018-08-15,1.8039861346293196
2018-08-16,1.8068480936703941
2018-08-17,1.8118280522605805
2018-08-20,1.809739272734067
2018-08-21,1.8119042797480058
2018-08-22,1.8098998112042155
2018-08-23,1.8111810370581438
2018-08-24,1.817749869535062
2018-08-27,1.8218791710279305
2018-08-28,1.82509685030557
2018-08-29,1.8265616358200858
2018-08-30,1.8287681176036614
2018-08-31,1.8265138180250085
2018-09-04,1.8266077781475933
2018-09-05,1.82656245911642
2018-09-06,1.8250472285226524
2018-09-07,1.8238249890186242
2018-09-10,1.826647402541537
2018-09-11,1.817972442492979
2018-09-12,1.8197717402346139
2018-09-13,1.820332526726079
2018-09-14,1.8198878581736195
2018-09-17,1.8130722992846706
2018-09-18,1.809295306101772
2018-09-19,1.8091099422582224
2018-09-20,1.809460509854148
2018-09-21,1.8065762207442302
2018-09-24,1.781627714645892
2018-09-25,1.7834572845341188
2018-09-26,1.7812303551793358
2018-09-27,1.7821973581579988
2018-09-28,1.7840507083600072
2018-10-01,1.7873241897239733
2018-10-02,1.7873612568356707
2018-10-03,1.7875225786222408
2018-10-04,1.7811681850160184
2018-10-05,1.7786175460610885
2018-10-08,1.7824249153030127
2018-10-09,1.7766569615533314
2018-10-10,1.757821512802329
2018-10-11,1.7420368698625195
2018-10-12,1.745132096507779
2018-10-15,1.7464957759972743
2018-10-16,1.7570167888289128
2018-10-17,1.7570460417131895
2018-10-18,1.7521020410473511
2018-10-19,1.7457344146815932
2018-10-22,1.7471280612746227
2018-10-23,1.7423569754206851
2018-10-24,1.726108965616662
2018-10-25,1.7350231553103963
2018-10-26,1.7327892939057807
2018-10-29,1.726310518351033
2018-10-30,1.7302158854614418
2018-10-31,1.7489284562542902
2018-11-01,1.7485600666192145
2018-11-02,1.7434019678574262
2018-11-05,1.7457515812565074
2018-11-06,1.7498404242842784
2018-11-07,1.7597166462411649
2018-11-08,1.7625139364380011
2018-11-09,1.7627685450192339
2018-11-12,1.7538687317497779
2018-11-13,1.7505651911711602
2018-11-14,1.7496752143562648
2018-11-15,1.7490464936357664
2018-11-16,1.7494824781927132
2018-11-19,1.741809529594376
2018-11-20,1.7389728101350432
2018-11-21,1.7396402441194536
2018-11-23,1.7398737358493954
2018-11-26,1.7452721766723331
2018-11-27,1.7519132225650806
2018-11-28,1.7666538250865438
2018-11-29,1.769175848446606
2018-11-30,1.771934212518632
2018-12-03,1.7803429717490948
2018-12-04,1.7601563416098496
2018-12-06,1.7659257817120608
2018-12-07,1.7671182536956536
2018-12-10,1.764875325718366
2018-12-11,1.7712548146292153
2018-12-12,1.7798330722228966
2018-12-13,1.7790744744445475
2018-12-14,1.7703103453935207
2018-12-17,1.7650676349849186
2018-12-18,1.766998594432083
2018-12-19,1.7526106102861947
2018-12-20,1.7399716822974711
2018-12-21,1.736600946273406
2018-12-24,1.7171423218626818
2018-12-26,1.7409644443707193
2018-12-27,1.7533356626603607
2018-12-28,1.753173499798442
2018-12-31,1.745210806896822
2019-01-02,1.7423867730752993
2019-01-03,1.7342124259263483
2019-01-04,1.7525130687051964
2019-01-07,1.7588218847084
2019-01-08,1.7657742650751693
2019-01-09,1.7636616722916207
2019-01-10,1.768236448032866
2019-01-11,1.7644227953037284
2019-01-14,1.7608173914488134
2019-01-15,1.7640259410030485
2019-01-16,1.770783276842651
2019-01-17,1.7767057173213983
2019-01-18,1.7714936404071187
2019-01-22,1.7703486838630589
2019-01-23,1.7709447590416438
2019-01-24,1.7755128661373167
2019-01-25,1.7828852104907726
2019-01-28,1.78127315223919
2019-01-29,1.7831333301754808
2019-01-30,1.7888760773203014
2019-01-31,1.7957730716707654
2019-02-01,1.7989603132991592
2019-02-04,1.7971759909015739
2019-02-05,1.7944078910942203
2019-02-06,1.7927599288957756
2019-02-07,1.7942692672498892
2019-02-08,1.796439697448501
2019-02-11,1.7979596125269586
2019-02-12,1.8016655891224478
2019-02-13,1.7996995709085783
2019-02-14,1.7945387609216146
2019-02-15,1.7985237182585776
2019-02-19,1.8002824556204
2019-02-20,1.8025163854117996
2019-02-21,1.806152100100038
2019-02-22,1.8042813291575324
2019-02-25,1.8037519694189226
2019-02-26,1.80695394330458
2019-02-27,1.8071368342869545
2019-02-28,1.80174816363973
2019-03-01,1.8030235834649306
2019-03-04,1.8051245279311439
2019-03-05,1.8029622785837753
2019-03-06,1.799560078279585
2019-03-07,1.799115044583623
2019-03-08,1.794773855088736
2019-03-11,1.8039831390628611
2019-03-12,1.8062445966248584
2019-03-13,1.8179589742991689
2019-03-14,1.8222842234818126
2019-03-15,1.825044031074626
2019-03-18,1.8315392901746428
2019-03-19,1.8244545344283
2019-03-20,1.8183617352011745
2019-03-21,1.8229607514341262
2019-03-22,1.8150260958685984
2019-03-25,1.8173837762503922
2019-03-26,1.8211122281807448
2019-03-27,1.822025100529097
2019-03-28,1.8250141072496366
2019-03-29,1.8245971265037555
2019-04-01,1.8288545341963662
2019-04-02,1.8265209161572633
2019-04-03,1.829088365486194
2019-04-04,1.829054500024811
2019-04-05,1.8308726381509088
2019-04-08,1.8283193467312686
2019-04-09,1.8248035299389012
2019-04-10,1.8307138698762686
2019-04-11,1.8346532259686281
2019-04-12,1.8410147307281912
2019-04-15,1.8408753260853403
2019-04-16,1.8379807018395198
2019-04-17,1.8345786806842
2019-04-18,1.838941547352692
2019-04-22,1.8375077135827729
2019-04-23,1.8433930208563967
2019-04-24,1.8447502181315718
2019-04-25,1.8439726994163819
2019-04-26,1.852621315551743
2019-04-29,1.8564245006489544
2019-04-30,1.860400732006144
2019-05-01,1.8569637354164867
2019-05-02,1.8622881347732587
2019-05-03,1.8700951256884708
2019-05-06,1.8739049579946412
2019-05-07,1.8677231590565153
2019-05-08,1.8608157666441936
2019-05-09,1.8575244516999756
2019-05-10,1.8760158987504019
2019-05-13,1.873144120173029
2019-05-14,1.8736344579925404
2019-05-15,1.875692952954199
2019-05-16,1.886854360477397
2019-05-17,1.886702888329058
2019-05-20,1.8866251172540682
2019-05-21,1.891075902343387
2019-05-22,1.8925136812820471
2019-05-23,1.8908356857552173
2019-05-24,1.8903783687104938
2019-05-28,1.8925661539234153
2019-05-29,1.8863938970484908
2019-05-30,1.8856907074719662
2019-05-31,1.8805852088508719
2019-06-03,1.8755137436790497
2019-06-04,1.879956188611303
2019-06-05,1.8923891183639197
2019-06-06,1.8914805009160887
2019-06-07,1.8879494005057609
2019-06-10,1.90140218872975
2019-06-11,1.9133866075909212
2019-06-12,1.9005243428329368
2019-06-13,1.8980263676798972
2019-06-14,1.904175910246746
2019-06-17,1.9056004690891108
2019-06-18,1.9098210941728797
2019-06-19,1.9179404462235876
2019-06-20,1.918741572110258
2019-06-21,1.9128013209470773
2019-06-24,1.9148382678790565
2019-06-25,1.9069546052265398
2019-06-26,1.8974729458861805
2019-06-27,1.9042554805002354
2019-06-28,1.9106826246379873
2019-07-01,1.9189247427247142
2019-07-02,1.9234483632260446
2019-07-03,1.930723630042476
2019-07-05,1.9330461348555525
2019-07-08,1.9250484857680263
2019-07-09,1.923034073116603
2019-07-10,1.9182939183461805
2019-07-11,1.928958015754639
2019-07-12,1.9297932421986639
2019-07-15,1.9360743556271471
2019-07-16,1.9409422224394934
2019-07-17,1.9182252556301316
2019-07-18,1.9294949808191957
2019-07-19,1.9303998223186891
2019-07-22,1.932642207474468
2019-07-23,1.938475907809001
2019-07-24,1.9446545483455084
2019-07-25,1.9485693664258246
2019-07-26,1.9508280278114436
2019-07-29,1.9555534017255656
2019-07-30,1.9511575156156875
2019-07-31,1.9416224731402996
2019-08-01,1.9427816308454964
2019-08-02,1.9351523976174083
2019-08-05,1.9157395895919576
2019-08-06,1.9218256094056079
2019-08-07,1.9248522621213797
2019-08-08,1.930715995332104
2019-08-09,1.9264670861678654
2019-08-12,1.921636078484696
2019-08-13,1.9303036506442497
2019-08-14,1.9297817341806327
2019-08-15,1.9222500720814
2019-08-16,1.9276152729734017
2019-08-19,1.9304204717684597
2019-08-20,1.9284869798924051
2019-08-21,1.9317682706996382
2019-08-22,1.9284179373564938
2019-08-23,1.9159301935650963
2019-08-26,1.915394058586083
2019-08-27,1.9181742777049209
2019-08-28,1.9156484904624151
2019-08-29,1.9274471328766265
2019-08-30,1.9346181193767222
2019-09-03,1.9336236248683638
2019-09-04,1.9302343123740269
2019-09-05,1.9396489348516865
2019-09-06,1.9317600302678277
2019-09-09,1.9223142555891077
2019-09-10,1.890811905815046
2019-09-11,1.8921343919648141
2019-09-12,1.9003267463711597
2019-09-13,1.9001185426945506
2019-09-16,1.8965147988921098
2019-09-17,1.9070897759285395
2019-09-18,1.9124282058848268
2019-09-19,1.9141818852335717
2019-09-20,1.9207299995552714
2019-09-23,1.9182841170602445
2019-09-24,1.912321399469619
2019-09-25,1.9163824187686842
2019-09-26,1.9168723906465486
2019-09-27,1.9163768579543339
2019-09-30,1.9036717532372014
2019-10-01,1.9046179191187527
2019-10-02,1.900969506422837
2019-10-03,1.9029013268976673
2019-10-04,1.915697900588719
2019-10-07,1.9170535203891381
2019-10-08,1.906661310722924
2019-10-09,1.9058762847569524
2019-10-10,1.9126082604941907
2019-10-11,1.9145623806477288
2019-10-14,1.9196988612958368
2019-10-15,1.9235410544176894
2019-10-16,1.918869938026839
2019-10-17,1.9191947978672106
2019-10-18,1.9228251883395013
2019-10-21,1.9320112438888544
2019-10-22,1.9248526460678312
2019-10-23,1.9213106563415339
2019-10-24,1.9291416317044776
2019-10-25,1.9270489504142494
2019-10-28,1.9310800947270972
2019-10-29,1.9332111117315047
2019-10-30,1.9405055665965583
2019-10-31,1.9450845414364144
2019-11-01,1.9377897384810958
2019-11-04,1.9298260356980257
2019-11-05,1.9356707723515953
2019-11-06,1.9404222153598671
2019-11-07,1.9326148633790778
2019-11-08,1.9291481735407305
2019-11-11,1.9310009324113409
2019-11-12,1.9415705376734094
2019-11-13,1.94541424824849
2019-11-14,1.9529634131804472
2019-11-15,1.95812842520634
2019-11-18,1.9629797392583657
2019-11-19,1.9710760045094924
2019-11-20,1.9730864777496069
2019-11-21,1.972601702152117
2019-11-22,1.9664952342791988
2019-11-25,1.9735630415086542
2019-11-26,1.969976246822554
2019-11-27,1.9613398531745079
2019-11-29,1.9588077680054852
2019-12-02,1.955808190868018
2019-12-03,1.956347992802847
2019-12-04,1.9496706687687992
2019-12-05,1.9539630727677044
2019-12-06,1.9470386796700434
2019-12-09,1.9482394465660393
2019-12-10,1.9442677846089151
2019-12-11,1.94831850298277
2019-12-12,1.945704428005094
2019-12-13,1.95651647220483
2019-12-16,1.968798050838317
2019-12-17,1.9675592163500348
2019-12-18,1.972656476139223
2019-12-19,1.9686722032082105
2019-12-20,1.9808737298093013
2019-12-23,1.9745127497372512
2019-12-24,1.9728546176061295
2019-12-26,1.975159725791102
2019-12-27,1.9762242265873462
2019-12-30,1.9773490925990254
2019-12-31,1.9675605367018338
2020-01-02,1.9683325528515567
2020-01-03,1.945040880847844
2020-01-06,1.9347525790728932
2020-01-07,1.9329541020500407
2020-01-08,1.9408275747330543
2020-01-09,1.9470272105011852
2020-01-10,1.9520199690641555
2020-01-13,1.9445992906577958
2020-01-14,1.9412704915803518
2020-01-15,1.9401233887003473
2020-01-16,1.9402720313516175
2020-01-17,1.942922162923794
2020-01-21,1.9449394354647456
2020-01-22,1.9438678217275631
2020-01-23,1.9494576314611862
2020-01-24,1.947439351314416
2020-01-27,1.9397791974234837
2020-01-28,1.951926200105142
2020-01-29,1.9576147668965282
2020-01-30,1.9633381329658766
2020-01-31,1.9577082130836547
2020-02-03,1.9622162400356413
2020-02-04,1.96828729049841
2020-02-05,1.9759959004392345
2020-02-06,1.985192697652321
2020-02-07,1.9868134958912558
2020-02-10,1.9945579550534172
2020-02-11,1.9991023579559903
2020-02-12,2.0023440573275817
2020-02-13,2.0062696847013
2020-02-14,2.0013964695835202
2020-02-18,2.0011966812755304
2020-02-19,1.9985288396688659
2020-02-20,1.988145320957789
2020-02-21,1.986247205038365
2020-02-24,1.9787122620327764
2020-02-25,1.962108622383543
2020-02-26,1.9595272228448561
2020-02-27,1.9451359208472558
2020-02-28,1.9303638705154746
2020-03-02,1.9622385680038548
2020-03-03,1.9481813579985996
2020-03-04,1.9629703415345667
2020-03-05,1.9554562232042771
2020-03-06,1.9617851953197931
2020-03-09,1.9559047619435919
2020-03-10,1.9650200047779904
2020-03-11,1.9524714360536874
2020-03-12,1.9087643220942765
2020-03-13,1.9144684245387942
2020-03-16,1.8656639048698618
2020-03-17,1.8919137334450544
2020-03-18,1.8478324106292021
2020-03-19,1.8320137055440624
2020-03-20,1.830561566547236
2020-03-23,1.8219703072330993
2020-03-24,1.858254936132569
2020-03-25,1.8721328073496166
2020-03-26,1.9086360034882524
2020-03-27,1.8833728837477275
2020-03-30,1.9137456639427115
2020-03-31,1.8967944317523173
2020-04-01,1.8771846818725975
2020-04-02,1.871803006104975
2020-04-03,1.8629140587989341
2020-04-06,1.8912488063549602
2020-04-07,1.904629729846422
2020-04-08,1.9063664005290208
2020-04-09,1.9096925405508793
2020-04-13,1.8742069450824432
2020-04-14,1.8802708982582685
2020-04-15,1.8661707435965211
2020-04-16,1.8553836084243862
2020-04-17,1.87171905701065
2020-04-20,1.8687265232271906
2020-04-21,1.8472315158139285
2020-04-22,1.8394471698650212
2020-04-23,1.8361968521373786
2020-04-24,1.8363489458652396
2020-04-27,1.8556637629627737
2020-04-28,1.8675024919513505
2020-04-29,1.8796736842782396
2020-04-30,1.8700863615449372
2020-05-01,1.8552100846037574
2020-05-04,1.8459702434746847
2020-05-05,1.839696732493204
2020-05-06,1.8339961236900444
2020-05-07,1.8436022989120295
2020-05-08,1.8625395657497925
2020-05-11,1.8584423557207517
2020-05-12,1.8398293869013518
2020-05-13,1.8233842589120544
2020-05-14,1.816823473215358
2020-05-15,1.8237113207390694
2020-05-18,1.8507484521508446
2020-05-19,1.8432221133783198
2020-05-20,1.8546952010694957
2020-05-21,1.8491479095465648
2020-05-22,1.8467803864170311
2020-05-26,1.8560401851758814
2020-05-27,1.876232594601849
2020-05-28,1.8708390417263052
2020-05-29,1.8661208833908283
2020-06-01,1.868667246719994
2020-06-02,1.8677584093343882
2020-06-03,1.8805113171500947
2020-06-04,1.878516843403355
2020-06-05,1.8852018426443071
2020-06-08,1.888284017029718
2020-06-09,1.8857129787304125
2020-06-10,1.8698937192034077
2020-06-11,1.8410180044338835
2020-06-12,1.824252544555984
2020-06-15,1.8395641633971658
2020-06-16,1.8546177565790198
2020-06-17,1.8511947659536008
2020-06-18,1.8549131982726128
2020-06-19,1.8518807114650353
2020-06-22,1.8513869924810362
2020-06-23,1.8539793806696898
2020-06-24,1.8409895065675796
2020-06-25,1.845595487374477
2020-06-26,1.827322699927325
2020-06-29,1.8345534005734367
2020-06-30,1.8378544025551042
2020-07-01,1.8459078478215505
2020-07-02,1.8474365143392213
2020-07-06,1.8492109092655502
2020-07-07,1.8486423279928577
2020-07-08,1.8452416700952288
2020-07-09,1.8399715856274754
2020-07-10,1.8447841315041265
2020-07-13,1.8475118458523023
2020-07-14,1.8483804233554457
2020-07-15,1.8498957892428223
2020-07-16,1.843906392026568
2020-07-17,1.8566245066967428
2020-07-20,1.8579081678280374
2020-07-21,1.8548628790883175
2020-07-22,1.8542257273860125
2020-07-23,1.8527615144741825
2020-07-24,1.8390879559921145
2020-07-27,1.845893152265219
2020-07-28,1.8432211103303158
2020-07-29,1.8370228118922167
2020-07-30,1.8423961281204428
2020-07-31,1.8430625580224576
2020-08-03,1.8614665353164495
2020-08-04,1.8619906292645063
2020-08-05,1.8690852319066076
2020-08-06,1.8665462953268592
2020-08-07,1.8781222264959219
2020-08-10,1.8727653095698695
2020-08-11,1.8704646140445629
2020-08-12,1.8644915673072784
2020-08-13,1.864696826793601
2020-08-14,1.8648973281615675
2020-08-17,1.8800778612819438
2020-08-18,1.8815930465816983
2020-08-19,1.8799563824009584
2020-08-20,1.8771980921954072
2020-08-21,1.880884278378605
2020-08-24,1.8808811126067955
2020-08-25,1.8787532726256708
2020-08-26,1.8838600695762806
2020-08-27,1.8923873837537164
2020-08-28,1.8953175442190706
2020-08-31,1.8989991921728167
2020-09-01,1.8954432851058354
2020-09-02,1.9115837858375277
2020-09-03,1.894477518484328
2020-09-04,1.8837220667749262
2020-09-08,1.8803302706779828
2020-09-09,1.8804681397678205
2020-09-10,1.8825039301149777
2020-09-11,1.8799365506200816
2020-09-14,1.8887059902258283
2020-09-15,1.8887597717137832
2020-09-16,1.8904040414755274
2020-09-17,1.887145662037272
2020-09-18,1.8836737814153555
2020-09-21,1.868296399620193
2020-09-22,1.869541586601088
2020-09-23,1.8629129986477546
2020-09-24,1.8612368265660284
2020-09-25,1.880446310576386
2020-09-28,1.88518224632191
2020-09-29,1.8928475607424389
2020-09-30,1.8901796933218058
2020-10-01,1.8950870408132938
2020-10-02,1.892414198755479
2020-10-05,1.897534192819906
2020-10-06,1.8981872844504128
2020-10-07,1.9001254418759597
2020-10-08,1.9052924580093413
2020-10-09,1.9149642798426627
2020-10-12,1.9236985539394558
2020-10-13,1.9297700690093431
2020-10-14,1.9250358011699982
2020-10-15,1.9160674260302342
2020-10-16,1.9177387858315307
2020-10-19,1.9140658761790381
2020-10-20,1.9058401923512662
2020-10-21,1.904310131730039
2020-10-22,1.9119142001472014
2020-10-23,1.9180361621279158
2020-10-26,1.9179874098681355
2020-10-27,1.910165298373955
2020-10-28,1.9007160472743219
2020-10-29,1.8942570456620587
2020-10-30,1.8918678058804255
2020-11-02,1.8901834776860607
2020-11-03,1.9059924057723237
2020-11-04,1.9128237107010326
2020-11-05,1.9312445775214675
2020-11-06,1.9302117989055791
2020-11-09,1.914609706387721
2020-11-10,1.9245472436875066
2020-11-11,1.9300771025489867
2020-11-12,1.9298060088787299
2020-11-13,1.9315678197177988
2020-11-16,1.9439299082972021
2020-11-17,1.9421308028209034
2020-11-18,1.9303229285092804
2020-11-19,1.931650133111626
2020-11-20,1.9375194381220604
2020-11-23,1.9342936530695642
2020-11-24,1.9369408092600642
2020-11-25,1.9407396496130023
2020-11-27,1.9439433003814148
2020-11-30,1.9403448422439409
2020-12-01,1.9374232860872356
2020-12-02,1.9395111222451005
2020-12-03,1.9440883883752011
2020-12-04,1.9489252156314638
2020-12-07,1.9566797519617607
2020-12-08,1.9624151795938507
2020-12-09,1.9634940877092202
2020-12-10,1.9594997918994252
2020-12-11,1.9583437903566905
2020-12-14,1.958228334004128
2020-12-15,1.9643240828759425
2020-12-16,1.9652963438483875
2020-12-17,1.9667228724028496
2020-12-18,1.9614150545501883
2020-12-21,1.9606570747470222
2020-12-22,1.9617544248036753
2020-12-23,1.959685727684896
2020-12-24,1.957065701695778
2020-12-28,1.967678269175616
2020-12-29,1.9676544160979987
2020-12-30,1.9724895401397744
2020-12-31,1.9710233556796468
2021-01-04,1.962551138735308
2021-01-05,1.9506301836072717
2021-01-06,1.9708929358771918
2021-01-07,1.9866044403677632
2021-01-08,1.9795295105787662
2021-01-11,1.981807730247916
2021-01-12,1.978719863151226
2021-01-13,1.9798617764809157
2021-01-14,1.9660448102225327
2021-01-15,1.963259976960609
2021-01-19,1.9481444112802788
2021-01-20,1.9533617801113217
2021-01-21,1.956846173769661
2021-01-22,1.954244908410369
2021-01-25,1.9459649444901426
2021-01-26,1.9527425654870458
2021-01-27,1.9298656095051028
2021-01-28,1.9263659347955306
2021-01-29,1.9251481391085334
2021-02-01,1.9320754891702996
2021-02-02,1.9474010727125473
2021-02-03,1.9470580709894718
2021-02-04,1.9457563448919168
2021-02-05,1.947259795929106
2021-02-08,1.9558666781127685
2021-02-09,1.9610491375045132
2021-02-10,1.9556325254257927
2021-02-11,1.95433482101987
2021-02-12,1.9583027605901382
2021-02-16,1.952138333254691
2021-02-17,1.9505556932981938
2021-02-18,1.9500322551444518
2021-02-19,1.9540483424037902
2021-02-22,1.9508999209626676
2021-02-23,1.9444014497930637
2021-02-24,1.9473455733312002
2021-02-25,1.9391697793044043
2021-02-26,1.9415476122338182
2021-03-01,1.9467969070341185
2021-03-02,1.948343080337823
2021-03-03,1.938587908518623
2021-03-04,1.9267080991663468
2021-03-05,1.9316483329226262
2021-03-08,1.9398274972555418
2021-03-09,1.9419168805970468
2021-03-10,1.9514739758744715
2021-03-11,1.953259380287264
2021-03-12,1.9567695142523864
2021-03-15,1.9524453472327583
2021-03-16,1.9494915737540837
2021-03-17,1.9479062992500134
2021-03-18,1.945495354531618
2021-03-19,1.9348295099579784
2021-03-22,1.9333864911902716
2021-03-23,1.9295749827877877
2021-03-24,1.920849143456689
2021-03-25,1.9250520419261012
2021-03-26,1.936979632563211
2021-03-29,1.9381401337987634
2021-03-30,1.9384669010016422
2021-03-31,1.9390628037933673
2021-04-01,1.945181620501287
2021-04-05,1.9469056317283373
2021-04-06,1.956345728765975
2021-04-07,1.9487172933673302
2021-04-08,1.9558475125948525
2021-04-09,1.958485370073702
2021-04-12,1.96744730783886
2021-04-13,1.9536307394444234
2021-04-14,1.9514566112549265
2021-04-15,1.9468344538683906
2021-04-16,1.9565505919269792
2021-04-19,1.9437547263921187
2021-04-20,1.926362845939212
2021-04-21,1.9429027687947698
2021-04-22,1.9446397548689676
2021-04-23,1.9541900468817255
2021-04-26,1.9631621473907575
2021-04-27,1.965019747000879
2021-04-28,1.9639678368982507
2021-04-29,1.9658618082347064
2021-04-30,1.9665650457972048
2021-05-03,1.964055954252562
2021-05-04,1.9567956080486626
2021-05-05,1.9515784742811264
2021-05-06,1.9456455527840746
2021-05-07,1.9502208274586552
2021-05-10,1.937143838457478
2021-05-11,1.9303664172437842
2021-05-12,1.9066373177783138
2021-05-13,1.906887913412531
2021-05-14,1.9294895713751938
2021-05-17,1.9329481273503668
2021-05-18,1.932079293954831
2021-05-19,1.9275505640458088
2021-05-20,1.93444248795063
2021-05-21,1.9406289154818974
2021-05-24,1.9493591909259282
2021-05-25,1.943081742755717
2021-05-26,1.9483846206417492
2021-05-27,1.9532787852781885
2021-05-28,1.9570985368082963
2021-06-01,1.9713139821828856
2021-06-02,1.9610072940385117
2021-06-03,1.9607197756784132
2021-06-04,1.9621180079469789
2021-06-07,1.9703742106012516
2021-06-08,1.9750728709955114
2021-06-09,1.9719746140060583
2021-06-10,1.9696919299838926
2021-06-11,1.9722952547885835
2021-06-14,1.9706402595833121
2021-06-15,1.958627444891158
2021-06-16,1.963824093138843
2021-06-17,1.9516591996077541
2021-06-18,1.9306210622900575
2021-06-21,1.9390588821707218
2021-06-22,1.946289799000268
2021-06-23,1.9523685125419437
2021-06-24,1.951108323309804
2021-06-25,1.953160198670383
2021-06-28,1.9593299158466528
2021-06-29,1.9577196177445353
2021-06-30,1.9638915268845754
2021-07-01,1.9587875597200837
2021-07-02,1.9583374493345589
2021-07-06,1.9686979205044097
2021-07-07,1.9683621919323482
2021-07-08,1.9568730971893669
2021-07-09,1.9637102222505745
2021-07-12,1.9677315675603098
2021-07-13,1.9698152862481089
2021-07-14,1.9679970947203493
2021-07-15,1.970993315455517
2021-07-16,1.958992598152244
2021-07-19,1.9520365484723579
2021-07-20,1.9632122551720692
2021-07-21,1.9690040079805742
2021-07-22,1.9702706324168484
2021-07-23,1.979693480171758
2021-07-26,1.9816239085241667
2021-07-27,1.9781349031001043
2021-07-28,1.9799334985032915
2021-07-29,1.9842266411451863
2021-07-30,1.989084434434346
2021-08-02,1.980686689898964
2021-08-03,1.981510967779044
2021-08-04,1.9832533752615529
2021-08-05,1.9874789068330112
2021-08-06,1.9947247001057202
2021-08-09,1.9884820026743364
2021-08-10,1.9948029760604984
2021-08-11,1.9937252873230216
2021-08-12,1.9923474611940475
2021-08-13,1.9896270316095914
2021-08-16,1.9861929421173214
2021-08-17,1.9822829796570227
2021-08-18,1.9746090868830035
2021-08-19,1.9715871478627731
2021-08-20,1.9726055254814465
2021-08-23,1.981963839239934
2021-08-24,1.9841544547209222
2021-08-25,1.9849624117871503
2021-08-26,1.985389185015417
2021-08-27,1.9918575418919426
2021-08-30,1.9916491162352068
2021-08-31,1.9893049462748773
2021-09-01,1.9877575388029485
2021-09-02,1.991989685508429
2021-09-03,1.9965255550864338
2021-09-07,1.9913062390054825
2021-09-08,1.9886519820949902
2021-09-09,1.9884824720260377
2021-09-10,1.9826433760056568
2021-09-13,1.9766061226059661
2021-09-14,1.9695284267730584
2021-09-15,1.9746043505634905
2021-09-16,1.9791720245149356
2021-09-17,1.9793027649062949
2021-09-20,1.9662651506125346
2021-09-21,1.9653221937337175
2021-09-22,1.9718671548954503
2021-09-23,1.9803860289336392
2021-09-24,1.9817110412868075
2021-09-27,1.9795569515667384
2021-09-28,1.9648311291791596
2021-09-29,1.9683391909539956
2021-09-30,1.9557992028918683
2021-10-01,1.9631362010011426
2021-10-04,1.9583941504757632
2021-10-05,1.9638326368771954
2021-10-06,1.965500061044865
2021-10-07,1.9735737857107196
2021-10-08,1.965933747645541
2021-10-11,1.9551801496662773
2021-10-12,1.9495081525265094
2021-10-13,1.9450974934619871
2021-10-14,1.9480320589531035
2021-10-15,1.950937425982207
2021-10-18,1.9554240866554318
2021-10-19,1.958048497235549
2021-10-20,1.9648447614435076
2021-10-21,1.9700765838959393
2021-10-22,1.9674561180098298
2021-10-25,1.970883370919823
2021-10-26,1.9721150628375954
2021-10-27,1.9686297043792356
2021-10-28,1.9683291393332971
2021-10-29,1.9749428385693604
2021-11-01,1.977698034482804
2021-11-02,1.9833595306454042
2021-11-03,1.9896521907211044
2021-11-04,2.000236331461513
2021-11-05,2.0093483581412936
2021-11-08,2.0129339277641844
2021-11-09,2.0138482935443776
2021-11-10,2.0102290243982166
2021-11-11,2.0045265680755264
2021-11-12,2.008183528476976
2021-11-15,2.0082398537977295
2021-11-16,2.0071149253554355
2021-11-17,2.00834656799797
2021-11-18,2.009045206789124
2021-11-19,2.0033493663701067
2021-11-22,2.005611374304889
2021-11-23,1.9996418971877055
2021-11-24,1.99968468290319
2021-11-26,1.9882598803316933
2021-11-29,1.9860368464578575
2021-11-30,1.9830749259404543
2021-12-01,1.9707916529418428
2021-12-02,1.9725915394577402
2021-12-03,1.9723779134410213
2021-12-06,1.9723557540393073
2021-12-07,1.9822415468387908
2021-12-08,1.988573895151109
2021-12-09,1.986567479217944
2021-12-10,1.9887079475833496
2021-12-13,1.980082204816158
2021-12-14,1.9734193306206944
2021-12-15,1.9800731006426076
2021-12-16,1.975825850263638
2021-12-17,1.9666867276473494
2021-12-20,1.9569548123718778
2021-12-21,1.9628506721697567
2021-12-22,1.9682923408161028
2021-12-23,1.9698164505937497
2021-12-27,1.984998274125113
2021-12-28,1.9856881975446898
2021-12-29,1.991344046769786
2021-12-30,1.9866993994526827
2021-12-31,1.9900204028904778
2022-01-03,1.9878432650015156
2022-01-04,1.9853833294698615
2022-01-05,1.9786024173415937
2022-01-06,1.989524644169021
2022-01-07,1.9849627564148902
2022-01-10,1.9851564582022536
2022-01-11,1.9885984917731117
2022-01-12,1.996277750367567
2022-01-13,1.9949121353404304
2022-01-14,1.9919883314876614
2022-01-18,1.9903150203731734
2022-01-19,1.9844403836212103
2022-01-20,1.9721746455144356
2022-01-21,1.9679554442175624
2022-01-24,1.9675327033139651
2022-01-25,1.9644877538222494
2022-01-26,1.9620372206499561
2022-01-27,1.9699114228148524
2022-01-28,1.9794793965479953
2022-01-31,1.9863948036705568
2022-02-01,1.990978081008552
2022-02-02,2.006690899285907
2022-02-03,1.9827595540979979
2022-02-04,1.9884684176054006
2022-02-07,1.9957414093365555
2022-02-08,1.9940876138358634
2022-02-09,1.9979634455788557
2022-02-10,2.002158292404304
2022-02-11,1.9969412019740211
2022-02-14,1.9932639541525141
2022-02-15,2.0001513355954175
2022-02-16,2.0083450068970308
2022-02-17,2.003384925473496
2022-02-18,1.9983200491676243
2022-02-22,1.9957245350041213
2022-02-23,1.9896668948636498
2022-02-24,1.9916326405433509
2022-02-25,2.0022426829161586
2022-02-28,2.0172249152802633
2022-03-01,2.007674911451329
2022-03-02,2.0215571982457803
2022-03-03,2.022924229569083
2022-03-04,2.0230098907966565
2022-03-07,1.9959927733104772
2022-03-08,1.986350706017779
2022-03-09,1.9939304419650985
2022-03-10,2.0018639254830406
2022-03-11,2.008963738112368
2022-03-14,1.9970234056827991
2022-03-15,1.9982603255381122
2022-03-16,2.005614829655106
2022-03-17,2.0025900353571147
2022-03-18,1.9952988187535836
2022-03-21,1.9994333952832883
2022-03-22,1.9976724232006566
2022-03-23,1.9969970337277307
2022-03-24,2.0095189539368703
2022-03-25,2.0181136384861955
2022-03-28,2.0209642583373713
2022-03-29,2.025880491832293
2022-03-30,2.021494591872165
2022-03-31,2.016521403285303
2022-04-01,2.022691472485794
2022-04-04,2.020096398201201
2022-04-05,2.011751460507912
2022-04-06,2.0057348143932123
2022-04-07,2.017648941579032
2022-04-08,2.0262967321118155
2022-04-11,2.02841717795697
2022-04-12,2.020252192894173
2022-04-13,2.0356944467997775
2022-04-14,2.0383988082385898
2022-04-18,2.0487742683488217
2022-04-19,2.0606707716932613
2022-04-20,2.0616735709465694
2022-04-21,2.0546203068217848
2022-04-22,2.040346156174383
2022-04-25,2.0329154097531132
2022-04-26,2.0207098186262695
2022-04-27,2.0257522237898438
2022-04-28,2.0447172413291037
2022-04-29,2.0369419405830906
2022-05-02,2.0226375294378975
2022-05-03,2.036269193108102
2022-05-04,2.0566404130628633
2022-05-05,2.035272735030805
2022-05-06,2.029463385640296
2022-05-09,2.0005374018223203
2022-05-10,2.0048594123791488
2022-05-11,2.0214427396982946
2022-05-12,2.006899483393736
2022-05-13,2.0264817540796365
2022-05-16,2.0400989109663663
2022-05-17,2.0485412370079947
2022-05-18,2.028940690057237
2022-05-19,2.019055847110824
2022-05-20,2.031343076336441
2022-05-23,2.043283353186285
2022-05-24,2.047953875629543
2022-05-25,2.0489696113239955
2022-05-26,2.0670788280649544
2022-05-27,2.0751613893747893
2022-05-31,2.0634124146337163
2022-06-01,2.073312551303777
2022-06-02,2.07005855917347
2022-06-03,2.0611874276507276
2022-06-06,2.0597364406840777
2022-06-07,2.0300437005167478
2022-06-08,2.018758673210994
2022-06-09,2.0062500927612223
2022-06-10,1.998637954786631
2022-06-13,1.9771667983031207
2022-06-14,1.9814714328846064
2022-06-15,1.9884059928332387
2022-06-16,1.9571131296080524
2022-06-17,1.9489734190066383
2022-06-21,1.951335442576558
2022-06-22,1.9454690414430542
2022-06-23,1.9355651515115202
2022-06-24,1.9511572824564494
2022-06-27,1.956765640586641
2022-06-28,1.9540009981247444
2022-06-29,1.9511326952261476
2022-06-30,1.9501913359643184
2022-07-01,1.9482076423729293
2022-07-05,1.936912697375776
2022-07-06,1.931801438432582
2022-07-07,1.9302843350808594
2022-07-08,1.9164474274029752
2022-07-11,1.9271474773676902
2022-07-12,1.9111317098912233
2022-07-13,1.9188603850094148
2022-07-14,1.9225048996957559
2022-07-15,1.9347830356487488
2022-07-18,1.935783489846624
2022-07-19,1.9461284491721245
2022-07-20,1.942040875947624
2022-07-21,1.946514983647337
2022-07-22,1.9554597633361628
2022-07-25,1.9615679033949527
2022-07-26,1.9669042016111322
2022-07-27,1.9840680632569976
2022-07-28,1.9910817426410206
2022-07-29,2.0042906883859106
2022-08-01,2.0046502366921137
2022-08-02,1.9961164007120655
2022-08-03,1.9904266335858594
2022-08-04,1.9887057489111055
2022-08-05,1.9739364683032297
2022-08-08,1.9700666714824064
2022-08-09,1.9776478640667032
2022-08-10,1.9810446936824455
2022-08-11,1.9877144978199148
2022-08-12,1.9881430141979677
2022-08-15,1.9936029335460335
2022-08-16,1.9996747687671526
2022-08-17,2.0047428056999794
2022-08-18,2.012631215564947
2022-08-19,2.018014139596552
2022-08-22,2.0140092535378322
2022-08-23,2.008886656064798
2022-08-24,2.003235531843455
2022-08-25,2.0080039230551936
2022-08-26,1.9901360465092486
2022-08-29,1.979957675319265
2022-08-30,1.9784072494550553
2022-08-31,1.96621062040872
2022-09-01,1.966577914747201
2022-09-02,1.9674496165700872
2022-09-06,1.9679088163164549
2022-09-07,1.971219475404037
2022-09-08,1.9725355013643264
2022-09-09,1.9801409830738816
2022-09-12,1.9751600286422413
2022-09-13,1.956910608848004
2022-09-14,1.9575441333076475
2022-09-15,1.949347116466645
2022-09-16,1.951902540812299
2022-09-19,1.9611428018065982
2022-09-20,1.9567511061756304
2022-09-21,1.9567436185564056
2022-09-22,1.9517302921453927
2022-09-23,1.9422969843120255
2022-09-26,1.9395783726304492
2022-09-27,1.940085619266826
2022-09-28,1.939640497208264
2022-09-29,1.9422024188404652
2022-09-30,1.9277411262205568
2022-10-03,1.9474547348399491
2022-10-04,1.9477087579282577
2022-10-05,1.953203009228309
2022-10-06,1.9492084083994903
2022-10-07,1.9496176554392057
2022-10-10,1.9523061418862808
2022-10-11,1.9484587634111696
2022-10-12,1.9470759449457677
2022-10-13,1.9668873430092508
2022-10-14,1.9627499468519727
2022-10-17,1.9710406658713842
2022-10-18,1.980717214417418
2022-10-19,1.9895232099774622
2022-10-20,1.9853359258659664
2022-10-21,2.0016975193645843
2022-10-24,2.0125199271847167
2022-10-25,2.0150667665964628
2022-10-26,2.011758522092339
2022-10-27,2.0101551507218876
2022-10-28,2.006152662475365
2022-10-31,2.003270214346097
2022-11-01,2.0049113750975045
2022-11-02,2.002712763159623
2022-11-03,2.000823953943369
2022-11-04,2.0081919710813505
2022-11-07,2.021524478233624
2022-11-08,2.025554295181562
2022-11-09,2.0244964372728407
2022-11-10,2.0315941517611438
2022-11-11,2.011175814686508
2022-11-14,2.00714579921899
2022-11-15,2.0064844882362634
2022-11-16,2.01427346111658
2022-11-17,2.0172978708036027
2022-11-18,2.0325985245236784
2022-11-21,2.028717866970923
2022-11-22,2.041840069175097
2022-11-23,2.0402494229380186
2022-11-25,2.0454582910599264
2022-11-28,2.0446847957479464
2022-11-29,2.0477669213567955
2022-11-30,2.05399677100904
2022-12-01,2.050978703452609
2022-12-02,2.0517667565186644
2022-12-05,2.0424238708139337
2022-12-06,2.0441015360413295
2022-12-07,2.0486990758100445
2022-12-08,2.0447734508984543
2022-12-09,2.0426188491860504
2022-12-12,2.0496242015763353
2022-12-13,2.059984674476659
2022-12-14,2.050428560930005
2022-12-15,2.0407285175276635
2022-12-16,2.0369944132674633
2022-12-19,2.045095215103277
2022-12-20,2.050955483947678
2022-12-21,2.0610223408361708
2022-12-22,2.0557620208912186
2022-12-23,2.066148011164167
2022-12-27,2.0536470441663193
2022-12-28,2.058069769681095
2022-12-29,2.045306970704536
2022-12-30,2.0575575131223833
2023-01-03,2.050650764039209
2023-01-04,2.0358582597663646
2023-01-05,2.0425431879093137
2023-01-06,2.056402929118822
2023-01-09,2.0486096460804664
2023-01-10,2.0494707527758744
2023-01-11,2.0465591658686106
2023-01-12,2.0438781364060588
2023-01-13,2.0419222866494806
2023-01-17,2.045473730409199
2023-01-18,2.034498688458867
2023-01-19,2.040005552397327
2023-01-20,2.0480935475011406
2023-01-23,2.041197966879271
2023-01-24,2.0425715612214677
2023-01-25,2.0523572264178873
2023-01-26,2.053165417037082
2023-01-27,2.0396688183726424
2023-01-30,2.0396861895320724
2023-01-31,2.041299425715687
2023-02-01,2.0441272240052113
2023-02-02,2.0370286931242156
2023-02-03,2.035225331238594
2023-02-06,2.0355645139334673
2023-02-07,2.0426266630400534
2023-02-08,2.0453244987058903
2023-02-09,2.054101743518638
2023-02-10,2.0658922170971183
2023-02-13,2.0721278193255763
2023-02-14,2.0666651829950395
2023-02-15,2.0532586104919064
2023-02-16,2.0589921360520154
2023-02-17,2.0622175765299144
2023-02-21,2.0517455577915853
2023-02-22,2.0450419547048813
2023-02-23,2.0502849107713703
2023-02-24,2.059622390879756
2023-02-27,2.060353034739049
2023-02-28,2.0603862654798566
2023-03-01,2.0732608065566716
2023-03-02,2.0791680693336376
2023-03-03,2.080719315208894
2023-03-06,2.0842863024629192
2023-03-07,2.073361464837813
2023-03-08,2.079435344076697
2023-03-09,2.0747213071384563
2023-03-10,2.0824021331406803
2023-03-13,2.1005895124345884
2023-03-14,2.112892684388014
2023-03-15,2.1004357799075946
2023-03-16,2.1049540466925096
2023-03-17,2.117293694234827
2023-03-20,2.1304959521638103
2023-03-21,2.1404785158480433
2023-03-22,2.1439483149039953
2023-03-23,2.126109070921324
2023-03-24,2.1392682602638384
2023-03-27,2.139313311800994
2023-03-28,2.1420892361280814
2023-03-29,2.1465315959375046
2023-03-30,2.1521364001537995
2023-03-31,2.1533820804121344
2023-04-03,2.1511737562410014
2023-04-04,2.151826325516022
2023-04-05,2.1516711557556936
2023-04-06,2.152443628056562
2023-04-10,2.153960227177205
2023-04-11,2.140614815795623
2023-04-12,2.140064504655361
2023-04-13,2.1516427544737833
2023-04-14,2.1504110378673076
2023-04-17,2.1600308516125812
2023-04-18,2.1584705053016036
2023-04-19,2.168994830292027
2023-04-20,2.173858870355772
2023-04-21,2.182171036726535
2023-04-24,2.1917534411128434
2023-04-25,2.18023468990887
2023-04-26,2.1826283367860664
2023-04-27,2.1743203858831195
2023-04-28,2.1944491312718326
2023-05-01,2.213169637223555
2023-05-02,2.21774764201668
2023-05-03,2.2048349929388413
2023-05-04,2.182356470040029
2023-05-05,2.1923951378269066
2023-05-08,2.1796061189085574
2023-05-09,2.1777168777072236
2023-05-10,2.1825792045877397
2023-05-11,2.190887567121905
2023-05-12,2.206694435508355
2023-05-15,2.2130062691732997
2023-05-16,2.213805895502742
2023-05-17,2.2265919983076436
2023-05-18,2.2259697257039655
2023-05-19,2.22864451878852
2023-05-22,2.2331127462284583
2023-05-23,2.2219446046545666
2023-05-24,2.2209859638914615
2023-05-25,2.212897475133592
2023-05-26,2.2153835650297187
2023-05-30,2.210200790920124
2023-05-31,2.206151912635757
2023-06-01,2.2192831803216
2023-06-02,2.2243254122791747
2023-06-05,2.218345739014893
2023-06-06,2.2009420562849664
2023-06-07,2.206598783472043
2023-06-08,2.2065093473879265
2023-06-09,2.1953882706783823
2023-06-12,2.1991814807285004
2023-06-13,2.2113614701778497
2023-06-14,2.21590233695881
2023-06-15,2.2207701117019623
2023-06-16,2.2298014697544204
2023-06-20,2.2269860016104817
2023-06-21,2.228717660567379
2023-06-22,2.2153943868250545
2023-06-23,2.1951251504503406
2023-06-26,2.2083317892019076
2023-06-27,2.208523140477759
2023-06-28,2.209024980374381
2023-06-29,2.2090854977571555
2023-06-30,2.2171397025246056
2023-07-03,2.2221636341951347
2023-07-05,2.220991534667871
2023-07-06,2.2198892476939283
2023-07-07,2.215299769285043
2023-07-10,2.227410057891745
2023-07-11,2.2291243022102334
2023-07-12,2.2276666941907988
2023-07-13,2.219363615741785
2023-07-14,2.223768387138384
2023-07-17,2.228563297195203
2023-07-18,2.224541405420202
2023-07-19,2.2208982542384703
2023-07-20,2.230074694278557
2023-07-21,2.2247138690003796
2023-07-24,2.231032132890654
2023-07-25,2.2377296025356967
2023-07-26,2.2295202328733263
2023-07-27,2.2378324567468124
2023-07-28,2.232741699977652
2023-07-31,2.240796926025202
2023-08-01,2.2109352415713452
2023-08-02,2.2116237994870103
2023-08-03,2.194502833586768
2023-08-04,2.1965063009846073
2023-08-07,2.2000419808321885
2023-08-08,2.196257559207354
2023-08-09,2.1872847921515417
2023-08-10,2.1948550160849147
2023-08-11,2.189061464170951
2023-08-14,2.1791001567256902
2023-08-15,2.1887244900207574
2023-08-16,2.1857500646122734
2023-08-17,2.178880582717124
2023-08-18,2.1720765625824905
2023-08-21,2.1919576323738177
2023-08-22,2.1881866392981832
2023-08-23,2.1922823043979696
2023-08-24,2.190841330425166
2023-08-25,2.188457547839529
2023-08-28,2.1832621795678993
2023-08-29,2.1972100192969966
2023-08-30,2.2021036746433134
2023-08-31,2.1944319917357333
2023-09-01,2.1966223780190814
2023-09-05,2.185015043229386
2023-09-06,2.179697797334887
2023-09-07,2.1799210372643953
2023-09-08,2.180975906243319
2023-09-11,2.1906158737684285
2023-09-12,2.2005135654655934
2023-09-13,2.195802024626431
2023-09-14,2.1986168941526714
2023-09-15,2.198366944563466
2023-09-18,2.197952169142055
2023-09-19,2.195793048261973
2023-09-20,2.191127781050632
2023-09-21,2.1991778410034875
2023-09-22,2.203564789755066
2023-09-25,2.2070391283249453
2023-09-26,2.2010376090703083
2023-09-27,2.211518401918061
2023-09-28,2.208273356001643
2023-09-29,2.2080509352254762
2023-10-02,2.207825818481155
2023-10-03,2.2051069557142657
2023-10-04,2.212354517720636
2023-10-05,2.2133766334084504
2023-10-06,2.2146900203658983
2023-10-09,2.226796492234661
2023-10-10,2.220438115010731
2023-10-11,2.230590362927024
2023-10-12,2.2277012711170574
2023-10-13,2.2114431754253774
2023-10-16,2.2037609295455285
2023-10-17,2.212631340234867
2023-10-18,2.2115184458409334
2023-10-19,2.211155362140412
2023-10-20,2.210337984658323
2023-10-23,2.2338780827860685
2023-10-24,2.2408965036203643
2023-10-25,2.2442446071299695
2023-10-26,2.2384300315862795
2023-10-27,2.2442003327049536
2023-10-30,2.2477397757196065
2023-10-31,2.246374504983252
2023-11-01,2.2508856168036964
2023-11-02,2.257339038155299
2023-11-03,2.2512675560567876
2023-11-06,2.248893505081719
2023-11-07,2.253732723983927
2023-11-08,2.254058641344924
2023-11-09,2.2710288627692017
2023-11-10,2.281529278446181
2023-11-13,2.2718889779544296
2023-11-14,2.28685761927474
2023-11-15,2.2884249115680015
2023-11-16,2.2893608685270825
2023-11-17,2.2928530553713538
2023-11-20,2.299596472828723
2023-11-21,2.3119441160866563
2023-11-22,2.3223037812330536
2023-11-24,2.330692825604763
2023-11-27,2.3251145994352935
2023-11-28,2.3183565014181817
2023-11-29,2.3099877684060193
2023-11-30,2.3127041655776255
2023-12-01,2.307470594877773
2023-12-04,2.314076298471251
2023-12-05,2.3089445381978035
2023-12-06,2.305080976495871
2023-12-07,2.308756678575973
2023-12-08,2.313733233716616
2023-12-11,2.3233536326145914
2023-12-12,2.342632844977736
2023-12-13,2.3372719021424295
2023-12-14,2.3293509170014146
2023-12-15,2.3451279581632924
2023-12-18,2.37814162997236
2023-12-19,2.3909916821569035
2023-12-20,2.3921191435738707
2023-12-21,2.3883895133799795
2023-12-22,2.4040961788398363
2023-12-26,2.4126956132013406
2023-12-27,2.412425767687921
2023-12-28,2.4092710146095975
2023-12-29,2.406730071223054
2024-01-02,2.398133925315692
2024-01-03,2.3992896314004497
2024-01-04,2.396658508345231
2024-01-05,2.395445330319413
2024-01-08,2.3904926435181153
2024-01-09,2.392871461977091
2024-01-10,2.4009819735337863
2024-01-11,2.4049932603756767
2024-01-12,2.411407179352446
2024-01-16,2.4211402780058577
2024-01-17,2.4238503827752247
2024-01-18,2.432806150280582
2024-01-19,2.4531416937772126
2024-01-22,2.4536915685569918
2024-01-23,2.453977123685349
2024-01-24,2.4502660850215543
2024-01-25,2.452670251850062
2024-01-26,2.45710981823523
2024-01-29,2.454428801332805
2024-01-30,2.4570283903292065
2024-01-31,2.4335391393507795
2024-02-01,2.4345642887859835
2024-02-02,2.435298621592139
2024-02-05,2.432780710228244
2024-02-06,2.423854114028656
2024-02-07,2.415279113769076
2024-02-08,2.409801184534613
2024-02-09,2.418012351658202
2024-02-12,2.4044186123566176
2024-02-13,2.3858859546124735
2024-02-14,2.3926605392269344
2024-02-15,2.3964854813152066
2024-02-16,2.3951943187639624
2024-02-20,2.3939129444741614
2024-02-21,2.3915824849827594
2024-02-22,2.3966855323108875
2024-02-23,2.399063590401293
2024-02-26,2.3969947435033383
2024-02-27,2.388010123726941
2024-02-28,2.383849451681894
2024-02-29,2.382435572395905
2024-03-01,2.3807134535810164
2024-03-04,2.378218119531766
2024-03-05,2.383552539386412
2024-03-06,2.3948242372648907
2024-03-07,2.386994199308198
2024-03-08,2.398596520105878
2024-03-11,2.411178196353511
2024-03-12,2.4296364888760618
2024-03-13,2.4401588013070605
2024-03-14,2.444311279929398
2024-03-15,2.4467807800787242
2024-03-18,2.4567208877904902
2024-03-19,2.4653375035543403
2024-03-20,2.4737059861698825
2024-03-21,2.4747719040713636
2024-03-22,2.477072114045164
2024-03-25,2.4850722588926715
2024-03-26,2.4847394042554214
2024-03-27,2.465811044198607
2024-03-28,2.4679916922644125
2024-04-01,2.4773595929793744
2024-04-02,2.4800282797579842
2024-04-03,2.495015552503176
2024-04-04,2.4782459524179434
2024-04-05,2.4750344934380974
2024-04-08,2.462074373124242
2024-04-09,2.456427003289072
2024-04-10,2.4702966918159293
2024-04-11,2.4884818626728618
2024-04-12,2.4896867899195296
2024-04-15,2.491288934576893
2024-04-16,2.5041842215234444
2024-04-17,2.5008508598853014
2024-04-18,2.4938862909795216
2024-04-19,2.485627856954118
2024-04-22,2.491989806459407
2024-04-23,2.5068484587860524
2024-04-24,2.5126447543260584
2024-04-25,2.5059857097294405
2024-04-26,2.5038958977545
2024-04-29,2.4826450524132486
2024-04-30,2.4845786048826026
2024-05-01,2.476272152851271
2024-05-02,2.480565543734076
2024-05-03,2.474336741046233
2024-05-06,2.490455179043059
2024-05-07,2.4810644227554572
2024-05-08,2.470585936924004
2024-05-09,2.459167601964977
2024-05-10,2.466748148128721
2024-05-13,2.4477593978840835
2024-05-14,2.4486184604405596
2024-05-15,2.481968605977711
2024-05-16,2.470736086780162
2024-05-17,2.4671014443604298
2024-05-20,2.483176214899361
2024-05-21,2.4934973698429372
2024-05-22,2.477231612480531
2024-05-23,2.498544327349697
2024-05-24,2.4870323234281644
2024-05-28,2.4910726061227058
2024-05-29,2.498057978501658
2024-05-30,2.494866745656974
2024-05-31,2.5034547901118565
2024-06-03,2.522514967339514
2024-06-04,2.5292577685988746
2024-06-05,2.525879117295739
2024-06-06,2.5313852989112813
2024-06-07,2.550826821736366
2024-06-10,2.5567680954416954
2024-06-11,2.5602539167564937
2024-06-12,2.591207054405099
2024-06-13,2.5819995229516155
2024-06-14,2.5779983749669624
2024-06-17,2.574052727908773
2024-06-18,2.574560472461869
2024-06-20,2.587084792639334
2024-06-21,2.581940327734265
2024-06-24,2.5696452617611354
2024-06-25,2.5946350879827653
2024-06-26,2.599099364781746
2024-06-27,2.595090615339271
2024-06-28,2.6029265549349003
2024-07-01,2.586259283865464
2024-07-02,2.572744680196034
2024-07-03,2.5731979649873544
2024-07-05,2.5828027429985747
2024-07-08,2.573508211152949
2024-07-09,2.5712011852395644
2024-07-10,2.5759730359987754
2024-07-11,2.557900748204836
2024-07-12,2.5596743074897037
2024-07-15,2.5761557169398372
2024-07-16,2.5739387114274708
2024-07-17,2.5702997297838577
2024-07-18,2.5598945309681653
2024-07-19,2.559427954541933
2024-07-22,2.5682693163245087
2024-07-23,2.570463797633363
2024-07-24,2.561695400071116
2024-07-25,2.5579723963827066
2024-07-26,2.5543538501158727
2024-07-29,2.562763709077665
2024-07-30,2.567932413285302
2024-07-31,2.5806764889075904
2024-08-01,2.5649675550510227
2024-08-02,2.5539429858748974
2024-08-05,2.5342187764981468
2024-08-06,2.5238582566745973
2024-08-07,2.517228734486163
2024-08-08,2.5457628002258397
2024-08-09,2.568399721566169
2024-08-12,2.5855277966574306
2024-08-13,2.582394408904544
2024-08-14,2.6005615169346097
2024-08-15,2.608572918766213
2024-08-16,2.612923586561526
2024-08-19,2.604562498652938
2024-08-20,2.6106351748849153
2024-08-21,2.6038441822714598
2024-08-22,2.6120935954645805
2024-08-23,2.6065370462900783
2024-08-26,2.6112266727763664
2024-08-27,2.6089354393506605
2024-08-28,2.6144159414882124
2024-08-29,2.6208862314488552
2024-08-30,2.6244545744405863
2024-09-03,2.618310309157885
2024-09-04,2.6016060435405657
2024-09-05,2.588129102435488
2024-09-06,2.5806931238938873
2024-09-09,2.5935425985077103
2024-09-10,2.5936651861054667
2024-09-11,2.6048737058414417
2024-09-12,2.628233233852379
2024-09-13,2.632767739195562
2024-09-16,2.6290869762756914
2024-09-17,2.620903830312341
2024-09-18,2.6070250720012
2024-09-19,2.6192542551260267
2024-09-20,2.635090467460806
2024-09-23,2.61843932498454
2024-09-24,2.6184291203972188
2024-09-25,2.6211235595330953
2024-09-26,2.607426851580623
2024-09-27,2.60802281897813
2024-09-30,2.61160193597653
2024-10-01,2.605358805745812
2024-10-02,2.601197115337756
2024-10-03,2.6050777608655236
2024-10-04,2.624890773278615
2024-10-07,2.60676173842074
2024-10-08,2.6198725875869804
2024-10-09,2.6259896143626955
2024-10-10,2.610381765188425
2024-10-11,2.621534156259294
2024-10-14,2.636155549628154
2024-10-15,2.636706789426719
2024-10-16,2.681251448703674
2024-10-17,2.677292426245851
2024-10-18,2.683487628418003
2024-10-21,2.656820168408163
2024-10-22,2.6499861921361823
2024-10-23,2.631577820355209
2024-10-24,2.6419719224885547
2024-10-25,2.637411059416433
2024-10-28,2.6282024175594647
2024-10-29,2.641897415451619
2024-10-30,2.6590947047671567
2024-10-31,2.6530070110076807
2024-11-01,2.672333614224536
2024-11-04,2.6752973878259247
2024-11-05,2.683583425845058
2024-11-06,2.734616416950299
2024-11-07,2.735501613740496
2024-11-08,2.7376956870068376
2024-11-11,2.733807690565234
2024-11-12,2.730674251599863
2024-11-13,2.7493214093310616
2024-11-14,2.7481683265109305
2024-11-15,2.751565585558485
2024-11-18,2.7459526393906644
2024-11-19,2.7623247929481067
2024-11-20,2.7694865510374593
2024-11-21,2.7675265218886453
2024-11-22,2.7608057350950204
2024-11-25,2.7539209627304855
2024-11-26,2.756585823221043
2024-11-27,2.7670446848151418
2024-11-29,2.759800439742732
2024-12-02,2.7686906751421887
2024-12-03,2.7571489644771145
2024-12-04,2.7503044325986563
2024-12-05,2.7481538238951204
2024-12-06,2.7395603407927966
2024-12-09,2.7499386902420992
2024-12-10,2.770753781795319
2024-12-11,2.7814060882633074
2024-12-12,2.785410218148559
2024-12-13,2.819072603314037
2024-12-16,2.8450870310408876
2024-12-17,2.812335230698731
2024-12-18,2.806925525779707
2024-12-19,2.8354294338378048
2024-12-20,2.865302838131117
2024-12-23,2.877076642027158
2024-12-24,2.8273013115242938
2024-12-26,2.852885370739892
2024-12-27,2.7814639201747036
2024-12-30,2.766064063046204
2024-12-31,2.7803943220662193
