date,portfolio_value
2010-09-30,1000079.3650793651
2010-10-01,1000158.736457546
2010-10-04,1000238.1141350426
2010-10-05,1000317.498112355
2010-10-06,1000396.888389983
2010-10-07,1000476.2849684267
2010-10-08,1000555.6878481861
2010-10-11,1000635.0970297614
2010-10-12,1000714.5125136527
2010-10-13,1000793.9343003602
2010-10-14,1000873.362390384
2010-10-15,1000952.7967842245
2010-10-18,1001032.237482382
2010-10-19,1001111.6844853568
2010-10-20,1001191.1377936492
2010-10-21,1001270.5974077599
2010-10-22,1001350.0633281891
2010-10-25,1001429.5355554373
2010-10-26,1001509.0140900052
2010-10-27,1001588.4989323933
2010-10-28,1001667.9900831021
2010-10-29,1001747.4875426325
2010-11-01,1001826.9913114851
2010-11-02,1001906.5013901605
2010-11-03,1001986.0177791597
2010-11-04,1002065.5404789834
2010-11-05,1002145.0694901325
2010-11-08,1002224.6048131079
2010-11-09,1002304.1464484105
2010-11-10,1002383.6943965413
2010-11-11,1002463.2486580014
2010-11-12,1002542.8092332918
2010-11-15,1002622.3761229134
2010-11-16,1002701.9493273676
2010-11-17,1002781.5288471555
2010-11-18,1002861.1146827783
2010-11-19,1002940.7068347372
2010-11-22,1003020.3053035336
2010-11-23,1003099.9100896688
2010-11-24,1003179.5211936441
2010-11-26,1003259.1386159611
2010-11-29,1003338.7623571211
2010-11-30,1003418.3924176256
2010-12-01,1003498.0287979762
2010-12-02,1003577.6714986744
2010-12-03,1003657.320520222
2010-12-06,1003736.9758631204
2010-12-07,1003816.6375278714
2010-12-08,1003896.3055149768
2010-12-09,1003975.9798249383
2010-12-10,1004055.6604582578
2010-12-13,1004135.347415437
2010-12-14,1004215.0406969779
2010-12-15,1004294.7403033824
2010-12-16,1004374.4462351525
2010-12-17,1004454.1584927903
2010-12-20,1004533.8770767977
2010-12-21,1004613.6019876768
2010-12-22,1004693.3332259298
2010-12-23,1004773.0707920588
2010-12-27,1004852.8146865661
2010-12-28,1004932.564909954
2010-12-29,1005012.3214627246
2010-12-30,1005092.0843453803
2010-12-31,1005171.8535584236
2011-01-03,1005251.6291023567
2011-01-04,1005331.4109776823
2011-01-05,1005411.1991849028
2011-01-06,1005490.9937245207
2011-01-07,1005570.7945970385
2011-01-10,1005650.601802959
2011-01-11,1005730.4153427846
2011-01-12,1005810.2352170182
2011-01-13,1005890.0614261624
2011-01-14,1005969.89397072
2011-01-18,1006049.7328511939
2011-01-19,1006129.5780680869
2011-01-20,1006209.4296219018
2011-01-21,1006289.2875131416
2011-01-24,1006369.1517423093
2011-01-25,1006449.022309908
2011-01-26,1006528.8992164405
2011-01-27,1006608.78246241
2011-01-28,1006688.6720483197
2011-01-31,1006768.5679746728
2011-02-01,1006848.4702419724
2011-02-02,1006928.3788507218
2011-02-03,1007008.2938014242
2011-02-04,1007088.2150945831
2011-02-07,1007168.1427307017
2011-02-08,1007248.0767102835
2011-02-09,1007328.0170338319
2011-02-10,1007407.9637018505
2011-02-11,1007487.9167148427
2011-02-14,1007567.8760733121
2011-02-15,1007647.8417777624
2011-02-16,1007727.8138286972
2011-02-17,1007807.7922266201
2011-02-18,1007887.776972035
2011-02-22,1007967.7680654455
2011-02-23,1008047.7655073554
2011-02-24,1008127.7692982687
2011-02-25,1008207.7794386892
2011-02-28,1008287.7959291209
2011-03-01,1008367.8187700676
2011-03-02,1008447.8479620336
2011-03-03,1008527.8835055226
2011-03-04,1008607.925401039
2011-03-07,1008687.9736490867
2011-03-08,1008768.0282501699
2011-03-09,1008848.089204793
2011-03-10,1008928.15651346
2011-03-11,1009008.2301766754
2011-03-14,1009088.3101949433
2011-03-15,1009168.3965687683
2011-03-16,1009248.4892986547
2011-03-17,1009328.588385107
2011-03-18,1009408.6938286297
2011-03-21,1009488.8056297272
2011-03-22,1009568.9237889042
2011-03-23,1009649.0483066653
2011-03-24,1009729.179183515
2011-03-25,1009809.3164199581
2011-03-28,1009889.4600164994
2011-03-29,1009969.6099736436
2011-03-30,1010049.7662918954
2011-03-31,1008408.2168613267
2011-04-01,1010246.7410630322
2011-04-04,1013259.1411323812
2011-04-05,1024408.0077197907
2011-04-06,1023444.0557220422
2011-04-07,1032979.2182168217
2011-04-08,1027480.2929903058
2011-04-11,1023621.6770357104
2011-04-12,1009946.773168794
2011-04-13,997067.7672408245
2011-04-14,999474.1231262712
2011-04-15,1006425.6405581706
2011-04-18,1016231.5835211943
2011-04-19,990033.5418296228
2011-04-20,984641.551543812
2011-04-21,990820.7892258016
2011-04-25,998807.4809192423
2011-04-26,993895.8596640655
2011-04-27,997564.4292307581
2011-04-28,1003257.4051179265
2011-04-29,999215.8463373411
2011-05-02,995816.9698989553
2011-05-03,988747.3688950868
2011-05-04,982891.8758003484
2011-05-05,996891.4122737164
2011-05-06,982528.2265174215
2011-05-09,990576.2957472729
2011-05-10,998937.4471842492
2011-05-11,1003822.7227263002
2011-05-12,999375.4544639864
2011-05-13,994198.8107340238
2011-05-16,983741.0033757901
2011-05-17,974452.6849210111
2011-05-18,975821.6203461479
2011-05-19,972801.7081022073
2011-05-20,974114.0486956849
2011-05-23,967633.6933179327
2011-05-24,953072.3246823333
2011-05-25,955649.2796364569
2011-05-26,955525.1712828926
2011-05-27,964790.0111635369
2011-05-31,971070.4784184158
2011-06-01,988144.3911165006
2011-06-02,973623.2628531742
2011-06-03,970781.9096147182
2011-06-06,955727.1135830559
2011-06-07,947800.2520186679
2011-06-08,945805.9617736975
2011-06-09,937209.1108387368
2011-06-10,949659.5463156789
2011-06-13,921403.0954829102
2011-06-14,925061.1251220955
2011-06-15,945464.0021698904
2011-06-16,922484.0129572237
2011-06-17,917758.9291778585
2011-06-20,926225.331713565
2011-06-21,927879.084511264
2011-06-22,941335.3850111003
2011-06-23,933634.6994859678
2011-06-24,938983.7528824337
2011-06-27,922378.8946540934
2011-06-28,936871.5964219855
2011-06-29,941091.9364227692
2011-06-30,938083.3141036102
2011-07-01,946081.6043822012
2011-07-05,947806.368043198
2011-07-06,948179.0635340523
2011-07-07,952998.0440640246
2011-07-08,964978.5295761822
2011-07-11,950702.6121671714
2011-07-12,930170.4037889794
2011-07-13,931621.9135451067
2011-07-14,932353.4541318604
2011-07-15,924984.621778739
2011-07-18,928690.5084985407
2011-07-19,919685.1635252329
2011-07-20,943770.662166821
2011-07-21,935600.9029419627
2011-07-22,945352.1902035463
2011-07-25,934991.6859180096
2011-07-26,923721.2953294036
2011-07-27,920609.9813877974
2011-07-28,889464.6619960685
2011-07-29,895181.3345728677
2011-08-01,881265.7498668389
2011-08-02,853319.6874530439
2011-08-03,827636.4152695038
2011-08-04,803109.4523494844
2011-08-05,743297.0437716229
2011-08-08,725212.7970421943
2011-08-09,684825.0145022089
2011-08-10,732208.0617581625
2011-08-11,683331.4300964281
2011-08-12,718220.3035864389
2011-08-15,733041.1955996546
2011-08-16,763027.8953056486
2011-08-17,761126.7094039867
2011-08-18,756297.24347701
2011-08-19,726684.0144713211
2011-08-22,701440.668246635
2011-08-23,696420.1291983183
2011-08-24,720918.9578771524
2011-08-25,725272.4846005951
2011-08-26,704383.7858908325
2011-08-29,730963.666344097
2011-08-30,770326.9616508116
2011-08-31,769902.3067371268
2011-09-01,768220.6985807432
2011-09-02,748124.4650461377
2011-09-06,722953.3371780782
2011-09-07,721117.8887971779
2011-09-08,758605.9109533564
2011-09-09,755016.4267220389
2011-09-12,726173.5844486849
2011-09-13,744518.2244141552
2011-09-14,748085.6142410124
2011-09-15,752804.9133205636
2011-09-16,762051.6120365817
2011-09-19,760549.8449253595
2011-09-20,750028.2141735667
2011-09-21,754612.7215438173
2011-09-22,721936.2388812358
2011-09-23,697205.6190321421
2011-09-26,695023.3542636856
2011-09-27,719696.5041972799
2011-09-28,727328.866817763
2011-09-29,705601.6125073404
2011-09-30,714234.5183076558
2011-10-03,649758.6195781523
2011-10-04,640042.064544224
2011-10-05,659132.8098813716
2011-10-06,678618.2641867386
2011-10-07,679144.8911784006
2011-10-10,665703.4194802162
2011-10-11,710372.1410262723
2011-10-12,718857.921447383
2011-10-13,731229.4332040242
2011-10-14,734729.7856373164
2011-10-17,752403.7071926497
2011-10-18,731336.724689461
2011-10-19,750242.1777674223
2011-10-20,731907.2030214235
2011-10-21,734318.0946735794
2011-10-24,771300.2299591771
2011-10-25,781351.9001197473
2011-10-26,762992.2094155
2011-10-27,784914.7212165673
2011-10-28,824411.8575740517
2011-10-31,821293.6984745973
2011-11-01,796761.1695141733
2011-11-02,766244.6743210211
2011-11-03,776882.1645844786
2011-11-04,810409.7753571043
2011-11-07,793161.1731308571
2011-11-08,790056.9226656159
2011-11-09,809068.2294870605
2011-11-10,771155.4956931756
2011-11-11,779307.740043764
2011-11-14,802206.7818206405
2011-11-15,791917.5173401568
2011-11-16,806474.171427979
2011-11-17,786662.0169162513
2011-11-18,764935.5837813993
2011-11-21,761863.4194001558
2011-11-22,729990.4162872622
2011-11-23,720291.5819214558
2011-11-25,689546.0929799656
2011-11-28,687104.4087305479
2011-11-29,719078.237338581
2011-11-30,724486.5452936797
2011-12-01,780987.7689917166
2011-12-02,797488.0887248552
2011-12-05,797773.0360996258
2011-12-06,818302.8899151705
2011-12-07,819138.6123296716
2011-12-08,816005.0343179784
2011-12-09,794729.8212327156
2011-12-12,813578.9614832917
2011-12-13,773746.0828265254
2011-12-14,756857.9851987188
2011-12-15,745183.3340089547
2011-12-16,756807.8396519473
2011-12-19,747374.3244724709
2011-12-20,735669.019856263
2011-12-21,781569.5436089624
2011-12-22,787191.3994410223
2011-12-23,789291.531632514
2011-12-27,797118.2312502092
2011-12-28,800391.8516908336
2011-12-29,782614.2070659578
2011-12-30,799808.5739814005
2012-01-03,795308.0120436412
2012-01-04,804080.2517929666
2012-01-05,792790.7605562009
2012-01-06,793814.2382566136
2012-01-09,789402.0277389418
2012-01-10,797330.6861418341
2012-01-11,801867.1078946152
2012-01-12,800785.409443629
2012-01-13,791843.5244987116
2012-01-17,780348.9478991549
2012-01-18,784586.5596156543
2012-01-19,787757.3162090282
2012-01-20,795659.6885078109
2012-01-23,807997.355817848
2012-01-24,810426.3203943486
2012-01-25,798234.9676332098
2012-01-26,799606.0199174162
2012-01-27,795997.1852521924
2012-01-30,790573.140439496
2012-01-31,784447.7620890071
2012-02-01,777550.3618033989
2012-02-02,792659.8001938603
2012-02-03,803449.1747851643
2012-02-06,821560.7705777904
2012-02-07,820820.0737278434
2012-02-08,819174.3073906894
2012-02-09,812035.9866149536
2012-02-10,810710.6330047171
2012-02-13,797883.1513842518
2012-02-14,812702.872389623
2012-02-15,812546.9195605128
2012-02-16,817648.3350733559
2012-02-17,837019.9970290558
2012-02-21,838335.8993338338
2012-02-22,833672.7393190379
2012-02-23,834655.6928296363
2012-02-24,829720.4500458108
2012-02-27,829999.9037051128
2012-02-28,827933.7464242037
2012-02-29,823216.092191832
2012-03-01,814486.1911261857
2012-03-02,807955.070759848
2012-03-05,807017.5261064454
2012-03-06,807321.7233365229
2012-03-07,789275.5996559093
2012-03-08,787084.1885700524
2012-03-09,809995.809892253
2012-03-12,797357.1867598079
2012-03-13,797320.4808253838
2012-03-14,817028.2358230589
2012-03-15,818081.9435234102
2012-03-16,829540.0746262312
2012-03-19,836504.1942848649
2012-03-20,833445.3841921716
2012-03-21,821824.9872301067
2012-03-22,812819.3344807342
2012-03-23,813178.090134956
2012-03-26,812035.5688748339
2012-03-27,823649.0832489504
2012-03-28,816985.1375526286
2012-03-29,807957.5976368994
2012-03-30,790447.3149546421
2012-04-02,799288.7941990016
2012-04-03,801577.7780458556
2012-04-04,798989.8901940325
2012-04-05,787106.7889437777
2012-04-09,794669.5117449645
2012-04-10,783514.5741060836
2012-04-11,762565.7784201263
2012-04-12,770794.7047598294
2012-04-13,782951.2802926486
2012-04-16,773267.2803933996
2012-04-17,766891.1751544594
2012-04-18,775849.8312473352
2012-04-19,771566.147811204
2012-04-20,770084.386635511
2012-04-23,764513.7467574052
2012-04-24,765988.2388654904
2012-04-25,766536.458486422
2012-04-26,781418.1715487065
2012-04-27,796667.5855057052
2012-04-30,794047.1141910675
2012-05-01,780041.8422959587
2012-05-02,787601.5574834864
2012-05-03,787730.3335831666
2012-05-04,782401.638979774
2012-05-07,772495.8783492842
2012-05-08,782524.8427820663
2012-05-09,779123.5962595643
2012-05-10,773035.1023758865
2012-05-11,768825.7875797234
2012-05-14,764798.095869943
2012-05-15,759281.2219267515
2012-05-16,751704.4271053136
2012-05-17,747321.4797388308
2012-05-18,733058.9917520273
2012-05-21,719550.7751773949
2012-05-22,726829.5903385902
2012-05-23,732060.3290474332
2012-05-24,730449.2086387124
2012-05-25,737300.0447340198
2012-05-29,734229.7424933921
2012-05-30,748464.1466683615
2012-05-31,739097.0793648796
2012-06-01,736788.7757359577
2012-06-04,716383.6983163783
2012-06-05,711766.3704618872
2012-06-06,718666.361183373
2012-06-07,734692.8368398265
2012-06-08,736226.8225800078
2012-06-11,737505.8837487126
2012-06-12,720638.0171173234
2012-06-13,725684.2033554169
2012-06-14,726528.5078157136
2012-06-15,740221.8928693382
2012-06-18,743792.217496298
2012-06-19,752341.9197302603
2012-06-20,763326.6459644736
2012-06-21,772874.2288918528
2012-06-22,758358.3408613624
2012-06-25,778356.4541597397
2012-06-26,757485.328037088
2012-06-27,765064.3180249319
2012-06-28,780021.484021516
2012-06-29,767162.6595351459
2012-07-02,800047.2641677033
2012-07-03,812747.2091254969
2012-07-05,828858.5230345774
2012-07-06,825865.8243804717
2012-07-09,799669.4583122324
2012-07-10,770450.7613806233
2012-07-11,764916.258159362
2012-07-12,758964.8525383174
2012-07-13,742870.5084539539
2012-07-16,757391.7079347637
2012-07-17,749728.5127903215
2012-07-18,751622.2373355122
2012-07-19,746537.0449270549
2012-07-20,752576.5590406642
2012-07-23,740552.5393971701
2012-07-24,723313.3889634211
2012-07-25,720287.417287946
2012-07-26,710956.692393444
2012-07-27,724623.1205523333
2012-07-30,737051.2670712229
2012-07-31,738606.701323144
2012-08-01,718348.9526075851
2012-08-02,711865.2586844991
2012-08-03,711137.774834336
2012-08-06,737259.8619679476
2012-08-07,745344.0057627049
2012-08-08,747910.6392428159
2012-08-09,749096.0294115508
2012-08-10,747084.8598937385
2012-08-13,746140.0059236754
2012-08-14,742795.5453162937
2012-08-15,749322.8751820292
2012-08-16,748153.0253087806
2012-08-17,760326.927656752
2012-08-20,757476.7811516812
2012-08-21,759690.1437686529
2012-08-22,750382.0621633745
2012-08-23,745003.3292550446
2012-08-24,739615.4204823902
2012-08-27,746747.228114522
2012-08-28,749884.520444583
2012-08-29,749529.1782604407
2012-08-30,749049.1487865556
2012-08-31,737996.8118889218
2012-09-04,748385.0556333908
2012-09-05,751245.4219311329
2012-09-06,740162.8187029682
2012-09-07,762648.7396440455
2012-09-10,771203.534350264
2012-09-11,771149.4844014982
2012-09-12,772940.1920134482
2012-09-13,775006.644108101
2012-09-14,790145.8246504498
2012-09-17,790732.2459413508
2012-09-18,786467.2112406078
2012-09-19,785445.3740989502
2012-09-20,780532.6947823238
2012-09-21,788472.2768992119
2012-09-24,789321.2465383186
2012-09-25,785744.4783026323
2012-09-26,776704.1636834318
2012-09-27,766994.2756540886
2012-09-28,773104.8101918121
2012-10-01,768020.9927864056
2012-10-02,768428.7722230855
2012-10-03,761612.6759769586
2012-10-04,764280.9544093776
2012-10-05,763461.0790159344
2012-10-08,765469.0715693634
2012-10-09,768516.9489940553
2012-10-10,759663.7140378469
2012-10-11,756659.5923799778
2012-10-12,754320.540906718
2012-10-15,743352.8252067856
2012-10-16,748866.8192352664
2012-10-17,760427.1509971479
2012-10-18,759829.0091895359
2012-10-19,757863.6586366168
2012-10-22,742071.9393258233
2012-10-23,750300.1961211143
2012-10-24,740491.5078252592
2012-10-25,738228.6716359012
2012-10-26,738235.0227865853
2012-10-31,741358.655451663
2012-11-01,737615.5778313929
2012-11-02,755270.1567551496
2012-11-05,753380.3952605524
2012-11-06,756423.3711448138
2012-11-07,761671.4703021458
2012-11-08,739961.3892535955
2012-11-09,728256.9078027596
2012-11-12,726950.471378878
2012-11-13,725722.8082360135
2012-11-14,723710.8040314446
2012-11-15,710550.1875817258
2012-11-16,704072.1063070521
2012-11-19,709543.4533121412
2012-11-20,725572.6413133373
2012-11-21,733635.0230878358
2012-11-23,726800.835635858
2012-11-26,745483.6470403085
2012-11-27,749373.9658348162
2012-11-28,742087.5128960938
2012-11-29,754798.8965102048
2012-11-30,762646.8385987687
2012-12-03,767104.3907561356
2012-12-04,766153.6958195973
2012-12-05,763217.6496832364
2012-12-06,757290.1845111073
2012-12-07,756635.1526328503
2012-12-10,760632.8260252986
2012-12-11,756044.3050370864
2012-12-12,761272.1337056796
2012-12-13,761261.244889198
2012-12-14,757788.5015017567
2012-12-17,754290.1574131859
2012-12-18,764993.5714595562
2012-12-19,783140.8679194838
2012-12-20,774323.9687612087
2012-12-21,781103.2230266129
2012-12-24,771984.951520966
2012-12-26,764326.801126112
2012-12-27,760112.8833699554
2012-12-28,767049.4624889041
2012-12-31,758462.686239167
2013-01-02,773137.8278785994
2013-01-03,797478.5123151651
2013-01-04,798576.7455381636
2013-01-07,817551.317873062
2013-01-08,809126.904736317
2013-01-09,808497.936728994
2013-01-10,809262.5663560153
2013-01-11,804880.688185204
2013-01-14,808213.1256043502
2013-01-15,810496.570436802
2013-01-16,808609.955848606
2013-01-17,808118.8411933746
2013-01-18,814815.4803536925
2013-01-22,817494.0000595843
2013-01-23,819561.4156056334
2013-01-24,822525.4388136859
2013-01-25,822308.4483035653
2013-01-28,835376.7593001272
2013-01-29,844240.1150029787
2013-01-30,840705.3247963868
2013-01-31,845040.0267033066
2013-02-01,848594.8191888706
2013-02-04,854495.879982713
2013-02-05,842657.4243235171
2013-02-06,854738.590619879
2013-02-07,853695.9933091485
2013-02-08,854590.7031176086
2013-02-11,855718.0209983753
2013-02-12,847789.6314644992
2013-02-13,852743.0811974596
2013-02-14,854379.1533963782
2013-02-15,857781.4008502336
2013-02-19,865853.6054492887
2013-02-20,861320.0371863277
2013-02-21,846502.601645045
2013-02-22,852407.4240251017
2013-02-25,852454.4827051056
2013-02-26,835313.5305326281
2013-02-27,839587.0750776492
2013-02-28,852154.0980411003
2013-03-01,847106.6092892141
2013-03-04,844913.697036139
2013-03-05,845088.1550017815
2013-03-06,853429.4759263429
2013-03-07,862746.7569475181
2013-03-08,859369.1071645969
2013-03-11,864041.8716744002
2013-03-12,868773.7477638259
2013-03-13,870595.647625399
2013-03-14,873963.5070025687
2013-03-15,884718.3779428201
2013-03-18,892866.5004123684
2013-03-19,897334.8457505159
2013-03-20,895124.4584108806
2013-03-21,904381.345602107
2013-03-22,887001.1194395744
2013-03-25,896896.368547258
2013-03-26,889966.0113432547
2013-03-27,899510.531113516
2013-03-28,889483.1018134577
2013-04-01,893174.8820524369
2013-04-02,882634.2713115463
2013-04-03,890293.0980136936
2013-04-04,889912.0043303913
2013-04-05,899039.0047581702
2013-04-08,894678.3948260105
2013-04-09,896883.0279221125
2013-04-10,908320.9520072825
2013-04-11,921509.8736687967
2013-04-12,922285.4579089596
2013-04-15,904458.7763641437
2013-04-16,881850.7971966898
2013-04-17,899249.1284198555
2013-04-18,897008.1874583149
2013-04-19,889392.2004660578
2013-04-22,891025.3776861234
2013-04-23,906342.951931429
2013-04-24,925042.4207583959
2013-04-25,927864.7653996957
2013-04-26,923857.4905254728
2013-04-29,920724.4279968914
2013-04-30,925657.5226043933
2013-05-01,917112.2796597992
2013-05-02,913069.2085051504
2013-05-03,930780.9804012126
2013-05-06,946324.6579266562
2013-05-07,941392.8648388248
2013-05-08,946280.2685546917
2013-05-09,959955.5902949668
2013-05-10,961433.5981711558
2013-05-13,959566.527760167
2013-05-14,963487.9881640383
2013-05-15,969054.4719172581
2013-05-16,975591.4489585059
2013-05-17,970887.9564114205
2013-05-20,989401.5497270635
2013-05-21,986276.289957476
2013-05-22,982842.8506971009
2013-05-23,986131.6479631523
2013-05-24,987753.6694611654
2013-05-28,991056.1614910002
2013-05-29,994489.9004191356
2013-05-30,991202.5534609213
2013-05-31,1000057.342519779
2013-06-03,994500.8933231795
2013-06-04,1003270.2434667124
2013-06-05,1005065.5698131146
2013-06-06,982257.9131929759
2013-06-07,985695.6542853897
2013-06-10,1012524.7928064602
2013-06-11,1015394.2342082261
2013-06-12,1007409.8134406612
2013-06-13,991184.1508812141
2013-06-14,1005510.6399244193
2013-06-17,988138.7935707888
2013-06-18,994679.1665381958
2013-06-19,1008161.0012256938
2013-06-20,999654.9019476152
2013-06-21,972033.5629572754
2013-06-24,972104.7395641546
2013-06-25,958211.0347436819
2013-06-26,960654.2790602132
2013-06-27,980903.8480046175
2013-06-28,986038.1486410606
2013-07-01,986050.8074842313
2013-07-02,991360.6158995492
2013-07-03,990182.6222851897
2013-07-05,991736.5770215091
2013-07-08,1004047.7532195474
2013-07-09,1008652.7509154561
2013-07-10,1021946.2107640943
2013-07-11,1018527.0618645534
2013-07-12,1036896.85534097
2013-07-15,1070764.0059282195
2013-07-16,1081272.4159098193
2013-07-17,1075174.511036838
2013-07-18,1085606.366641488
2013-07-19,1086595.1457741857
2013-07-22,1088271.918722847
2013-07-23,1089230.7764131147
2013-07-24,1083668.5459477217
2013-07-25,1087859.3459251358
2013-07-26,1074663.7896567506
2013-07-29,1070433.541899922
2013-07-30,1063675.337570846
2013-07-31,1056815.2071479065
2013-08-01,1055962.5194210836
2013-08-02,1065997.515623915
2013-08-05,1076512.5210545163
2013-08-06,1073163.8680992348
2013-08-07,1072601.2213574522
2013-08-08,1074161.0242853262
2013-08-09,1085891.1802440027
2013-08-12,1084271.1808679798
2013-08-13,1081012.339477898
2013-08-14,1088636.9278493605
2013-08-15,1080152.5829121594
2013-08-16,1064269.0281673993
2013-08-19,1050325.6012926775
2013-08-20,1053778.524461801
2013-08-21,1057248.5017834702
2013-08-22,1056774.365887711
2013-08-23,1076927.7970792127
2013-08-26,1086283.084751158
2013-08-27,1079848.3610019805
2013-08-28,1061171.3095388552
2013-08-29,1074321.4538064266
2013-08-30,1058727.7328657592
2013-09-03,1056605.985415728
2013-09-04,1057990.6166299398
2013-09-05,1072768.6156474988
2013-09-06,1075321.59652831
2013-09-09,1086260.7198233441
2013-09-10,1097175.7497451815
2013-09-11,1102657.702720825
2013-09-12,1107981.7013073657
2013-09-13,1113000.4323720415
2013-09-16,1105474.9968782316
2013-09-17,1119250.7788682058
2013-09-18,1118142.6980283952
2013-09-19,1128910.2624996807
2013-09-20,1134354.0737719242
2013-09-23,1132363.7603895548
2013-09-24,1135621.3845418617
2013-09-25,1136386.1963032412
2013-09-26,1126692.0233784157
2013-09-27,1128801.0528691781
2013-09-30,1131832.0506037571
2013-10-01,1129684.1538605085
2013-10-02,1137576.5101361873
2013-10-03,1138946.6031512744
2013-10-04,1123315.6442214758
2013-10-07,1137037.8531201822
2013-10-08,1118023.5489547548
2013-10-09,1096507.3679036335
2013-10-10,1092060.7611453398
2013-10-11,1128546.0903710462
2013-10-14,1133757.4501522402
2013-10-15,1138261.534226745
2013-10-16,1127227.8755523297
2013-10-17,1146529.3917869576
2013-10-18,1154674.1512188055
2013-10-21,1156949.7878068003
2013-10-22,1152373.2149288321
2013-10-23,1163522.4920102009
2013-10-24,1165587.3489475476
2013-10-25,1158539.7346232666
2013-10-28,1155847.894681613
2013-10-29,1156589.2048473656
2013-10-30,1137764.609973276
2013-10-31,1143740.3164260136
2013-11-01,1133571.6854306578
2013-11-04,1140970.6187229073
2013-11-05,1143644.917540496
2013-11-06,1126437.7366490732
2013-11-07,1132749.0342015163
2013-11-08,1119485.628079449
2013-11-11,1136655.1414641282
2013-11-12,1135671.946905517
2013-11-13,1133011.5959139366
2013-11-14,1137537.780191678
2013-11-15,1146636.6504510643
2013-11-18,1146858.7828110678
2013-11-19,1144839.194345095
2013-11-20,1151392.9359324337
2013-11-21,1157298.5835583645
2013-11-22,1161220.4327168965
2013-11-25,1169054.7403418054
2013-11-26,1177569.4201634272
2013-11-27,1181458.6704728215
2013-11-29,1191657.5287700235
2013-12-02,1178653.2113447129
2013-12-03,1184024.7462054153
2013-12-04,1175816.6228200018
2013-12-05,1173991.0206128869
2013-12-06,1151098.6230804392
2013-12-09,1154005.835333467
2013-12-10,1155621.7100636307
2013-12-11,1147172.3681423515
2013-12-12,1145516.2404866253
2013-12-13,1144812.9122358253
2013-12-16,1143771.2312611567
2013-12-17,1151183.4133388149
2013-12-18,1131058.5666760686
2013-12-19,1150785.3227088037
2013-12-20,1169240.1739299926
2013-12-23,1184943.3798250763
2013-12-24,1199130.742197342
2013-12-26,1190424.3043684391
2013-12-27,1200373.5726575446
2013-12-30,1193796.0248414497
2013-12-31,1187411.2484134256
2014-01-02,1203260.3731800162
2014-01-03,1194244.4290289134
2014-01-06,1196806.7447734391
2014-01-07,1190931.5460876925
2014-01-08,1199175.4479926396
2014-01-09,1191796.763469924
2014-01-10,1191622.6865953146
2014-01-13,1195193.1426117038
2014-01-14,1186669.1816670906
2014-01-15,1198927.4290751568
2014-01-16,1214078.6823506635
2014-01-17,1215742.1875164234
2014-01-21,1225919.4546667023
2014-01-22,1237048.833808283
2014-01-23,1240037.7341808914
2014-01-24,1235824.512982302
2014-01-27,1199846.5749326816
2014-01-28,1199921.7761943117
2014-01-29,1204499.786348015
2014-01-30,1182710.2731233796
2014-01-31,1180894.548736666
2014-02-03,1166577.1393923506
2014-02-04,1142946.6258330154
2014-02-05,1140848.292254931
2014-02-06,1133309.7380424773
2014-02-07,1149579.4661539467
2014-02-10,1157740.9237084358
2014-02-11,1153319.682107734
2014-02-12,1170053.4462269652
2014-02-13,1187330.8070058946
2014-02-14,1185951.1004958285
2014-02-18,1205338.7740320435
2014-02-19,1203434.1431541278
2014-02-20,1202093.871706723
2014-02-21,1208535.112741992
2014-02-24,1210102.7140959117
2014-02-25,1213671.6095791743
2014-02-26,1216559.9691355282
2014-02-27,1227674.982183946
2014-02-28,1244466.5639927755
2014-03-03,1248333.3607745792
2014-03-04,1247862.5007965534
2014-03-05,1253821.313860879
2014-03-06,1252439.6582382517
2014-03-07,1247279.8325365388
2014-03-10,1249452.9808087721
2014-03-11,1232729.6180313544
2014-03-12,1231293.4377045485
2014-03-13,1228557.743349942
2014-03-14,1222199.2688445402
2014-03-17,1209082.988843987
2014-03-18,1238292.4583482703
2014-03-19,1241667.9626949062
2014-03-20,1235712.722880696
2014-03-21,1253772.6541676081
2014-03-24,1238889.921594355
2014-03-25,1231348.4749932443
2014-03-26,1224729.3216324835
2014-03-27,1221245.4284947477
2014-03-28,1221568.7218044386
2014-03-31,1232090.3901939064
2014-04-01,1247700.891414377
2014-04-02,1261136.539679734
2014-04-03,1261061.3621075558
2014-04-04,1248693.8161231317
2014-04-07,1238655.575778307
2014-04-08,1232034.2020482789
2014-04-09,1228828.7374679574
2014-04-10,1244881.3512949578
2014-04-11,1212573.4613345235
2014-04-14,1202104.2378045751
2014-04-15,1205497.221855024
2014-04-16,1207724.4175951863
2014-04-17,1223217.7387318907
2014-04-21,1228208.5496915777
2014-04-22,1235690.5984314012
2014-04-23,1235374.636931095
2014-04-24,1225767.8056373477
2014-04-25,1223079.9499304076
2014-04-28,1208189.0753005492
2014-04-29,1203945.394220265
2014-04-30,1199113.7914089367
2014-05-01,1200719.5725740746
2014-05-02,1208449.0505886714
2014-05-05,1202241.273440203
2014-05-06,1195397.0692414984
2014-05-07,1183635.0535347497
2014-05-08,1177430.7900408653
2014-05-09,1180204.7302675012
2014-05-12,1195131.2936032976
2014-05-13,1198335.269832437
2014-05-14,1181643.4218912227
2014-05-15,1182417.4387896787
2014-05-16,1173185.958867602
2014-05-19,1181534.5829167548
2014-05-20,1180423.892047513
2014-05-21,1164691.8433339954
2014-05-22,1182083.5232126557
2014-05-23,1182190.8692824752
2014-05-27,1195894.6711151986
2014-05-28,1205787.866532551
2014-05-29,1200622.1693601198
2014-05-30,1208828.8852502939
2014-06-02,1195851.3416492238
2014-06-03,1189627.2799403954
2014-06-04,1192505.6202867206
2014-06-05,1209737.1934661428
2014-06-06,1220385.4194276
2014-06-09,1230775.6151280582
2014-06-10,1224009.5094705003
2014-06-11,1222180.0394543184
2014-06-12,1218048.8260233519
2014-06-13,1204568.1169615733
2014-06-16,1207314.136052499
2014-06-17,1208975.4215949066
2014-06-18,1206407.2438801522
2014-06-19,1211992.5730433296
2014-06-20,1217428.3886305052
2014-06-23,1210458.819227029
2014-06-24,1200212.6032653435
2014-06-25,1194478.7552692574
2014-06-26,1197211.2296599222
2014-06-27,1207211.205049724
2014-06-30,1214355.8450633616
2014-07-01,1219322.5895954524
2014-07-02,1225260.6721464274
2014-07-03,1231830.1568535743
2014-07-07,1226335.4008685388
2014-07-08,1214420.8493806142
2014-07-09,1196280.001724058
2014-07-10,1200602.1053427383
2014-07-11,1199697.5362569594
2014-07-14,1204523.2663355805
2014-07-15,1203432.4555526301
2014-07-16,1193029.3694080058
2014-07-17,1195322.8899322173
2014-07-18,1181073.3249130528
2014-07-21,1192922.8159302988
2014-07-22,1191084.8688722563
2014-07-23,1196677.210939035
2014-07-24,1189185.3832522572
2014-07-25,1187774.290076024
2014-07-28,1169666.2799956088
2014-07-29,1179170.3605456827
2014-07-30,1188310.3598757084
2014-07-31,1196905.1234444901
2014-08-01,1167414.7254953135
2014-08-04,1162405.992189221
2014-08-05,1182448.5374763159
2014-08-06,1177178.8316522988
2014-08-07,1169725.481434045
2014-08-08,1153864.5120185951
2014-08-11,1186041.838571698
2014-08-12,1189449.888257123
2014-08-13,1182028.1445595466
2014-08-14,1190348.3786063471
2014-08-15,1199578.1006824072
2014-08-18,1206019.6546147317
2014-08-19,1219867.2647562157
2014-08-20,1212460.8487690468
2014-08-21,1218060.3609496711
2014-08-22,1223004.9963942838
2014-08-25,1216979.1844782056
2014-08-26,1230441.4147319025
2014-08-27,1231534.45759943
2014-08-28,1225265.8243905657
2014-08-29,1229737.7128269144
2014-09-02,1239645.7257910788
2014-09-03,1234437.0828762304
2014-09-04,1241599.0653257319
2014-09-05,1236264.6861654548
2014-09-08,1255109.5718898047
2014-09-09,1249765.0608964707
2014-09-10,1239922.5634044812
2014-09-11,1246408.843063603
2014-09-12,1245620.4120220214
2014-09-15,1224507.3135408158
2014-09-16,1211273.9803730547
2014-09-17,1221040.5189586147
2014-09-18,1215421.056809588
2014-09-19,1216236.9723085803
2014-09-22,1203754.0993430733
2014-09-23,1190105.643733389
2014-09-24,1170630.7463369751
2014-09-25,1189093.6907752857
2014-09-26,1161114.2934401277
2014-09-29,1170447.1082826455
2014-09-30,1160965.8059199955
2014-10-01,1159315.4167915657
2014-10-02,1152922.6282947238
2014-10-03,1140381.850151984
2014-10-06,1149987.7844131452
2014-10-07,1158387.7057389256
2014-10-08,1127066.3913577807
2014-10-09,1144889.2584919971
2014-10-10,1128857.8432895057
2014-10-13,1131109.2519768435
2014-10-14,1125243.2734064648
2014-10-15,1148297.0281672021
2014-10-16,1158079.6270570774
2014-10-17,1126404.591782915
2014-10-20,1141109.4233554143
2014-10-21,1146777.4225782526
2014-10-22,1164374.4273134707
2014-10-23,1158174.9834446523
2014-10-24,1163292.2904531152
2014-10-27,1169428.335596131
2014-10-28,1184056.8658577874
2014-10-29,1209092.8692859751
2014-10-30,1208812.2764074681
2014-10-31,1219646.0022962783
2014-11-03,1236738.736151082
2014-11-04,1244770.9578315422
2014-11-05,1232770.986775813
2014-11-06,1247979.65370874
2014-11-07,1253201.3066392299
2014-11-10,1257784.13521152
2014-11-11,1251851.1194408194
2014-11-12,1266593.582828497
2014-11-13,1246941.6485279212
2014-11-14,1243883.8059287015
2014-11-17,1232459.826665577
2014-11-18,1226873.5878270396
2014-11-19,1228273.2654291498
2014-11-20,1242031.633003134
2014-11-21,1240481.4947113907
2014-11-24,1261673.5197304974
2014-11-25,1260052.1203701866
2014-11-26,1260369.4213661053
2014-11-28,1252136.5319060083
2014-12-01,1229861.1221794675
2014-12-02,1224277.9219230048
2014-12-03,1238144.7048169714
2014-12-04,1234615.1210419028
2014-12-05,1243844.0338214242
2014-12-08,1235157.0276809724
2014-12-09,1255661.614393381
2014-12-10,1262677.6849966971
2014-12-11,1245775.780990391
2014-12-12,1265688.4308635073
2014-12-15,1246678.8599154628
2014-12-16,1243565.381076435
2014-12-17,1273080.3075043408
2014-12-18,1284131.2991198737
2014-12-19,1314397.6737646044
2014-12-22,1320055.0668677061
2014-12-23,1329230.315965418
2014-12-24,1333862.6325256072
2014-12-26,1340047.4228434686
2014-12-29,1351580.6450001611
2014-12-30,1351610.121808743
2014-12-31,1357915.2412584152
2015-01-02,1350991.1320635118
2015-01-05,1333796.3808274472
2015-01-06,1283937.207121652
2015-01-07,1258770.0831156936
2015-01-08,1273772.6604368966
2015-01-09,1306818.4890167129
2015-01-12,1289288.1177183324
2015-01-13,1278630.9037755071
2015-01-14,1283125.1271292798
2015-01-15,1260270.2800228205
2015-01-16,1251122.7826149408
2015-01-20,1248727.9203066488
2015-01-21,1247743.9758057971
2015-01-22,1240404.067734639
2015-01-23,1268650.8533973333
2015-01-26,1274570.4123597092
2015-01-27,1298777.502324221
2015-01-28,1257205.5522669454
2015-01-29,1237766.7412681489
2015-01-30,1244172.0702583236
2015-02-02,1241769.5004141738
2015-02-03,1294107.3611773823
2015-02-04,1307139.2376494238
2015-02-05,1310237.849455532
2015-02-06,1325621.1593008651
2015-02-09,1338364.3288579115
2015-02-10,1302518.0796610345
2015-02-11,1318462.6683861357
2015-02-12,1324626.3166999817
2015-02-13,1348539.3405331636
2015-02-17,1365159.2441815347
2015-02-18,1361354.0781884042
2015-02-19,1359522.784703604
2015-02-20,1343808.6614627254
2015-02-23,1335835.5674708525
2015-02-24,1335534.0186089303
2015-02-25,1339897.1462970565
2015-02-26,1334022.0781972948
2015-02-27,1331487.2532462461
2015-03-02,1315125.3537631102
2015-03-03,1328218.4414163865
2015-03-04,1324163.551978098
2015-03-05,1308442.454616067
2015-03-06,1310733.0320480973
2015-03-09,1276334.0369618777
2015-03-10,1285210.2690883903
2015-03-11,1276772.9076656827
2015-03-12,1259828.518208726
2015-03-13,1273123.6978101789
2015-03-16,1229611.9953803474
2015-03-17,1247133.1658524682
2015-03-18,1253964.3726866096
2015-03-19,1270673.623564252
2015-03-20,1263587.6880825937
2015-03-23,1288657.4915322107
2015-03-24,1305221.1089589004
2015-03-25,1306549.551687576
2015-03-26,1288659.6164632905
2015-03-27,1266189.516517884
2015-03-30,1265337.4560925846
2015-03-31,1284819.1762202042
2015-04-01,1286582.7458751139
2015-04-02,1289999.5743583655
2015-04-06,1318887.8733263072
2015-04-07,1346639.5251575666
2015-04-08,1321180.9291630844
2015-04-09,1326764.3149561924
2015-04-10,1315691.2946845184
2015-04-13,1337800.9185900453
2015-04-14,1346907.901536298
2015-04-15,1408239.7057942234
2015-04-16,1402104.4321606706
2015-04-17,1399466.0544430534
2015-04-20,1383798.914863575
2015-04-21,1384391.373811792
2015-04-22,1363630.7899437954
2015-04-23,1382235.2485906533
2015-04-24,1375912.5315866282
2015-04-27,1372547.1225237562
2015-04-28,1368183.8104657624
2015-04-29,1393274.0559717573
2015-04-30,1395751.3895479455
2015-05-01,1358122.3614665514
2015-05-04,1370552.9771469028
2015-05-05,1379532.3609321988
2015-05-06,1351521.9852725754
2015-05-07,1325496.6507387601
2015-05-08,1322273.6037446244
2015-05-11,1348624.0494479425
2015-05-12,1343525.0670465827
2015-05-13,1331168.5112169518
2015-05-14,1309921.2448333977
2015-05-15,1329370.4009429333
2015-05-18,1334901.5585993682
2015-05-19,1320191.1931536836
2015-05-20,1317282.0038389566
2015-05-21,1328912.6155842247
2015-05-22,1326721.9623983197
2015-05-26,1322237.3585707946
2015-05-27,1289684.6962963904
2015-05-28,1293965.7913170524
2015-05-29,1300676.2772212087
2015-06-01,1275565.4339387822
2015-06-02,1287891.6125978031
2015-06-03,1285218.0955583071
2015-06-04,1281335.1989771812
2015-06-05,1285217.0963894895
2015-06-08,1288119.9929069704
2015-06-09,1281587.7512628948
2015-06-10,1274496.507046109
2015-06-11,1276699.0545099373
2015-06-12,1280436.353002995
2015-06-15,1266786.4745558903
2015-06-16,1259557.7022845133
2015-06-17,1261917.682686667
2015-06-18,1260856.1629750824
2015-06-19,1274917.0561831016
2015-06-22,1258986.5794528334
2015-06-23,1279133.9871007453
2015-06-24,1283513.6319233573
2015-06-25,1265167.229889584
2015-06-26,1252648.2231626355
2015-06-29,1253095.0235710777
2015-06-30,1223868.862825014
2015-07-01,1204480.508207535
2015-07-02,1208908.7582144097
2015-07-06,1204951.5209042786
2015-07-07,1192578.194964851
2015-07-08,1186335.8754046524
2015-07-09,1163507.7336351715
2015-07-10,1161495.8068515263
2015-07-13,1172176.769421087
2015-07-14,1185240.3818224324
2015-07-15,1172704.1653198479
2015-07-16,1159627.8730732277
2015-07-17,1152543.5035700265
2015-07-20,1130180.3325596403
2015-07-21,1133005.7989626387
2015-07-22,1122827.6587802744
2015-07-23,1106108.1202950692
2015-07-24,1089478.683615341
2015-07-27,1070865.8919140475
2015-07-28,1057835.5811036536
2015-07-29,1063962.6502271811
2015-07-30,1070955.4700590777
2015-07-31,1070716.5591625494
2015-08-03,1058890.800718399
2015-08-04,1059271.8301351857
2015-08-05,1041157.0671900879
2015-08-06,1050089.121877662
2015-08-07,1036059.0688183038
2015-08-10,1039232.3272879226
2015-08-11,1047817.2355221144
2015-08-12,1046801.0882537635
2015-08-13,1022652.5815445796
2015-08-14,1022789.8263923961
2015-08-17,1032745.4693729811
2015-08-18,1028263.1594697805
2015-08-19,1026957.8726336363
2015-08-20,1023355.4867986835
2015-08-21,1019244.9970108569
2015-08-24,997346.9952021239
2015-08-25,974395.7667861228
2015-08-26,973632.2648260924
2015-08-27,1028797.5007879398
2015-08-28,1062511.1548974814
2015-08-31,1091327.6744106512
2015-09-01,1043091.4358324283
2015-09-02,1028639.8376699708
2015-09-03,1029212.3812311116
2015-09-04,1019021.4325362431
2015-09-08,981261.71291225
2015-09-09,998607.5214518126
2015-09-10,982069.0903481476
2015-09-11,983087.1185246423
2015-09-14,992556.5666172705
2015-09-15,976206.2730834341
2015-09-16,994458.5894684325
2015-09-17,994715.8869152655
2015-09-18,983783.7769703042
2015-09-21,963797.9757391234
2015-09-22,959315.1427562602
2015-09-23,936728.239118472
2015-09-24,948784.9245393025
2015-09-25,924946.3063583632
2015-09-28,922862.4568660961
2015-09-29,908058.6097715925
2015-09-30,894469.4758771446
2015-10-01,906963.4821330117
2015-10-02,924929.3959558742
2015-10-05,957973.7852840116
2015-10-06,1012621.6027060221
2015-10-07,1008236.4792534393
2015-10-08,1031034.7256443439
2015-10-09,1033978.2391306624
2015-10-12,1014075.9881923142
2015-10-13,1005737.3521003167
2015-10-14,997684.4289949497
2015-10-15,997473.230276369
2015-10-16,999716.096831848
2015-10-19,981291.4326972645
2015-10-20,992436.4854573678
2015-10-21,980288.2711118486
2015-10-22,957953.8604968525
2015-10-23,964572.429172565
2015-10-26,947912.7037300267
2015-10-27,917594.9412216902
2015-10-28,929323.9309729828
2015-10-29,925450.0746453069
2015-10-30,919332.0630608718
2015-11-02,932296.8743345983
2015-11-03,948379.5018522134
2015-11-04,939471.6877380682
2015-11-05,931313.0459229451
2015-11-06,945294.2450469136
2015-11-09,933682.0114400274
2015-11-10,925751.6797721528
2015-11-11,919575.8932221252
2015-11-12,909904.6023837326
2015-11-13,906616.6286435421
2015-11-16,894962.3935910175
2015-11-17,893923.6110355819
2015-11-18,889439.2278469794
2015-11-19,891372.524276136
2015-11-20,884212.1829791267
2015-11-23,889099.3553877783
2015-11-24,911880.69883022
2015-11-25,919481.0676979383
2015-11-27,916375.5227887764
2015-11-30,919234.9689494877
2015-12-01,911480.876128068
2015-12-02,913482.2277058742
2015-12-03,912415.548703998
2015-12-04,882572.7584294918
2015-12-07,884178.977312534
2015-12-08,876362.8526554651
2015-12-09,878180.8781841666
2015-12-10,885161.4149705012
2015-12-11,884419.3169726991
2015-12-14,855533.3290511315
2015-12-15,863065.3617733117
2015-12-16,859456.8590096023
2015-12-17,872105.7170570178
2015-12-18,864226.3162868617
2015-12-21,845092.1324858508
2015-12-22,853971.5521546107
2015-12-23,880482.4625522764
2015-12-24,896873.2306576312
2015-12-28,881583.7854788303
2015-12-29,875179.5876110254
2015-12-30,882410.0619149242
2015-12-31,883294.3429503642
2016-01-04,874093.716306149
2016-01-05,859894.6279522855
2016-01-06,849155.9794916754
2016-01-07,825473.1936329345
2016-01-08,800482.2361343816
2016-01-11,779979.7411233833
2016-01-12,758694.959410922
2016-01-13,754010.215381836
2016-01-14,740793.5515282329
2016-01-15,747301.3839901952
2016-01-19,716091.1713433904
2016-01-20,722377.3911486693
2016-01-21,723715.724375082
2016-01-22,728318.7118556245
2016-01-25,745661.599886252
2016-01-26,738861.4101640636
2016-01-27,743956.0162900585
2016-01-28,734494.6282008993
2016-01-29,745601.334036458
2016-02-01,758873.4473813418
2016-02-02,748404.9777214673
2016-02-03,739872.3350151106
2016-02-04,752627.9075592293
2016-02-05,746592.8666442446
2016-02-08,731573.6713597585
2016-02-09,705744.5753690152
2016-02-10,703244.9447369265
2016-02-11,693836.5013148417
2016-02-12,698119.5361323217
2016-02-16,710512.6286334445
2016-02-17,735885.2201635687
2016-02-18,746047.6307351934
2016-02-19,739996.3587079311
2016-02-22,740555.1008931742
2016-02-23,751382.9232838505
2016-02-24,741928.9870249088
2016-02-25,749955.4078726505
2016-02-26,772368.7233487034
2016-02-29,788614.8320423617
2016-03-01,775650.0663654465
2016-03-02,806007.4407842326
2016-03-03,834957.4472426347
2016-03-04,843469.4171882564
2016-03-07,889098.9927209725
2016-03-08,859961.0820468942
2016-03-09,867234.2079421991
2016-03-10,866398.9789894569
2016-03-11,875209.2251053189
2016-03-14,885703.3251634948
2016-03-15,868169.4823833503
2016-03-16,855894.131047263
2016-03-17,871357.6053064454
2016-03-18,879878.9395488203
2016-03-21,881204.922330392
2016-03-22,877901.3312180219
2016-03-23,856462.9556965334
2016-03-24,853067.8291351424
2016-03-28,852185.4421499579
2016-03-29,847232.0622834462
2016-03-30,855403.1650461103
2016-03-31,851513.0303338423
2016-04-01,839712.8224946475
2016-04-04,848150.742014175
2016-04-05,843634.2894181251
2016-04-06,829196.5914670647
2016-04-07,839138.4548526458
2016-04-08,833475.707861977
2016-04-11,841241.234649179
2016-04-12,851524.0634976677
2016-04-13,870635.1248855977
2016-04-14,882313.1442156507
2016-04-15,883646.075806872
2016-04-18,877766.5908669013
2016-04-19,895109.24285202
2016-04-20,904469.993916781
2016-04-21,906821.1392233717
2016-04-22,916390.6107141521
2016-04-25,920410.6492052748
2016-04-26,930415.8789017154
2016-04-27,936051.7839524914
2016-04-28,940238.0019463124
2016-04-29,927280.38359012
2016-05-02,910103.5643914246
2016-05-03,909015.9747212642
2016-05-04,895772.6987194533
2016-05-05,886327.6247472632
2016-05-06,887348.9106339888
2016-05-09,883244.0106325496
2016-05-10,879153.2132041603
2016-05-11,897514.7547129241
2016-05-12,874333.3547324365
2016-05-13,877499.6346692082
2016-05-16,872835.7021066407
2016-05-17,889046.2942095298
2016-05-18,873777.5433892804
2016-05-19,866008.5182544048
2016-05-20,867483.2145416467
2016-05-23,868829.0166566336
2016-05-24,863354.6031467405
2016-05-25,887897.4430959856
2016-05-26,886940.7419891898
2016-05-27,886968.1749593312
2016-05-31,900443.5194271869
2016-06-01,899118.9427503152
2016-06-02,903969.8454378393
2016-06-03,906538.4463647343
2016-06-06,920318.1245623067
2016-06-07,926293.8320169393
2016-06-08,925901.4842650776
2016-06-09,918379.3456978016
2016-06-10,909744.2388414851
2016-06-13,897140.8847204293
2016-06-14,882161.6620417237
2016-06-15,894832.9489058085
2016-06-16,886708.6599252915
2016-06-17,903631.0901250766
2016-06-20,903031.955278782
2016-06-21,903168.8731161008
2016-06-22,903969.0979732705
2016-06-23,897956.0059743974
2016-06-24,933964.4488801692
2016-06-27,875341.9211963712
2016-06-28,847703.7813207135
2016-06-29,866268.9401511557
2016-06-30,872174.7404497426
2016-07-01,905582.8002476369
2016-07-05,891761.4822775497
2016-07-06,877217.666767038
2016-07-07,881059.5875020674
2016-07-08,884002.3851111443
2016-07-11,907063.7699947982
2016-07-12,930908.8447639693
2016-07-13,940462.8527473584
2016-07-14,929218.7525630635
2016-07-15,938311.3602862535
2016-07-18,939179.3384068913
2016-07-19,936249.8561371734
2016-07-20,938456.3192737871
2016-07-21,948428.9544399023
2016-07-22,938521.1476208209
2016-07-25,938529.1984043549
2016-07-26,948164.8992068734
2016-07-27,945876.0133314097
2016-07-28,935367.1182666135
2016-07-29,944362.2735497203
2016-08-01,937779.0778228459
2016-08-02,934111.5628917324
2016-08-03,933821.3973312099
2016-08-04,922322.46194216
2016-08-05,921173.7852691609
2016-08-08,948860.8633777562
2016-08-09,938670.9355370125
2016-08-10,932084.2094336271
2016-08-11,929995.7688933677
2016-08-12,941498.2932122815
2016-08-15,944415.2259766147
2016-08-16,950984.7466399082
2016-08-17,939760.4103322597
2016-08-18,956470.7817708323
2016-08-19,963196.4397805046
2016-08-22,948215.350300122
2016-08-23,955180.3564135882
2016-08-24,951885.8784086226
2016-08-25,952933.2445882229
2016-08-26,958163.9437946902
2016-08-29,953424.6531248287
2016-08-30,966205.4070679777
2016-08-31,963296.3564731531
2016-09-01,954186.0150384572
2016-09-02,965686.6164632991
2016-09-06,972971.243211416
2016-09-07,990401.0403107619
2016-09-08,1003271.1010410634
2016-09-09,1001486.2541043567
2016-09-12,955033.474547886
2016-09-13,979386.8426548945
2016-09-14,948671.0438663469
2016-09-15,941645.7960280206
2016-09-16,966439.7025758807
2016-09-19,957562.5669880437
2016-09-20,949362.2456546366
2016-09-21,949452.4862938324
2016-09-22,968680.4425244324
2016-09-23,974595.0021398547
2016-09-26,969741.4313722906
2016-09-27,946261.7971930561
2016-09-28,973768.3041626367
2016-09-29,996536.4112326844
2016-09-30,979296.5497301786
2016-10-03,996916.8540520897
2016-10-04,992031.3424213104
2016-10-05,993613.6865569061
2016-10-06,992729.7167754299
2016-10-07,987022.0408101309
2016-10-10,997554.3511744495
2016-10-11,1016091.6910584635
2016-10-12,990293.2584988134
2016-10-13,989046.7064381092
2016-10-14,986584.0075760199
2016-10-17,989140.0507380912
2016-10-18,977854.4381960144
2016-10-19,995056.0775522564
2016-10-20,1004196.9259651536
2016-10-21,996574.6420513445
2016-10-24,994049.0746232424
2016-10-25,991137.0297172412
2016-10-26,983794.0254818823
2016-10-27,968053.1536062219
2016-10-28,962633.1887181427
2016-10-31,940147.1343818837
2016-11-01,936934.5271250303
2016-11-02,913530.5218835616
2016-11-03,909703.630196515
2016-11-04,910088.736081494
2016-11-07,888875.4147710302
2016-11-08,922468.2009516716
2016-11-09,949525.327457727
2016-11-10,969000.3416971467
2016-11-11,999472.1165109975
2016-11-14,1012240.6614805682
2016-11-15,1010100.046082926
2016-11-16,1022025.6383753262
2016-11-17,1008650.3704527487
2016-11-18,1031522.4122299755
2016-11-21,1029977.449554494
2016-11-22,1051253.6226966989
2016-11-23,1062338.3329770286
2016-11-25,1055746.6918979401
2016-11-28,1042800.1723484095
2016-11-29,1024802.3574294501
2016-11-30,1055929.0575694991
2016-12-01,1066203.6978096864
2016-12-02,1057096.6147607046
2016-12-05,1079369.867814826
2016-12-06,1090699.5062741374
2016-12-07,1081207.1249656829
2016-12-08,1118249.0234016874
2016-12-09,1122648.4769781812
2016-12-12,1128873.6174503418
2016-12-13,1110465.0536078413
2016-12-14,1119289.9045007646
2016-12-15,1104625.3217203924
2016-12-16,1118111.1089331568
2016-12-19,1121163.35632969
2016-12-20,1123646.7720224569
2016-12-21,1125233.7926819434
2016-12-22,1114777.0170533212
2016-12-23,1109134.8354843997
2016-12-27,1111094.5885494214
2016-12-28,1112819.7249835143
2016-12-29,1095910.8709499766
2016-12-30,1095723.6512022682
2017-01-03,1095236.7732721241
2017-01-04,1119186.4698811874
2017-01-05,1134643.9479235762
2017-01-06,1112279.608348374
2017-01-09,1097832.6404967273
2017-01-10,1094898.5313043513
2017-01-11,1096956.8143402752
2017-01-12,1090374.5474761752
2017-01-13,1092125.7094759059
2017-01-17,1099790.6507490487
2017-01-18,1097074.5752995422
2017-01-19,1098740.226410408
2017-01-20,1097258.0411926461
2017-01-23,1098598.3251479943
2017-01-24,1089517.4537287592
2017-01-25,1098582.3647485878
2017-01-26,1119923.05540375
2017-01-27,1114449.6384253986
2017-01-30,1103011.8307832582
2017-01-31,1100234.9309786968
2017-02-01,1099157.7689649009
2017-02-02,1097829.4609097699
2017-02-03,1107533.1512467747
2017-02-06,1104318.7009580426
2017-02-07,1093313.725063587
2017-02-08,1081175.6265181024
2017-02-09,1088914.1742023923
2017-02-10,1108164.7847794653
2017-02-13,1100579.0517758166
2017-02-14,1114175.9897156355
2017-02-15,1106985.6627882286
2017-02-16,1115888.7285344389
2017-02-17,1130407.7440130273
2017-02-21,1135809.0891082245
2017-02-22,1135313.9437668321
2017-02-23,1139037.2980978503
2017-02-24,1123012.8967590746
2017-02-27,1134885.4285205232
2017-02-28,1134143.0724477936
2017-03-01,1122009.036666998
2017-03-02,1128835.400055594
2017-03-03,1116589.0623217206
2017-03-06,1098169.6804474378
2017-03-07,1091917.1665238123
2017-03-08,1072493.2710935515
2017-03-09,1069924.8019037766
2017-03-10,1059285.1888681552
2017-03-13,1058348.449794133
2017-03-14,1062965.75091303
2017-03-15,1066847.54396111
2017-03-16,1093805.6359596725
2017-03-17,1099947.4860278065
2017-03-20,1096927.5034609782
2017-03-21,1078228.4472033612
2017-03-22,1050698.9050983689
2017-03-23,1059535.52277368
2017-03-24,1065361.6016709863
2017-03-27,1065077.369733616
2017-03-28,1069345.5183719634
2017-03-29,1094220.8668738473
2017-03-30,1092000.32227477
2017-03-31,1098863.0076773171
2017-04-03,1083031.032539645
2017-04-04,1077093.1677054465
2017-04-05,1072032.6535250305
2017-04-06,1074991.5265748915
2017-04-07,1078103.243728785
2017-04-10,1088225.9552569631
2017-04-11,1104700.849726713
2017-04-12,1090853.0266896605
2017-04-13,1077811.129614907
2017-04-17,1050943.8345803313
2017-04-18,1077839.048667005
2017-04-19,1071770.2824963892
2017-04-20,1064808.2035140032
2017-04-21,1082821.7542029251
2017-04-24,1078623.16401906
2017-04-25,1102012.3336747077
2017-04-26,1130115.8842069188
2017-04-27,1114142.4581930046
2017-04-28,1108067.4978206179
2017-05-01,1100944.1028661218
2017-05-02,1102271.2834994523
2017-05-03,1094992.6661116313
2017-05-04,1059733.0826873765
2017-05-05,1062178.2657913938
2017-05-08,1070207.77284726
2017-05-09,1072720.2143672565
2017-05-10,1087395.0742025983
2017-05-11,1080930.2033029408
2017-05-12,1068829.846234566
2017-05-15,1066466.248798391
2017-05-16,1069791.648744141
2017-05-17,1077296.7183677496
2017-05-18,1035528.4223054061
2017-05-19,1049753.9600522616
2017-05-22,1058480.8951503544
2017-05-23,1064700.9870700915
2017-05-24,1054262.0677877495
2017-05-25,1039692.7729245459
2017-05-26,1046549.615638204
2017-05-30,1036095.3212276817
2017-05-31,1030658.6384409079
2017-06-01,1037870.2973671206
2017-06-02,1048415.5173150224
2017-06-05,1055160.104619844
2017-06-06,1065022.8831125495
2017-06-07,1038364.4959750614
2017-06-08,1054709.1885351725
2017-06-09,1073870.8528362622
2017-06-12,1073260.7733248454
2017-06-13,1078514.5907750516
2017-06-14,1077018.169014207
2017-06-15,1064721.0499401814
2017-06-16,1064356.6038159477
2017-06-19,1051585.949865781
2017-06-20,1068307.165618628
2017-06-21,1033191.7725927142
2017-06-22,1040015.0046841642
2017-06-23,1062484.4968252883
2017-06-26,1081524.2616661584
2017-06-27,1092073.5229158956
2017-06-28,1078656.2071770835
2017-06-29,1119568.297751644
2017-06-30,1092492.731466572
2017-07-03,1111709.793328674
2017-07-05,1079638.528671165
2017-07-06,1073814.5317884027
2017-07-07,1051306.3918586608
2017-07-10,1066191.748408902
2017-07-11,1070130.477116695
2017-07-12,1061106.4490086592
2017-07-13,1077110.6661372553
2017-07-14,1077813.8167906206
2017-07-17,1087923.6817679785
2017-07-18,1072085.0549264392
2017-07-19,1088686.76389131
2017-07-20,1094417.42392424
2017-07-21,1074501.2907179159
2017-07-24,1070037.073988394
2017-07-25,1082567.314074226
2017-07-26,1089023.599738065
2017-07-27,1088816.2681024175
2017-07-28,1077937.176534364
2017-07-31,1072064.4636405215
2017-08-01,1058188.5041867108
2017-08-02,1037225.2602230718
2017-08-03,1026817.25996468
2017-08-04,1039388.8821831512
2017-08-07,1024113.0369647323
2017-08-08,1027189.7829657472
2017-08-09,1003599.0930068217
2017-08-10,1012630.1366498045
2017-08-11,987675.7996655919
2017-08-14,985298.4325438912
2017-08-15,980263.7608214979
2017-08-16,975815.0446176225
2017-08-17,979323.7554316494
2017-08-18,967657.0611657236
2017-08-21,957987.9257243517
2017-08-22,950999.2361138358
2017-08-23,968426.9269674273
2017-08-24,967972.7400166945
2017-08-25,972130.9155465997
2017-08-28,971882.5014550135
2017-08-29,969532.8221043574
2017-08-30,961644.5648553023
2017-08-31,973211.6634038851
2017-09-01,991549.8509688822
2017-09-05,993174.2215965966
2017-09-06,991696.8155754714
2017-09-07,997861.1314168652
2017-09-08,984860.1080617203
2017-09-11,980599.4088102513
2017-09-12,1004577.658641102
2017-09-13,1022664.6289373767
2017-09-14,1024156.3708933862
2017-09-15,1035777.9620035047
2017-09-18,1034774.0781160991
2017-09-19,1030136.9844458833
2017-09-20,1040623.5532662187
2017-09-21,1038304.7023426895
2017-09-22,1042491.0886068416
2017-09-25,1054414.6166689873
2017-09-26,1056910.7891683753
2017-09-27,1049815.2115272928
2017-09-28,1052623.5398255766
2017-09-29,1047281.9627757652
2017-10-02,1052680.1293187598
2017-10-03,1060308.5392980468
2017-10-04,1050277.4159303468
2017-10-05,1055339.54666569
2017-10-06,1061731.3634279303
2017-10-09,1054281.3137717943
2017-10-10,1049647.7493550626
2017-10-11,1054138.2379105624
2017-10-12,1052445.2050415196
2017-10-13,1045184.9071012349
2017-10-16,1036577.4635166158
2017-10-17,1036952.6694783971
2017-10-18,1034659.2034628512
2017-10-19,1031139.7308635771
2017-10-20,1035662.3565085398
2017-10-23,1045595.816773866
2017-10-24,1045863.1531135984
2017-10-25,1053542.1640568466
2017-10-26,1042590.0742294908
2017-10-27,1043644.7158058775
2017-10-30,1052047.8940678404
2017-10-31,1038167.2530840446
2017-11-01,1036693.9329322068
2017-11-02,1048850.0394319973
2017-11-03,1046700.3399153907
2017-11-06,1069233.9243256622
2017-11-07,1051828.4126352905
2017-11-08,1043065.6995830408
2017-11-09,1060484.8364357508
2017-11-10,1061590.7886172903
2017-11-13,1037414.0324753384
2017-11-14,1027450.3132751592
2017-11-15,1021593.1395561812
2017-11-16,1019985.9105264366
2017-11-17,1053262.248475191
2017-11-20,1048885.2501392977
2017-11-21,1046967.9528377885
2017-11-22,1066992.5513549573
2017-11-24,1069088.520383151
2017-11-27,1062912.073133786
2017-11-28,1057536.7634183846
2017-11-29,1076230.6742079025
2017-11-30,1070196.8851889719
2017-12-01,1086312.5241883076
2017-12-04,1079631.3108705105
2017-12-05,1070284.0986782704
2017-12-06,1053816.8134303947
2017-12-07,1051116.5303501328
2017-12-08,1052456.197828305
2017-12-11,1056022.9017390802
2017-12-12,1050431.1625917342
2017-12-13,1055859.7990286555
2017-12-14,1051616.2194543348
2017-12-15,1044860.4538024858
2017-12-18,1068134.0982389476
2017-12-19,1080228.9210814673
2017-12-20,1096937.9223097214
2017-12-21,1099455.651733042
2017-12-22,1097793.5264792847
2017-12-26,1107926.5707863993
2017-12-27,1119671.768394071
2017-12-28,1130652.6242584984
2017-12-29,1126426.2362791654
2018-01-02,1144932.2899065814
2018-01-03,1149086.9433338747
2018-01-04,1150888.5267996127
2018-01-05,1140466.8632966152
2018-01-08,1150041.876875038
2018-01-09,1142337.142290181
2018-01-10,1166002.9050315595
2018-01-11,1184685.2511232062
2018-01-12,1196502.3151070233
2018-01-16,1195989.0194366397
2018-01-17,1187707.0157892571
2018-01-18,1190702.9649294799
2018-01-19,1197401.8644761012
2018-01-22,1204698.4729567987
2018-01-23,1217957.377579893
2018-01-24,1217293.947954812
2018-01-25,1210775.628351438
2018-01-26,1192781.7496832218
2018-01-29,1205009.9600365881
2018-01-30,1184366.8543374883
2018-01-31,1163216.3810760262
2018-02-01,1154576.8983834435
2018-02-02,1146796.5353230084
2018-02-05,1134793.8311319966
2018-02-06,1085518.903690539
2018-02-07,1103123.054997962
2018-02-08,1096125.0798825752
2018-02-09,1053815.6248482743
2018-02-12,1062530.274145427
2018-02-13,1073338.5101546731
2018-02-14,1072452.0420575629
2018-02-15,1080454.189112349
2018-02-16,1094352.304496327
2018-02-20,1084137.331805919
2018-02-21,1082320.8633621442
2018-02-22,1080327.5808241449
2018-02-23,1072948.3766158768
2018-02-26,1082163.6804179498
2018-02-27,1088574.728118903
2018-02-28,1056572.5001061342
2018-03-01,1061268.176253126
2018-03-02,1066951.750465008
2018-03-05,1057896.2596926389
2018-03-06,1073810.6893313776
2018-03-07,1079791.175908549
2018-03-08,1066630.9919545879
2018-03-09,1072651.6440762365
2018-03-12,1098745.0738741967
2018-03-13,1094228.7845224163
2018-03-14,1090182.8712406994
2018-03-15,1074152.8761261534
2018-03-16,1088562.6029871488
2018-03-19,1088675.446933871
2018-03-20,1071513.8293239241
2018-03-21,1091984.1890546647
2018-03-22,1087057.5468220264
2018-03-23,1070896.7063291215
2018-03-26,1038824.8075381153
2018-03-27,1050498.5849952977
2018-03-28,1052641.3225345295
2018-03-29,1041074.6807614366
2018-04-02,1048383.9512708805
2018-04-03,1034880.5805048516
2018-04-04,1060562.180252013
2018-04-05,1088673.5442212066
2018-04-06,1103867.9774944056
2018-04-09,1075286.8762526049
2018-04-10,1080748.8473509997
2018-04-11,1111915.9703281303
2018-04-12,1099441.300161705
2018-04-13,1107175.5604808626
2018-04-16,1100960.247593663
2018-04-17,1103414.006418894
2018-04-18,1125680.415300096
2018-04-19,1119704.1548354228
2018-04-20,1111003.295203834
2018-04-23,1100851.684521383
2018-04-24,1105570.3378911733
2018-04-25,1091142.5154811027
2018-04-26,1083501.5845050944
2018-04-27,1085691.9450502202
2018-04-30,1087242.0418163484
2018-05-01,1071239.9879566126
2018-05-02,1088738.865782669
2018-05-03,1065635.485484922
2018-05-04,1062958.1479716746
2018-05-07,1084733.624572901
2018-05-08,1089134.5824032007
2018-05-09,1107571.469773341
2018-05-10,1095692.4874838814
2018-05-11,1095860.5060515022
2018-05-14,1101428.5897538795
2018-05-15,1111328.3333927332
2018-05-16,1109315.5218104885
2018-05-17,1127779.9274390843
2018-05-18,1125076.7629517573
2018-05-21,1117677.2901356318
2018-05-22,1114842.4557692355
2018-05-23,1107146.4730508956
2018-05-24,1109894.2119715083
2018-05-25,1097636.5372286125
2018-05-29,1105814.169049532
2018-05-30,1094821.1240056057
2018-05-31,1100135.5304001097
2018-06-01,1086472.6020299373
2018-06-04,1088236.6717450162
2018-06-05,1101882.3680954825
2018-06-06,1098461.5963419
2018-06-07,1114196.215341526
2018-06-08,1109628.3439313385
2018-06-11,1123274.3033958867
2018-06-12,1123117.589837657
2018-06-13,1128382.023356108
2018-06-14,1119361.0159439454
2018-06-15,1122104.2706130226
2018-06-18,1133382.5550161777
2018-06-19,1140158.187339833
2018-06-20,1142268.2442948546
2018-06-21,1136846.8876208256
2018-06-22,1142999.6290086827
2018-06-25,1163154.7436816753
2018-06-26,1159753.4419969686
2018-06-27,1156413.5080361809
2018-06-28,1142171.4078390074
2018-06-29,1135713.2191908867
2018-07-02,1138365.354728242
2018-07-03,1152805.2439847374
2018-07-05,1150730.4430976987
2018-07-06,1156550.3898347884
2018-07-09,1168251.944055403
2018-07-10,1166278.920103112
2018-07-11,1162125.674585564
2018-07-12,1145678.7326257278
2018-07-13,1154489.4025598618
2018-07-16,1145730.1586078315
2018-07-17,1149840.5840088793
2018-07-18,1157584.6064978498
2018-07-19,1166397.702012231
2018-07-20,1154988.7199156333
2018-07-23,1156427.6678523263
2018-07-24,1150294.730865121
2018-07-25,1144355.1265395326
2018-07-26,1165970.0921916554
2018-07-27,1151967.9444586479
2018-07-30,1158939.7182738513
2018-07-31,1159800.2692067274
2018-08-01,1163262.1000883977
2018-08-02,1164791.237916697
2018-08-03,1159597.3166958813
2018-08-06,1174423.8672981483
2018-08-07,1177010.687104545
2018-08-08,1192601.1595468717
2018-08-09,1183902.4535836298
2018-08-10,1187771.6289030826
2018-08-13,1174057.0747820188
2018-08-14,1178479.283881103
2018-08-15,1173290.3555121422
2018-08-16,1175367.6987643635
2018-08-17,1189482.471449304
2018-08-20,1198608.553579964
2018-08-21,1208357.36485517
2018-08-22,1215953.0168714635
2018-08-23,1216659.8215380078
2018-08-24,1208199.4400700913
2018-08-27,1210658.1729640116
2018-08-28,1226922.9551648318
2018-08-29,1225863.1704236434
2018-08-30,1221157.826383267
2018-08-31,1221079.4533568122
2018-09-04,1212401.4230440867
2018-09-05,1207850.9826996718
2018-09-06,1193570.2282856884
2018-09-07,1195180.7096336377
2018-09-10,1201720.8169445698
2018-09-11,1206649.200858551
2018-09-12,1210801.7700088725
2018-09-13,1206654.1915760243
2018-09-14,1204196.618612672
2018-09-17,1201279.2368888438
2018-09-18,1202516.8501674861
2018-09-19,1195679.2453978797
2018-09-20,1195953.0775193414
2018-09-21,1204470.801300811
2018-09-24,1202304.9808266573
2018-09-25,1199760.4578567278
2018-09-26,1182740.6199045298
2018-09-27,1180960.4728119837
2018-09-28,1185754.962624205
2018-10-01,1168182.3523377283
2018-10-02,1154288.2598697003
2018-10-03,1165844.6974394608
2018-10-04,1161013.0198936872
2018-10-05,1156699.8979771957
2018-10-08,1153727.4392384975
2018-10-09,1151012.4641243578
2018-10-10,1142682.8975863473
2018-10-11,1109073.6313705936
2018-10-12,1073085.8351345456
2018-10-15,1093063.9562205016
2018-10-16,1093051.6706534873
2018-10-17,1102557.4374431907
2018-10-18,1088656.1366648294
2018-10-19,1069466.4548284365
2018-10-22,1058640.9978405149
2018-10-23,1053354.675455653
2018-10-24,1027908.5752585967
2018-10-25,1004025.8652783775
2018-10-26,1023116.9097975389
2018-10-29,1003403.3482641658
2018-10-30,994959.9105692694
2018-10-31,997346.5448614876
2018-11-01,1021740.2644614287
2018-11-02,1037026.6418988043
2018-11-05,1031278.6550029729
2018-11-06,1038037.7246920414
2018-11-07,1035201.7514165122
2018-11-08,1046994.5252124548
2018-11-09,1024531.8026561596
2018-11-12,1009914.023362691
2018-11-13,998796.5825968336
2018-11-14,992821.8904725052
2018-11-15,987230.3682932381
2018-11-16,979378.9666896329
2018-11-19,983654.8287690561
2018-11-20,951278.0900371328
2018-11-21,950847.2764089186
2018-11-23,951635.2425288514
2018-11-26,941227.0823763928
2018-11-27,942921.2799210716
2018-11-28,937352.4226977904
2018-11-29,951698.4999420799
2018-11-30,945917.1711359371
2018-12-03,948264.7135345296
2018-12-04,941913.5036528892
2018-12-06,907273.9737167722
2018-12-07,911799.8469639537
2018-12-10,882737.1838608752
2018-12-11,876243.8893858047
2018-12-12,878625.24798496
2018-12-13,856601.9320668752
2018-12-14,846511.3184443198
2018-12-17,822636.7462509531
2018-12-18,815484.3887560902
2018-12-19,805815.0889111558
2018-12-20,782549.1072474829
2018-12-21,761803.4436520617
2018-12-24,751909.6659282951
2018-12-26,735416.6562126656
2018-12-27,764098.2924307014
2018-12-28,773814.7300550677
2018-12-31,768788.1966556868
2019-01-02,806882.4239053674
2019-01-03,820652.6405064805
2019-01-04,799808.3751812462
2019-01-07,857056.380454306
2019-01-08,868543.1960215234
2019-01-09,887053.4928620362
2019-01-10,891652.735654331
2019-01-11,908366.9557734567
2019-01-14,898399.6873296046
2019-01-15,884846.5842761486
2019-01-16,897150.437396029
2019-01-17,897508.2648707395
2019-01-18,899510.2998806599
2019-01-22,904091.7904689052
2019-01-23,889404.7740359446
2019-01-24,899774.5189859436
2019-01-25,904139.4366460764
2019-01-28,913537.748939583
2019-01-29,902168.3909378896
2019-01-30,898349.0741589667
2019-01-31,890804.1002471005
2019-02-01,907975.0673643934
2019-02-04,923932.970259127
2019-02-05,933944.0857052155
2019-02-06,937496.4949603942
2019-02-07,929029.5225849317
2019-02-08,910457.8453338577
2019-02-11,919203.4375811783
2019-02-12,926524.3388792808
2019-02-13,967732.0919360656
2019-02-14,977907.1334666598
2019-02-15,994091.3489944803
2019-02-19,1016226.5213525401
2019-02-20,1018392.7296764345
2019-02-21,1024255.3567988005
2019-02-22,1030360.1821350001
2019-02-25,1025579.3852361843
2019-02-26,1028622.246374739
2019-02-27,1030918.241247786
2019-02-28,1027022.1318471142
2019-03-01,1028647.0642232841
2019-03-04,1031394.455036663
2019-03-05,1025258.2535321949
2019-03-06,1012387.7058666423
2019-03-07,1008210.7523351916
2019-03-08,996480.5325972724
2019-03-11,996357.1620523508
2019-03-12,1004466.96597015
2019-03-13,1010514.4964265425
2019-03-14,1002833.5225076223
2019-03-15,996018.8834377828
2019-03-18,1017921.3889739269
2019-03-19,1011721.5337386617
2019-03-20,1016425.173121936
2019-03-21,1008156.0164638918
2019-03-22,1014394.9275881266
2019-03-25,983819.3443413019
2019-03-26,988450.1531537945
2019-03-27,995841.3561842273
2019-03-28,983041.2208999454
2019-03-29,986510.0099673513
2019-04-01,995416.1079011578
2019-04-02,1003657.608964674
2019-04-03,998781.260289015
2019-04-04,1019637.5293612357
2019-04-05,1036759.5682071343
2019-04-08,1036518.2168932531
2019-04-09,1021695.7876582416
2019-04-10,1026120.2744176307
2019-04-11,1020669.471336498
2019-04-12,1016978.0733125585
2019-04-15,1019649.233617836
2019-04-16,1018974.5885991695
2019-04-17,1021710.535220153
2019-04-18,1010448.6745687199
2019-04-22,1025390.0091038124
2019-04-23,1028503.5783730873
2019-04-24,1032956.3955623476
2019-04-25,1015287.3084818454
2019-04-26,1015337.741196105
2019-04-29,1025457.1483586753
2019-04-30,1016871.6914701725
2019-05-01,1008029.766253271
2019-05-02,991176.9233619163
2019-05-03,992459.776525464
2019-05-06,1007865.763494529
2019-05-07,1004409.7212849306
2019-05-08,1003526.1784194342
2019-05-09,984794.9917727462
2019-05-10,977426.5954999132
2019-05-13,973721.8141056608
2019-05-14,951264.2411816643
2019-05-15,960948.8454996189
2019-05-16,950898.5305168888
2019-05-17,947304.3264747178
2019-05-20,937860.5427290709
2019-05-21,929944.9234438603
2019-05-22,921849.4494641142
2019-05-23,906046.1221897035
2019-05-24,895846.981848707
2019-05-28,894154.0325164247
2019-05-29,890360.9127945316
2019-05-30,867139.44484447
2019-05-31,879910.7548187807
2019-06-03,874934.8090224699
2019-06-04,873940.50693185
2019-06-05,862903.0315102695
2019-06-06,862263.847288638
2019-06-07,868450.5491199841
2019-06-10,875358.0786761029
2019-06-11,880681.5480108552
2019-06-12,868263.8713957538
2019-06-13,878242.5543835673
2019-06-14,869637.7912563209
2019-06-17,872984.7441567185
2019-06-18,875652.5771216151
2019-06-19,884925.5965881399
2019-06-20,888531.7280563494
2019-06-21,899563.8368033281
2019-06-24,881690.7709755425
2019-06-25,892297.3165552042
2019-06-26,899566.8153801347
2019-06-27,907867.7273281838
2019-06-28,923377.9993671809
2019-07-01,916013.3258474587
2019-07-02,904924.9851741577
2019-07-03,906784.3137109926
2019-07-05,927334.385107875
2019-07-08,927281.2496322598
2019-07-09,912747.4966391822
2019-07-10,917870.4948986088
2019-07-11,910766.2298871444
2019-07-12,914728.0492490868
2019-07-15,904198.8585042306
2019-07-16,907883.876125497
2019-07-17,888190.2631846213
2019-07-18,860166.5605767131
2019-07-19,867735.1891235993
2019-07-22,857537.2886476002
2019-07-23,847798.0235809498
2019-07-24,852982.0660989917
2019-07-25,836701.9276563689
2019-07-26,828723.1400278159
2019-07-29,822104.0585532666
2019-07-30,851924.8972591206
2019-07-31,864534.6541061801
2019-08-01,840665.0558828342
2019-08-02,825014.484147136
2019-08-05,825899.6161034908
2019-08-06,769880.2428813179
2019-08-07,772951.9946642068
2019-08-08,763108.9790267971
2019-08-09,774316.0698231667
2019-08-12,767379.6666879813
2019-08-13,742874.146714049
2019-08-14,753095.5235041929
2019-08-15,712153.2964368778
2019-08-16,723353.6449123981
2019-08-19,744034.3465663284
2019-08-20,756315.0644596664
2019-08-21,756785.5688392977
2019-08-22,763484.8157314117
2019-08-23,755313.8109108488
2019-08-26,731322.4864910014
2019-08-27,726011.6009679161
2019-08-28,734932.915921435
2019-08-29,739654.7132328829
2019-08-30,740612.7865752716
2019-09-03,732865.2922162336
2019-09-04,731730.4905695919
2019-09-05,755098.8553124985
2019-09-06,772516.6832295604
2019-09-09,812757.6278760795
2019-09-10,846141.9313310722
2019-09-11,855478.3034328455
2019-09-12,854490.8938816612
2019-09-13,866786.5428280428
2019-09-16,899507.2726798145
2019-09-17,868447.2173986657
2019-09-18,859547.9071778907
2019-09-19,857511.5387975136
2019-09-20,872042.8996287164
2019-09-23,880063.7005505972
2019-09-24,868888.612726347
2019-09-25,859272.3286495844
2019-09-26,843956.4186348097
2019-09-27,846149.3389815938
2019-09-30,826837.7522430508
2019-10-01,824414.0174793565
2019-10-02,819899.1680634916
2019-10-03,794447.5426442592
2019-10-04,792183.9241013757
2019-10-07,811159.8719242315
2019-10-08,803522.2732752168
2019-10-09,780780.5845869997
2019-10-10,785482.4128783625
2019-10-11,803262.6472731937
2019-10-14,805201.4947788406
2019-10-15,804863.8453696719
2019-10-16,817787.5745764686
2019-10-17,823786.1302589802
2019-10-18,821156.9044048166
2019-10-21,811757.6992445912
2019-10-22,812856.6648927442
2019-10-23,820560.1571449243
2019-10-24,819595.6851378514
2019-10-25,830506.5712324639
2019-10-28,836674.2488487312
2019-10-29,844067.5625252797
2019-10-30,814409.4701027467
2019-10-31,804889.6652042372
2019-11-01,816632.8667715729
2019-11-04,843669.2410065379
2019-11-05,858548.2671685907
2019-11-06,842459.9844338078
2019-11-07,847335.9166187855
2019-11-08,854388.243995793
2019-11-11,848239.0763667254
2019-11-12,833537.0687281147
2019-11-13,825650.9002784892
2019-11-14,818474.3045916773
2019-11-15,814329.0733850538
2019-11-18,805462.7451359046
2019-11-19,797839.257550308
2019-11-20,801035.9940200936
2019-11-21,805219.7609771383
2019-11-22,806437.8921761019
2019-11-25,819190.7334592164
2019-11-26,817141.4566267614
2019-11-27,824715.1972643515
2019-11-29,827841.0726210385
2019-12-02,829598.7884878312
2019-12-03,822311.9264199956
2019-12-04,817115.1562781662
2019-12-05,815635.0754681709
2019-12-06,831791.7229808944
2019-12-09,847227.9676766116
2019-12-10,851311.2409075032
2019-12-11,838164.2779473611
2019-12-12,842225.3248597871
2019-12-13,838114.8844467246
2019-12-16,834367.3427355561
2019-12-17,850017.5207614646
2019-12-18,849044.8033953358
2019-12-19,842916.0211788849
2019-12-20,833262.6338608501
2019-12-23,844756.3017811887
2019-12-24,848781.6491577355
2019-12-26,845702.0298945737
2019-12-27,839995.4669860066
2019-12-30,835959.8471142516
2019-12-31,837971.4832264641
2020-01-02,828761.9218669571
2020-01-03,859384.4009893179
2020-01-06,859214.4492493878
2020-01-07,852055.2918676317
2020-01-08,825358.4563090064
2020-01-09,823218.4016814987
2020-01-10,823328.5601971927
2020-01-13,810272.8515471605
2020-01-14,832409.3934501138
2020-01-15,823216.3579331241
2020-01-16,835309.7397906695
2020-01-17,843716.9504631984
2020-01-21,838756.0667809454
2020-01-22,825397.0080377333
2020-01-23,802285.8330224489
2020-01-24,809333.0285240117
2020-01-27,801607.868963038
2020-01-28,797036.8570662288
2020-01-29,805053.0339194253
2020-01-30,807125.9439420699
2020-01-31,807119.8668501646
2020-02-03,779416.8648552536
2020-02-04,771243.5272441921
2020-02-05,794313.7170991981
2020-02-06,811846.5113858855
2020-02-07,809001.6833939637
2020-02-10,788071.0452004098
2020-02-11,801581.85735721
2020-02-12,808533.0365178578
2020-02-13,813284.915974729
2020-02-14,813036.6363829499
2020-02-18,817091.0620556197
2020-02-19,827279.7746947369
2020-02-20,844919.2407831713
2020-02-21,844001.4896727935
2020-02-24,828058.1807586469
2020-02-25,782908.9606269655
2020-02-26,736737.4454168336
2020-02-27,732685.9801404832
2020-02-28,699087.7430076016
2020-03-02,659220.3175172013
2020-03-03,701012.5586230268
2020-03-04,668523.1191898778
2020-03-05,686114.8899862589
2020-03-06,650687.5744638239
2020-03-09,598167.4436318551
2020-03-10,543083.8422346036
2020-03-11,562659.1273838482
2020-03-12,518679.72877898783
2020-03-13,468097.6880463185
2020-03-16,505104.4430777314
2020-03-17,423181.00131213904
2020-03-18,400051.7103685693
2020-03-19,421093.6176907942
2020-03-20,434541.3652268144
2020-03-23,424741.37707258406
2020-03-24,399103.04428514367
2020-03-25,443966.1045496601
2020-03-26,440790.11976843886
2020-03-27,461326.2421557085
2020-03-30,423114.75840420247
2020-03-31,443738.2832345699
2020-04-01,433157.56440052623
2020-04-02,417051.9437157653
2020-04-03,424801.1755677107
2020-04-06,410029.18634804955
2020-04-07,445807.0236449011
2020-04-08,454440.2178973725
2020-04-09,491013.348250031
2020-04-13,500120.7937687296
2020-04-14,493294.5343785776
2020-04-15,509319.3623824176
2020-04-16,485019.61311497726
2020-04-17,498100.40257195383
2020-04-20,506954.83316828357
2020-04-21,496430.3852571172
2020-04-22,468256.86674033315
2020-04-23,495083.1324921146
2020-04-24,483674.3249010354
2020-04-27,508454.36149886873
2020-04-28,540224.2830452588
2020-04-29,570842.0520431768
2020-04-30,583054.1316911384
2020-05-01,566357.9041348306
2020-05-04,538049.1058827587
2020-05-05,527240.9782643997
2020-05-06,528901.8171071137
2020-05-07,523761.77063393046
2020-05-08,539771.2300112441
2020-05-11,538668.7566355917
2020-05-12,537571.4848294081
2020-05-13,503969.5494689121
2020-05-14,495864.0004745599
2020-05-15,504432.75270935544
2020-05-18,524832.5771301059
2020-05-19,541435.8064837914
2020-05-20,565380.0131294678
2020-05-21,585915.1177948904
2020-05-22,581079.2068394702
2020-05-26,594778.0943791136
2020-05-27,611834.0691608401
2020-05-28,615382.1858601917
2020-05-29,604993.3728464114
2020-06-01,607550.3548335939
2020-06-02,614545.4112493009
2020-06-03,634150.3396141996
2020-06-04,662658.1710460109
2020-06-05,696595.4912525918
2020-06-08,769914.4181396824
2020-06-09,756992.1165363089
2020-06-10,712202.131314616
2020-06-11,683587.3460557137
2020-06-12,635989.4145213804
2020-06-15,642643.7041598104
2020-06-16,656454.2174693915
2020-06-17,665238.577666326
2020-06-18,664665.7753669923
2020-06-19,662459.1826601522
2020-06-22,661831.465906574
2020-06-23,672818.9116225274
2020-06-24,671219.5945764307
2020-06-25,649777.6496776975
2020-06-26,660652.0231830929
2020-06-29,637731.4922308599
2020-06-30,635273.0248396699
2020-07-01,639651.8602793468
2020-07-02,639304.0090610898
2020-07-06,637403.7011615635
2020-07-07,641004.374035822
2020-07-08,626408.7944100879
2020-07-09,617703.31639963
2020-07-10,642524.6098207692
2020-07-13,644746.8808002545
2020-07-14,630646.5873240428
2020-07-15,668129.5012028387
2020-07-16,677098.735904052
2020-07-17,670740.9680781311
2020-07-20,651003.66577703
2020-07-21,677756.800864173
2020-07-22,672770.9669607135
2020-07-23,697610.5955783608
2020-07-24,680309.2209352928
2020-07-27,666989.9053951148
2020-07-28,683927.3751542453
2020-07-29,721954.5459223944
2020-07-30,721082.6333951637
2020-07-31,697104.9442606955
2020-08-03,683848.5505869703
2020-08-04,705548.1306681538
2020-08-05,727804.5410676566
2020-08-06,737275.0520931375
2020-08-07,761269.4866692114
2020-08-10,763766.2892744783
2020-08-11,772174.8422577411
2020-08-12,752824.848681545
2020-08-13,765058.1388499904
2020-08-14,766518.9462683855
2020-08-17,760244.137804505
2020-08-18,749679.4692441982
2020-08-19,758734.601947341
2020-08-20,744918.6036496286
2020-08-21,736838.5181385551
2020-08-24,742984.2886518029
2020-08-25,749539.2648301054
2020-08-26,725570.350642714
2020-08-27,742941.9791888478
2020-08-28,751563.5975958913
2020-08-31,754565.0435623523
2020-09-01,756484.6231620013
2020-09-02,773962.3421575538
2020-09-03,821913.2697721731
2020-09-04,787756.8488130545
2020-09-08,802383.8896886258
2020-09-09,761150.9977686007
2020-09-10,814495.1918681129
2020-09-11,777638.1173880383
2020-09-14,770882.4536620611
2020-09-15,802662.2804031043
2020-09-16,824241.8715347035
2020-09-17,826833.8117020532
2020-09-18,831897.2879565603
2020-09-21,796340.9589795728
2020-09-22,772717.2204720892
2020-09-23,778812.6464636029
2020-09-24,740141.5163735336
2020-09-25,722160.3489885175
2020-09-28,732656.8717519048
2020-09-29,750158.2315542413
2020-09-30,729676.4870315542
2020-10-01,744166.7277975788
2020-10-02,779662.0446967833
2020-10-05,759827.8392374999
2020-10-06,798067.953896984
2020-10-07,771883.0988227598
2020-10-08,803318.9863778327
2020-10-09,808066.5891138855
2020-10-12,801021.4118673443
2020-10-13,818590.3439099119
2020-10-14,812551.0881617408
2020-10-15,834495.7909224037
2020-10-16,832469.7534327866
2020-10-19,844661.8719997611
2020-10-20,824591.6923976641
2020-10-21,828640.6075289175
2020-10-22,835136.9558457547
2020-10-23,845596.7663035062
2020-10-26,844469.2072691671
2020-10-27,808750.6052481007
2020-10-28,821655.8038473678
2020-10-29,793869.2527523624
2020-10-30,822662.4288719145
2020-11-02,805568.0052496756
2020-11-03,815024.1887212272
2020-11-04,801844.2202280834
2020-11-05,819603.7416043751
2020-11-06,839105.3111424342
2020-11-09,874513.8206038638
2020-11-10,907929.6262318473
2020-11-11,883171.598561246
2020-11-12,886504.2327379717
2020-11-13,880973.7830011118
2020-11-16,920149.6261751085
2020-11-17,952641.5905805574
2020-11-18,952553.8619352116
2020-11-19,938677.648523393
2020-11-20,947671.2394801638
2020-11-23,966550.737471837
2020-11-24,992986.9516811721
2020-11-25,1012846.6049152722
2020-11-27,1004877.1260534846
2020-11-30,986206.2883258947
2020-12-01,982131.3183892231
2020-12-02,1004098.0142073698
2020-12-03,1028294.0830211582
2020-12-04,1041325.7300063964
2020-12-07,1051434.927021777
2020-12-08,1055958.5268433632
2020-12-09,1071196.7413260294
2020-12-10,1061535.352081716
2020-12-11,1062604.8079058921
2020-12-14,1057426.1398622952
2020-12-15,1063093.8437693247
2020-12-16,1064654.0298726822
2020-12-17,1067766.9445869555
2020-12-18,1070210.348628105
2020-12-21,1065325.496459767
2020-12-22,1052516.7240408573
2020-12-23,1071320.3219907526
2020-12-24,1066281.163539669
2020-12-28,1066880.0233354485
2020-12-29,1070103.6480082127
2020-12-30,1071913.3254352487
2020-12-31,1066800.9673328607
2021-01-04,1074947.8062693416
2021-01-05,1081292.7009793415
2021-01-06,1120205.8728496376
2021-01-07,1120184.1398825988
2021-01-08,1121043.5226941234
2021-01-11,1138151.794340295
2021-01-12,1151311.016525672
2021-01-13,1141313.307733843
2021-01-14,1168808.0860977222
2021-01-15,1167908.510944288
2021-01-19,1156948.4017537637
2021-01-20,1155879.957611131
2021-01-21,1164359.9530037122
2021-01-22,1172704.5438261654
2021-01-25,1160790.956108484
2021-01-26,1153454.5127972849
2021-01-27,1150641.111296778
2021-01-28,1112493.7881615474
2021-01-29,1123816.883169166
2021-02-01,1126351.7535409096
2021-02-02,1140973.0337505834
2021-02-03,1171715.336463947
2021-02-04,1178073.3241002222
2021-02-05,1194014.2677029117
2021-02-08,1221192.282873199
2021-02-09,1230475.9898675682
2021-02-10,1228832.8137297016
2021-02-11,1228571.3317607143
2021-02-12,1241291.6222947396
2021-02-16,1280105.622723694
2021-02-17,1270954.0155447037
2021-02-18,1253153.4713473988
2021-02-19,1279326.2137258362
2021-02-22,1292522.5220688176
2021-02-23,1266119.4883843826
2021-02-24,1286097.7734221164
2021-02-25,1299713.3230450682
2021-02-26,1269953.7336165723
2021-03-01,1262289.0983247582
2021-03-02,1297640.445623518
2021-03-03,1306996.2320403724
2021-03-04,1275799.713498582
2021-03-05,1269424.486425597
2021-03-08,1337970.1344074944
2021-03-09,1301162.818071617
2021-03-10,1332321.7731801115
2021-03-11,1352418.841377049
2021-03-12,1364232.76743612
2021-03-15,1360225.3861165051
2021-03-16,1351124.3172570253
2021-03-17,1350016.5572342302
2021-03-18,1347402.3011609414
2021-03-19,1335152.0065697602
2021-03-22,1306448.546130075
2021-03-23,1278223.7456444209
2021-03-24,1261700.4822752015
2021-03-25,1281913.685614708
2021-03-26,1288306.7151507551
2021-03-29,1294208.043803086
2021-03-30,1311814.7093396706
2021-03-31,1298293.9572599835
2021-04-01,1317229.9938144975
2021-04-05,1311961.0526595092
2021-04-06,1339016.9520710192
2021-04-07,1327163.0233108704
2021-04-08,1319289.718207296
2021-04-09,1323894.6883966583
2021-04-12,1330738.095176237
2021-04-13,1319685.7910515124
2021-04-14,1348782.389275289
2021-04-15,1326504.8510242347
2021-04-16,1342609.813620178
2021-04-19,1352555.963196802
2021-04-20,1323301.74009462
2021-04-21,1329814.580479785
2021-04-22,1355630.414687752
2021-04-23,1350215.6959516187
2021-04-26,1368140.533396437
2021-04-27,1385928.5667593877
2021-04-28,1394454.7368748398
2021-04-29,1386283.7049092385
2021-04-30,1398477.0268193835
2021-05-03,1416799.0180171693
2021-05-04,1427421.611607575
2021-05-05,1425559.9708923295
2021-05-06,1421947.4944135984
2021-05-07,1441687.9124495669
2021-05-10,1457927.557790506
2021-05-11,1459052.0434619633
2021-05-12,1428975.1198062343
2021-05-13,1385871.8276476024
2021-05-14,1408155.6509106637
2021-05-17,1452344.332389472
2021-05-18,1472072.2918224807
2021-05-19,1448841.2454615557
2021-05-20,1442328.280763633
2021-05-21,1479772.7991400885
2021-05-24,1480677.5846579524
2021-05-25,1482509.603817301
2021-05-26,1500284.9280509786
2021-05-27,1533287.2233669322
2021-05-28,1540432.7762707602
2021-06-01,1580996.980455078
2021-06-02,1577409.1827022217
2021-06-03,1586795.5077455107
2021-06-04,1570002.6789619972
2021-06-07,1600296.1180637826
2021-06-08,1614854.5922593395
2021-06-09,1621479.434195761
2021-06-10,1591355.8793179037
2021-06-11,1618077.460573559
2021-06-14,1599364.0148696653
2021-06-15,1604451.1281713312
2021-06-16,1613353.5786935217
2021-06-17,1568103.0241756516
2021-06-18,1566829.351287804
2021-06-21,1560039.711085781
2021-06-22,1570237.978439548
2021-06-23,1594830.5194624003
2021-06-24,1600771.3877840051
2021-06-25,1591442.2081722852
2021-06-28,1570120.114772971
2021-06-29,1555149.4431895998
2021-06-30,1561919.4797257148
2021-07-01,1543380.6155380514
2021-07-02,1538015.3267371422
2021-07-06,1539403.1803459565
2021-07-07,1506122.2805976698
2021-07-08,1513829.6082254045
2021-07-09,1502883.7444673965
2021-07-12,1502569.1599195574
2021-07-13,1492559.6374682393
2021-07-14,1459514.1038468468
2021-07-15,1458466.9065677638
2021-07-16,1444842.145614304
2021-07-19,1414136.6935432537
2021-07-20,1408367.022081604
2021-07-21,1456786.6002875266
2021-07-22,1447675.6235791368
2021-07-23,1434630.737298728
2021-07-26,1451062.939278875
2021-07-27,1450485.4338715086
2021-07-28,1453982.7548787375
2021-07-29,1461534.5352017048
2021-07-30,1465733.736369815
2021-08-02,1459232.4665731946
2021-08-03,1457268.0714687791
2021-08-04,1450546.06086144
2021-08-05,1425654.559494276
2021-08-06,1472611.3853011986
2021-08-09,1469202.7120663729
2021-08-10,1447086.9927974108
2021-08-11,1455994.1992023292
2021-08-12,1433076.0654850034
2021-08-13,1443137.2092545894
2021-08-16,1428665.8777028874
2021-08-17,1430684.430761332
2021-08-18,1426197.3089058725
2021-08-19,1395617.6751857814
2021-08-20,1422245.8094576874
2021-08-23,1437838.430625115
2021-08-24,1452759.000862859
2021-08-25,1463753.8190049178
2021-08-26,1491558.9344372505
2021-08-27,1501549.9534788684
2021-08-30,1493596.1568513387
2021-08-31,1503804.4659370852
2021-09-01,1483517.7047057026
2021-09-02,1498693.4675769098
2021-09-03,1498864.437970554
2021-09-07,1492342.4902506445
2021-09-08,1481339.5519422786
2021-09-09,1483394.2784902959
2021-09-10,1485782.3672764392
2021-09-13,1476342.9572630387
2021-09-14,1468545.9887008204
2021-09-15,1470362.4340346276
2021-09-16,1475883.2937946464
2021-09-17,1513283.938567766
2021-09-20,1477455.3110615045
2021-09-21,1454162.37590032
2021-09-22,1466449.673473213
2021-09-23,1478980.391813307
2021-09-24,1480287.8463770745
2021-09-27,1505555.4572751694
2021-09-28,1520722.8539847287
2021-09-29,1483074.9448724666
2021-09-30,1487609.4830481515
2021-10-01,1466561.1044093445
2021-10-04,1502674.1565419596
2021-10-05,1455009.420598751
2021-10-06,1445322.0024691198
2021-10-07,1456333.746496972
2021-10-08,1481110.634120456
2021-10-11,1494290.7208052047
2021-10-12,1493595.2902930062
2021-10-13,1480886.986965358
2021-10-14,1468696.6054930827
2021-10-15,1483735.2807593092
2021-10-18,1493389.37675094
2021-10-19,1492164.6810561696
2021-10-20,1513376.182409379
2021-10-21,1501598.8002266388
2021-10-22,1500811.81580317
2021-10-25,1513096.3038528764
2021-10-26,1501284.8767370554
2021-10-27,1480611.6787431627
2021-10-28,1472476.6904065295
2021-10-29,1480810.2591570166
2021-11-01,1514340.8575898737
2021-11-02,1510291.7501724677
2021-11-03,1533688.3537148507
2021-11-04,1542002.093885524
2021-11-05,1558602.3740391121
2021-11-08,1563638.1628778891
2021-11-09,1549133.0033163228
2021-11-10,1536263.8822949643
2021-11-11,1543331.478696724
2021-11-12,1532889.65410478
2021-11-15,1537836.0341718607
2021-11-16,1534992.9932193814
2021-11-17,1552511.8046400787
2021-11-18,1580129.394316962
2021-11-19,1567518.6347737438
2021-11-22,1573612.9832710377
2021-11-23,1564398.0226451457
2021-11-24,1558258.8878562914
2021-11-26,1565949.2694428521
2021-11-29,1483858.606855787
2021-11-30,1498161.1851740247
2021-12-01,1463728.2963914124
2021-12-02,1446509.6475678012
2021-12-03,1476998.435870997
2021-12-06,1465938.1408339594
2021-12-07,1484839.2949421345
2021-12-08,1535087.2930654977
2021-12-09,1537915.519991589
2021-12-10,1511037.2917711718
2021-12-13,1507655.1915736129
2021-12-14,1489962.742541933
2021-12-15,1459304.9688493174
2021-12-16,1489464.4897064862
2021-12-17,1489977.2619533287
2021-12-20,1460246.512129548
2021-12-21,1443034.8307485033
2021-12-22,1465830.070757261
2021-12-23,1485364.6933095932
2021-12-27,1493848.1669319118
2021-12-28,1513040.1713105657
2021-12-29,1506468.8244718674
2021-12-30,1511904.5625142888
2021-12-31,1525047.2352129049
2022-01-03,1545843.1539332883
2022-01-04,1607124.085362112
2022-01-05,1605792.7802169682
2022-01-06,1565833.045752827
2022-01-07,1583511.2313702337
2022-01-10,1565920.3719236546
2022-01-11,1582455.2009361573
2022-01-12,1588702.0989756999
2022-01-13,1615662.446982861
2022-01-14,1584722.2249619225
2022-01-18,1574827.4155465723
2022-01-19,1533165.0680009255
2022-01-20,1489827.3021450695
2022-01-21,1472486.1357615083
2022-01-24,1455980.0392568521
2022-01-25,1493646.6910391173
2022-01-26,1446904.7973365842
2022-01-27,1424121.9967166085
2022-01-28,1389280.5774973775
2022-01-31,1450712.6516849382
2022-02-01,1490271.4615872947
2022-02-02,1481580.831866167
2022-02-03,1519677.016162479
2022-02-04,1475939.7026163868
2022-02-07,1502839.2974331947
2022-02-08,1515271.8735997623
2022-02-09,1557562.6759001932
2022-02-10,1618766.3197204284
2022-02-11,1637211.2642452405
2022-02-14,1570955.0228392694
2022-02-15,1576896.9722237405
2022-02-16,1618961.9115752354
2022-02-17,1627643.4617675906
2022-02-18,1581480.4552524558
2022-02-22,1533277.835951115
2022-02-23,1524641.4434794108
2022-02-24,1489229.987970027
2022-02-25,1503961.8261481747
2022-02-28,1587269.3450704177
2022-03-01,1600672.2704595448
2022-03-02,1580350.2347524841
2022-03-03,1617201.3350948088
2022-03-04,1609851.405086683
2022-03-07,1610911.5415297737
2022-03-08,1587466.176792793
2022-03-09,1544862.5969016438
2022-03-10,1607338.817840063
2022-03-11,1577993.401874589
2022-03-14,1518364.361528039
2022-03-15,1484276.050547797
2022-03-16,1519248.1365178162
2022-03-17,1577409.2287641878
2022-03-18,1597197.3783282938
2022-03-21,1619498.8125445875
2022-03-22,1597908.6220328826
2022-03-23,1629716.7759905101
2022-03-24,1606716.3925394423
2022-03-25,1631397.5260430481
2022-03-28,1605446.6264295783
2022-03-29,1627733.845726917
2022-03-30,1649502.2161613032
2022-03-31,1630560.9555039725
2022-04-01,1605842.503428826
2022-04-04,1614789.0873036191
2022-04-05,1598240.5856511528
2022-04-06,1574498.8729936967
2022-04-07,1540427.3527597508
2022-04-08,1562517.5130621067
2022-04-11,1575011.6566925298
2022-04-12,1544301.0799537313
2022-04-13,1560337.1256961362
2022-04-14,1577491.0152012478
2022-04-18,1546412.9720075412
2022-04-19,1542640.513665182
2022-04-20,1574480.3089312026
2022-04-21,1569473.1447408283
2022-04-22,1541555.2858136694
2022-04-25,1498252.2769901454
2022-04-26,1504120.3412605068
2022-04-27,1455958.3137790132
2022-04-28,1443619.7115194204
2022-04-29,1483966.7535091573
2022-05-02,1432638.2745601407
2022-05-03,1446968.8462895702
2022-05-04,1430386.0358050163
2022-05-05,1471141.978150193
2022-05-06,1414999.6331375935
2022-05-09,1361555.1957347323
2022-05-10,1310943.3076714375
2022-05-11,1308626.4257616836
2022-05-12,1293956.4218272613
2022-05-13,1307125.3569562254
2022-05-16,1327896.958879602
2022-05-17,1331808.7220900017
2022-05-18,1349250.6887417228
2022-05-19,1321150.3242835845
2022-05-20,1293621.954696749
2022-05-23,1285809.1839227478
2022-05-24,1287597.4913214745
2022-05-25,1307271.343505107
2022-05-26,1331261.0437292536
2022-05-27,1350763.6861321987
2022-05-31,1378200.3862600985
2022-06-01,1380649.938306129
2022-06-02,1342511.3524926892
2022-06-03,1377205.2536254858
2022-06-06,1360477.0116080088
2022-06-07,1370318.7204267634
2022-06-08,1380629.6538577697
2022-06-09,1371975.6851314192
2022-06-10,1334999.8271261605
2022-06-13,1277335.2222256523
2022-06-14,1225092.34258461
2022-06-15,1220344.4914283059
2022-06-16,1228090.9010332592
2022-06-17,1188048.3693285685
2022-06-21,1162158.0513861175
2022-06-22,1175279.4791350893
2022-06-23,1160262.1172504048
2022-06-24,1163439.8891881471
2022-06-27,1205267.914659678
2022-06-28,1196448.5240560614
2022-06-29,1153871.0293183506
2022-06-30,1133239.5603307444
2022-07-01,1128377.696938089
2022-07-05,1141760.1071877428
2022-07-06,1151556.2080591498
2022-07-07,1166359.0666486623
2022-07-08,1205366.1826722214
2022-07-11,1182546.825103507
2022-07-12,1180222.7329373045
2022-07-13,1184082.1600671024
2022-07-14,1176776.8219339994
2022-07-15,1161867.0222956545
2022-07-18,1212903.7654401634
2022-07-19,1198935.2239203337
2022-07-20,1257196.5537484696
2022-07-21,1247001.7375693806
2022-07-22,1248247.2437163582
2022-07-25,1254884.7104975756
2022-07-26,1253383.1130730275
2022-07-27,1250940.8016763646
2022-07-28,1290907.604406696
2022-07-29,1306638.3480055258
2022-08-01,1337110.1519792743
2022-08-02,1344516.3417750231
2022-08-03,1358148.3691585285
2022-08-04,1391309.915965874
2022-08-05,1429951.909588506
2022-08-08,1452995.640610016
2022-08-09,1429160.3075288336
2022-08-10,1434941.3649155723
2022-08-11,1504050.225391908
2022-08-12,1510618.6816054927
2022-08-15,1538208.9163599485
2022-08-16,1555446.8474683438
2022-08-17,1536898.5092335981
2022-08-18,1553932.7826269271
2022-08-19,1534100.980196699
2022-08-22,1526278.7797083606
2022-08-23,1512664.5553487248
2022-08-24,1523814.843816607
2022-08-25,1524897.7068153436
2022-08-26,1570416.926528563
2022-08-29,1520180.000974256
2022-08-30,1497386.3317615716
2022-08-31,1491115.0065602646
2022-09-01,1441074.3529779948
2022-09-02,1454629.247159181
2022-09-06,1387466.1832514962
2022-09-07,1377285.996586606
2022-09-08,1432782.1028075693
2022-09-09,1451466.9022725634
2022-09-12,1479505.8117837443
2022-09-13,1526463.3387396708
2022-09-14,1450614.4107084656
2022-09-15,1465028.0680563366
2022-09-16,1413146.1451856054
2022-09-19,1400867.2226682992
2022-09-20,1386082.8640914266
2022-09-21,1377263.356578676
2022-09-22,1342846.583434066
2022-09-23,1287626.295050034
2022-09-26,1257006.1973387438
2022-09-27,1261188.9248585978
2022-09-28,1283890.6499350136
2022-09-29,1298571.185498451
2022-09-30,1271137.7736441554
2022-10-03,1252824.8968077048
2022-10-04,1295473.567289009
2022-10-05,1326268.057292133
2022-10-06,1341301.5681987586
2022-10-07,1340067.4310789728
2022-10-10,1306815.5245829376
2022-10-11,1294817.3863794194
2022-10-12,1280939.7224356167
2022-10-13,1276189.2288713984
2022-10-14,1301215.4968475252
2022-10-17,1263226.5230094749
2022-10-18,1266685.9873303073
2022-10-19,1258343.2316677421
2022-10-20,1264595.1410349987
2022-10-21,1243250.8620673143
2022-10-24,1254618.1368916256
2022-10-25,1275284.6083013762
2022-10-26,1313267.7079096118
2022-10-27,1324549.1807218965
2022-10-28,1304080.5740044934
2022-10-31,1362669.4130914046
2022-11-01,1355872.9251051813
2022-11-02,1367250.5798315706
2022-11-03,1335603.4988276933
2022-11-04,1339657.1969310115
2022-11-07,1364478.4002816796
2022-11-08,1366477.1807695907
2022-11-09,1368804.5312846217
2022-11-10,1309859.981866407
2022-11-11,1393992.37210821
2022-11-14,1411143.3907851032
2022-11-15,1402694.3908432962
2022-11-16,1404424.3775814262
2022-11-17,1395380.4190691453
2022-11-18,1382606.8781125047
2022-11-21,1369834.6213306878
2022-11-22,1365484.5292323856
2022-11-23,1376475.7964831705
2022-11-25,1390873.4720486056
2022-11-28,1389336.24797339
2022-11-29,1378951.406492423
2022-11-30,1365657.4585921562
2022-12-01,1414565.1005688559
2022-12-02,1424216.51498651
2022-12-05,1422994.8660474503
2022-12-06,1389810.8300599984
2022-12-07,1361618.149998294
2022-12-08,1360217.8492852575
2022-12-09,1370310.787575415
2022-12-12,1345428.9818955215
2022-12-13,1356963.7582804167
2022-12-14,1374641.7386999622
2022-12-15,1367026.3501631934
2022-12-16,1341233.4779925281
2022-12-19,1320098.1741622866
2022-12-20,1317817.699667952
2022-12-21,1314733.859800419
2022-12-22,1331348.7937922839
2022-12-23,1318401.8385483476
2022-12-27,1320492.8822272534
2022-12-28,1327232.6924397764
2022-12-29,1314390.775780666
2022-12-30,1346784.6849222337
2023-01-03,1396067.889652598
2023-01-04,1380067.4313286962
2023-01-05,1403425.0041630657
2023-01-06,1303401.2787964111
2023-01-09,1430900.1472191685
2023-01-10,1474260.9599199963
2023-01-11,1525488.8440703845
2023-01-12,1540805.0103337588
2023-01-13,1446200.372813467
2023-01-17,1476694.6499817832
2023-01-18,1487955.922945851
2023-01-19,1483582.2202475592
2023-01-20,1459612.9676425841
2023-01-23,1515736.725242319
2023-01-24,1474652.0833733066
2023-01-25,1480755.7985924317
2023-01-26,1481842.1586861853
2023-01-27,1522092.5618831378
2023-01-30,1530641.7936823014
2023-01-31,1536540.9207481132
2023-02-01,1582594.8912935753
2023-02-02,1629021.4283143538
2023-02-03,1682599.0282593982
2023-02-06,1623520.2547381863
2023-02-07,1616716.3208888113
2023-02-08,1581029.0724507074
2023-02-09,1554901.1935046185
2023-02-10,1545459.3862150756
2023-02-13,1559239.8065288414
2023-02-14,1591140.6253519433
2023-02-15,1600999.9379216593
2023-02-16,1576345.7757827402
2023-02-17,1548583.9886681482
2023-02-21,1536688.243460707
2023-02-22,1493209.0161805192
2023-02-23,1517185.1688712272
2023-02-24,1522055.5667181166
2023-02-27,1505469.5783629364
2023-02-28,1542298.3188348904
2023-03-01,1491264.6421888366
2023-03-02,1460027.1710044332
2023-03-03,1461689.8123779127
2023-03-06,1521035.9529752946
2023-03-07,1545652.766599068
2023-03-08,1571293.95076485
2023-03-09,1528267.8967671958
2023-03-10,1502423.086069837
2023-03-13,1423503.743398926
2023-03-14,1393402.8887728485
2023-03-15,1392352.64823674
2023-03-16,1402991.0609777146
2023-03-17,1514356.1093074009
2023-03-20,1420183.5692458483
2023-03-21,1457276.4949138642
2023-03-22,1496549.4353799755
2023-03-23,1471515.6241854844
2023-03-24,1496888.2784359497
2023-03-27,1512096.2281605818
2023-03-28,1515565.442802054
2023-03-29,1535059.6779557765
2023-03-30,1550472.5737143024
2023-03-31,1547452.2491716729
2023-04-03,1599333.3295695488
2023-04-04,1592258.0205816505
2023-04-05,1561453.123606487
2023-04-06,1543764.6094474115
2023-04-10,1578037.0618209837
2023-04-11,1587214.3788438218
2023-04-12,1571846.0049891619
2023-04-13,1553817.667702137
2023-04-14,1556706.1004740626
2023-04-17,1553148.0272271752
2023-04-18,1540534.35115238
2023-04-19,1545840.3351180041
2023-04-20,1528388.2517952453
2023-04-21,1531128.3159107836
2023-04-24,1530838.1751383105
2023-04-25,1519983.509362225
2023-04-26,1487651.4492424272
2023-04-27,1466023.6807494059
2023-04-28,1515158.0736678685
2023-05-01,1538818.7942693604
2023-05-02,1518047.0250160159
2023-05-03,1527404.3259584561
2023-05-04,1502868.3622704432
2023-05-05,1455007.5180252409
2023-05-08,1473863.5370865138
2023-05-09,1488434.6369672536
2023-05-10,1462183.375019752
2023-05-11,1470255.5196213506
2023-05-12,1488664.832650219
2023-05-15,1483205.7633731486
2023-05-16,1483863.46399921
2023-05-17,1482772.0489880377
2023-05-18,1499710.2503042559
2023-05-19,1528639.3477024515
2023-05-22,1572765.8280680894
2023-05-23,1601849.3007989184
2023-05-24,1557974.8034526722
2023-05-25,1513805.9351787425
2023-05-26,1510623.0407347786
2023-05-30,1494633.4129029105
2023-05-31,1525588.103023775
2023-06-01,1518883.6946292403
2023-06-02,1554614.5596063097
2023-06-05,1582341.7689650815
2023-06-06,1599637.1490728583
2023-06-07,1639700.847006532
2023-06-08,1617984.947157519
2023-06-09,1622445.2620188412
2023-06-12,1617302.7547704338
2023-06-13,1629025.0179612027
2023-06-14,1622947.7900308198
2023-06-15,1623139.1885615857
2023-06-16,1632244.199887757
2023-06-20,1629220.1050852865
2023-06-21,1631359.704198856
2023-06-22,1596850.9352488737
2023-06-23,1581765.1933999974
2023-06-26,1565215.2758259177
2023-06-27,1558505.7334448625
2023-06-28,1598937.7276221456
2023-06-29,1596188.2876641809
2023-06-30,1586210.5973644652
2023-07-03,1622944.383206685
2023-07-05,1596180.451207756
2023-07-06,1576996.876841031
2023-07-07,1603747.3012927794
2023-07-10,1625975.7977245538
2023-07-11,1660449.378369585
2023-07-12,1653988.5833932299
2023-07-13,1650979.599315353
2023-07-14,1626092.3659759134
2023-07-17,1629603.0778302308
2023-07-18,1650497.4733572465
2023-07-19,1654438.1588756493
2023-07-20,1658506.2286033086
2023-07-21,1632785.9842318418
2023-07-24,1619880.5270907898
2023-07-25,1622507.445668841
2023-07-26,1672038.1212046642
2023-07-27,1637776.0481523448
2023-07-28,1644632.8956486424
2023-07-31,1676349.5235561058
2023-08-01,1684811.463833451
2023-08-02,1677113.744893358
2023-08-03,1661518.5422783797
2023-08-04,1669783.752610543
2023-08-07,1657039.176151691
2023-08-08,1718368.7514136971
2023-08-09,1732125.6734063786
2023-08-10,1697909.8371855887
2023-08-11,1736685.3314942701
2023-08-14,1700188.602751871
2023-08-15,1761362.7807237445
2023-08-16,1718319.23530992
2023-08-17,1690259.2872548616
2023-08-18,1687028.813483464
2023-08-21,1648106.1521247493
2023-08-22,1652107.740376443
2023-08-23,1649847.2153039037
2023-08-24,1668427.8550912042
2023-08-25,1616683.1870369646
2023-08-28,1621782.2491277202
2023-08-29,1630538.2447602288
2023-08-30,1653539.7531830198
2023-08-31,1681431.7738978798
2023-09-01,1707870.1846268338
2023-09-05,1692363.1325877842
2023-09-06,1672292.5374101102
2023-09-07,1678559.827432614
2023-09-08,1668117.60706044
2023-09-11,1671805.9444598313
2023-09-12,1730776.6291840447
2023-09-13,1664712.4810907198
2023-09-14,1684899.0168753774
2023-09-15,1701060.1589917326
2023-09-18,1666527.6645316596
2023-09-19,1648928.619965286
2023-09-20,1655874.0095412922
2023-09-21,1645015.4131336524
2023-09-22,1612116.2746215835
2023-09-25,1594069.5702437768
2023-09-26,1622834.4042124236
2023-09-27,1646748.3617748793
2023-09-28,1641684.6357315863
2023-09-29,1651905.4192146915
2023-10-02,1579275.1457776844
2023-10-03,1574825.2807442597
2023-10-04,1511148.2079058054
2023-10-05,1545223.0155721784
2023-10-06,1547189.826733038
2023-10-09,1575244.4268309684
2023-10-10,1601622.1660565748
2023-10-11,1590118.436841047
2023-10-12,1562163.1481690814
2023-10-13,1589538.7227295772
2023-10-16,1555843.7516248052
2023-10-17,1592950.1533806736
2023-10-18,1617299.9829166352
2023-10-19,1608690.6441471311
2023-10-20,1603889.2332004565
2023-10-23,1546257.4031814106
2023-10-24,1540102.407034891
2023-10-25,1563206.8836551006
2023-10-26,1511833.4069634646
2023-10-27,1486506.8199637646
2023-10-30,1471507.7545790132
2023-10-31,1484538.688191275
2023-11-01,1490272.488376383
2023-11-02,1531797.1120660952
2023-11-03,1585546.2206062474
2023-11-06,1572359.7469020404
2023-11-07,1470664.1331273275
2023-11-08,1406270.1322539314
2023-11-09,1366576.9542606112
2023-11-10,1312110.1041320213
2023-11-13,1328592.0770850354
2023-11-14,1358399.3956931874
2023-11-15,1364595.0602309597
2023-11-16,1325500.5995779168
2023-11-17,1348499.1039116303
2023-11-20,1347043.5988444234
2023-11-21,1325553.8185123936
2023-11-22,1322000.421015025
2023-11-24,1350493.8147725908
2023-11-27,1342630.6794585593
2023-11-28,1352071.1072559136
2023-11-29,1356462.8166212216
2023-11-30,1348563.89148622
2023-12-01,1388133.4849621241
2023-12-04,1446116.0059164132
2023-12-05,1417892.1896037806
2023-12-06,1399476.987753034
2023-12-07,1391512.7579765674
2023-12-08,1398720.8755970048
2023-12-11,1410274.2046378092
2023-12-12,1390111.2260280696
2023-12-13,1429011.1518399303
2023-12-14,1501813.345439816
2023-12-15,1480952.5258928498
2023-12-18,1512715.9742697994
2023-12-19,1555773.7585494588
2023-12-20,1572652.2892043216
2023-12-21,1580615.3759320416
2023-12-22,1649365.5913810418
2023-12-26,1701182.0627332092
2023-12-27,1737344.5164259896
2023-12-28,1705394.098504489
2023-12-29,1687851.6012956256
2024-01-02,1679986.652916705
2024-01-03,1639129.9885163852
2024-01-04,1587731.616275426
2024-01-05,1579262.3307776453
2024-01-08,1538141.0526817439
2024-01-09,1529153.223150324
2024-01-10,1515300.7673344878
2024-01-11,1446805.2124683375
2024-01-12,1429139.5006101187
2024-01-16,1420671.4974111717
2024-01-17,1441590.8518911507
2024-01-18,1425844.489777527
2024-01-19,1418236.8996063762
2024-01-22,1475006.1344556
2024-01-23,1492186.1341527256
2024-01-24,1505649.5251238914
2024-01-25,1516355.3170718818
2024-01-26,1528015.5871744903
2024-01-29,1534468.0913335958
2024-01-30,1509464.4360407346
2024-01-31,1485289.05571056
2024-02-01,1450468.2264972243
2024-02-02,1419200.2979507828
2024-02-05,1406378.6947228264
2024-02-06,1403792.118266792
2024-02-07,1393381.2763872475
2024-02-08,1427478.3995805725
2024-02-09,1427045.450583202
2024-02-12,1475307.8972075188
2024-02-13,1448847.376261746
2024-02-14,1436091.0593910203
2024-02-15,1453339.6676567935
2024-02-16,1436494.3727095074
2024-02-20,1431997.6837102328
2024-02-21,1423209.7815180705
2024-02-22,1412718.7479973643
2024-02-23,1452820.6427805272
2024-02-26,1463815.8975579704
2024-02-27,1458589.63027619
2024-02-28,1450213.6694626187
2024-02-29,1439026.942132119
2024-03-01,1558157.5469561822
2024-03-04,1582621.603380388
2024-03-05,1626721.8664879357
2024-03-06,1549673.6699384756
2024-03-07,1525926.9631006476
2024-03-08,1560931.205770714
2024-03-11,1523497.0315174293
2024-03-12,1524733.9910831382
2024-03-13,1616711.0671302222
2024-03-14,1604832.5229928566
2024-03-15,1638488.5210881406
2024-03-18,1617301.4527487983
2024-03-19,1663950.4236018322
2024-03-20,1656083.8423285673
2024-03-21,1664971.2274274456
2024-03-22,1697492.076070762
2024-03-25,1701200.629836395
2024-03-26,1700378.349206468
2024-03-27,1727741.6038414214
2024-03-28,1741897.095786215
2024-04-01,1755058.1060863647
2024-04-02,1759766.0698689632
2024-04-03,1901802.2152003832
2024-04-04,1919949.9921469402
2024-04-05,1888324.0344393358
2024-04-08,1924285.4317286324
2024-04-09,1875484.7170972715
2024-04-10,1916615.5793737515
2024-04-11,1823189.6353624102
2024-04-12,1836626.328872326
2024-04-15,1737916.140727104
2024-04-16,1679792.5837136817
2024-04-17,1634857.2031130427
2024-04-18,1603526.67094363
2024-04-19,1625809.298594843
2024-04-22,1591561.1388111108
2024-04-23,1692379.7891596274
2024-04-24,1733882.3809100112
2024-04-25,1721442.045377478
2024-04-26,1713322.7668055578
2024-04-29,1750000.3227243074
2024-04-30,1695135.1417686332
2024-05-01,1663201.1083281992
2024-05-02,1688302.145198356
2024-05-03,1980673.0941510503
2024-05-06,1981850.8985423408
2024-05-07,2104398.979745706
2024-05-08,2051557.6169484144
2024-05-09,2115843.494838621
2024-05-10,2052831.7067079
2024-05-13,1975703.4555253857
2024-05-14,2025536.2047654227
2024-05-15,2046028.842931437
2024-05-16,2091682.2850117693
2024-05-17,2056603.2743946281
2024-05-20,2070366.4979954672
2024-05-21,2077961.450441517
2024-05-22,1948979.6951050542
2024-05-23,1937808.496391746
2024-05-24,1899167.4677282516
2024-05-28,1998449.9838259267
2024-05-29,1924124.9665550548
2024-05-30,1966775.6742723938
2024-05-31,1856328.2830398895
2024-06-03,1719467.7488476997
2024-06-04,1597650.6524943176
2024-06-05,1591794.973036397
2024-06-06,1662260.1379308484
2024-06-07,1621913.9631682876
2024-06-10,1946981.4423959462
2024-06-11,1872983.3280057907
2024-06-12,1962180.7161802491
2024-06-13,1847505.723016126
2024-06-14,1699590.347687656
2024-06-17,1693992.28829772
2024-06-18,1721534.0755631952
2024-06-20,1701590.7959276885
2024-06-21,1639340.2995129195
2024-06-24,1737488.2197336014
2024-06-25,1618577.9059058344
2024-06-26,1622180.476095704
2024-06-27,1663134.6534372596
2024-06-28,1793445.0860895417
2024-07-01,1737798.2714337795
2024-07-02,1672071.1376332275
2024-07-03,1700665.1299277765
2024-07-05,1658665.338181698
2024-07-08,1690495.5712849537
2024-07-09,1641125.167609533
2024-07-10,1628916.016440771
2024-07-11,1777345.0365561307
2024-07-12,1965032.8631326237
2024-07-15,2206127.2796800267
2024-07-16,2315041.784744198
2024-07-17,2224786.85718637
2024-07-18,2121625.9752508397
2024-07-19,2207740.47088777
2024-07-22,2156802.233925544
2024-07-23,2259049.5614076173
2024-07-24,2208404.5480024386
2024-07-25,2114931.9604295697
2024-07-26,2039572.747780459
2024-07-29,1977741.9686159776
2024-07-30,2040312.7649158263
2024-07-31,2028359.5607691165
2024-08-01,1894226.2703271392
2024-08-02,1774673.4649970066
2024-08-05,1704532.426666104
2024-08-06,1668251.0174369803
2024-08-07,1475515.715326905
2024-08-08,1453035.7028429077
2024-08-09,1572587.6624574189
2024-08-12,1882187.3207402194
2024-08-13,1803952.8581630364
2024-08-14,1830646.3016587005
2024-08-15,1846836.2903111035
2024-08-16,1917701.5203736348
2024-08-19,1885279.3935364534
2024-08-20,1858113.5786987802
2024-08-21,1852169.485313814
2024-08-22,1855848.8216946449
2024-08-23,1884621.4005056615
2024-08-26,1963026.2633782295
2024-08-27,1923993.8901689528
2024-08-28,1930471.1481551814
2024-08-29,1953890.1962314711
2024-08-30,1901170.6959562001
2024-09-03,1899347.134804561
2024-09-04,1813096.703827081
2024-09-05,1794389.6505219894
2024-09-06,1820793.346984213
2024-09-09,1728340.056379798
2024-09-10,1726228.4072557574
2024-09-11,1702095.3556989832
2024-09-12,1665662.9206880727
2024-09-13,1727699.0452310378
2024-09-16,1686512.482169733
2024-09-17,1702218.4098538738
2024-09-18,1713507.8650713312
2024-09-19,1661877.334358112
2024-09-20,1687548.4322515754
2024-09-23,1628735.4435392858
2024-09-24,1634629.1035400762
2024-09-25,1597549.6280345568
2024-09-26,1579783.7433897697
2024-09-27,1602745.6661456889
2024-09-30,1590564.833339328
2024-10-01,1590092.7357543344
2024-10-02,1582430.1932029382
2024-10-03,1580220.2093974277
2024-10-04,1573994.7444041728
2024-10-07,1587489.725866923
2024-10-08,1551086.1578703893
2024-10-09,1565007.5860205584
2024-10-10,1571039.4556682697
2024-10-11,1587447.6416226146
2024-10-14,1577191.0672421206
2024-10-15,1622932.2998090805
2024-10-16,1622498.2911361628
2024-10-17,1615565.8218905476
2024-10-18,1632357.9684405471
2024-10-21,1604439.0621469428
2024-10-22,1608836.5454552812
2024-10-23,1615202.1394362675
2024-10-24,1605286.0563894461
2024-10-25,1581734.2261765127
2024-10-28,1624832.0513382081
2024-10-29,1624625.5499451065
2024-10-30,1635492.85292472
2024-10-31,1644511.3390694854
2024-11-01,1608482.8147027425
2024-11-04,1616244.024313951
2024-11-05,1622162.065042071
2024-11-06,1668175.2846397962
2024-11-07,1629779.1767808879
2024-11-08,1619998.3026948906
2024-11-11,1649116.2371063803
2024-11-12,1636400.9303953238
2024-11-13,1596590.0532103626
2024-11-14,1579148.8734205884
2024-11-15,1581017.7682269088
2024-11-18,1537015.0481839846
2024-11-19,1552519.250053757
2024-11-20,1553881.1280662909
2024-11-21,1565899.8521852181
2024-11-22,1597033.424639903
2024-11-25,1627002.123713573
2024-11-26,1606211.958088471
2024-11-27,1625525.8745897543
2024-11-29,1598154.8726926395
2024-12-02,1588271.6752618547
2024-12-03,1573176.4716751243
2024-12-04,1574596.910414389
2024-12-05,1572139.7403864583
2024-12-06,1573156.9998977468
2024-12-09,1586319.6189552362
2024-12-10,1584062.079791682
2024-12-11,1575788.385040521
2024-12-12,1570765.9580563463
2024-12-13,1558708.1782717134
2024-12-16,1557580.8940026793
2024-12-17,1542089.887704871
2024-12-18,1538577.6009163065
2024-12-19,1463125.66321199
2024-12-20,1457755.5046998374
2024-12-23,1455525.8908023713
2024-12-24,1463539.7114978596
2024-12-26,1485221.8476144099
2024-12-27,1474443.40533764
2024-12-30,1465951.1608387968
2024-12-31,1467446.4280595628
