date,portfolio_value
2010-09-30,99833.32183075503
2010-10-01,99970.4649168896
2010-10-04,99648.09432061651
2010-10-05,98969.20939428115
2010-10-06,100507.26786114741
2010-10-07,100330.46245892729
2010-10-08,100263.61802861468
2010-10-11,100528.06572383712
2010-10-12,100476.98220410108
2010-10-13,100950.08634702378
2010-10-14,102102.86290124498
2010-10-15,101065.32229792913
2010-10-18,101425.86209082666
2010-10-19,101519.75013489065
2010-10-20,100278.44496391935
2010-10-21,100352.9632998252
2010-10-22,100528.42860630447
2010-10-25,101037.30518566375
2010-10-26,101094.22497402238
2010-10-27,100563.0070266842
2010-10-28,100405.33814072685
2010-10-29,100729.60460758014
2010-11-01,98906.98523031078
2010-11-02,100189.69495879917
2010-11-03,101140.39350732967
2010-11-04,101262.92727510513
2010-11-05,102801.36960429381
2010-11-08,103207.78082860544
2010-11-09,102973.67880834734
2010-11-10,102459.58949056525
2010-11-11,102502.68524026152
2010-11-12,101918.21527430062
2010-11-15,100690.3757914572
2010-11-16,99873.29169529241
2010-11-17,98688.98352577075
2010-11-18,97991.01944387863
2010-11-19,99925.76092117692
2010-11-22,100589.31147418958
2010-11-23,101068.74742625373
2010-11-24,99619.49130843248
2010-11-26,102281.74214421473
2010-11-29,100404.85438526543
2010-11-30,100624.56787564004
2010-12-01,99308.95109157963
2010-12-02,100192.53235051631
2010-12-03,101648.52823018718
2010-12-06,102231.71774198362
2010-12-07,102664.14277570693
2010-12-08,102299.17921258521
2010-12-09,102783.59202351187
2010-12-10,103230.22377744717
2010-12-13,103495.59039746363
2010-12-14,104130.33813740307
2010-12-15,104595.84230849966
2010-12-16,104181.767278459
2010-12-17,105528.21967193627
2010-12-20,105471.62690239269
2010-12-21,105226.87494384171
2010-12-22,105693.6926166408
2010-12-23,106137.28207886429
2010-12-27,106000.60117112476
2010-12-28,105515.1933887464
2010-12-29,105752.33089778993
2010-12-30,106134.23635937541
2010-12-31,104297.44287065258
2011-01-03,104814.25302590549
2011-01-04,104601.4737631257
2011-01-05,104548.79554136984
2011-01-06,104976.42214580055
2011-01-07,104674.626220674
2011-01-10,104550.70583943804
2011-01-11,104484.30514977414
2011-01-12,104800.67887099048
2011-01-13,105591.16615291892
2011-01-14,105714.96208808948
2011-01-18,106186.04003953132
2011-01-19,105564.63531455962
2011-01-20,104597.38964224645
2011-01-21,104124.40524212521
2011-01-24,104667.29860460453
2011-01-25,105811.2608445539
2011-01-26,106278.25951226825
2011-01-27,106751.24984801916
2011-01-28,106749.25811859978
2011-01-31,104709.06717341373
2011-02-01,105565.49041543165
2011-02-02,106915.71184103587
2011-02-03,106795.97046884676
2011-02-04,106695.85511288968
2011-02-07,106992.68431926433
2011-02-08,107331.47711200315
2011-02-09,107633.27157072857
2011-02-10,107446.63825860835
2011-02-11,107586.44558462688
2011-02-14,107716.60067403085
2011-02-15,107954.28914451961
2011-02-16,107787.99250348959
2011-02-17,108636.92091191409
2011-02-18,109279.88706021206
2011-02-22,109770.13558494572
2011-02-23,107255.2962754138
2011-02-24,106975.4783855126
2011-02-25,107770.54229076816
2011-02-28,108499.92054061937
2011-03-01,108419.03000699086
2011-03-02,106909.45521605699
2011-03-03,106718.65279386556
2011-03-04,108478.9074016609
2011-03-07,107562.53421401406
2011-03-08,107286.79731494065
2011-03-09,108648.71553924354
2011-03-10,108253.67622177672
2011-03-11,105987.35927618155
2011-03-14,106650.09286685199
2011-03-15,106407.0576280738
2011-03-16,106040.75940226122
2011-03-17,103465.85546358331
2011-03-18,105443.25686075445
2011-03-21,105908.49673569875
2011-03-22,107521.83921351307
2011-03-23,106817.13569399151
2011-03-24,106557.07070683813
2011-03-25,107471.88660243253
2011-03-28,107495.56814836741
2011-03-29,107024.14587379617
2011-03-30,107746.77438648985
2011-03-31,108894.62207048207
2011-04-01,108692.56159190126
2011-04-04,109406.11998554965
2011-04-05,109306.92038923122
2011-04-06,109556.16133328203
2011-04-07,109425.46963970567
2011-04-08,108496.86447029699
2011-04-11,108197.9460965919
2011-04-12,107594.6845122901
2011-04-13,106763.59336811514
2011-04-14,107194.92555095447
2011-04-15,107682.81990964823
2011-04-18,107884.3174025356
2011-04-19,106448.56091898849
2011-04-20,106874.25563904276
2011-04-21,108047.63638395643
2011-04-25,108485.72004234733
2011-04-26,108652.59675729231
2011-04-27,109294.45539711707
2011-04-28,110402.47757862338
2011-04-29,110787.02373110811
2011-05-02,110439.64611730853
2011-05-03,110307.63908925901
2011-05-04,109834.55018964043
2011-05-05,109876.86759803937
2011-05-06,108795.8825412908
2011-05-09,109671.39772411497
2011-05-10,110344.25130207613
2011-05-11,110855.30203840892
2011-05-12,110237.06085195283
2011-05-13,110068.73713476738
2011-05-16,109233.12573869686
2011-05-17,108486.054832055
2011-05-18,108647.91951419623
2011-05-19,109509.10056802191
2011-05-20,109992.00862068358
2011-05-23,108965.137619493
2011-05-24,107375.06535193928
2011-05-25,107690.46441677333
2011-05-26,108228.242438734
2011-05-27,108825.41114278798
2011-05-31,111427.59255977167
2011-06-01,112358.03454667456
2011-06-02,109943.7233522197
2011-06-03,110012.15531495883
2011-06-06,109594.79966904884
2011-06-07,108863.23462235135
2011-06-08,109190.07121900252
2011-06-09,108184.29351817995
2011-06-10,109154.30538937103
2011-06-13,107829.55024423254
2011-06-14,108052.22734870082
2011-06-15,109847.53248134679
2011-06-16,108480.97726899285
2011-06-17,108419.62075635376
2011-06-20,109022.45182734856
2011-06-21,109020.80427829392
2011-06-22,110557.7582892545
2011-06-23,109978.57800418482
2011-06-24,110789.15375018207
2011-06-27,109557.4631287037
2011-06-28,109957.06105466538
2011-06-29,110800.87667034779
2011-06-30,111321.5984540752
2011-07-01,112196.68873224003
2011-07-05,114328.49845732916
2011-07-06,114664.79775681153
2011-07-07,114849.51385073803
2011-07-08,115975.47713747049
2011-07-11,115578.34470711708
2011-07-12,114438.88153707758
2011-07-13,114308.27939852822
2011-07-14,114089.77790742474
2011-07-15,113319.05098735793
2011-07-18,113431.8723136918
2011-07-19,112734.70700470988
2011-07-20,114227.34961644343
2011-07-21,113554.16900854647
2011-07-22,114281.4128420159
2011-07-25,113567.2745247957
2011-07-26,112502.56590946055
2011-07-27,111577.5506585872
2011-07-28,109784.09870675472
2011-07-29,109800.60561007546
2011-08-01,109598.9380688661
2011-08-02,109265.81517510978
2011-08-03,106972.66535011139
2011-08-04,105015.80810075504
2011-08-05,102940.97916710688
2011-08-08,102134.6439715833
2011-08-09,100934.22170923304
2011-08-10,102486.8849757929
2011-08-11,100896.48444344342
2011-08-12,102113.66083845939
2011-08-15,102520.09884093507
2011-08-16,103219.6601271753
2011-08-17,102984.27272055871
2011-08-18,103177.03541710733
2011-08-19,101823.3113662897
2011-08-22,101297.90619606948
2011-08-23,101364.79798351365
2011-08-24,102452.15176160754
2011-08-25,102685.64432733091
2011-08-26,102122.96613515617
2011-08-29,102827.10039565443
2011-08-30,103864.32894996874
2011-08-31,103879.94486276158
2011-09-01,103599.11531295591
2011-09-02,103066.38060391185
2011-09-06,102300.5216717006
2011-09-07,102173.7467786828
2011-09-08,103168.29653245356
2011-09-09,102916.0285086877
2011-09-12,101935.39320700894
2011-09-13,102234.30100104283
2011-09-14,102506.6037374227
2011-09-15,102692.18561798737
2011-09-16,103348.29392861425
2011-09-19,103398.93651715778
2011-09-20,102708.79477432129
2011-09-21,102498.10246696755
2011-09-22,101927.23746988244
2011-09-23,101024.95511764575
2011-09-26,101058.03724757384
2011-09-27,102105.83528204756
2011-09-28,102104.70710019102
2011-09-29,102193.45933373606
2011-09-30,103901.0221172419
2011-10-03,100038.50149348864
2011-10-04,99795.41198505141
2011-10-05,100881.49305620373
2011-10-06,102995.10522916407
2011-10-07,103407.9331193805
2011-10-10,102360.24184173031
2011-10-11,105908.5709763872
2011-10-12,106320.14277845541
2011-10-13,107061.19714094544
2011-10-14,106301.18910746774
2011-10-17,107273.43220512307
2011-10-18,105806.4191928664
2011-10-19,107815.49199999141
2011-10-20,106528.11878976753
2011-10-21,107598.6489377875
2011-10-24,110870.5559509327
2011-10-25,111967.8749413692
2011-10-26,110061.86334991401
2011-10-27,112911.6062741091
2011-10-28,116279.11691782066
2011-10-31,117138.63232345003
2011-11-01,114156.32823227563
2011-11-02,110920.9277644034
2011-11-03,112807.30236611549
2011-11-04,115117.18467391787
2011-11-07,113516.66152777347
2011-11-08,113942.83045648858
2011-11-09,115872.04586279044
2011-11-10,111129.89209552256
2011-11-11,112176.3252737326
2011-11-14,114166.17733855573
2011-11-15,113733.40102546802
2011-11-16,114403.39585875295
2011-11-17,113358.30003446907
2011-11-18,112050.47383819676
2011-11-21,112092.40288587676
2011-11-22,109553.22871029523
2011-11-23,109233.73113511957
2011-11-25,106053.19159090453
2011-11-28,106075.74808590946
2011-11-29,109024.3354632482
2011-11-30,109252.30430500812
2011-12-01,113541.06647404641
2011-12-02,113624.48205941732
2011-12-05,129462.15131500683
2011-12-06,130810.32890361399
2011-12-07,130249.60731423172
2011-12-08,131431.58551213387
2011-12-09,127598.81749341729
2011-12-12,131858.86722066917
2011-12-13,129579.2170990396
2011-12-14,129181.11579746573
2011-12-15,127845.1445188667
2011-12-16,128987.11817118313
2011-12-19,129609.69904274157
2011-12-20,125619.47940733441
2011-12-21,131233.82119635196
2011-12-22,130665.8545007568
2011-12-23,131058.21869286081
2011-12-27,133316.27839841184
2011-12-28,133667.23025371932
2011-12-29,130755.34073103666
2011-12-30,132216.01375686136
2012-01-03,130630.68088658548
2012-01-04,131718.1496838378
2012-01-05,131998.96038871107
2012-01-06,132348.9108761861
2012-01-09,131889.65338587112
2012-01-10,132396.30084101172
2012-01-11,133765.9398587223
2012-01-12,133876.49101983715
2012-01-13,133735.8106347103
2012-01-17,132970.21081278866
2012-01-18,133233.93241145863
2012-01-19,134476.56368603712
2012-01-20,135374.3987899548
2012-01-23,136117.43541130633
2012-01-24,136465.69988660078
2012-01-25,136200.10461607183
2012-01-26,138067.3623721578
2012-01-27,137870.27042131088
2012-01-30,137521.4404185787
2012-01-31,137297.31187650387
2012-02-01,138016.09007902903
2012-02-02,139077.4970655545
2012-02-03,139296.577342008
2012-02-06,140908.9150869107
2012-02-07,140502.78797888543
2012-02-08,140562.77857371984
2012-02-09,140581.82488118275
2012-02-10,140418.03828589854
2012-02-13,139914.58686308164
2012-02-14,140574.4790999705
2012-02-15,140425.09302690998
2012-02-16,139905.78092243912
2012-02-17,141225.02333843216
2012-02-21,140757.40978864013
2012-02-22,140144.66062141457
2012-02-23,140733.6090499242
2012-02-24,140929.8244643732
2012-02-27,141019.49637450834
2012-02-28,140107.51622932096
2012-02-29,139836.95731161092
2012-03-01,139021.25351975375
2012-03-02,138444.74260927187
2012-03-05,138859.3779376901
2012-03-06,138474.70744869273
2012-03-07,136530.86848065912
2012-03-08,137145.74379261612
2012-03-09,141741.34330700032
2012-03-12,142158.58328017307
2012-03-13,141044.42184010553
2012-03-14,142787.03888535744
2012-03-15,142758.99921096128
2012-03-16,143184.41783822447
2012-03-19,143938.41939679702
2012-03-20,144154.84002455726
2012-03-21,143868.87972411333
2012-03-22,144075.60577116528
2012-03-23,143468.4471998478
2012-03-26,143860.5404693335
2012-03-27,145661.2323724271
2012-03-28,145448.1317676365
2012-03-29,144715.40094947693
2012-03-30,143608.64085393216
2012-04-02,144573.99818662953
2012-04-03,145218.8152626961
2012-04-04,144605.93534185638
2012-04-05,142910.22890467447
2012-04-09,142343.23915365618
2012-04-10,141213.65586547833
2012-04-11,139452.82478796976
2012-04-12,139943.44195371575
2012-04-13,141873.579890945
2012-04-16,141079.03032126746
2012-04-17,140284.7488218863
2012-04-18,141902.07186366303
2012-04-19,141527.99555459086
2012-04-20,141475.3062373788
2012-04-23,141429.0714827478
2012-04-24,140897.73396181123
2012-04-25,141247.28391392092
2012-04-26,142733.78044651874
2012-04-27,143999.72572634474
2012-04-30,143578.29827306967
2012-05-01,142218.33255895416
2012-05-02,143699.00919691147
2012-05-03,143321.29462145825
2012-05-04,142806.5767141261
2012-05-07,141183.3545602456
2012-05-08,142190.59592294187
2012-05-09,141850.23267939765
2012-05-10,141448.83355890602
2012-05-11,141794.02229561008
2012-05-14,141618.59718404236
2012-05-15,141059.39521598484
2012-05-16,140255.69614695743
2012-05-17,139969.1243370986
2012-05-18,138140.10102280858
2012-05-21,136223.06583502528
2012-05-22,137379.15726400222
2012-05-23,137835.7193735066
2012-05-24,137691.8704369998
2012-05-25,138365.94962101214
2012-05-29,137426.17535363015
2012-05-30,139188.19798811874
2012-05-31,137785.31552293524
2012-06-01,138012.1586195539
2012-06-04,135466.90217302716
2012-06-05,135579.3775961765
2012-06-06,135902.43687965936
2012-06-07,137955.79981092692
2012-06-08,138246.50254147418
2012-06-11,138613.51696014896
2012-06-12,136810.14508898844
2012-06-13,138027.46543083384
2012-06-14,137383.21085780012
2012-06-15,138445.2625161963
2012-06-18,139391.29531251342
2012-06-19,140224.06320172505
2012-06-20,141286.04772027192
2012-06-21,141527.75100264206
2012-06-22,139612.3693847848
2012-06-25,141241.2074746047
2012-06-26,138906.83594151045
2012-06-27,139762.09332161132
2012-06-28,141327.73199289694
2012-06-29,140320.9794119467
2012-07-02,144285.48826166245
2012-07-03,145074.24962898385
2012-07-05,145898.68008826688
2012-07-06,145766.8210122547
2012-07-09,144844.76538352383
2012-07-10,145303.05362393046
2012-07-11,144343.57820824944
2012-07-12,144753.97702797447
2012-07-13,144116.11423881826
2012-07-16,146176.49435679227
2012-07-17,145732.1385309125
2012-07-18,146044.79083388567
2012-07-19,145745.24908626892
2012-07-20,145998.43084911176
2012-07-23,144761.44294053805
2012-07-24,143029.79323032554
2012-07-25,142359.19507953076
2012-07-26,140988.2957259827
2012-07-27,142932.4086685549
2012-07-30,145046.67961637178
2012-07-31,145223.51894328764
2012-08-01,142700.4678573093
2012-08-02,142819.05177438908
2012-08-03,142095.6031765764
2012-08-06,144272.80281115772
2012-08-07,143995.72734361657
2012-08-08,144454.41994727845
2012-08-09,144499.92406414342
2012-08-10,144172.67429978147
2012-08-13,144345.27447554705
2012-08-14,143909.12811494517
2012-08-15,144669.3316737141
2012-08-16,144692.48990545265
2012-08-17,146179.72870609976
2012-08-20,146348.13151087286
2012-08-21,146570.77396119895
2012-08-22,145620.58711814278
2012-08-23,145894.23270551852
2012-08-24,144680.74682008888
2012-08-27,145623.15228449123
2012-08-28,146199.03254591598
2012-08-29,146669.49958036884
2012-08-30,146463.27840484926
2012-08-31,145436.36808413765
2012-09-04,147327.85619824243
2012-09-05,147140.38067460724
2012-09-06,146407.64262278032
2012-09-07,148651.83756932066
2012-09-10,149675.87881424293
2012-09-11,149262.31140608958
2012-09-12,149621.36639056768
2012-09-13,149191.99770794992
2012-09-14,151659.1096740787
2012-09-17,152003.60852554886
2012-09-18,151758.76949386564
2012-09-19,151455.7833058221
2012-09-20,151162.1595299974
2012-09-21,151716.03638813618
2012-09-24,151977.40376912217
2012-09-25,151575.66998529664
2012-09-26,150626.94489245716
2012-09-27,149796.6595911813
2012-09-28,150015.16551104383
2012-10-01,149710.24543499365
2012-10-02,150219.87394076388
2012-10-03,149785.8523106921
2012-10-04,150598.18729390283
2012-10-05,151660.35751426523
2012-10-08,151643.43782247318
2012-10-09,151148.0252419494
2012-10-10,150894.49718803947
2012-10-11,150333.6940043839
2012-10-12,149706.3517429367
2012-10-15,149123.1509499242
2012-10-16,149495.0168498679
2012-10-17,151290.0379568522
2012-10-18,151607.74197483822
2012-10-19,151779.52553992526
2012-10-22,150370.1778151203
2012-10-23,151474.0130521883
2012-10-24,151011.14432128935
2012-10-25,150647.77731445164
2012-10-26,150497.02472669884
2012-10-31,151314.4013412311
2012-11-01,152103.70048926264
2012-11-02,152826.02698036647
2012-11-05,151973.0583171853
2012-11-06,152516.55831026437
2012-11-07,152401.33900568067
2012-11-08,151622.2136022585
2012-11-09,149985.87585999435
2012-11-12,149868.57323717006
2012-11-13,149198.33144003505
2012-11-14,147596.31347807308
2012-11-15,145857.14365174194
2012-11-16,146477.07531009414
2012-11-19,147203.41659358772
2012-11-20,149515.09820093605
2012-11-21,149546.5335583987
2012-11-23,149617.2676737588
2012-11-26,151505.19364951222
2012-11-27,151689.96418060263
2012-11-28,150766.13370205485
2012-11-29,152184.04441533092
2012-11-30,152975.92661993628
2012-12-03,153739.05541413688
2012-12-04,153428.47286120703
2012-12-05,153012.4084832525
2012-12-06,152871.37813992772
2012-12-07,152992.24607909605
2012-12-10,153853.70706719646
2012-12-11,153509.87838433642
2012-12-12,153162.30892309424
2012-12-13,153493.2615291392
2012-12-14,153118.03498947647
2012-12-17,151695.6206783525
2012-12-18,153159.8370376855
2012-12-19,155059.98140242478
2012-12-20,154865.00476560014
2012-12-21,155601.96330989915
2012-12-24,154388.71821611177
2012-12-26,153679.68136054403
2012-12-27,153495.0659872172
2012-12-28,153763.6648999888
2012-12-31,152347.4984209149
2013-01-02,155063.15341655203
2013-01-03,158341.44486769533
2013-01-04,158269.04155082535
2013-01-07,158631.27013287417
2013-01-08,158760.62487454308
2013-01-09,158812.5296759611
2013-01-10,158503.27044534055
2013-01-11,159231.59549710908
2013-01-14,159497.746631101
2013-01-15,159811.34285601473
2013-01-16,159757.4397012983
2013-01-17,160169.84453965572
2013-01-18,161056.90040819
2013-01-22,161990.1126916588
2013-01-23,162069.63293220903
2013-01-24,162805.1731377838
2013-01-25,162153.48657073593
2013-01-28,163533.12592628057
2013-01-29,163600.69102811586
2013-01-30,163442.4037044489
2013-01-31,163863.7797736911
2013-02-01,163500.90504495174
2013-02-04,164488.00705561612
2013-02-05,162863.62824644017
2013-02-06,164329.75112542807
2013-02-07,163827.13970599053
2013-02-08,163270.12579064016
2013-02-11,164053.09401196794
2013-02-12,164788.823503194
2013-02-13,165561.73693339364
2013-02-14,165478.1734805025
2013-02-15,166019.40072735556
2013-02-19,166221.54123913302
2013-02-20,166651.4603095648
2013-02-21,165347.31530944337
2013-02-22,164829.52223635526
2013-02-25,165336.9436000995
2013-02-26,162939.92963873097
2013-02-27,163417.72290983377
2013-02-28,165236.97196719915
2013-03-01,165125.71374541987
2013-03-04,165160.1221837704
2013-03-05,165808.97818236888
2013-03-06,167249.91983300907
2013-03-07,167563.2124253723
2013-03-08,167914.0317496852
2013-03-11,168177.11491243454
2013-03-12,168532.26316664022
2013-03-13,168770.4709756898
2013-03-14,169485.18988802927
2013-03-15,170811.9722150241
2013-03-18,170610.6931135012
2013-03-19,170921.81020395993
2013-03-20,170816.1248658153
2013-03-21,171903.5938227364
2013-03-22,170531.4317724358
2013-03-25,172416.94752908015
2013-03-26,171696.9267771044
2013-03-27,172341.60481268287
2013-03-28,172190.15897582518
2013-04-01,171391.7201073486
2013-04-02,169564.02560907305
2013-04-03,169853.4047606357
2013-04-04,169085.15633964352
2013-04-05,169746.0014039851
2013-04-08,169513.2426065498
2013-04-09,169201.51406397828
2013-04-10,169955.14286087896
2013-04-11,171187.83314488927
2013-04-12,171866.13995241074
2013-04-15,170152.5780730365
2013-04-16,167538.97363501703
2013-04-17,169285.02389493733
2013-04-18,167962.20010544968
2013-04-19,167868.01269791575
2013-04-22,168416.17752159116
2013-04-23,169611.5145149769
2013-04-24,171650.72132609668
2013-04-25,171560.29070212573
2013-04-26,171574.1198531365
2013-04-29,171473.25400386372
2013-04-30,172989.45782763907
2013-05-01,171205.0040986972
2013-05-02,170325.2903231186
2013-05-03,172249.8624348824
2013-05-06,174171.3461218373
2013-05-07,175117.588574327
2013-05-08,175344.3185184279
2013-05-09,175401.33700789255
2013-05-10,175078.56672967607
2013-05-13,175374.36823137585
2013-05-14,175031.83205167903
2013-05-15,176629.03057966504
2013-05-16,178180.64496243172
2013-05-17,176903.8120446198
2013-05-20,178685.55712389873
2013-05-21,178596.14081035845
2013-05-22,178292.54492429164
2013-05-23,177206.93132484678
2013-05-24,176868.5653521793
2013-05-28,176821.97586585247
2013-05-29,176597.93641820812
2013-05-30,175325.1886405204
2013-05-31,176073.71798144796
2013-06-03,174229.76920384154
2013-06-04,174523.17394333455
2013-06-05,174312.6300834281
2013-06-06,172657.82695914543
2013-06-07,172565.64310615926
2013-06-10,175037.44433223363
2013-06-11,174700.85324551238
2013-06-12,173005.55470829588
2013-06-13,171940.796373621
2013-06-14,174030.0086411255
2013-06-17,172888.49406948587
2013-06-18,174400.0949765491
2013-06-19,175828.26294249098
2013-06-20,174294.18903259927
2013-06-21,170915.85469430377
2013-06-24,171562.97567652306
2013-06-25,169592.40472635164
2013-06-26,170190.6947343412
2013-06-27,173191.41686652738
2013-06-28,174266.06212520017
2013-07-01,174499.17670375414
2013-07-02,175978.33629037722
2013-07-03,176326.19486648243
2013-07-05,177155.89364293887
2013-07-08,178650.04545465583
2013-07-09,180137.94085152462
2013-07-10,181573.2763318225
2013-07-11,180807.96886066644
2013-07-12,183375.07301485728
2013-07-15,183963.87433771946
2013-07-16,185243.80463497125
2013-07-17,184524.48953233723
2013-07-18,185840.2837416448
2013-07-19,186814.2138775009
2013-07-22,187160.97986230484
2013-07-23,188553.14879284226
2013-07-24,188086.67673449655
2013-07-25,188747.2631748335
2013-07-26,188257.6615677586
2013-07-29,187725.73884376595
2013-07-30,186782.91615558587
2013-07-31,186341.2083826421
2013-08-01,186390.2274483732
2013-08-02,187912.97000083368
2013-08-05,188666.07386602627
2013-08-06,187919.3165143956
2013-08-07,186444.00112209504
2013-08-08,185839.71553466216
2013-08-09,186256.03765437592
2013-08-12,186155.83215821843
2013-08-13,184828.8148921052
2013-08-14,185803.15038998242
2013-08-15,184661.72065397922
2013-08-16,182367.60120214993
2013-08-19,181354.39540409629
2013-08-20,182144.82133678457
2013-08-21,182308.06345833544
2013-08-22,181543.06781807038
2013-08-23,182749.20476007272
2013-08-26,183286.78977014287
2013-08-27,181509.27090187758
2013-08-28,178511.37355609375
2013-08-29,180056.88402616768
2013-08-30,178520.56362589865
2013-09-03,177707.62372570086
2013-09-04,177770.79733489454
2013-09-05,179330.6949504344
2013-09-06,179472.07561233698
2013-09-09,180012.9160641829
2013-09-10,181766.94891092693
2013-09-11,182544.1412889929
2013-09-12,182741.8001289208
2013-09-13,182767.13956554333
2013-09-16,182332.39469309105
2013-09-17,183748.8196303055
2013-09-18,184240.1239300037
2013-09-19,185650.00670320104
2013-09-20,187317.84652464045
2013-09-23,187066.9643135837
2013-09-24,186967.94716068098
2013-09-25,186710.45749357707
2013-09-26,185561.54002537497
2013-09-27,186532.83426892586
2013-09-30,186299.57387271142
2013-10-01,185693.0855970326
2013-10-02,185698.21354571174
2013-10-03,185190.0127419661
2013-10-04,183670.6692378658
2013-10-07,184546.9604007251
2013-10-08,184295.70040024637
2013-10-09,182827.53506199713
2013-10-10,182584.47369945902
2013-10-11,186832.43694709282
2013-10-14,187912.28996967906
2013-10-15,188385.66697630263
2013-10-16,186256.24266429213
2013-10-17,188417.10473840282
2013-10-18,189714.6406524873
2013-10-21,190403.9770537145
2013-10-22,190216.1811235922
2013-10-23,191790.1438502515
2013-10-24,191746.93077099763
2013-10-25,191761.77987424287
2013-10-28,192356.93697675478
2013-10-29,192113.48562047066
2013-10-30,192488.90503612813
2013-10-31,190383.91977512758
2013-11-01,189132.3127998279
2013-11-04,189976.6255437487
2013-11-05,191127.55820685287
2013-11-06,190650.9840287731
2013-11-07,191561.70057303796
2013-11-08,190765.26290239408
2013-11-11,192092.7833250427
2013-11-12,192490.5099041761
2013-11-13,192008.098313293
2013-11-14,192202.52744744965
2013-11-15,192614.0908471221
2013-11-18,194014.13548417372
2013-11-19,193160.06600784924
2013-11-20,193385.0545414982
2013-11-21,194303.39471303773
2013-11-22,195688.76892370076
2013-11-25,196943.15441844414
2013-11-26,198075.28467504354
2013-11-27,199265.60439971817
2013-11-29,200096.99053082065
2013-12-02,198181.4994491445
2013-12-03,197908.97152514587
2013-12-04,196574.61871853372
2013-12-05,197554.73534267195
2013-12-06,197109.7756456224
2013-12-09,197875.13687409347
2013-12-10,197158.73263181956
2013-12-11,196541.53441133574
2013-12-12,195402.84604233262
2013-12-13,195407.09196169322
2013-12-16,196326.28600744618
2013-12-17,197040.65805976433
2013-12-18,195810.14679503508
2013-12-19,197659.07281005412
2013-12-20,199380.1371060466
2013-12-23,200920.63056205222
2013-12-24,201886.26745363823
2013-12-26,201214.27206869153
2013-12-27,201939.5797230063
2013-12-30,201226.07369076088
2013-12-31,200475.21603962674
2014-01-02,200857.96199610253
2014-01-03,200010.43522481353
2014-01-06,198533.46355961345
2014-01-07,198081.5642106681
2014-01-08,198895.06047066397
2014-01-09,199330.53565730783
2014-01-10,199484.8713397722
2014-01-13,200814.6802114354
2014-01-14,198224.76102980785
2014-01-15,199908.90504367527
2014-01-16,200815.9262671015
2014-01-17,201029.64239984294
2014-01-21,201185.1825179612
2014-01-22,201756.35304385293
2014-01-23,201949.5146639985
2014-01-24,201264.36639756555
2014-01-27,197393.6148457335
2014-01-28,196288.96943659335
2014-01-29,196781.78842431484
2014-01-30,195995.23285570074
2014-01-31,196750.48814787198
2014-02-03,195583.5923212262
2014-02-04,192236.73152090525
2014-02-05,192028.09381215138
2014-02-06,190764.29530965036
2014-02-07,191885.0380956632
2014-02-10,193657.36524876996
2014-02-11,193800.10369638668
2014-02-12,195371.78266001024
2014-02-13,196274.23300053895
2014-02-14,196585.76437760057
2014-02-18,198187.24342315053
2014-02-19,197119.37452806032
2014-02-20,196640.149944801
2014-02-21,198021.78106758255
2014-02-24,198055.1802838945
2014-02-25,198336.24242500227
2014-02-26,199460.05901136875
2014-02-27,198707.94366534668
2014-02-28,199640.5805168059
2014-03-03,199827.013146973
2014-03-04,200460.65233909377
2014-03-05,202175.13585568074
2014-03-06,202164.53819673308
2014-03-07,202934.68093995628
2014-03-10,203237.78320220092
2014-03-11,202755.14635972166
2014-03-12,202691.21219319938
2014-03-13,203347.47592014968
2014-03-14,202577.44366047534
2014-03-17,201558.55766747086
2014-03-18,203488.78649493647
2014-03-19,204334.564528323
2014-03-20,203580.9054171245
2014-03-21,205916.46010151698
2014-03-24,204949.31106069783
2014-03-25,203944.6139870024
2014-03-26,203227.20245788293
2014-03-27,201578.08638440023
2014-03-28,201009.62648133197
2014-03-31,203084.8068147711
2014-04-01,204493.40279940428
2014-04-02,205483.82932588516
2014-04-03,205596.48893247565
2014-04-04,204563.7158110157
2014-04-07,203312.52574123294
2014-04-08,201728.82112990334
2014-04-09,201528.60234253434
2014-04-10,203667.33396340974
2014-04-11,200358.8508622553
2014-04-14,198247.92617297496
2014-04-15,198426.8021727527
2014-04-16,198725.78498097372
2014-04-17,200759.1679432315
2014-04-21,201020.06108214465
2014-04-22,202020.05182951895
2014-04-23,202242.1053076603
2014-04-24,201365.33520270194
2014-04-25,201220.95200133382
2014-04-28,199414.5302337788
2014-04-29,199442.6137801166
2014-04-30,200254.70808128614
2014-05-01,200583.7160776774
2014-05-02,201063.87471405487
2014-05-05,200114.94287108816
2014-05-06,200217.98071475435
2014-05-07,198680.47140465662
2014-05-08,199086.51078557488
2014-05-09,200346.64008795694
2014-05-12,202051.49457726802
2014-05-13,201397.991042475
2014-05-14,199712.4488772173
2014-05-15,199635.16389844974
2014-05-16,198949.71604203846
2014-05-19,199956.1037522915
2014-05-20,199989.89630650202
2014-05-21,198429.59367740076
2014-05-22,200520.24387840298
2014-05-23,201749.37290443352
2014-05-27,203335.12877652352
2014-05-28,203232.7375631894
2014-05-29,202570.15506809665
2014-05-30,203288.83384637756
2014-06-02,203163.63417682273
2014-06-03,203261.55260915364
2014-06-04,203606.85141927085
2014-06-05,206294.1584137625
2014-06-06,207718.62411301248
2014-06-09,208794.61079217363
2014-06-10,208835.23390088018
2014-06-11,208057.84471050138
2014-06-12,207575.57657833677
2014-06-13,206312.1852679506
2014-06-16,206647.8390860923
2014-06-17,207494.84650468564
2014-06-18,207592.80697002518
2014-06-19,208520.12192798776
2014-06-20,209158.09172512798
2014-06-23,208772.62840616307
2014-06-24,209040.0010085362
2014-06-25,207882.8788525898
2014-06-26,208416.45434077384
2014-06-27,209425.22845368835
2014-06-30,209161.6587521293
2014-07-01,209645.25167864654
2014-07-02,209892.47884461962
2014-07-03,209841.10334034727
2014-07-07,209416.15385023504
2014-07-08,209214.36388552692
2014-07-09,207550.4614389546
2014-07-10,207752.2065785183
2014-07-11,206915.8378840414
2014-07-14,207082.04729641805
2014-07-15,207580.42128492656
2014-07-16,206450.505089175
2014-07-17,206921.35814587408
2014-07-18,205557.07683350155
2014-07-21,206436.37669616737
2014-07-22,206235.58174186098
2014-07-23,206669.34633658166
2014-07-24,206750.65048351986
2014-07-25,206142.8888452542
2014-07-28,205194.8559632259
2014-07-29,205301.06742390763
2014-07-30,204680.50449974937
2014-07-31,205113.09728861292
2014-08-01,202625.30353281298
2014-08-04,201845.46763005047
2014-08-05,203748.24031494185
2014-08-06,203176.57308860673
2014-08-07,203760.81235708317
2014-08-08,202891.14461092706
2014-08-11,205475.84360072543
2014-08-12,205241.69979933056
2014-08-13,204931.7093324529
2014-08-14,205557.5598742978
2014-08-15,205992.60173652708
2014-08-18,206601.8754617008
2014-08-19,207488.8192152541
2014-08-20,207488.4355738158
2014-08-21,208066.48983769005
2014-08-22,208643.49697055793
2014-08-25,207732.72184562963
2014-08-26,209139.5717992324
2014-08-27,209113.6202927596
2014-08-28,208493.07598082582
2014-08-29,208926.4714791332
2014-09-02,209916.44272092357
2014-09-03,209280.9653319764
2014-09-04,208919.75827085646
2014-09-05,208722.94774601664
2014-09-08,209728.23751829978
2014-09-09,208747.79897834494
2014-09-10,207134.61214644014
2014-09-11,207921.4467190844
2014-09-12,206983.77902452793
2014-09-15,204967.07339913532
2014-09-16,205058.2770864726
2014-09-17,206005.03455408599
2014-09-18,205867.73384599225
2014-09-19,206532.0053739079
2014-09-22,205524.45687812445
2014-09-23,203624.5629857671
2014-09-24,202026.84728995454
2014-09-25,203884.6987659433
2014-09-26,201106.119381763
2014-09-29,202214.6880396647
2014-09-30,200136.46613646936
2014-10-01,201110.54314307892
2014-10-02,200200.20609425925
2014-10-03,199530.44420207405
2014-10-06,200890.77066021645
2014-10-07,201269.265218688
2014-10-08,200370.73535460397
2014-10-09,202726.26849488186
2014-10-10,200953.23058874274
2014-10-13,202971.12046637305
2014-10-14,202329.74065644524
2014-10-15,203115.3667211186
2014-10-16,203671.59899427395
2014-10-17,201633.0789289231
2014-10-20,203453.84749746398
2014-10-21,204405.24770588038
2014-10-22,206235.34905232678
2014-10-23,205249.92000191525
2014-10-24,205573.43014651418
2014-10-27,206917.32432609732
2014-10-28,209346.32286551598
2014-10-29,210535.50254960347
2014-10-30,210772.17762658434
2014-10-31,212275.95448800325
2014-11-03,213722.81229509853
2014-11-04,214178.62244324386
2014-11-05,212928.56957683852
2014-11-06,213169.36774658275
2014-11-07,214350.0758986667
2014-11-10,215053.29908066586
2014-11-11,214938.6352163781
2014-11-12,215911.2641176191
2014-11-13,214576.10307496024
2014-11-14,213962.36093718687
2014-11-17,212969.351084296
2014-11-18,212771.334706663
2014-11-19,211556.21017760475
2014-11-20,212667.2911076879
2014-11-21,212113.24476763778
2014-11-24,214169.69821029785
2014-11-25,214848.91227146273
2014-11-26,215268.31182077163
2014-11-28,214152.9826578464
2014-12-01,213061.46169399886
2014-12-02,213575.93419896095
2014-12-03,214958.36036632408
2014-12-04,215236.487388898
2014-12-05,215456.17847110296
2014-12-08,214759.74936624963
2014-12-09,217026.97243387642
2014-12-10,215813.52181122536
2014-12-11,214048.26388134758
2014-12-12,214134.40001374568
2014-12-15,211007.68656376985
2014-12-16,211374.24336038486
2014-12-17,211786.49412667338
2014-12-18,212265.8741502179
2014-12-19,215854.11703727776
2014-12-22,217164.1924039154
2014-12-23,228713.82554788882
2014-12-24,228644.86667625923
2014-12-26,229267.8431792791
2014-12-29,230789.12751769007
2014-12-30,231179.1138153048
2014-12-31,230050.6370961903
2015-01-02,228245.19351274727
2015-01-05,228793.3356223267
2015-01-06,225473.207081442
2015-01-07,224042.3584347376
2015-01-08,224904.29356133993
2015-01-09,226272.74945107996
2015-01-12,225300.4211023836
2015-01-13,224904.337140755
2015-01-14,224376.9890423917
2015-01-15,223342.39493204068
2015-01-16,223518.63277899683
2015-01-20,223311.42098578907
2015-01-21,222441.8342923369
2015-01-22,225487.8242584091
2015-01-23,226803.35012937803
2015-01-26,226240.02604709144
2015-01-27,227481.31970632693
2015-01-28,225467.1497218154
2015-01-29,224549.2706766323
2015-01-30,223854.61267131392
2015-02-02,222705.99525346758
2015-02-03,225054.40018701894
2015-02-04,226590.02538050845
2015-02-05,227286.7680532822
2015-02-06,228555.27272755897
2015-02-09,227114.52408538322
2015-02-10,225656.7146070289
2015-02-11,226607.28527380794
2015-02-12,227399.62147815374
2015-02-13,228443.24064997316
2015-02-17,228641.2870304417
2015-02-18,228617.02854502376
2015-02-19,228346.93357915862
2015-02-20,227970.21305941787
2015-02-23,228914.79299764734
2015-02-24,228675.8407992134
2015-02-25,229491.61936230861
2015-02-26,230164.01669239686
2015-02-27,230533.16952287368
2015-03-02,230245.26312222335
2015-03-03,230951.1889260945
2015-03-04,230065.18909581128
2015-03-05,229855.84471304284
2015-03-06,230208.51052429664
2015-03-09,228672.42509243154
2015-03-10,229994.2961295276
2015-03-11,228442.75875614834
2015-03-12,230176.32753273685
2015-03-13,232528.81735764604
2015-03-16,230379.82220811208
2015-03-17,233180.23740921388
2015-03-18,232477.1669189581
2015-03-19,234203.00466405254
2015-03-20,234437.01539126772
2015-03-23,236311.64816594226
2015-03-24,236368.944444679
2015-03-25,234927.5430471209
2015-03-26,233179.9605054491
2015-03-27,233249.55695547414
2015-03-30,233958.62806924607
2015-03-31,236205.69162143147
2015-04-01,235859.34027149226
2015-04-02,235781.89149593379
2015-04-06,235389.4222963553
2015-04-07,235972.1600572751
2015-04-08,235468.1017789225
2015-04-09,234027.2219611942
2015-04-10,235167.5341104114
2015-04-13,236644.4373891907
2015-04-14,235838.26420341706
2015-04-15,235911.57828733712
2015-04-16,236109.26397885493
2015-04-17,235131.86348126308
2015-04-20,234094.87015075205
2015-04-21,235120.46586031947
2015-04-22,234441.86492590664
2015-04-23,235048.23172552531
2015-04-24,235192.88049009547
2015-04-27,235580.37095097458
2015-04-28,236110.66775713573
2015-04-29,235813.5163799161
2015-04-30,233546.48769830377
2015-05-01,230662.0762451031
2015-05-04,232142.12512357344
2015-05-05,232593.54663595848
2015-05-06,231702.6574922481
2015-05-07,231103.50163167214
2015-05-08,230975.94468963498
2015-05-11,233669.31670963662
2015-05-12,233488.91679072846
2015-05-13,233082.69946281624
2015-05-14,233703.6908166113
2015-05-15,234606.28351203087
2015-05-18,235664.0774169931
2015-05-19,235161.06805457035
2015-05-20,235357.42361162556
2015-05-21,234382.35149464154
2015-05-22,234243.29596431114
2015-05-26,233623.443323891
2015-05-27,232479.93343595616
2015-05-28,233990.98475694045
2015-05-29,233962.36485008663
2015-06-01,232912.17748635786
2015-06-02,233425.1345188388
2015-06-03,233886.80176441182
2015-06-04,234018.5677294489
2015-06-05,233865.68293961167
2015-06-08,234060.84454300787
2015-06-09,233108.48734243898
2015-06-10,233679.0022962928
2015-06-11,235331.5492674717
2015-06-12,237015.96505681216
2015-06-15,235780.72172219897
2015-06-16,235390.88585038373
2015-06-17,235047.57071242027
2015-06-18,235899.78545848752
2015-06-19,238667.6856516249
2015-06-22,237919.34948027713
2015-06-23,239302.28094259364
2015-06-24,239788.91204217996
2015-06-25,239182.78332578862
2015-06-26,238903.72343307125
2015-06-29,238330.1778820245
2015-06-30,234702.02389020845
2015-07-01,236290.5013784708
2015-07-02,236724.6664931662
2015-07-06,237678.97799935777
2015-07-07,236636.03818019366
2015-07-08,238314.24536508127
2015-07-09,236092.52636514948
2015-07-10,237226.46233664
2015-07-13,237956.47425300672
2015-07-14,239461.33056177627
2015-07-15,240131.181728685
2015-07-16,239609.234506542
2015-07-17,240236.28718052807
2015-07-20,239317.9405602659
2015-07-21,238735.2436879591
2015-07-22,239413.5336954573
2015-07-23,236646.83819049437
2015-07-24,235460.8023104483
2015-07-27,234910.60874760713
2015-07-28,232748.64000029705
2015-07-29,235651.6034541465
2015-07-30,236940.12457141094
2015-07-31,237687.14103750486
2015-08-03,237922.60615843965
2015-08-04,238039.44234819707
2015-08-05,237240.2012115275
2015-08-06,237886.00866200906
2015-08-07,236439.89330243162
2015-08-10,235563.24316269954
2015-08-11,237398.46881135253
2015-08-12,235723.5993001413
2015-08-13,236116.57236257652
2015-08-14,237447.2471994737
2015-08-17,238080.43874764175
2015-08-18,239292.36556205526
2015-08-19,239288.6018330592
2015-08-20,238543.172028644
2015-08-21,237288.89242056117
2015-08-24,229132.2876723405
2015-08-25,227372.18201738116
2015-08-26,226245.56538718534
2015-08-27,227581.20714670297
2015-08-28,228756.14395078088
2015-08-31,229208.14258317222
2015-09-01,228809.76835873796
2015-09-02,227380.5484497905
2015-09-03,228182.73117513003
2015-09-04,228614.99322616463
2015-09-08,227791.36242198735
2015-09-09,228947.14211156254
2015-09-10,228450.90923681034
2015-09-11,228988.22830159822
2015-09-14,229360.33692060667
2015-09-15,228992.50787740422
2015-09-16,229416.1033879954
2015-09-17,229963.63246421813
2015-09-18,230523.06797110746
2015-09-21,230443.75708426727
2015-09-22,230805.10546854624
2015-09-23,230567.7528849189
2015-09-24,230766.86792751405
2015-09-25,230377.42816542677
2015-09-28,230655.03866149177
2015-09-29,229367.01945122768
2015-09-30,227095.0201601357
2015-10-01,227606.68657356803
2015-10-02,226711.77812231408
2015-10-05,230580.0544137949
2015-10-06,232631.66426484054
2015-10-07,235291.1958340369
2015-10-08,237443.89756043212
2015-10-09,238072.78056447319
2015-10-12,239048.65550311623
2015-10-13,238091.36202895953
2015-10-14,235606.1005937507
2015-10-15,235786.42533771394
2015-10-16,236795.55037475808
2015-10-19,237805.2332840926
2015-10-20,238825.5320326861
2015-10-21,237668.56420055008
2015-10-22,238679.7564057982
2015-10-23,238986.12792555385
2015-10-26,240904.78860350986
2015-10-27,238792.19160587614
2015-10-28,240830.6821209587
2015-10-29,240623.66407670215
2015-10-30,239115.45252089683
2015-11-02,240495.90967845378
2015-11-03,242031.04693573003
2015-11-04,242738.8731004345
2015-11-05,243991.82396517723
2015-11-06,244590.72499196287
2015-11-09,243995.39563886737
2015-11-10,242909.03761907434
2015-11-11,243350.26984721786
2015-11-12,240396.89657323548
2015-11-13,238720.97291041113
2015-11-16,236844.3463849737
2015-11-17,238807.10344584007
2015-11-18,238691.17295687945
2015-11-19,240068.57878717966
2015-11-20,241286.67991824527
2015-11-23,241248.16469202517
2015-11-24,242116.61291396135
2015-11-25,242332.2880990752
2015-11-27,243520.1203281346
2015-11-30,245254.70449569752
2015-12-01,243772.20935362854
2015-12-02,245606.8390710281
2015-12-03,243390.68119771397
2015-12-04,240820.53959723565
2015-12-07,239852.0183796456
2015-12-08,239365.71071951202
2015-12-09,238335.5065354275
2015-12-10,237902.96367312694
2015-12-11,238158.7480645816
2015-12-14,235236.84513821866
2015-12-15,237378.97355592332
2015-12-16,240392.04429622984
2015-12-17,243857.51231711844
2015-12-18,241965.14971690913
2015-12-21,239214.5524105503
2015-12-22,240623.3085506621
2015-12-23,242065.17688126638
2015-12-24,243688.15507894306
2015-12-28,243653.732014803
2015-12-29,243881.36008220076
2015-12-30,244878.47268296103
2015-12-31,241779.4644616962
2016-01-04,237281.46959845166
2016-01-05,236822.48659482508
2016-01-06,238664.72550078933
2016-01-07,235999.90718602948
2016-01-08,230944.09667107862
2016-01-11,230061.40321692335
2016-01-12,228092.88168618767
2016-01-13,227139.15464430815
2016-01-14,223522.234808763
2016-01-15,225299.10008349022
2016-01-19,220884.41339035233
2016-01-20,222092.55205810792
2016-01-21,218807.48695743585
2016-01-22,219877.7120851897
2016-01-25,220775.080314967
2016-01-26,220757.67718496814
2016-01-27,222621.57491230615
2016-01-28,221851.86924977665
2016-01-29,225083.67202692293
2016-02-01,227110.13912396305
2016-02-02,226271.6545311743
2016-02-03,222667.32136339392
2016-02-04,222328.28068292583
2016-02-05,222112.49814503253
2016-02-08,221622.60515737018
2016-02-09,218582.28783700924
2016-02-10,218745.44607050045
2016-02-11,217528.55424237234
2016-02-12,216110.85455682123
2016-02-16,219574.67534726535
2016-02-17,220729.1065639798
2016-02-18,222188.26117927072
2016-02-19,222861.65731990017
2016-02-22,222040.82685189007
2016-02-23,224277.39783725125
2016-02-24,223080.39481631882
2016-02-25,224894.61789160062
2016-02-26,227626.67888662955
2016-02-29,227245.75558090323
2016-03-01,224865.40324409847
2016-03-02,229597.7683282298
2016-03-03,231683.30300028322
2016-03-04,232506.34880952744
2016-03-07,235011.14035746802
2016-03-08,234314.54452729478
2016-03-09,232447.80604828586
2016-03-10,232429.35314289635
2016-03-11,233140.60103073233
2016-03-14,235024.133787728
2016-03-15,233251.9536848905
2016-03-16,232410.08691970387
2016-03-17,235490.31173261692
2016-03-18,237607.99985662368
2016-03-21,237085.2963645222
2016-03-22,237219.28864835904
2016-03-23,235749.8280202992
2016-03-24,235642.19267959142
2016-03-28,235444.550536565
2016-03-29,237516.57907656496
2016-03-30,238775.8048756543
2016-03-31,238808.2884061
2016-04-01,237722.3409171795
2016-04-04,238244.08811780292
2016-04-05,237767.29996335914
2016-04-06,235114.03489803654
2016-04-07,236024.13942291975
2016-04-08,234951.29816290917
2016-04-11,235808.92928656508
2016-04-12,235552.15626512884
2016-04-13,238688.72329103746
2016-04-14,240036.33590320786
2016-04-15,240303.64815375677
2016-04-18,240210.22735431424
2016-04-19,241928.21429773743
2016-04-20,242187.82783009144
2016-04-21,241889.4801497405
2016-04-22,242391.82092147012
2016-04-25,242298.63884714167
2016-04-26,243141.64809364197
2016-04-27,243399.88833561604
2016-04-28,243767.53774785472
2016-04-29,243191.81087247835
2016-05-02,242570.25727695043
2016-05-03,243182.78704141566
2016-05-04,242924.15709025587
2016-05-05,241693.97320501867
2016-05-06,240854.0582613681
2016-05-09,240709.2295325979
2016-05-10,240745.0092929234
2016-05-11,241921.40725484517
2016-05-12,239840.97100545038
2016-05-13,240646.85312980463
2016-05-16,238925.55589395412
2016-05-17,237911.95964640132
2016-05-18,238092.83609209917
2016-05-19,237180.414427675
2016-05-20,237323.2072742895
2016-05-23,238279.37184863005
2016-05-24,239375.3944717815
2016-05-25,240409.50611618804
2016-05-26,240534.790873651
2016-05-27,241287.18573732517
2016-05-31,241602.1509370997
2016-06-01,241683.21510046953
2016-06-02,241788.0775841811
2016-06-03,241912.70332871037
2016-06-06,241906.06022085532
2016-06-07,242371.5133147391
2016-06-08,243789.0754002176
2016-06-09,243137.02544948144
2016-06-10,243238.21267103832
2016-06-13,240186.7705494056
2016-06-14,238972.01943724992
2016-06-15,238497.95002161185
2016-06-16,237279.697005475
2016-06-17,237598.5227722619
2016-06-20,237486.3995073092
2016-06-21,238519.34548528204
2016-06-22,238321.90876536633
2016-06-23,239467.05458377424
2016-06-24,240713.43815828182
2016-06-27,233281.02240436408
2016-06-28,228891.26835557024
2016-06-29,231705.8999979335
2016-06-30,235133.71311462938
2016-07-01,236691.87115963356
2016-07-05,236446.02144510625
2016-07-06,235138.82945545448
2016-07-07,236412.13778864007
2016-07-08,237830.5331685308
2016-07-11,242555.89008622835
2016-07-12,244417.98622180175
2016-07-13,246030.50599613792
2016-07-14,245288.28502514368
2016-07-15,247256.26192166947
2016-07-18,245920.18509799545
2016-07-19,246314.142690141
2016-07-20,245913.8224728202
2016-07-21,246164.19385728377
2016-07-22,247048.17262150196
2016-07-25,247527.23618199112
2016-07-26,247861.33642109836
2016-07-27,248459.43863535763
2016-07-28,248308.0178391239
2016-07-29,248065.00183783003
2016-08-01,247847.6775407141
2016-08-02,247475.1756450893
2016-08-03,246593.6993693223
2016-08-04,246238.72155847578
2016-08-05,248047.34359835376
2016-08-08,249059.55570812552
2016-08-09,249033.78884184206
2016-08-10,248705.86419893277
2016-08-11,247780.4327189425
2016-08-12,249051.57349562933
2016-08-15,249624.33285843956
2016-08-16,250686.6703776189
2016-08-17,249067.70851162478
2016-08-18,250120.75943655803
2016-08-19,250449.64196571216
2016-08-22,250539.82411251974
2016-08-23,251293.91602315212
2016-08-24,252763.077548699
2016-08-25,252715.92601008638
2016-08-26,253075.23785255008
2016-08-29,252135.61514442548
2016-08-30,254901.53583400408
2016-08-31,254411.54050303643
2016-09-01,253790.91802795176
2016-09-02,254208.88154924766
2016-09-06,254349.73924358873
2016-09-07,256537.72149365742
2016-09-08,256644.70415327238
2016-09-09,256327.70927687126
2016-09-12,249326.01432712405
2016-09-13,252294.64301802652
2016-09-14,248566.43982080327
2016-09-15,247766.30562683335
2016-09-16,250388.6864671349
2016-09-19,250469.76155211957
2016-09-20,249668.83926118707
2016-09-21,248222.20040882376
2016-09-22,252562.5492304187
2016-09-23,253450.22617486288
2016-09-26,251478.55276602157
2016-09-27,249511.2345469001
2016-09-28,251057.4027958538
2016-09-29,251315.15179173998
2016-09-30,249531.90011437892
2016-10-03,249878.1042288796
2016-10-04,250312.97548179104
2016-10-05,249331.53999066295
2016-10-06,249932.45785326048
2016-10-07,250180.46105691843
2016-10-10,249853.43345899112
2016-10-11,251814.72408724655
2016-10-12,249781.94855672255
2016-10-13,248271.21601140665
2016-10-14,248531.00290721588
2016-10-17,249251.33888426702
2016-10-18,247564.94308879212
2016-10-19,249413.5270148493
2016-10-20,249774.41830087558
2016-10-21,249712.50312939455
2016-10-24,250330.423630612
2016-10-25,251202.13196638034
2016-10-26,249505.62938832355
2016-10-27,249547.93269650234
2016-10-28,247144.49439316816
2016-10-31,246794.58357306707
2016-11-01,245614.24723738013
2016-11-02,243256.03865262232
2016-11-03,243727.46202846622
2016-11-04,243343.68303616613
2016-11-07,242260.02524621258
2016-11-08,245863.48254572117
2016-11-09,250651.11391031428
2016-11-10,256453.57712119038
2016-11-11,263542.88443880336
2016-11-14,264616.4295607185
2016-11-15,263199.5356106227
2016-11-16,265992.7292059111
2016-11-17,265731.7348986111
2016-11-18,270243.6185088967
2016-11-21,268635.01717412024
2016-11-22,272907.6110426816
2016-11-23,273050.161091927
2016-11-25,273671.09851058316
2016-11-28,273176.10448930535
2016-11-29,272295.57009439514
2016-11-30,273237.5010990532
2016-12-01,274374.7553619608
2016-12-02,273044.27763131616
2016-12-05,276291.37732927024
2016-12-06,279780.2437025337
2016-12-07,279746.83681418584
2016-12-08,286190.189471682
2016-12-09,286360.84366652
2016-12-12,286185.16741230077
2016-12-13,284113.0817517599
2016-12-14,285317.9167221115
2016-12-15,283915.4330477048
2016-12-16,286088.00972548255
2016-12-19,286898.15487293544
2016-12-20,288724.4176904884
2016-12-21,290466.5002855541
2016-12-22,289828.99572928203
2016-12-23,289962.6519959621
2016-12-27,290450.95944459643
2016-12-28,291766.34326623194
2016-12-29,289665.24204675166
2016-12-30,288834.1268482007
2017-01-03,287240.02353735914
2017-01-04,290251.9603212451
2017-01-05,288897.0278654485
2017-01-06,287702.11809111026
2017-01-09,286251.6938933363
2017-01-10,288200.4105989797
2017-01-11,288577.4866697509
2017-01-12,285964.1274692146
2017-01-13,286424.69378083583
2017-01-17,284083.9302916487
2017-01-18,283889.9725110255
2017-01-19,282941.2637190281
2017-01-20,281790.4987315126
2017-01-23,283105.75724116527
2017-01-24,284368.2629488188
2017-01-25,285498.25947902456
2017-01-26,287188.046998302
2017-01-27,286716.498748263
2017-01-30,283694.2731332393
2017-01-31,282526.49867440463
2017-02-01,282004.32555258804
2017-02-02,280567.74229641206
2017-02-03,283670.1178919056
2017-02-06,284481.38403156097
2017-02-07,283242.25545284856
2017-02-08,280974.7965607222
2017-02-09,282431.1528331216
2017-02-10,285073.800048438
2017-02-13,286894.8496058231
2017-02-14,287712.7129068119
2017-02-15,288527.0713083006
2017-02-16,290221.0339932758
2017-02-17,289299.5697455889
2017-02-21,288497.5813798094
2017-02-22,290094.79958299303
2017-02-23,290442.7364129882
2017-02-24,289307.48613216367
2017-02-27,289372.3156338769
2017-02-28,288225.10454369226
2017-03-01,287520.19405484555
2017-03-02,290272.73644060217
2017-03-03,289387.80140209047
2017-03-06,288722.91388182726
2017-03-07,288331.03720268834
2017-03-08,285913.57620431855
2017-03-09,284224.82676228083
2017-03-10,284111.51512648544
2017-03-13,284822.59146201925
2017-03-14,285461.14794324903
2017-03-15,283865.2330489663
2017-03-16,288460.9703030347
2017-03-17,290858.413034871
2017-03-20,287878.1070751101
2017-03-21,284554.74307823397
2017-03-22,279064.7750124235
2017-03-23,282404.5131496435
2017-03-24,282632.5119881695
2017-03-27,283147.7639903753
2017-03-28,282346.6421292009
2017-03-29,284065.5831903546
2017-03-30,286899.5318288095
2017-03-31,287569.04573876335
2017-04-03,285914.4568819835
2017-04-04,285043.31890404393
2017-04-05,283498.01959501044
2017-04-06,283685.1500938003
2017-04-07,285457.56822548265
2017-04-10,284889.4331104681
2017-04-11,286546.99662822514
2017-04-12,284951.2253294207
2017-04-13,283597.4415590965
2017-04-17,282144.0570015885
2017-04-18,286022.22034463123
2017-04-19,286217.32647885295
2017-04-20,285731.0994087617
2017-04-21,288895.18637531775
2017-04-24,287494.2823364963
2017-04-25,289834.60383507365
2017-04-26,293706.9867097089
2017-04-27,292705.0565192692
2017-04-28,290687.3987864237
2017-05-01,290657.61518152885
2017-05-02,290407.62861253857
2017-05-03,289679.276484885
2017-05-04,288861.9102540021
2017-05-05,289644.40131163824
2017-05-08,290332.03085443267
2017-05-09,289678.1257093357
2017-05-10,288571.0046334963
2017-05-11,287987.3952074566
2017-05-12,286760.35761663853
2017-05-15,286485.3006038297
2017-05-16,288050.4737840419
2017-05-17,288500.3383597448
2017-05-18,282026.7214656431
2017-05-19,281220.21245232853
2017-05-22,283124.0552462674
2017-05-23,284818.3992135877
2017-05-24,285966.9312147671
2017-05-25,285153.20760594105
2017-05-26,286682.1232794282
2017-05-30,285099.75143567345
2017-05-31,285539.21866870095
2017-06-01,286431.8895909205
2017-06-02,289011.59263836074
2017-06-05,288436.4193705878
2017-06-06,288048.4463858409
2017-06-07,286643.42663321254
2017-06-08,289968.85461683944
2017-06-09,294130.77903978096
2017-06-12,293817.4951446423
2017-06-13,293084.91846536234
2017-06-14,295086.9164040167
2017-06-15,294720.5451126233
2017-06-16,293250.7693749389
2017-06-19,290477.2202679172
2017-06-20,293785.84649551695
2017-06-21,289966.73079453857
2017-06-22,290014.2275599387
2017-06-23,291153.05836812966
2017-06-26,291745.58072671184
2017-06-27,292966.3607752013
2017-06-28,290501.43245244137
2017-06-29,295683.51540947804
2017-06-30,290846.66505385266
2017-07-03,292874.30508809816
2017-07-05,291453.88231561217
2017-07-06,293076.3377304721
2017-07-07,290840.35190870543
2017-07-10,290762.35613729374
2017-07-11,291121.12042337836
2017-07-12,290418.21191916196
2017-07-13,291639.0671689267
2017-07-14,290949.5859980172
2017-07-17,292819.01748059376
2017-07-18,292031.2572440983
2017-07-19,292323.25471020385
2017-07-20,293817.41748191527
2017-07-21,294195.2265586777
2017-07-24,293979.4033196878
2017-07-25,294475.9233002263
2017-07-26,294539.62819707545
2017-07-27,293696.4567657129
2017-07-28,293914.12218215107
2017-07-31,294923.37943986524
2017-08-01,295168.0554491467
2017-08-02,293877.3641350022
2017-08-03,292518.16408479935
2017-08-04,292769.874341069
2017-08-07,292931.4922787598
2017-08-08,294691.8200957146
2017-08-09,291948.16237308003
2017-08-10,293305.07504747825
2017-08-11,288292.24895358173
2017-08-14,290059.4943226808
2017-08-15,291281.4879575994
2017-08-16,291232.0448776232
2017-08-17,292136.1447991848
2017-08-18,288746.49660229555
2017-08-21,288509.8319668799
2017-08-22,287507.49840259575
2017-08-23,290424.2742765398
2017-08-24,291126.12724802655
2017-08-25,290779.6700980921
2017-08-28,290710.80126785254
2017-08-29,289874.95699240407
2017-08-30,289642.15590510913
2017-08-31,291306.15514356655
2017-09-01,293292.3831975176
2017-09-05,291928.3361588745
2017-09-06,289811.10746044735
2017-09-07,289889.9849009801
2017-09-08,291367.8304437459
2017-09-11,291080.27115454583
2017-09-12,293886.52154909197
2017-09-13,294783.3061043197
2017-09-14,294522.7699718646
2017-09-15,294782.9586039133
2017-09-18,295822.10596960346
2017-09-19,296157.7232819504
2017-09-20,297617.63645708165
2017-09-21,298653.494005587
2017-09-22,299358.3058887635
2017-09-25,300047.3180540377
2017-09-26,300986.4329372656
2017-09-27,304791.63838957873
2017-09-28,305919.1753396105
2017-09-29,303622.8078337279
2017-10-02,306677.951928446
2017-10-03,307128.7127977669
2017-10-04,306234.784671932
2017-10-05,306438.2120617381
2017-10-06,308306.63961932494
2017-10-09,307994.16715595266
2017-10-10,308592.65216818464
2017-10-11,308919.6511718432
2017-10-12,309339.7215607091
2017-10-13,308416.52124012646
2017-10-16,308509.01605672465
2017-10-17,308613.2925075209
2017-10-18,309772.17734855216
2017-10-19,309945.9031284006
2017-10-20,309890.98821402143
2017-10-23,310469.80437667953
2017-10-24,309333.1882714329
2017-10-25,310271.197273324
2017-10-26,309045.5441200368
2017-10-27,308724.1974010939
2017-10-30,306742.22473182244
2017-10-31,307085.51360572374
2017-11-01,306010.27921592526
2017-11-02,307351.0859819177
2017-11-03,304685.9794078788
2017-11-06,304562.96576955606
2017-11-07,301282.6542263614
2017-11-08,299785.7386873017
2017-11-09,300648.25034757267
2017-11-10,299719.07632689254
2017-11-13,300199.19038853544
2017-11-14,301516.94166810403
2017-11-15,301109.43900255
2017-11-16,300808.7918011025
2017-11-17,305103.93765424663
2017-11-20,305502.4742081524
2017-11-21,306365.574546622
2017-11-22,307776.30882979755
2017-11-24,307002.55090119573
2017-11-27,308240.24916599004
2017-11-28,308147.410960348
2017-11-29,313099.47838151373
2017-11-30,309826.6136948635
2017-12-01,311649.9885777168
2017-12-04,312393.4916787487
2017-12-05,310938.2505597045
2017-12-06,308767.9919312005
2017-12-07,308485.5972305758
2017-12-08,306855.6284637146
2017-12-11,306686.89795887703
2017-12-12,307494.828661048
2017-12-13,308702.7070665975
2017-12-14,307500.57445467205
2017-12-15,308688.1986260027
2017-12-18,311261.55042532575
2017-12-19,310387.7515937343
2017-12-20,310386.9596817678
2017-12-21,310682.6654348592
2017-12-22,310089.08708966715
2017-12-26,309855.7871160358
2017-12-27,309364.9712194125
2017-12-28,310119.8401462677
2017-12-29,308980.64323746366
2018-01-02,306808.9736949177
2018-01-03,306599.47786610376
2018-01-04,307341.61377640703
2018-01-05,306954.7652940352
2018-01-08,308040.60542534513
2018-01-09,307592.456433577
2018-01-10,309034.2310618981
2018-01-11,309952.3640191531
2018-01-12,310833.7060718348
2018-01-16,311622.92673070036
2018-01-17,311036.76742382976
2018-01-18,311341.9545683706
2018-01-19,312088.51817554265
2018-01-22,311191.52295063273
2018-01-23,313561.1169204822
2018-01-24,312848.74474146246
2018-01-25,313281.04304743744
2018-01-26,309942.50941995205
2018-01-29,312083.902643041
2018-01-30,311812.92296492175
2018-01-31,308497.41414780455
2018-02-01,308950.8314489717
2018-02-02,310081.95096312097
2018-02-05,305258.290265585
2018-02-06,293223.00839578075
2018-02-07,298388.5697962686
2018-02-08,299399.51368254423
2018-02-09,292781.17897687503
2018-02-12,293240.0411799715
2018-02-13,296149.7834596702
2018-02-14,295738.0666735441
2018-02-15,297923.26888558164
2018-02-16,301294.2478756565
2018-02-20,300123.40833927464
2018-02-21,300887.07149110554
2018-02-22,299164.3551796614
2018-02-23,299378.42224144086
2018-02-26,301263.1489587155
2018-02-27,301522.0230308641
2018-02-28,298083.32449486887
2018-03-01,300114.6204885539
2018-03-02,300032.49067044136
2018-03-05,299099.70102045976
2018-03-06,302910.26680641336
2018-03-07,305545.9549229478
2018-03-08,304771.58584548516
2018-03-09,306365.2982274702
2018-03-12,311401.0237024712
2018-03-13,311758.32464908616
2018-03-14,310705.1952106815
2018-03-15,310121.9661586729
2018-03-16,312009.47841766005
2018-03-19,313506.8196910308
2018-03-20,309423.9522448134
2018-03-21,310542.27431155817
2018-03-22,310060.29477900115
2018-03-23,304151.3542076657
2018-03-26,301186.5347023292
2018-03-27,306548.42386603117
2018-03-28,306118.8242717225
2018-03-29,304404.81662741024
2018-04-02,306239.9293052543
2018-04-03,303907.21481224714
2018-04-04,305678.18547145894
2018-04-05,307775.0244600119
2018-04-06,309218.08388119796
2018-04-09,305184.86107548367
2018-04-10,306268.93983725016
2018-04-11,308998.26979381545
2018-04-12,307029.48885779246
2018-04-13,307425.24984484434
2018-04-16,308728.06964803097
2018-04-17,309533.3680801307
2018-04-18,311014.38474124594
2018-04-19,312006.217060322
2018-04-20,312573.60090804065
2018-04-23,311035.77457562357
2018-04-24,313449.34580712294
2018-04-25,310039.78970627923
2018-04-26,309245.14074190526
2018-04-27,310605.4082955889
2018-04-30,310359.5473970954
2018-05-01,310370.5525423033
2018-05-02,310897.85064640635
2018-05-03,309186.1136754066
2018-05-04,309202.53025259636
2018-05-07,312046.2756842211
2018-05-08,313554.85876704915
2018-05-09,313849.92628530413
2018-05-10,315118.49435648165
2018-05-11,316574.6963617634
2018-05-14,314861.86248757195
2018-05-15,315904.5927640186
2018-05-16,316161.4840104333
2018-05-17,318450.87719788094
2018-05-18,319482.17486096214
2018-05-21,319999.76405771606
2018-05-22,322047.5785200315
2018-05-23,322136.57704943273
2018-05-24,322523.43722734775
2018-05-25,322543.96216455736
2018-05-29,323222.55974530627
2018-05-30,322710.37639151793
2018-05-31,324410.9674711302
2018-06-01,323911.06713158655
2018-06-04,326862.63978359185
2018-06-05,327997.3289936884
2018-06-06,328585.7260978112
2018-06-07,329807.6726126223
2018-06-08,328683.03419359436
2018-06-11,328028.3498107898
2018-06-12,327620.35759013117
2018-06-13,327432.8419654445
2018-06-14,327942.9575075762
2018-06-15,328729.11915494886
2018-06-18,330514.68948688783
2018-06-19,331757.48877177865
2018-06-20,331868.65026065183
2018-06-21,332364.1504560139
2018-06-22,332211.5572946651
2018-06-25,332341.6911977439
2018-06-26,330690.8034260032
2018-06-27,328281.95580101485
2018-06-28,326880.5502036437
2018-06-29,326011.9585569482
2018-07-02,328135.561934676
2018-07-03,330046.83756520523
2018-07-05,330362.9746823757
2018-07-06,330971.9566117215
2018-07-09,332120.7616152362
2018-07-10,330388.66659034684
2018-07-11,330927.46222750616
2018-07-12,327203.39593944565
2018-07-13,327317.0347649601
2018-07-16,328687.355553718
2018-07-17,326398.8137325284
2018-07-18,327028.434348639
2018-07-19,328501.6020118292
2018-07-20,328892.00828037574
2018-07-23,329557.8605662104
2018-07-24,328171.0252525352
2018-07-25,326623.4424531632
2018-07-26,329543.3983900057
2018-07-27,325937.9879974653
2018-07-30,324411.3108556669
2018-07-31,323450.9592744917
2018-08-01,324759.3599718084
2018-08-02,325043.2274423457
2018-08-03,323194.6581226952
2018-08-06,323510.81440589455
2018-08-07,323024.51514952973
2018-08-08,325260.8070588267
2018-08-09,325449.4907877038
2018-08-10,325621.48022962554
2018-08-13,324910.149821863
2018-08-14,325572.8576277047
2018-08-15,325321.72412245825
2018-08-16,325555.2793090689
2018-08-17,326519.54975259636
2018-08-20,326830.96675016655
2018-08-21,329211.89790112275
2018-08-22,329717.72080155654
2018-08-23,329264.08630579396
2018-08-24,328207.38791906176
2018-08-27,327011.2238493202
2018-08-28,326978.093232388
2018-08-29,326432.0230172
2018-08-30,327793.81456756993
2018-08-31,328370.6297964972
2018-09-04,327756.20225641824
2018-09-05,328228.59328094457
2018-09-06,327811.34659955953
2018-09-07,327800.2211295667
2018-09-10,327317.8842616787
2018-09-11,327154.38522653404
2018-09-12,326370.04246371676
2018-09-13,324614.8237042929
2018-09-14,326534.0847287365
2018-09-17,325931.91055454355
2018-09-18,323705.945986517
2018-09-19,323845.5085443531
2018-09-20,324805.33836937917
2018-09-21,325503.9624710589
2018-09-24,322661.8220457122
2018-09-25,321497.0206342965
2018-09-26,319004.5011812593
2018-09-27,317337.1384763056
2018-09-28,318182.73070009897
2018-10-01,314848.083114639
2018-10-02,313099.33257266117
2018-10-03,314915.463444737
2018-10-04,314533.28910712246
2018-10-05,313308.9458173662
2018-10-08,314368.82612429897
2018-10-09,315012.9267616982
2018-10-10,314860.9288383973
2018-10-11,309206.1541806103
2018-10-12,301946.97766792576
2018-10-15,304993.78772177885
2018-10-16,305680.2821199479
2018-10-17,306874.68794429855
2018-10-18,305704.955384184
2018-10-19,302490.2986717076
2018-10-22,301189.4023253887
2018-10-23,300931.93574378005
2018-10-24,296754.3545937863
2018-10-25,296315.6495255937
2018-10-26,297101.1758426214
2018-10-29,298254.9956553537
2018-10-30,297036.85509475105
2018-10-31,297546.73341815895
2018-11-01,298398.0452645554
2018-11-02,300659.9858797208
2018-11-05,299342.8321223239
2018-11-06,300105.2575094537
2018-11-07,300151.3850491789
2018-11-08,303338.50336231693
2018-11-09,302465.878041338
2018-11-12,302624.3282589992
2018-11-13,301192.9403171128
2018-11-14,299274.79036555934
2018-11-15,298873.7674017829
2018-11-16,299369.78467143833
2018-11-19,300778.0228473858
2018-11-20,297874.9256978227
2018-11-21,296794.2134852652
2018-11-23,299136.55480296933
2018-11-26,295764.05464392505
2018-11-27,296577.72480016423
2018-11-28,298321.68429383414
2018-11-29,300490.73760499846
2018-11-30,300155.7464644065
2018-12-03,299923.2494790464
2018-12-04,294885.8462719724
2018-12-06,290401.063784547
2018-12-07,292707.36465905927
2018-12-10,288181.8071557328
2018-12-11,287084.3267953293
2018-12-12,288117.0877018936
2018-12-13,286399.64223855996
2018-12-14,285630.2620860176
2018-12-17,281820.8462378105
2018-12-18,278514.08649029955
2018-12-19,275509.08022924187
2018-12-20,273656.44571657846
2018-12-21,273070.57059414295
2018-12-24,261843.8752086811
2018-12-26,260560.67764933087
2018-12-27,261862.88869419455
2018-12-28,263738.49826977466
2018-12-31,261195.52859292077
2019-01-02,266137.1914813993
2019-01-03,269322.30899975414
2019-01-04,268371.73528693756
2019-01-07,274514.83943367406
2019-01-08,278137.15440622263
2019-01-09,279334.80318283284
2019-01-10,279473.16664141987
2019-01-11,280475.66738135193
2019-01-14,279281.98234682466
2019-01-15,277669.1825320807
2019-01-16,281010.40100037016
2019-01-17,280694.47366451065
2019-01-18,281633.32742371556
2019-01-22,283840.4902030202
2019-01-23,282624.3526267141
2019-01-24,283675.37939114176
2019-01-25,284411.5387095377
2019-01-28,286589.4052684614
2019-01-29,286058.62998834444
2019-01-30,285437.95491058065
2019-01-31,287559.60040765477
2019-02-01,290165.3257783427
2019-02-04,290983.9845981466
2019-02-05,292864.15002239455
2019-02-06,294146.3998166146
2019-02-07,295622.91001838417
2019-02-08,293867.8418804395
2019-02-11,295631.02904262475
2019-02-12,295601.46085373795
2019-02-13,297897.67388326244
2019-02-14,298843.0719009579
2019-02-15,299717.26151087263
2019-02-19,302846.82418411504
2019-02-20,303391.83426451014
2019-02-21,304110.77125986887
2019-02-22,302667.0155572476
2019-02-25,302915.496600349
2019-02-26,303118.29004885344
2019-02-27,302883.787891963
2019-02-28,303193.38615861593
2019-03-01,302271.10487335734
2019-03-04,303086.8675823064
2019-03-05,301696.5838302942
2019-03-06,298606.4997190129
2019-03-07,297508.4726890431
2019-03-08,296950.9435072985
2019-03-11,297451.0700125536
2019-03-12,299362.2876915323
2019-03-13,299546.72791361937
2019-03-14,300776.1130427812
2019-03-15,299424.7316118963
2019-03-18,300883.02275074914
2019-03-19,299578.26824722864
2019-03-20,297726.28946047305
2019-03-21,296506.248008588
2019-03-22,294756.93464638194
2019-03-25,292884.41727046925
2019-03-26,295025.70819935645
2019-03-27,298429.0283882147
2019-03-28,298327.74377749045
2019-03-29,297263.9340082507
2019-04-01,298928.72631197446
2019-04-02,300239.19411450677
2019-04-03,299932.69859859085
2019-04-04,301624.7692463563
2019-04-05,303538.7246828064
2019-04-08,303442.40904200287
2019-04-09,301840.0805615216
2019-04-10,303055.4953135384
2019-04-11,303915.6312729697
2019-04-12,303676.9893884775
2019-04-15,304013.1760657765
2019-04-16,305117.78900523187
2019-04-17,305441.3720416568
2019-04-18,303986.4052147433
2019-04-22,302770.15144397353
2019-04-23,304655.2856798579
2019-04-24,307911.1333171674
2019-04-25,306204.87739551946
2019-04-26,306555.0649922091
2019-04-29,308800.3710548333
2019-04-30,308805.46156953316
2019-05-01,308190.9168967171
2019-05-02,307776.61924806976
2019-05-03,309120.47939750605
2019-05-06,310796.8291093075
2019-05-07,309676.24306583346
2019-05-08,305944.9860586856
2019-05-09,306394.6612424182
2019-05-10,305502.28735962
2019-05-13,305027.85358893033
2019-05-14,301976.1098279674
2019-05-15,302282.3623487765
2019-05-16,302584.6521501561
2019-05-17,304004.3240391092
2019-05-20,304355.9949968335
2019-05-21,302987.0752998718
2019-05-22,304017.80957012414
2019-05-23,301775.52105616435
2019-05-24,300996.41928717674
2019-05-28,302093.5025983286
2019-05-29,299818.98666784784
2019-05-30,297502.00181772583
2019-05-31,297680.16873356735
2019-06-03,296945.25890360796
2019-06-04,296237.29786719073
2019-06-05,297717.90670289163
2019-06-06,297975.38434152957
2019-06-07,297874.79887273425
2019-06-10,300145.6147741139
2019-06-11,301192.88045880216
2019-06-12,301041.719716764
2019-06-13,301889.6854090353
2019-06-14,302270.30129082734
2019-06-17,302761.46427123825
2019-06-18,303242.4938775856
2019-06-19,305043.1482029533
2019-06-20,303880.40236773103
2019-06-21,304869.24474824156
2019-06-24,303515.6043890671
2019-06-25,304815.5731584559
2019-06-26,302830.83473834494
2019-06-27,305050.633395297
2019-06-28,307279.9376749127
2019-07-01,306649.88464818744
2019-07-02,307386.4729032597
2019-07-03,307277.35192971025
2019-07-05,310364.47373575455
2019-07-08,309772.0837332541
2019-07-09,308648.57699699514
2019-07-10,307751.9586754246
2019-07-11,308206.2716828599
2019-07-12,309118.41596319457
2019-07-15,308704.92673044454
2019-07-16,310173.71014068817
2019-07-17,309514.0866353363
2019-07-18,307952.002014143
2019-07-19,308370.78265924315
2019-07-22,307179.9694922736
2019-07-23,307121.5645667837
2019-07-24,310342.71812246315
2019-07-25,309926.89823772974
2019-07-26,310927.6605775713
2019-07-29,311556.7578526522
2019-07-30,313721.0760653071
2019-07-31,313710.5184470323
2019-08-01,310563.2757998496
2019-08-02,308094.52424117667
2019-08-05,306029.167970948
2019-08-06,299832.55763684795
2019-08-07,301398.52881928487
2019-08-08,300592.03519647615
2019-08-09,305357.4505342379
2019-08-12,304756.5901395285
2019-08-13,301031.446541297
2019-08-14,304365.6785434509
2019-08-15,298127.2493780151
2019-08-16,299614.2886021887
2019-08-19,301991.28016998403
2019-08-20,304464.1796667304
2019-08-21,302349.3076460683
2019-08-22,302803.3110799734
2019-08-23,301637.3222375971
2019-08-26,297727.79395200993
2019-08-27,297881.10262210935
2019-08-28,297581.80676911765
2019-08-29,298724.087861962
2019-08-30,300842.5127644497
2019-09-03,299628.68131351034
2019-09-04,298097.3447377966
2019-09-05,300746.94343448285
2019-09-06,301987.36670275993
2019-09-09,306394.15663280286
2019-09-10,309375.97194578894
2019-09-11,312488.64422417874
2019-09-12,314125.79528957413
2019-09-13,316510.8957439504
2019-09-16,316828.50158946053
2019-09-17,315409.05376288015
2019-09-18,314948.4278708722
2019-09-19,314351.8747791041
2019-09-20,316244.85296618834
2019-09-23,315285.8670155526
2019-09-24,313883.26499831444
2019-09-25,314204.38842801686
2019-09-26,314362.11786867335
2019-09-27,314525.72856084706
2019-09-30,312065.8526698109
2019-10-01,311060.1212978824
2019-10-02,310731.1683432919
2019-10-03,304857.02852063894
2019-10-04,305345.0643833283
2019-10-07,308418.12328193145
2019-10-08,308096.3940616669
2019-10-09,304467.1184678523
2019-10-10,305310.12493941304
2019-10-11,307238.6683280728
2019-10-14,309293.4982989479
2019-10-15,309461.0985686489
2019-10-16,311660.73980009725
2019-10-17,312407.9392631844
2019-10-18,314298.02402548766
2019-10-21,315978.42867606855
2019-10-22,318796.4258361115
2019-10-23,318523.49554615055
2019-10-24,318707.66258155194
2019-10-25,317895.9272455573
2019-10-28,319281.501237201
2019-10-29,321722.7366712872
2019-10-30,322649.9816539654
2019-10-31,322837.14567642997
2019-11-01,323269.73042386095
2019-11-04,326001.993497166
2019-11-05,328208.4891836818
2019-11-06,329110.4463785652
2019-11-07,328989.0124857811
2019-11-08,328602.955769739
2019-11-11,328629.3209268312
2019-11-12,328000.8550349546
2019-11-13,327593.19835951383
2019-11-14,327406.1090208592
2019-11-15,326384.46783768455
2019-11-18,328392.84484281414
2019-11-19,329159.60861122375
2019-11-20,328409.578554195
2019-11-21,327241.1387779556
2019-11-22,326997.4122260564
2019-11-25,328616.903886588
2019-11-26,329137.06690624275
2019-11-27,330255.72589002666
2019-11-29,331673.40285214287
2019-12-02,329921.887891836
2019-12-03,326586.9034008398
2019-12-04,324866.2180978368
2019-12-05,325367.92280241195
2019-12-06,327033.3674178574
2019-12-09,329526.01544894767
2019-12-10,330279.77654331573
2019-12-11,329582.2789240477
2019-12-12,329476.1595455657
2019-12-13,331661.98416524776
2019-12-16,331961.6276807457
2019-12-17,334735.2797145836
2019-12-18,335496.3034716233
2019-12-19,335911.4321382308
2019-12-20,336014.1455880122
2019-12-23,336345.7361440308
2019-12-24,336920.61159133737
2019-12-26,335399.39332516986
2019-12-27,335747.62799143454
2019-12-30,337310.2372716767
2019-12-31,335546.0001442134
2020-01-02,334415.05334836704
2020-01-03,337151.7778000515
2020-01-06,333932.8379701392
2020-01-07,332731.9244721111
2020-01-08,331349.0929428643
2020-01-09,331014.17913314875
2020-01-10,332034.1470173546
2020-01-13,331584.4787221266
2020-01-14,332402.58126281574
2020-01-15,331629.5242574043
2020-01-16,332606.2768179018
2020-01-17,333230.4726402427
2020-01-21,332858.7171833807
2020-01-22,332566.9034954125
2020-01-23,332120.5235938315
2020-01-24,331224.91536794195
2020-01-27,331380.8438659761
2020-01-28,326811.9116436111
2020-01-29,326541.12346187804
2020-01-30,327101.91633232636
2020-01-31,326989.3927713689
2020-02-03,324701.8809479142
2020-02-04,324344.6093369445
2020-02-05,329252.7283894751
2020-02-06,329833.37324141106
2020-02-07,329617.46064548567
2020-02-10,327495.30453233985
2020-02-11,330108.56952372944
2020-02-12,329439.54648480524
2020-02-13,332175.5253805722
2020-02-14,330343.8026302441
2020-02-18,330529.9281716199
2020-02-19,328308.2272381472
2020-02-20,332076.7916935438
2020-02-21,332023.9908361229
2020-02-24,331856.8623339496
2020-02-25,323126.072646715
2020-02-26,315389.9842626923
2020-02-27,308406.46602421056
2020-02-28,302559.6467242602
2020-03-02,302052.44185455836
2020-03-03,303337.7160499146
2020-03-04,301845.14834851184
2020-03-05,302030.30133422004
2020-03-06,301496.44112974225
2020-03-09,300436.23307662486
2020-03-10,299351.4314221255
2020-03-11,299264.0367172757
2020-03-12,298770.3557633081
2020-03-13,298319.2569378459
2020-03-16,298279.3268755728
2020-03-17,298066.938331898
2020-03-18,297871.7421523509
2020-03-19,297977.69392139086
2020-03-20,298037.4648824422
2020-03-23,297934.4949322938
2020-03-24,297867.97027507186
2020-03-25,298080.39010641666
2020-03-26,298173.07949242444
2020-03-27,298316.19907206733
2020-03-30,298236.09904407477
2020-03-31,299735.2746107049
2020-04-01,292200.4665392074
2020-04-02,276318.6712328617
2020-04-03,274842.8017520761
2020-04-06,267277.40614169004
2020-04-07,287424.87084999017
2020-04-08,289093.6145687626
2020-04-09,310346.6039130769
2020-04-13,306479.11811073084
2020-04-14,298612.5912860967
2020-04-15,297276.05519678374
2020-04-16,284931.85765260144
2020-04-17,291098.147347915
2020-04-20,298632.84653420217
2020-04-21,297960.94836165954
2020-04-22,285137.3492940922
2020-04-23,296317.4678927823
2020-04-24,294171.64813897584
2020-04-27,306384.8477241502
2020-04-28,320922.38974219625
2020-04-29,329437.20466061623
2020-04-30,331050.0931403112
2020-05-01,324644.01842792385
2020-05-04,309877.2610280499
2020-05-05,304127.1343413531
2020-05-06,303941.7444868116
2020-05-07,305241.0847505984
2020-05-08,315612.0054784215
2020-05-11,314299.80689770204
2020-05-12,307848.0184204202
2020-05-13,298681.4398172758
2020-05-14,291265.7301155918
2020-05-15,296627.02005319594
2020-05-18,309222.2174384005
2020-05-19,314299.8151527595
2020-05-20,316594.621585085
2020-05-21,324743.606730139
2020-05-22,322442.15601548244
2020-05-26,332241.0774664633
2020-05-27,344368.0848700415
2020-05-28,338877.8012221132
2020-05-29,332138.31372906826
2020-06-01,334287.07041197334
2020-06-02,337643.4435504079
2020-06-03,347718.99370494485
2020-06-04,355806.5624636717
2020-06-05,359473.6296375369
2020-06-08,374805.6602134825
2020-06-09,374506.19746593066
2020-06-10,360779.5118760677
2020-06-11,352740.0873856518
2020-06-12,336375.0875467699
2020-06-15,342709.73674413207
2020-06-16,346865.49609315227
2020-06-17,346173.43977755704
2020-06-18,345073.8244361782
2020-06-19,344162.74291137315
2020-06-22,341266.62701600604
2020-06-23,340709.66650686384
2020-06-24,340755.7041386182
2020-06-25,333390.7022303483
2020-06-26,335023.1104981111
2020-06-29,333969.67423851247
2020-06-30,337374.9592091239
2020-07-01,335057.69643390813
2020-07-02,336995.4414757232
2020-07-06,334888.73718091083
2020-07-07,336286.9945060917
2020-07-08,330562.0258466389
2020-07-09,328262.439852889
2020-07-10,329554.6487310934
2020-07-13,333733.2424790096
2020-07-14,331302.4106019971
2020-07-15,342730.6024706889
2020-07-16,344307.5085883605
2020-07-17,341886.4706095394
2020-07-20,337420.8031423853
2020-07-21,344570.28654274077
2020-07-22,342233.8920783092
2020-07-23,352269.5327954198
2020-07-24,346649.6528201123
2020-07-27,345294.58862150926
2020-07-28,345926.92399924586
2020-07-29,344082.0036327986
2020-07-30,346567.34243969305
2020-07-31,339680.23429059813
2020-08-03,345472.1321768185
2020-08-04,348479.9825647945
2020-08-05,352358.7124216637
2020-08-06,351564.70303747925
2020-08-07,359165.99695103837
2020-08-10,363068.3712811313
2020-08-11,367063.03683441994
2020-08-12,359959.2607896888
2020-08-13,361986.9128046625
2020-08-14,362359.07483330235
2020-08-17,362871.7071187346
2020-08-18,359014.5382969628
2020-08-19,360625.5432049951
2020-08-20,355267.919765737
2020-08-21,351971.76077671966
2020-08-24,353786.82001892605
2020-08-25,356842.51043528883
2020-08-26,351716.7241983629
2020-08-27,355749.59534760227
2020-08-28,355585.87745869486
2020-08-31,355437.60527668934
2020-09-01,351768.4153171778
2020-09-02,352722.60556882323
2020-09-03,361689.2221257021
2020-09-04,353698.29337682016
2020-09-08,356883.752673906
2020-09-09,342713.3588232543
2020-09-10,349442.12654080667
2020-09-11,343375.93750132446
2020-09-14,344973.56475208787
2020-09-15,348042.4320723904
2020-09-16,353549.3227801263
2020-09-17,353540.79151855153
2020-09-18,355334.4692506291
2020-09-21,341644.8763049705
2020-09-22,332441.55544087914
2020-09-23,335328.28172545525
2020-09-24,327272.335199883
2020-09-25,326926.64161915635
2020-09-28,333011.270227661
2020-09-29,340703.41659884574
2020-09-30,332366.6107486015
2020-10-01,334987.1465340492
2020-10-02,342676.4070899256
2020-10-05,338068.395128112
2020-10-06,348608.23263738264
2020-10-07,341842.35353702895
2020-10-08,348573.3895667437
2020-10-09,351288.74953149585
2020-10-12,350834.3050948058
2020-10-13,355524.02768864157
2020-10-14,354904.022500296
2020-10-15,357648.9325955658
2020-10-16,357582.8688218378
2020-10-19,363805.3795301206
2020-10-20,359540.07904744544
2020-10-21,360755.30138173443
2020-10-22,361921.04819983384
2020-10-23,363994.8952366792
2020-10-26,367557.7899741598
2020-10-27,359436.07896934636
2020-10-28,361834.754433568
2020-10-29,350583.6832786446
2020-10-30,355709.467587441
2020-11-02,353457.68478219525
2020-11-03,358432.4983895612
2020-11-04,354683.95620941423
2020-11-05,360813.9745404702
2020-11-06,361667.80855887075
2020-11-09,369542.3971920533
2020-11-10,381361.0491654688
2020-11-11,377042.2465743665
2020-11-12,377215.6367457431
2020-11-13,374387.52368414216
2020-11-16,385061.4921894947
2020-11-17,390259.5496809543
2020-11-18,388164.8762279931
2020-11-19,382845.6462877852
2020-11-20,386568.50048100774
2020-11-23,387829.64115710097
2020-11-24,393898.1951060816
2020-11-25,397581.12139798905
2020-11-27,395306.79509605624
2020-11-30,390467.78573062905
2020-12-01,388412.73410932196
2020-12-02,393062.59903124085
2020-12-03,402110.29071320576
2020-12-04,407038.7970546516
2020-12-07,408994.5510468074
2020-12-08,410410.4962387375
2020-12-09,414576.44490335125
2020-12-10,412084.1832154815
2020-12-11,412318.7574191978
2020-12-14,411360.08131607686
2020-12-15,411076.78248814074
2020-12-16,414471.08739643457
2020-12-17,416842.7338271703
2020-12-18,417876.4544895511
2020-12-21,413474.8669719785
2020-12-22,413900.6460202634
2020-12-23,416201.29562243074
2020-12-24,414176.2812455131
2020-12-28,415763.88381609647
2020-12-29,415792.3478946073
2020-12-30,418579.14703270927
2020-12-31,416967.8510793341
2021-01-04,420279.81844760303
2021-01-05,419177.45310023497
2021-01-06,429909.6336639553
2021-01-07,431439.1375682991
2021-01-08,429790.5976154035
2021-01-11,431713.3539086617
2021-01-12,433469.528296155
2021-01-13,430728.98319967417
2021-01-14,437181.19357130164
2021-01-15,438423.37942287844
2021-01-19,435932.83739540033
2021-01-20,435320.2549893669
2021-01-21,435186.7298193337
2021-01-22,438015.5185145162
2021-01-25,433098.1074264834
2021-01-26,432474.7225653575
2021-01-27,428085.3369206917
2021-01-28,421654.2081046594
2021-01-29,423840.1933464825
2021-02-01,420245.62620450795
2021-02-02,425827.3352182103
2021-02-03,427602.94976170344
2021-02-04,429239.7159181829
2021-02-05,435550.7850503613
2021-02-08,440431.51656089333
2021-02-09,445646.408298198
2021-02-10,446699.5081609359
2021-02-11,447816.1752618287
2021-02-12,452269.26842511067
2021-02-16,453308.7450879428
2021-02-17,453668.2431476003
2021-02-18,451954.60586835904
2021-02-19,457338.76560218766
2021-02-22,462598.4162560807
2021-02-23,457207.0195680501
2021-02-24,460730.6169994604
2021-02-25,463388.68933608494
2021-02-26,454282.3025460219
2021-03-01,455553.19246668415
2021-03-02,462441.8661874337
2021-03-03,467240.2828603801
2021-03-04,457509.90968341765
2021-03-05,452792.37485581206
2021-03-08,465592.8437429541
2021-03-09,464603.9405525967
2021-03-10,473036.89833543095
2021-03-11,472634.54416051484
2021-03-12,477947.2797573112
2021-03-15,476026.3949974318
2021-03-16,473230.7747632912
2021-03-17,473703.29003253684
2021-03-18,475109.26704901195
2021-03-19,474081.15020555025
2021-03-22,468229.87685524445
2021-03-23,462229.42791663774
2021-03-24,457170.88251205225
2021-03-25,456800.22275670874
2021-03-26,460228.1770658183
2021-03-29,460162.40517160966
2021-03-30,464399.6251411494
2021-03-31,460574.6572366856
2021-04-01,463583.35391633
2021-04-05,465119.14307898714
2021-04-06,470174.6939411559
2021-04-07,466342.1055001689
2021-04-08,467323.2907680345
2021-04-09,467538.93565969565
2021-04-12,469569.15471149044
2021-04-13,467661.4611559302
2021-04-14,471462.9260644029
2021-04-15,468657.53480319906
2021-04-16,473177.0288598533
2021-04-19,472606.0173256529
2021-04-20,469389.45394450275
2021-04-21,468195.84113249084
2021-04-22,472661.95428817876
2021-04-23,470266.8911804578
2021-04-26,473426.13953068934
2021-04-27,472636.8186378543
2021-04-28,473771.14766293496
2021-04-29,471521.8431955671
2021-04-30,473503.8543186016
2021-05-03,475915.5052718072
2021-05-04,475158.73515328014
2021-05-05,473511.82443511183
2021-05-06,471199.2840844622
2021-05-07,474574.597966234
2021-05-10,477943.7383368433
2021-05-11,475831.7848594352
2021-05-12,472269.6241856028
2021-05-13,468196.76187767327
2021-05-14,470575.800926361
2021-05-17,476545.5692498378
2021-05-18,477344.8092993177
2021-05-19,474364.1206715135
2021-05-20,471657.3982311445
2021-05-21,475587.9539367025
2021-05-24,473497.48586968746
2021-05-25,473413.4077617766
2021-05-26,474820.84435072273
2021-05-27,475096.8461592945
2021-05-28,474630.8366308406
2021-06-01,477797.70620302216
2021-06-02,475257.53716399777
2021-06-03,475614.8841351961
2021-06-04,474075.6593097292
2021-06-07,478470.7176790701
2021-06-08,474384.9744692624
2021-06-09,475127.63304803724
2021-06-10,471500.1912218021
2021-06-11,475896.45020476513
2021-06-14,475261.65751032234
2021-06-15,468876.923820152
2021-06-16,471191.28440177307
2021-06-17,466239.9460056643
2021-06-18,465353.0094563076
2021-06-21,461106.2058181294
2021-06-22,465293.7916771212
2021-06-23,467260.87257128337
2021-06-24,468471.17800304934
2021-06-25,467840.9372576225
2021-06-28,467520.5528772563
2021-06-29,466514.13384854596
2021-06-30,466676.5087278793
2021-07-01,467751.15228457144
2021-07-02,465384.68273713
2021-07-06,464624.79348043416
2021-07-07,461718.52020751126
2021-07-08,461533.22094465874
2021-07-09,463648.1941817632
2021-07-12,467783.66872296843
2021-07-13,465083.48613016837
2021-07-14,462800.98842509894
2021-07-15,467074.5200172295
2021-07-16,466699.56208691944
2021-07-19,462053.0794123889
2021-07-20,459940.93272063724
2021-07-21,464380.01507507864
2021-07-22,453911.99802952824
2021-07-23,453616.0903868706
2021-07-26,455773.62552725285
2021-07-27,456167.5091006211
2021-07-28,457755.0825801058
2021-07-29,457808.94127855444
2021-07-30,458697.17993208516
2021-08-02,454508.2197021505
2021-08-03,452666.3832064582
2021-08-04,455255.9948098689
2021-08-05,455471.44731559895
2021-08-06,460657.9875377769
2021-08-09,460190.15161845816
2021-08-10,466786.93124918157
2021-08-11,469031.00058428734
2021-08-12,468062.67866358644
2021-08-13,466198.93213140353
2021-08-16,464057.2551055293
2021-08-17,463621.1924274948
2021-08-18,462085.4591910169
2021-08-19,456001.47598442785
2021-08-20,456801.4220390619
2021-08-23,458201.7104142781
2021-08-24,460505.1216105882
2021-08-25,460100.188076927
2021-08-26,460844.39782630786
2021-08-27,462769.0383108262
2021-08-30,461780.2062445382
2021-08-31,464666.9150303121
2021-09-01,466944.9577844703
2021-09-02,467186.3367722064
2021-09-03,467167.22722747276
2021-09-07,466719.0772725707
2021-09-08,464866.69898700574
2021-09-09,464603.73435809766
2021-09-10,462562.6804932053
2021-09-13,459474.63297041773
2021-09-14,456279.8341281245
2021-09-15,454088.34699245275
2021-09-16,456596.79385559045
2021-09-17,460623.660581141
2021-09-20,457686.86437937093
2021-09-21,454229.6276307839
2021-09-22,452587.36573066766
2021-09-23,454844.54786574777
2021-09-24,457729.58718368504
2021-09-27,464012.4545492618
2021-09-28,466022.3092788219
2021-09-29,462409.2212018785
2021-09-30,460406.32683989685
2021-10-01,457749.11212469864
2021-10-04,463442.4356784365
2021-10-05,459173.35998084425
2021-10-06,460250.11951020587
2021-10-07,461356.4249111762
2021-10-08,465408.2068940569
2021-10-11,466202.0172575472
2021-10-12,466222.4414165404
2021-10-13,464098.4859655856
2021-10-14,462549.975087015
2021-10-15,464700.1938581553
2021-10-18,466995.040665781
2021-10-19,465619.6522314506
2021-10-20,469576.2371632833
2021-10-21,469965.1092047
2021-10-22,470861.7135195216
2021-10-25,470967.518199982
2021-10-26,472122.0737471042
2021-10-27,470849.4468514129
2021-10-28,470452.8713150043
2021-10-29,473664.7585629766
2021-11-01,478170.4205452015
2021-11-02,475019.8184786946
2021-11-03,479793.3914228297
2021-11-04,482526.9184686404
2021-11-05,487846.24243539304
2021-11-08,488507.9087546303
2021-11-09,488473.1603133117
2021-11-10,490372.57419908093
2021-11-11,489626.65538599656
2021-11-12,486401.3155483674
2021-11-15,486334.4246039724
2021-11-16,484584.8081582959
2021-11-17,483970.38471521426
2021-11-18,481748.5468473371
2021-11-19,480040.02528094343
2021-11-22,481365.18729357683
2021-11-23,480976.9460980495
2021-11-24,481372.95882332505
2021-11-26,478535.8254350933
2021-11-29,467982.93975743756
2021-11-30,472431.91602892574
2021-12-01,468575.6104321528
2021-12-02,468355.82705521665
2021-12-03,469839.62669716286
2021-12-06,468888.17369480553
2021-12-07,467381.98218682426
2021-12-08,472600.7772194303
2021-12-09,471964.00664432946
2021-12-10,470062.52457910887
2021-12-13,470575.083839255
2021-12-14,464993.54642359994
2021-12-15,461897.34978439746
2021-12-16,468224.88013137784
2021-12-17,466950.1242078438
2021-12-20,464129.0068152621
2021-12-21,461332.28539165016
2021-12-22,464047.4834129491
2021-12-23,468226.83993668336
2021-12-27,471043.1800881297
2021-12-28,474271.5842651627
2021-12-29,473859.0094134693
2021-12-30,473089.34048177965
2021-12-31,474016.0603341005
2022-01-03,474396.36201828625
2022-01-04,479373.1759413381
2022-01-05,482815.8982913815
2022-01-06,480698.93746928545
2022-01-07,481827.13999035035
2022-01-10,479738.0807755815
2022-01-11,477789.0560496651
2022-01-12,479986.616651677
2022-01-13,484307.4049316052
2022-01-14,481758.52028055425
2022-01-18,481950.38631214533
2022-01-19,477217.1393720695
2022-01-20,473499.25439351844
2022-01-21,472817.315081812
2022-01-24,468458.85221094236
2022-01-25,471776.5694802063
2022-01-26,465622.9644868294
2022-01-27,460184.29920797754
2022-01-28,455752.9985623086
2022-01-31,461028.2269892554
2022-02-01,464340.9555928163
2022-02-02,464135.32645570044
2022-02-03,468374.6909352474
2022-02-04,463534.62567119324
2022-02-07,466835.48832123214
2022-02-08,468832.6909505441
2022-02-09,466186.84843190765
2022-02-10,470024.625034772
2022-02-11,470983.5201405636
2022-02-14,465486.70346404
2022-02-15,466292.59811362287
2022-02-16,470564.6138620329
2022-02-17,471523.6718178924
2022-02-18,469193.3326322009
2022-02-22,467675.2609164344
2022-02-23,466692.3954160955
2022-02-24,458758.21701094543
2022-02-25,463565.41458477266
2022-02-28,466433.0459475247
2022-03-01,462946.9447635026
2022-03-02,463120.85627102805
2022-03-03,468942.49487073044
2022-03-04,467126.13194293086
2022-03-07,463995.4252771573
2022-03-08,459398.17817694234
2022-03-09,456118.2211255157
2022-03-10,461734.9642617505
2022-03-11,462362.2873848082
2022-03-14,462089.10145649785
2022-03-15,455540.36393055576
2022-03-16,461233.5283678096
2022-03-17,465842.2166154448
2022-03-18,466691.0221151619
2022-03-21,468311.7424543046
2022-03-22,476015.3099827064
2022-03-23,473597.404522195
2022-03-24,468419.0300892642
2022-03-25,480411.11115109775
2022-03-28,480500.5822141753
2022-03-29,483259.18215695
2022-03-30,494635.68392331165
2022-03-31,488799.51316626737
2022-04-01,486502.90307401324
2022-04-04,484207.1479934483
2022-04-05,484487.89846858184
2022-04-06,481243.8938325528
2022-04-07,475511.78684090223
2022-04-08,476028.0292119027
2022-04-11,476249.2667489853
2022-04-12,474717.8912791071
2022-04-13,475202.0877499121
2022-04-14,477913.0912977258
2022-04-18,474930.282072094
2022-04-19,476585.79583618755
2022-04-20,481787.0198124837
2022-04-21,480557.03420099185
2022-04-22,477509.44331538695
2022-04-25,470689.0304976348
2022-04-26,470048.1101903308
2022-04-27,463896.7401818647
2022-04-28,463035.9355841184
2022-04-29,468797.3227629976
2022-05-02,458752.6134186388
2022-05-03,462783.919389993
2022-05-04,462917.89089109044
2022-05-05,466108.8046547793
2022-05-06,458297.07242447796
2022-05-09,456345.6424497157
2022-05-10,447374.67077935237
2022-05-11,450938.561890161
2022-05-12,446697.3403004186
2022-05-13,445088.001144084
2022-05-16,450666.5344234923
2022-05-17,452864.1019512541
2022-05-18,456777.0824039896
2022-05-19,447336.8177781857
2022-05-20,447150.11186821887
2022-05-23,447315.3865904076
2022-05-24,451459.9888485057
2022-05-25,451253.4586826188
2022-05-26,453421.38465715287
2022-05-27,456768.73078049615
2022-05-31,461720.453281987
2022-06-01,461976.32291266945
2022-06-02,460670.1862114124
2022-06-03,463934.70635067887
2022-06-06,462777.7608346109
2022-06-07,461683.67346398643
2022-06-08,463012.5110815021
2022-06-09,459414.4493044893
2022-06-10,456200.45181266044
2022-06-13,446823.8459317177
2022-06-14,440310.9131330088
2022-06-15,442039.7933534183
2022-06-16,436885.68363176857
2022-06-17,435495.1823971832
2022-06-21,435679.17717299203
2022-06-22,437227.03370248
2022-06-23,436021.22403291217
2022-06-24,436271.9028295646
2022-06-27,438873.83310025494
2022-06-28,439549.59600140457
2022-06-29,437182.88200526265
2022-06-30,438134.4553329506
2022-07-01,438561.39823459956
2022-07-05,439154.52736716997
2022-07-06,437221.89826405095
2022-07-07,436187.6471600275
2022-07-08,437626.1621109711
2022-07-11,438431.37054166535
2022-07-12,438715.51425734407
2022-07-13,435634.1423769372
2022-07-14,433124.2271144429
2022-07-15,435629.003990182
2022-07-18,439523.36197544844
2022-07-19,439634.5056390528
2022-07-20,444278.5694207702
2022-07-21,443152.17574552173
2022-07-22,445399.5040524123
2022-07-25,446384.0568041524
2022-07-26,449247.8408522048
2022-07-27,447854.25011441234
2022-07-28,449445.75013267563
2022-07-29,451015.92300522834
2022-08-01,454850.4093530997
2022-08-02,452215.36901495274
2022-08-03,450450.6884835805
2022-08-04,449339.8717142653
2022-08-05,449424.60854711535
2022-08-08,450237.43541655183
2022-08-09,451129.6218000186
2022-08-10,450203.5509957311
2022-08-11,455408.6825657022
2022-08-12,456434.77718331735
2022-08-15,460998.9058885708
2022-08-16,461254.86789691466
2022-08-17,460453.8074790239
2022-08-18,460076.6791498406
2022-08-19,460229.2119659123
2022-08-22,457159.28989830165
2022-08-23,451937.35508411675
2022-08-24,449822.1690797869
2022-08-25,450932.83725799253
2022-08-26,453736.6026820057
2022-08-29,446256.00239275384
2022-08-30,446366.2774434887
2022-08-31,442158.6885238672
2022-09-01,441935.4264291371
2022-09-02,442191.28532926855
2022-09-06,440032.7840026763
2022-09-07,439141.30447062507
2022-09-08,441589.57514569745
2022-09-09,440368.4276631337
2022-09-12,440751.1672975549
2022-09-13,436455.3578412494
2022-09-14,430972.54276283836
2022-09-15,430117.2396301453
2022-09-16,427826.24972732394
2022-09-19,435073.72718831856
2022-09-20,433414.8268548544
2022-09-21,429831.0997080014
2022-09-22,424163.73156329425
2022-09-23,419494.4042902432
2022-09-26,412678.5669665597
2022-09-27,411461.3589699699
2022-09-28,410882.527407359
2022-09-29,411449.45463959634
2022-09-30,410544.3042548784
2022-10-03,407699.70034306974
2022-10-04,416501.40385898104
2022-10-05,418163.53672479774
2022-10-06,418649.7318617159
2022-10-07,414796.65647190134
2022-10-10,412262.52360933827
2022-10-11,410926.9864364849
2022-10-12,410460.3470011261
2022-10-13,416940.0374693843
2022-10-14,421029.57690692425
2022-10-17,417982.5800956983
2022-10-18,420274.08809228503
2022-10-19,422633.3014933397
2022-10-20,416203.1022874565
2022-10-21,414777.3046392735
2022-10-24,417706.43317642424
2022-10-25,416448.0108504936
2022-10-26,420293.80830962345
2022-10-27,421978.2473992367
2022-10-28,424038.1192136157
2022-10-31,430026.93729234085
2022-11-01,428197.9334427256
2022-11-02,432382.2355677146
2022-11-03,425979.9187561956
2022-11-04,427077.3190799073
2022-11-07,428858.3958947857
2022-11-08,429136.0219246289
2022-11-09,432899.8233295833
2022-11-10,429002.5769251926
2022-11-11,436705.49371400697
2022-11-14,439617.3171481698
2022-11-15,437990.9898009405
2022-11-16,438971.8983459307
2022-11-17,436732.6933141419
2022-11-18,436714.56776334275
2022-11-21,439164.7053002354
2022-11-22,436465.4956330082
2022-11-23,438504.87632417283
2022-11-25,440870.75096328085
2022-11-28,439707.32257277064
2022-11-29,437620.02902724885
2022-11-30,435868.7132866386
2022-12-01,442609.9656173903
2022-12-02,442412.4535733901
2022-12-05,438220.5192430952
2022-12-06,438245.7431371001
2022-12-07,436175.0061104528
2022-12-08,434598.7048014032
2022-12-09,437474.9970465752
2022-12-12,431987.8823010535
2022-12-13,431709.1357583549
2022-12-14,430151.8413975128
2022-12-15,429319.9761520436
2022-12-16,426349.73381457425
2022-12-19,425319.89813702303
2022-12-20,424302.85585778067
2022-12-21,424141.33533462725
2022-12-22,428423.46038055845
2022-12-23,425310.68603272433
2022-12-27,426794.82098811027
2022-12-28,426248.8614303174
2022-12-29,423391.4319968197
2022-12-30,424615.98027684964
2023-01-03,426046.4390150146
2023-01-04,425911.2962065358
2023-01-05,428375.62610428955
2023-01-06,426913.3535371653
2023-01-09,430258.5855832579
2023-01-10,432092.929619781
2023-01-11,432038.734035183
2023-01-12,437302.56415127096
2023-01-13,437304.3875376433
2023-01-17,438194.2952354163
2023-01-18,434025.3097040662
2023-01-19,431583.52180308406
2023-01-20,429316.3806896264
2023-01-23,431110.0114843748
2023-01-24,434087.85965180385
2023-01-25,429312.6791886362
2023-01-26,431069.36949015775
2023-01-27,434125.88097205997
2023-01-30,435607.49775456224
2023-01-31,436725.18192589254
2023-02-01,438668.26045411866
2023-02-02,439899.4058147486
2023-02-03,447641.26709239546
2023-02-06,445009.53562307724
2023-02-07,443509.6398835109
2023-02-08,447230.02422018786
2023-02-09,443931.0430596917
2023-02-10,442986.06932073995
2023-02-13,442907.4435430049
2023-02-14,441575.64978758886
2023-02-15,443415.4029216163
2023-02-16,447519.2949072148
2023-02-17,446878.2646790612
2023-02-21,445098.9054259264
2023-02-22,440760.8409622373
2023-02-23,439989.6148254632
2023-02-24,440986.5743615481
2023-02-27,438036.8757303985
2023-02-28,438257.77294763766
2023-03-01,438588.79027229163
2023-03-02,434897.333879577
2023-03-03,433426.61609101814
2023-03-06,433388.1662808615
2023-03-07,433166.6234764754
2023-03-08,430279.877167987
2023-03-09,423555.8177087861
2023-03-10,412912.72040329897
2023-03-13,393020.29070154665
2023-03-14,395514.9261958482
2023-03-15,395022.23190243595
2023-03-16,397751.78057430004
2023-03-17,391932.0203483058
2023-03-20,387420.1281205948
2023-03-21,396371.8473805296
2023-03-22,393638.2925656838
2023-03-23,385521.23475457384
2023-03-24,389156.38210139464
2023-03-27,392378.9518960378
2023-03-28,392944.25550121174
2023-03-29,388859.96464289713
2023-03-30,386567.28775098844
2023-03-31,387054.39594134985
2023-04-03,390560.38722516363
2023-04-04,386149.1707310324
2023-04-05,383776.18914984656
2023-04-06,381915.6898520034
2023-04-10,384362.2503166698
2023-04-11,385815.35318520543
2023-04-12,389841.0250423346
2023-04-13,387675.1232396107
2023-04-14,388418.0345596664
2023-04-17,389728.30993072205
2023-04-18,387977.35115095554
2023-04-19,388180.47196921625
2023-04-20,389132.2355485567
2023-04-21,386655.39913639374
2023-04-24,385780.3275200909
2023-04-25,383297.0663142605
2023-04-26,377485.31857150357
2023-04-27,374796.8055127364
2023-04-28,376665.84874696593
2023-05-01,374537.23435709305
2023-05-02,365523.3511537849
2023-05-03,362304.9099518193
2023-05-04,355401.5824139031
2023-05-05,355005.0050689181
2023-05-08,355730.65489674464
2023-05-09,355669.47358131054
2023-05-10,352923.0951103014
2023-05-11,352231.7275055116
2023-05-12,352240.22576702037
2023-05-15,352326.5298491667
2023-05-16,352079.21627704415
2023-05-17,354084.9120696459
2023-05-18,355662.29911935626
2023-05-19,356310.9539651844
2023-05-22,357834.91408337327
2023-05-23,363182.58675908373
2023-05-24,361391.37438934733
2023-05-25,354496.7514107196
2023-05-26,355946.2125958598
2023-05-30,360021.60160277766
2023-05-31,359399.58767789125
2023-06-01,360956.33919599967
2023-06-02,370233.415445684
2023-06-05,370408.1292769506
2023-06-06,376761.2839339685
2023-06-07,388774.75319168705
2023-06-08,385316.31323188584
2023-06-09,384064.82398509263
2023-06-12,384436.7905854072
2023-06-13,389528.9544800205
2023-06-14,389630.7354263276
2023-06-15,388899.5743259551
2023-06-16,397618.33207254106
2023-06-20,396322.4653942408
2023-06-21,396122.10772535927
2023-06-22,389294.09732351697
2023-06-23,386213.1995959975
2023-06-26,385127.48838127573
2023-06-27,384566.1711570849
2023-06-28,386225.3414725206
2023-06-29,388628.44118627097
2023-06-30,385165.3526189571
2023-07-03,390186.77718352206
2023-07-05,388628.986894643
2023-07-06,387182.30934033764
2023-07-07,389391.4704498879
2023-07-10,391241.9965663095
2023-07-11,393603.22353995364
2023-07-12,395293.98157285387
2023-07-13,396407.40452620096
2023-07-14,399641.57226933993
2023-07-17,398870.8881230159
2023-07-18,400898.5015483534
2023-07-19,404107.38115923427
2023-07-20,409056.40575734375
2023-07-21,405867.04875320056
2023-07-24,408423.83969663887
2023-07-25,409268.37271633634
2023-07-26,412647.6308300615
2023-07-27,411929.254879637
2023-07-28,406182.49354043836
2023-07-31,410157.31729242724
2023-08-01,411876.32440480514
2023-08-02,409120.9216497182
2023-08-03,403423.8413831307
2023-08-04,406269.1762922807
2023-08-07,404031.1349664874
2023-08-08,405402.98847238976
2023-08-09,401853.9519103045
2023-08-10,397195.35087960336
2023-08-11,398255.6329667377
2023-08-14,393153.6888541463
2023-08-15,395454.60486512864
2023-08-16,392091.0742755603
2023-08-17,392663.2094669104
2023-08-18,391924.23886488786
2023-08-21,386848.81213282055
2023-08-22,388260.59620596573
2023-08-23,387641.4145242184
2023-08-24,393340.3748989708
2023-08-25,387629.2023531538
2023-08-28,389858.8334611182
2023-08-29,390177.3612889182
2023-08-30,394111.58683459635
2023-08-31,395706.49216603313
2023-09-01,398424.2176994887
2023-09-05,393932.5712379341
2023-09-06,394832.42022122006
2023-09-07,391505.255896644
2023-09-08,389645.55802439275
2023-09-11,395434.3808417149
2023-09-12,399618.3813587504
2023-09-13,394899.04789420334
2023-09-14,399238.99596727383
2023-09-15,403759.6235379767
2023-09-18,398387.41969281645
2023-09-19,396924.593098061
2023-09-20,399670.2851779305
2023-09-21,400496.62082798535
2023-09-22,395281.87926819426
2023-09-25,394112.804440581
2023-09-26,395479.9863912022
2023-09-27,394343.83086110983
2023-09-28,393206.461783727
2023-09-29,394125.869552026
2023-10-02,391460.1429965115
2023-10-03,390018.6159014287
2023-10-04,386540.7016497927
2023-10-05,394560.8364229283
2023-10-06,392625.42833226424
2023-10-09,395435.6997864322
2023-10-10,397918.0935112976
2023-10-11,399785.5113045833
2023-10-12,398643.80366942624
2023-10-13,396094.88059274247
2023-10-16,393927.1404936169
2023-10-17,400459.8564970875
2023-10-18,398983.93072531733
2023-10-19,395522.6027546931
2023-10-20,394289.8330545815
2023-10-23,396016.9865084187
2023-10-24,393251.3508709348
2023-10-25,396857.1049963531
2023-10-26,400276.0481956204
2023-10-27,391797.2922667566
2023-10-30,389706.6285309266
2023-10-31,393223.1078067928
2023-11-01,390615.221503991
2023-11-02,396581.3772927938
2023-11-03,404992.39013113175
2023-11-06,406032.53553191206
2023-11-07,407482.1944581157
2023-11-08,407929.22528532206
2023-11-09,408793.749122509
2023-11-10,406924.57263577415
2023-11-13,409240.83829822723
2023-11-14,417698.7989696845
2023-11-15,419643.66524762183
2023-11-16,416509.13881051674
2023-11-17,418007.408177503
2023-11-20,417331.24167394865
2023-11-21,416670.07836434286
2023-11-22,417361.96614919376
2023-11-24,419897.24829725386
2023-11-27,419023.70976392546
2023-11-28,415676.90116500756
2023-11-29,417807.67589279945
2023-11-30,417082.4358874768
2023-12-01,422692.32078060356
2023-12-04,427915.9138285164
2023-12-05,425711.6682736781
2023-12-06,426895.55480431765
2023-12-07,425805.63246047
2023-12-08,429115.7956232552
2023-12-11,427151.07045752596
2023-12-12,425664.1057111059
2023-12-13,431383.35909291374
2023-12-14,438622.1041230296
2023-12-15,439480.56577379745
2023-12-18,437293.80965475296
2023-12-19,440904.513814361
2023-12-20,444668.5080526549
2023-12-21,441461.51130323653
2023-12-22,445773.12564288557
2023-12-26,448102.5162096796
2023-12-27,449024.9575452141
2023-12-28,448916.62491567986
2023-12-29,445137.6016109416
2024-01-02,445778.8022675516
2024-01-03,440144.03045146435
2024-01-04,439773.41803333646
2024-01-05,438903.34038012754
2024-01-08,436524.42945186794
2024-01-09,437778.45902955206
2024-01-10,436213.8828011839
2024-01-11,436247.85494207864
2024-01-12,434598.87576684
2024-01-16,431782.4584744114
2024-01-17,431408.8883598243
2024-01-18,428094.8430772637
2024-01-19,431284.6639499296
2024-01-22,439755.4148945342
2024-01-23,436469.99961623095
2024-01-24,439835.2946700688
2024-01-25,441164.2466258163
2024-01-26,442915.98928825476
2024-01-29,441878.791161416
2024-01-30,445127.1687240472
2024-01-31,438741.77959611977
2024-02-01,429853.4243750676
2024-02-02,428078.4883451164
2024-02-05,426754.049920652
2024-02-06,423666.0404661734
2024-02-07,419571.77919457975
2024-02-08,425154.20893907035
2024-02-09,426672.5692908046
2024-02-12,432040.8280911373
2024-02-13,423214.8227419213
2024-02-14,422725.92027525255
2024-02-15,430132.065668585
2024-02-16,431419.070641867
2024-02-20,429480.33817566
2024-02-21,427047.93814946356
2024-02-22,418360.0005068557
2024-02-23,426196.51034408325
2024-02-26,423403.9032367068
2024-02-27,421975.39583006245
2024-02-28,422093.11692037404
2024-02-29,423237.00932888326
2024-03-01,420806.6149753295
2024-03-04,422655.8352598735
2024-03-05,427122.4830108073
2024-03-06,424012.08167438296
2024-03-07,422783.13417345245
2024-03-08,428784.7720282264
2024-03-11,427587.52060077526
2024-03-12,423779.07913544413
2024-03-13,427683.6050968158
2024-03-14,421836.1919564878
2024-03-15,427608.83249274106
2024-03-18,421474.31789858703
2024-03-19,422799.6779132191
2024-03-20,427972.93543278426
2024-03-21,431468.48994250677
2024-03-22,428124.28060243593
2024-03-25,426565.02126134094
2024-03-26,423551.70697111543
2024-03-27,427482.50442397833
2024-03-28,431484.76745443797
2024-04-01,429160.473939831
2024-04-02,427170.19770313206
2024-04-03,424697.0581723095
2024-04-04,427512.1194762171
2024-04-05,421358.1633815748
2024-04-08,425586.1698461422
2024-04-09,425709.444259679
2024-04-10,422724.1264375272
2024-04-11,418413.9348600038
2024-04-12,422923.31238599814
2024-04-15,420336.8236539037
2024-04-16,421648.8002939626
2024-04-17,421793.5539098081
2024-04-18,420812.49423365894
2024-04-19,426138.6161152484
2024-04-22,422228.7259978271
2024-04-23,424177.86958540906
2024-04-24,426505.1885785778
2024-04-25,425832.86401594407
2024-04-26,422614.1509461032
2024-04-29,423119.38919481006
2024-04-30,425301.0356969954
2024-05-01,424330.023450146
2024-05-02,423380.1348652122
2024-05-03,424700.7123569305
2024-05-06,427226.7969235746
2024-05-07,428707.2886563589
2024-05-08,431138.1356337757
2024-05-09,431676.54381358664
2024-05-10,431317.8115350394
2024-05-13,431975.6785227062
2024-05-14,432470.84280221263
2024-05-15,431822.47176980623
2024-05-16,438033.9570242488
2024-05-17,437318.72293636954
2024-05-20,436143.9549494066
2024-05-21,436180.9099682781
2024-05-22,436398.0603230802
2024-05-23,432581.3684397686
2024-05-24,431154.5850792065
2024-05-28,430635.10449904826
2024-05-29,427895.06685476494
2024-05-30,431886.56884172803
2024-05-31,430741.8657579421
2024-06-03,432667.61774620175
2024-06-04,430736.6855054854
2024-06-05,428883.5534842575
2024-06-06,431605.53399159707
2024-06-07,429227.3373078739
2024-06-10,428049.3403126471
2024-06-11,427529.3335869902
2024-06-12,430288.6906737178
2024-06-13,429534.1965245511
2024-06-14,425593.9626044691
2024-06-17,425845.6081591637
2024-06-18,426414.95182811597
2024-06-20,428106.79769154725
2024-06-21,427974.73946878564
2024-06-24,431001.7785450394
2024-06-25,428962.49540284905
2024-06-26,429465.715631916
2024-06-27,432590.5589706336
2024-06-28,435351.7016667555
2024-07-01,430137.94074331183
2024-07-02,432035.9982800209
2024-07-03,427269.0397278291
2024-07-05,422294.6314500335
2024-07-08,425092.4662768467
2024-07-09,424708.65012238576
2024-07-10,427946.96491797914
2024-07-11,445102.52770588966
2024-07-12,444077.3853268631
2024-07-15,453778.95750987664
2024-07-16,468531.38427966234
2024-07-17,479851.0242758162
2024-07-18,481885.8169895996
2024-07-19,479683.1803543401
2024-07-22,480480.5087784283
2024-07-23,489865.3061250322
2024-07-24,489329.1227177393
2024-07-25,492678.7288951819
2024-07-26,493811.8273200035
2024-07-29,494222.10189622047
2024-07-30,501201.28254944156
2024-07-31,496704.76058077876
2024-08-01,494157.0453678163
2024-08-02,491610.48747701605
2024-08-05,480092.26080412965
2024-08-06,472914.92110102624
2024-08-07,475387.3963354578
2024-08-08,470321.0945130897
2024-08-09,474882.917100883
2024-08-12,471638.17865207535
2024-08-13,472192.1150430845
2024-08-14,476922.4092495222
2024-08-15,482380.27269986883
2024-08-16,490587.37732690334
2024-08-19,490828.3351427967
2024-08-20,491284.7069014939
2024-08-21,490405.7041694502
2024-08-22,492672.0209356808
2024-08-23,500033.69835140713
2024-08-26,504497.34314311197
2024-08-27,495049.8079229426
2024-08-28,498255.47132794745
2024-08-29,498025.63011055294
2024-08-30,496561.1543149631
2024-09-03,501061.6442079771
2024-09-04,495354.17364170693
2024-09-05,492492.89352892287
2024-09-06,492102.6904372896
2024-09-09,484731.61272238346
2024-09-10,489739.8135003993
2024-09-11,484639.0329516487
2024-09-12,490774.03962993756
2024-09-13,498757.86168375897
2024-09-16,503158.19923894596
2024-09-17,505654.16625318915
2024-09-18,506576.60120123834
2024-09-19,508139.8054584163
2024-09-20,507769.8804773753
2024-09-23,506113.902794126
2024-09-24,504402.60704242333
2024-09-25,502301.6881509529
2024-09-26,502734.6523108769
2024-09-27,504515.15908888105
2024-09-30,504865.06304996414
2024-10-01,503050.47285071964
2024-10-02,495023.0668633645
2024-10-03,492332.72988779563
2024-10-04,492848.1063660967
2024-10-07,495512.791459595
2024-10-08,489217.35432566097
2024-10-09,492583.3591021091
2024-10-10,495599.66689479264
2024-10-11,500486.6143264627
2024-10-14,500750.6353035896
2024-10-15,511883.86255999334
2024-10-16,512794.8441262254
2024-10-17,515483.9413404221
2024-10-18,512199.22224958014
2024-10-21,504971.3767669409
2024-10-22,505124.24081124226
2024-10-23,507706.2242353777
2024-10-24,501299.54585139925
2024-10-25,498341.6918973122
2024-10-28,502611.3728557455
2024-10-29,499850.31930667756
2024-10-30,502839.7639465641
2024-10-31,501339.2938420746
2024-11-01,493099.931077473
2024-11-04,494218.4626629653
2024-11-05,495592.0371437826
2024-11-06,520473.1008161658
2024-11-07,516327.46289879363
2024-11-08,517160.6819628933
2024-11-11,527329.2867238654
2024-11-12,526940.5266954224
2024-11-13,523198.8590440371
2024-11-14,522668.66972541175
2024-11-15,523980.44684833026
2024-11-18,517323.3495411364
2024-11-19,517629.73413136374
2024-11-20,518291.37650437874
2024-11-21,520296.77340004797
2024-11-22,526912.6812447303
2024-11-25,531905.8928015593
2024-11-26,527780.2489378342
2024-11-27,529806.712897993
2024-11-29,525086.881232895
2024-12-02,527861.1257896628
2024-12-03,524922.7692998507
2024-12-04,524455.2280160844
2024-12-05,526776.2984976276
2024-12-06,525022.7040403662
2024-12-09,528545.1268919683
2024-12-10,529469.5764252576
2024-12-11,526218.2297093662
2024-12-12,529630.0057580579
2024-12-13,526128.3598565828
2024-12-16,523784.94427877845
2024-12-17,520622.20698432624
2024-12-18,514874.29072219983
2024-12-19,501726.6077117054
2024-12-20,501509.1067814581
2024-12-23,502107.85726679215
2024-12-24,502153.0048509072
2024-12-26,508479.4520667664
2024-12-27,508085.4105894413
2024-12-30,507057.29590777453
2024-12-31,503952.5400727666
