,portfolio_value
2010-10-01,0.9994150185789147
2010-10-04,1.0000943832833316
2010-10-05,0.9978751175026337
2010-10-06,1.000109880834862
2010-10-07,1.00056199824253
2010-10-08,1.0062073387594432
2010-10-11,1.007747932644348
2010-10-12,1.0091939059770048
2010-10-13,1.0076490808923806
2010-10-14,1.0069730090863969
2010-10-15,1.0045907354247892
2010-10-18,1.0062650158917208
2010-10-19,1.0074102840705166
2010-10-20,1.0084758064908466
2010-10-21,1.004618983026171
2010-10-22,1.0013557558297772
2010-10-25,1.001267680762737
2010-10-26,1.0047904381253279
2010-10-27,1.0086063516274464
2010-10-28,1.00877489572544
2010-10-29,1.008300119135695
2010-11-01,1.006628296359486
2010-11-02,1.008439976127698
2010-11-03,1.009463586255135
2010-11-04,1.0087795406953295
2010-11-05,1.0117917600037765
2010-11-08,1.0112654876122156
2010-11-09,1.0124521060853358
2010-11-10,1.0121411688471085
2010-11-11,1.0111839701848033
2010-11-12,1.0086644751297253
2010-11-15,1.0111026827472331
2010-11-16,1.0154000190269823
2010-11-17,1.0139024323297738
2010-11-18,1.0108397166960141
2010-11-19,1.0077504752781639
2010-11-22,1.0068331536687383
2010-11-23,1.0054868192847397
2010-11-24,1.001306109477156
2010-11-26,1.004172578120641
2010-11-29,1.0038792274431891
2010-11-30,1.002841661470857
2010-12-01,0.998041329631332
2010-12-02,1.0015607291944595
2010-12-03,1.0072512154615831
2010-12-06,1.0078458259992857
2010-12-07,1.0076879530814844
2010-12-08,1.0073263868397555
2010-12-09,1.0073779675340915
2010-12-10,1.0071810342773815
2010-12-13,1.0079624691054976
2010-12-14,1.0080021551649492
2010-12-15,1.0088124756096342
2010-12-16,1.0074767782906486
2010-12-17,1.0081889842059506
2010-12-20,1.0080790379119347
2010-12-21,1.0076296567426637
2010-12-22,1.0081291044940337
2010-12-23,1.0088055783147718
2010-12-27,1.008636126517827
2010-12-28,1.0085713112366896
2010-12-29,1.0087456753459145
2010-12-30,1.0090873996279217
2010-12-31,1.0090338098729024
2011-01-03,1.011468095840651
2011-01-04,1.1658370459039826
2011-01-05,1.0771991184212009
2011-01-06,1.1208051080520463
2011-01-07,1.1656185133726864
2011-01-10,1.1657197059079434
2011-01-11,1.0768345444606708
2011-01-12,1.122859396284471
2011-01-13,1.1432351926256827
2011-01-14,1.0328406069104095
2011-01-18,1.0990972624679274
2011-01-19,1.0940472346824497
2011-01-20,1.0309052237335599
2011-01-21,1.0328404536440523
2011-01-24,1.0350499640992692
2011-01-25,0.9868597295305637
2011-01-26,0.9663774177773374
2011-01-27,0.9881093406791052
2011-01-28,1.018624917701467
2011-01-31,0.9471415249557787
2011-02-01,0.9542884241773454
2011-02-02,0.9849776319519593
2011-02-03,1.0783011450551252
2011-02-04,0.9213245306288866
2011-02-07,0.9463755538630511
2011-02-08,0.8999203774214491
2011-02-09,0.9178178943188682
2011-02-10,0.8971049631033122
2011-02-11,0.9227475639803869
2011-02-14,0.898138806975907
2011-02-15,0.85035867491237
2011-02-16,0.9667292781624545
2011-02-17,0.9426839054522308
2011-02-18,0.8757517352653422
2011-02-22,0.882686497555612
2011-02-23,0.8922784950424961
2011-02-24,0.8964232499677632
2011-02-25,0.9251800065471563
2011-02-28,0.9714475920664625
2011-03-01,0.9050318043356912
2011-03-02,0.9679005241641938
2011-03-03,0.9507104436949669
2011-03-04,0.9596906039009496
2011-03-07,0.8632143610508255
2011-03-08,0.8763999058533593
2011-03-09,0.9414980172341241
2011-03-10,0.855367818960515
2011-03-11,0.922732411545601
2011-03-14,0.8671071403929467
2011-03-15,0.816166319985204
2011-03-16,0.8621699597476624
2011-03-17,0.8772381468834664
2011-03-18,0.9447467179169273
2011-03-21,0.8775207695904934
2011-03-22,0.8921232365817078
2011-03-23,0.9207810149491253
2011-03-24,0.949804208454999
2011-03-25,0.9205665174148108
2011-03-28,0.9659458206872064
2011-03-29,0.8975653037992531
2011-03-30,0.8980856681694442
2011-03-31,0.8695329976771641
2011-04-01,0.9692661774209615
2011-04-04,0.9431867219962937
2011-04-05,0.9668865880243072
2011-04-06,0.99208686160381
2011-04-07,0.9179155659917622
2011-04-08,0.9902469571448058
2011-04-11,0.9659481108986693
2011-04-12,0.9163171947632267
2011-04-13,0.9185937734366871
2011-04-14,0.9672053132120499
2011-04-15,0.9194496689545164
2011-04-18,0.9641693990542064
2011-04-19,0.9204236111406696
2011-04-20,0.9222301296434099
2011-04-21,0.9686746479160381
2011-04-25,0.918319778682814
2011-04-26,0.8967616090362578
2011-04-27,0.9205848860941699
2011-04-28,0.9194780983348032
2011-04-29,0.9192386459076927
2011-05-02,0.8940517877575452
2011-05-03,0.8935392400436915
2011-05-04,0.8444716469760626
2011-05-05,0.8686113548092432
2011-05-06,0.8955478681012282
2011-05-09,0.8470088964490758
2011-05-10,0.7998970346678087
2011-05-11,0.7701954037182618
2011-05-12,0.8716784160688996
2011-05-13,0.772225825368723
2011-05-16,0.8216485834994042
2011-05-17,0.8219085585133549
2011-05-18,0.7504431152893211
2011-05-19,0.822635752462893
2011-05-20,0.8196920611692908
2011-05-23,0.8198325343001984
2011-05-24,0.7492535796221149
2011-05-25,0.7983066619824436
2011-05-26,0.7990314981229398
2011-05-27,0.9290643608146492
2011-05-31,0.8490570520335451
2011-06-01,0.8687192858527442
2011-06-02,0.8477421548645482
2011-06-03,0.8209457442307178
2011-06-06,0.8478459719219934
2011-06-07,0.8480891666015209
2011-06-08,0.8478703082644785
2011-06-09,0.8220608869396504
2011-06-10,0.7673402524668952
2011-06-13,0.7421017941949328
2011-06-14,0.74273164735547
2011-06-15,0.7413874626580848
2011-06-16,0.7422170802935052
2011-06-17,0.6893198940642714
2011-06-20,0.6893923437559453
2011-06-21,0.7163597514522994
2011-06-22,0.7156464850885297
2011-06-23,0.6361243798389777
2011-06-24,0.7160769238990972
2011-06-27,0.7431215702511901
2011-06-28,0.7431338282414643
2011-06-29,0.7692892073001071
2011-06-30,0.7959200995879047
2011-07-01,0.7956664256272653
2011-07-05,0.7685703396756755
2011-07-06,0.7421580203283415
2011-07-07,0.742496719600218
2011-07-08,0.8216156493368758
2011-07-11,0.8466918065434829
2011-07-12,0.8210505819425042
2011-07-13,0.795483373786203
2011-07-14,0.8474409961586085
2011-07-15,0.9288250541413954
2011-07-18,0.9529393341020927
2011-07-19,0.8759054607638909
2011-07-20,0.9274558755889145
2011-07-21,0.87793658922477
2011-07-22,0.9013408078589742
2011-07-25,0.8728314545146733
2011-07-26,0.8470363865096747
2011-07-27,0.8687946718686497
2011-07-28,0.873654042522246
2011-07-29,0.8194751167568297
2011-08-01,0.8207351356728724
2011-08-02,0.791671954624644
2011-08-03,0.822375429350977
2011-08-04,0.7635210201809111
2011-08-05,0.7952938089936299
2011-08-08,0.7518178167742279
2011-08-09,0.6233285538722473
2011-08-10,0.6620310780104809
2011-08-11,0.6926654838400105
2011-08-12,0.6891627120565607
2011-08-15,0.6628554882675405
2011-08-16,0.7152604513512864
2011-08-17,0.7421606605456029
2011-08-18,0.8433069088723898
2011-08-19,0.8164852002344077
2011-08-22,0.7688013754880029
2011-08-23,0.803908043995315
2011-08-24,0.798165447370273
2011-08-25,0.7918137774078924
2011-08-26,0.8516370370290052
2011-08-29,0.8009629548467055
2011-08-30,0.8516416054124618
2011-08-31,0.9109663651544804
2011-09-01,0.9356451712547512
2011-09-02,0.8727458991749558
2011-09-06,0.8783507316699494
2011-09-07,0.887354778314318
2011-09-08,0.8776377683788767
2011-09-09,0.9014612540064713
2011-09-12,0.8529065195561765
2011-09-13,0.8834770989806036
2011-09-14,0.9147985634111522
2011-09-15,0.8561958270977349
2011-09-16,0.8823228316693018
2011-09-19,0.8181463387410212
2011-09-20,0.8798571036546015
2011-09-21,0.8714211797229287
2011-09-22,0.7543838440900446
2011-09-23,0.8232558979586411
2011-09-26,0.7687976704921412
2011-09-27,0.8840032837489791
2011-09-28,0.8164872019894198
2011-09-29,0.7642778684668493
2011-09-30,0.8451977190762187
2011-10-03,0.754596083396681
2011-10-04,0.7672099457807275
2011-10-05,0.8844967315400103
2011-10-06,0.7664980144260295
2011-10-07,0.8780994737904046
2011-10-10,0.8914254455255667
2011-10-11,0.8511624508588533
2011-10-12,0.8537939468457901
2011-10-13,0.8501648556800953
2011-10-14,0.8566305951400122
2011-10-17,0.8153776753591263
2011-10-18,0.8270648052276283
2011-10-19,0.8474989267504784
2011-10-20,0.8815295072000663
2011-10-21,0.8860308695482708
2011-10-24,0.825000101243792
2011-10-25,0.8447694733608517
2011-10-26,0.7953180052743073
2011-10-27,0.7738151803883245
2011-10-28,0.8214227511198351
2011-10-31,0.783740396282804
2011-11-01,0.8121998044112395
2011-11-02,0.8273553652912932
2011-11-03,0.8574802925833457
2011-11-04,0.8780042881466779
2011-11-07,0.8235864307510429
2011-11-08,0.8257776715675059
2011-11-09,0.7800162785671781
2011-11-10,0.8244349968077922
2011-11-11,0.7980113500960719
2011-11-14,0.7891885522236045
2011-11-15,0.7937371750157178
2011-11-16,0.7582949972815759
2011-11-17,0.7876368757805148
2011-11-18,0.7331958679887568
2011-11-21,0.7865339479769445
2011-11-22,0.7323036844952083
2011-11-23,0.6977560362222754
2011-11-25,0.7036535749898761
2011-11-28,0.7717921509969439
2011-11-29,0.7932431556258853
2011-11-30,0.7016185306447374
2011-12-01,0.7594593871789695
2011-12-02,0.7592288355820485
2011-12-05,0.6966048639881358
2011-12-06,0.6935844901738567
2011-12-07,0.7276161709668965
2011-12-08,0.7201122886263057
2011-12-09,0.7649193771596559
2011-12-12,0.656616072988907
2011-12-13,0.7241546881392218
2011-12-14,0.6578285430722095
2011-12-15,0.6612724394243417
2011-12-16,0.6938452893319665
2011-12-19,0.5922906278337086
2011-12-20,0.6000594645561221
2011-12-21,0.6278201850574381
2011-12-22,0.5961160905758706
2011-12-23,0.5960169174144352
2011-12-27,0.5945763614555655
2011-12-28,0.5262437360615124
2011-12-29,0.5631653357668829
2011-12-30,0.4945983133554975
2012-01-03,0.5307726361435287
2012-01-04,0.495523894545744
2012-01-05,0.5948385324032434
2012-01-06,0.5610362651106382
2012-01-09,0.5616829642475643
2012-01-10,0.5623876734701665
2012-01-11,0.6275134152353503
2012-01-12,0.594726074290711
2012-01-13,0.6597796247942334
2012-01-17,0.6279911197934677
2012-01-18,0.72831676128843
2012-01-19,0.6940261188876509
2012-01-20,0.6608188551792223
2012-01-23,0.6602262174844957
2012-01-24,0.7263995387946169
2012-01-25,0.6612156464331401
2012-01-26,0.5939424397103287
2012-01-27,0.5944006318881367
2012-01-30,0.6601539048800625
2012-01-31,0.6274067998052363
2012-02-01,0.5952382444106797
2012-02-02,0.5615336271764653
2012-02-03,0.595874198035263
2012-02-06,0.5612906695477669
2012-02-07,0.5617295626485305
2012-02-08,0.562085078344927
2012-02-09,0.5615437661238228
2012-02-10,0.560658022163774
2012-02-13,0.5293813917268791
2012-02-14,0.6932620257459337
2012-02-15,0.659621433907941
2012-02-16,0.6621201185408753
2012-02-17,0.5947931183767146
2012-02-21,0.6274395053597989
2012-02-22,0.6604475671839919
2012-02-23,0.6274940723227698
2012-02-24,0.7266299320754787
2012-02-27,0.7926589053231184
2012-02-28,0.8587483894628554
2012-02-29,0.9288848684909227
2012-03-01,0.8921905611873993
2012-03-02,0.9662653353147331
2012-03-05,0.8917950975241401
2012-03-06,0.8915829639634445
2012-03-07,0.8928168757294979
2012-03-08,0.8931695849599961
2012-03-09,0.7809434036307464
2012-03-12,0.7805691866599288
2012-03-13,0.7820921739363507
2012-03-14,0.706152621062527
2012-03-15,0.6693867024543506
2012-03-16,0.743502104823537
2012-03-19,0.7435731043515336
2012-03-20,0.7432020881291842
2012-03-21,0.7432227229484054
2012-03-22,0.7799304405725385
2012-03-23,0.7064771224439789
2012-03-26,0.7074469922160429
2012-03-27,0.7430366570821937
2012-03-28,0.7431287192487761
2012-03-29,0.743170390041525
2012-03-30,0.892952521486391
2012-04-02,1.042090789032545
2012-04-03,0.9294550396279067
2012-04-04,0.8910831010503455
2012-04-05,1.0035066362808447
2012-04-09,0.9282922832414102
2012-04-10,0.9683847386403867
2012-04-11,0.8538193975579377
2012-04-12,0.853770174768869
2012-04-13,0.8186858099051129
2012-04-16,0.7806084882186403
2012-04-17,0.7793088159780532
2012-04-18,0.8179930937301424
2012-04-19,0.7435824302343707
2012-04-20,0.8175753134254204
2012-04-23,0.74416784143716
2012-04-24,0.7428490496419418
2012-04-25,0.7044047901453329
2012-04-26,0.6678829750228699
2012-04-27,0.6687105748738081
2012-04-30,0.6698006577371077
2012-05-01,0.7412362144283924
2012-05-02,0.7071502637946673
2012-05-03,0.7084515286696984
2012-05-04,0.7872733091589997
2012-05-07,0.6688118493062272
2012-05-08,0.6699256620701753
2012-05-09,0.6704469615499172
2012-05-10,0.8170041170567455
2012-05-11,0.7443183295952146
2012-05-14,0.7465210052482638
2012-05-15,0.744874234039134
2012-05-16,0.7818569123305934
2012-05-17,0.7480316597624365
2012-05-18,0.7838519855035738
2012-05-21,0.7752314307347085
2012-05-22,0.7798831908290272
2012-05-23,0.7060145329970917
2012-05-24,0.9279893095788658
2012-05-25,0.8938779895988325
2012-05-29,0.8856419487536988
2012-05-30,0.8993617498872329
2012-05-31,0.8926878755992905
2012-06-01,0.9744424180053478
2012-06-04,0.9206623129326202
2012-06-05,0.997158888204989
2012-06-06,0.9818355868522612
2012-06-07,1.0870148906383252
2012-06-08,0.9967850962239984
2012-06-11,0.971694677046519
2012-06-12,0.9108700775577382
2012-06-13,0.9246095324444069
2012-06-14,0.9159389388412064
2012-06-15,0.9562496154077812
2012-06-18,1.0448255520623388
2012-06-19,0.9574032788329235
2012-06-20,1.1302042766432403
2012-06-21,1.1309564918084567
2012-06-22,1.2542623799062658
2012-06-25,1.216742886933623
2012-06-26,1.0440109072436057
2012-06-27,1.0433162308393402
2012-06-28,1.0047881082856995
2012-06-29,0.9972887647742806
2012-07-02,1.003561465902668
2012-07-03,1.0036182213765017
2012-07-05,1.0456344760095464
2012-07-06,1.0034389255739544
2012-07-09,0.8784800337805707
2012-07-10,0.8781395144428396
2012-07-11,0.8785481065578782
2012-07-12,0.8365686391942321
2012-07-13,0.8786114535730527
2012-07-16,0.7532157912246779
2012-07-17,0.8353662849623367
2012-07-18,0.792820673988247
2012-07-19,0.878343362051728
2012-07-20,0.8797057990072153
2012-07-23,0.8800819406161307
2012-07-24,0.8798813249464769
2012-07-25,0.7948228338241956
2012-07-26,0.8327573288152789
2012-07-27,0.8319921740179009
2012-07-30,0.8366805409948179
2012-07-31,0.8385657653883284
2012-08-01,0.8369084817503224
2012-08-02,0.8388707077595933
2012-08-03,0.8716832825127985
2012-08-06,0.8778256556288774
2012-08-07,0.8767832847042346
2012-08-08,0.8362708141137217
2012-08-09,0.8363878772521107
2012-08-10,0.8361313201058688
2012-08-13,0.7949890643150012
2012-08-14,0.836609219852626
2012-08-15,0.8361763501265447
2012-08-16,0.7920353631653682
2012-08-17,0.8361095232930915
2012-08-20,0.7529615105907433
2012-08-21,0.8379920609558744
2012-08-22,0.8364776080613728
2012-08-23,0.8403331186273485
2012-08-24,0.9175417798171082
2012-08-27,0.8783832731354543
2012-08-28,0.9626516157377474
2012-08-29,1.0035538153614585
2012-08-30,1.0081901145468608
2012-08-31,1.0010418923940783
2012-09-04,0.8789433443683399
2012-09-05,0.8789240783997602
2012-09-06,0.9504168116206912
2012-09-07,0.8757220391232721
2012-09-10,0.8825265313889218
2012-09-11,0.9181957762242734
2012-09-12,0.834183101505189
2012-09-13,0.9088027337443191
2012-09-14,0.9994410541523125
2012-09-17,1.0074482197887469
2012-09-18,0.9210446402142107
2012-09-19,0.919742273253421
2012-09-20,0.9620259151357679
2012-09-21,0.9625067022562125
2012-09-24,0.9636483960537323
2012-09-25,0.9311914814059294
2012-09-26,0.9684945631114117
2012-09-27,0.8688564282621165
2012-09-28,0.909526948828822
2012-10-01,0.9030292990609308
2012-10-02,0.9000926156657628
2012-10-03,0.8921903847681067
2012-10-04,0.9026576165617968
2012-10-05,0.9078029910401096
2012-10-08,0.9184085011468003
2012-10-09,0.9208897401127152
2012-10-10,0.9113241346311863
2012-10-11,0.9212308775578579
2012-10-12,0.9149635265662523
2012-10-15,0.9124896241110586
2012-10-16,0.9136870077224178
2012-10-17,0.9262502712000292
2012-10-18,0.9307090788372278
2012-10-19,0.9275157168606205
2012-10-22,0.9140890683898268
2012-10-23,0.9242883623761156
2012-10-24,0.9006609228440069
2012-10-25,0.8864162354553133
2012-10-26,0.8873753910784736
2012-10-31,0.8819024661297928
2012-11-01,0.8915819718751261
2012-11-02,0.9097150626197202
2012-11-05,0.9120606011822942
2012-11-06,0.9136186005576121
2012-11-07,0.9145519356126574
2012-11-08,0.8885760179752012
2012-11-09,0.8743252716205141
2012-11-12,0.8672575407396328
2012-11-13,0.8591545823597648
2012-11-14,0.8558983986389539
2012-11-15,0.84586190945457
2012-11-16,0.8394469147973823
2012-11-19,0.8426786455660635
2012-11-20,0.8524611627033875
2012-11-21,0.8551213886268669
2012-11-23,0.8530305122100922
2012-11-26,0.8613649202237622
2012-11-27,0.8634600975816079
2012-11-28,0.8590146369814593
2012-11-29,0.8713271447218337
2012-11-30,0.8756939824790347
2012-12-03,0.8740520528943075
2012-12-04,0.8727998024615065
2012-12-05,0.8733242148996051
2012-12-06,0.8758955274382689
2012-12-07,0.8768348327639706
2012-12-10,0.8898093201043115
2012-12-11,0.8916302077539052
2012-12-12,0.8971372430864637
2012-12-13,0.9080897670470897
2012-12-14,0.909122696653798
2012-12-17,0.9008734149050228
2012-12-18,0.9174240334615116
2012-12-19,0.9372205116866279
2012-12-20,0.9209908124020274
2012-12-21,0.9253604123219584
2012-12-24,0.9147740159051724
2012-12-26,0.9081238322916032
2012-12-27,0.9000406464772674
2012-12-28,1.319595240973967
2012-12-31,1.3078614688473906
2013-01-02,1.312732460005535
2013-01-03,1.3340603381439515
2013-01-04,1.3329839365844478
2013-01-07,1.3286020384302628
2013-01-08,1.3262674727951012
2013-01-09,1.327144203910192
2013-01-10,1.32831110794438
2013-01-11,1.3346272921126823
2013-01-14,1.3319090305802839
2013-01-15,1.3348836621303592
2013-01-16,1.3364474614701176
2013-01-17,1.3351910509081264
2013-01-18,1.336812199277604
2013-01-22,1.338615327208783
2013-01-23,1.3394038180367585
2013-01-24,1.344480906713578
2013-01-25,1.346301459209814
2013-01-28,1.3520524553960862
2013-01-29,1.3444496603407965
2013-01-30,1.3408385073575664
2013-01-31,1.3515070876406932
2013-02-01,1.3467898958509907
2013-02-04,1.3518952354728107
2013-02-05,1.341930254637424
2013-02-06,1.351108297614042
2013-02-07,1.3557533285034924
2013-02-08,1.3561903662286428
2013-02-11,1.35939743369689
2013-02-12,1.3614378045839646
2013-02-13,1.362996035848926
2013-02-14,1.3653286534249975
2013-02-15,1.3616713838509482
2013-02-19,1.365696917519083
2013-02-20,1.3643433476384703
2013-02-21,1.353351050739549
2013-02-22,1.3481951641225358
2013-02-25,1.3557159391565117
2013-02-26,1.3410477036103716
2013-02-27,1.3439071189827938
2013-02-28,1.3478411987645147
2013-03-01,1.337473059970114
2013-03-04,1.339321064524753
2013-03-05,1.3427128227453216
2013-03-06,1.3508626082199398
2013-03-07,1.358497934914371
2013-03-08,1.3626576327889786
2013-03-11,1.3663007052355625
2013-03-12,1.3738658126628822
2013-03-13,1.3732230057850239
2013-03-14,1.3754415186651285
2013-03-15,1.3782201231350015
2013-03-18,1.381413486258355
2013-03-19,1.3788320837823584
2013-03-20,1.381487534614493
2013-03-21,1.386165728796007
2013-03-22,1.3747432044021999
2013-03-25,1.3800676526978903
2013-03-26,1.3737002256001039
2013-03-27,1.3796399913305528
2013-03-28,1.3747783693536428
2013-04-01,1.3644162429809057
2013-04-02,1.3529047563531582
2013-04-03,1.3608993191817418
2013-04-04,1.357536326380911
2013-04-05,1.3663965123301636
2013-04-08,1.360973425334038
2013-04-09,1.3670518325605212
2013-04-10,1.376354916781415
2013-04-11,1.3935013041510773
2013-04-12,1.3956344583885913
2013-04-15,1.3816896513292005
2013-04-16,1.356024100420457
2013-04-17,1.3686717161887325
2013-04-18,1.358896814560172
2013-04-19,1.3511562912799382
2013-04-22,1.357554879587483
2013-04-23,1.3710277794211276
2013-04-24,1.3876568702374392
2013-04-25,1.3973703633759105
2013-04-26,1.3909092444784397
2013-04-29,1.390355214842074
2013-04-30,1.3985303798553608
2013-05-01,1.3957188173539041
2013-05-02,1.3874626521852522
2013-05-03,1.3965164084913246
2013-05-06,1.4078246346390273
2013-05-07,1.4072591048668952
2013-05-08,1.4171877104016293
2013-05-09,1.4287158020949287
2013-05-10,1.4340535647207142
2013-05-13,1.4320909375581186
2013-05-14,1.4447704652515931
2013-05-15,1.4469964333177494
2013-05-16,1.449890639508899
2013-05-17,1.4435439764370384
2013-05-20,1.469200049825279
2013-05-21,1.4622199981375594
2013-05-22,1.4545583488082048
2013-05-23,1.4472876912944175
2013-05-24,1.4408411156996257
2013-05-28,1.4434233824255298
2013-05-29,1.453838649676864
2013-05-30,1.4579998020257423
2013-05-31,1.4909815638265456
2013-06-03,1.4807514123767729
2013-06-04,1.4860359091092539
2013-06-05,1.4884745291080357
2013-06-06,1.476121125744648
2013-06-07,1.4814772487466985
2013-06-10,1.5001719657812616
2013-06-11,1.503959166878385
2013-06-12,1.502010872888432
2013-06-13,1.4932458928889798
2013-06-14,1.504015189786983
2013-06-17,1.492275016523642
2013-06-18,1.5069608662067853
2013-06-19,1.5180173609001468
2013-06-20,1.5044082204827693
2013-06-21,1.4682173517950203
2013-06-24,1.4694255754242775
2013-06-25,1.4660022426401633
2013-06-26,1.4664820363631617
2013-06-27,1.4873021794501788
2013-06-28,1.502502260598915
2013-07-01,1.5073817662731301
2013-07-02,1.509354206236386
2013-07-03,1.5073341728739096
2013-07-05,1.4987268724265053
2013-07-08,1.5231260153534094
2013-07-09,1.5353730097022125
2013-07-10,1.5484736964083774
2013-07-11,1.551149503817321
2013-07-12,1.5924567222277337
2013-07-15,1.6099237708445195
2013-07-16,1.6139034926099398
2013-07-17,1.6020490073220504
2013-07-18,1.6053370761392765
2013-07-19,1.601853334836674
2013-07-22,1.6092490007786644
2013-07-23,1.6256149940405866
2013-07-24,1.6161553660015942
2013-07-25,1.613249617777946
2013-07-26,1.6103711596512011
2013-07-29,1.6151612504519601
2013-07-30,1.6073514680919405
2013-07-31,1.614924532656444
2013-08-01,1.6164236320370222
2013-08-02,1.611303125181018
2013-08-05,1.62995731549654
2013-08-06,1.6107294269841181
2013-08-07,1.6122658511120318
2013-08-08,1.5870132232157357
2013-08-09,1.6041081227016558
2013-08-12,1.604642447544229
2013-08-13,1.583110093415476
2013-08-14,1.60670541812538
2013-08-15,1.6041383140541285
2013-08-16,1.5831361304043425
2013-08-19,1.5675681317573287
2013-08-20,1.5732538284804065
2013-08-21,1.5729339074235273
2013-08-22,1.5749116576858468
2013-08-23,1.5898810744090155
2013-08-26,1.6048283562382004
2013-08-27,1.5873634839498802
2013-08-28,1.565882223581897
2013-08-29,1.5786099533050226
2013-08-30,1.5712821246792248
2013-09-03,1.570577829544045
2013-09-04,1.5728575926967272
2013-09-05,1.5940164773946774
2013-09-06,1.5939780809389499
2013-09-09,1.5995680937454837
2013-09-10,1.6091694104578191
2013-09-11,1.6128262410770091
2013-09-12,1.6087948738960498
2013-09-13,1.6028102648109288
2013-09-16,1.595648841797753
2013-09-17,1.6132139863760417
2013-09-18,1.6056786103941334
2013-09-19,1.6272681568591554
2013-09-20,1.6083409735289842
2013-09-23,1.5959155405460035
2013-09-24,1.5991749647420523
2013-09-25,1.600482456006009
2013-09-26,1.5900284131469369
2013-09-27,1.5868066721012377
2013-09-30,1.5847293202741235
2013-10-01,1.5779074709295278
2013-10-02,1.6002924403248673
2013-10-03,1.5964303700261924
2013-10-04,1.5703203968001926
2013-10-07,1.5817164471282035
2013-10-08,1.5562665837084355
2013-10-09,1.5349417613908904
2013-10-10,1.5287894967381548
2013-10-11,1.5712822839787508
2013-10-14,1.5792641207911848
2013-10-15,1.5779716304294376
2013-10-16,1.5613893676006023
2013-10-17,1.56966682505049
2013-10-18,1.566908034972733
2013-10-21,1.5861782260547135
2013-10-22,1.5887742812771026
2013-10-23,1.6150721238537236
2013-10-24,1.604222376582154
2013-10-25,1.605813642421448
2013-10-28,1.615631757616899
2013-10-29,1.6120580515708411
2013-10-30,1.6096163398132177
2013-10-31,1.6122630754727234
2013-11-01,1.6192893750186115
2013-11-04,1.6491693222290875
2013-11-05,1.652296296357753
2013-11-06,1.6218956470152295
2013-11-07,1.6552259056546925
2013-11-08,1.6307429614232059
2013-11-11,1.6734449315879059
2013-11-12,1.6697250394493461
2013-11-13,1.6872680220473253
2013-11-14,1.6886603996835323
2013-11-15,1.70279293095204
2013-11-18,1.6984087921220596
2013-11-19,1.6919039691321667
2013-11-20,1.707865923201891
2013-11-21,1.6914363767352751
2013-11-22,1.69360940853667
2013-11-25,1.7025921448503172
2013-11-26,1.6970350908018692
2013-11-27,1.7079225940134628
2013-11-29,1.722978064315747
2013-12-02,1.710428941900605
2013-12-03,1.713378678959559
2013-12-04,1.698380310996689
2013-12-05,1.6937677432745712
2013-12-06,1.6527197122888106
2013-12-09,1.684048152625203
2013-12-10,1.6906835754657792
2013-12-11,1.6730182071220925
2013-12-12,1.652801755933804
2013-12-13,1.6508959507667402
2013-12-16,1.654724922547495
2013-12-17,1.662392210906827
2013-12-18,1.6384449982860536
2013-12-19,1.6624269515181498
2013-12-20,1.6680256885757163
2013-12-23,1.6953794134971047
2013-12-24,1.7087852277641835
2013-12-26,1.704306033440042
2013-12-27,1.7252948026057098
2013-12-30,1.7218272217178372
2013-12-31,1.7165829632837808
2014-01-02,1.721937878109258
2014-01-03,1.7174028889235093
2014-01-06,1.7143111373968478
2014-01-07,1.7125912230494034
2014-01-08,1.731018230496518
2014-01-09,1.7088751707048784
2014-01-10,1.6992557715620293
2014-01-13,1.700251016753595
2014-01-14,1.68370709766484
2014-01-15,1.7004980802511587
2014-01-16,1.7054154981924414
2014-01-17,1.7033271599125013
2014-01-21,1.7103908543167903
2014-01-22,1.7225637988788507
2014-01-23,1.722187797846369
2014-01-24,1.7045772495859906
2014-01-27,1.6722113979071485
2014-01-28,1.667465375341604
2014-01-29,1.6721930562829226
2014-01-30,1.662514340884077
2014-01-31,1.6721211767198654
2014-02-03,1.6621614953336192
2014-02-04,1.6236613363670056
2014-02-05,1.6245831053005426
2014-02-06,1.622933674372249
2014-02-07,1.6472851858521425
2014-02-10,1.6718159517131286
2014-02-11,1.67479629034254
2014-02-12,1.690067252149289
2014-02-13,1.705291832342673
2014-02-14,1.6968775372358307
2014-02-18,1.7295426643842566
2014-02-19,1.7612413587934148
2014-02-20,1.7556444706939365
2014-02-21,1.7538565426969193
2014-02-24,1.755247161744674
2014-02-25,1.763920378610787
2014-02-26,1.7725247903014953
2014-02-27,1.794200078167271
2014-02-28,1.7782129452736255
2014-03-03,1.7955058950036349
2014-03-04,1.78651199582058
2014-03-05,1.8005925533309475
2014-03-06,1.8047053087705436
2014-03-07,1.819153045564423
2014-03-10,1.8143447807081694
2014-03-11,1.7992849606572132
2014-03-12,1.8042768130117222
2014-03-13,1.8028973617456654
2014-03-14,1.8042235375655684
2014-03-17,1.7885246897893483
2014-03-18,1.8192809557467182
2014-03-19,1.8356926487846164
2014-03-20,1.8150157457392662
2014-03-21,1.8282565681399072
2014-03-24,1.8111864725225149
2014-03-25,1.7926923844301959
2014-03-26,1.7779951588354141
2014-03-27,1.768457987867521
2014-03-28,1.7634686607919667
2014-03-31,1.7769590832043838
2014-04-01,1.7992399123781024
2014-04-02,1.8129082352616297
2014-04-03,1.8143782950058158
2014-04-04,1.8059894443209932
2014-04-07,1.7841741578371666
2014-04-08,1.7831885048656357
2014-04-09,1.7683949765225986
2014-04-10,1.7773616931045293
2014-04-11,1.7383839541688986
2014-04-14,1.724158153311671
2014-04-15,1.7310634763393202
2014-04-16,1.7263476260512487
2014-04-17,1.7359940290623241
2014-04-21,1.72865600252335
2014-04-22,1.7394629330060396
2014-04-23,1.7496364577772798
2014-04-24,1.7411101298612315
2014-04-25,1.7267328485192879
2014-04-28,1.7026656020214805
2014-04-29,1.7017779147433554
2014-04-30,1.700576500705015
2014-05-01,1.7092806210070317
2014-05-02,1.7210406955044804
2014-05-05,1.7108748201861979
2014-05-06,1.703571273686402
2014-05-07,1.6712772515703707
2014-05-08,1.6743638837552826
2014-05-09,1.6832888226278213
2014-05-12,1.7054141398110945
2014-05-13,1.6869383104771598
2014-05-14,1.672756094334391
2014-05-15,1.668828989265233
2014-05-16,1.6486588539172418
2014-05-19,1.6574263831806604
2014-05-20,1.6469311129615007
2014-05-21,1.6354726880022583
2014-05-22,1.6393361243548288
2014-05-23,1.6379071863447627
2014-05-27,1.637759203969571
2014-05-28,1.6244461836645916
2014-05-29,1.6238479761080065
2014-05-30,1.6218788679597227
2014-06-02,1.6063857996227795
2014-06-03,1.6011296287949999
2014-06-04,1.6000387194843864
2014-06-05,1.6202604378569192
2014-06-06,1.6288582975615333
2014-06-09,1.6499286562494062
2014-06-10,1.6482437626234032
2014-06-11,1.651553156052852
2014-06-12,1.6498049019958945
2014-06-13,1.649165081754871
2014-06-16,1.646413717701237
2014-06-17,1.6487937889334918
2014-06-18,1.6589583231693277
2014-06-19,1.6533934913451538
2014-06-20,1.6495869584441518
2014-06-23,1.6563849137373443
2014-06-24,1.6464013206659722
2014-06-25,1.6403938368702642
2014-06-26,1.6565902672289394
2014-06-27,1.6486184825187857
2014-06-30,1.650482927861383
2014-07-01,1.6516414023504513
2014-07-02,1.6675353109649227
2014-07-03,1.6797645322618981
2014-07-07,1.6618955548600238
2014-07-08,1.631614371553006
2014-07-09,1.6104573351131093
2014-07-10,1.6107666925302588
2014-07-11,1.6071445276043963
2014-07-14,1.6011568415405177
2014-07-15,1.5983128966283697
2014-07-16,1.5971574760867522
2014-07-17,1.6036732558280458
2014-07-18,1.5865854991203137
2014-07-21,1.6045792045833094
2014-07-22,1.6068366264881233
2014-07-23,1.6048416778017662
2014-07-24,1.610872019412521
2014-07-25,1.6064875165718775
2014-07-28,1.5862272421215464
2014-07-29,1.6175072378686222
2014-07-30,1.6026699793599615
2014-07-31,1.6132798198201421
2014-08-01,1.5823003160369467
2014-08-04,1.5862835896404497
2014-08-05,1.6255129807438615
2014-08-06,1.6199677624253088
2014-08-07,1.6203567743823282
2014-08-08,1.6158324024184116
2014-08-11,1.6428977839761199
2014-08-12,1.6297417903959661
2014-08-13,1.6212450493646082
2014-08-14,1.6313176045933466
2014-08-15,1.63284154676715
2014-08-18,1.6317251969453117
2014-08-19,1.6479278986926928
2014-08-20,1.641214798113724
2014-08-21,1.6393473583211857
2014-08-22,1.6450178519311356
2014-08-25,1.63337624657556
2014-08-26,1.6513321727025683
2014-08-27,1.6379874774050212
2014-08-28,1.62164935637845
2014-08-29,1.6277836190090402
2014-09-02,1.6311544779981595
2014-09-03,1.6156648852674593
2014-09-04,1.617166150593441
2014-09-05,1.603308104575461
2014-09-08,1.607966970677442
2014-09-09,1.5932201593748962
2014-09-10,1.5754604088492012
2014-09-11,1.5853106885532557
2014-09-12,1.608710660312403
2014-09-15,1.5825907476345173
2014-09-16,1.5683604645500657
2014-09-17,1.570419812131051
2014-09-18,1.553052652914321
2014-09-19,1.549684622339423
2014-09-22,1.5300549993562012
2014-09-23,1.5194654723382166
2014-09-24,1.4927254964961738
2014-09-25,1.5058461881371765
2014-09-26,1.4857575132385674
2014-09-29,1.494925307170565
2014-09-30,1.4922859282768672
2014-10-01,1.4820767361777205
2014-10-02,1.4784217680304264
2014-10-03,1.4574542259235164
2014-10-06,1.4647579815828762
2014-10-07,1.4543593173119636
2014-10-08,1.4283471653662796
2014-10-09,1.4457970650644878
2014-10-10,1.408670071676715
2014-10-13,1.4027548611958114
2014-10-14,1.3976570268821225
2014-10-15,1.4337186765838397
2014-10-16,1.47372501446312
2014-10-17,1.507139016469864
2014-10-20,1.533211724423559
2014-10-21,1.5129831298009861
2014-10-22,1.5156125544109273
2014-10-23,1.512517790798085
2014-10-24,1.5122187636836901
2014-10-27,1.5167642082051234
2014-10-28,1.5382988506996143
2014-10-29,1.5465547469011678
2014-10-30,1.5348722425380548
2014-10-31,1.5483401733147801
2014-11-03,1.5604827110694435
2014-11-04,1.5832501992664434
2014-11-05,1.577818299454695
2014-11-06,1.5649949600649764
2014-11-07,1.5849778781112271
2014-11-10,1.5811521115601015
2014-11-11,1.5722101751017146
2014-11-12,1.5908798885077804
2014-11-13,1.5749484277968908
2014-11-14,1.5829806706277716
2014-11-17,1.5690394803292362
2014-11-18,1.5619623776545442
2014-11-19,1.5582823471005156
2014-11-20,1.5687930667872887
2014-11-21,1.568803854869845
2014-11-24,1.5895583056695632
2014-11-25,1.5878661292701768
2014-11-26,1.5831378191727221
2014-11-28,1.5662136465666388
2014-12-01,1.5478838090477491
2014-12-02,1.524767843049219
2014-12-03,1.5344067636484857
2014-12-04,1.533369728338189
2014-12-05,1.5617988825471552
2014-12-08,1.5532008184188164
2014-12-09,1.5572641132289575
2014-12-10,1.5449788431928964
2014-12-11,1.535921238529373
2014-12-12,1.550972858332727
2014-12-15,1.5337752922036598
2014-12-16,1.5307557792681659
2014-12-17,1.531734605843148
2014-12-18,1.5420689551794855
2014-12-19,1.57652819996925
2014-12-22,1.5746057150566128
2014-12-23,1.5814605787205491
2014-12-24,1.579045516571505
2014-12-26,1.5781106793393411
2014-12-29,1.586867602192762
2014-12-30,1.5926428680245641
2014-12-31,1.5881491945289483
2015-01-02,1.5700920833372827
2015-01-05,1.5730700766869075
2015-01-06,1.547876670923379
2015-01-07,1.547152785934515
2015-01-08,1.5541788229728157
2015-01-09,1.5701933079665484
2015-01-12,1.5669905195037785
2015-01-13,1.5544707429008169
2015-01-14,1.5551773837214162
2015-01-15,1.5326095912056883
2015-01-16,1.518338632748158
2015-01-20,1.5178715028140748
2015-01-21,1.517708919444486
2015-01-22,1.5238795436517711
2015-01-23,1.5392873795095343
2015-01-26,1.538247312501534
2015-01-27,1.548933162022437
2015-01-28,1.5332935698511094
2015-01-29,1.520757317893791
2015-01-30,1.5241480522045716
2015-02-02,1.5103894011620376
2015-02-03,1.5459096124124612
2015-02-04,1.5624907313212795
2015-02-05,1.5558021679813534
2015-02-06,1.5642703678552168
2015-02-09,1.5747215123948568
2015-02-10,1.5548245662771403
2015-02-11,1.5667905448878412
2015-02-12,1.5634358658316994
2015-02-13,1.5708251254071197
2015-02-17,1.5746417996904056
2015-02-18,1.5801153280262732
2015-02-19,1.5843346788508212
2015-02-20,1.5770217506129995
2015-02-23,1.5743039213838455
2015-02-24,1.5797442096038514
2015-02-25,1.5850142737132382
2015-02-26,1.595030599615594
2015-02-27,1.590736725315026
2015-03-02,1.5877293185995849
2015-03-03,1.5789671163022345
2015-03-04,1.5800455740947181
2015-03-05,1.5714845554252284
2015-03-06,1.5788151967876778
2015-03-09,1.5521971339835539
2015-03-10,1.554320202861827
2015-03-11,1.5415982779602628
2015-03-12,1.5371816779686083
2015-03-13,1.5535610983614636
2015-03-16,1.5354000701882753
2015-03-17,1.545365403452314
2015-03-18,1.5441461702327037
2015-03-19,1.5561292688458748
2015-03-20,1.5487628731340064
2015-03-23,1.5648717813337665
2015-03-24,1.5680360810086442
2015-03-25,1.5566353962408677
2015-03-26,1.5357579533136156
2015-03-27,1.533025459720342
2015-03-30,1.526705014561543
2015-03-31,1.5477395475946594
2015-04-01,1.545123495181665
2015-04-02,1.5400785173521037
2015-04-06,1.554516018604384
2015-04-07,1.5754016715534636
2015-04-08,1.5615140063200514
2015-04-09,1.5537069321619206
2015-04-10,1.5517759232897785
2015-04-13,1.5593113327407013
2015-04-14,1.5542385592476473
2015-04-15,1.5814516935025755
2015-04-16,1.5825244570887749
2015-04-17,1.5820363284041787
2015-04-20,1.5641206058957278
2015-04-21,1.5675142326995564
2015-04-22,1.5564404763369997
2015-04-23,1.5672122009050478
2015-04-24,1.5617312901094318
2015-04-27,1.5616420358094047
2015-04-28,1.554468453815201
2015-04-29,1.556477688203963
2015-04-30,1.5517295666546158
2015-05-01,1.5234512912004026
2015-05-04,1.535907150592268
2015-05-05,1.5440832245498424
2015-05-06,1.520044998468384
2015-05-07,1.5199478313824606
2015-05-08,1.5058698431924302
2015-05-11,1.53039339578724
2015-05-12,1.5010263365586092
2015-05-13,1.4908299822006124
2015-05-14,1.4756465584862355
2015-05-15,1.4770602123305085
2015-05-18,1.479301438957209
2015-05-19,1.4716965768229318
2015-05-20,1.4700297152424509
2015-05-21,1.4697360005646536
2015-05-22,1.4742752356201856
2015-05-26,1.4635989113194632
2015-05-27,1.4452887929708955
2015-05-28,1.4553943872481967
2015-05-29,1.479202796739221
2015-06-01,1.4835246356669112
2015-06-02,1.4817757830458327
2015-06-03,1.473096284226015
2015-06-04,1.4776458041751723
2015-06-05,1.4705525231690044
2015-06-08,1.4606375249348735
2015-06-09,1.461267943825062
2015-06-10,1.4537724187788867
2015-06-11,1.4741352622486044
2015-06-12,1.494977607480583
2015-06-15,1.4910225473338574
2015-06-16,1.488717529743742
2015-06-17,1.4936155648044473
2015-06-18,1.491284993909404
2015-06-19,1.5033199023169819
2015-06-22,1.4929694989009028
2015-06-23,1.5040075999217581
2015-06-24,1.5023392937276123
2015-06-25,1.491562394083683
2015-06-26,1.4766371894091865
2015-06-29,1.473522658207172
2015-06-30,1.4401126352170963
2015-07-01,1.4227242180509112
2015-07-02,1.4283251743920413
2015-07-06,1.4249998349360053
2015-07-07,1.4176916149074532
2015-07-08,1.4250134093577222
2015-07-09,1.4076668873034386
2015-07-10,1.4040869131852813
2015-07-13,1.4146954179812885
2015-07-14,1.4289402580903219
2015-07-15,1.4234043979743767
2015-07-16,1.4119753540801645
2015-07-17,1.4072584666975412
2015-07-20,1.396545680616837
2015-07-21,1.3996666086253322
2015-07-22,1.3975379745617906
2015-07-23,1.3964470541772191
2015-07-24,1.3732036799659482
2015-07-27,1.355513956906943
2015-07-28,1.3518125217456383
2015-07-29,1.3587457397396248
2015-07-30,1.370309300793279
2015-07-31,1.357560891930544
2015-08-03,1.339237774049904
2015-08-04,1.3313937541954415
2015-08-05,1.340181835808471
2015-08-06,1.345444758826913
2015-08-07,1.3391882640398176
2015-08-10,1.336840434088187
2015-08-11,1.3522382183044908
2015-08-12,1.345071188466377
2015-08-13,1.3446295553686816
2015-08-14,1.3371215985493947
2015-08-17,1.341366662371104
2015-08-18,1.3335186255706206
2015-08-19,1.3310484125651834
2015-08-20,1.3298714124159392
2015-08-21,1.3284865829854455
2015-08-24,1.2927614062989268
2015-08-25,1.2662127297079073
2015-08-26,1.2447860881443755
2015-08-27,1.2884076577616184
2015-08-28,1.324590961548133
2015-08-31,1.341514876703466
2015-09-01,1.3339982498743825
2015-09-02,1.3044093625562565
2015-09-03,1.3195679836957093
2015-09-04,1.3261593493742052
2015-09-08,1.3149142411742074
2015-09-09,1.3330876209327307
2015-09-10,1.3176638284736208
2015-09-11,1.314295242696803
2015-09-14,1.31090552736092
2015-09-15,1.2988004147430494
2015-09-16,1.313443308365128
2015-09-17,1.3160203902812289
2015-09-18,1.3144494077937678
2015-09-21,1.2990157279986985
2015-09-22,1.2952162912368839
2015-09-23,1.2848108332626142
2015-09-24,1.296003505081831
2015-09-25,1.284402497822766
2015-09-28,1.2813762387229717
2015-09-29,1.2626563416212429
2015-09-30,1.2604854591729997
2015-10-01,1.2801512399765147
2015-10-02,1.2877661973859074
2015-10-05,1.3199761883763739
2015-10-06,1.3668334397090751
2015-10-07,1.3659338763227882
2015-10-08,1.3965594299733088
2015-10-09,1.4053136805267583
2015-10-12,1.3914977418640402
2015-10-13,1.3896577512583446
2015-10-14,1.3810403171733674
2015-10-15,1.3785387952321422
2015-10-16,1.3874774028857892
2015-10-19,1.3945997469993516
2015-10-20,1.403524425710564
2015-10-21,1.3890017555627459
2015-10-22,1.3824101319401805
2015-10-23,1.3971288098298997
2015-10-26,1.398013264771602
2015-10-27,1.37977870284685
2015-10-28,1.3949732726004003
2015-10-29,1.3864158667952808
2015-10-30,1.3915576473183617
2015-11-02,1.3919297381159725
2015-11-03,1.4088324356946915
2015-11-04,1.4084600984802782
2015-11-05,1.4121262224459488
2015-11-06,1.4196460319618431
2015-11-09,1.4162893671991434
2015-11-10,1.4062532857911458
2015-11-11,1.3970929639877236
2015-11-12,1.3865434019535066
2015-11-13,1.3792589197561986
2015-11-16,1.3641490054298406
2015-11-17,1.3708827078684351
2015-11-18,1.3718548170989038
2015-11-19,1.3784283445707235
2015-11-20,1.3712506903061814
2015-11-23,1.3837668535292877
2015-11-24,1.3898476227585599
2015-11-25,1.3981991035588879
2015-11-27,1.391700153751831
2015-11-30,1.4039335996789297
2015-12-01,1.387410067675232
2015-12-02,1.3975082832456276
2015-12-03,1.3914961717820016
2015-12-04,1.3606949937944628
2015-12-07,1.3688412724318575
2015-12-08,1.3506944312150027
2015-12-09,1.3425324208139098
2015-12-10,1.3426336456631107
2015-12-11,1.338111477069516
2015-12-14,1.3115752343481337
2015-12-15,1.3296424239934475
2015-12-16,1.3397406570955919
2015-12-17,1.349785902723056
2015-12-18,1.3421896556115946
2015-12-21,1.3239301141657995
2015-12-22,1.3392119566688163
2015-12-23,1.35523755025837
2015-12-24,1.3686517897654116
2015-12-28,1.3586172980952558
2015-12-29,1.3545963868936093
2015-12-30,1.3590364960633128
2015-12-31,1.3507121631655534
2016-01-04,1.3452401622671213
2016-01-05,1.3288007405628284
2016-01-06,1.314773975745469
2016-01-07,1.2999651036742401
2016-01-08,1.2727703458712103
2016-01-11,1.2566396811654683
2016-01-12,1.2496913706223198
2016-01-13,1.2426133232880612
2016-01-14,1.2336137916073269
2016-01-15,1.2314126207603953
2016-01-19,1.203084096603473
2016-01-20,1.2166180782627403
2016-01-21,1.2176378235494985
2016-01-22,1.2262896755914725
2016-01-25,1.234753975382782
2016-01-26,1.243150156407652
2016-01-27,1.2475563875718
2016-01-28,1.2442470782298218
2016-01-29,1.252801587849059
2016-02-01,1.2656785924929954
2016-02-02,1.2551941526713541
2016-02-03,1.2516060619655143
2016-02-04,1.2678385317955359
2016-02-05,1.2614857700953281
2016-02-08,1.2502843311358327
2016-02-09,1.2280595257569304
2016-02-10,1.2279490349137
2016-02-11,1.2250783007370956
2016-02-12,1.2169112995065146
2016-02-16,1.2409488792604901
2016-02-17,1.2557697796831835
2016-02-18,1.2728778012148492
2016-02-19,1.2659844827195161
2016-02-22,1.2691172330133904
2016-02-23,1.2836803272229285
2016-02-24,1.2787758129347158
2016-02-25,1.2912261010746864
2016-02-26,1.3088972602231355
2016-02-29,1.3196236949429543
2016-03-01,1.3032159534658379
2016-03-02,1.3458666657747156
2016-03-03,1.365672496575947
2016-03-04,1.3783987795183927
2016-03-07,1.4066546203785035
2016-03-08,1.3852494794281998
2016-03-09,1.376174059512185
2016-03-10,1.382634266511395
2016-03-11,1.3843507742828378
2016-03-14,1.3870917624195713
2016-03-15,1.3741739604817689
2016-03-16,1.370255535608299
2016-03-17,1.3858372064349878
2016-03-18,1.3926048837259022
2016-03-21,1.3971771266323219
2016-03-22,1.3892548484564258
2016-03-23,1.368888618092923
2016-03-24,1.3690588807697324
2016-03-28,1.3703456886734728
2016-03-29,1.3718358807243398
2016-03-30,1.3784405864148814
2016-03-31,1.3905985748594676
2016-04-01,1.372099589464851
2016-04-04,1.3689671405251782
2016-04-05,1.3753973800401675
2016-04-06,1.3581120062046246
2016-04-07,1.3632566858795268
2016-04-08,1.3590666851636086
2016-04-11,1.3682880142788874
2016-04-12,1.3787228030314702
2016-04-13,1.413677604841126
2016-04-14,1.4265697178839325
2016-04-15,1.4423888323029752
2016-04-18,1.4303980024233116
2016-04-19,1.4454861214334611
2016-04-20,1.4550316291364969
2016-04-21,1.4535907341799221
2016-04-22,1.4644396008963851
2016-04-25,1.4545502642305128
2016-04-26,1.4728246173307376
2016-04-27,1.4931348263588728
2016-04-28,1.494423748533256
2016-04-29,1.4744933653116254
2016-05-02,1.4519862667193215
2016-05-03,1.456125602971573
2016-05-04,1.4399669313811132
2016-05-05,1.4211800941208992
2016-05-06,1.437948838143152
2016-05-09,1.4282003918166126
2016-05-10,1.422021989150746
2016-05-11,1.4395920779536315
2016-05-12,1.4090789505283172
2016-05-13,1.398329590092532
2016-05-16,1.3849504060572757
2016-05-17,1.4086852819366686
2016-05-18,1.3841502443972187
2016-05-19,1.3756469790139187
2016-05-20,1.374617088758718
2016-05-23,1.3894571576292472
2016-05-24,1.3782915824450883
2016-05-25,1.4069831063225313
2016-05-26,1.406578170675693
2016-05-27,1.4098875840403289
2016-05-31,1.4273993945543109
2016-06-01,1.420761267804382
2016-06-02,1.4392182496992898
2016-06-03,1.4471829636157816
2016-06-06,1.4553407622634191
2016-06-07,1.4699863884143636
2016-06-08,1.477258196754308
2016-06-09,1.4537216495836751
2016-06-10,1.4302064008042559
2016-06-13,1.4115585579855212
2016-06-14,1.3893713105131744
2016-06-15,1.3939301399192248
2016-06-16,1.3829835527782288
2016-06-17,1.423281980589218
2016-06-20,1.4100400968021716
2016-06-21,1.411192015783563
2016-06-22,1.4055008216170357
2016-06-23,1.4058721545028687
2016-06-24,1.4507338641056506
2016-06-27,1.3567959133976535
2016-06-28,1.3266755296192536
2016-06-29,1.3592629085118952
2016-06-30,1.3798862778284984
2016-07-01,1.3990293618951586
2016-07-05,1.3887207034461044
2016-07-06,1.3793699303351017
2016-07-07,1.3879394045152142
2016-07-08,1.3939681889474178
2016-07-11,1.4143132150736508
2016-07-12,1.427264176708453
2016-07-13,1.430989714862018
2016-07-14,1.4227436370260342
2016-07-15,1.4319351844931045
2016-07-18,1.4326325418945745
2016-07-19,1.432357250220202
2016-07-20,1.4379766585291889
2016-07-21,1.4447076675006458
2016-07-22,1.4346478594390708
2016-07-25,1.4425798245724089
2016-07-26,1.4437869476171283
2016-07-27,1.445049686781674
2016-07-28,1.4301611233642253
2016-07-29,1.4318938686039564
2016-08-01,1.4293123030682855
2016-08-02,1.4222829701474307
2016-08-03,1.4193777233629747
2016-08-04,1.4131354711583939
2016-08-05,1.42429770452602
2016-08-08,1.4408557668733535
2016-08-09,1.4301827751025102
2016-08-10,1.427376317108067
2016-08-11,1.4262627267220214
2016-08-12,1.4339025638296432
2016-08-15,1.445814902565819
2016-08-16,1.4500188963011065
2016-08-17,1.4357226892853299
2016-08-18,1.4500614533428529
2016-08-19,1.4588211565968023
2016-08-22,1.4568804981349384
2016-08-23,1.4620072237103408
2016-08-24,1.463079700229182
2016-08-25,1.4564687024382594
2016-08-26,1.4512695617571916
2016-08-29,1.448604601031413
2016-08-30,1.4537171143137442
2016-08-31,1.460708133024332
2016-09-01,1.4568336518111704
2016-09-02,1.4611920333682593
2016-09-06,1.4627938766682802
2016-09-07,1.4766221021577886
2016-09-08,1.494981212109207
2016-09-09,1.4984463496558194
2016-09-12,1.4482235564271706
2016-09-13,1.4740574364880343
2016-09-14,1.451362568854182
2016-09-15,1.443560040066726
2016-09-16,1.4588944867576088
2016-09-19,1.4517334636923696
2016-09-20,1.442867040026582
2016-09-21,1.4316271841712729
2016-09-22,1.4513920570322816
2016-09-23,1.4594597148212163
2016-09-26,1.457275121301823
2016-09-27,1.4375826870024084
2016-09-28,1.4494685347396097
2016-09-29,1.4611001917325823
2016-09-30,1.4504046285277108
2016-10-03,1.4626751278179855
2016-10-04,1.4596292910898976
2016-10-05,1.463117160023497
2016-10-06,1.4651884078576305
2016-10-07,1.4629758397128847
2016-10-10,1.4722677713816343
2016-10-11,1.4857804253877906
2016-10-12,1.4669176874133691
2016-10-13,1.463462060001675
2016-10-14,1.454607145934791
2016-10-17,1.4571628235377687
2016-10-18,1.4504099115035922
2016-10-19,1.4737964977014426
2016-10-20,1.4802424646423908
2016-10-21,1.4694084613290035
2016-10-24,1.4593072210634646
2016-10-25,1.4621097297927204
2016-10-26,1.449637097129115
2016-10-27,1.4358274359916372
2016-10-28,1.42381286816774
2016-10-31,1.401869754469279
2016-11-01,1.4017071106233518
2016-11-02,1.3745226404022404
2016-11-03,1.3647727270650856
2016-11-04,1.3637305677190488
2016-11-07,1.3545807557041385
2016-11-08,1.3783572607628956
2016-11-09,1.4107255849931613
2016-11-10,1.4414736529513628
2016-11-11,1.4668877235769349
2016-11-14,1.4802200103886625
2016-11-15,1.4715379895918999
2016-11-16,1.4872465240018757
2016-11-17,1.480124771885908
2016-11-18,1.4950220056829033
2016-11-21,1.494965737037409
2016-11-22,1.516351695526707
2016-11-23,1.531458983767325
2016-11-25,1.5245113811591924
2016-11-28,1.5241454320612493
2016-11-29,1.502840393469461
2016-11-30,1.5364702700848507
2016-12-01,1.5473881660566393
2016-12-02,1.5332798329452277
2016-12-05,1.5404045219549054
2016-12-06,1.5640209261068045
2016-12-07,1.5665988999168219
2016-12-08,1.6513193616875388
2016-12-09,1.6746124565004263
2016-12-12,1.6719075106835313
2016-12-13,1.651451053317057
2016-12-14,1.6613379410322575
2016-12-15,1.6419033179568177
2016-12-16,1.6479338662805763
2016-12-19,1.6495067336510199
2016-12-20,1.6630016126687033
2016-12-21,1.6667012855962464
2016-12-22,1.6348000288435707
2016-12-23,1.629795561614907
2016-12-27,1.635171561506835
2016-12-28,1.6404587451439088
2016-12-29,1.6203040363838934
2016-12-30,1.6220360303116577
2017-01-03,1.6262971119483227
2017-01-04,1.6470391235507382
2017-01-05,1.6430276288874492
2017-01-06,1.6326326004175356
2017-01-09,1.6313778522873945
2017-01-10,1.6379204341967597
2017-01-11,1.6454371600979176
2017-01-12,1.6441053536780097
2017-01-13,1.6501931054059222
2017-01-17,1.6580004031675517
2017-01-18,1.6417777665672493
2017-01-19,1.6355214585247133
2017-01-20,1.6279201853286056
2017-01-23,1.6269955104500848
2017-01-24,1.6269921137300953
2017-01-25,1.643393963564621
2017-01-26,1.6531630119874097
2017-01-27,1.636863718965587
2017-01-30,1.6314645905409972
2017-01-31,1.626125679064488
2017-02-01,1.6217765077916413
2017-02-02,1.6255954502124028
2017-02-03,1.6237612516818896
2017-02-06,1.6200856846872491
2017-02-07,1.6014027136141806
2017-02-08,1.6000012013119427
2017-02-09,1.600574818207512
2017-02-10,1.6187179809711092
2017-02-13,1.6073534413855461
2017-02-14,1.6151370613222484
2017-02-15,1.6162842179467851
2017-02-16,1.61609718609758
2017-02-17,1.6076599385871815
2017-02-21,1.6310141734960912
2017-02-22,1.6428997134528485
2017-02-23,1.626030954719234
2017-02-24,1.6089861493501736
2017-02-27,1.6226308778344944
2017-02-28,1.6128247692831854
2017-03-01,1.6033269062618025
2017-03-02,1.6329333182729608
2017-03-03,1.6161385365743588
2017-03-06,1.6058433639957579
2017-03-07,1.5909543363380467
2017-03-08,1.5809901963842115
2017-03-09,1.566570337179472
2017-03-10,1.5709856919974219
2017-03-13,1.5746952058440757
2017-03-14,1.5689762720141396
2017-03-15,1.5702393184663315
2017-03-16,1.5979983186240971
2017-03-17,1.602051883278352
2017-03-20,1.5903367986464096
2017-03-21,1.5916334369256473
2017-03-22,1.560239166550867
2017-03-23,1.5661499980094442
2017-03-24,1.5662810461358434
2017-03-27,1.5724873494713587
2017-03-28,1.5768764327328177
2017-03-29,1.6120278647092474
2017-03-30,1.617392187933752
2017-03-31,1.6428716148961067
2017-04-03,1.622106765083193
2017-04-04,1.5992593490672666
2017-04-05,1.5938175122365268
2017-04-06,1.604691415500255
2017-04-07,1.605144624697224
2017-04-10,1.6170624660889705
2017-04-11,1.6321252210988941
2017-04-12,1.619454184448145
2017-04-13,1.608666844352863
2017-04-17,1.5836479559345247
2017-04-18,1.6102358838348887
2017-04-19,1.604594312437037
2017-04-20,1.5992367772876175
2017-04-21,1.6103843810258318
2017-04-24,1.5942339501242093
2017-04-25,1.6123868116764957
2017-04-26,1.6337311236981291
2017-04-27,1.6244965901149233
2017-04-28,1.618452672432699
2017-05-01,1.6128543218381972
2017-05-02,1.612908445504245
2017-05-03,1.616151540056365
2017-05-04,1.596678709470952
2017-05-05,1.6135881156718048
2017-05-08,1.6197582791546057
2017-05-09,1.6245780351440866
2017-05-10,1.6331581087634064
2017-05-11,1.6195391499774192
2017-05-12,1.5893848119213538
2017-05-15,1.577601076680315
2017-05-16,1.5920092333880418
2017-05-17,1.6024930594545017
2017-05-18,1.569034862672336
2017-05-19,1.5834401097688018
2017-05-22,1.589432280387252
2017-05-23,1.596457521100869
2017-05-24,1.599872691230639
2017-05-25,1.592240987886346
2017-05-26,1.598857792154637
2017-05-30,1.610640254204367
2017-05-31,1.6076798636810616
2017-06-01,1.6113206928657677
2017-06-02,1.6023647373165375
2017-06-05,1.602034374046859
2017-06-06,1.6042442659967933
2017-06-07,1.5876060233636227
2017-06-08,1.589487906054114
2017-06-09,1.6130723940994887
2017-06-12,1.6096559395411696
2017-06-13,1.6088892081493413
2017-06-14,1.6119993668714272
2017-06-15,1.6013296163097204
2017-06-16,1.6060767016074606
2017-06-19,1.595387356164658
2017-06-20,1.5995703941561066
2017-06-21,1.5719766460744136
2017-06-22,1.5869507434348646
2017-06-23,1.6050675617328012
2017-06-26,1.6157902773165127
2017-06-27,1.6212689824254716
2017-06-28,1.599252227303279
2017-06-29,1.6303236809221617
2017-06-30,1.609848545073478
2017-07-03,1.6349513459388036
2017-07-05,1.6073840975841567
2017-07-06,1.5980691782575103
2017-07-07,1.5678633413403267
2017-07-10,1.5792961583425054
2017-07-11,1.5893351506122366
2017-07-12,1.578292454224081
2017-07-13,1.6124237086798172
2017-07-14,1.6150162964276036
2017-07-17,1.6339228944014057
2017-07-18,1.628352690940205
2017-07-19,1.653502330797159
2017-07-20,1.6506060970343739
2017-07-21,1.6427836833126777
2017-07-24,1.6316332413127597
2017-07-25,1.648488213872564
2017-07-26,1.6559924783114113
2017-07-27,1.666075593098104
2017-07-28,1.6601433418879388
2017-07-31,1.6429190238695595
2017-08-01,1.644698309649193
2017-08-02,1.6330975452339085
2017-08-03,1.623239356919666
2017-08-04,1.6279382070717408
2017-08-07,1.6207479440924886
2017-08-08,1.6108049145661778
2017-08-09,1.5787435187034426
2017-08-10,1.5700050106533383
2017-08-11,1.5343982214612657
2017-08-14,1.5215037586151072
2017-08-15,1.5182990549848125
2017-08-16,1.5082999268043848
2017-08-17,1.5139990939512256
2017-08-18,1.5065878724030053
2017-08-21,1.4945785651816006
2017-08-22,1.4959118122039288
2017-08-23,1.5206031905910307
2017-08-24,1.5187300395806143
2017-08-25,1.521678951184374
2017-08-28,1.5198960233210583
2017-08-29,1.520688910837354
2017-08-30,1.5078598608243807
2017-08-31,1.5148510531687238
2017-09-01,1.5475300512257066
2017-09-05,1.551258267900948
2017-09-06,1.5527009516973085
2017-09-07,1.5670316580069847
2017-09-08,1.555808597239167
2017-09-11,1.5505417889089683
2017-09-12,1.5785789414257245
2017-09-13,1.600327993288206
2017-09-14,1.6033286724198377
2017-09-15,1.6073958703252351
2017-09-18,1.6173100081436478
2017-09-19,1.615592267972052
2017-09-20,1.623310317721543
2017-09-21,1.617677974619906
2017-09-22,1.6189982819417827
2017-09-25,1.6378219841927362
2017-09-26,1.6438877622727361
2017-09-27,1.6474189465438962
2017-09-28,1.6599765332777163
2017-09-29,1.6570046685523236
2017-10-02,1.6535222749969214
2017-10-03,1.6701310608252857
2017-10-04,1.682250274900198
2017-10-05,1.6808282495628173
2017-10-06,1.6751889882099884
2017-10-09,1.6720934315414622
2017-10-10,1.6692670539097656
2017-10-11,1.6762789117786796
2017-10-12,1.6644923704830676
2017-10-13,1.6623828189813117
2017-10-16,1.6503855542275936
2017-10-17,1.6341092534671058
2017-10-18,1.6407528989038431
2017-10-19,1.631988783689345
2017-10-20,1.637463805806564
2017-10-23,1.637232095818727
2017-10-24,1.6290368563957218
2017-10-25,1.6505267441769143
2017-10-26,1.6356121795822274
2017-10-27,1.6215731570345184
2017-10-30,1.6089050469736026
2017-10-31,1.6137348790131036
2017-11-01,1.6073914668843758
2017-11-02,1.6109672490658096
2017-11-03,1.5901632181332446
2017-11-06,1.6169089255418472
2017-11-07,1.606161654690394
2017-11-08,1.6075703581042364
2017-11-09,1.6425751211964885
2017-11-10,1.6545996472842597
2017-11-13,1.6336135497200677
2017-11-14,1.6188280639723553
2017-11-15,1.6145308962922835
2017-11-16,1.6142620395380716
2017-11-17,1.666448903084811
2017-11-20,1.663826442174059
2017-11-21,1.654408014464937
2017-11-22,1.6820473800833067
2017-11-24,1.667959396084608
2017-11-27,1.666163324496247
2017-11-28,1.6681558193023598
2017-11-29,1.710768617143277
2017-11-30,1.7017837016094643
2017-12-01,1.7296270985080306
2017-12-04,1.7039598080439222
2017-12-05,1.6647717576821397
2017-12-06,1.6310728653198758
2017-12-07,1.6244240855261907
2017-12-08,1.6254481633148037
2017-12-11,1.6385293318345597
2017-12-12,1.6291183848401212
2017-12-13,1.6592408689998532
2017-12-14,1.6439879722073996
2017-12-15,1.637671496572726
2017-12-18,1.678373080816249
2017-12-19,1.6804533337390588
2017-12-20,1.6834686599415587
2017-12-21,1.6764662782627815
2017-12-22,1.6821850167662045
2017-12-26,1.6965413517332717
2017-12-27,1.6806560926336218
2017-12-28,1.6878578273130833
2017-12-29,1.6849736935426824
2018-01-02,1.7007163457318315
2018-01-03,1.7065552825737473
2018-01-04,1.7171231356746892
2018-01-05,1.6996952081735206
2018-01-08,1.7103485610567775
2018-01-09,1.7031261001583151
2018-01-10,1.7091852694547722
2018-01-11,1.722552053103517
2018-01-12,1.7312785484433137
2018-01-16,1.7209264685446064
2018-01-17,1.697279921368458
2018-01-18,1.7806780570802938
2018-01-19,1.78442447059972
2018-01-22,1.7922799111094745
2018-01-23,1.7950890473305896
2018-01-24,1.7889171868561748
2018-01-25,1.783546260051618
2018-01-26,1.770585470515988
2018-01-29,1.770199038260669
2018-01-30,1.7535167043328495
2018-01-31,1.741011590373459
2018-02-01,1.7437525349659775
2018-02-02,1.7376356113195905
2018-02-05,1.7205424622853696
2018-02-06,1.6845747990468944
2018-02-07,1.7030227239820006
2018-02-08,1.7017452907557635
2018-02-09,1.6553268452809289
2018-02-12,1.6665089271727966
2018-02-13,1.679963387379417
2018-02-14,1.6908457202050904
2018-02-15,1.7054599685633074
2018-02-16,1.7204892231353401
2018-02-20,1.709037721465677
2018-02-21,1.6993659308193465
2018-02-22,1.6959983075394975
2018-02-23,1.6933432877213481
2018-02-26,1.702293082785654
2018-02-27,1.7106556321962165
2018-02-28,1.7002993849356502
2018-03-01,1.6948817146683082
2018-03-02,1.6858034151035306
2018-03-05,1.69641462139242
2018-03-06,1.7127412916622011
2018-03-07,1.711060869822872
2018-03-08,1.6931243275736452
2018-03-09,1.692617914664147
2018-03-12,1.71586956868921
2018-03-13,1.7184663267951505
2018-03-14,1.7109925328679567
2018-03-15,1.6997132394872605
2018-03-16,1.7114050202071462
2018-03-19,1.708422780868906
2018-03-20,1.6875105040144864
2018-03-21,1.7055292377690232
2018-03-22,1.702914810472777
2018-03-23,1.6796887746709543
2018-03-26,1.648202236497224
2018-03-27,1.6760926041885995
2018-03-28,1.6790511560102432
2018-03-29,1.6626024787606444
2018-04-02,1.668440371324673
2018-04-03,1.6522138510933992
2018-04-04,1.6906750027298811
2018-04-05,1.7084891436768026
2018-04-06,1.7337675966405799
2018-04-09,1.7000707785555291
2018-04-10,1.7226439080821576
2018-04-11,1.7630258135892019
2018-04-12,1.7331703819715758
2018-04-13,1.7378452271588842
2018-04-16,1.7332435039878973
2018-04-17,1.7362565083974204
2018-04-18,1.7629547532562413
2018-04-19,1.7544042324195528
2018-04-20,1.7429162373601816
2018-04-23,1.7293597620203167
2018-04-24,1.7449603226786243
2018-04-25,1.732432904318623
2018-04-26,1.7239892612451069
2018-04-27,1.7485253062644286
2018-04-30,1.7452194097677234
2018-05-01,1.71635090431043
2018-05-02,1.7636600016718822
2018-05-03,1.7571725151499604
2018-05-04,1.7646343957331732
2018-05-07,1.7667406160868377
2018-05-08,1.7644033966074097
2018-05-09,1.7561254624301783
2018-05-10,1.7617169634731356
2018-05-11,1.76992095784442
2018-05-14,1.779248011578987
2018-05-15,1.7952752280943662
2018-05-16,1.7940771978781573
2018-05-17,1.8033714028196888
2018-05-18,1.7928770746667106
2018-05-21,1.7945194868617866
2018-05-22,1.7939602179126886
2018-05-23,1.7676650720183351
2018-05-24,1.7564708196236836
2018-05-25,1.7422324750370695
2018-05-29,1.7638216132986202
2018-05-30,1.7343777397113034
2018-05-31,1.738824950068989
2018-06-01,1.7096256818844475
2018-06-04,1.7209527729438083
2018-06-05,1.7473583844380574
2018-06-06,1.7437538372560337
2018-06-07,1.7810744019739044
2018-06-08,1.7854252134024384
2018-06-11,1.7990221128395023
2018-06-12,1.804781588115818
2018-06-13,1.8038615786638554
2018-06-14,1.8078516020833781
2018-06-15,1.8118209709562187
2018-06-18,1.835546373213658
2018-06-19,1.858099229611374
2018-06-20,1.8611363876582314
2018-06-21,1.8451567106310285
2018-06-22,1.8431496146873332
2018-06-25,1.834841396746706
2018-06-26,1.8215624527692138
2018-06-27,1.8164611217450661
2018-06-28,1.7812965270999541
2018-06-29,1.7746230420909306
2018-07-02,1.7668548957582102
2018-07-03,1.7869489040151263
2018-07-05,1.7908207227510746
2018-07-06,1.810999926354708
2018-07-09,1.8221294342846694
2018-07-10,1.8210616761141067
2018-07-11,1.8112213076200048
2018-07-12,1.7870407709030542
2018-07-13,1.795169231771452
2018-07-16,1.7845848773652653
2018-07-17,1.7888031828561708
2018-07-18,1.7961438445533688
2018-07-19,1.8096319093305797
2018-07-20,1.792499992469941
2018-07-23,1.7919549250047302
2018-07-24,1.7851209853074599
2018-07-25,1.78628416693736
2018-07-26,1.8138538579352106
2018-07-27,1.7956815145899132
2018-07-30,1.8020070966485109
2018-07-31,1.8181200747336719
2018-08-01,1.820857985531924
2018-08-02,1.8146742986164353
2018-08-03,1.8156011464948398
2018-08-06,1.8196883506912493
2018-08-07,1.8317384168656576
2018-08-08,1.825401942345201
2018-08-09,1.8558604789719573
2018-08-10,1.8682546033400873
2018-08-13,1.8586039177688318
2018-08-14,1.8709596768992645
2018-08-15,1.858957159954566
2018-08-16,1.8375526919715721
2018-08-17,1.8591438721192672
2018-08-20,1.8748921811301773
2018-08-21,1.8866593338005613
2018-08-22,1.8889909891785992
2018-08-23,1.8893510470122534
2018-08-24,1.87511533050135
2018-08-27,1.8591449901197132
2018-08-28,1.8779104367235608
2018-08-29,1.871515031718731
2018-08-30,1.85778181733597
2018-08-31,1.8604574475571056
2018-09-04,1.838306964050082
2018-09-05,1.8311618693998692
2018-09-06,1.8090611595746955
2018-09-07,1.8136011803284127
2018-09-10,1.810152093937776
2018-09-11,1.7877930448583805
2018-09-12,1.7924324127770714
2018-09-13,1.7974219571101946
2018-09-14,1.8037988923145607
2018-09-17,1.8074022163198633
2018-09-18,1.8029442204550148
2018-09-19,1.8079253627970178
2018-09-20,1.8135912230281253
2018-09-21,1.8248062725794552
2018-09-24,1.831907606363825
2018-09-25,1.8362514631443523
2018-09-26,1.8251201470725396
2018-09-27,1.8225951514039624
2018-09-28,1.835263892418704
2018-10-01,1.834654249469985
2018-10-02,1.8294805900431708
2018-10-03,1.8302667901937004
2018-10-04,1.8238610754389477
2018-10-05,1.8176506846242186
2018-10-08,1.8113696534506005
2018-10-09,1.810760592284956
2018-10-10,1.793011302518816
2018-10-11,1.7463956961476
2018-10-12,1.704300500463234
2018-10-15,1.7229039115747884
2018-10-16,1.724416596353028
2018-10-17,1.7376653492424934
2018-10-18,1.7070560228322451
2018-10-19,1.6931750218606154
2018-10-22,1.6917764043857344
2018-10-23,1.6872680933307345
2018-10-24,1.6492132545605374
2018-10-25,1.612902777327009
2018-10-26,1.6501625057489109
2018-10-29,1.6285666430913495
2018-10-30,1.638467853397905
2018-10-31,1.6354676341269905
2018-11-01,1.6624338207346885
2018-11-02,1.707122394634853
2018-11-05,1.6893578033871735
2018-11-06,1.6961929517012775
2018-11-07,1.6807089019827222
2018-11-08,1.7091542805371174
2018-11-09,1.7006106276379478
2018-11-12,1.6869292977418637
2018-11-13,1.6435783072165457
2018-11-14,1.6255504381168964
2018-11-15,1.6273798552889358
2018-11-16,1.6253805195091349
2018-11-19,1.6365390633162908
2018-11-20,1.602169757463072
2018-11-21,1.5912584245853212
2018-11-23,1.5870724632014288
2018-11-26,1.5704492446145863
2018-11-27,1.5760150539836213
2018-11-28,1.5565224301669154
2018-11-29,1.5853911550004265
2018-11-30,1.572510843520553
2018-12-03,1.5675236997648088
2018-12-04,1.5606402848272394
2018-12-06,1.5211297881644141
2018-12-07,1.5066377054838485
2018-12-10,1.4769762442978933
2018-12-11,1.4694139459912234
2018-12-12,1.4675647983055737
2018-12-13,1.4524640253748107
2018-12-14,1.4503558780945391
2018-12-17,1.4419827362338475
2018-12-18,1.4253744740630039
2018-12-19,1.4179999288815466
2018-12-20,1.3972879256943378
2018-12-21,1.3725602322614834
2018-12-24,1.3738790474941487
2018-12-26,1.3501312866826736
2018-12-27,1.379539462622214
2018-12-28,1.3986921945354143
2018-12-31,1.3954269256196044
2019-01-02,1.424762321379513
2019-01-03,1.432672202701543
2019-01-04,1.4182019795815002
2019-01-07,1.4506383140003458
2019-01-08,1.4603279410910956
2019-01-09,1.4814980090579373
2019-01-10,1.4848560713000911
2019-01-11,1.496083859967058
2019-01-14,1.4948192217368101
2019-01-15,1.4808206242541164
2019-01-16,1.4893223856280193
2019-01-17,1.493404339961267
2019-01-18,1.5012416831941204
2019-01-22,1.4955914801891041
2019-01-23,1.4775985643624283
2019-01-24,1.4810097652590524
2019-01-25,1.486471340719028
2019-01-28,1.4906038419389318
2019-01-29,1.4754936046361027
2019-01-30,1.4676480016016629
2019-01-31,1.4758161795647375
2019-02-01,1.483666879351595
2019-02-04,1.4845990921805614
2019-02-05,1.4957379275162692
2019-02-06,1.489504011401692
2019-02-07,1.4735760001577751
2019-02-08,1.4510870654118013
2019-02-11,1.459362191386475
2019-02-12,1.4673334740685433
2019-02-13,1.4827199975840704
2019-02-14,1.4967707904661591
2019-02-15,1.4952230004455638
2019-02-19,1.5171316036298683
2019-02-20,1.5163955124054445
2019-02-21,1.5061979509284025
2019-02-22,1.504255447162328
2019-02-25,1.5110041745429281
2019-02-26,1.5199911929611467
2019-02-27,1.5227153203597172
2019-02-28,1.508332887831749
2019-03-01,1.5056323511997718
2019-03-04,1.4961398144032387
2019-03-05,1.4738927505819037
2019-03-06,1.4453866961581847
2019-03-07,1.4373137447770528
2019-03-08,1.4260931507672974
2019-03-11,1.426025557691573
2019-03-12,1.4354155449228174
2019-03-13,1.4323710867912494
2019-03-14,1.428817010605957
2019-03-15,1.4183747663497506
2019-03-18,1.4210544310506912
2019-03-19,1.4229487023220033
2019-03-20,1.420209853239519
2019-03-21,1.4167346700851864
2019-03-22,1.4084381408521456
2019-03-25,1.3872449172984755
2019-03-26,1.38970141191093
2019-03-27,1.4037467080435067
2019-03-28,1.4006263200860303
2019-03-29,1.3898353633066916
2019-04-01,1.4051064817903272
2019-04-02,1.4179023230503291
2019-04-03,1.4167527591153886
2019-04-04,1.440306996198344
2019-04-05,1.4535823133903931
2019-04-08,1.4618418269769549
2019-04-09,1.446163563005737
2019-04-10,1.4475217320328055
2019-04-11,1.4422640406651874
2019-04-12,1.4242268829134268
2019-04-15,1.4340711619362028
2019-04-16,1.4448213277400686
2019-04-17,1.4434273410198883
2019-04-18,1.4212651589053122
2019-04-22,1.41768284993725
2019-04-23,1.4199357652953517
2019-04-24,1.418311758874048
2019-04-25,1.397899726945113
2019-04-26,1.396718898783987
2019-04-29,1.399176511656994
2019-04-30,1.3575182954389644
2019-05-01,1.331032074979697
2019-05-02,1.3092658205838303
2019-05-03,1.3155071901014057
2019-05-06,1.336337747574188
2019-05-07,1.3259819228593692
2019-05-08,1.3102201212789064
2019-05-09,1.3159212128656135
2019-05-10,1.308930556764867
2019-05-13,1.2942818177354236
2019-05-14,1.2695726554854052
2019-05-15,1.2683306267615113
2019-05-16,1.2555937386514457
2019-05-17,1.2439282191635403
2019-05-20,1.2268606353609532
2019-05-21,1.2092646425323186
2019-05-22,1.1984527612043818
2019-05-23,1.1756950406709208
2019-05-24,1.1783668018530356
2019-05-28,1.1734467334112249
2019-05-29,1.155701449766948
2019-05-30,1.1348813575235097
2019-05-31,1.1322222652723821
2019-06-03,1.1260725725625662
2019-06-04,1.1363045120576993
2019-06-05,1.1205318583567927
2019-06-06,1.103882824418405
2019-06-07,1.103351468586744
2019-06-10,1.1118344663595714
2019-06-11,1.1112142983706867
2019-06-12,1.0943976959688597
2019-06-13,1.1105412192560367
2019-06-14,1.1032035633281512
2019-06-17,1.0992456221068114
2019-06-18,1.097223126905154
2019-06-19,1.1103130973099538
2019-06-20,1.10748883693491
2019-06-21,1.1165346991661897
2019-06-24,1.085704622438813
2019-06-25,1.0853647613017932
2019-06-26,1.0894640945174106
2019-06-27,1.099403044236439
2019-06-28,1.1103855386952588
2019-07-01,1.1048267614855458
2019-07-02,1.0873564898011525
2019-07-03,1.0814561712356825
2019-07-05,1.1017712850133996
2019-07-08,1.104354728423949
2019-07-09,1.088574937179866
2019-07-10,1.0873933478126363
2019-07-11,1.0795289811624496
2019-07-12,1.0834917841598277
2019-07-15,1.074811586211782
2019-07-16,1.0760081213733645
2019-07-17,1.0537861798527435
2019-07-18,1.0299450786092774
2019-07-19,1.032977192216124
2019-07-22,1.0161222715308078
2019-07-23,1.0163207349771264
2019-07-24,1.0271310582543118
2019-07-25,1.0168826031802252
2019-07-26,1.0094686693134955
2019-07-29,1.0060701389072657
2019-07-30,1.0299417358219372
2019-07-31,1.0495302492522263
2019-08-01,1.004505616094074
2019-08-02,1.001884876840284
2019-08-05,1.0072580964100795
2019-08-06,0.965663951511823
2019-08-07,0.9819980673758975
2019-08-08,0.9732641295266573
2019-08-09,0.9742790269053659
2019-08-12,0.97175516775365
2019-08-13,0.9527146554482094
2019-08-14,0.9612841537519498
2019-08-15,0.933089889713663
2019-08-16,0.9420753376241305
2019-08-19,0.9556322591652976
2019-08-20,0.9643276106878799
2019-08-21,0.9592546852090746
2019-08-22,0.9657233045523903
2019-08-23,0.959195635200112
2019-08-26,0.9457847973629432
2019-08-27,0.9348441965175844
2019-08-28,0.9458359843007673
2019-08-29,0.9525500499881324
2019-08-30,0.9521703166807792
2019-09-03,0.9529313480116265
2019-09-04,0.9530521117810331
2019-09-05,0.9726860227930773
2019-09-06,0.9870765764559768
2019-09-09,1.02492949340624
2019-09-10,1.0626576570163482
2019-09-11,1.0714113784700057
2019-09-12,1.0575793265186493
2019-09-13,1.0568321547216526
2019-09-16,1.0676038581852232
2019-09-17,1.0487496896113422
2019-09-18,1.043288430707077
2019-09-19,1.0401717067923233
2019-09-20,1.0425660827026173
2019-09-23,1.0435570857867638
2019-09-24,1.0388052447834786
2019-09-25,1.0363796081066017
2019-09-26,1.0359546728970306
2019-09-27,1.0394144132548684
2019-09-30,1.0302907502132868
2019-10-01,1.0291481565212723
2019-10-02,1.022961188484226
2019-10-03,1.0066785349373464
2019-10-04,1.0049886670691681
2019-10-07,1.0195834266412949
2019-10-08,1.0181743686625382
2019-10-09,1.0024382219889993
2019-10-10,1.0090634774756462
2019-10-11,1.0187634869263371
2019-10-14,1.0198263092518411
2019-10-15,1.0183557743165248
2019-10-16,1.0293323646165806
2019-10-17,1.0303719837829346
2019-10-18,1.0293174562666931
2019-10-21,1.0247342018493368
2019-10-22,1.0436819538515094
2019-10-23,1.0470279647001826
2019-10-24,1.0459257981971064
2019-10-25,1.052573343704137
2019-10-28,1.055189259913025
2019-10-29,1.0485375113720523
2019-10-30,1.0336021384544982
2019-10-31,1.0258228527317272
2019-11-01,1.0317596510195763
2019-11-04,1.0557549028492546
2019-11-05,1.0610313994229588
2019-11-06,1.0630835329085382
2019-11-07,1.0544838810302526
2019-11-08,1.0614109240639489
2019-11-11,1.0563241041579625
2019-11-12,1.0484206942841787
2019-11-13,1.038833483537049
2019-11-14,1.0349521994889397
2019-11-15,1.0327802655022897
2019-11-18,1.0247157027044225
2019-11-19,1.0146521796983494
2019-11-20,1.0127463395398666
2019-11-21,1.0107309077320072
2019-11-22,1.0126630073050844
2019-11-25,1.0252362640703991
2019-11-26,1.0277592174387187
2019-11-27,1.0313044912487686
2019-11-29,1.0323170031093394
2019-12-02,1.0231273843792794
2019-12-03,1.0156299112259524
2019-12-04,1.0081696254315307
2019-12-05,1.0135199647181241
2019-12-06,1.0418587302749345
2019-12-09,1.0732036698923144
2019-12-10,1.0632089714941368
2019-12-11,1.0453569343424087
2019-12-12,1.0471596010668212
2019-12-13,1.0362695926956789
2019-12-16,1.0272998976916854
2019-12-17,1.0389757891593148
2019-12-18,1.0495715239000885
2019-12-19,1.0450131836687828
2019-12-20,1.030442096765387
2019-12-23,1.0397912056150749
2019-12-24,1.043840071759068
2019-12-26,1.0391245248747274
2019-12-27,1.0407540152128516
2019-12-30,1.0465904024481623
2019-12-31,1.0487436298389072
2020-01-02,1.0259814222965358
2020-01-03,1.0373585764773288
2020-01-06,1.0406020454771525
2020-01-07,1.0337514057654442
2020-01-08,1.0070711960764853
2020-01-09,0.9971391354678006
2020-01-10,0.9909967905540334
2020-01-13,0.9958547951710164
2020-01-14,1.0041944673374859
2020-01-15,1.0093421761605987
2020-01-16,1.0180313246149897
2020-01-17,1.007789628886996
2020-01-21,0.9971654100856161
2020-01-22,1.0019676750341036
2020-01-23,0.9913920240808197
2020-01-24,0.984392155964181
2020-01-27,0.9791716438758189
2020-01-28,0.9570314522595952
2020-01-29,0.9560699732749299
2020-01-30,0.9508301318364092
2020-01-31,0.9588337601228094
2020-02-03,0.9341056614439511
2020-02-04,0.9261871712828817
2020-02-05,0.9843832892076404
2020-02-06,1.0015382859964044
2020-02-07,0.998815288623247
2020-02-10,0.9691701711722738
2020-02-11,0.9699498458454787
2020-02-12,0.975889193019082
2020-02-13,0.968172010485011
2020-02-14,0.9637250526207376
2020-02-18,0.9681989929933495
2020-02-19,0.9744338668493165
2020-02-20,0.9925628446859414
2020-02-21,0.9899867624740354
2020-02-24,0.9797513692346046
2020-02-25,0.9380566937931883
2020-02-26,0.8874733841993129
2020-02-27,0.8943483601654321
2020-02-28,0.8615159349452185
2020-03-02,0.8280728218526681
2020-03-03,0.8444402614858924
2020-03-04,0.8154146925084884
2020-03-05,0.8291387030293248
2020-03-06,0.8084229573801873
2020-03-09,0.7788516157314421
2020-03-10,0.7397551467640654
2020-03-11,0.7503749441294661
2020-03-12,0.7363118323370917
2020-03-13,0.7077284804485441
2020-03-16,0.7383261532170796
2020-03-17,0.7094577632955155
2020-03-18,0.7068247280791882
2020-03-19,0.7205459533378453
2020-03-20,0.7234973318261063
2020-03-23,0.7178267201760689
2020-03-24,0.7038505552721288
2020-03-25,0.7233528469427795
2020-03-26,0.721958950045141
2020-03-27,0.7299346284140723
2020-03-30,0.724592748587987
2020-03-31,0.7332660913401581
2020-04-01,0.7274990647212346
2020-04-02,0.7128630551899238
2020-04-03,0.715589754202652
2020-04-06,0.7118700354853892
2020-04-07,0.727713672242242
2020-04-08,0.7302203389768737
2020-04-09,0.7513115027322036
2020-04-13,0.7545646973655611
2020-04-14,0.7485310558930118
2020-04-15,0.749220448337399
2020-04-16,0.7362922684512081
2020-04-17,0.740440373449182
2020-04-20,0.7458206929174594
2020-04-21,0.743412339751471
2020-04-22,0.7337424540721711
2020-04-23,0.7414263943016908
2020-04-24,0.7432515386151958
2020-04-27,0.7557623284791658
2020-04-28,0.7715232749185935
2020-04-29,0.7802133746518289
2020-04-30,0.7823754406584601
2020-05-01,0.7740396834788531
2020-05-04,0.7632667268485701
2020-05-05,0.7571163115698831
2020-05-06,0.7554544425263089
2020-05-07,0.7508795032317193
2020-05-08,0.7590104923383424
2020-05-11,0.7597240284769159
2020-05-12,0.7606436189266905
2020-05-13,0.7510591606904536
2020-05-14,0.7434046549824368
2020-05-15,0.7486376080388121
2020-05-18,0.7541867318365802
2020-05-19,0.7641775142017598
2020-05-20,0.7642118186088652
2020-05-21,0.7736534298917627
2020-05-22,0.770871770992331
2020-05-26,0.7814353858864768
2020-05-27,0.7915509043870497
2020-05-28,0.7902003334128529
2020-05-29,0.7867246845975835
2020-06-01,0.7924459471027858
2020-06-02,0.7955321316177892
2020-06-03,0.8005597922456309
2020-06-04,0.8136989528340134
2020-06-05,0.8185856218610947
2020-06-08,0.838623105964583
2020-06-09,0.8329395493364942
2020-06-10,0.8196553047947489
2020-06-11,0.8125065461416465
2020-06-12,0.8003896430130355
2020-06-15,0.8052037777260844
2020-06-16,0.8085724697830697
2020-06-17,0.8103990810961367
2020-06-18,0.8086942398115075
2020-06-19,0.8105221500413082
2020-06-22,0.8093272286001914
2020-06-23,0.8110739019437165
2020-06-24,0.8090166973996272
2020-06-25,0.7998303907155978
2020-06-26,0.8140819798907065
2020-06-29,0.8067271120153048
2020-06-30,0.8067012632474845
2020-07-01,0.8123689418994292
2020-07-02,0.813674713544544
2020-07-06,0.817762653625753
2020-07-07,0.8180766504426953
2020-07-08,0.8181926764640154
2020-07-09,0.8078461237464786
2020-07-10,0.8109969722958909
2020-07-13,0.8053844449467413
2020-07-14,0.8002679356736804
2020-07-15,0.820757976979584
2020-07-16,0.8272838273166021
2020-07-17,0.8216361315065672
2020-07-20,0.8146604144543222
2020-07-21,0.8255275683329305
2020-07-22,0.8214180364059652
2020-07-23,0.8459954774752539
2020-07-24,0.8396329481003175
2020-07-27,0.8383232074270194
2020-07-28,0.8491326747182671
2020-07-29,0.8822475813259629
2020-07-30,0.888694175204845
2020-07-31,0.874011590054684
2020-08-03,0.8700789870318195
2020-08-04,0.8848035626897187
2020-08-05,0.8919314343117456
2020-08-06,0.8848946507894718
2020-08-07,0.8900860734242357
2020-08-10,0.893267496192965
2020-08-11,0.9002675552271953
2020-08-12,0.8833779707762469
2020-08-13,0.8898695151097575
2020-08-14,0.8987019684631261
2020-08-17,0.8907646858746826
2020-08-18,0.8859504115316467
2020-08-19,0.8926057694322922
2020-08-20,0.8779573192098425
2020-08-21,0.8689772730267932
2020-08-24,0.8782271831306274
2020-08-25,0.8845407766378082
2020-08-26,0.8779470277648931
2020-08-27,0.886712449622491
2020-08-28,0.8963861676564988
2020-08-31,0.9008638625557666
2020-09-01,0.9067439998271941
2020-09-02,0.917228391192946
2020-09-03,0.9385384044603297
2020-09-04,0.9230657100192727
2020-09-08,0.9253557273713586
2020-09-09,0.9101829942100372
2020-09-10,0.9483103247487945
2020-09-11,0.9245438447805827
2020-09-14,0.9222140777964254
2020-09-15,0.9429864171616236
2020-09-16,0.9587871334813898
2020-09-17,0.9658636410265874
2020-09-18,0.9688023372119194
2020-09-21,0.9518235611279361
2020-09-22,0.9452236800625944
2020-09-23,0.9522271717167226
2020-09-24,0.9146830628187789
2020-09-25,0.8976603810360917
2020-09-28,0.8994386763258526
2020-09-29,0.90642775293675
2020-09-30,0.8897904629486098
2020-10-01,0.8986489527695977
2020-10-02,0.914206864312706
2020-10-05,0.8991256611545604
2020-10-06,0.9168494282956159
2020-10-07,0.9012402280976468
2020-10-08,0.9151339336327421
2020-10-09,0.916317041049309
2020-10-12,0.9130909114445506
2020-10-13,0.9241113705368571
2020-10-14,0.9226797027615339
2020-10-15,0.9235570757501387
2020-10-16,0.9207394234977053
2020-10-19,0.9263054971253958
2020-10-20,0.9122906817584471
2020-10-21,0.9073564369081665
2020-10-22,0.9107176631878484
2020-10-23,0.9206327370059364
2020-10-26,0.923966626935334
2020-10-27,0.9017770473539779
2020-10-28,0.9148313519600407
2020-10-29,0.8940027946830112
2020-10-30,0.9005384952925715
2020-11-02,0.8962617456429846
2020-11-03,0.8991197158946163
2020-11-04,0.8896506397498214
2020-11-05,0.901490157180701
2020-11-06,0.9105819294929584
2020-11-09,0.9378972036199138
2020-11-10,0.9567202229779748
2020-11-11,0.9405909427983292
2020-11-12,0.9510445012112108
2020-11-13,0.9418326517228068
2020-11-16,0.9639659374036841
2020-11-17,0.9926894880168269
2020-11-18,1.0030753038928018
2020-11-19,0.9926235473355176
2020-11-20,1.0057619632421018
2020-11-23,1.0180927625430742
2020-11-24,1.0293692450094902
2020-11-25,1.0437209535617993
2020-11-27,1.0379780789832196
2020-11-30,1.0257656345525255
2020-12-01,1.0204469375288052
2020-12-02,1.0443743028302417
2020-12-03,1.0650005033707395
2020-12-04,1.0768982308896409
2020-12-07,1.0801672476244746
2020-12-08,1.0882230587300687
2020-12-09,1.097899576483015
2020-12-10,1.0996035212821116
2020-12-11,1.0883691845932524
2020-12-14,1.0834502012883374
2020-12-15,1.088986115457273
2020-12-16,1.1015816981551185
2020-12-17,1.1091896289758507
2020-12-18,1.1288037071608803
2020-12-21,1.1284354301887463
2020-12-22,1.1242041637299403
2020-12-23,1.1216808892266064
2020-12-24,1.1194025846813358
2020-12-28,1.1181578912646626
2020-12-29,1.1219985248950999
2020-12-30,1.129712332481102
2020-12-31,1.116725792972987
2021-01-04,1.138084802813345
2021-01-05,1.1438460703633402
2021-01-06,1.163860285711564
2021-01-07,1.1818242231711298
2021-01-08,1.195694650903249
2021-01-11,1.198973468523597
2021-01-12,1.2138737927500867
2021-01-13,1.193068781882615
2021-01-14,1.2127783737049591
2021-01-15,1.1992592518429943
2021-01-19,1.1896237877686904
2021-01-20,1.1924190811340618
2021-01-21,1.202372887162734
2021-01-22,1.223251007229932
2021-01-25,1.2269048973845502
2021-01-26,1.2203525788758836
2021-01-27,1.223940273903986
2021-01-28,1.1943235785675463
2021-01-29,1.2070511696981459
2021-02-01,1.1917070033918533
2021-02-02,1.1992732760579705
2021-02-03,1.2236647332380033
2021-02-04,1.247911836791705
2021-02-05,1.2862926398380288
2021-02-08,1.2964107497033022
2021-02-09,1.3096054757060351
2021-02-10,1.3378706549132096
2021-02-11,1.3341100179870031
2021-02-12,1.333931829374614
2021-02-16,1.3582957034812748
2021-02-17,1.3565731120699311
2021-02-18,1.349264422105142
2021-02-19,1.373276327296747
2021-02-22,1.3469819018982112
2021-02-23,1.322633560493233
2021-02-24,1.3300474815486685
2021-02-25,1.3149717365041964
2021-02-26,1.3099928609264484
2021-03-01,1.3176342732374668
2021-03-02,1.338556276582815
2021-03-03,1.3412191236343607
2021-03-04,1.3032912616018428
2021-03-05,1.2872776631294751
2021-03-08,1.3221545192847466
2021-03-09,1.3165651074364653
2021-03-10,1.3458406580237248
2021-03-11,1.3457705241052875
2021-03-12,1.3415127511917324
2021-03-15,1.3485282960506781
2021-03-16,1.3374588291736265
2021-03-17,1.3482130074844
2021-03-18,1.3405676433906097
2021-03-19,1.3386859778549445
2021-03-22,1.316340432380724
2021-03-23,1.2818658884851046
2021-03-24,1.2492038968902694
2021-03-25,1.2630604931465792
2021-03-26,1.2498183945007069
2021-03-29,1.2469503985868513
2021-03-30,1.2635824599954568
2021-03-31,1.266578592121411
2021-04-01,1.2910013018951092
2021-04-05,1.2979403274818508
2021-04-06,1.3132723472209786
2021-04-07,1.310695583233634
2021-04-08,1.297001163256234
2021-04-09,1.2829483994476094
2021-04-12,1.2871777798666009
2021-04-13,1.2813075959214864
2021-04-14,1.306253900928714
2021-04-15,1.2892109529053084
2021-04-16,1.2873727884409247
2021-04-19,1.2934579796715648
2021-04-20,1.266538771724239
2021-04-21,1.2675373393219216
2021-04-22,1.2745907545213204
2021-04-23,1.2689013946239598
2021-04-26,1.2951490088727156
2021-04-27,1.3196190895828042
2021-04-28,1.3366810068158117
2021-04-29,1.3416415134523818
2021-04-30,1.326498571927202
2021-05-03,1.3217034414978985
2021-05-04,1.3383424354052478
2021-05-05,1.3544777940304777
2021-05-06,1.3230102963491297
2021-05-07,1.3299502938032979
2021-05-10,1.3641241685536825
2021-05-11,1.3606252099276035
2021-05-12,1.3587657705863916
2021-05-13,1.3243152131211255
2021-05-14,1.3532523388211395
2021-05-17,1.4204512151339275
2021-05-18,1.4323084428420478
2021-05-19,1.4165944466562173
2021-05-20,1.4164969304124506
2021-05-21,1.4367286278128257
2021-05-24,1.4396845260323963
2021-05-25,1.4349780657906908
2021-05-26,1.4737562123862271
2021-05-27,1.4812503825716685
2021-05-28,1.4689568091061136
2021-06-01,1.532003184313581
2021-06-02,1.570201116717514
2021-06-03,1.5580982348563355
2021-06-04,1.5422933563067327
2021-06-07,1.5691239155462282
2021-06-08,1.5812820995169432
2021-06-09,1.568078342794539
2021-06-10,1.5302080597532994
2021-06-11,1.5587891887687195
2021-06-14,1.5459457716062797
2021-06-15,1.5518193007905867
2021-06-16,1.5694344160914604
2021-06-17,1.5213127508168822
2021-06-18,1.5439150923960323
2021-06-21,1.590843809278015
2021-06-22,1.6240989857239883
2021-06-23,1.646786835112659
2021-06-24,1.6776963953107384
2021-06-25,1.705131625277254
2021-06-28,1.6831981059630663
2021-06-29,1.6827763324243648
2021-06-30,1.7089929277851477
2021-07-01,1.7347951982688135
2021-07-02,1.7331764006395087
2021-07-06,1.6959952203383126
2021-07-07,1.6820593652941325
2021-07-08,1.6837893026535713
2021-07-09,1.7061666461850196
2021-07-12,1.700994568736849
2021-07-13,1.6864131582721058
2021-07-14,1.6731589133581513
2021-07-15,1.6678272346519214
2021-07-16,1.6546796512069377
2021-07-19,1.6452770634350284
2021-07-20,1.6590714432806117
2021-07-21,1.6735013685599203
2021-07-22,1.6631706101577253
2021-07-23,1.6581537787099072
2021-07-26,1.685443244628792
2021-07-27,1.6749820153805484
2021-07-28,1.6710037859565123
2021-07-29,1.6801504329218122
2021-07-30,1.6743801496805915
2021-08-02,1.679079552731886
2021-08-03,1.6707170982929989
2021-08-04,1.6584298146266125
2021-08-05,1.6604872280356064
2021-08-06,1.6788865133485007
2021-08-09,1.6793601949324086
2021-08-10,1.6972817169736614
2021-08-11,1.6983555813552378
2021-08-12,1.690933112681182
2021-08-13,1.6910042457135384
2021-08-16,1.680857659382956
2021-08-17,1.6710035550898759
2021-08-18,1.675398381327571
2021-08-19,1.6661433308206135
2021-08-20,1.6741991420667237
2021-08-23,1.6841913466614207
2021-08-24,1.706124623364521
2021-08-25,1.690467593113524
2021-08-26,1.6882568312781783
2021-08-27,1.6825597758368116
2021-08-30,1.6729345134625704
2021-08-31,1.6737671394232578
2021-09-01,1.6731378006352087
2021-09-02,1.6725960209133461
2021-09-03,1.669403690792284
2021-09-07,1.6712087615598676
2021-09-08,1.6647582119423965
2021-09-09,1.6687366180708698
2021-09-10,1.6680310041321416
2021-09-13,1.6745040545028687
2021-09-14,1.6748099975191204
2021-09-15,1.6578012023113322
2021-09-16,1.6659943436488518
2021-09-17,1.6687586176230562
2021-09-20,1.6607351914010309
2021-09-21,1.641175582805124
2021-09-22,1.638899221287872
2021-09-23,1.6499546431272216
2021-09-24,1.65551497720944
2021-09-27,1.6704700133543993
2021-09-28,1.6843894387474683
2021-09-29,1.6601298983111983
2021-09-30,1.665991484173245
2021-10-01,1.6539160987607793
2021-10-04,1.6688068170330208
2021-10-05,1.6309226285520406
2021-10-06,1.6245937924229672
2021-10-07,1.6390164068451
2021-10-08,1.6561555947017277
2021-10-11,1.6516483283477337
2021-10-12,1.6552032042482567
2021-10-13,1.6508043333662985
2021-10-14,1.635388302862304
2021-10-15,1.6379209440376359
2021-10-18,1.6392770604730733
2021-10-19,1.64373079748273
2021-10-20,1.6558713201285955
2021-10-21,1.6478879826673742
2021-10-22,1.6431096858421337
2021-10-25,1.633988946557609
2021-10-26,1.6261266921380142
2021-10-27,1.6129230712907847
2021-10-28,1.6115317947996795
2021-10-29,1.6259032197451233
2021-11-01,1.6637092281680423
2021-11-02,1.6674763814687972
2021-11-03,1.688977127986296
2021-11-04,1.677028665425655
2021-11-05,1.6835061777064908
2021-11-08,1.6851963165654629
2021-11-09,1.695066524280384
2021-11-10,1.6940721154240808
2021-11-11,1.6920261805732428
2021-11-12,1.6780361478606889
2021-11-15,1.6955989735804975
2021-11-16,1.6871256350829005
2021-11-17,1.6737027658210943
2021-11-18,1.654478544604612
2021-11-19,1.6470591495446172
2021-11-22,1.7096079395878385
2021-11-23,1.7010117722402076
2021-11-24,1.694857697634913
2021-11-26,1.7025104738013497
2021-11-29,1.6653790944779137
2021-11-30,1.6815351025886998
2021-12-01,1.6450591296576582
2021-12-02,1.6351444817589258
2021-12-03,1.6158379509904313
2021-12-06,1.6154570494854552
2021-12-07,1.6308973312903374
2021-12-08,1.6674906153594067
2021-12-09,1.6592866860687598
2021-12-10,1.6305310753108688
2021-12-13,1.6361860434052615
2021-12-14,1.5798688430135488
2021-12-15,1.596992878417208
2021-12-16,1.5824068604106092
2021-12-17,1.5870373161849063
2021-12-20,1.6173056927454885
2021-12-21,1.587541039837367
2021-12-22,1.6049556119493555
2021-12-23,1.6153710496076965
2021-12-27,1.607785130385193
2021-12-28,1.6273424758658193
2021-12-29,1.6235229532884674
2021-12-30,1.6393521357813183
2021-12-31,1.6309069259594773
2022-01-03,1.6449722481635858
2022-01-04,1.6610514989413678
2022-01-05,1.6500622335969803
2022-01-06,1.6290629675236452
2022-01-07,1.622120320637394
2022-01-10,1.614455787010101
2022-01-11,1.632490234396101
2022-01-12,1.646647138707209
2022-01-13,1.6622676282815547
2022-01-14,1.648582048427448
2022-01-18,1.6477330191489916
2022-01-19,1.6292853775474962
2022-01-20,1.6080463158579006
2022-01-21,1.6015430358819844
2022-01-24,1.5933144291981196
2022-01-25,1.603016020356265
2022-01-26,1.5866393106412986
2022-01-27,1.5710635085309594
2022-01-28,1.555412449203196
2022-01-31,1.5831166973070074
2022-02-01,1.6012833408909652
2022-02-02,1.5929145905157869
2022-02-03,1.6116302664751778
2022-02-04,1.5993273136812092
2022-02-07,1.615108343253108
2022-02-08,1.6174338294648574
2022-02-09,1.5809437038852252
2022-02-10,1.6267725496324603
2022-02-11,1.6169770889509583
2022-02-14,1.5935916170863722
2022-02-15,1.604764588290942
2022-02-16,1.621511861008255
2022-02-17,1.630614942937811
2022-02-18,1.6229281067724106
2022-02-22,1.6142888472291619
2022-02-23,1.6159943892915032
2022-02-24,1.5994384375695065
2022-02-25,1.6117366841456477
2022-02-28,1.640985284149944
2022-03-01,1.6415164609523363
2022-03-02,1.6387453813915713
2022-03-03,1.6513061790039119
2022-03-04,1.6399528451096466
2022-03-07,1.6355703457653692
2022-03-08,1.6265835618986428
2022-03-09,1.6074317131173614
2022-03-10,1.6342570602087558
2022-03-11,1.6191210728047585
2022-03-14,1.5896718100117568
2022-03-15,1.5781413853136628
2022-03-16,1.5954711201896694
2022-03-17,1.6218007491131254
2022-03-18,1.6245075159230347
2022-03-21,1.633627975689526
2022-03-22,1.6354936400401505
2022-03-23,1.6476816903616265
2022-03-24,1.628147363694493
2022-03-25,1.6263788343869023
2022-03-28,1.6164491177192695
2022-03-29,1.6305340050182566
2022-03-30,1.63097359492851
2022-03-31,1.6361725385856754
2022-04-01,1.6278501182988743
2022-04-04,1.6321017749028437
2022-04-05,1.6335967275318797
2022-04-06,1.6162699910470792
2022-04-07,1.6070321411093194
2022-04-08,1.6235283527115723
2022-04-11,1.6352429727904416
2022-04-12,1.624186255393042
2022-04-13,1.6281650585711054
2022-04-14,1.6453282698571148
2022-04-18,1.625756083811032
2022-04-19,1.6255074665312923
2022-04-20,1.6335800256337567
2022-04-21,1.633589112478159
2022-04-22,1.6085006997172704
2022-04-25,1.5950389397861782
2022-04-26,1.6117044526095086
2022-04-27,1.5801624278927193
2022-04-28,1.57065070914234
2022-04-29,1.5971124089603699
2022-05-02,1.5802334008637644
2022-05-03,1.5904789733248759
2022-05-04,1.581960371228815
2022-05-05,1.6048019668891869
2022-05-06,1.5778688101351301
2022-05-09,1.5798206522573766
2022-05-10,1.5381724948454067
2022-05-11,1.514785910164091
2022-05-12,1.5193979792467407
2022-05-13,1.521192373477273
2022-05-16,1.5291093579868587
2022-05-17,1.5243108643721197
2022-05-18,1.5142265565061723
2022-05-19,1.4948936049656625
2022-05-20,1.4729406917232288
2022-05-23,1.4548890232229545
2022-05-24,1.4458655862392873
2022-05-25,1.4681699358133864
2022-05-26,1.4860845755756813
2022-05-27,1.4757067847537473
2022-05-31,1.470225567914894
2022-06-01,1.4626166735134374
2022-06-02,1.465770783147899
2022-06-03,1.4810127004396634
2022-06-06,1.466203773652398
2022-06-07,1.4792114002207752
2022-06-08,1.4894677194783463
2022-06-09,1.4888280603238873
2022-06-10,1.4725307362038162
2022-06-13,1.4454642756790659
2022-06-14,1.4314721079291022
2022-06-15,1.4301110494830533
2022-06-16,1.4245807830888935
2022-06-17,1.4178060337804839
2022-06-21,1.4113850880685415
2022-06-22,1.4165460817795643
2022-06-23,1.4160421299402828
2022-06-24,1.4185396484068107
2022-06-27,1.4375680991074413
2022-06-28,1.4314736522963536
2022-06-29,1.4109226636741938
2022-06-30,1.395727097947029
2022-07-01,1.387644674028422
2022-07-05,1.4072126617453216
2022-07-06,1.3848688410755332
2022-07-07,1.40215182775814
2022-07-08,1.4397113163040192
2022-07-11,1.4364818691365786
2022-07-12,1.4355488993399614
2022-07-13,1.4412190697172296
2022-07-14,1.4269682588597041
2022-07-15,1.4323849481133768
2022-07-18,1.4767389248122937
2022-07-19,1.4546310206320723
2022-07-20,1.487645376529176
2022-07-21,1.47191152648724
2022-07-22,1.4785456904942325
2022-07-25,1.4721983051207996
2022-07-26,1.4590363576430534
2022-07-27,1.4646075035802273
2022-07-28,1.4882754166447023
2022-07-29,1.5033228766947562
2022-08-01,1.5138651932599942
2022-08-02,1.5321546967584958
2022-08-03,1.5133355539670288
2022-08-04,1.5223708890430105
2022-08-05,1.5463628833625205
2022-08-08,1.5603966456356375
2022-08-09,1.5559574406922765
2022-08-10,1.537699117521494
2022-08-11,1.57800752115839
2022-08-12,1.575144566507586
2022-08-15,1.5882542349558806
2022-08-16,1.6081588149808173
2022-08-17,1.6212062147274928
2022-08-18,1.6325918753112834
2022-08-19,1.6157518656373278
2022-08-22,1.6076701775296192
2022-08-23,1.6073005628765804
2022-08-24,1.6075711611075298
2022-08-25,1.6205554148270322
2022-08-26,1.6474139782738315
2022-08-29,1.6278810029672008
2022-08-30,1.6103027423639338
2022-08-31,1.5938349476134812
2022-09-01,1.552464615829986
2022-09-02,1.5642069214310124
2022-09-06,1.5331068783999606
2022-09-07,1.504546148452052
2022-09-08,1.5164609170142924
2022-09-09,1.5358616839927375
2022-09-12,1.5583495472330342
2022-09-13,1.5598659749898816
2022-09-14,1.5327787972410956
2022-09-15,1.5441037660668127
2022-09-16,1.5123085071509674
2022-09-19,1.5159815317849679
2022-09-20,1.5065998049087581
2022-09-21,1.510479205754183
2022-09-22,1.4747207170640435
2022-09-23,1.437642742810814
2022-09-26,1.4218415960364887
2022-09-27,1.4220628349115436
2022-09-28,1.4229641114770728
2022-09-29,1.4437949350369599
2022-09-30,1.4359983155334723
2022-10-03,1.4151357484832723
2022-10-04,1.4745360925347604
2022-10-05,1.5472289358910714
2022-10-06,1.4893449441329714
2022-10-07,1.4139835698176784
2022-10-10,1.4037353638334238
2022-10-11,1.4278932703428848
2022-10-12,1.4271048232571697
2022-10-13,1.4456961338023693
2022-10-14,1.4162801278648303
2022-10-17,1.3964098712464832
2022-10-18,1.4024578435413324
2022-10-19,1.3746919184068622
2022-10-20,1.3384336537648158
2022-10-21,1.3477984479667569
2022-10-24,1.3263677444258588
2022-10-25,1.373240556658959
2022-10-26,1.3951382280180575
2022-10-27,1.3962921129930885
2022-10-28,1.38696056902474
2022-10-31,1.4066569429831932
2022-11-01,1.3632516809661879
2022-11-02,1.3636456876907743
2022-11-03,1.3261126468665065
2022-11-04,1.3096275099154806
2022-11-07,1.3416551521791344
2022-11-08,1.305432791568899
2022-11-09,1.3057319850037463
2022-11-10,1.2917329720156725
2022-11-11,1.3028953767455294
2022-11-14,1.310229699035183
2022-11-15,1.295002899916023
2022-11-16,1.2901367725561184
2022-11-17,1.28565554901745
2022-11-18,1.2874571530307892
2022-11-21,1.286694209992272
2022-11-22,1.2846433752531277
2022-11-23,1.3077049134015135
2022-11-25,1.293080022799264
2022-11-28,1.2956006549328098
2022-11-29,1.2854670354985747
2022-11-30,1.273394461045772
2022-12-01,1.3145653536020778
2022-12-02,1.3222774169813187
2022-12-05,1.32170360542362
2022-12-06,1.308805543848322
2022-12-07,1.275394180034324
2022-12-08,1.3080456360448456
2022-12-09,1.2876363975792755
2022-12-12,1.2839662094313489
2022-12-13,1.2829121560966072
2022-12-14,1.3218827445442132
2022-12-15,1.294968319524937
2022-12-16,1.2820281532841957
2022-12-19,1.2765818189242935
2022-12-20,1.2772794162323444
2022-12-21,1.2754538201001808
2022-12-22,1.2797502703244426
2022-12-23,1.2762141164284564
2022-12-27,1.2818956577014895
2022-12-28,1.2833720684387995
2022-12-29,1.2751226866311178
2022-12-30,1.2734208881839464
2023-01-03,1.2720442305938608
2023-01-04,1.2810462771004014
2023-01-05,1.2777648366144014
2023-01-06,1.2792739971194076
2023-01-09,1.30000081684123
2023-01-10,1.299683798930201
2023-01-11,1.3039232271355263
2023-01-12,1.3115956295730686
2023-01-13,1.3138214993289257
2023-01-17,1.3216191407829727
2023-01-18,1.3292142168646277
2023-01-19,1.33137560155368
2023-01-20,1.3255179377002237
2023-01-23,1.3344926216826234
2023-01-24,1.337525533499911
2023-01-25,1.3396547154272502
2023-01-26,1.3414776200544503
2023-01-27,1.342809212648274
2023-01-30,1.3441404605897398
2023-01-31,1.3384323284258595
2023-02-01,1.346758040814297
2023-02-02,1.3571781164792354
2023-02-03,1.3633937889257646
2023-02-06,1.354890675569975
2023-02-07,1.3507514324372711
2023-02-08,1.3636646099142256
2023-02-09,1.3511527463346071
2023-02-10,1.3382408134140376
2023-02-13,1.3417639129229848
2023-02-14,1.3487167883414686
2023-02-15,1.3510338080068718
2023-02-16,1.35471848845762
2023-02-17,1.3451684759927687
2023-02-21,1.3243456170428813
2023-02-22,1.3136904311664193
2023-02-23,1.311696134230037
2023-02-24,1.3335834121831853
2023-02-27,1.3316823816114538
2023-02-28,1.3532625397428684
2023-03-01,1.3509726073970512
2023-03-02,1.3529576412000426
2023-03-03,1.366318735595809
2023-03-06,1.355459009454303
2023-03-07,1.3770401786713673
2023-03-08,1.3652887606565685
2023-03-09,1.3571341070796734
2023-03-10,1.3343464975073762
2023-03-13,1.3044098125346104
2023-03-14,1.2970217061425604
2023-03-15,1.2905712403689775
2023-03-16,1.2762332195964226
2023-03-17,1.2759686383435884
2023-03-20,1.2663219427376198
2023-03-21,1.2872638348774832
2023-03-22,1.2940839897664327
2023-03-23,1.2717482633633046
2023-03-24,1.2599223145604914
2023-03-27,1.2691394274161176
2023-03-28,1.2723550093556406
2023-03-29,1.2687204769012594
2023-03-30,1.2796869833448856
2023-03-31,1.2775191024477652
2023-04-03,1.3148246317566732
2023-04-04,1.292425959146935
2023-04-05,1.2785500845841127
2023-04-06,1.2824035435002479
2023-04-10,1.2813841066229257
2023-04-11,1.278146392896749
2023-04-12,1.2821055928905147
2023-04-13,1.2908289661390837
2023-04-14,1.2717794806817153
2023-04-17,1.2833537464007085
2023-04-18,1.2802500443245635
2023-04-19,1.285830280213302
2023-04-20,1.2753584585798627
2023-04-21,1.2566524061549083
2023-04-24,1.2605882063621248
2023-04-25,1.234182986892799
2023-04-26,1.2170400415204445
2023-04-27,1.2039323071603991
2023-04-28,1.237314856944666
2023-05-01,1.234581312412855
2023-05-02,1.224171876974222
2023-05-03,1.1981694403750711
2023-05-04,1.1940539825235825
2023-05-05,1.1998524546472225
2023-05-08,1.2167773150857828
2023-05-09,1.2393361044524358
2023-05-10,1.2231413576189791
2023-05-11,1.2179988289465495
2023-05-12,1.2139692678434841
2023-05-15,1.2217080520342758
2023-05-16,1.2208901456359527
2023-05-17,1.220690551226244
2023-05-18,1.2219129259007435
2023-05-19,1.2319769467909987
2023-05-22,1.2889706367385867
2023-05-23,1.2851445750912671
2023-05-24,1.2876467752842222
2023-05-25,1.2605394662491705
2023-05-26,1.2557927943116496
2023-05-30,1.2290323774061973
2023-05-31,1.219009779766127
2023-06-01,1.221342951702588
2023-06-02,1.2467845455371316
2023-06-05,1.2601626652480726
2023-06-06,1.2704887368009676
2023-06-07,1.2821996785591774
2023-06-08,1.2612574512981574
2023-06-09,1.2549143773547513
2023-06-12,1.230773417305112
2023-06-13,1.2344908440283568
2023-06-14,1.226032588818254
2023-06-15,1.236936787741767
2023-06-16,1.2474986836771889
2023-06-20,1.2499341667937232
2023-06-21,1.2797265837990472
2023-06-22,1.2630991056521408
2023-06-23,1.2585059348802985
2023-06-26,1.2613311193444379
2023-06-27,1.2672761600401607
2023-06-28,1.2828278796282246
2023-06-29,1.3058323608200955
2023-06-30,1.3302161282166816
2023-07-03,1.3390581240215529
2023-07-05,1.3518596276676949
2023-07-06,1.3248309237473719
2023-07-07,1.3575115012377295
2023-07-10,1.3499448414151811
2023-07-11,1.3726994610971173
2023-07-12,1.367791038694657
2023-07-13,1.366698154891588
2023-07-14,1.3535831392235618
2023-07-17,1.3510731375320697
2023-07-18,1.3711931727447293
2023-07-19,1.368557930999476
2023-07-20,1.3777307077991512
2023-07-21,1.3697887257600505
2023-07-24,1.381928308447845
2023-07-25,1.3791202472618926
2023-07-26,1.4061020089749305
2023-07-27,1.3951585538524631
2023-07-28,1.4117325175989517
2023-07-31,1.4362031594232767
2023-08-01,1.42345567017575
2023-08-02,1.4262766489724392
2023-08-03,1.445960189557958
2023-08-04,1.44837158114864
2023-08-07,1.4285805089140382
2023-08-08,1.4692221084276045
2023-08-09,1.501118351159527
2023-08-10,1.4659990202307518
2023-08-11,1.4802950646984123
2023-08-14,1.4668421582973539
2023-08-15,1.469190010730532
2023-08-16,1.4507609748384416
2023-08-17,1.4399522468007824
2023-08-18,1.4367633713202557
2023-08-21,1.4275127284374787
2023-08-22,1.4224879076952468
2023-08-23,1.4211667784880129
2023-08-24,1.4387115987119032
2023-08-25,1.4054892579070886
2023-08-28,1.414165816516449
2023-08-29,1.4323905274921813
2023-08-30,1.446808394076455
2023-08-31,1.4607798359905793
2023-09-01,1.4853237736507903
2023-09-05,1.4841484989798537
2023-09-06,1.4701959234519961
2023-09-07,1.4735621045734053
2023-09-08,1.4782670023464444
2023-09-11,1.4854208823764938
2023-09-12,1.5197811440704676
2023-09-13,1.4772136669689304
2023-09-14,1.491385887483783
2023-09-15,1.5080181888739885
2023-09-18,1.4928580413019021
2023-09-19,1.4725242284502353
2023-09-20,1.473089903960123
2023-09-21,1.4621367862474348
2023-09-22,1.4403729880515128
2023-09-25,1.4327075933914633
2023-09-26,1.4678001651546297
2023-09-27,1.5072017814641665
2023-09-28,1.5025758786727776
2023-09-29,1.4925252654048242
2023-10-02,1.4314067728643438
2023-10-03,1.4339928267952735
2023-10-04,1.3484671502457173
2023-10-05,1.3685767691852777
2023-10-06,1.3916190608379306
2023-10-09,1.426691419515897
2023-10-10,1.431049912013181
2023-10-11,1.4161664102899738
2023-10-12,1.4008137413845705
2023-10-13,1.427820804690905
2023-10-16,1.3937673922530014
2023-10-17,1.417311893113071
2023-10-18,1.446456688208984
2023-10-19,1.4496454051111802
2023-10-20,1.4554044014730088
2023-10-23,1.4020396565545388
2023-10-24,1.3906629362546212
2023-10-25,1.4097582649815863
2023-10-26,1.3813597335263674
2023-10-27,1.3792230563892551
2023-10-30,1.3594172817528047
2023-10-31,1.364073971001451
2023-11-01,1.367058916082904
2023-11-02,1.3808591303011692
2023-11-03,1.3847804319541202
2023-11-06,1.3600449254467157
2023-11-07,1.278463137215153
2023-11-08,1.2540287156047902
2023-11-09,1.2597018845782915
2023-11-10,1.2411637988234476
2023-11-13,1.2528569000548748
2023-11-14,1.2621817475197545
2023-11-15,1.2644191065113934
2023-11-16,1.2402193552462428
2023-11-17,1.2675847745626216
2023-11-20,1.2858384114624588
2023-11-21,1.268726267471562
2023-11-22,1.2548498853812113
2023-11-24,1.2811400716972585
2023-11-27,1.2712387123731848
2023-11-28,1.2738853935287953
2023-11-29,1.279288688055627
2023-11-30,1.290065388014514
2023-12-01,1.3011465864521274
2023-12-04,1.325324009060737
2023-12-05,1.3156688990292416
2023-12-06,1.287309977600501
2023-12-07,1.2727956386664698
2023-12-08,1.262469451956683
2023-12-11,1.276255556194717
2023-12-12,1.251416995620596
2023-12-13,1.2650163429635624
2023-12-14,1.3213204217020311
2023-12-15,1.3471732055268812
2023-12-18,1.3665074111100455
2023-12-19,1.4042208198255879
2023-12-20,1.4228515002441304
2023-12-21,1.4248628642277907
2023-12-22,1.434591825371377
2023-12-26,1.4898181551512266
2023-12-27,1.5141726994718232
2023-12-28,1.4948498211075694
2023-12-29,1.4866977859343484
2024-01-02,1.4804171077756656
2024-01-03,1.4444848779366957
2024-01-04,1.406653252211622
2024-01-05,1.4209398658098813
2024-01-08,1.3988672981620724
2024-01-09,1.3845885669067224
2024-01-10,1.3581054156476393
2024-01-11,1.3652213309803987
2024-01-12,1.363829926169308
2024-01-16,1.35735810462019
2024-01-17,1.3456565446693232
2024-01-18,1.3137154531887183
2024-01-19,1.2763194962713544
2024-01-22,1.3177666269932282
2024-01-23,1.3304369390453281
2024-01-24,1.3403834969161692
2024-01-25,1.344598170702284
2024-01-26,1.3535545236336977
2024-01-29,1.335819537104052
2024-01-30,1.3009055165297276
2024-01-31,1.2795785639081976
2024-02-01,1.2392860814604019
2024-02-02,1.2249277806864316
2024-02-05,1.2148698094356907
2024-02-06,1.2303950763581475
2024-02-07,1.2651988374191467
2024-02-08,1.2840155547661782
2024-02-09,1.27761489951783
2024-02-12,1.3118306507651247
2024-02-13,1.3023366431001584
2024-02-14,1.2840466423225156
2024-02-15,1.317325124955445
2024-02-16,1.3127958406610962
2024-02-20,1.2968449494486387
2024-02-21,1.317955771659024
2024-02-22,1.3075145974402549
2024-02-23,1.3281064579401192
2024-02-26,1.3563714232899093
2024-02-27,1.3573641220691752
2024-02-28,1.3276229573478737
2024-02-29,1.3076530758760265
2024-03-01,1.4076155232485346
2024-03-04,1.418259208871095
2024-03-05,1.4457899980329583
2024-03-06,1.3945752387562909
2024-03-07,1.3367472504265367
2024-03-08,1.35972412340463
2024-03-11,1.3730276509949015
2024-03-12,1.3839449869688354
2024-03-13,1.455216955161165
2024-03-14,1.4514175008861336
2024-03-15,1.4706316387729579
2024-03-18,1.458996195428758
2024-03-19,1.4983313905595315
2024-03-20,1.5002006835071826
2024-03-21,1.5004240231461443
2024-03-22,1.5201184110492107
2024-03-25,1.534689611680618
2024-03-26,1.5409802382718572
2024-03-27,1.5406661138906177
2024-03-28,1.539530136316012
2024-04-01,1.5361069326396228
2024-04-02,1.5272354861641002
2024-04-03,1.500027647521973
2024-04-04,1.5191864498082932
2024-04-05,1.5220064201208252
2024-04-08,1.5376105651524206
2024-04-09,1.534707661572754
2024-04-10,1.518898465776563
2024-04-11,1.499215198595136
2024-04-12,1.4879396742421729
2024-04-15,1.468882382238275
2024-04-16,1.4581386050132037
2024-04-17,1.4502769999069949
2024-04-18,1.4615424347260786
2024-04-19,1.467630328778178
2024-04-22,1.4565227221491521
2024-04-23,1.4776019419741042
2024-04-24,1.4800017474086016
2024-04-25,1.4716856535205303
2024-04-26,1.4786124781606433
2024-04-29,1.4760367615303063
2024-04-30,1.4526078757891911
2024-05-01,1.4539297847107688
2024-05-02,1.4312280305192915
2024-05-03,1.4607791261007539
2024-05-06,1.4647487037323919
2024-05-07,1.4679453961252948
2024-05-08,1.4609645921261059
2024-05-09,1.4751261174696122
2024-05-10,1.467859144876766
2024-05-13,1.4696818484375427
2024-05-14,1.4609862404559564
2024-05-15,1.4491431104581853
2024-05-16,1.4496180211650387
2024-05-17,1.4559953981664024
2024-05-20,1.4746554358907575
2024-05-21,1.454804167063118
2024-05-22,1.4765677248614528
2024-05-23,1.4417592646967547
2024-05-24,1.4434362595707086
2024-05-28,1.4590955753768642
2024-05-29,1.4406143784010401
2024-05-30,1.4539193423388224
2024-05-31,1.444877068219549
2024-06-03,1.437800570368333
2024-06-04,1.399897621905156
2024-06-05,1.4086189282641415
2024-06-06,1.4501623868628843
2024-06-07,1.435459212678069
2024-06-10,1.4253453403083451
2024-06-11,1.4134866949354352
2024-06-12,1.4454615483593451
2024-06-13,1.4280638190984696
2024-06-14,1.4223491727377588
2024-06-17,1.4362834139096758
2024-06-18,1.40882847905799
2024-06-20,1.4591406411306953
2024-06-21,1.4683240836410498
2024-06-24,1.4970781437020624
2024-06-25,1.5041443794775404
2024-06-26,1.506255369715565
2024-06-27,1.529454472573792
2024-06-28,1.5151518199225227
2024-07-01,1.4727314493373138
2024-07-02,1.4691305146975624
2024-07-03,1.4696745104491518
2024-07-05,1.4646628967817763
2024-07-08,1.4733034730484804
2024-07-09,1.458375308462094
2024-07-10,1.4589137002865302
2024-07-11,1.5386124965918406
2024-07-12,1.5212816663999855
2024-07-15,1.5503650276887428
2024-07-16,1.5791170663254166
2024-07-17,1.5993281992471595
2024-07-18,1.5618842508250532
2024-07-19,1.5527492485032328
2024-07-22,1.550023962660092
2024-07-23,1.5768382567977668
2024-07-24,1.5575990831375994
2024-07-25,1.5798587904610362
2024-07-26,1.5760326070633508
2024-07-29,1.5713204403958188
2024-07-30,1.5773072170060356
2024-07-31,1.568986048501091
2024-08-01,1.5269314154123097
2024-08-02,1.4803613364411075
2024-08-05,1.440206559040635
2024-08-06,1.4050283945982753
2024-08-07,1.4012686563663477
2024-08-08,1.3988901372953435
2024-08-09,1.4193480519765194
2024-08-12,1.3991915707801843
2024-08-13,1.4224162369042455
2024-08-14,1.4682507997859753
2024-08-15,1.5097413853055566
2024-08-16,1.5325301277410153
2024-08-19,1.5421759903789398
2024-08-20,1.530703005478421
2024-08-21,1.529885217000464
2024-08-22,1.5598547871538342
2024-08-23,1.5516162437293846
2024-08-26,1.602514314447017
2024-08-27,1.5934092562732631
2024-08-28,1.5995263788980751
2024-08-29,1.585612699849538
2024-08-30,1.5542445542274783
2024-09-03,1.5539913694632677
2024-09-04,1.5093221499267337
2024-09-05,1.507855013507779
2024-09-06,1.5164565771185519
2024-09-09,1.4729664593385274
2024-09-10,1.4828208026039311
2024-09-11,1.4517871358081191
2024-09-12,1.505292839106817
2024-09-13,1.554703774193207
2024-09-16,1.5731287657602748
2024-09-17,1.6163203300701823
2024-09-18,1.6308226623370137
2024-09-19,1.6178996849903726
2024-09-20,1.6397265070391513
2024-09-23,1.6403230318282778
2024-09-24,1.6753331299175713
2024-09-25,1.6393076518626104
2024-09-26,1.63025289668717
2024-09-27,1.6472572004294495
2024-09-30,1.6416987814287718
2024-10-01,1.6746329531559816
2024-10-02,1.6743102731965456
2024-10-03,1.6690461503433398
2024-10-04,1.6697038558512247
2024-10-07,1.6867516508288622
2024-10-08,1.6530461500845013
2024-10-09,1.6537051387658797
2024-10-10,1.6679521465463636
2024-10-11,1.6429719706601094
2024-10-14,1.6446008102858811
2024-10-15,1.6488969484652476
2024-10-16,1.6365387996140608
2024-10-17,1.6411706192649276
2024-10-18,1.6288677308617883
2024-10-21,1.616097366248696
2024-10-22,1.639818981371097
2024-10-23,1.635998987569905
2024-10-24,1.6382038924312645
2024-10-25,1.6362416291155064
2024-10-28,1.6479567546990885
2024-10-29,1.6449735710427804
2024-10-30,1.6498265080666215
2024-10-31,1.6758249811574144
2024-11-01,1.6527319757010872
2024-11-04,1.6613070729992998
2024-11-05,1.6606161293217998
2024-11-06,1.587246901302202
2024-11-07,1.6206861760374136
2024-11-08,1.622184153733482
2024-11-11,1.6329592060869456
2024-11-12,1.6266506031631554
2024-11-13,1.6101830408754678
2024-11-14,1.6118864175381704
2024-11-15,1.6175051266712055
2024-11-18,1.605592783208541
2024-11-19,1.610792532117077
2024-11-20,1.6117946477944853
2024-11-21,1.6265045338896957
2024-11-22,1.641216782858944
2024-11-25,1.6577266487123237
2024-11-26,1.64581184156843
2024-11-27,1.6556561858656562
2024-11-29,1.6527853673360005
2024-12-02,1.6696087405669116
2024-12-03,1.6720807689341326
2024-12-04,1.675096455455645
2024-12-05,1.6817455976083981
2024-12-06,1.686534706493945
2024-12-09,1.7111148458079808
2024-12-10,1.687057191183474
2024-12-11,1.6655471786536409
2024-12-12,1.677098804945572
2024-12-13,1.6591235942855171
2024-12-16,1.6442260920100562
2024-12-17,1.6454995486115283
2024-12-18,1.6404963194075661
2024-12-19,1.5771276233865703
2024-12-20,1.5611248598607095
2024-12-23,1.565051794771604
2024-12-24,1.5677705357021365
2024-12-26,1.5808290607178332
2024-12-27,1.592203909229281
2024-12-30,1.5812788506022488
2024-12-31,1.5757389276285092
