date,ticker,ret,gross_ret,type
2011-02-07,ACO,0.018738557774701237,0.018738557774701237,target
2011-02-07,NPBC,0.004692045335859207,0.007891810376765784,target
2011-02-07,SASR,-0.008277281326622532,-0.008277281326622643,target
2011-02-17,CHFC,0.0073855057840748195,0.0073855057840748195,target
2011-02-17,NPBC,-0.012253009740239351,-0.005175951786370647,target
2011-02-18,EDE,0.009982647547432721,0.009982647547432721,target
2011-02-24,JASO,0.09898825098083464,0.11899266837351052,target
2011-03-01,LSI,-0.005984602524271576,0.0018339930018240747,target
2011-03-02,JBT,-0.00030673527144053914,0.017204284315123886,target
2011-03-04,UMPQ,-0.001890863497629569,-0.001890863497629569,target
2011-03-07,SASR,-0.09063554646461636,-0.09063554646461636,stop
2011-03-09,SJI,0.07935360632594324,0.08097242355143197,target
2011-03-09,CHFC,-0.0003536073314176491,0.002777736625842353,target
2011-03-10,EDE,-0.007254169383937525,-0.0008329898221735021,target
2011-03-11,PCH,-0.01760743806080367,-0.013541678049497685,target
2011-03-14,SASR,-0.07600648573715918,-0.07600648573715918,stop
2011-03-15,VWTR,-0.06441820816140664,-0.06441820816140664,stop
2011-03-15,PPS,-0.01640217317150916,-0.014166607154990518,target
2011-03-17,BRKL_old,-0.043780796714514625,-0.03631300065257681,target
2011-03-17,JASO,0.045116920090391144,0.053191475484917206,target
2011-03-17,NPBC,-0.03147377156218745,-0.024901710926695242,target
2011-03-24,LSI,-0.0036067920918905205,-0.0002616676726712175,target
2011-03-29,UMPQ,0.020961635001886858,0.024096406839762885,target
2011-03-29,STEL_old,0.005614283861866909,0.01981730012316274,target
2011-03-30,UNS,0.00976013575471213,0.00976013575471213,target
2011-04-01,SASR,0.08882941198363659,0.10635676307819364,target
2011-04-05,NPBC,0.06478889447877223,0.06742639173474685,target
2011-04-06,CHFC,0.03227430116544494,0.03227430116544494,target
2011-04-07,PCH,0.007358053142561882,0.0079601912624645,target
2011-04-07,STEL_old,-0.007089646525508475,0.006458891428759106,target
2011-04-07,VWTR,0.0008695251079386956,0.00469009674570553,target
2011-04-08,UNS,0.012136264750340464,0.012136264750340464,target
2011-04-11,ACO,-0.0636650042435093,-0.0636650042435093,stop
2011-04-19,STEL_old,-0.06372194697336164,-0.06372194697336164,stop
2011-04-20,IRC,0.007179262612160731,0.007179262612160731,target
2011-04-20,BRKL_old,-0.14989291899255586,-0.14989291899255586,stop
2011-04-21,FFG,0.04641490149935312,0.04641490149935312,target
2011-04-21,UMPQ,0.033171294360658576,0.033171294360658576,target
2011-04-25,KDN,-0.04375108746785439,-0.04086851153149318,target
2011-04-25,CFNL,-0.009941003075586985,-0.0046083123481043264,target
2011-04-27,SJI,0.017269276521632904,0.017269276521632904,target
2011-04-28,SASR,0.03765254042591826,0.03852900099798995,target
2011-04-29,LBAI,0.0528144976199747,0.0528144976199747,target
2011-04-29,PCH,-0.015352370197448506,-0.0102352689375379,target
2011-05-04,DEL,-0.08483504368825945,-0.08483504368825945,stop
2011-05-04,LBAI,-0.02685816633930138,-0.022153345742260244,target
2011-05-05,KDN,-0.018017374640745043,-0.013845318604960744,target
2011-05-06,STEL_old,-0.0682853225618788,-0.0682853225618788,stop
2011-05-09,FFG,-0.007886651714907655,-0.004212279243925865,target
2011-05-09,SJI,-0.0016327002344241892,0.006444693992446071,target
2011-05-10,CFNL,0.01666470432840561,0.03104420697585386,target
2011-05-11,ACO,-0.009203327311224307,-0.009203327311224307,target
2011-05-11,BRKL_old,-0.07803999642618964,-0.07803999642618964,stop
2011-05-11,PCH,-0.025893607533549634,-0.016215716095481225,target
2011-05-12,SJI,-0.010854201377581973,-0.0012269885321706253,target
2011-05-13,STEL_old,-0.06995713585747465,-0.05083607552505898,target
2011-05-16,CHFC,-0.04162274346195738,-0.04162274346195727,target
2011-05-16,DEL,-0.09386049562860954,-0.09386049562860965,stop
2011-05-17,BGG,-0.06008969499698158,-0.06008969499698158,stop
2011-05-23,LSI,-0.06082032361439793,-0.06082032361439793,stop
2011-05-23,STEL_old,-0.0694072184858947,-0.0694072184858947,stop
2011-05-24,FFIC,-0.07031248412518332,-0.07031248412518332,stop
2011-05-26,EDE,-0.08465609193731927,-0.08465609193731938,stop
2011-05-26,NPBC,-0.05147472176155321,-0.050518118793357325,target
2011-05-26,COL,-0.021998652928215012,-0.01910829662370017,target
2011-05-27,SUSQ,-0.048953101529115695,-0.045555538601345535,target
2011-06-01,USTR,-0.49899244917395147,-0.49899244917395147,stop
2011-06-02,PCH,-0.08395674055101399,-0.08395674055101399,stop
2011-06-03,BGG,-0.07366396980860945,-0.07366396980860945,stop
2011-06-08,FMBI,-0.07154020494382829,-0.07154020494382829,stop
2011-06-08,FFIC,-0.07333842833891646,-0.07333842833891646,stop
2011-06-10,CHFC,-0.06401660427165334,-0.06401660427165334,stop
2011-06-16,FMER,-0.021485654725189596,-0.021485654725189596,target
2011-06-21,SUSQ,-0.067796659091922,-0.067796659091922,stop
2011-06-22,FMER,-0.00527602081901446,-0.001365791536636074,target
2011-06-29,UNS,-0.012780596777200892,-0.011161359865026865,target
2011-06-29,UMPQ,-0.01020795526696694,-0.01020795526696705,target
2011-07-07,SJI,0.025729852050938806,0.025729852050938806,target
2011-07-18,SJI,-0.025574966488918882,-0.025574966488918882,target
2011-07-22,CHFC,0.03277240255236302,0.03747965995527203,target
2011-07-22,SASR,0.008065709649526243,0.013513513513513598,target
2011-07-25,NPBC,0.023483716510710906,0.029525095896911102,target
2011-08-02,SJI,-0.07498643650453996,-0.0701519025923315,stop
2011-08-04,KDN,-0.07566337179622495,-0.07566337179622495,stop
2011-08-04,SUSQ,-0.1033633915324601,-0.09350646857488232,stop
2011-08-04,UMPQ,-0.0831282980244582,-0.07642735238839593,stop
2011-08-08,LSI,-0.13980922875228474,-0.13980922875228474,stop
2011-08-08,CFNL,-0.10367585717423367,-0.10367585717423367,stop
2011-08-08,SASR,-0.12260968621970703,-0.12260968621970703,stop
2011-08-08,SJI,-0.13361448449061442,-0.13361448449061442,stop
2011-08-08,CHFC,-0.09529082471222283,-0.09529082471222283,stop
2011-08-25,SJI,0.025006240321175488,0.035439628607089046,target
2011-09-01,JRN,-0.10201650772778736,-0.10201650772778725,stop
2011-09-01,LBAI,-0.08437991471608519,-0.08437991471608519,stop
2011-09-01,GRT,-0.025855141020491024,-0.013580166965927787,target
2011-09-02,VWTR,-0.09249814096464781,-0.09249814096464781,stop
2011-09-02,ATU,-0.08174940886949311,-0.08174940886949311,stop
2011-09-02,RSO,-0.056896763258968086,-0.056896763258968086,target
2011-09-02,FMBI,-0.11180987767722539,-0.11180987767722539,stop
2011-09-02,IRC,-0.06951260508710999,-0.06951260508710999,stop
2011-09-02,LBAI,-0.07079645430875126,-0.07079645430875126,stop
2011-09-06,JRN,-0.09117652132436749,-0.09117652132436749,stop
2011-09-06,PL_old,-0.08004381046015518,-0.08004381046015518,stop
2011-09-06,IN,-0.05523863975427812,-0.05523863975427823,target
2011-09-06,JBT,-0.05028909347548938,-0.05028909347548938,target
2011-09-07,PLFE,0.04329349057494136,0.04329349057494136,target
2011-09-07,PL_old,0.059594753222856456,0.059594753222856456,target
2011-09-08,AEL,-0.05366483842385006,-0.03806583080189385,target
2011-09-09,CHFC,-0.07610015165387096,-0.07610015165387096,stop
2011-09-09,JRN,-0.08308604774427719,-0.08308604774427719,stop
2011-09-09,VWTR,-0.07343122692262993,-0.07343122692262993,stop
2011-09-12,ROLL,-0.026717528454282324,-0.017656114078823615,target
2011-09-12,KDN,-0.040582417507449065,-0.040582417507449065,target
2011-09-13,FMBI,0.021656121681069118,0.021656121681069118,target
2011-09-15,JRN,0.24595469630217393,0.24595469630217393,target
2011-09-16,ASBC,0.03630188871665818,0.043478193789121544,target
2011-09-16,GRT,0.04166254224438859,0.04685574975678941,target
2011-09-19,CHFC,0.05064939649134548,0.05064939649134548,target
2011-09-19,NP_old,-0.02384588297515733,-0.02384588297515733,target
2011-09-20,UMPQ,0.03767168424183831,0.045861389298728295,target
2011-09-20,AEL,-0.02833767251040542,-0.01646538135929898,target
2011-09-20,PCBK,-0.11567604742384952,-0.09435896496944707,stop
2011-09-20,STEL_old,-0.09324810350350754,-0.08737126376990656,stop
2011-09-21,FMER,-0.07329844239020744,-0.07329844239020744,stop
2011-09-21,PLFE,-0.08905142951787759,-0.08140770645908724,stop
2011-09-21,VWTR,-0.08828832993074953,-0.08828832993074953,stop
2011-09-21,MPW,-0.06932722153526738,-0.06932722153526738,stop
2011-09-21,KDN,-0.11374451591247381,-0.11374451591247381,stop
2011-09-21,SUSQ,-0.08288729171122589,-0.08288729171122589,stop
2011-09-21,STEL_old,-0.08010479272742987,-0.08010479272742987,stop
2011-09-21,CHFC,-0.0632851412907447,-0.0632851412907447,stop
2011-09-22,IRC,-0.06447365490353296,-0.06447365490353307,stop
2011-09-22,PL_old,-0.06898652128586047,-0.06898652128586047,stop
2011-09-22,JBT,-0.07998591288205237,-0.07998591288205226,stop
2011-09-28,UMPQ,-0.060622266707522354,-0.060622266707522465,stop
2011-09-29,PCH,0.029277210474721205,0.04070266910337628,target
2011-09-29,NAVG,0.017329368627897246,0.02033797127471093,target
2011-09-30,PKY1,-0.07712623062374913,-0.05772551523341385,target
2011-09-30,SUSQ,-0.0851464402013935,-0.07370048607692303,stop
2011-09-30,CFNL,-0.07000829289659005,-0.06006674167208337,stop
2011-10-03,VVI,-0.08766974647367065,-0.08766974647367065,stop
2011-10-03,KDN,-0.08317701209434814,-0.08317701209434814,stop
2011-10-03,PL_old,-0.10493119339336032,-0.10493119339336032,stop
2011-10-03,MPW,-0.10505312317224835,-0.10505312317224835,stop
2011-10-03,IN,-0.08244273986691941,-0.08244273986691952,stop
2011-10-03,VWTR,-0.10452635274004918,-0.10452635274004918,stop
2011-10-03,JRN,-0.12296355206207754,-0.12296355206207765,stop
2011-10-03,CHFC,-0.06879851998937914,-0.06313142753918677,stop
2011-10-03,GRT,-0.12215234660704999,-0.12215234660704999,stop
2011-10-03,STEL_old,-0.06626527210207867,-0.06626527210207867,stop
2011-10-03,FPO,-0.06743382795193498,-0.06743382795193509,stop
2011-10-05,ALOG,0.025316452534658973,0.025316452534658973,target
2011-10-05,UMPQ,0.1555525569898497,0.15782993105204857,target
2011-10-06,BFIN,0.09781718836960529,0.1205979451531185,target
2011-10-06,ORIT,0.0787968666290133,0.0787968666290133,target
2011-10-06,RAVN,0.056901380110131905,0.056901380110131905,target
2011-10-06,SJI,0.02594311964219287,0.02594311964219287,target
2011-10-07,CLP,-0.07876005893679794,-0.06102080002861876,stop
2011-10-07,DNDN,-0.07000203675619399,-0.06340333408873622,stop
2011-10-07,UBA,-0.03688313179949787,-0.028723630985557858,target
2011-10-07,MOLX,0.011382062470444154,0.017357792397514338,target
2011-10-07,MINI,-0.052191970551216715,-0.03455777780791036,target
2011-10-10,JBT,0.06384117449070836,0.06384117449070836,target
2011-10-11,STEL_old,0.19488816366310058,0.19488816366310058,target
2011-10-11,HTLF,0.2206577926653297,0.23341137183254124,target
2011-10-11,EQC,-0.009729825662884273,-0.0017423364375820372,target
2011-10-12,RSO,0.07381120765337923,0.07381120765337923,target
2011-10-12,SGY,0.06179471148918725,0.06179471148918725,target
2011-10-13,FMBI,0.07721520584184671,0.07721520584184671,target
2011-10-13,BHLB,0.05369831460766661,0.056407037633169343,target
2011-10-13,LLEXQ,-0.0625000139698384,-0.0625000139698384,stop
2011-10-14,ELRC,0.0940914114396465,0.0940914114396465,target
2011-10-14,MIG_old,0.08403619006259433,0.08403619006259433,target
2011-10-14,PL_old,0.09259329690991747,0.09259329690991747,target
2011-10-14,JBT,-0.007298528421143202,-0.0012281177355089046,target
2011-10-17,NAVG,-0.07113147740800596,-0.07113147740800596,stop
2011-10-18,VWTR,0.041008570188307614,0.04490269350987641,target
2011-10-18,JNS,0.08285333567652664,0.10436720361896001,target
2011-10-18,SPRT,-0.08077155018046323,-0.08077155018046323,stop
2011-10-19,UNS,0.024170238686478607,0.024170238686478607,target
2011-10-19,KDN,0.0030106514506831328,0.015026722737176978,target
2011-10-19,AXE,-0.014282000670968742,-0.007998031157052443,target
2011-10-19,CRZO,0.20475742911829165,0.20475742911829165,target
2011-10-19,ESL,-0.08534776623942919,-0.0803257395139797,stop
2011-10-19,PCXCQ,-0.0835138346599148,-0.06138417869030299,stop
2011-10-19,GRT,0.07975158735071464,0.08225616268223845,target
2011-10-20,PJC,-0.06288308345426119,-0.06288308345426119,stop
2011-10-20,DNDN,0.10140612524791237,0.12472890401921655,target
2011-10-20,CLFC,0.04489791549180633,0.04489791549180633,target
2011-10-20,ELRC,0.013484711023825202,0.013484711023825202,target
2011-10-21,SFYWQ,0.2049924115005921,0.2049924115005921,target
2011-10-21,BRKL_old,0.010871314911433894,0.018830986130292438,target
2011-10-24,LLEXQ,-0.16492013582935372,-0.1649201358293535,stop
2011-10-24,MOLX,0.08944637776616848,0.08944637776616848,target
2011-10-25,ENH,0.11635911142913136,0.12427650894914222,target
2011-10-25,ITMN,0.14841592697082695,0.14841592697082695,target
2011-10-26,PCBK,0.1621004020710557,0.1714351420467919,target
2011-10-26,IRC,0.025028424919032455,0.030266143628949083,target
2011-10-26,NAVG,0.06993318950714578,0.07594036076910138,target
2011-10-27,PPS,0.07147163853232863,0.07147163853232863,target
2011-10-27,PCXCQ,0.293791380278172,0.293791380278172,target
2011-10-27,JNS,0.12249295306672536,0.12249295306672536,target
2011-10-27,PLFE,0.11633835247415769,0.12068964631322143,target
2011-10-27,SPRT,-0.026040526896854432,-0.004857988864768514,target
2011-10-28,OMG,0.11659929321901474,0.11659929321901474,target
2011-10-28,CAS_old1,0.16495942084321014,0.18299588707693348,target
2011-10-28,ATU,0.098199063426889,0.098199063426889,target
2011-10-28,PJC,0.21741541469809356,0.21741541469809356,target
2011-10-28,STEL_old,0.1002807063797051,0.10791365302292033,target
2011-11-01,VVI,0.10060472072442761,0.10060472072442761,target
2011-11-01,SOA,0.05406754602536168,0.05406754602536168,target
2011-11-01,PCH,-0.07630154007852208,-0.07630154007852208,stop
2011-11-01,FMBI,-0.11912219707436233,-0.11912219707436233,stop
2011-11-01,BHLB,-0.060426012304712895,-0.060426012304712895,stop
2011-11-01,CRZO,-0.06267686469810962,-0.06267686469810962,stop
2011-11-01,ASBC,-0.10186755827391436,-0.10186755827391425,stop
2011-11-01,NAVG,-0.06284734295482963,-0.06284734295482963,stop
2011-11-01,ROLL,-0.07502537385404406,-0.07502537385404406,stop
2011-11-01,DBDQQ,-0.06562106829798453,-0.06562106829798453,stop
2011-11-01,ESND,-0.07584531037434927,-0.07584531037434927,stop
2011-11-01,PCBK,-0.125382101300052,-0.12538210130005212,stop
2011-11-01,EQC,-0.06496297951866481,-0.0649629795186647,stop
2011-11-02,DNDN,-0.08734900160125625,-0.07351637967320479,stop
2011-11-02,RLH,0.04740743283872262,0.04740743283872262,target
2011-11-03,CHFC,0.1289209221222376,0.1289209221222376,target
2011-11-03,HITT,0.03546111520903561,0.039538325948978326,target
2011-11-03,JBT,0.08381350114972519,0.09030096622200356,target
2011-11-03,UBA,0.018651318628524205,0.030849753776616806,target
2011-11-03,SASR,0.08116489608612998,0.08116489608612998,target
2011-11-04,KDN,0.011200710198295383,0.023926566265485727,target
2011-11-07,OMI,-0.007161879880201227,-0.00291003871528428,target
2011-11-07,PCBK,0.03419198409837043,0.043859637067169555,target
2011-11-07,BLT,-0.003286365810659997,0.007863688319739603,target
2011-11-07,ORIT,0.009942124925637286,0.009942124925637286,target
2011-11-08,HTLF,0.05283640215355945,0.05428950816356726,target
2011-11-08,SFG,0.011176502003389155,0.011176502003389155,target
2011-11-09,IN,0.04231307580271393,0.04231307580271393,target
2011-11-09,ASBC,-0.006616228291965731,-0.006616228291965731,target
2011-11-09,HSON,-0.004538722217559021,0.03241886039493047,target
2011-11-09,OPI,-0.02957130831378807,-0.028232756922317193,target
2011-11-09,HAYN,-0.11486784772002356,-0.11486784772002356,stop
2011-11-09,RSTI,-0.12015337781538116,-0.12015337781538116,stop
2011-11-09,CNW,-0.023700368595650723,-0.014777808128787262,target
2011-11-10,ESL,0.061507965203881465,0.07041935937710497,target
2011-11-10,DGIT,-0.10870776024279505,-0.10870776024279505,stop
2011-11-10,UNS,0.0030196010548446672,0.009716781501196703,target
2011-11-11,GLT,0.09195400330141212,0.09195400330141212,target
2011-11-11,PRSG,0.0323593733737102,0.037383231713539855,target
2011-11-11,IBKC,0.038264841159265206,0.038264841159265206,target
2011-11-14,NPBC,0.08099780131775347,0.0810111714397217,target
2011-11-14,CSE,0.011513186272987364,0.011513186272987364,target
2011-11-16,SJI,-0.03304497149966723,-0.029903674141648073,target
2011-11-16,CHFC,0.01814604949981624,0.023354592913693795,target
2011-11-16,BFIN,-0.061068715071679214,-0.061068715071679214,stop
2011-11-17,ROLL,0.011783713838872778,0.011783713838872778,target
2011-11-17,EQC,-0.06005020384935911,-0.060050203849358996,stop
2011-11-17,RSTI,-0.02579130392348028,-0.00864415972092658,target
2011-11-17,SASR,0.01123339197628126,0.01394263416711694,target
2011-11-21,CHG,0.019555581605666283,0.019555581605666283,target
2011-11-21,NP_old,0.01144622366123449,0.015183606800185157,target
2011-11-21,KW,-0.02084925638052726,-0.01705570271113166,target
2011-11-21,TWGP,-0.0712127939695113,-0.06781645165813477,stop
2011-11-21,CFNL,-0.013269873086288464,-0.004350915373858011,target
2011-11-21,IDTI,-0.08823528953443693,-0.08823528953443704,stop
2011-11-21,MODG,0.002757823192375053,0.0077820939478694395,target
2011-11-22,VRTU,-0.0602327265653787,-0.0602327265653787,stop
2011-11-22,GDPM,-0.0863150344723278,-0.07278909583045146,stop
2011-11-22,AEL,-0.016551878209227433,-0.00917425975184516,target
2011-11-23,TAL1,-0.06433823348947876,-0.06433823348947876,stop
2011-11-23,LSI,-0.07317146240766137,-0.07317146240766148,stop
2011-11-23,KDN,-0.03229058524231787,-0.03229058524231798,target
2011-11-23,IN,-0.08532469934482645,-0.08532469934482645,stop
2011-11-23,UBA,-0.07692484156210688,-0.07692484156210677,stop
2011-11-23,GLT,-0.09836785696081751,-0.09836785696081751,stop
2011-11-23,EQC,-0.029805395916951416,-0.029805395916951416,target
2011-11-23,LSE_old,-0.07653065941225445,-0.07653065941225445,stop
2011-11-23,MINI,-0.0615124263445328,-0.0615124263445328,stop
2011-11-25,BBOX,-0.06204438642017074,-0.056469072388544705,target
2011-11-25,ALOG,-0.06594890481446103,-0.06594890481446103,stop
2011-11-25,DNDN,0.04062360977669366,0.06283483327661843,target
2011-11-25,HAYN,-0.03772573929623779,-0.03772573929623779,target
2011-11-25,NP_old,-0.06344406558698068,-0.06344406558698057,stop
2011-11-25,BFIN,-0.0031808261367675117,0.0018349044462047104,target
2011-11-28,FPO,0.0411371537734011,0.0411371537734011,target
2011-11-29,MHLD,0.001061815131820909,0.00978519796731625,target
2011-11-30,UNS,0.046241165052914424,0.046241165052914424,target
2011-12-02,SOA,0.09917919429653188,0.09917919429653188,target
2011-12-05,JBT,0.11498572012721953,0.1206896551724137,target
2011-12-06,TWGP,0.004662395069722658,0.007408504595312948,target
2011-12-06,MIG_old,0.04441475263475603,0.05696850701556988,target
2011-12-06,SP,0.10047508312182907,0.10227972238028649,target
2011-12-07,TAL1,0.06286830751105632,0.06286830751105632,target
2011-12-07,GLT,0.07369196923279331,0.07369196923279331,target
2011-12-07,ASBC,0.08397488935684283,0.08787887603601297,target
2011-12-07,BPFH,0.1225351967950632,0.1225351967950632,target
2011-12-08,MRH,-0.062322969135640394,-0.062322969135640394,stop
2011-12-08,CFNL,0.07922642845368633,0.07922642845368633,target
2011-12-08,VVI,0.03887430206993869,0.04550459477101643,target
2011-12-08,ENH,0.03814366901718258,0.03814366901718258,target
2011-12-08,TGH,-0.029179162311887552,-0.020789193267310657,target
2011-12-08,BFIN,-0.0702218219153613,-0.0702218219153613,stop
2011-12-08,DEL,-0.07113625091873987,-0.07113625091873987,stop
2011-12-08,PGI,-0.06424244967373938,-0.06424244967373938,stop
2011-12-09,VWTR,0.0601323405572598,0.06041565817953387,target
2011-12-09,RAVN,0.10720026894104118,0.10918070935230095,target
2011-12-09,ACO,-0.028453203157625895,-0.006985997611562933,target
2011-12-09,MPW,0.008006752375915749,0.028436111848246126,target
2011-12-09,PWOD,0.026408546396458954,0.04245420769695407,target
2011-12-12,PLFE,0.09430691372412592,0.10572687733626585,target
2011-12-12,PKY1,-0.009900063360285039,0.0006849414054292957,target
2011-12-12,HEES,0.013734967370990558,0.0341541143736519,target
2011-12-12,CAS_old1,-0.27983193533222406,-0.27983193533222406,stop
2011-12-13,ELRC,0.0785142782610273,0.0871056559951513,target
2011-12-13,WBCO,0.01007880026482022,0.026639959292410698,target
2011-12-13,NFP,-0.06964784157392723,-0.06062661095109856,stop
2011-12-13,ATMI,-0.08026730716875041,-0.062304893013350626,stop
2011-12-14,AEL,-0.06238702602884083,-0.06238702602884083,stop
2011-12-14,HTSI,-0.03188200021148824,-0.026783471198749687,target
2011-12-14,IN,-0.06802721176701776,-0.06802721176701776,stop
2011-12-14,SJI,0.0026246604658408668,0.0026246604658408668,target
2011-12-14,SGY,-0.10423073401817906,-0.10423073401817906,stop
2011-12-15,OMI,-0.020165213529202752,-0.020165213529202752,target
2011-12-15,FPO,0.020627062901037885,0.020627062901037885,target
2011-12-16,UBA,0.06137194404695889,0.06937503814697266,target
2011-12-16,EPIQ,-0.06918170242685395,-0.06918170242685395,stop
2011-12-16,CSS,0.04574471517297929,0.04574471517297929,target
2011-12-16,AFSI,-0.09479044305548423,-0.09479044305548423,stop
2011-12-19,NAVG,0.07277665892266794,0.09078082240817031,target
2011-12-19,AEC_old,-0.014389805073984796,-0.009548752871344046,target
2011-12-19,DEL,0.015717443054469094,0.027720000697907254,target
2011-12-19,PWOD,0.0165479330087277,0.02175547579730641,target
2011-12-19,PRSG,-0.18589722977468703,-0.1837918179988801,stop
2011-12-19,TGH,0.007907994676120467,0.008695634616335823,target
2011-12-20,SP,0.09468080057291206,0.09856628680348312,target
2011-12-20,HEES,0.05712412732140093,0.06245296659807731,target
2011-12-20,BPFH,0.053605845353830395,0.053605845353830395,target
2011-12-20,MPR,0.0279416806695727,0.03481820108962719,target
2011-12-21,BFIN,0.03735412650776282,0.0449437760787057,target
2011-12-22,VPFG,0.008729024074569658,0.00990244846211552,target
2011-12-22,FMBI,0.1288888719346788,0.1288888719346788,target
2011-12-22,CSU,0.08143159101280095,0.08143159101280095,target
2011-12-23,CSE,0.07021948329393024,0.07781461423794722,target
2011-12-23,JNS,0.06067235370723201,0.06067235370723201,target
2011-12-23,SGK,-0.06721502995262851,-0.06419381437093652,stop
2011-12-27,IBKC,0.06657404286322666,0.0735318093208388,target
2011-12-27,FFIC,0.014561922311584263,0.023509575619683032,target
2011-12-28,ESBF,0.04326667045735455,0.04759238414367739,target
2011-12-28,PCBK,-0.017881809710963426,-0.017300993911224083,target
2011-12-28,AFSI,-0.006185983133651707,-0.00257231783569134,target
2011-12-28,MCF,-0.009606129813455544,0.0023894758368976365,target
2011-12-29,LPNT,0.006326562688265369,0.01933364064639287,target
2011-12-29,IN,-0.004064842966040927,-0.0007701105008114384,target
2011-12-29,CRZO,0.04960700973971721,0.05978557578546506,target
2011-12-30,ACCL_old,0.04814199126345553,0.04888593100882366,target
2011-12-30,RTI,0.07033942615209088,0.07033942615209088,target
2011-12-30,MPX,-0.07127307918203041,-0.07127307918203052,stop
2012-01-03,ZEUS,0.08446518744598652,0.08446518744598652,target
2012-01-04,JBT,0.007927008429026605,0.015822724259983545,target
2012-01-05,UMPQ,0.049903790037383544,0.05306794091046796,target
2012-01-05,AEC_old,0.016332010106259842,0.019463565519629356,target
2012-01-06,SGK,-0.07545532573354974,-0.07545532573354963,stop
2012-01-06,LBAI,0.048895172650641694,0.05568451302589694,target
2012-01-10,TWGP,0.01883869024493645,0.01883869024493645,target
2012-01-11,JAH,0.04958363361069229,0.04958363361069229,target
2012-01-11,LANC,-0.016047659497709366,-0.016047659497709366,target
2012-01-11,PHX,-0.06066236176150441,-0.060662361761504524,stop
2012-01-12,MINI,0.08080171817384296,0.085017855595789,target
2012-01-12,MLHR,0.04226308182027538,0.04226308182027538,target
2012-01-12,PKY1,-0.0660900437033517,-0.06609004370335181,stop
2012-01-13,GRT,-0.021905783872751217,-0.021905783872751217,target
2012-01-18,AEL,0.03498591840772436,0.03498591840772436,target
2012-01-18,IDTI,0.16261680393783728,0.16261680393783728,target
2012-01-18,VRTU,0.02919239882167557,0.04582763895612185,target
2012-01-18,IPCM,-0.012232579845715574,-0.012232579845715463,target
2012-01-19,SSI,0.08924955870856732,0.08924955870856732,target
2012-01-20,NFP,0.15888620819097077,0.15888620819097077,target
2012-01-20,EFII,0.08994845941438934,0.09559723196381764,target
2012-01-20,OPI,0.03293220818918341,0.03293300262442522,target
2012-01-23,ANAT,0.007293870203052721,0.008083649213305844,target
2012-01-23,SJI,0.0018181540749289127,0.0018181540749289127,target
2012-01-24,EQC,0.12340502913943618,0.12653061950796185,target
2012-01-24,PWOD,0.010931453585939721,0.01899686462316552,target
2012-01-26,CNW,0.10064802472389056,0.10064802472389056,target
2012-01-26,RSO,0.0592624988472501,0.0592624988472501,target
2012-01-27,PGI,0.1442134127936774,0.1491110959016888,target
2012-01-27,LSE_old,0.061822756324564576,0.06483783970186385,target
2012-01-27,MCRL,0.1895549405405177,0.1895549405405177,target
2012-01-27,SMA_old,-0.026263949374483064,-0.01794876152555125,target
2012-01-27,MCF,0.04762083575242837,0.05483224935509745,target
2012-01-30,LBAI,0.11089048206527008,0.12035991602946239,target
2012-01-31,ORIT,0.017676351652416544,0.017676351652416544,target
2012-01-31,ALOG,-0.02017053864276519,-0.01868192017642234,target
2012-01-31,PCH,-0.07620201031202545,-0.07620201031202545,stop
2012-02-01,KNX1,0.10253978860926538,0.10253978860926538,target
2012-02-03,JBT,0.05289528882168315,0.05289528882168315,target
2012-02-03,ATU,0.11197383931362892,0.11197383931362892,target
2012-02-03,SYA,0.09780212663075671,0.09780212663075671,target
2012-02-06,ACO,0.12247113378103736,0.12683696090359442,target
2012-02-06,MHGC,0.04714608416748489,0.05087718799247032,target
2012-02-07,LAYN,0.04713653692830366,0.05095968836864917,target
2012-02-07,MPW,-0.02268249389775434,-0.02268249389775423,target
2012-02-08,BMTC,0.06643178857938814,0.06643178857938814,target
2012-02-08,OUTD,0.05451159177727294,0.0567274796648376,target
2012-02-09,EXL,0.056656009519973294,0.0622895424233747,target
2012-02-09,ESND,0.047879405952056864,0.05240710654163627,target
2012-02-09,HTLF,0.027079685237646256,0.03272732821377833,target
2012-02-10,OPI,0.0055084643529486055,0.0055084643529486055,target
2012-02-10,AKS,-0.0716723682792949,-0.0716723682792949,stop
2012-02-13,UMPQ,0.03898101001193388,0.03898101001193388,target
2012-02-13,HI,0.01722659507784119,0.01722659507784119,target
2012-02-13,PKY1,0.01507543468140704,0.01507543468140704,target
2012-02-14,SMA_old,0.03217509362301785,0.03217509362301785,target
2012-02-14,MHLD,0.013619092992784632,0.02277657614587536,target
2012-02-14,GEOI,-0.004740538358562474,-0.004740538358562474,target
2012-02-15,KNL,0.033560235016732776,0.03931513703998246,target
2012-02-16,CNW,0.021710954732424792,0.021710954732424792,target
2012-02-16,CSGS,-0.008087151879292764,-0.004914000020385667,target
2012-02-17,AEC_old,-0.03602344385559575,-0.03562498092651367,target
2012-02-21,ESBF,-0.027040164944722167,-0.025620656596129887,target
2012-02-21,ESND,-0.061061374855645556,-0.061061374855645445,stop
2012-02-22,HTSI,0.05571329306858863,0.05571329306858863,target
2012-02-22,RSO,0.011464231068004871,0.014519041811780431,target
2012-02-23,RAVN,0.02019316142200167,0.024176757008679717,target
2012-02-23,ATMI,0.005056593027238598,0.014705878603042288,target
2012-02-24,SKS,0.0,0.0,time
2012-02-24,FFIC,0.025708515559078826,0.031201293426401655,target
2012-02-27,RSTI,-0.07619391290712985,-0.07619391290712985,stop
2012-02-27,ASI,-0.06809360245626983,-0.06809360245626983,stop
2012-02-28,PMFG,0.04368401159405977,0.05118830959162746,target
2012-02-29,IN,-0.062193038297017056,-0.06030150964487013,stop
2012-02-29,ALOG,-0.013050472681757408,-0.010268969186291943,target
2012-02-29,LPNT,-0.02842422975531378,-0.025018763308969683,target
2012-03-01,PHX,-0.060021037632258856,-0.060021037632258745,stop
2012-03-01,CLP,0.006960332615416398,0.011707305908203125,target
2012-03-01,FFG,0.008110002402080818,0.013761795152112954,target
2012-03-01,DEL,-0.038839917163465354,-0.02693530234352648,target
2012-03-02,MCRL,-0.07361697689736757,-0.07361697689736768,stop
2012-03-02,SJI,-0.0665404643543488,-0.0606618191028534,stop
2012-03-02,CSS,-0.07829533695798885,-0.07829533695798885,stop
2012-03-02,FDP,-0.024510578485108514,-0.02220288394111214,target
2012-03-05,MHLD,-0.03876404716382964,-0.02781403980804309,target
2012-03-06,FXCB,-0.008801712178773347,-0.0008327971827534197,target
2012-03-06,NAVG,-0.06750147087260472,-0.06170529130385827,stop
2012-03-06,EQC,-0.06323914659831997,-0.06323914659831986,stop
2012-03-06,NFP,-0.039973827077475765,-0.039973827077475765,target
2012-03-06,ACO,-0.06321181251526287,-0.06321181251526287,stop
2012-03-06,EPHC,-0.08254064192446053,-0.08254064192446053,stop
2012-03-07,BLT,0.001777803693814528,0.009157602781701524,target
2012-03-07,EPAY,0.01714539533213011,0.0283159547153935,target
2012-03-08,AMSG,-0.019877622461927036,-0.019877622461927147,target
2012-03-08,OMI,-0.0010066704719767783,-0.0010066704719766673,target
2012-03-08,SFYWQ,-0.02644242319348533,-0.018726826699772103,target
2012-03-08,LAYN,-0.04558535350676918,-0.0386570223621866,target
2012-03-08,IPHS,-0.02400616425053237,-0.02103491755872855,target
2012-03-09,OA,-0.016243922429192592,-0.016243922429192592,target
2012-03-12,EPIQ,0.0007167442485975783,0.006721156625067115,target
2012-03-12,DHIL,0.01316946195861357,0.01730722703729426,target
2012-03-12,LANC,0.02107648340190238,0.02107648340190238,target
2012-03-12,QLGC,0.04710854863000513,0.053075944801928454,target
2012-03-14,FFG,0.007514155136790324,0.007955228894770627,target
2012-03-16,PCXCQ,0.13809521574912864,0.13809521574912864,target
2012-03-16,CHFC,0.05774558603980107,0.05774558603980107,target
2012-03-19,AEL,0.07465321308806527,0.07633584575422003,target
2012-03-19,IBKC,0.055790096573275605,0.05883480269015218,target
2012-03-20,PKY1,0.04577035408042973,0.048106375776165944,target
2012-03-20,COL,-0.023206096599733717,-0.023206096599733828,target
2012-03-20,VVI,-0.011160587865764127,-0.005376364484882101,target
2012-03-20,FXCB,0.01369147116708902,0.01369147116708902,target
2012-03-20,WRES,-0.06365353173526889,-0.06365353173526889,stop
2012-03-21,VWTR,0.1364982458338957,0.1364982458338957,time
2012-03-21,MGLN,-0.06574029323983677,-0.06540172827189594,stop
2012-03-21,ESSA,0.0010861313969157127,0.002746326215751438,target
2012-03-22,PRSG,0.47513244380946973,0.47513244380946973,time
2012-03-22,NFP,-0.018679101884356175,-0.018679101884356175,target
2012-03-23,HITT,0.030169980203927915,0.030169980203927915,target
2012-03-26,HSON,0.10982662145993194,0.10982662145993194,target
2012-03-27,EPHC,0.025133481543932357,0.031713065659064954,target
2012-03-27,SFYWQ,-0.027712054430405475,-0.027712054430405364,target
2012-03-27,DEL,0.04576156888080907,0.04576156888080907,target
2012-03-27,KDN,-0.2613093340035939,-0.2613093340035939,stop
2012-03-28,JBT,0.08080192809319064,0.08261157576348266,target
2012-03-29,DHIL,-0.02581342141288734,-0.02345330465697648,target
2012-03-29,MINI,-0.008295442649276286,-0.006015782713720164,target
2012-03-29,FXCB,0.039573806023380564,0.04369047973750573,target
2012-03-30,QSFT,0.19946585375828563,0.20320580528278365,target
2012-03-30,IGTE,-0.04134357236622799,-0.03678157492410894,target
2012-03-30,ROLL,0.011297390592461376,0.011622864292307522,target
2012-03-30,RTI,0.006387736659367871,0.00743397542612545,target
2012-03-30,LSE_old,0.017676810855318248,0.017676810855318248,target
2012-04-02,ZEP,0.022993851109844643,0.03357230243639964,target
2012-04-02,LDR,-0.015049896792209583,-0.015049896792209694,target
2012-04-02,EXL,0.00046685523666800677,0.004656252999949428,target
2012-04-03,HAYN,0.03292290600078762,0.04368003668805143,target
2012-04-03,UMPQ,0.08822352505513975,0.0976494375840844,target
2012-04-03,BBOX,-0.02658854927581611,-0.00862073733373292,target
2012-04-04,TWGP,0.019768042270251973,0.019768042270251973,target
2012-04-04,LBAI,-0.03443868833221653,-0.03443868833221664,target
2012-04-04,STEL_old,-0.06644967298543814,-0.06644967298543814,stop
2012-04-05,CIR,-0.07719420380820619,-0.07719420380820619,stop
2012-04-05,GIFI,-0.06595384435038643,-0.05497244943203061,target
2012-04-05,MCF,-0.029470044443500987,-0.029470044443501098,target
2012-04-05,ELRC,-0.07097516143400484,-0.07097516143400484,stop
2012-04-09,KDN,-0.08250113567880701,-0.08250113567880701,stop
2012-04-09,PWOD,-0.061178253537142346,-0.061178253537142346,stop
2012-04-09,EPL,-0.07535680459862582,-0.0753568045986257,stop
2012-04-10,RAVN,-0.06552578903095596,-0.06552578903095607,stop
2012-04-10,EF,-0.10431494726116186,-0.09795322534319728,stop
2012-04-10,GFIG,-0.0849315542735386,-0.0849315542735386,stop
2012-04-10,TGH,-0.08980579996032534,-0.08980579996032534,stop
2012-04-10,HTSI,-0.02684481777431469,-0.020494024326060956,target
2012-04-10,LBAI,-0.05331777103199542,-0.05240245866378024,target
2012-04-11,MSCC,-0.022190019036683162,-0.022190019036683162,target
2012-04-12,CSS,0.007825425110687512,0.007825425110687512,target
2012-04-12,ANAT,-0.024239669435452305,-0.024239669435452305,target
2012-04-12,MPW,0.0011247778201752823,0.0011247778201752823,target
2012-04-12,OPI,0.01604856812728328,0.01604856812728328,target
2012-04-13,SUPX_old2,-0.0392740913809857,-0.02849875343731978,target
2012-04-16,VRNT,-0.013732260575406552,-0.01373226057540644,target
2012-04-16,IBKC,0.008115711516530455,0.013152810350889332,target
2012-04-16,ESSA,0.01639342660450316,0.01639342660450316,target
2012-04-17,HI,-0.014336904085998858,-0.014336904085998858,target
2012-04-17,JASO,0.08333325054910778,0.08333325054910778,target
2012-04-17,LSE_old,0.033465189077373614,0.033465189077373614,target
2012-04-18,ENZ,0.05734122177814194,0.06676002612408549,target
2012-04-18,IRC,-0.012521264948969102,-0.008094602679180718,target
2012-04-18,KNL,0.018083081746253393,0.0248733635197953,target
2012-04-19,BLT,-0.027413645589858926,-0.027413645589858926,target
2012-04-19,LAYN,-0.07083327742127576,-0.06331304651463576,stop
2012-04-19,CSFL,-0.07338310390388492,-0.0733831039038848,stop
2012-04-19,PGI,-0.016543999958696487,-0.015872914215768197,target
2012-04-19,ZEP,-0.030976184545038365,-0.024539853769938946,target
2012-04-20,ASI,0.00656623210846341,0.019071691324378914,target
2012-04-23,FFG,-0.062237997127721156,-0.062237997127721156,stop
2012-04-23,MCRL,0.0015151379176105984,0.0015151379176105984,target
2012-04-23,CIR,-0.0159840638897627,-0.0159840638897627,target
2012-04-23,MIG_old,-0.05888652909523484,-0.05888652909523473,target
2012-04-23,JRCCQ,-0.08440718196808772,-0.08440718196808772,stop
2012-04-23,CSFL,0.0345332636364466,0.057718163246261334,target
2012-04-24,QLGC,-0.008183971281049751,-0.0035161514563383234,target
2012-04-24,EPAY,-0.0682683044820529,-0.06249999528444283,stop
2012-04-24,STEL_old,-0.02487135211390179,-0.02487135211390179,target
2012-04-24,ORIT,0.029160727964138156,0.029160727964138156,target
2012-04-26,KNX1,-0.051695952043078086,-0.04890670397958763,target
2012-04-26,IBKC,0.010888613065682895,0.010888613065682895,target
2012-04-27,RLH,0.030094585452997258,0.03452536356336022,target
2012-04-27,BBOX,0.013071853498994646,0.018550487468275367,target
2012-04-27,PCBK,-0.0033297098649720525,-0.0033297098649720525,target
2012-04-27,MINI,0.018965282724428212,0.018965282724428212,target
2012-04-27,ATU,0.031910897167229946,0.031910897167229946,target
2012-04-30,PJC,-0.024497984576178355,-0.019945679072728706,target
2012-04-30,VVI,-0.00497018875941313,0.0050027878673117865,target
2012-05-01,ESND,-0.042109990645883166,-0.042109990645883166,target
2012-05-01,WBCO,0.049317117107730235,0.049317117107730235,target
2012-05-01,HITT,0.07715620357555264,0.07715620357555264,target
2012-05-02,PLFE,0.03408072891853675,0.03408072891853675,target
2012-05-02,VRNT,0.014262197778514896,0.02023885288767935,target
2012-05-02,HTBK,-0.026706206891867756,-0.026706206891867756,target
2012-05-03,MGLN,-0.0633686842637563,-0.0633686842637563,stop
2012-05-03,WRES,-0.08297506873930516,-0.08297506873930527,stop
2012-05-04,COBZ,-0.06441181568141885,-0.06441181568141885,stop
2012-05-04,B_old,-0.06783107635678831,-0.06783107635678831,stop
2012-05-04,LBAI,-0.045789916816632026,-0.04441936039764871,target
2012-05-04,MCRL,-0.03925921991696646,-0.03925921991696657,target
2012-05-07,BLT,-0.04315652806560155,-0.04315652806560155,target
2012-05-07,SYMM,-0.055449383406204755,-0.04033098195096829,target
2012-05-08,FPO,0.03864378652784728,0.03864378652784728,target
2012-05-08,CSE,-0.001284223342282842,0.009759032407019586,target
2012-05-09,PWOD,0.00044346144138285304,0.004222746106874453,target
2012-05-09,MGLN,0.002996709318052959,0.002996709318052959,target
2012-05-10,CHFC,0.005163405805032273,0.01438403691624246,target
2012-05-10,FUR,-0.01811138004765145,-0.011102173031614981,target
2012-05-11,SJI,0.0031302135207120774,0.003983199657652925,target
2012-05-11,FMBI,-0.051093837389720065,-0.04867932665057706,target
2012-05-11,INAP,0.0467421992040602,0.0467421992040602,target
2012-05-11,JRCCQ,-0.08561540904461751,-0.08561540904461751,stop
2012-05-14,CNW,0.00923253595594331,0.00923253595594331,target
2012-05-15,CSFL,-0.02370631763884179,-0.00912648904368718,target
2012-05-15,WRES,-0.0693877848919503,-0.06938778489195019,stop
2012-05-15,JRCCQ,-0.06887754481417707,-0.06887754481417707,stop
2012-05-15,GLT,-0.0033206719609607527,0.0020534351369265735,target
2012-05-16,FFIC,0.015133192820976138,0.02232970764866904,target
2012-05-16,EXL,0.003684661096315711,0.006560188832766212,target
2012-05-16,WMAR,-0.08327130518413217,-0.08327130518413228,stop
2012-05-17,MCF,-0.014035107829322935,-0.014035107829322935,target
2012-05-17,PKY1,0.02323067182650873,0.02323067182650873,target
2012-05-17,BFIN,0.028210415794101884,0.028210415794101884,target
2012-05-17,VRNT,-0.007592007752591168,-0.0006701982351275948,target
2012-05-17,CKH,-0.029924480603299664,-0.02814829176509226,target
2012-05-17,EPHC,0.036717848765049244,0.04192864982672484,target
2012-05-17,IRC,-0.021959500893152906,-0.021959500893153017,target
2012-05-17,MSCC,-0.08479066878089292,-0.08479066878089292,stop
2012-05-17,AJRD,-0.07507507679512726,-0.07507507679512726,stop
2012-05-17,BMTC,-0.01636832629101248,-0.0127104713620525,target
2012-05-17,ESND,-0.06173837897268075,-0.06173837897268075,stop
2012-05-17,MSWP,-0.08088236108241631,-0.08088236108241631,stop
2012-05-18,LPNT,-0.0720149387844693,-0.0720149387844693,stop
2012-05-18,PJC,-0.07493310880726312,-0.07493310880726312,stop
2012-05-18,MINI,-0.07191312635020308,-0.07191312635020297,stop
2012-05-18,GRT,-0.07656355657654457,-0.07656355657654457,stop
2012-05-18,SUSQ,-0.0018089216513853534,0.0051813671203522205,target
2012-05-21,OPI,-0.03950292493069407,-0.030865823543759663,target
2012-05-21,VCBI,0.053905203860319384,0.058771693818984616,target
2012-05-21,PSSI,0.030933329264323017,0.030933329264323017,target
2012-05-21,AXAS,0.034080655602730436,0.05397405675455946,target
2012-05-22,ATRI,0.00588015598716729,0.00588015598716729,time
2012-05-22,DHIL,-0.0883263389124388,-0.07639266624957386,stop
2012-05-22,AEL,-0.04751718138813954,-0.039532841826904086,target
2012-05-23,EPIQ,-0.01004517626759771,-0.0100451762675976,target
2012-05-23,IBKC,0.0018397415363156089,0.0018397415363156089,target
2012-05-24,NRF,-0.0026971607245345197,0.0018640200796002926,target
2012-05-24,FMER,0.01516986085524552,0.018227587574396686,target
2012-05-24,HITT,0.01553235881449222,0.01553235881449222,target
2012-05-24,ZIGO,-0.07764844551092331,-0.07764844551092343,stop
2012-05-24,LDR,0.026870078503124617,0.026870078503124617,target
2012-05-31,DEL,-0.025156256258415333,-0.017702822278837793,target
2012-05-31,RAVN,0.12348416355618541,0.12832574402894625,target
2012-05-31,TAL1,-0.07859157508527725,-0.07859157508527725,stop
2012-05-31,HI,-0.007525581306525031,-0.00752558130652492,target
2012-05-31,BBOX,0.011632663426620393,0.016346808665987034,target
2012-05-31,EPAY,-0.05223025117169633,-0.04741608640665418,target
2012-06-01,EQC,-0.010728325044102816,-0.010728325044102704,target
2012-06-01,MSCC,-0.09671117247918914,-0.09671117247918914,stop
2012-06-01,DHIL,-0.06420644994928282,-0.06420644994928282,stop
2012-06-01,SUSQ,-0.06435139089844,-0.06435139089844011,stop
2012-06-01,FARO,-0.0767812655952751,-0.07678126559527498,stop
2012-06-04,B_old,-0.0465501936058601,-0.04015218804168175,target
2012-06-04,MLHR,-0.06224711801535476,-0.06224711801535476,stop
2012-06-04,CHFC,-0.057423348391238194,-0.052623703077398276,target
2012-06-04,BOBE,0.011880147075996383,0.023267702204311735,target
2012-06-05,BLT,0.053042162275147575,0.05774000594075468,target
2012-06-05,SFG,-0.04894005053061201,-0.03833055769529037,target
2012-06-05,KNL,-0.062053724626743634,-0.05651846074814637,target
2012-06-06,NPBC,-0.024137935948381428,-0.024137935948381428,target
2012-06-06,MINI,0.08327708675248036,0.08327708675248036,target
2012-06-06,SSUP,-0.016529067488479265,-0.016529067488479265,target
2012-06-06,ATU,0.034164003623042616,0.034164003623042616,target
2012-06-07,ACO,0.03881766935717401,0.03881766935717401,target
2012-06-08,HTSI,0.008706323375317293,0.013834389330219077,target
2012-06-08,GIFI,0.03519996643066414,0.03519996643066414,target
2012-06-11,CNBC,0.01380696039996443,0.019960059893028514,target
2012-06-11,OPLK,-0.008188112976980189,-0.0009429660589597155,target
2012-06-11,PRFT,-0.02931238996186425,-0.024718470722156383,target
2012-06-11,CSS,0.062077210426032536,0.06673898653658195,target
2012-06-11,SFYWQ,-0.09488656638581283,-0.08275551529832015,stop
2012-06-12,CFNL,-0.00651376429181838,-0.005440788955782483,target
2012-06-13,GTI_old,-0.07392604937041292,-0.07392604937041303,stop
2012-06-13,RSTI,-0.028730569354540214,-0.022744144242916264,target
2012-06-13,UNS,0.004435514257655093,0.004435514257655093,target
2012-06-14,HIBB,0.03035973975563211,0.037942445546833126,target
2012-06-15,CSE,0.07965968041097615,0.08609271261766382,target
2012-06-15,EFII,0.03273353095857745,0.03273353095857745,target
2012-06-18,MSFG,0.00995774013304529,0.03192245008636663,target
2012-06-19,PCH,0.0367162949473101,0.0367162949473101,target
2012-06-19,STEL_old,0.0377842933401078,0.040026945066172104,target
2012-06-19,VRNT,0.0403596359914844,0.0403596359914844,target
2012-06-20,ASI,0.023341997949328785,0.029445741216395094,target
2012-06-20,CSFL,0.02004766642293876,0.025088763824308913,target
2012-06-20,FARO,0.05248926654553876,0.0553039249733176,target
2012-06-21,UBA,0.03789933887183894,0.03789933887183894,target
2012-06-21,EXL,0.04936014465862604,0.04936014465862604,target
2012-06-21,BOBE,0.01326748580776771,0.01326748580776771,target
2012-06-21,WIRE,-0.0060993045053343575,-0.0060993045053344686,target
2012-06-21,INAP,-0.06292730953564774,-0.06292730953564774,stop
2012-06-22,AEC_old,-0.06615374181149858,-0.06615374181149858,stop
2012-06-22,ZEP,0.003286329189547965,0.012524655441960686,target
2012-06-22,PCBK,0.029885325041685062,0.04513065451279363,target
2012-06-22,EFII,0.05739224214051197,0.07278466655299742,target
2012-06-25,OPI,0.03543852698788785,0.03543852698788785,target
2012-06-25,ALOG,0.0012874624708274496,0.004959871193539911,target
2012-06-25,MINI,-0.0643015449171801,-0.0643015449171801,stop
2012-06-25,KNX1,-0.0703218269898459,-0.0703218269898459,stop
2012-06-25,ZEUS,-0.07693412538555322,-0.07693412538555322,stop
2012-06-26,IRIS,-0.03522356849169739,-0.03136384318773222,target
2012-06-26,IDTI,-0.025921469461163138,-0.025921469461163138,target
2012-06-26,SFG,0.015561695322093838,0.018989235599517595,target
2012-06-27,BFIN,0.02301299353759756,0.027851592195843988,target
2012-06-27,DEL,0.07020735981247617,0.07020735981247617,target
2012-06-27,JNS,0.0013423126359546345,0.0013423126359546345,target
2012-06-28,SNV,0.08675578590266086,0.09203351681938665,target
2012-06-28,MPR,0.044037099066678964,0.06000700307000617,target
2012-06-28,MSCC,0.013264744980889587,0.015463172132114122,target
2012-06-29,MTSC,0.021067673722291902,0.021067673722291902,target
2012-06-29,ESL,0.025324733860415227,0.025324733860415227,target
2012-07-02,BPFH,0.07987673606999879,0.08523409899757728,target
2012-07-02,IRC,0.03717019907322072,0.03717019907322072,target
2012-07-02,KNX1,0.020393102990355017,0.024999960263571097,target
2012-07-03,RSO,0.021160181105010167,0.021160181105010167,target
2012-07-05,ESBF,0.09951658332139246,0.10080722048200652,target
2012-07-05,DHIL,0.0923972000540565,0.10706342513814548,target
2012-07-05,JBT,0.03953568476482783,0.03953568476482783,target
2012-07-05,CHSP,0.032651431623303084,0.03484938818385719,target
2012-07-05,GTI_old,0.06920650536699902,0.06920650536699902,target
2012-07-05,MSFG,0.035375309923577625,0.035375309923577625,target
2012-07-06,SHS,0.03206409739764049,0.03206409739764049,target
2012-07-09,AEL,0.047876900959781254,0.048404256402969636,target
2012-07-09,OPI,0.008825922977768075,0.008825922977768075,target
2012-07-10,CLP,0.041698503630672956,0.04250349621193972,target
2012-07-10,TWGP,0.0025036779948628407,0.005701457587914183,target
2012-07-10,FWLT,-0.06463052982519712,-0.06211567812848462,stop
2012-07-10,FOE,-0.07814367963911262,-0.07317075770973958,stop
2012-07-11,ATU,0.029961410294709667,0.030125357248038886,target
2012-07-11,ESIO,-0.024872421291585067,-0.02123819009286676,target
2012-07-11,TYPE,-0.0777634964984647,-0.0777634964984647,stop
2012-07-12,LSI,0.09517255068015085,0.09651098793968749,target
2012-07-12,UCBI,-0.06117646834429569,-0.06117646834429569,stop
2012-07-12,B_old,-0.06497111961776891,-0.06497111961776902,stop
2012-07-12,FARO,-0.06379807842558383,-0.0634005129106745,stop
2012-07-16,PRFT,0.09882141241850007,0.09882141241850007,target
2012-07-17,OPLK,-0.017579290020357963,-0.01443592606604116,target
2012-07-17,ANAT,0.015379742799479068,0.01906438216843198,target
2012-07-17,AEC_old,0.02066110382938313,0.02066110382938313,target
2012-07-17,SNV,0.06626192470348258,0.07567566696791173,target
2012-07-17,FOE,-0.0918112236787415,-0.08604417612886883,stop
2012-07-17,JNS,0.013736783617876336,0.027893975890794342,target
2012-07-17,FWLT,0.02891518555032757,0.030159563232261988,target
2012-07-18,HSON,0.23593822867214387,0.23593822867214387,target
2012-07-18,UBA,0.014748756942891683,0.015905565396761245,target
2012-07-18,PSEM,0.0370828091804436,0.03991850634939653,target
2012-07-19,ESND,0.09069968535101691,0.09304175698133221,target
2012-07-20,ENH,-0.06894703748271547,-0.06894703748271558,stop
2012-07-20,GTI_old,0.07475074387773106,0.08004043812008232,target
2012-07-20,HT,-0.0061139293715750664,0.002000045776367143,target
2012-07-23,ROLL,0.08926872868215296,0.0926807172806301,target
2012-07-23,FDP,0.053119944663688745,0.054547543013017785,target
2012-07-23,ASI,-0.034141282664787886,-0.025432863906749592,target
2012-07-23,RSTI,-0.033891238476214114,-0.033891238476214,target
2012-07-24,MCRL,-0.02460927776912103,-0.018584807265642378,target
2012-07-24,MCF,0.0032663742903713544,0.005485779198349139,target
2012-07-24,UCBI,-0.07755465532363681,-0.07008760435811268,stop
2012-07-24,SCS,-0.0943613043060757,-0.0943613043060757,stop
2012-07-24,ORIT,-0.06515618718882965,-0.06296518250991545,stop
2012-07-24,FOE,-0.08640766847989978,-0.08453555442852123,stop
2012-07-24,AXAS,-0.0970438774806992,-0.08440367967810958,stop
2012-07-25,GDPM,-0.0667708951775503,-0.0667708951775503,stop
2012-07-25,FMBI,0.002569375607599733,0.013345558345867259,target
2012-07-26,ZEUS,-0.0008296903334649164,0.0006613908040691285,target
2012-07-26,FMER,-0.032403313237343134,-0.027691392841938334,target
2012-07-26,BHLB,-0.007461286557782776,-0.0018475292786830355,target
2012-07-26,PACW,-0.02323041963563688,-0.023014852168439903,target
2012-07-26,SAPE,0.019916098652310144,0.019916098652310144,target
2012-07-27,EPAY,0.11090464093839891,0.11753109840839437,target
2012-07-27,ALOG,0.04451206797185581,0.0447924211215438,target
2012-07-27,UBA,0.013514075888518162,0.018469575727172893,target
2012-07-30,LUFK,-0.14120026163542365,-0.14120026163542365,stop
2012-07-30,UMPQ,-0.02322874134163344,-0.01557630894769324,target
2012-07-30,HTBK,-0.008509483371993865,0.01147543815668195,target
2012-07-30,HITT,0.05291269852462599,0.05291269852462599,target
2012-07-30,CIR,0.025218079687584716,0.025218079687584716,target
2012-07-31,IBKC,-0.03159259335464604,-0.02892108372635671,target
2012-07-31,BOBE,0.009041309686332655,0.015822845933303187,target
2012-07-31,ACO,0.08028322303507784,0.09330487344558391,target
2012-08-01,ESL,-0.027139874646511686,-0.026783703853571428,target
2012-08-01,TGH,0.024681069211152096,0.024681069211152096,target
2012-08-01,EFII,-0.01870115097761782,-0.011368578125101503,target
2012-08-01,CKH,-0.022947193987059467,-0.019549183143284243,target
2012-08-01,HT,-0.013173819435217338,-0.013173819435217338,target
2012-08-02,ANRZ,-0.12067041256237421,-0.08750980213028492,stop
2012-08-02,OABC,0.0018571164816159058,0.010516219529262294,target
2012-08-02,WIRE,-0.029215117617764297,-0.029215117617764186,target
2012-08-03,TAL1,0.07652819580034498,0.07652819580034498,target
2012-08-03,NPBC,-0.016870160421516456,-0.016870160421516567,target
2012-08-03,LBY,0.04881545847840418,0.04881545847840418,target
2012-08-06,ATMI,-0.01678835654112454,-0.010964379957236425,target
2012-08-07,AXE,0.19491193336995205,0.19491193336995205,target
2012-08-08,MSFG,0.0613886135662407,0.06814154788428195,target
2012-08-08,HI,0.07313799561290146,0.07712175989214232,target
2012-08-09,B_old,0.0539930351014557,0.057296359798691965,target
2012-08-09,CDI,0.039853334277166086,0.044115367213074075,target
2012-08-09,CSFL,0.0928961492338718,0.0928961492338718,target
2012-08-09,TECD,0.03694321383701937,0.03694321383701937,target
2012-08-10,SASR,0.03566549467029878,0.037982674210920164,target
2012-08-10,MPW,0.01337893063022344,0.018691620253031616,target
2012-08-10,ACCL_old,-0.01710625925556397,-0.011875682973593427,target
2012-08-13,KNX1,-0.005897501287005613,-0.0021682176045008106,target
2012-08-13,ESL,-0.003715890803528854,0.0003697625754714995,target
2012-08-13,SFYWQ,-0.005031601012894904,0.006942870487561814,target
2012-08-13,SAPE,0.017412205066525965,0.018614709525323514,target
2012-08-15,AEGN,0.12356319917620073,0.12356319917620073,target
2012-08-15,ODP,-0.06928540249754533,-0.06928540249754533,stop
2012-08-16,CRZO,0.0071704199627686815,0.018261233873096083,target
2012-08-16,OABC,0.027895988805170857,0.027895988805170857,target
2012-08-17,EXL,0.03272068268244155,0.03403144345764031,target
2012-08-20,OPI,0.015853120647918217,0.015853120647918217,target
2012-08-20,ISSI,0.012380384397484123,0.014344199422675397,target
2012-08-21,BFIN,0.050000015685433,0.050000015685433,target
2012-08-21,RAVN,-0.09726269349598982,-0.09726269349598982,stop
2012-08-21,FXEN,0.01792995470537795,0.04772952025797128,target
2012-08-22,ORIT,0.04783725587175702,0.04783725587175702,target
2012-08-22,MPR,0.03579130914221551,0.03579130914221551,target
2012-08-22,FUR,-0.06850198523817941,-0.06850198523817941,stop
2012-08-23,CLP,-0.0009820325213079073,0.0009082859831013312,target
2012-08-23,WMAR,-0.03823926038989889,-0.03657363829493321,target
2012-08-24,IDTI,0.04167168292665813,0.055665948567000134,target
2012-08-24,HIBB,-0.06349209825608693,-0.06349209825608693,stop
2012-08-24,AMSG,-0.010618879257361602,-0.004941761996694605,target
2012-08-27,HAYN,0.03467773021896381,0.047569608320762846,target
2012-08-28,FMER,0.002272130202506828,0.007329555632127782,target
2012-08-28,ESBF,0.028558506714468468,0.028558506714468468,target
2012-08-28,CSU,0.053678215018007513,0.054710283899725765,target
2012-08-28,EPHC,-0.03410442726596474,-0.03238217030616175,target
2012-08-29,EQC,-0.02733740430389442,-0.025177494861917893,target
2012-08-30,BBOX,0.04745060705092485,0.04745060705092485,target
2012-08-30,ACETQ,0.03687207199277265,0.03687207199277265,target
2012-08-30,AAWW,0.005391009404878133,0.015365757847855654,target
2012-09-04,LAYN,-0.07454012679344779,-0.07454012679344779,stop
2012-09-04,CSS,0.10305340097730298,0.10305340097730298,target
2012-09-05,TAL1,-0.061208232421336994,-0.061208232421336994,stop
2012-09-06,HTSI,0.10291536344205632,0.10655300752391605,target
2012-09-07,OMI,-0.004790544911716821,-0.004790544911716821,target
2012-09-10,PSEM,-0.013447506876248183,-0.013447506876248072,target
2012-09-10,FUR,0.05800500142788012,0.06226766375855086,target
2012-09-11,TGH,-0.07335119902290377,-0.07335119902290377,stop
2012-09-11,SGY,0.07001866536049772,0.0767154584136931,target
2012-09-14,MSCC,0.06953967046956366,0.06953967046956366,target
2012-09-17,USTR,0.04457923598745772,0.04887872611189259,target
2012-09-17,MCF,-0.025549270404427227,-0.025549270404427338,target
2012-09-20,ASI,0.11250825897225858,0.11622174985628986,target
2012-09-20,AMSG,-0.03847108002607991,-0.030136042865451906,target
2012-09-24,PGI,0.06371491771109117,0.06371491771109117,target
2012-09-24,LBAI,0.05971792011268229,0.063429076310201,target
2012-09-26,AEC_old,-0.013466387025708904,-0.005976105583015756,target
2012-09-27,RTI,0.10441584552265692,0.10441584552265692,target
2012-09-28,FFIC,0.0451888807169305,0.05601736923791023,target
2012-09-28,PCBK,-0.0053483536330294346,-0.003496629726738698,target
2012-09-28,BMTC,0.01801414203795737,0.023238926765654533,target
2012-09-28,HT,-0.06130262599349068,-0.06130262599349068,stop
2012-10-01,KNL,0.006403127795136632,0.008525613171211033,target
2012-10-01,IRC,0.006506046511578933,0.013773783680753215,target
2012-10-01,JBT,-0.019156454869653117,-0.015224033404784731,target
2012-10-03,FMER,-0.035431345215677146,-0.03053268623269112,target
2012-10-09,CLP,-0.01649380233018327,-0.01649380233018327,target
2012-10-09,MSCC,-0.06166489784412743,-0.06166489784412743,stop
2012-10-10,COBZ,0.03704899499300973,0.03704899499300973,target
2012-10-11,KNXA,0.8995680687534862,0.8995680687534862,time
2012-10-12,PHX,-0.07205298116806391,-0.07103721274769093,stop
2012-10-16,ELRC,0.011940344056086794,0.011940344056086794,target
2012-10-17,SUSQ,-0.043552019127606534,-0.03503795686845512,target
2012-10-17,FLIC,0.007958906553743095,0.01400462366719779,target
2012-10-19,EXAC,-0.06447172371391963,-0.06447172371391974,stop
2012-10-19,SP,-0.07455772851004983,-0.07455772851004983,stop
2012-10-19,KNL,-0.010844356533256216,-0.009886962652335352,target
2012-10-22,UBA,-0.0168118692431376,-0.015109756871001467,target
2012-10-22,BRKL_old,0.0007810027098582584,0.002375237993840651,target
2012-10-23,CRZO,-0.00033001593073023194,-0.00033001593073023194,target
2012-10-23,IDTI,-0.017056774832788113,-0.004321455348258452,target
2012-10-24,AEC_old,0.017980652019082166,0.017980652019082166,target
2012-10-25,VPFG,0.003158904379686245,0.005338514483943069,target
2012-10-25,LTXB,-0.009147105265005062,-0.006994233001430761,target
2012-10-25,FLIC,0.040006391508075057,0.040006391508075057,target
2012-10-31,RSTI,0.04047316694344305,0.04962611989293908,time
2012-10-31,HT,-0.06734692189456148,-0.0673469218945616,stop
2012-10-31,SASR,0.011105287864400903,0.011105287864400903,target
2012-11-01,PACW,0.037780322706521874,0.037780322706521874,target
2012-11-02,COBZ,0.0023935248283588617,0.010028677861045221,target
2012-11-02,UBA,0.011615591718642904,0.011615591718642904,target
2012-11-05,CLP,0.007331042207899152,0.007331042207899152,target
2012-11-05,SUSQ,-0.008712502735005012,-0.008712502735005012,target
2012-11-06,BRKL_old,0.0054662695059761734,0.0069261704548464476,target
2012-11-07,B_old,-0.08228849533156013,-0.08228849533156013,stop
2012-11-07,STEL_old,-0.006830277526956974,0.00452143661436577,target
2012-11-08,AEL,-0.0718259020184494,-0.0718259020184493,stop
2012-11-08,LBAI,-0.06243704597228683,-0.06243704597228683,stop
2012-11-08,ROLL,-0.0661817697525715,-0.06618176975257162,stop
2012-11-08,SFYWQ,-0.07709475457778303,-0.07337133271970842,stop
2012-11-09,ENVE,-0.06872949209442192,-0.06872949209442192,stop
2012-11-09,NEWS,-0.06561940267883226,-0.06561940267883226,stop
2012-11-09,ROLL,0.0030155918710239593,0.0089794097411795,target
2012-11-12,BFIN,-0.066739134228045,-0.06143794263655289,stop
2012-11-12,BPFH,-0.06683799466863449,-0.06073757086746401,stop
2012-11-12,SUSQ,-0.05737307312562656,-0.049180350483132185,target
2012-11-13,UMPQ,-0.025348620918492548,-0.021450655385906847,target
2012-11-13,CHFC,-0.006556641079478398,0.0023331421534544816,target
2012-11-14,SJI,-0.07388379973698034,-0.07388379973698034,stop
2012-11-15,ESSA,-0.08034849272373268,-0.08034849272373268,stop
2012-11-15,MCRL,-0.06658147190548436,-0.06658147190548436,stop
2012-11-15,SASR,-0.07129148488434789,-0.07129148488434789,stop
2012-11-15,FMBI,0.00591713400470506,0.00591713400470506,target
2012-11-16,ODP,0.7394787310406454,0.7658227127038846,time
2012-11-16,MSCC,-0.06112597388558427,-0.06112597388558427,stop
2012-11-19,SFG,0.11192056234194103,0.11192056234194103,time
2012-11-19,BHLB,-0.008089901356214901,-0.008089901356214901,target
2012-11-20,BMTC,-0.007596956206459504,-0.00047413846002619664,target
2012-11-21,HIBB,-0.03384287920369666,-0.02812833725831254,time
2012-11-23,FMBI,0.03112870716904892,0.03112870716904892,target
2012-11-26,SWM,0.12478749961327162,0.12478749961327162,time
2012-11-26,SASR,0.05638506148484468,0.06065864684023059,target
2012-11-27,DS,0.08599199059669971,0.09416059529202081,time
2012-11-27,CLP,0.0055079819518235595,0.008284603923077727,target
2012-11-27,UMPQ,0.0040766029792245195,0.0060255828469177874,target
2012-11-28,CSE,0.17084606529476898,0.1728809400205913,time
2012-11-28,SUSQ,0.06216502226046261,0.06216502226046261,target
2012-12-04,SGY,-0.07146229917211311,-0.07146229917211322,stop
2012-12-04,CHFC,0.003610489984400278,0.011597148219864017,target
2012-12-13,CHFC,0.003995532504660337,0.005385514800569036,target
2012-12-14,UMPQ,-0.011228379454662263,-0.01065776305939281,target
2012-12-31,SUSQ,0.009944103021125583,0.014520776344445485,target
2013-01-08,UMPQ,0.027755756436806056,0.03290291547887669,target
2013-01-09,CHFC,-0.015554780868369367,-0.010579712538806962,target
2013-01-16,CHFC,-0.000999627253596147,-0.000999627253596147,target
2013-01-18,ZEUS,0.1865562973235162,0.188958437819565,time
2013-01-18,OMI,0.04469275731189648,0.0461538348677597,time
2013-01-23,ACXM,0.09731195289501215,0.09731195289501215,time
2013-02-06,COBZ,0.20746274371539286,0.20746274371539286,time
2013-02-06,ESBF,0.04935185027384148,0.04935185027384148,time
2013-02-08,BPFH,0.07959322285145842,0.07959322285145842,time
2013-02-11,ORIT,0.050821219560190256,0.05492955939775879,time
2013-02-11,BRKL_old,0.15681230813510516,0.15681230813510516,time
2013-02-13,STEL_old,0.15688807905081492,0.17089413802672637,time
2013-02-19,FFIC,0.13640427493045193,0.1375797953692557,time
2013-02-20,NFP,0.16402119806093785,0.16402119806093785,time
2013-02-27,BMTC,0.06280384810958384,0.07227460250896467,time
2013-03-15,CHFC,0.0267927631072169,0.0267927631072169,target
2013-03-21,FMBI,0.04371739818994991,0.04713278892736872,time
2013-05-01,UMPQ,-0.06227247275882908,-0.06227247275882908,stop
2013-09-25,AMTG,-0.06265494211542488,-0.06265494211542488,stop
2013-10-02,AMTG,-0.06392691109677529,-0.06392691109677529,stop
2013-10-22,AMTG,0.07804877043803748,0.07804877043803748,target
2013-12-04,JMBA,0.039350401679527636,0.041964310270791616,target
2013-12-13,UIL,0.00025977737053506367,0.00025977737053506367,target
2014-01-24,NM,-0.10335534877739905,-0.10335534877739905,stop
2014-01-27,IO,0.08512524892829498,0.08512524892829498,target
2014-02-03,FMBI,-0.07297949600210296,-0.07297949600210296,stop
2014-02-05,NM,0.03659349625202202,0.04235682074154856,target
2014-02-10,IO,-0.014901531333492146,-0.006600653833452097,target
2014-03-13,MCEP,-0.06985539819031972,-0.06985539819031972,stop
2014-04-02,CBIO_old,-0.021974849327370927,-0.019568832332184205,target
2014-04-09,MCEP,0.010909080505371094,0.010909080505371094,target
2014-04-11,LEAF,-0.0678075186892435,-0.0678075186892435,stop
2014-04-11,NM,-0.06832196789892586,-0.06832196789892586,stop
2014-04-28,NPBC,-0.06408476559571918,-0.06179773675589295,stop
2014-04-28,NM,-0.08927267610121581,-0.0892726761012157,stop
2014-05-05,ACI_old,0.19537274292232398,0.19537274292232398,time
2014-05-05,TRGT,0.040676850628815986,0.0411695676694821,target
2014-05-05,CBIO_old,0.014337835842954672,0.01483013363565533,target
2014-05-06,LEAF,-0.05271545137948064,-0.04208627942079368,target
2014-05-07,MDSO,-0.07145375001285026,-0.07145375001285026,stop
2014-05-09,JMBA,-0.08695413669009688,-0.086954136690097,stop
2014-05-16,MDSO,0.030929128871592715,0.03196085876712007,target
2014-05-21,CBIO_old,-0.07591018224300661,-0.06332308024886313,stop
2014-05-22,IO,0.02899414192452432,0.02899414192452432,target
2014-05-23,JMBA,0.024555433392464465,0.03161864715474416,target
2014-07-02,FMBI,0.003388391170314753,0.010434175093177345,target
2014-07-17,SASR,-0.07177534428930421,-0.0717753442893041,stop
2014-07-31,SASR,-0.0062215482699128355,-0.0018236693115991631,target
2014-08-07,FMBI,-0.01566200675895435,-0.009815942018471135,target
2014-08-12,FFIC,0.009236153871760466,0.014531779271924616,target
2014-08-18,MDSO,0.18605390046822157,0.19436185388883098,time
2014-09-03,NPBC,-0.0014569035107411255,0.0003502608124226203,target
2014-09-29,MCEP,0.0034246723100197496,0.011973126998633843,target
2014-10-06,CHFC,0.008264436755022642,0.008264436755022642,target
2014-10-17,FMBI,-0.0037688705608768247,-0.0037688705608767137,target
2014-10-21,MCEP,0.18045359408276163,0.18045359408276163,target
2014-10-22,NPBC,-0.01466865574451548,-0.01466865574451548,target
2014-10-30,CHFC,0.11786705568511513,0.12229393553683177,target
2014-10-31,FMBI,0.05591482971369022,0.05591482971369022,target
2014-11-05,NPBC,0.06129106557495656,0.06444905331961448,target
2014-11-05,BHLB,0.007148566645432952,0.010387543817390155,target
2014-11-10,AF,0.012927762830836187,0.012927762830836187,target
2014-11-24,AF,0.01853139362888534,0.024521049053425337,target
2014-11-26,CHFC,-0.0013655491390883734,0.003363084159319074,target
2014-11-28,LBAI,0.005643512364946313,0.005643512364946313,target
2014-11-28,SASR,-0.0719245003653265,-0.06756553499685891,stop
2014-12-08,SDOC,-0.15243128625055735,-0.15243128625055735,stop
2014-12-08,CRZO,-0.06727218173941307,-0.06727218173941318,stop
2014-12-11,SASR,0.01996543453652766,0.024658738982163086,target
2014-12-15,CHFC,-0.03076437879995253,-0.024370390092399052,target
2014-12-15,MCEP,-0.20278210418955378,-0.18875692617124873,stop
2014-12-17,PDCE,0.20736488712330736,0.20736488712330736,target
2014-12-18,SDOC,-0.09995634577328094,-0.08542711370349709,stop
2014-12-22,SASR,0.0755448726370711,0.0755448726370711,target
2014-12-23,FMBI,0.0012148641285998352,0.0012148641285998352,target
2014-12-23,VTLE,0.3894278440705974,0.3894278440705974,target
2014-12-29,AF,0.005035301618746546,0.0067164294888064635,target
2014-12-29,REN,-0.12329048094579187,-0.12329048094579187,stop
2014-12-29,MCEP,-0.10286301140030807,-0.09516348658190688,stop
2014-12-30,SGY,-0.08283636172930997,-0.061453781701494514,stop
2015-01-05,SDOC,-0.17248686893977871,-0.17248686893977871,stop
2015-01-06,EXXIQ,-0.1795665387867167,-0.1795665387867167,stop
2015-01-07,REN,-0.14423077452112254,-0.14423077452112254,stop
2015-01-12,MCEP,-0.11363320548734912,-0.08823791955791205,stop
2015-01-12,SGY,-0.08059375650155165,-0.08059375650155165,stop
2015-01-14,FMBI,-0.05241221084755343,-0.05241221084755343,target
2015-01-14,SDOC,-0.06577068845369982,-0.06577068845369993,stop
2015-01-15,SGY,-0.1470616656057513,-0.11161533485834141,stop
2015-01-16,FFIC,-0.022171552877776057,-0.01584864388581142,target
2015-01-20,SGY,-0.09579051054626264,-0.09579051054626264,stop
2015-01-20,ROSE1,-0.070118178145823,-0.070118178145823,stop
2015-01-22,FMBI,0.0242782409111868,0.024881778501047336,target
2015-01-22,SGY,-0.006696654639926414,0.01410538801906136,target
2015-01-23,ROSE1,-0.0789042462894779,-0.07890424628947779,stop
2015-01-26,EXXIQ,0.0716399349164547,0.0716399349164547,target
2015-01-28,ROSE1,-0.07173344151837013,-0.06340398019561244,stop
2015-01-29,SASR,0.04240621236351827,0.04240621236351827,target
2015-01-29,SDOC,-0.0688929870367807,-0.0688929870367807,stop
2015-01-30,CRZO,0.056947931533493756,0.056947931533493756,target
2015-02-02,SDOC,0.14814809254985217,0.14814809254985217,target
2015-02-02,ROSE1,0.1102280731710572,0.1102280731710572,target
2015-02-03,CFNL,0.006685907918221323,0.006685907918221323,target
2015-02-03,ORIT,0.0188149174094987,0.0188149174094987,target
2015-02-04,LBAI,-0.014004570259589344,-0.00877806647296675,target
2015-02-09,FMBI,0.0184071854625123,0.0184071854625123,target
2015-02-09,FFIC,0.04060171720697947,0.042310567022943335,target
2015-02-10,EXXIQ,-0.07541899069288438,-0.07541899069288438,stop
2015-02-10,SASR,0.008597863360521707,0.013178910209281192,target
2015-02-10,PDCE,-0.06929659340540395,-0.06929659340540395,stop
2015-02-12,PDCE,0.056099106810109545,0.056099106810109545,target
2015-02-18,EXXIQ,0.2779456471897652,0.2779456471897652,target
2015-02-19,AF,0.014890248979247067,0.014890248979247067,target
2015-02-19,ORIT,0.002191230116284748,0.006276161201549835,target
2015-02-20,WIBC,0.023012479466325564,0.023012479466325564,target
2015-02-26,BHLB,0.03926906126927521,0.03926906126927521,target
2015-02-26,FFIC,-0.003284317024940697,0.004100958835995261,target
2015-02-26,SDOC,-0.07352940145248343,-0.07352940145248343,stop
2015-02-27,AF,0.006966541932541981,0.007425580329150083,target
2015-02-27,SDOC,-0.10805477963909826,-0.06349206649557293,stop
2015-03-03,BRKL_old,-0.007298094288328505,-0.004700199836515151,target
2015-03-04,NPBC,-0.01674143197519795,-0.013604589988896909,target
2015-03-06,WIBC,0.016761617157725395,0.016761617157725395,target
2015-03-06,GDPM,-0.12878787513898715,-0.12878787513898715,stop
2015-03-06,SDOC,-0.08620688237701679,-0.08620688237701679,stop
2015-03-09,LBAI,-0.011048817369763486,-0.005148812384693446,target
2015-03-10,FFIC,-0.005421007454285753,-0.005421007454285753,target
2015-03-11,SASR,-0.0123757840173917,-0.010897501230785145,target
2015-03-16,LPI,0.38991594928572293,0.4173178527976844,time
2015-03-16,SLCA,0.11743049619475121,0.11743049619475121,target
2015-03-17,SFYWQ,-0.07470754931268042,-0.07470754931268053,stop
2015-03-17,CFNL,0.02183613555112962,0.02225512719129541,target
2015-03-20,SASR,0.00894609197065055,0.00894609197065055,target
2015-03-20,NPBC,0.018867905855434186,0.018867905855434186,target
2015-03-27,GDPM,0.07092200932050297,0.07092200932050297,target
2015-03-30,FMBI,-0.00684936279098225,-0.00684936279098225,target
2015-03-30,SGY,0.06136673228988876,0.06477440743438412,target
2015-03-30,BRKL_old,0.019113366431277257,0.019113366431277257,target
2015-03-30,SASR,0.017047676991943428,0.017047676991943428,target
2015-03-31,AF,-0.018907330502195285,-0.01606738139239461,target
2015-04-02,ROSE1,0.08664242754668816,0.08810206786635044,target
2015-04-06,AF,-0.004466154418345414,-0.004456497006534055,target
2015-04-09,CHFC,-0.01921589030875337,-0.017206553385411993,target
2015-04-14,SDOC,0.2882540194389176,0.2882540194389176,target
2015-04-15,SASR,-0.003147277440682994,-0.003147277440682994,target
2015-04-16,ORIT,0.008519127116534131,0.015011713418137562,target
2015-04-17,BHLB,-0.009123909737501767,-0.008506950810951097,target
2015-04-21,UCBI,0.001941572086311183,0.00983071056395124,target
2015-04-24,BHLB,-0.007483298226481527,-0.004794438633898501,target
2015-04-27,SASR,0.0016519844201778877,0.005060761652871504,target
2015-04-27,BRKL_old,-0.020355516033041865,-0.01277375390834612,target
2015-04-27,SDOC,-0.06837469022717524,-0.06521739271277516,stop
2015-05-04,ROSE1,-0.08000291992034203,-0.08000291992034203,stop
2015-05-06,FFIC,-0.053543802650927286,-0.04324376924688034,target
2015-05-06,FMBI,-0.004211828219285785,0.002923931926617218,target
2015-05-06,LBAI,-0.0003190280682950908,0.00352422559547505,target
2015-05-07,UCBI,0.0023241165932397223,0.006246089634359908,target
2015-05-08,CFNL,0.0074297113030026285,0.0074297113030026285,target
2015-05-11,FPO,-0.013992590342179478,-0.01399259034217959,target
2015-05-12,FFIC,0.008808568840026565,0.009063356280692547,target
2015-05-19,CFNL,0.023296765267836195,0.023296765267836195,target
2015-05-21,ROSE1,0.18235176402997277,0.18867046184416347,target
2015-05-26,CHFC,-0.04601716129504796,-0.04601716129504796,target
2015-05-28,UCBI,0.01997456607224546,0.01997456607224546,target
2015-06-03,AF,-0.0012283239652138844,-0.0012283239652138844,target
2015-06-03,GDPM,-0.08478098395979605,-0.07189702467438674,stop
2015-06-04,FPO,-0.006238960613808353,-0.0036113717744473695,target
2015-06-05,AF,0.033012183552065144,0.033012183552065144,target
2015-06-08,FFIC,0.01662057954712548,0.01662057954712548,target
2015-06-11,FMBI,-0.0013759425280045479,0.0015838848178979514,target
2015-06-18,LBAI,0.009752531749521731,0.011179558831277081,target
2015-06-19,CFNL,0.005463763163273239,0.005463763163273239,target
2015-06-26,EXXIQ,-0.0866872971319943,-0.0866872971319943,stop
2015-06-26,GDPM,-0.02617798596338672,-0.02617798596338672,target
2015-06-29,FMBI,0.002660949155102399,0.002660949155102399,target
2015-06-29,BRKL_old,-0.017896754561049222,-0.01789675456104911,target
2015-06-29,PVA,-0.12385671298285317,-0.10991957880423253,stop
2015-06-30,CHFC,-0.035843104861140285,-0.03472687942230379,target
2015-07-01,SLCA,-0.08779614158598648,-0.07907194156343966,stop
2015-07-01,AF,-0.011634006568492561,-0.011634006568492561,target
2015-07-02,BRKL_old,-0.0074976574278572405,-0.0074976574278572405,target
2015-07-06,NPBC,-0.02592906179545973,-0.02592906179545973,target
2015-07-06,SLCA,-0.08042310356400373,-0.08042310356400384,stop
2015-07-07,AF,-0.010233942997046941,-0.010233942997046941,target
2015-07-13,BMTC,0.012340084484345093,0.012340084484345093,target
2015-07-14,ORIT,0.10165976923587805,0.10165976923587805,time
2015-07-14,CHFC,0.02235148639457729,0.02235148639457729,target
2015-07-14,FMBI,0.0343415157076421,0.03719903568296479,target
2015-07-15,BHLB,0.0035958103413804565,0.004192834673864443,target
2015-07-16,SLCA,-0.07050142607840937,-0.07050142607840937,stop
2015-07-21,IRC,-0.009316274340505304,-0.007021128046508673,target
2015-07-21,FPO,0.031200999502972504,0.034849918619175524,target
2015-07-21,NPBC,-0.004808357321428924,-0.004359214435120107,target
2015-07-22,BRKL_old,-0.012565635058149338,-0.009433932943117451,target
2015-07-23,LBAI,-0.03802902606044378,-0.03802902606044378,target
2015-07-23,FFIC,-0.030862071507109068,-0.030862071507109068,target
2015-07-27,WIBC,-0.07015820325896804,-0.07015820325896804,stop
2015-07-30,BMTC,-0.042446078613236016,-0.042446078613235905,target
2015-07-30,SGY,-0.10641197013503145,-0.10641197013503145,stop
2015-08-03,SASR,-0.03989152418762254,-0.03123801831166273,target
2015-08-03,LBAI,0.0025887014429186728,0.009874825448378255,target
2015-08-04,FFIC,-0.00900262342537983,-0.005239189333689165,target
2015-08-05,FMBI,0.024416586210863844,0.02442833273728451,target
2015-08-05,CFNL,0.013468000494176735,0.013468000494176735,target
2015-08-06,CHFC,0.00590713196622028,0.019289454451284938,target
2015-08-06,UCBI,0.004861940083803917,0.008624743200238427,target
2015-08-07,DNR,-0.06834523508904322,-0.06834523508904322,stop
2015-08-10,SGY,0.12382157772672109,0.14018691838677877,target
2015-08-13,ROIC,0.00731314368821101,0.00951098221661728,target
2015-08-13,EXXIQ,-0.04469269576030488,-0.04469269576030488,target
2015-08-14,BHLB,0.003114637215692939,0.007721899427511669,target
2015-08-14,SASR,-0.014136917280379357,-0.014136917280379357,target
2015-08-17,FMBI,-0.020449767206747627,-0.019023816842155927,target
2015-08-19,CRZO,-0.07420791760184409,-0.06928807515414181,stop
2015-08-20,WIBC,-0.07477991416019869,-0.07477991416019869,stop
2015-08-20,CFNL,-0.04660417538540096,-0.04660417538540096,target
2015-08-21,BMTC,-0.027561468025435465,-0.02511875619807824,target
2015-08-21,CRZO,-0.07652157744969013,-0.07652157744969013,stop
2015-08-21,PDCE,-0.08375858080256948,-0.08375858080256948,stop
2015-08-24,CMO,-0.06384892495089045,-0.06384892495089045,stop
2015-08-24,CHFC,-0.06153369702315603,-0.06153369702315603,stop
2015-08-24,IRC,-0.087354544255548,-0.087354544255548,stop
2015-08-24,FFIC,-0.07624802990841939,-0.07624802990841939,stop
2015-08-24,FMBI,-0.08687405216567623,-0.08687405216567623,stop
2015-08-24,PDCE,-0.060844998220270674,-0.060844998220270674,stop
2015-08-25,LBAI,-0.08445025793721361,-0.07383786734059783,stop
2015-08-25,SASR,-0.08099049825861482,-0.06173776471095349,stop
2015-08-26,BHLB,-0.019495707685745822,-0.012526856649236362,target
2015-08-31,SGY,0.18006409318840233,0.2461538106832899,target
2015-09-02,FPO,-0.0055327766376135346,0.0,target
2015-09-02,SLCA,-0.08059793855145203,-0.07299722820232424,stop
2015-09-03,WPX,0.22169056949186716,0.22169056949186716,target
2015-09-03,SASR,-0.010495921141032483,-0.010495921141032483,target
2015-09-04,IRC,-0.07690011556121346,-0.07690011556121346,stop
2015-09-08,DNR,-0.10379255132800191,-0.10379255132800191,stop
2015-09-09,AXAS,-0.0828663991903984,-0.05325445581737076,target
2015-09-09,DNR,-0.07679836231375592,-0.07485030132468651,stop
2015-09-10,BRKL_old,0.035501959974438835,0.03960392113094824,target
2015-09-11,ACRX,-0.06719969149288607,-0.06719969149288607,stop
2015-09-11,DNR,-0.06669010284843413,-0.06669010284843424,stop
2015-09-14,LBAI,-0.014027239217893062,-0.014011708462263739,target
2015-09-15,SLCA,-0.032549469591660496,-0.032549469591660496,target
2015-09-16,FMBI,0.029429788168138904,0.03455490844046194,target
2015-09-21,IRC,0.03395070285872959,0.04223604279900672,target
2015-09-23,FFIC,-0.011012924156554638,-0.0051853523265169565,target
2015-09-23,AXAS,-0.13605279000370096,-0.13605279000370096,stop
2015-09-24,BRKL_old,-0.02033366479944021,-0.01895385732410204,target
2015-09-25,ACRX,-0.14826691138236092,-0.14826691138236092,stop
2015-09-28,FMBI,-0.011288407589058358,-0.011288407589058358,target
2015-09-28,CFNL,-0.007829504435311607,-0.007829504435311607,target
2015-10-01,BHLB,0.01849112363427774,0.01849112363427774,target
2015-10-01,CSFL,0.09936228573435746,0.1033419759775791,target
2015-10-01,CHFC,0.06108376235626767,0.06108376235626767,target
2015-10-02,RSPP,0.14666663275824643,0.14666663275824643,target
2015-10-06,AF,0.00430942966301795,0.009363271800506112,target
2015-10-07,ACRX,0.1597047857746252,0.16997274864919398,target
2015-10-08,AXAS,0.3147766809123853,0.338079066248798,target
2015-10-09,CRZO,0.029293508380473288,0.04348303431657685,target
2015-10-12,WIBC,0.06633879307607993,0.07300674736040169,target
2015-10-14,WPX,0.23992462791314328,0.27786037995489954,target
2015-10-15,BHLB,-0.016865288598747585,-0.004254798530041626,target
2015-10-16,NPBC,0.06600337394637323,0.06906546819663495,time
2015-10-16,LBAI,0.032015727511751635,0.032015727511751635,target
2015-10-19,LCI,0.08930985725857132,0.08930985725857132,target
2015-10-19,BMTC,0.0009084482561960705,0.001971073090989428,target
2015-10-20,CRZO,-0.039021137254345084,-0.02220033314143799,target
2015-10-20,SGY,0.007457077090284647,0.03062784116985595,target
2015-10-21,FMBI,-0.001697340696701577,0.0040935493136053935,target
2015-10-21,BHLB,-0.02474641798404098,-0.021751663928388787,target
2015-10-23,IRC,0.07825658781064004,0.08313189557692979,target
2015-10-26,AXAS,-0.06273435678007966,-0.06273435678007966,stop
2015-10-28,DNR,0.1882022759009072,0.20065813938558974,target
2015-10-28,WIBC,0.055887816181133365,0.05871210804190352,target
2015-10-28,CFNL,0.039276231052141064,0.039276231052141064,target
2015-10-29,FFIC,0.06101028486433324,0.06915153946144481,target
2015-10-30,FMBI,0.01538464213682178,0.01538464213682178,target
2015-10-30,BRKL_old,-0.026586575471627127,-0.026586575471627127,target
2015-10-30,SASR,-0.044293433605749,-0.044293433605749,target
2015-11-02,FPO,0.03035310248313272,0.0389610218038019,target
2015-11-02,UCBI,-0.023745863101569342,-0.01401586631217977,target
2015-11-03,BMTC,0.02814972968750573,0.02814972968750573,target
2015-11-04,BHLB,0.030880006872886057,0.035802916046096644,target
2015-11-04,AXAS,-0.07975459853492517,-0.07975459853492517,stop
2015-11-05,LCI,-0.13736880641046367,-0.13736880641046367,stop
2015-11-05,CFNL,0.027287474903989084,0.027287474903989084,target
2015-11-06,IRC,0.003309230851716194,0.011878326272862783,target
2015-11-06,BRKL_old,0.04054923781736419,0.04054923781736419,target
2015-11-06,HTLF,0.03647557372866128,0.03647557372866128,target
2015-11-09,FPO,-0.026238794083068173,-0.017167366164289044,target
2015-11-10,FFIC,0.0422174290241073,0.0478948396346619,target
2015-11-10,UCBI,-0.005123648698429073,0.0004631879949588136,target
2015-11-11,AXAS,-0.13223892392569359,-0.12966389601134864,stop
2015-11-13,AF,-0.07854962144744548,-0.07854962144744548,stop
2015-11-16,BMTC,-0.029747681213710964,-0.02199594509491698,target
2015-11-17,UBA,-0.007708099978789851,-0.007708099978789851,target
2015-11-17,SGY,0.12703586755203067,0.12703586755203067,target
2015-11-18,SASR,-0.0340285517865585,-0.022356590601446902,target
2015-11-19,WIBC,-0.02728915582248226,-0.026747231711423236,target
2015-11-19,ATW,-0.06832013904754275,-0.062576659621568,stop
2015-11-19,AF,0.020773482772673768,0.02356024978028981,target
2015-11-19,HTLF,0.016967337336248223,0.016967337336248223,target
2015-11-20,DNR,-0.07584269249052467,-0.07584269249052455,stop
2015-11-23,FPO,0.03731016803989462,0.03785035334809517,target
2015-11-24,WPX,0.19784654430070803,0.19784654430070803,target
2015-11-24,LCI,0.057945330561759656,0.06385917269934249,target
2015-11-27,FMBI,0.05261873554362295,0.05489776436770932,target
2015-12-01,BHLB,0.011234273753877755,0.013900114104640648,target
2015-12-03,CHFC,-0.030117057341501496,-0.030117057341501385,target
2015-12-04,ROIC,0.0068669260627358675,0.014240151930510203,target
2015-12-07,HTLF,-0.06066998803265766,-0.06066998803265766,stop
2015-12-08,FPO,-0.0014499628765053396,-0.0014499628765052286,target
2015-12-09,UCBI,-0.05398826516710964,-0.05398826516710964,target
2015-12-10,BRKL_old,-0.030303252022657268,-0.023846417439995937,target
2015-12-10,ROIC,-0.010473572181391444,-0.002507989618834805,target
2015-12-11,CDR,-0.019580400645910934,-0.019580400645910934,target
2015-12-11,CFNL,-0.06247172029879744,-0.06247172029879744,stop
2015-12-14,ROIC,-0.00795897715552607,-0.003974996729021796,target
2015-12-15,AF,0.042297984207057215,0.042297984207057215,target
2015-12-16,LCI,0.063486077143174,0.06362235944998296,target
2015-12-22,FMBI,-0.03344307134994984,-0.025559181684497556,target
2015-12-23,FFIC,0.028368812874305815,0.028368812874305815,target
2015-12-28,SLCA,0.3137617549533509,0.3137617549533509,time
2015-12-28,LBAI,-0.020880146527957222,-0.020880146527957333,target
2015-12-28,BMTC,0.024223812532327083,0.025477682502587085,target
2015-12-28,CDR,0.012273103492127735,0.01851853487095889,target
2015-12-29,CFNL,0.023015394451473048,0.023015394451473048,target
2015-12-29,UBA,0.0044420688536706,0.0044420688536706,target
2015-12-31,SASR,0.020713674632325985,0.020713674632325985,target
2016-01-04,HTLF,-0.08366053780432892,-0.08366053780432892,stop
2016-01-05,CBB,0.011544178188559906,0.029239737544372257,target
2016-01-05,FPO,0.010871275709861905,0.025385375650420094,target
2016-01-06,SGY,-0.0982368015349111,-0.09823680153491121,stop
2016-01-06,CRZO,-0.17164323762056122,-0.17164323762056133,stop
2016-01-06,ERF,-0.07384615678053641,-0.07384615678053641,stop
2016-01-07,UBA,-0.00966868759146744,-0.007276475640015101,target
2016-01-07,FFIC,-0.0016059060026030192,0.004821619217613593,target
2016-01-08,COBZ,-0.07214897443020918,-0.07214897443020918,stop
2016-01-08,AMRS,-0.04580746834526295,-0.045807468345262836,target
2016-01-11,ORIT,-0.013315127405631788,-0.006309172180628875,target
2016-01-11,LBAI,-0.0016904134794754055,0.008440272626335066,target
2016-01-12,CFNL,-0.03950127615627286,-0.0361391076610148,target
2016-01-12,CBB,-0.0891206563086342,-0.08630951515096896,stop
2016-01-12,FMBI,-0.025284678501752977,-0.0193072198071379,target
2016-01-13,IRC,0.22001326593644865,0.221965336527977,target
2016-01-13,UCBI,-0.0797613014583306,-0.06991524118111359,stop
2016-01-13,BRKL_old,-0.02216904676095277,-0.018797356738509352,target
2016-01-13,CDR,-0.023335873930435902,-0.009578684435129992,target
2016-01-14,COBZ,-0.06563049495023476,-0.06563049495023476,stop
2016-01-15,FPO,-0.07778818348371952,-0.07778818348371952,stop
2016-01-19,CRZO,-0.17216614443732403,-0.15513819859968792,stop
2016-01-20,UBA,-0.011047024382584203,-0.011047024382584203,target
2016-01-21,CSFL,-0.08698420410767349,-0.07087509972429873,stop
2016-01-21,CFNL,-0.10542022749328683,-0.10542022749328683,stop
2016-01-21,UCBI,-0.02232959943973678,-0.0064365482369469484,target
2016-01-21,CFRX,-0.1709250278282547,-0.1660168091293739,stop
2016-01-22,LBAI,-0.017755379738693566,-0.009058203437300572,target
2016-01-25,AF,-0.06494370351232748,-0.06494370351232748,stop
2016-01-25,DNR,-0.1984126999144531,-0.1984126999144531,stop
2016-01-25,SGY,-0.16800003051757817,-0.16800003051757817,stop
2016-01-25,TOO,-0.05426194193200662,-0.017632224871117375,target
2016-01-27,IMBI,-0.05179340101822283,-0.05179340101822283,target
2016-01-28,CFNL,0.013935294033952106,0.026822056401276217,target
2016-01-29,BRKL_old,0.04656269676775415,0.05084745458305617,target
2016-01-29,CSFL,0.027450687043738764,0.0301452913225857,target
2016-01-29,AMRS,0.1344735027340953,0.15993607501119111,target
2016-02-01,CBB,0.06278040798457485,0.07853799914837967,target
2016-02-01,SASR,0.04133764039569865,0.04230096624967805,target
2016-02-01,FMBI,0.027952450536228968,0.03331358662001138,target
2016-02-02,ERF,-0.11671927920274028,-0.11671927920274028,stop
2016-02-04,FFIC,0.0002651833683404714,0.012212995035955077,target
2016-02-04,FPO,-0.0675693671311276,-0.0675693671311276,stop
2016-02-04,CHFC,0.03612146327835575,0.04879562390221337,target
2016-02-04,CFNL,-0.024772987407219116,-0.01730466329244984,target
2016-02-04,BRKL_old,-0.01971068675375498,-0.007752924230539748,target
2016-02-08,NM,-0.07114768661877369,-0.0711476866187738,stop
2016-02-08,TOO,-0.090009916811014,-0.09000991681101411,stop
2016-02-08,FPO,-0.08252942233503224,-0.08252942233503224,stop
2016-02-09,LTXB,-0.08441884459909177,-0.0738556249315363,stop
2016-02-09,TOO,-0.17232372338364654,-0.17232372338364654,stop
2016-02-09,WPX,0.007428222531210116,0.026548647359614375,target
2016-02-09,DNR,-0.07142859846015659,-0.07142859846015659,stop
2016-02-11,BHLB,-0.08214895831497115,-0.08214895831497104,stop
2016-02-11,UCBI,-0.06909481904357329,-0.0690948190435734,stop
2016-02-11,AF,-0.025166939981867142,-0.025166939981867142,target
2016-02-11,DNR,-0.11965811182055919,-0.11965811182055919,stop
2016-02-11,LTXB,-0.06772848216909488,-0.06772848216909477,stop
2016-02-11,SASR,-0.01898071737078333,-0.01898071737078344,target
2016-02-12,CFNL,0.02151137976007389,0.02151137976007389,target
2016-02-12,FPO,-0.07454061305002968,-0.06481486080605126,stop
2016-02-12,UCBI,0.052885746488887886,0.054205662341995975,target
2016-02-17,FMBI,-0.019028049852337636,-0.01657778504530205,target
2016-02-18,ROIC,0.0028408492255376228,0.007671199432791154,target
2016-02-18,DNR,-0.13245309872585787,-0.08427002196463407,stop
2016-02-19,BHLB,-0.014590460624015034,-0.010003856528339239,target
2016-02-19,TOO,0.04761900127918861,0.04761900127918861,target
2016-02-23,AMRS,0.02427083295036714,0.06359658519516698,target
2016-02-23,HTLF,-0.01072305509319793,-0.01072305509319782,target
2016-02-24,LBAI,-0.03526975949798661,-0.031884049424469096,target
2016-02-24,UCBI,0.0239557354545048,0.0239557354545048,target
2016-02-25,BRKL_old,0.012062026423493633,0.012062026423493633,target
2016-02-29,FFIC,0.019220036441976562,0.022277170227459786,target
2016-03-01,HBHC,-0.008867208777717739,0.003828141777545424,target
2016-03-01,AMRS,-0.06738803272514104,-0.06426662700912222,stop
2016-03-02,FMBI,0.06573639346225302,0.06573639346225302,target
2016-03-03,AMRS,-0.13146454093545823,-0.11937597812582579,stop
2016-03-04,TGP,0.14238774423609435,0.15756948784350078,target
2016-03-07,IBKC,0.1333715283632637,0.1333715283632637,target
2016-03-08,FFIC,0.004215463746127357,0.004215463746127357,target
2016-03-09,BHLB,0.0208630333047366,0.0208630333047366,target
2016-03-09,QEP,0.21956302661108684,0.21956302661108684,target
2016-03-10,AMRS,-0.11571552021012299,-0.11571552021012299,stop
2016-03-11,CFNL,-0.005370445670081159,0.006513079863634141,target
2016-03-14,DNR,-0.07083336230781223,-0.07083336230781223,stop
2016-03-15,SGY,-0.06097562482568364,-0.06097562482568364,stop
2016-03-16,NVLN,-0.10389611059814996,-0.10389611059814996,stop
2016-03-17,UCBI,-0.011807284845209098,-0.0003715230163178207,target
2016-03-18,CDR,0.0008595661830215207,0.004219371646672965,target
2016-03-18,CRZO,0.41005639653380377,0.43063315629088517,target
2016-03-21,CHFC,0.008578759696552085,0.008578759696552085,target
2016-03-22,CBB,0.2059580964433969,0.2091503649908022,target
2016-03-24,UCBI,-0.003802264823704382,-0.003802264823704382,target
2016-03-29,HBHC,-0.07714054239725543,-0.07714054239725532,stop
2016-03-31,AMRS,-0.0754261486971165,-0.0754261486971165,stop
2016-04-01,BRKL_old,-0.002729730081526549,-0.002729730081526549,target
2016-04-04,TGP,-0.013523182878450446,0.002514646454633951,target
2016-04-04,AMRS,-0.09009011040820591,-0.09009011040820591,stop
2016-04-05,NM,-0.08623451429154982,-0.08623451429154982,stop
2016-04-06,NVLN,-0.14588536766425064,-0.14588536766425064,stop
2016-04-07,CFNL,-0.016600965756174424,-0.008234680643287917,target
2016-04-13,ICON_old,0.08835345954304707,0.08835345954304707,target
2016-04-15,DNR,0.45650109151595264,0.5000001124616,target
2016-04-15,BRKL_old,0.01607585549450352,0.02394360380376903,target
2016-04-18,COBZ,0.11641034644149051,0.11979887315789695,time
2016-04-18,CFNL,0.0022999596177502024,0.011237383810063672,target
2016-04-21,AMRS,0.028914339825597768,0.04761911790117157,target
2016-04-21,FMBI,-0.0051722170616428365,-0.0022860358648681967,target
2016-04-22,BMTC,0.052091542497067156,0.052091542497067156,time
2016-04-22,SASR,-0.0068933151805309345,0.012870955280277041,target
2016-04-26,CRZO,0.08108161140911796,0.09517956718353071,target
2016-04-27,NM,-0.11564630815325017,-0.11564630815325028,stop
2016-05-03,BPFH,-0.04085086539314653,-0.040172633821745296,target
2016-05-03,AMRS,-0.09714100135018322,-0.08344667102138226,stop
2016-05-03,CBB,0.008110904154046139,0.011958322351448558,target
2016-05-04,FMBI,-0.037671849244698685,-0.03713673503180437,target
2016-05-05,CHFC,-0.019476630106446846,-0.015883343958107088,target
2016-05-05,CBB,-0.0858697880507514,-0.0858697880507514,stop
2016-05-09,BPFH,0.0008375401367908264,0.0008375401367908264,target
2016-05-10,SASR,0.013564382846201761,0.013564382846201761,target
2016-05-11,FPO,0.032574067172005616,0.032574067172005616,time
2016-05-11,CMO,0.052798308965293694,0.052798308965293694,time
2016-05-11,LTXB,0.3418538943140692,0.3432180293369298,time
2016-05-11,AMRS,-0.17338659781069843,-0.17338659781069843,stop
2016-05-16,ROIC,0.12236060167299367,0.12236060167299367,time
2016-05-16,UBA,0.0640772594285679,0.07214382217332793,time
2016-05-20,FMBI,0.012240365505542306,0.015826447332425886,target
2016-05-23,MTGE,0.1278140317137908,0.1278140317137908,time
2016-05-24,AMRS,-0.08591180777282503,-0.07121292857856532,stop
2016-05-27,BPFH,0.07070961460913261,0.07224892612764022,target
2016-05-31,BHLB,0.009530804097445111,0.014958324975501869,target
2016-06-03,FMBI,0.0021679678333161867,0.0021679678333161867,target
2016-06-09,UCBI,0.003824484285466445,0.003824484285466445,target
2016-06-10,HTLF,0.14452459404694573,0.1555046790794079,target
2016-06-10,AMRS,-0.06875001929168179,-0.06875001929168179,stop
2016-06-10,DNR,-0.10260203732159412,-0.10260203732159412,stop
2016-06-13,BPFH,-0.009083374054151383,-0.009083374054151494,target
2016-06-16,UCBI,-0.02005282600612901,-0.0200528260061289,target
2016-06-17,DNR,0.07386707019980032,0.07386707019980032,target
2016-06-20,CDR,0.02632750779657944,0.03333333563689456,time
2016-06-20,FFIC,0.009471612119441808,0.009471612119441808,target
2016-06-21,AMRS,-0.11626078461347933,-0.11626078461347933,stop
2016-06-22,HBHC,0.14660832934543055,0.14660832934543055,time
2016-06-22,IBKC,0.22749097711128186,0.22749097711128186,time
2016-06-22,PLXP,-0.06606339215475587,-0.06606339215475587,stop
2016-06-22,BHLB,0.0015266796570208019,0.0015266796570208019,target
2016-06-27,CBB,0.10741765576652407,0.10741765576652407,target
2016-06-27,ORIT,-0.067380489021036,-0.06606603321306914,stop
2016-06-27,CHFC,-0.06101147563457743,-0.06101147563457754,stop
2016-06-27,YDKN,-0.07373820166510925,-0.07373820166510925,stop
2016-06-27,FMBI,-0.0984163288890385,-0.0984163288890385,stop
2016-07-05,FFIC,0.03459784852960568,0.039480928294077344,target
2016-07-05,UCBI,-0.013363016890443946,-0.013363016890443835,target
2016-07-05,ICON_old,-0.06465816073170605,-0.060650933486297465,stop
2016-07-08,WIBC,0.031669858089235836,0.031669858089235836,target
2016-07-11,BNCL,0.02301316546910437,0.02301316546910437,target
2016-07-15,HTLF,0.054982417870725,0.059475246673567295,target
2016-07-15,CHFC,0.09050522709892284,0.09050522709892284,target
2016-07-20,SASR,0.041850748524441705,0.044253769418690636,target
2016-07-21,BPFH,-0.009053469969618866,-0.009053469969618977,target
2016-07-21,FFIC,-0.02295663015604632,-0.022953243745892693,target
2016-07-28,YDKN,0.004469554280104537,0.00979049357126005,target
2016-07-28,SASR,0.020120950372952473,0.021739109308372973,target
2016-07-29,UCBI,0.0068504882337310224,0.013505454390694949,target
2016-07-29,BPFH,-0.006333702190166046,-0.004926142702246339,target
2016-08-10,DNR,-0.10190914550001118,-0.10190914550001118,stop
2016-08-11,LTXB,0.006011686949031869,0.010258709222236373,target
2016-08-18,CFNL,0.04154784019573343,0.04154784019573343,target
2016-08-22,BNCL,0.10159563645398317,0.10270342346533345,target
2016-08-24,FFIC,0.009635669053106755,0.013895176186097702,target
2016-08-24,PLXP,0.04093353495021734,0.045827655251855726,target
2016-08-25,DNR,0.013370088068077823,0.03159414789132797,target
2016-08-25,NM,-0.08509429455312478,-0.08509429455312478,stop
2016-08-25,CRZO,-0.026010222727918086,-0.02008758257726595,target
2016-08-30,CFNL,0.009865402749897667,0.01350206417908506,target
2016-08-31,BHLB,0.039324285385546,0.041854704702432244,target
2016-09-07,NM,0.13413666361138699,0.13413666361138699,target
2016-09-08,SASR,0.009396245756824628,0.01028276626589264,target
2016-09-09,BRKL_old,0.07074373365844067,0.0727989696493121,time
2016-09-13,DNR,-0.06092882942566191,-0.06092882942566191,stop
2016-09-15,FMBI,-0.02683925922718977,-0.021903757776384758,target
2016-09-16,EYES_old,-0.042854396635675696,-0.02632386786517904,target
2016-09-20,BPFH,-0.02876704631200533,-0.02467559281972942,target
2016-09-22,ICON_old,0.23293778958661182,0.23293778958661182,target
2016-09-22,CBB,-0.014639671736312532,0.004804129733617213,target
2016-09-28,DNR,0.15162457732344925,0.15162457732344925,target
2016-09-29,BHLB,-0.00807071261510739,-0.008037592929801218,target
2016-09-29,UCBI,-0.020407261271930377,-0.014522253634630444,target
2016-09-30,HTLF,-0.024575336171033246,-0.022804012707742793,target
2016-10-04,YDKN,0.02123366425819917,0.02726197347361059,target
2016-10-05,FMBI,0.01816296695149866,0.01816296695149866,target
2016-10-06,UCBI,0.0103822231151387,0.0103822231151387,target
2016-10-07,NM,-0.07867626859789567,-0.07081666812300125,stop
2016-10-11,BNCL,0.013016711049361529,0.013016711049361529,target
2016-10-11,SASR,-0.002407869584411637,-0.0002643918317224436,target
2016-10-12,BRKL_old,-0.008638604900280678,-0.004055165534813332,target
2016-10-14,CEMP,-0.07529145985520103,-0.0644742419630554,stop
2016-10-14,IMBI,-0.04821879747396818,-0.024676509959810855,target
2016-10-17,DNR,-0.07046981100767369,-0.07046981100767369,stop
2016-10-17,FMBI,-0.04082154969598273,-0.03465852579455597,target
2016-10-19,ICON_old,-0.021854507004602897,-0.01606923510370173,target
2016-10-20,EBSB,0.04511197988881577,0.047042997572680934,time
2016-10-20,LBAI,0.12598373889878056,0.1290322122625005,time
2016-10-20,CHFC,0.06136610541875731,0.06512166168190259,time
2016-10-21,CEMP,0.043416916979387876,0.043416916979387876,target
2016-10-21,BNCL,-0.014296385441152415,0.0,target
2016-10-21,BPFH,-0.0017303576592027081,0.0010302091292306859,target
2016-10-27,GWB,0.005409198267839699,0.009320903909374012,time
2016-10-27,FMBI,-0.010669400677099983,-0.006690739375881716,target
2016-10-28,DNR,-0.07845990919494339,-0.07845990919494339,stop
2016-10-31,IMBI,0.0386474225626221,0.0386474225626221,target
2016-11-01,FMBI,-0.0006287435401954866,0.004190671716427952,target
2016-11-02,CBB,-0.08860759493670889,-0.08860759493670889,stop
2016-11-02,NM,-0.06697849652740284,-0.06697849652740284,stop
2016-11-02,GWB,-0.017473687743800648,-0.014888381656182004,target
2016-11-03,AMRS,-0.2882965218126051,-0.2840737609680082,stop
2016-11-09,UCBI,0.09148565219390936,0.09148565219390936,target
2016-11-10,BRKL_old,0.09479815623449639,0.09479815623449639,target
2016-11-10,EGLE_old,0.17519421285051706,0.17519421285051706,target
2016-11-16,SASR,0.14430329806998077,0.14937385381491075,target
2016-11-17,IMBI,0.002075297221810768,0.0041845894771535,target
2016-11-18,YDKN,0.027652096832795348,0.027652096832795348,target
2016-11-23,IMBI,-0.14895338322113527,-0.08602148676927512,stop
2016-11-25,ORIT,0.08967910984851146,0.08967910984851146,time
2016-11-25,BRKL_old,0.015021238526475633,0.016666666666666607,target
2016-12-12,IMBI,0.09374750886379002,0.10365851132164794,target
2016-12-12,BRKL_old,0.0644540961368476,0.06903114321571224,target
2016-12-15,LTXB,-0.017334732768072958,-0.017334732768072958,target
2016-12-16,BHLB,0.0780562079469651,0.0780562079469651,target
2016-12-16,AMRS,-0.14163713808507683,-0.14163713808507683,stop
2016-12-16,EGLE_old,-0.04224297923120601,-0.04224297923120601,target
2016-12-20,CFNL,0.06038799625978242,0.06038799625978242,target
2016-12-22,UCBI,0.21959718201786815,0.22337765088920203,target
2016-12-30,BRKL_old,-0.005564376918233305,-0.0008219318953883725,target
2017-01-05,MEET,0.06284960675167617,0.06284960675167617,target
2017-01-17,CFNL,-0.07058304923707259,-0.07058304923707259,stop
2017-01-23,OPHT,-0.07322112410696213,-0.06581816165727117,stop
2017-01-24,ISEE,-0.026944119413403023,-0.026944119413403023,target
2017-01-30,BPFH,0.2619308937479494,0.2619308937479494,target
2017-01-30,DNR,-0.11979046674346527,-0.11979046674346527,stop
2017-01-30,OPHT,-0.08522463121363866,-0.06263302920908997,stop
2017-02-03,BRKL_old,0.006949049270163599,0.006949049270163599,target
2017-02-06,FMBI,-0.0025958806744352803,0.0033112551411966784,target
2017-02-06,BPFH,-0.013196751436504783,-0.0062200599952007,target
2017-02-08,GWB,0.1677312190241218,0.1677312190241218,time
2017-02-10,WLL,0.024280616955248968,0.024280616955248968,target
2017-02-10,LTXB,0.004116371355934234,0.004116371355934234,target
2017-02-13,YDKN,-0.005564151890757318,-0.0055641518907574294,target
2017-02-16,UCBI,0.003068474186066039,0.00608111564521896,target
2017-02-22,FMBI,0.002974011396577936,0.008853832658408,target
2017-02-22,DNR,-0.11257916228589737,-0.11257916228589737,stop
2017-03-06,BHLB,0.0028329260900767927,0.0028329260900767927,target
2017-03-06,DNR,-0.01546973972620358,-0.00738006665866664,target
2017-03-07,BRKL_old,-0.03180525109996568,-0.030959753053263706,target
2017-03-10,BNCL,-0.06294489743137366,-0.06227400517550796,stop
2017-03-17,COBZ,0.016933782817700305,0.016933782817700305,target
2017-03-22,FMBI,-0.06508391865435348,-0.06508391865435348,stop
2017-03-22,WLL,-0.07978137406235042,-0.07978137406235053,stop
2017-04-03,COBZ,0.04970541339492862,0.059569049194547086,target
2017-04-03,BMTC,-0.016968847631353756,-0.014442029227367703,target
2017-04-04,BHLB,0.02795898999656199,0.03056777579040859,target
2017-04-04,CRZO,0.005313700218525286,0.005313700218525286,target
2017-04-05,MEET,0.12986065324244156,0.1417925860674365,time
2017-04-07,UCBI,-0.011131150105438747,-0.0066989318777005424,target
2017-04-10,HTLF,0.018167266511773583,0.02411181516230987,target
2017-04-10,LTXB,-0.050653783260060536,-0.04388029478258881,target
2017-04-13,CFNL,-0.06069485064951963,-0.06069485064951963,stop
2017-04-18,CFNL,-0.0026180204481613956,-0.0006522043654474396,target
2017-04-19,CSFL,0.0459140759518446,0.0459140759518446,target
2017-04-20,BHLB,0.01671536995020073,0.01671536995020073,target
2017-04-28,HTLF,-0.035175879396984966,-0.035175879396984966,target
2017-05-03,SASR,0.06454191519897523,0.06846236560871843,target
2017-05-04,WLL,-0.06257526251576984,-0.06257526251576973,stop
2017-05-05,BPFH,-0.0034132627729304144,-0.0031847255632039273,target
2017-05-10,SASR,-0.016521367380715968,-0.016521367380715857,target
2017-05-11,BPFH,-0.021535154251969058,-0.012903213500976562,target
2017-05-12,CRZO,-0.010719356648629663,-0.010719356648629552,target
2017-05-17,BRKL_old,-0.05227309285358672,-0.05227309285358672,target
2017-05-17,SASR,-0.06875151850269356,-0.06875151850269356,stop
2017-05-26,LTXB,0.008149353427634232,0.014346051959933659,target
2017-05-26,HTLF,-0.0033253328325135723,0.0001731826134367953,target
2017-05-30,BPFH,-0.011082375215596074,-0.011082375215596074,target
2017-06-07,CRZO,-0.07586458559558462,-0.06881110940961155,stop
2017-06-08,VALPQ,-0.06371459525865075,-0.05715111804473616,target
2017-06-08,BPFH,0.05190311487195398,0.05190311487195398,target
2017-06-09,UCBI,0.061074235518247866,0.061074235518247866,target
2017-06-13,CRZO,0.06047590552076598,0.06047590552076598,target
2017-06-14,DNR,-0.12513532117487025,-0.11502709769049124,stop
2017-06-15,CRZO,-0.10461114926915682,-0.10461114926915682,stop
2017-06-16,BPFH,-0.016736501697480866,-0.005563040398266272,target
2017-06-20,VALPQ,-0.10183634056523116,-0.10183634056523116,stop
2017-06-21,SASR,-0.023558648275009753,-0.019740152585982496,target
2017-06-21,CRZO,-0.09024910922753704,-0.08836689026098998,stop
2017-06-26,HTLF,-0.02741520185424584,-0.02234040929916059,target
2017-07-03,CSFL,0.05298016120569704,0.05298016120569704,target
2017-07-03,CRZO,0.1324342207404967,0.1324342207404967,target
2017-07-06,CRZO,-0.06013900761383151,-0.0601390076138314,stop
2017-07-19,BPFH,-0.015015498525660642,-0.015015498525660642,target
2017-07-21,DNR,-0.06206898649580783,-0.06206898649580772,stop
2017-07-27,CMO,-0.07526620530191364,-0.07526620530191375,stop
2017-07-28,WLL,0.0554454895833274,0.0554454895833274,target
2017-08-03,CRZO,-0.08354168379636784,-0.07588426306765317,stop
2017-08-03,UCBI,-0.008910592974472165,-0.0033812888841072697,target
2017-08-07,DNR,-0.09408862907825466,-0.07487947648468551,stop
2017-08-08,CRZO,-0.09192543123270724,-0.09192543123270724,stop
2017-08-10,DNR,0.020594890928114618,0.03948492878839027,target
2017-08-14,UCBI,-0.026141806026238612,-0.026141806026238612,target
2017-08-16,BPFH,-0.027938665059859424,-0.027938665059859424,target
2017-08-28,DNR,-0.08926377441489508,-0.08926377441489508,stop
2017-08-30,UCBI,-0.011764685444193956,-0.011764685444193956,target
2017-08-31,CSFL,0.02253500698551325,0.02256577523159975,target
2017-08-31,VALPQ,-0.08034356695679379,-0.07848418969012183,stop
2017-09-05,LTXB,-0.04041506240863657,-0.04041506240863657,target
2017-09-07,CSFL,-0.06416211158705809,-0.06416211158705809,stop
2017-09-07,CRZO,-0.08618317052889868,-0.08618317052889868,stop
2017-09-08,WLL,-0.06542060656134585,-0.06542060656134585,stop
2017-09-12,CSFL,0.04098853797427915,0.04098853797427915,target
2017-09-13,CRZO,0.10823910663981495,0.10823910663981495,target
2017-09-19,UCBI,0.013089614948625705,0.013089614948625705,target
2017-09-21,HTLF,0.06164146231729539,0.06164146231729539,target
2017-10-03,COBZ,0.16562230530705846,0.17053954975281083,target
2017-10-06,WLL,-0.08459515475133017,-0.08459515475133017,stop
2017-10-09,LBAI,0.013486858148909375,0.014693019672950003,target
2017-10-10,BPFH,0.014080917910486157,0.014080917910486157,target
2017-10-10,CSFL,0.013100985475209104,0.013100985475209104,target
2017-10-12,WLL,-0.010145310798514773,0.00961542164785767,target
2017-10-19,LTXB,0.002425111000220914,0.002425111000220914,target
2017-10-20,CMO,-0.01256207274914023,-0.010224890646804763,time
2017-10-25,BRKL_old,-0.01872024047171894,-0.01872024047171894,target
2017-10-27,CSFL,0.02000003390842009,0.02000003390842009,target
2017-10-30,BPFH,-0.061695988827650816,-0.061695988827650816,stop
2017-10-31,LBAI,-0.021413918529159637,-0.012795092480686443,target
2017-11-09,LBAI,-0.06431349485244253,-0.06431349485244253,stop
2017-11-09,BPFH,-0.06777586062696284,-0.06085829651961838,stop
2017-11-17,LTXB,-0.004942022459057727,-0.0012804928548636463,target
2017-11-17,BRKL_old,0.019640134128030784,0.02711861820544237,target
2017-11-22,DNR,0.6977212993796675,0.6977212993796675,time
2017-11-28,LBAI,0.08793964595820669,0.08793964595820669,target
2017-12-05,LBAI,-0.030511467766008327,-0.030511467766008216,target
2017-12-08,FFIC,-0.05461413280342231,-0.04917793650420865,target
2017-12-11,BPFH,-0.019932715950776392,-0.01577287028284713,target
2017-12-12,SASR,-0.015730396208150088,-0.0072372271481921935,target
2017-12-13,BMTC,0.005681818181818121,0.005681818181818121,target
2017-12-15,UCBI,0.054195636702702776,0.05473170702489161,time
2017-12-22,LBAI,0.004799749950945564,0.015306083225598899,target
2017-12-27,BMTC,-0.004434522284007314,-0.004434522284007314,target
2017-12-28,HTLF,0.02666385057057097,0.03269232236422015,target
2018-01-05,COBZ,0.024549312227002185,0.024549312227002185,target
2018-01-10,LBAI,0.032527401319703,0.032527401319703,target
2018-01-12,CSFL,-0.007868152402369488,-0.007868152402369488,target
2018-01-12,BRKL_old,0.027720095586029947,0.028248081425930494,target
2018-01-16,BMTC,0.02752936256105465,0.03393488322515359,target
2018-01-16,HTLF,0.020792818616852893,0.029679227813665943,target
2018-01-17,BPFH,-0.00782442395315619,0.0,target
2018-01-22,CSFL,0.0020332108340479493,0.007249816866909731,target
2018-01-25,LBAI,-0.004156101847993865,-0.004156101847993976,target
2018-02-05,BPFH,-0.07371798359509052,-0.07371798359509041,stop
2018-02-05,SASR,-0.06616738592468763,-0.06494818586416051,stop
2018-02-05,COBZ,-0.08722888992493416,-0.08722888992493416,stop
2018-02-09,HTLF,-0.04626143438086472,-0.04201104260489774,target
2018-02-22,HTLF,0.012867050911822275,0.021944591276463976,target
2018-02-23,BPFH,0.015022056388106275,0.02027028289652799,target
2018-03-07,BPFH,0.03578079579323523,0.03578079579323523,target
2018-04-12,BRKL_old,0.03144654163496252,0.03144654163496252,target
2018-04-23,BMTC,0.029966754976274768,0.029966754976274768,time
2018-04-24,BHLB,0.012038872931583677,0.01571435902177276,time
2018-05-01,FFIC,-0.0080992882248474,-0.0034238694415300586,target
2018-05-04,BMTC,0.014119557426041762,0.014574025742535968,target
2018-05-09,BHLB,0.0069887702607887014,0.010174509015380861,target
2018-05-11,BMTC,0.0029746930733640653,0.003762295739911936,target
2018-05-15,LBAI,-0.01757830553258355,-0.013369482527945009,target
2018-05-17,BHLB,0.01570197243738658,0.01570197243738658,target
2018-05-18,BRKL_old,0.005726802074755177,0.010795365793631717,target
2018-05-30,HTLF,0.0010957672363325344,0.0010957672363325344,target
2018-05-30,COBZ,0.01511973878339079,0.01511973878339079,target
2018-06-01,BHLB,0.021171067421260625,0.0218228102046627,target
2018-06-05,LBAI,0.022961414517667533,0.02722768397462727,target
2018-06-05,HTLF,0.02190025954996777,0.022905152526751404,target
2018-06-08,HTLF,-0.0005090611899962738,-0.0005090611899962738,target
2018-06-20,SASR,0.007814393431963884,0.007814393431963884,target
2018-06-21,LTXB,-0.06708502278357009,-0.06708502278356998,stop
2018-06-26,BMTC,-0.005310215955901532,-0.002279082329588289,target
2018-06-29,BRKL_old,-0.01879861186364662,-0.01879861186364662,target
2018-06-29,COBZ,-0.04320717985472888,-0.04320717985472888,target
2018-06-29,BPFH,-0.07322368727246542,-0.06483754089661953,stop
2018-07-13,BPFH,0.0004622112173962023,0.0004622112173962023,target
2018-07-19,BPFH,-0.07529171950314917,-0.07529171950314917,stop
2018-07-23,LBAI,-0.014319863173460123,-0.014319863173460234,target
2018-07-30,SASR,-0.06245072108214489,-0.06179369284431957,stop
2018-08-13,BPFH,-0.06223387475450748,-0.06223387475450748,stop
2018-08-14,BMTC,0.0017441783461664695,0.0017441783461664695,target
2018-09-05,LBAI,-0.020304645197344873,-0.02030464519734476,target
2018-09-24,BRKL_old,-0.008571406773158485,-0.008571406773158485,target
2018-10-01,BMTC,-0.06488236687556337,-0.05913759800814844,target
2018-10-04,BRKL_old,-0.005978865646598774,-0.005978865646598663,target
2018-10-10,BHLB,0.0008492608381351907,0.0049566485874275035,target
2018-10-12,LBAI,-0.08178199702063793,-0.08178199702063804,stop
2018-10-18,BMTC,-0.07502606292652547,-0.07089487332024424,stop
2018-10-18,BHLB,-0.0778625348091132,-0.0778625348091132,stop
2018-10-22,BMTC,-0.1056261672261749,-0.09798609146099135,stop
2018-11-05,BHLB,0.02882651203896125,0.03647580580312915,target
2018-11-06,NCOM,-0.0026080152437132353,0.005606349492173424,target
2018-11-09,BMTC,0.004493100408569983,0.010870073932599977,target
2018-11-09,BHLB,-0.014835804332702374,-0.01212915500842926,target
2018-11-15,GBNK,0.015720406808512166,0.02578124365536505,target
2018-11-19,LBAI,-0.022430374213320614,-0.014996466949923293,target
2018-11-20,BRKL_old,-0.04672450061484079,-0.03634000463902842,target
2018-12-04,BMTC,-0.1002665269848868,-0.1002665269848868,stop
2018-12-04,UCBI,-0.06930306947199738,-0.06930306947199749,stop
2018-12-04,LTXB,-0.07593857460168485,-0.07593857460168485,stop
2018-12-12,HTLF,-0.02925488079391203,-0.020396173392685735,target
2018-12-14,GBNK,-0.07275878276629155,-0.07275878276629155,stop
2018-12-17,BRKL_old,-0.06804533153193437,-0.06804533153193437,stop
2018-12-19,LBAI,-0.07300783084606155,-0.06979776256682102,stop
2018-12-31,BMTC,0.00011024919638935593,0.003601677270304693,target
2019-01-10,PRTNQ,-0.06035708363771786,-0.06035708363771786,stop
2019-01-14,BHLB,0.0005766348330369375,0.0005766348330369375,target
2019-01-16,PRETL,0.08058828466078816,0.08058828466078816,target
2019-01-24,BHLB,-0.06411150187019843,-0.06411150187019843,stop
2019-01-31,SASR,0.03108095747169015,0.031080957471690374,target
2019-02-01,PRTNQ,0.07675793013179621,0.07675793013179621,target
2019-02-04,HTLF,0.06346899963780661,0.06346899963780661,target
2019-02-06,NCOM,0.02553773452033692,0.028838375291464713,target
2019-02-11,LBAI,0.020992300536017083,0.020992300536017083,target
2019-02-15,FFIC,0.030181907550061116,0.030181907550061116,target
2019-02-26,PRETL,0.03731456806186362,0.05237632782493162,target
2019-03-01,HTLF,0.0026917385945668393,0.005071858763368464,target
2019-03-06,LTXB,-0.0765133723915089,-0.07651337239150902,stop
2019-03-06,DNR,-0.08333331781129005,-0.08333331781129005,stop
2019-03-11,FFIC,-0.029548422275658903,-0.028028598990710973,target
2019-03-21,GWB,-0.08602906054141901,-0.08602906054141901,stop
2019-03-22,BRKL_old,-0.0765340049069797,-0.0765340049069797,stop
2019-03-26,DNR,0.12500001693313778,0.12500001693313778,target
2019-04-01,VBTX,0.1357798667620691,0.1357798667620691,time
2019-04-02,HTLF,-0.0277821035137662,-0.02468024414747383,target
2019-04-12,PRETL,0.026350485776802657,0.026350485776802657,target
2019-04-22,BHLB,0.07334323412469601,0.07334323412469601,time
2019-04-23,GWB,0.03047381484866385,0.03886170275104095,target
2019-04-26,HTLF,0.06154034122791452,0.06444039290495374,target
2019-05-01,PPBI,-0.029344360987811346,-0.029344360987811346,target
2019-05-03,PRTNQ,0.07074567575711566,0.07074567575711566,target
2019-05-20,BMTC,0.021724675907632607,0.02750306294436955,target
2019-05-20,FFIC,-0.015632879349482875,-0.011145786740908381,target
2019-05-23,HTLF,-0.08076749122117455,-0.08076749122117466,stop
2019-05-30,DNR,-0.11822156329989442,-0.09036078863486652,stop
2019-06-03,SASR,0.02431791772947922,0.02972803634120358,target
2019-06-05,BRKL_old,-0.004252225679577837,0.004087156995577823,target
2019-06-10,GWB,0.05857739661089867,0.05857739661089867,target
2019-06-14,LBAI,-0.0020083519924435356,0.0029705113526949933,target
2019-06-19,PRETL,-0.061593772939792735,-0.061593772939792735,stop
2019-06-24,FFIC,-0.014718419499979762,-0.014718419499979762,target
2019-06-26,SASR,0.008057310393542183,0.008057310393542183,target
2019-06-26,LBAI,0.0020341039600459965,0.0020341039600459965,target
2019-06-27,PRETL,-0.010584424624090816,-0.010584424624090816,target
2019-07-02,LBAI,-0.01114547094446594,-0.01114547094446594,target
2019-07-05,WLL,0.039753484280486084,0.05010421439750745,target
2019-07-08,DNR,-0.03150913279709133,-0.00826445466776271,target
2019-07-08,BMTC,-0.00012575577956963624,0.002147259427669246,target
2019-07-10,PRTNQ,0.03998402651428745,0.0418719415475608,target
2019-07-12,CARO,0.006957185261829757,0.006957185261829757,target
2019-07-17,JAG,-0.07153944576491744,-0.07153944576491744,stop
2019-07-19,LTXB,0.1016548190939679,0.1016548190939679,time
2019-07-25,DNR,-0.06393040105052294,-0.06393040105052306,stop
2019-07-26,VBTX,0.012964985525002914,0.018511273414789642,target
2019-07-29,JAG,-0.09369850416332959,-0.09308508125539805,stop
2019-07-30,VBTX,0.009161140901929654,0.016480117223409696,target
2019-07-31,BRKL_old,0.023205643204799342,0.023205643204799342,target
2019-07-31,PPBI,0.04804502455031945,0.04804502455031945,target
2019-08-01,JAG,-0.1253734644283674,-0.12537346442836728,stop
2019-08-05,BMTC,-0.06253396719401727,-0.06253396719401727,stop
2019-08-05,DNR,-0.10185186105009902,-0.10185186105009914,stop
2019-08-06,UCFC,0.02725334192110984,0.032397428004285134,target
2019-08-06,LBAI,-0.07009197833785052,-0.062461362035647006,stop
2019-08-06,PPBI,-0.025088072715921728,-0.021628907953637366,target
2019-08-06,BRKL_old,-0.025760078402825015,-0.02164800785955523,target
2019-08-07,CARO,-0.03478693655209808,-0.028110997583457475,target
2019-08-07,FFIC,-0.07426994022215316,-0.07426994022215327,stop
2019-08-07,VBTX,-0.0675085008501658,-0.06607928169416566,stop
2019-08-08,ABTX,-0.03300160846881395,-0.03300160846881406,target
2019-08-09,PRETL,-0.006773620810124226,-0.006773620810124337,target
2019-08-13,LBAI,-0.008274749766120859,-0.004801741647241009,target
2019-08-15,EBSB,-0.046313116371692886,-0.04452807280639015,target
2019-08-19,HTBK,0.02290742435850479,0.02290742435850479,target
2019-08-20,BRKL_old,-0.0007143020629882812,-0.0007143020629882812,target
2019-08-20,OAS,0.098119238086819,0.11666663487752271,target
2019-08-21,VBTX,-0.008318212035449135,-0.007166951147348222,target
2019-08-23,WLL,-0.17584989098708426,-0.17584989098708426,stop
2019-08-28,GWB,-0.04300047018173658,-0.030956427510162254,target
2019-08-28,PRETL,9.07847158524433e-05,0.005946428645691837,target
2019-08-30,PRTNQ,-0.06059186754597601,-0.06059186754597612,stop
2019-09-03,WLL,-0.10556351266672637,-0.10556351266672637,stop
2019-09-04,BMTC,-0.023295421824315432,-0.020301646526473593,target
2019-09-09,GWB,0.0902613443073732,0.0902613443073732,target
2019-09-11,FFIC,0.06001990824634884,0.06001990824634884,target
2019-09-13,SASR,0.09439763523690692,0.09439763523690692,target
2019-09-13,LBAI,0.11678329929210562,0.11678329929210562,target
2019-09-16,PPBI,0.1279903308860224,0.1325850808943947,target
2019-09-17,BMTC,0.09667637368573434,0.09837997282856925,target
2019-09-18,HTLF,0.07532041161380221,0.08144671536451353,time
2019-09-24,SASR,-0.0718513082884693,-0.0718513082884693,stop
2019-09-26,LBAI,-0.034365268310282304,-0.028894474619503674,target
2019-09-26,SASR,0.02732245183365456,0.02732245183365456,target
2019-09-26,PPBI,-0.012013122282283573,-0.006593531209154846,target
2019-09-27,HTBK,0.0038673316580708494,0.004680857651590431,target
2019-09-30,BHLB,-0.06271997070312507,-0.06271997070312496,stop
2019-10-01,FFIC,-0.004165250593936687,-0.0029455753961212805,target
2019-10-01,ABTX,-0.07392708798968362,-0.07074629370845964,stop
2019-10-01,BMTC,-0.015972421898902578,-0.012348983677303416,target
2019-10-04,BHLB,0.01346790808219489,0.014552507149203864,target
2019-10-07,CARO,-0.02002282170024028,-0.02002282170024039,target
2019-10-15,GWB,0.009910323583321556,0.009910323583321556,target
2019-10-22,BRKL_old,0.05172211102998636,0.05447504213782839,target
2019-10-23,HTBK,0.014190709365373033,0.02010493919117251,target
2019-10-24,VBTX,0.010280215176179386,0.01635990208787974,target
2019-10-24,EBSB,0.06144775763698784,0.0665932349692897,target
2019-10-24,CARO,0.00801868762434732,0.010902974130764687,target
2019-10-25,FSB,0.056578798629405735,0.05918302166475642,target
2019-10-25,BRKL_old,0.0016574306786043547,0.010809362139452272,target
2019-10-29,BMTC,0.07824533846729853,0.07824533846729853,target
2019-11-01,HTBK,0.08369660120292677,0.08369660120292677,target
2019-11-04,LBAI,0.08098187494698372,0.08098187494698372,target
2019-11-08,SASR,0.022559164328463943,0.023057210947240447,target
2019-11-08,HTBK,0.004380684640744814,0.0070771507224896,target
2019-11-08,GWB,-0.0044935001260953955,-0.0026437868520520214,target
2019-11-14,LBAI,-2.870187334336194e-05,0.0035885990284156843,target
2019-11-19,BHLB,-0.004323912501510541,-0.004323912501510652,target
2019-11-20,BMTC,0.016666833247724222,0.019942228007384655,target
2019-11-21,LBAI,-0.011064060682575594,-0.008960550811301093,target
2019-11-22,BPFH,-0.014442981444135694,-0.014442981444135583,target
2019-11-25,HTLF,-0.0012486125882612553,0.0010497425139470717,target
2019-11-25,HTBK,-0.002166562042143272,-0.002166562042143383,target
2019-11-26,WLL,-0.08551539065773395,-0.08426971409059125,stop
2019-11-29,WLL,-0.11957072766788868,-0.11321094135666199,stop
2019-12-02,LBAI,-0.005496551971834185,-0.0029976704732831427,target
2019-12-03,PRETL,-0.06870231949690542,-0.0687023194969053,stop
2019-12-12,LBAI,0.03627560102235727,0.03627560102235727,target
2019-12-13,BPFH,0.02371692112876178,0.03392664876580875,target
2019-12-17,GWB,0.03971925976583357,0.04591693804304153,target
2019-12-19,HTBK,0.058146427294550884,0.06127451094972414,target
2019-12-19,LBAI,0.023312266557329986,0.023312266557329986,target
2019-12-26,ABTX,0.19987619055002814,0.19987619055002814,time
2019-12-31,PPBI,-0.03523047391573075,-0.031055035252789187,target
2020-01-03,BRKL_old,-0.027069554030932363,-0.02390522692391661,target
2020-01-03,PRTNQ,-5.2974214536316566e-05,0.003122003447264987,target
2020-01-06,ACBI,-0.06943712145877567,-0.06943712145877556,stop
2020-01-06,GWB,-0.0014517781374639993,-0.0014517781374639993,target
2020-01-08,GWB,0.006492459770033765,0.015196389825515633,target
2020-01-14,ACBI,0.012995660836713885,0.014697581742932675,target
2020-01-15,UCFC,0.05172122879435115,0.05172122879435115,time
2020-01-15,FFWM,-0.013494903131024527,-0.013494903131024527,target
2020-01-16,BHLB,0.013335419534465709,0.013335419534465709,target
2020-01-21,HTBK,-0.003229582731105629,-0.0032128483908296923,target
2020-01-22,FFIC,-0.07172335574433664,-0.06842992935935255,stop
2020-01-22,BRKL_old,-0.016369744858079405,-0.016188728530189378,target
2020-01-24,PRETL,-0.09884667241597078,-0.09884667241597078,stop
2020-01-27,CARO,-0.07456453416265252,-0.07456453416265263,stop
2020-01-27,BMTC,-0.018043539119424357,-0.018043539119424357,target
2020-01-27,GWB,-0.06114317409730541,-0.06114317409730541,stop
2020-01-29,EBSB,-0.10688678718605493,-0.10688678718605493,stop
2020-01-29,BHLB,-0.07500000305664833,-0.07500000305664833,stop
2020-01-29,GWB,-0.07192602809842652,-0.07096173703237463,stop
2020-01-30,HTLF,0.03970893779632312,0.03970893779632312,target
2020-02-03,HTLF,0.003855892373001879,0.009200588107612928,target
2020-02-06,BMTC,-0.02285339520259111,-0.01714709278330584,target
2020-02-06,VBTX,-0.021041132005295338,-0.014929984820726494,target
2020-02-10,HTBK,-0.024109740286702652,-0.022233425820676778,target
2020-02-10,BHLB,-0.014142748968703711,-0.010891460391270313,target
2020-02-11,PRETL,0.0023106058286141984,0.0023106058286141984,target
2020-02-12,PPBI,-0.0016795070102907372,0.00536732137801299,target
2020-02-13,ERF,0.02813663138677769,0.04106873673127587,target
2020-02-14,BPFH,-0.014629425032436694,-0.010752614682421613,target
2020-02-25,BHLB,-0.09257578201731709,-0.08523297496286575,stop
2020-02-25,BRKL_old,-0.06488552420085036,-0.06488552420085036,stop
2020-02-25,FFWM,-0.09747580573093562,-0.09747580573093562,stop
2020-02-25,BPFH,-0.07600120402649724,-0.07379147647981099,stop
2020-02-27,PPBI,-0.07819498463904362,-0.07819498463904362,stop
2020-02-28,LBAI,-0.07519121003698825,-0.07519121003698825,stop
2020-03-05,LBAI,-0.07194714365407473,-0.07194714365407473,stop
2020-03-05,BPFH,-0.06352299024513575,-0.06352299024513575,stop
2020-03-05,PRETL,-0.08176239975133082,-0.08176239975133082,stop
2020-03-06,HTLF,-0.0747933874117338,-0.07479338741173391,stop
2020-03-06,TBK,-0.10887425925606609,-0.10887425925606609,stop
2020-03-06,PRTNQ,-0.15851100237953097,-0.15851100237953097,stop
2020-03-06,VBTX,-0.08962836459944201,-0.08962836459944201,stop
2020-03-09,GWB,-0.1820580399056434,-0.1820580399056434,stop
2020-03-18,PPBI,-0.17320013755279162,-0.1597421013182364,stop
2020-03-18,BHLB,-0.24152563240747948,-0.2017586494940149,stop
2020-03-18,FFWM,-0.21630356440997056,-0.16665793359262393,stop
2020-03-19,FMBI,-0.0862750863265076,-0.03749273904379147,target
2020-03-20,BRKL_old,-0.12610267694523858,-0.0941761358172124,stop
2020-03-20,GWB,-0.1042868778687388,-0.1042868778687388,stop
2020-03-23,PRETL,-0.11960129443070833,-0.11960129443070833,stop
2020-03-24,VBTX,0.13260672187063594,0.13260672187063594,target
2020-03-26,MOFG,0.24202734221278743,0.24202734221278743,target
2020-03-27,BMTC,-0.10066837644403803,-0.08762009867210108,stop
2020-03-31,PRTNQ,-0.17827492964096747,-0.15061631830901523,stop
2020-03-31,FMBI,-0.09624048109584293,-0.0729227737055751,stop
2020-04-01,SCS,-0.11492550812282898,-0.11492550812282898,stop
2020-04-01,IBKCP,-0.11004451582543151,-0.10096428375902977,stop
2020-04-01,FBC,-0.11180920015689666,-0.11180920015689666,stop
2020-04-01,STXB,-0.1508451628964559,-0.150845162896456,stop
2020-04-01,IBKC,-0.10577684488886896,-0.10577684488886896,stop
2020-04-02,PPBI,-0.018757478293135788,-0.008767419780744912,target
2020-04-02,HCCI,-0.0639575541771964,-0.04690951406127497,target
2020-04-02,AXO,-0.06692278620931535,-0.06692278620931535,stop
2020-04-02,GMRE,-0.11751338830395885,-0.10869559686112984,stop
2020-04-02,ROIC,-0.09122161700308151,-0.06149733114625722,stop
2020-04-03,LBAI,-0.028487225261239257,-0.028487225261239257,target
2020-04-03,VBTX,-0.11864445701614357,-0.10975608170923068,stop
2020-04-03,SASR,-0.11065570128693714,-0.11065570128693714,stop
2020-04-03,HTLF,-0.10108064097775815,-0.09273044604251457,stop
2020-04-03,CCLDP,-0.06285046347127621,-0.06216621597657257,stop
2020-04-03,CVA,-0.18185745174748225,-0.18185745174748225,stop
2020-04-03,SCS,-0.0659090808107835,-0.0659090808107835,stop
2020-04-03,ATAX,-0.029133175609751483,-0.023809476798070994,target
2020-04-03,CIT,-0.1084401055279961,-0.1084401055279961,stop
2020-04-03,AMOT,-0.0853580580704415,-0.06526981303065227,stop
2020-04-06,PRTNQ,-0.18455560237554047,-0.1294841615154423,stop
2020-04-07,CIT,0.26014486589093333,0.26014486589093333,target
2020-04-08,BHLB,0.13394713199977004,0.15599427457312576,target
2020-04-08,NS,0.027253009438464648,0.05238647279063979,target
2020-04-08,NGHC,0.11702487345728452,0.12045728294540181,target
2020-04-13,PPBI,0.14116211399750322,0.1774620854740474,target
2020-04-13,OPI,0.15685987096865595,0.17738457474398772,target
2020-04-14,PCSB,0.029969712378821844,0.03790684522192267,target
2020-04-14,CVA,0.07805222476316342,0.09173268517145039,target
2020-04-14,HMHC,-0.11188079709095033,-0.09132115374840255,stop
2020-04-15,IBKCP,0.14082643806372852,0.14889007404737553,target
2020-04-15,BKCC,0.09704642623610482,0.09704642623610482,target
2020-04-15,HBMD,-0.08374367449478237,-0.08374367449478237,stop
2020-04-15,BOCH,-0.13535905707424833,-0.13535905707424833,stop
2020-04-16,FFIC,0.031339024888364486,0.031339024888364486,target
2020-04-16,FLY_old,0.02712105225781647,0.06538561993115088,target
2020-04-16,NS,-0.08873202155265558,-0.06505770230129726,stop
2020-04-16,ROIC,-0.06031363115811594,-0.060313631158116054,stop
2020-04-17,WDR,0.12406617229208061,0.1265149962094918,target
2020-04-17,UCBI,0.058923565892628815,0.058923565892628815,target
2020-04-20,RTL,0.09762912423349968,0.09762912423349968,target
2020-04-20,GPP,-0.08634534672524419,-0.08634534672524419,stop
2020-04-20,BKCC,-0.07998439063186025,-0.07998439063186025,stop
2020-04-20,DDR,-0.1345694535075257,-0.1345694535075258,stop
2020-04-21,CTT,0.053059845848017595,0.053059845848017595,target
2020-04-21,IBKCO,0.19897461691831997,0.19897461691831997,target
2020-04-21,HTBI,0.019202107933009138,0.022099393412365664,target
2020-04-22,PRTNQ,-0.1368225357623737,-0.1368225357623737,stop
2020-04-22,BMTC,0.04004759145044945,0.04004759145044945,target
2020-04-23,EBIX,0.016942878230694847,0.02509270755453552,target
2020-04-23,SLCT,0.02579601676901877,0.02579601676901877,target
2020-04-23,FCCY,-0.06207781551979186,-0.06207781551979186,stop
2020-04-27,OMP,-0.0612648115188027,-0.0612648115188027,stop
2020-04-27,NS,-0.08202866771620565,-0.0662289035381457,stop
2020-04-29,CLI,0.14480594681640024,0.14480594681640024,target
2020-04-30,MRC,0.361042243452818,0.4179894640432298,target
2020-04-30,ESSA,0.09190175158475689,0.09190175158475689,target
2020-04-30,OMP,0.345263129786441,0.34526312978644125,target
2020-05-01,BRKL_old,-0.09101098305917887,-0.09101098305917887,stop
2020-05-01,AEL,0.10902896137126339,0.10902896137126339,target
2020-05-01,CIT,-0.07639614808020034,-0.07639614808020034,stop
2020-05-01,WIRE,-0.008955872834088496,-0.008955872834088496,target
2020-05-04,AMWD,0.19069826887254693,0.19679578197737047,target
2020-05-04,CIR,-0.08339953757022267,-0.08339953757022267,stop
2020-05-05,CORRQ,-0.10754363139977119,-0.07362458516902137,stop
2020-05-06,CIR,-0.0502599588928353,-0.0502599588928353,target
2020-05-07,DNR,-0.06976743495271831,-0.06976743495271831,stop
2020-05-07,RMRM,-0.040602171967834555,-0.026143765823892218,target
2020-05-08,NS,0.1834280547486431,0.21172937783239631,target
2020-05-11,ATAX,-0.07113819089535678,-0.07113819089535678,stop
2020-05-11,BPFH,-0.06467816276320382,-0.052706536547632354,target
2020-05-11,BFIN,-0.07577264053783772,-0.07577264053783772,stop
2020-05-11,AVTA,-0.07045955299458972,-0.07045955299458972,stop
2020-05-12,SBBX,-0.07429241410520382,-0.07429241410520382,stop
2020-05-12,MOFG,-0.08723921661267109,-0.08723921661267109,stop
2020-05-12,CIT,-0.12156768448987265,-0.10774822259820127,stop
2020-05-12,AVTA,-0.0764849132059372,-0.0764849132059372,stop
2020-05-12,CXP,-0.0792778843820332,-0.0792778843820332,stop
2020-05-13,DDR,-0.10869559686112984,-0.10869559686112984,stop
2020-05-13,PGRE,-0.1306822898613038,-0.1306822898613038,stop
2020-05-13,GLT,-0.07602743707872583,-0.07602743707872583,stop
2020-05-13,SYKE,-0.06910091387238582,-0.06910091387238582,stop
2020-05-13,CVLY,-0.06235083988436019,-0.06235083988436019,stop
2020-05-13,ATAX,-0.08533924040991303,-0.08533924040991303,stop
2020-05-13,EBIX,-0.1337034048517357,-0.1337034048517357,stop
2020-05-13,DNR,-0.1514200763845468,-0.1514200763845468,stop
2020-05-14,STAR,0.11258058011468819,0.12101914619663434,target
2020-05-14,RCP,-0.0010029430161626607,0.02002334648178672,target
2020-05-15,IBKCP,0.003968046093408617,0.012081076440212168,target
2020-05-15,RILYH,-0.09905276964673282,-0.07838217034018502,stop
2020-05-18,AXO,0.20793358695295083,0.21241367875022843,target
2020-05-18,CSWI,0.0379099807421186,0.0379099807421186,target
2020-05-19,RILYH,0.031695431281823394,0.038081601029369416,target
2020-05-19,MOFG,0.03807680080567133,0.06528369339049567,target
2020-05-19,HCCI,0.060951093691313574,0.060951093691313574,target
2020-05-19,AVTA,-0.07177994724707926,-0.06068376493346006,stop
2020-05-20,FRBK,0.08520181865262932,0.08520181865262932,target
2020-05-21,PCSB,0.02394221987449474,0.03207695348554962,target
2020-05-21,GPP,0.24755664197046934,0.25585381581717637,target
2020-05-22,VVI,-0.0658781642706443,-0.0658781642706443,stop
2020-05-26,CVLY,0.11846695684507225,0.11846695684507247,target
2020-05-27,VWTR,0.11614525803965692,0.11884958720833039,target
2020-05-29,MLVF,0.11181532287042684,0.11181532287042684,target
2020-05-29,CORLQ,0.03994601369542394,0.04452144067530095,target
2020-06-01,FBC,0.4259374288416362,0.4487829964312655,target
2020-06-01,BHLB,0.06399785048168916,0.09349594126296723,target
2020-06-01,CXP,0.053417150795617596,0.053417150795617596,target
2020-06-02,AMBC,0.04247389654126055,0.04247389654126055,target
2020-06-03,KNL,0.11935418677119869,0.11935418677119869,target
2020-06-03,THR,0.09453784360742667,0.09453784360742667,target
2020-06-04,SBBX,0.2102326325841548,0.22742259364459372,target
2020-06-04,TPRE,0.07839842136969222,0.09469367907242865,target
2020-06-04,ENBL,0.19813517766685917,0.19813517766685917,target
2020-06-05,FFG,0.058028577883146415,0.058028577883146415,target
2020-06-05,TBK,0.14482200740887685,0.14482200740887685,target
2020-06-05,LBC,0.04293404343929441,0.04293404343929441,target
2020-06-08,PGRE,0.19003240166237112,0.19003240166237112,target
2020-06-09,PTVCB,0.26743234955708917,0.26743234955708917,target
2020-06-09,AVTA,0.3887338518505523,0.39210818516859236,target
2020-06-09,HNGR,-0.06223620542226249,-0.06223620542226249,stop
2020-06-10,FFIC,-0.0369206072470859,-0.03692060724708601,target
2020-06-10,PFBI,-0.09686130754897349,-0.06936031381728269,stop
2020-06-11,EBIX,0.17876371136078228,0.17876371136078228,target
2020-06-11,EVBN,-0.08457736655182047,-0.08457736655182047,stop
2020-06-11,AJX,-0.07180573241832966,-0.07180573241832966,stop
2020-06-11,FBC,-0.07402418931423949,-0.07402418931423949,stop
2020-06-11,FARO,-0.09316962940048334,-0.09316962940048334,stop
2020-06-11,MODG,-0.11490121052153379,-0.11490121052153379,stop
2020-06-11,HNGR,-0.09505064503889304,-0.09505064503889304,stop
2020-06-11,BHLB,-0.10426932889517226,-0.10426932889517226,stop
2020-06-11,PFBI,-0.06876319100118589,-0.06876319100118589,stop
2020-06-12,BMTC,-0.014031184653572781,0.00950296301235487,target
2020-06-12,BFIN,-0.10338220078359106,-0.07441864127142972,stop
2020-06-15,TPRE,0.0464171649507521,0.0618981857559493,target
2020-06-16,HCCI,0.04151655534247345,0.04151655534247345,target
2020-06-16,WIRE,0.06040999231793198,0.06040999231793198,target
2020-06-16,HMST,0.07402593317030326,0.07402593317030326,target
2020-06-17,BHLB,0.002749746415285914,0.002749746415285914,target
2020-06-17,ROIC,0.0966666993640719,0.0966666993640719,target
2020-06-17,RAVN,0.019185233469660723,0.019185233469660723,target
2020-06-18,PRFT,0.059887499217135876,0.06654679796421403,target
2020-06-18,GDEN,-0.08400354027100887,-0.08400354027100887,stop
2020-06-19,SP,-0.07466922563324385,-0.06496534382565244,stop
2020-06-23,RTL,0.0,0.0,target
2020-06-24,PGRE,-0.0664679949326582,-0.0664679949326582,stop
2020-06-24,NP_old,-0.09581883038250572,-0.09581883038250572,stop
2020-06-24,VBTX,-0.04694842144522393,-0.04694842144522393,target
2020-06-24,HTBK,-0.07029174212899314,-0.07029174212899314,stop
2020-06-24,GDEN,-0.11073362737239212,-0.10849061611497213,stop
2020-06-25,HEP,-0.06973525998680674,-0.06973525998680685,stop
2020-06-25,RILYH,-0.0003054169451385258,0.00344085693359375,target
2020-06-25,CSWI,-0.05101141750793181,-0.041495467919096196,target
2020-06-25,GDEN,-0.08589773552562363,-0.08589773552562363,stop
2020-06-26,FFG,-0.060665416714346,-0.06066541671434589,stop
2020-06-26,HTBK,-0.06129649016107741,-0.06129649016107752,stop
2020-06-29,ATAX,-0.065387452856982,-0.06235565489234929,stop
2020-06-29,B_old,0.06594590882997253,0.06594590882997253,target
2020-06-29,VWTR,0.04599200024205685,0.04987210459392344,target
2020-06-30,PCSB,0.053156174862998506,0.053156174862998506,target
2020-07-01,DHIL,0.04559324521892116,0.04662782020800749,target
2020-07-02,EBSB,-0.03671432701196764,-0.026721370925653853,target
2020-07-02,HNGR,-0.053949917902654576,-0.04343265104313787,target
2020-07-02,MLHR,-0.06791260304721225,-0.06791260304721225,stop
2020-07-06,ALTA,-0.11660855735855602,-0.06472923923177609,stop
2020-07-07,APTS,0.009695314916279063,0.009695314916279063,target
2020-07-07,TRWH,-0.06850429711276185,-0.06850429711276185,stop
2020-07-07,ALTA,-0.10975291700289025,-0.10334191019147998,stop
2020-07-08,FFIC,-0.03679849335248642,-0.03679849335248642,target
2020-07-09,FARO,-0.07231330692411475,-0.06830085712909051,stop
2020-07-09,TPRE,-0.002756265827834836,0.004178302301615977,target
2020-07-09,BMTC,-0.09826053546337121,-0.09339226100075027,stop
2020-07-09,SP,-0.1336806286304446,-0.1336806286304446,stop
2020-07-09,CSTR,-0.08634708137083236,-0.08634708137083236,stop
2020-07-09,LBAI,-0.07829767612012428,-0.07829767612012428,stop
2020-07-09,DNR,-0.11937706268611337,-0.08070468036296952,stop
2020-07-10,FBM,-0.024449048535808426,-0.01693045153775219,target
2020-07-13,EVBN,-0.0200239476224634,-0.004347842672596802,target
2020-07-13,UFS,0.040938575472487804,0.040938575472487804,target
2020-07-13,DENN,-0.07794222222149827,-0.07130817453664862,stop
2020-07-13,DNR,-0.08203367587573662,-0.06799265062905946,stop
2020-07-14,ANAT,-0.008973130599711499,0.0001554902768661215,target
2020-07-15,KW,0.17420810151352284,0.17420810151352284,time
2020-07-16,DSHKP,0.10158737257062511,0.10158737257062511,target
2020-07-16,MLHR,0.08556180722264961,0.08556180722264961,target
2020-07-16,SP,0.0575907420652646,0.07674416489959701,target
2020-07-17,SLCT,0.05950462965283765,0.06486486660641755,target
2020-07-20,PFBI,-0.09063518664366133,-0.07382551248393276,stop
2020-07-22,CVLY,0.044033257897878375,0.045970739211154354,target
2020-07-23,CBTX,0.013114946412313033,0.022426757371206252,target
2020-07-23,HTBI,0.003578591679545662,0.007017570629454406,target
2020-07-23,HTLF,0.016695786056849737,0.0213085292924724,target
2020-07-24,TRWH,0.04037788017808919,0.04037788017808919,target
2020-07-24,AMWD,0.032401448917858566,0.040758323607619884,target
2020-07-24,DENN,0.001104071844924004,0.011547764676140604,target
2020-07-27,CSWI,0.013571090367204386,0.01765964819340904,target
2020-07-27,PCSB,-0.032177216668700326,-0.02908462028382952,target
2020-07-27,DNR,-0.04512918223462825,-0.03765685654820017,target
2020-07-29,ACBI,-0.029177271879830213,-0.02000188694324323,target
2020-07-30,THR,-0.0393280585318283,-0.034365621698890236,target
2020-07-30,VNE,-0.07506695535414853,-0.07506695535414853,stop
2020-07-31,PQG,-0.0815867684823478,-0.08158676848234792,stop
2020-08-04,HTBK,-0.053800399820613576,-0.04599343186398552,target
2020-08-04,CBTX,-0.07912527547682069,-0.0612478648181497,stop
2020-08-05,FARO,0.1884947951469811,0.1884947951469811,target
2020-08-05,B_old,0.009643022071459173,0.009643022071459173,target
2020-08-05,GDEN,0.07985490252055616,0.07985490252055616,target
2020-08-05,DSHKP,-0.07392689275166575,-0.07392689275166575,stop
2020-08-06,FMBI,-0.01737758844237114,-0.01737758844237114,target
2020-08-07,NP_old,0.06557377049180335,0.06557377049180335,target
2020-08-11,MRC,0.4332603817723004,0.4332603817723004,time
2020-08-12,CSTR,0.10540482972515886,0.11381234429312537,target
2020-08-13,SASR,0.08245139316446459,0.08410410209176522,target
2020-08-14,LBAI,0.1318698965675369,0.14213193546307035,target
2020-08-14,HEES,0.14946044435406214,0.15110626731268795,target
2020-08-14,STAR,0.07593992936845151,0.09080409820254909,target
2020-08-17,FBM,0.11207529003215755,0.1180167995861372,target
2020-08-17,RMRM,-0.06557371068959517,-0.06557371068959517,stop
2020-08-17,BPFH,-0.015292247765626987,-0.004633851722326221,target
2020-08-18,BMTC,-0.06545242754464942,-0.061186706873647245,stop
2020-08-19,MODG,0.047937495953263465,0.047937495953263465,target
2020-08-20,FBC,-0.025256382430204338,-0.025256382430204227,target
2020-08-20,AMBC,-0.022275570393654798,-0.022275570393654798,target
2020-08-20,NS,-0.060402660508191985,-0.060402660508191985,stop
2020-08-21,PQG,-0.02459017995287438,-0.02459017995287438,target
2020-08-21,CSTR,-0.0424630687404407,-0.03962445014328653,target
2020-08-21,FLY_old,-0.06762609356304405,-0.06762609356304405,stop
2020-08-26,UCBI,-0.04105845809286979,-0.034896367738477374,target
2020-08-26,LMRKN,0.015257978626011859,0.015289392132204593,target
2020-08-27,CLI,0.008175136810591788,0.02469934769840343,target
2020-08-31,OPI,-0.06428267693795398,-0.06428267693795409,stop
2020-08-31,CVA,-0.041158056438677204,-0.03476484272710689,target
2020-08-31,CSWI,0.006968641114982521,0.006968641114982521,target
2020-09-01,HTBI,0.0244562346569841,0.02813855360630302,target
2020-09-02,HMST,0.0029545780352986384,0.005797095840604838,target
2020-09-03,WMC,0.008866318760054837,0.008866318760054837,target
2020-09-03,AMWD,-0.06937930181515495,-0.06937930181515495,stop
2020-09-04,FFWM,0.004443558877449627,0.0166112954705413,target
2020-09-09,HCCI,0.03532235976858522,0.0429155382387012,target
2020-09-09,CSTR,0.06394029899114817,0.06394029899114817,target
2020-09-10,NP_old,-0.0612338842427268,-0.0612338842427268,stop
2020-09-10,GMS,-0.0750181621519278,-0.06661315579173066,stop
2020-09-11,CCF,-0.0011150533539027174,0.0033822059248422853,target
2020-09-11,CBTX,-0.013485364783428877,0.010848738461644913,target
2020-09-11,CVA,-0.06434034189492632,-0.0631341006953221,stop
2020-09-14,PQG,0.017007969564194925,0.017007969564194925,target
2020-09-15,CVCY,-0.00505912919967666,-0.004698774269053185,target
2020-09-15,TPRE,0.012330503785828562,0.012330503785828562,target
2020-09-17,PRFT,0.27862873680886957,0.27862873680886957,target
2020-09-17,CTT,0.02876108738705585,0.02876108738705585,target
2020-09-21,BECN,0.0851144838663791,0.0851144838663791,time
2020-09-21,MCBC,-0.10206893394733296,-0.10206893394733296,stop
2020-09-21,BRKL_old,-0.10176719209818708,-0.10176719209818708,stop
2020-09-21,CIR,-0.0626158039418021,-0.0626158039418021,stop
2020-09-21,RPAI,-0.07937607165447658,-0.07937607165447658,stop
2020-09-21,EBIXQ,-0.04223971436986673,-0.04223971436986673,target
2020-09-21,SCS,-0.0220606994197593,-0.017441863688731463,target
2020-09-23,ANH,-0.04571431023733952,-0.04571431023733952,target
2020-09-23,COWN,-0.08644114301700867,-0.07543268404167414,stop
2020-09-23,PDCE,-0.08417089596375416,-0.08417089596375416,stop
2020-09-23,SCS,-0.1330396632714741,-0.1330396632714742,stop
2020-09-24,BPYU,-0.006810312996589296,0.012867678478875488,target
2020-09-25,ALTA,-0.05523633280140705,-0.04799110700453835,target
2020-09-25,CMO,-0.04567381946955451,-0.03762501015703623,target
2020-09-25,RZA,0.015080394213595527,0.015080394213595527,target
2020-09-25,AIW,0.0028076003659309734,0.0032719371569942535,target
2020-09-28,BOKFL,-0.0028097745041151256,-0.0012458459078237283,target
2020-09-28,WMC,0.029126186624347072,0.029126186624347072,target
2020-09-29,FBM,0.0617233376929216,0.07137954589130646,target
2020-10-01,PRETL,-0.07569927996252102,-0.07569927996252102,stop
2020-10-01,CLNC,0.035662891287156606,0.04758518291615266,target
2020-10-02,RMRM,-0.06638568278560542,-0.06638568278560542,stop
2020-10-02,AMWD,0.09601762017744986,0.09601762017744986,target
2020-10-02,HOUS,0.12801682069391274,0.12801682069391274,target
2020-10-02,RZA,0.002710837231583163,0.004177767211177352,target
2020-10-07,CXP,-0.005603982944299646,0.003759034111291637,target
2020-10-07,CTT,0.016722365001663242,0.016722365001663242,target
2020-10-08,PTVCB,0.07208098528681095,0.07208098528681095,target
2020-10-09,AXO,0.013916516372900922,0.013916516372900922,target
2020-10-09,LMRKP,0.019967444407275492,0.024793324595259847,target
2020-10-09,HNGR,0.08744933395108978,0.08744933395108978,target
2020-10-09,APTS,0.007488446968912044,0.00981703368360054,target
2020-10-12,STAR,0.027423247499906322,0.0357751349644142,target
2020-10-12,ROIC,-0.00903085371952983,-0.00903085371952983,target
2020-10-15,SCS,0.2164634229076443,0.2164634229076443,target
2020-10-15,MCBC,0.12492102921364379,0.13539014740166855,target
2020-10-15,SPR,-0.05197668106423314,-0.05197668106423314,target
2020-10-16,RPAI,-0.07856474362170063,-0.0635451694362692,stop
2020-10-19,RCM,0.2687278656994305,0.2687278656994305,time
2020-10-20,BPYU,0.019236179425032196,0.023798377567284312,target
2020-10-21,DENN,-0.06773963244422931,-0.06773963244422931,stop
2020-10-22,AMOT,0.019164673685811984,0.024214868338524154,target
2020-10-26,KNL,0.09792112614432313,0.10304056176571508,target
2020-10-26,APTS,0.01351487242267635,0.02537553663375003,target
2020-10-26,CVA,0.015399369471946978,0.01585393125924428,target
2020-10-27,BPFH,-0.07161797057223573,-0.07161797057223573,stop
2020-10-28,FFIC,0.16731238731025333,0.16888043068438985,target
2020-10-28,LBAI,-0.02598287411774558,-0.02598287411774558,target
2020-10-28,PRETL,-0.07295202421775893,-0.07295202421775893,stop
2020-10-28,WDR,-0.0822971841254383,-0.0822971841254383,stop
2020-10-28,FLOW_old,-0.07560975527236014,-0.07560975527236014,stop
2020-10-28,CECE,-0.07029174212899314,-0.07029174212899314,stop
2020-10-28,PGRE,-0.07617508285528529,-0.0761750828552854,stop
2020-10-29,SJI,-0.0629090303957257,-0.050797417569722336,target
2020-10-29,ATAX,-0.06933468686713573,-0.0675474593708838,stop
2020-10-30,BOCH,0.047058840395624024,0.047058840395624024,target
2020-10-30,CIT,0.05859098080502445,0.05859098080502445,target
2020-10-30,CVCY,-0.011363355435677902,-0.003091187260443662,target
2020-11-02,RILYH,0.00528524102194039,0.007720382852370422,target
2020-11-03,WIRE,0.0042685147622603115,0.0042685147622603115,target
2020-11-04,FFWM,0.15692771068172062,0.15692771068172062,target
2020-11-04,HTLF,-0.03129377732400773,-0.03129377732400773,target
2020-11-04,BPFH,-0.08446766682418061,-0.08446766682418061,stop
2020-11-05,FFIC,-0.0356971695528332,-0.010946078478523358,target
2020-11-06,VWTR,-0.03707210145925244,-0.020094571575342557,target
2020-11-06,CPLG,0.027549205407182198,0.027549205407182198,target
2020-11-09,HNGR,0.1508878439915955,0.1508878439915955,target
2020-11-09,FBM,-0.07881877522003145,-0.06434493938694896,stop
2020-11-10,LBAI,0.19412870791675174,0.19412870791675174,target
2020-11-11,BMTC,0.07531822801327093,0.10259042478104008,target
2020-11-13,FSB,-0.0025563167791524677,-0.0025563167791524677,time
2020-11-13,MOFG,0.16111385742327555,0.16111385742327555,target
2020-11-16,FMBI,0.3855351929947721,0.3855351929947721,target
2020-11-17,TBK,0.14465779975281734,0.14465779975281734,target
2020-11-20,CMO,0.07535436514422256,0.07984782912187627,target
2020-11-20,AMOT,-0.023081035648256476,-0.021138627084716477,target
2020-11-20,SWM,-0.07054462515229509,-0.07054462515229509,stop
2020-11-20,AFIN,0.015103963571467816,0.023192370813558405,target
2020-11-23,CPLG,0.1611784803141869,0.1611784803141869,target
2020-11-24,MCBC,0.20051317900988863,0.20051317900988863,target
2020-11-24,CLI,0.33000910529870287,0.33000910529870287,target
2020-11-25,FBM,0.26485138987586576,0.2654144662360487,target
2020-11-27,TPRE,0.034368028408781726,0.050219106449711726,target
2020-11-27,LBC,0.025974048245439363,0.025974048245439363,target
2020-11-30,AVTA,0.4196815071692168,0.4196815071692168,target
2020-11-30,CHUY,0.10920557600338321,0.10920557600338321,target
2020-11-30,VBTX,-0.010943901859477911,-0.010943901859477911,target
2020-11-30,GWB,-0.013213172275970964,-0.013213172275970964,target
2020-11-30,MTSC,-0.08704717866990652,-0.08704717866990641,stop
2020-12-01,SLCT,0.24026845740679148,0.2402684574067917,target
2020-12-01,CECE,0.15418124085462104,0.1607419586422243,target
2020-12-02,GLT,0.2080218241137437,0.2080218241137437,target
2020-12-03,PQG,0.057760397270703256,0.06346621117918927,target
2020-12-03,GMRE,0.02520182488971323,0.02712609063387661,target
2020-12-04,RZA,0.021289658777031928,0.023059199497081684,target
2020-12-04,AMWD,-0.015444516973567968,-0.0028124925021285607,target
2020-12-07,SYKE,0.04222907269818377,0.04222907269818377,target
2020-12-10,AFIN,-0.004718807354717747,0.00957112215530187,target
2020-12-10,CPLG,-0.0258524012754614,-0.012172883474517393,target
2020-12-11,STXB,0.03186418975656191,0.037993022102010165,target
2020-12-11,DDR,-0.03473954088149911,-0.03473954088149911,target
2020-12-11,MCBC,0.0075992269097773235,0.008695614057846246,target
2020-12-16,HCCI,0.058524154750914326,0.058524154750914326,target
2020-12-16,CHUY,-0.0020923805257232475,0.007787005301517214,target
2020-12-17,STAR,0.011958012043371102,0.01567822365645366,target
2020-12-17,SWM,0.1568294701642401,0.16280358211155055,target
2020-12-18,CATC,0.061697515455578555,0.06568051097081007,target
2020-12-18,ALTA,-0.0807410459283674,-0.0807410459283674,stop
2020-12-21,HMST,-0.005179436226990575,0.012538727093412971,target
2020-12-21,CLNC,0.012407922850409037,0.012407922850409037,target
2020-12-21,BRKL_old,-0.029884287236795815,-0.023273738604948746,target
2020-12-21,GOODM,-0.014325962979994555,-0.014325962979994555,target
2020-12-21,HBMD,0.011804413775335476,0.011804413775335476,target
2020-12-22,HTLF,-0.0668052135915781,-0.060679246137688936,stop
2020-12-23,CKH,0.24804547060447812,0.24954836833851912,target
2020-12-24,CIR,0.055754382833440363,0.055754382833440363,target
2020-12-28,PBFX,-0.09100359954787363,-0.08973535178397163,stop
2020-12-28,SNR,-0.08167227366502705,-0.07194246393597348,stop
2020-12-29,HTBK,0.02784220119541203,0.02784220119541203,target
2020-12-30,ALTA,0.02167857550016783,0.02167857550016783,target
2020-12-31,BMTC,0.0022404589438911326,0.006414463726024389,target
2021-01-04,FOE,0.0025756687213718266,0.007703124118243698,target
2021-01-04,GCP,-0.003960963330309042,-0.0008503595822452192,target
2021-01-04,HTLF,-0.03234930250800094,-0.010981823505684662,target
2021-01-04,SNR,-0.01376088680511578,-0.003913890490010341,target
2021-01-05,CCF,0.011683851640060583,0.011683851640060583,target
2021-01-05,RILYH,-0.0033961099661813376,-0.0033961099661813376,target
2021-01-06,ROIC,0.09069754565260868,0.09069754565260868,target
2021-01-06,THR,0.05926380629429784,0.05926380629429784,target
2021-01-07,CTT,0.02308948217898288,0.03246755391407974,target
2021-01-07,TPRE,0.08590661330536897,0.09170307495422159,target
2021-01-07,CDEV,0.3237831204696129,0.3237831204696129,target
2021-01-11,SYKE,0.08424385416070357,0.08581200783102383,target
2021-01-13,CLI,0.04628304840243436,0.04628304840243436,target
2021-01-13,CXP,-0.015816273582821005,-0.015816273582821005,target
2021-01-14,HBMD,0.10737601532946783,0.11862521930479653,target
2021-01-15,GMRE,0.03897700304824925,0.047537072010696235,target
2021-01-20,LBC,0.02106726577217577,0.023952071871634395,target
2021-01-20,NS,0.09631251196788981,0.09631251196788981,target
2021-01-21,PCSB,-0.06208292045695929,-0.0620829204569594,stop
2021-01-21,GWB,-0.03293921776153952,-0.03293921776153952,target
2021-01-22,ERF,-0.08644969000204694,-0.08644969000204694,stop
2021-01-25,LMRKP,0.0035785349484291906,0.0035785349484291906,target
2021-01-26,HI,0.48917291072137004,0.5035996056097365,time
2021-01-26,FRBK,-0.06892252000606158,-0.06237720060374219,stop
2021-01-26,HAYN,-0.07990730329923423,-0.06352582796545636,stop
2021-01-27,FLIC,-0.07682899949402844,-0.07682899949402844,stop
2021-01-27,THR,-0.08150852244876172,-0.08150852244876172,stop
2021-01-27,VBTX,-0.08905514950886628,-0.08905514950886628,stop
2021-01-27,AEGN,-0.06902382440584298,-0.06902382440584298,stop
2021-01-28,RTLR,0.031916055829981804,0.04192868135531724,target
2021-01-28,HAYN,-0.019163381168470273,-0.010352087336278237,target
2021-01-29,INT,-0.08382772218564105,-0.08382772218564105,stop
2021-02-01,BOCH,-0.001991982486588051,-0.001991982486588051,target
2021-02-01,WIRE,0.009308987021563908,0.01801586740874983,target
2021-02-03,FMBI,0.04560045473688157,0.05321094260467296,target
2021-02-03,CXP,-0.007379557379070589,-0.0007294112949679521,target
2021-02-03,FLIC,0.01619570318763297,0.024799850266642665,target
2021-02-04,APTS,0.04096787294300919,0.04096787294300919,target
2021-02-04,FFNW,-0.02875917181881782,-0.02875917181881782,target
2021-02-05,PGRE,-0.02560986373721752,-0.021119037497716486,target
2021-02-05,SASR,0.008241003888736609,0.008241003888736609,target
2021-02-09,BOKFL,-0.0011954932562856513,0.0006039740699144147,target
2021-02-09,SIVBP,0.006528198638199312,0.009082817559454615,target
2021-02-09,CVLY,0.06230755300135282,0.06230755300135282,target
2021-02-09,SWM,0.06678580141462942,0.06678580141462942,target
2021-02-11,TPRE,0.018574349283106972,0.018574349283106972,target
2021-02-12,MCBC,-0.003966211482176574,-0.001646800787453051,target
2021-02-12,FOE,0.08282582542455574,0.08282582542455574,target
2021-02-12,EVBN,-0.0781922198748709,-0.06056796268148634,stop
2021-02-16,RCP,0.004272166595950422,0.004272166595950422,target
2021-02-17,NP_old,0.08107749602541037,0.0905436330448286,target
2021-02-17,RTLR,0.026726296275533024,0.04848896354748233,target
2021-02-18,VVI,0.04402171101822461,0.04402171101822461,target
2021-02-18,BRKL_old,0.021689790562717803,0.028330771337750082,target
2021-02-19,CMO,0.0201232251093304,0.03278694220038547,target
2021-02-22,PRTNQ,-0.1046130817220502,-0.1046130817220502,stop
2021-02-25,DHIL,0.0049034321382905866,0.015297941628472866,time
2021-02-25,GLT,0.008327346051860918,0.008327346051860918,target
2021-02-26,HEES,0.04971108259759949,0.05477267850290635,target
2021-03-01,HTBK,0.08980172528043973,0.08980172528043973,target
2021-03-01,ABTX,0.0433495055683899,0.0433495055683899,target
2021-03-01,AMOT,0.05192797460010179,0.059578985916940885,target
2021-03-02,FLY_old,-0.1308836094135113,-0.1308836094135113,stop
2021-03-03,CLI,0.042233367309260084,0.042233367309260084,target
2021-03-04,SYKE,-0.028057748057887744,-0.01685607064549466,target
2021-03-04,NVEE,-0.09058782343855032,-0.06857139950706848,stop
2021-03-05,WMC,0.09752613638039831,0.10135133393582363,target
2021-03-08,EVBN,0.15082172558094586,0.16135000286476298,target
2021-03-08,TPRE,0.09641076672756088,0.09641076672756088,target
2021-03-09,STAR,0.044563280059412236,0.044563280059412236,target
2021-03-10,GCP,0.08455772566728381,0.08887040682843494,target
2021-03-11,HNGR,0.10093970931134888,0.10093970931134888,target
2021-03-11,MOFG,0.1622646714876046,0.16704824911599614,target
2021-03-11,NVEE,-0.08851837621969272,-0.08851837621969272,stop
2021-03-11,INT,0.047437741127394295,0.047437741127394295,target
2021-03-12,HCCI,0.15774045105835088,0.15774045105835088,target
2021-03-12,PFC,0.06756339697068636,0.06756339697068636,target
2021-03-16,CIR,0.2206256808522764,0.2206256808522764,target
2021-03-16,THR,-0.06139091909960337,-0.06139091909960337,stop
2021-03-16,LBAI,-0.021191578012852652,-0.021191578012852652,target
2021-03-16,SWM,-0.08294862429431671,-0.08294862429431671,stop
2021-03-16,CATC,-0.016015722143420397,-0.007041290354293461,target
2021-03-17,BPFH,0.01009605049601947,0.01568861766912777,target
2021-03-19,AXO,-0.00711744953181348,-0.00711744953181348,target
2021-03-19,CTT,-0.01503940553569183,-0.01232228550622072,target
2021-03-22,SASR,0.09643539788481448,0.11271120528211487,target
2021-03-22,VVI,-0.08598839033247352,-0.07213960295445854,stop
2021-03-22,GLT,-0.01886571049889174,-0.015332223078116214,target
2021-03-22,BHLB,-0.060414038891700605,-0.060414038891700717,stop
2021-03-22,HTBI,0.00864301846842297,0.02251941118051426,target
2021-03-23,NCBS,0.089899846821057,0.10010177635803852,target
2021-03-23,TBK,-0.07297267342048774,-0.07297267342048774,stop
2021-03-23,FFNW,0.024354237569066628,0.024354237569066628,target
2021-03-23,HTLF,-0.061875502768147794,-0.061875502768147794,stop
2021-03-23,RAVN,-0.08463435482453696,-0.08463435482453696,stop
2021-03-23,BOCH,-0.03053131674915599,-0.02773177492037704,target
2021-03-24,FFWM,-0.07401880609314948,-0.06075706075469767,stop
2021-03-24,CIR,-0.06598278129739277,-0.06528524742962705,stop
2021-03-24,HMST,-0.03126536454626694,-0.02406181392815887,target
2021-03-24,HEES,0.011174062484762715,0.019147588370380886,target
2021-03-24,INT,1.529154017876344e-05,0.023360251379300312,target
2021-03-25,CCLDP,0.01719302692410718,0.02836210131345518,target
2021-03-25,SIVBP,0.0005337689848798899,0.0012845868897592982,target
2021-03-25,AMOT,0.04055800858689662,0.04703937944864367,target
2021-03-30,CHUY,0.04297037328842279,0.07674611052003466,target
2021-03-30,MCBC,-0.017469663117572143,-0.012782705355523616,target
2021-03-30,FLIC,0.06645066379212006,0.07432080156740839,target
2021-03-30,NVEE,0.05248878366808518,0.06987047793270396,target
2021-03-30,CIR,0.007963775993742539,0.022774339736405746,target
2021-03-31,NP_old,-0.06411658214807892,-0.06411658214807892,stop
2021-03-31,BHLB,-0.0057352963747292485,0.003597118908694741,target
2021-03-31,CLI,0.013486225914087768,0.013486225914087768,target
2021-03-31,KNL,0.01901116448476481,0.022291059991017104,target
2021-04-01,MOFG,-0.006079954321450587,-0.006079954321450587,target
2021-04-01,CFB,0.024968965663524134,0.028281388281479636,target
2021-04-01,EBSB,-0.012283321422120075,0.0031180855058403623,target
2021-04-13,OPI,0.0011616446108135836,0.0082793209701717,target
2021-04-13,HMST,-0.023795735590609213,-0.021957979697295182,target
2021-04-13,SLCT,-0.011129885093604797,-0.011129885093604797,target
2021-04-13,PCSB,-0.013931299893472526,-0.012017624456350573,target
2021-04-14,ABTX,-0.018188210742733357,-0.007646802325854907,target
2021-04-14,RBNC,-0.013753164372546589,-0.013753164372546589,target
2021-04-15,EBSB,0.010492662997639401,0.020487311748327963,target
2021-04-19,HBMD,-0.032580511180816285,-0.032580511180816285,target
2021-04-20,STXB,-0.029921285509584727,-0.023398287326637957,target
2021-04-21,NCBS,-0.0001083375438925005,0.0006416405949185577,target
2021-04-21,HTBK,-0.037443829744247537,-0.030289962284461347,target
2021-04-21,CSTR,-0.038173801450569034,-0.02546097570836503,target
2021-04-22,AFIN,-0.008528852879397641,-0.0035582244141481034,target
2021-04-23,TBK,-0.03116411208777181,-0.02442354190523721,target
2021-04-26,FFIC,0.006085822707989186,0.008562353408571255,target
2021-04-28,ABTX,0.030554274257417413,0.03898792032217191,target
2021-04-28,MOFG,0.04323118912577639,0.055283909257210384,target
2021-04-29,EBSB,0.24399043791389152,0.25055802187511733,target
2021-04-29,PCSB,0.014833704506094447,0.01666181102493991,target
2021-04-30,CECE,-0.07242690001433538,-0.07242690001433538,stop
2021-04-30,LBC,-0.008177897795670241,-0.00039739645879466323,target
2021-05-03,NP_old,0.03012787037587339,0.03012787037587339,target
2021-05-05,VBTX,0.022227442865468294,0.027252339126454528,target
2021-05-11,LBAI,0.038779129222475284,0.038779129222475284,target
2021-05-11,OPI,0.018628911965627992,0.018628911965627992,target
2021-05-12,PFC,-0.08581803442238001,-0.0776062978252301,stop
2021-05-12,CBTX,-0.08510309036441333,-0.06484539310894044,stop
2021-05-13,MCBC,-0.01326785509115136,-0.01326785509115136,target
2021-05-17,CATC,0.032436166471971895,0.036773408800682805,target
2021-05-19,CFB,0.02863720659833824,0.02863720659833824,target
2021-05-20,INT,0.003066436798610628,0.01578171855567212,target
2021-05-21,PBFX,0.2981745762316639,0.2981745762316639,time
2021-05-24,THR,-0.0015810105577134248,0.002444587253200403,target
2021-05-24,NP_old,0.015803025345236366,0.015803025345236366,target
2021-05-24,FFIC,0.005027717171868007,0.01050446851990583,target
2021-05-25,CBTX,-0.08255590811818703,-0.08255590811818703,stop
2021-05-27,PRTNQ,0.06952495633292965,0.07327239872971614,target
2021-05-28,HMST,0.08895110655484317,0.09246090231243786,target
2021-05-28,HTBK,-0.026392585940604785,-0.01914882100687154,target
2021-05-28,CBTX,0.0479313067773568,0.05039034992604785,target
2021-06-03,CFB,0.002212722263515765,0.006775028878369227,target
2021-06-04,BMTC,0.10359060984886326,0.10442395497107637,target
2021-06-10,HEES,-0.07334215054381277,-0.07005463160364211,stop
2021-06-11,FLIC,-0.02496190937844256,-0.02282149152680779,target
2021-06-14,BHLB,0.226066395818028,0.23073451143124113,target
2021-06-14,EBSB,-0.007459200080242034,-0.007459200080242034,target
2021-06-15,NP_old,-0.008668995511416533,-0.005815355167339775,target
2021-06-16,MCBC,-0.035880084617395,-0.027956272203392918,target
2021-06-17,HTLF,0.016202456780512575,0.02724297090062633,time
2021-06-17,AFIN,-0.06616861186034995,-0.06616861186034995,stop
2021-06-18,NS,0.08210554559139882,0.09158964191820274,time
2021-06-18,SP,-0.0364040073743338,-0.0364040073743338,time
2021-06-18,BRKL_old,-0.10494932503517274,-0.10494932503517274,stop
2021-06-18,HTBK,-0.07497896814687577,-0.07497896814687577,stop
2021-06-18,PFC,-0.060058637129782655,-0.060058637129782655,stop
2021-06-18,HEES,-0.06398211666219389,-0.06398211666219389,stop
2021-06-18,BMTC,-0.08532753587758712,-0.08532753587758712,stop
2021-06-18,ACBI,-0.08341604993848417,-0.08341604993848417,stop
2021-06-23,HBMD,-0.004827173374932547,-0.001224767780594882,target
2021-06-23,HTBK,-0.00365627135527391,-0.00365627135527391,target
2021-06-24,SCS,0.04484805210167475,0.04484805210167475,time
2021-06-24,CTT,0.16299213525757605,0.16976968371139933,time
2021-06-25,PRTNQ,0.00491806725858579,0.00491806725858579,target
2021-06-29,ABTX,-0.02003306745351363,-0.018506441114591432,target
2021-06-29,ACBI,-0.042351982152110224,-0.03366487882146019,target
2021-06-29,EBSB,-0.014802479488969622,-0.0034296764011536585,target
2021-06-30,FLIC,0.0334739278863776,0.03662109456854523,target
2021-06-30,STXB,-0.035267511716892574,-0.02955879874417744,target
2021-07-01,MCBC,-0.00650199763235626,-0.00142637172125748,target
2021-07-02,BMTC,-0.060872352704521515,-0.060872352704521626,stop
2021-07-02,NCBS,0.007467335364794492,0.014927539187149508,target
2021-07-06,BRKL_old,-0.08219536133407501,-0.08219536133407501,stop
2021-07-07,HTLF,-0.05282926272211008,-0.0458079491108645,target
2021-07-08,GWB,-0.061173562291361394,-0.061173562291361394,stop
2021-07-09,MCBC,0.024080445564802266,0.024080445564802266,target
2021-07-09,FLIC,0.031558154239604175,0.031558154239604175,target
2021-07-12,BRKL_old,-0.004474915594731788,0.0034674195887878234,target
2021-07-16,PRTNQ,-0.10097190483682916,-0.09115178344754848,stop
2021-07-19,INT,-0.0722420874202504,-0.0722420874202504,stop
2021-07-19,VBTX,-0.0761540244945974,-0.0761540244945974,stop
2021-07-19,LBC,0.004987566163634494,0.004987566163634494,target
2021-07-19,MOFG,-0.0170697523207487,-0.0170697523207487,target
2021-07-19,ABTX,-0.07454579980607623,-0.07454579980607623,stop
2021-07-19,LBAI,-0.06598682522107568,-0.06598682522107568,stop
2021-07-20,CBTX,-0.011986034513570276,0.004084686561641959,target
2021-07-20,HMST,-0.03436559366270564,-0.03436559366270564,target
2021-07-22,FFWM,0.014974248116861544,0.014974248116861544,target
2021-07-22,ABTX,-0.007102272573334956,-0.007102272573335067,target
2021-07-23,LBAI,0.00024850072158333347,0.00950799860537721,target
2021-07-29,HTBI,-0.06048385278399504,-0.06037493170272845,stop
2021-07-30,HMST,0.014031722423761384,0.018724332062614257,target
2021-08-02,VBTX,-0.01397470852507754,0.0005216375528720452,target
2021-08-03,NCBS,0.0315995111297227,0.03667110672255158,target
2021-08-03,EBSB,-0.0040795610497236234,0.00535841956957861,target
2021-08-04,MCBC,-0.04513751356578344,-0.04403061324783042,target
2021-08-04,SASR,-0.02069695648544545,-0.01239643461177331,target
2021-08-05,FFIC,0.08441129384393076,0.08441129384393076,target
2021-08-05,PFC,0.030942597723102372,0.030942597723102372,target
2021-08-06,ACBI,0.048056651481951596,0.048056651481951596,target
2021-08-06,HTLF,0.03642747111101374,0.03642747111101374,target
2021-08-09,LBC,0.05396572573916392,0.05396572573916392,target
2021-08-09,HTBK,0.03813783703137319,0.044545433738014895,target
2021-08-11,BMTC,0.07012585463230447,0.07012585463230447,target
2021-08-12,PRETL,-0.028864818219744293,-0.028864818219744404,target
2021-08-13,AFIN,0.013881731931717933,0.019024952475040102,target
2021-08-17,HTBI,0.030331671539557847,0.030331671539557847,target
2021-08-17,ABTX,-0.047091832811766654,-0.036046710802877246,target
2021-08-18,LBC,-0.027262836580260963,-0.018320665481198595,target
2021-08-19,CATC,0.008596659050758904,0.013173634420611924,time
2021-08-19,ACBI,-0.06451081369728018,-0.06451081369728029,stop
2021-08-23,FLIC,0.002851665651144586,0.005159503373645347,target
2021-08-25,ACBI,0.026855040771507577,0.032828311411267075,target
2021-08-26,PRTNQ,0.21566680884707745,0.21566680884707745,target
2021-08-26,BHLB,-0.060823526436234676,-0.060823526436234676,stop
2021-08-30,PRETL,0.15572866123133888,0.16360453505082595,target
2021-09-01,MOFG,0.002657567521170856,0.005794140266183634,target
2021-09-02,HTBK,-0.010809679449746756,-0.004440514184592348,target
2021-09-02,ACBI,0.0005719378491473304,0.00578508181825832,target
2021-09-03,OPI,-0.003737344594548553,-0.0018324689192422694,target
2021-09-08,GWB,-0.07743575107375378,-0.07743575107375378,stop
2021-09-08,MOFG,-0.0059230976617081765,-0.0059230976617081765,target
2021-09-09,MCBC,-0.06720597470106049,-0.06650830614077907,stop
2021-09-09,BMTC,-0.009206434440093725,-0.0017690092333605412,target
2021-09-10,LBAI,0.024643979369775915,0.034246647739655245,target
2021-09-10,BHLB,-0.07002218525841453,-0.06134862958122156,stop
2021-09-10,HMST,-0.06871578361673691,-0.06637928434709028,stop
2021-09-10,PGRE,-0.06106874754171465,-0.06106874754171465,stop
2021-09-13,ABTX,-0.035462334196020406,-0.03210042707476868,target
2021-09-14,FLIC,-0.06375858251808819,-0.06132749901910861,stop
2021-09-14,PRTNQ,-0.08100359354058262,-0.08100359354058262,stop
2021-09-14,BRKL_old,-0.02181112805820451,-0.015846717527989163,target
2021-09-15,LBC,0.012107871964239347,0.015224402325864972,target
2021-09-15,HTBK,0.012742884617748196,0.01476013331733328,target
2021-09-15,PGRE,0.00335610093078742,0.010452979811456098,target
2021-09-15,GWB,-0.02453611516862142,-0.01502046410297575,target
2021-09-15,FLIC,0.004160857796718265,0.018943759384699277,target
2021-09-16,STXB,0.047877118998440826,0.051247215746655694,target
2021-09-17,PRTNQ,0.08261506082987924,0.09048360959637414,target
2021-09-20,ABTX,0.006693070515306543,0.011041885419539987,target
2021-09-21,CSTR,0.03289986488586116,0.03658593453937087,time
2021-09-22,FFIC,-0.028820715645609174,-0.028820715645609174,target
2021-09-24,HMST,0.019569648732961298,0.024734676332438088,target
2021-09-24,BHLB,0.08828742268339584,0.08828742268339584,target
2021-09-24,LBC,0.03030548224623586,0.03030548224623586,target
2021-09-27,EBSB,0.0695460593132391,0.0695460593132391,target
2021-09-27,FLIC,0.08414887603220289,0.08414887603220289,target
2021-09-28,MCBC,0.002429509331706603,0.009375451283456515,target
2021-09-29,BRKL_old,0.0902608046686817,0.09412596694509512,target
2021-09-30,NCBS,0.032024598152455175,0.036757472274536296,target
2021-09-30,VBTX,0.09354806478159894,0.10813242978658266,target
2021-10-01,HTBI,0.05245782440092217,0.05245782440092217,target
2021-10-01,HTBK,0.010744856759561827,0.01439369142362601,target
2021-10-01,LBAI,0.006016201035659696,0.017269669033059154,target
2021-10-04,MOFG,0.07239527965374193,0.08058861819479546,target
2021-10-05,ACBI,0.16987954255417104,0.18449729114475666,target
2021-10-07,FLIC,-0.012651707184060834,-0.005674605296628887,target
2021-10-14,OPI,0.04568140379691976,0.04568140379691976,target
2021-10-18,HTBK,-0.005308968347131127,0.005326059996405785,target
2021-10-19,STXB,0.01013422487500204,0.017314182522307542,target
2021-10-20,MOFG,-0.0063899761875726435,-0.0063899761875726435,target
2021-10-27,PRETL,-0.01904543247260637,-0.01608511457636974,target
2021-10-27,NCBS,-0.02589808713805386,-0.02589808713805386,target
2021-10-27,BMTC,-0.03766337373361772,-0.03766337373361772,target
2021-11-02,PRTNQ,0.07742931427457123,0.07742931427457123,target
2021-11-03,FFWM,0.03125747760325481,0.042620205717184056,target
2021-11-03,PFC,0.03008184172058659,0.03813707827810764,target
2021-11-04,ACBI,-0.02040861409118322,-0.01815722199780645,target
2021-11-09,PRTNQ,-0.10999997456868493,-0.10999997456868493,stop
2021-11-10,LBC,0.08854808239300604,0.0936215176344124,target
2021-11-10,PFC,0.0026921612971486653,0.009030535062515277,target
2021-11-11,BRKL_old,0.08371417028264228,0.08763600842388253,target
2021-11-11,LBAI,0.0658192293639881,0.06774436922092697,target
2021-11-11,OPI,0.028755896193481734,0.03580749377105685,target
2021-11-12,SASR,0.2050461859534063,0.20542360809774118,time
2021-11-12,FLIC,0.06628833480074103,0.06978514823390314,target
2021-11-15,CBTX,0.12394701792726992,0.1290300741121122,target
2021-11-17,BMTC,-0.00012981685899982054,-0.00012981685899982054,target
2021-11-18,PFC,0.005114376457880265,0.005114376457880265,target
2021-11-24,PRETL,-0.044326657415129866,-0.044326657415129866,target
2021-11-24,ACBI,-0.016187212735831014,-0.012992833478104204,target
2021-11-29,OPI,-0.07970330205855447,-0.07156166028772293,stop
2021-11-30,HTBK,-0.06640814183943033,-0.06640814183943033,stop
2021-12-01,AFIN,-0.06631187675959205,-0.06211141508060514,stop
2021-12-01,FFIC,-0.00842014453719897,-0.0027978938748352,target
2021-12-01,FLIC,0.006205210311809095,0.006205210311809095,target
2021-12-02,BHLB,0.004012066189064356,0.022006720042549333,target
2021-12-02,MCBC,-0.00956220174732314,-0.0011641709783699605,target
2021-12-03,NCBS,0.032304269283819576,0.032304269283819576,target
2021-12-08,HTBK,0.022432366088252387,0.02575894534674039,target
2021-12-13,HTLF,0.024689811311338294,0.03318420563561486,time
2021-12-13,ABTX,-0.030757734257918057,-0.020898456023542455,target
2021-12-13,PFC,-0.015522280962603996,-0.014715703585379214,target
2021-12-14,PRETL,-0.08436379483078915,-0.06657677829738218,stop
2021-12-15,BRKL_old,-0.07930892445145821,-0.060515231129082414,stop
2021-12-17,ACBI,-0.006056290635631623,-0.006056290635631623,target
2021-12-20,FFWM,-0.07680722198984413,-0.07680722198984413,stop
2021-12-20,PRTNQ,-0.07392264134710624,-0.07392264134710624,stop
2021-12-20,PRETL,-0.10693292512578634,-0.10693292512578634,stop
2021-12-20,GWB,-0.0640722334330518,-0.0640722334330518,stop
2021-12-21,BMTC,0.04777519623132931,0.04777519623132931,target
2021-12-23,VBTX,0.002260284322673556,0.002260284322673556,target
2021-12-30,LBAI,0.03228206842445891,0.03228206842445891,target
2021-12-31,ACBI,0.02709011222773494,0.030610743798448192,target
2022-01-03,FFWM,0.05371059475495543,0.05371059475495543,target
2022-01-10,HTBK,0.013227696223435004,0.017727848415320713,target
2022-01-12,LBAI,-0.00018354023351052628,0.003484305340595073,target
2022-01-13,GWB,0.14942769473102535,0.15860550291643438,target
2022-01-19,LBAI,-0.035290104895969954,-0.035290104895969954,target
2022-01-25,PFC,-0.012245927306397064,-0.006174862893434829,target
2022-01-25,LBAI,0.027093393225784412,0.0385021880187113,target
2022-01-26,FFWM,0.010377122901209068,0.023959176444887875,target
2022-01-27,GWB,-0.06670517387297425,-0.06670517387297425,stop
2022-01-27,ACBI,-0.043254708474479875,-0.027552970920237674,target
2022-01-31,BRKL_old,0.09778170489386317,0.11245100553120646,target
2022-01-31,BHLB,-0.019852486509311262,-0.019852486509311262,target
2022-02-01,MOFG,-0.024130674383139317,-0.01817374169680508,target
2022-02-04,FFIC,-0.01810678761767659,-0.013152583109032667,target
2022-02-07,VBTX,-0.0005510379934812182,0.004423920138549198,target
2022-02-09,FFIC,-0.010081621381648143,-0.006033287952229904,target
2022-02-11,FFIC,-0.012725892551828322,-0.002614754788315188,target
2022-02-18,LBAI,-0.034509443497539816,-0.027909876671963207,target
2022-02-23,HTBI,0.014134026767151475,0.015573204393702023,time
2022-02-28,ABTX,-0.018864094325756642,-0.017201835464401793,target
2022-02-28,LBAI,-0.03049031934423485,-0.0262745867828289,target
2022-02-28,FFWM,0.02983571494227033,0.03283786569329661,target
2022-03-02,BHLB,-0.0006351929767650644,0.010656428928163209,target
2022-03-02,BRKL_old,-0.015884847932601698,-0.002348849906900541,target
2022-03-09,BHLB,0.010113875072635503,0.010113875072635503,target
2022-03-14,FLIC,-0.003257415901318561,-0.002812914493998675,target
2022-03-31,FLIC,-0.06269228031884988,-0.06269228031884999,stop
2022-04-04,LBAI,-0.04468952282187533,-0.04468952282187533,target
2022-04-05,BRKL_old,-0.066320231899893,-0.06032310882833769,stop
2022-04-06,FFWM,-0.0665874092610812,-0.0665874092610812,stop
2022-04-07,MOFG,0.03967782910512674,0.03967782910512674,target
2022-04-11,PRETL,0.06250145254081474,0.06250145254081474,target
2022-04-14,FFIC,-0.0028471720998897165,0.0036400558913614045,target
2022-04-22,PFC,-0.01336558395212828,-0.01336558395212828,time
2022-04-25,LBAI,0.009691031960884278,0.009691031960884278,target
2022-05-02,LBAI,-0.03876906371470801,-0.03355241622344274,target
2022-05-03,MOFG,-0.034846251966718866,-0.031342753953469416,target
2022-05-12,LBAI,-0.02476957448511341,-0.02476957448511341,target
2022-05-13,SASR,-0.0558024276921778,-0.0558024276921778,target
2022-05-18,BHLB,0.02475835757593292,0.03271403305552245,target
2022-05-27,HTBK,0.057620805982409484,0.057620805982409484,target
2022-05-31,LBAI,0.017495870290920035,0.020381355610730623,target
2022-05-31,MOFG,0.07718892684752965,0.07869554387632216,target
2022-05-31,BHLB,0.02982220078438469,0.03406969959223893,target
2022-06-02,PRETL,0.15975283529879647,0.161125284448298,target
2022-06-07,ABTX,0.0063376997612876185,0.00876462830453506,target
2022-06-09,HMST,-0.06622262867333129,-0.06622262867333129,stop
2022-06-13,BRKL_old,-0.06713779751775084,-0.06713779751775084,stop
2022-06-17,ABTX,-0.05363678844171915,-0.048288886064968395,target
2022-06-17,BRKL_old,-0.021214964270415693,-0.021214964270415804,target
2022-06-28,PRTNQ,-0.20801868982735905,-0.19243991913431935,stop
2022-06-29,HTLF,-0.01679298107910343,-0.008868873782392206,target
2022-06-30,PRTNQ,-0.1222976620676608,-0.10659641205141401,stop
2022-07-11,VBTX,-0.07200515310553257,-0.07200515310553257,stop
2022-07-11,FFWM,-0.06081060449015485,-0.06081060449015485,stop
2022-07-14,HTBK,-0.03981905216857351,-0.0398190521685734,target
2022-07-14,FFWM,-0.06023482878941688,-0.06023482878941688,stop
2022-07-14,BHLB,-0.008250777948814902,-0.008250777948814902,target
2022-07-18,LBAI,-0.0182609404930415,-0.01826094049304161,target
2022-07-21,FFWM,0.055910350807052867,0.059955932265044476,target
2022-07-25,SASR,0.011223547358925057,0.011223547358925057,target
2022-07-26,HTBK,0.010375283433013083,0.012526964233928073,target
2022-07-27,BRKL_old,0.02221952542191241,0.024219199159824623,target
2022-07-28,FFWM,0.0030145469356870347,0.007571369246073711,target
2022-07-29,HTLF,0.09860540003220142,0.09860540003220142,target
2022-08-01,VBTX,0.028593916505767814,0.035024603237135965,target
2022-08-05,HTBK,0.007868619499312723,0.013686980909299429,target
2022-08-12,BRKL_old,0.027912396160266306,0.027912396160266306,target
2022-08-12,HTLF,0.021090975446623306,0.022199081988663494,target
2022-08-18,SASR,0.04300995016166054,0.04625275581918231,target
2022-08-18,HTBK,0.037129287736371586,0.03990955737308255,target
2022-08-19,VBTX,-0.027210941918782483,-0.027210941918782483,target
2022-08-23,FFWM,0.01481819687856567,0.017623286171434716,target
2022-08-25,BHLB,-0.03905369382379076,-0.03905369382379087,target
2022-08-25,HTLF,0.014413623809042209,0.014413623809042209,target
2022-08-31,MOFG,-0.0626920976684392,-0.0626920976684393,stop
2022-08-31,BRKL_old,-0.06126038863534522,-0.06099393691487354,stop
2022-08-31,LBAI,-0.006580100436439418,-0.0025546073705686734,target
2022-09-01,HTBK,-0.0037335605769817093,0.0,target
2022-09-06,FFWM,-0.0163540692716182,-0.013387840023404096,target
2022-09-08,BRKL_old,-0.007378536477057995,-0.0051672596799605675,target
2022-09-14,SASR,0.01098386432419507,0.014733001789525746,target
2022-09-16,HMST,-0.027848963216645095,-0.018621658896939675,time
2022-09-19,HTBK,0.018720895944691396,0.019130458002505124,target
2022-09-21,BRKL_old,0.025678136930785467,0.029790650828199317,target
2022-09-23,MOFG,-0.06262294581679062,-0.06262294581679051,stop
2022-09-23,VBTX,-0.06295916466374485,-0.06295916466374496,stop
2022-09-27,HTLF,0.0020742141934522174,0.0020742141934522174,target
2022-09-27,LBAI,-1.987019762206277e-05,-1.987019762206277e-05,target
2022-09-29,SASR,-0.0752465349504059,-0.07524653495040601,stop
2022-09-29,LBAI,-0.011360475746594045,-0.003059928800100309,target
2022-10-04,LBAI,0.029699542517542588,0.029699542517542588,target
2022-10-07,FFWM,-0.06446197626233685,-0.06446197626233685,stop
2022-10-10,HTLF,-0.023736685973076543,-0.019464128915983037,target
2022-10-24,LBAI,0.03770378336463098,0.03770378336463098,target
2022-10-25,FFWM,-0.09322298707909693,-0.09322298707909693,stop
2022-10-27,LBAI,-0.016994694784435604,-0.013737823729317644,target
2022-11-02,FFWM,-0.06447511424477725,-0.06447511424477725,stop
2022-11-03,DOOR,0.014440275122324486,0.014440275122324486,target
2022-11-14,BRKL_old,0.02339969266690889,0.02748884728903911,target
2022-11-16,SASR,-0.013592038612862622,-0.009068520977959516,target
2022-11-22,LBAI,-0.004681850499347662,-0.004681850499347662,target
2022-11-29,VBTX,0.005959762327867102,0.014037987546454245,target
2022-12-06,VBTX,-0.06122451301677101,-0.06122451301677101,stop
2022-12-13,HTLF,-0.08370336579145743,-0.06778334480956394,stop
2022-12-13,PFC,-0.06931728953099814,-0.06318513944105197,stop
2022-12-14,VBTX,-0.06822739244834086,-0.06822739244834097,stop
2022-12-20,BHLB,0.04782249598902233,0.04782249598902233,target
2022-12-20,SASR,0.032500807882406724,0.032500807882406724,target
2022-12-21,MOFG,0.13531812576589264,0.1451383998685296,time
2023-01-03,LBAI,-0.004444348923652752,0.0034051908674592735,target
2023-01-13,PFC,0.013248205767157906,0.020665613545497008,target
2023-01-23,HTBK,-0.003227232441931571,-0.0007806579667649638,target
2023-01-24,VBTX,0.03515775975125157,0.042551796137606734,target
2023-01-31,VBTX,0.05986446478008145,0.05986446478008145,target
2023-02-06,FFWM,0.12122399666094519,0.12280701754385959,time
2023-02-06,DOOR,0.2835090929155417,0.2841825665173179,time
2023-02-14,VBTX,0.0034192069175815742,0.009761404889846226,target
2023-03-02,SASR,-0.06558323800279897,-0.06558323800279897,stop
2023-03-07,VBTX,-0.06955454779147174,-0.06955454779147174,stop
2023-03-09,BHLB,-0.09027291569605778,-0.09027291569605778,stop
2023-03-09,PFC,-0.07933843401719043,-0.07933843401719043,stop
2023-03-13,HTLF,-0.17461766515680321,-0.17461766515680321,stop
2023-05-02,ESTE,-0.046460183993027204,-0.046460183993027204,target
2023-05-18,ESTE,-0.03155140078809293,-0.016923097463754533,target
2023-06-06,BRKL_old,0.11450487833456058,0.12165449726456745,target
2023-06-14,HTBK,0.1500227446055431,0.1579670415143719,target
2023-06-14,PPBI,0.07788838511939344,0.102970887372283,target
2023-06-22,PFC,0.14347202727426533,0.14347202727426533,target
2023-06-22,HTLF,-0.10337380060960222,-0.1023739005444454,stop
2023-06-23,LBAI,-0.027718507328177266,-0.027718507328177266,target
2023-06-23,LBC,-0.004595021072125394,0.0011036727090949494,target
2023-06-30,BRKL_old,-0.01527582642030123,-0.008476507946468037,target
2023-07-10,LBAI,-0.00963244834835486,-0.00963244834835486,target
2023-07-10,MOFG,0.020899114443941658,0.024709314145504147,target
2023-07-14,FFWM,0.08011436710853093,0.09113297802309184,target
2023-07-17,LBC,0.026006771811019513,0.04798222345731995,target
2023-07-24,FLIC,0.08453850653856798,0.08453850653856798,target
2023-07-27,LBAI,-0.022310316992784185,-0.013924067365379988,target
2023-07-28,FLIC,0.015712799754675322,0.020445008646409413,target
2023-07-31,BRKL_old,-0.032440046963899904,-0.019283749451462162,target
2023-08-01,HTLF,-0.04470738029936128,-0.04470738029936139,target
2023-08-03,SASR,0.026913241142875632,0.035682285752153264,target
2023-08-03,BHLB,0.012827866520895626,0.021123564645145754,target
2023-08-04,MOFG,0.011901902572551082,0.011901902572551082,target
2023-08-10,LBAI,-0.03848351789372828,-0.03375243459930499,target
2023-08-22,LBAI,-0.03590475532924653,-0.026290065646591976,target
2023-08-28,FFIC,0.15040896938689863,0.15040896938689863,target
2023-08-31,LBC,-0.005561965577781103,-0.0034587471523863655,target
2023-09-06,BRKL_old,-0.06395940000429878,-0.06395940000429878,stop
2023-09-08,MOFG,0.02773350370926142,0.028245772358983734,target
2023-09-12,VBTX,-0.05720984454362121,-0.05129839358690724,target
2023-09-12,BRKL_old,-0.001163585876274964,0.0006191108300743764,target
2023-09-20,CFB,-0.06722217516779971,-0.061567332206579284,stop
2023-09-21,FLIC,-0.07064421157159184,-0.07064421157159184,stop
2023-09-21,LBC,-0.02436195370475369,-0.02436195370475369,target
2023-09-27,BHLB,-0.005174808861261537,0.002034634579745953,target
2023-09-27,CFB,-0.0036067357884260742,0.001978361347703572,target
2023-10-04,LBAI,-0.030582909599702668,-0.02263782604692799,target
2023-10-10,SASR,0.017874343876701726,0.017874343876701726,target
2023-10-12,FLIC,-0.06104901385730588,-0.06104901385730588,stop
2023-10-12,LBC,0.0475335096259033,0.0475335096259033,target
2023-10-13,MOFG,0.014385273517314223,0.017223918770523428,target
2023-10-16,FLIC,-0.023971774763062226,-0.01373622870716873,target
2023-10-18,LBAI,-0.06273990317147915,-0.06273990317147915,stop
2023-10-19,LBC,-0.002406793833181875,-0.002406793833181875,target
2023-10-23,FFIC,-0.06742758411978345,-0.06742758411978333,stop
2023-10-24,HTBI,-0.05149537693054873,-0.05149537693054873,target
2023-10-24,LBAI,-0.06592469500385723,-0.06592469500385711,stop
2023-10-24,FFIC,-0.007633600753103376,-0.007633600753103376,target
2023-10-26,VBTX,0.04736537438239852,0.04736537438239852,target
2023-10-27,BRKL_old,-0.10468976109253125,-0.080446703862176,stop
2023-10-27,LBC,-0.0098643559917031,-0.0098643559917031,target
2023-11-02,VBTX,0.06550082413407754,0.06550082413407754,target
2023-11-03,BRKL_old,0.13250495150742148,0.13250495150742148,target
2023-11-09,PPBI,-0.06906126855095451,-0.06906126855095451,stop
2023-11-13,MOFG,-0.01938374295296541,-0.01938374295296541,target
2023-11-16,BHLB,0.1114862988324814,0.11148629883248162,target
2023-11-16,LBC,0.021566353159330198,0.021566353159330198,target
2023-11-16,BRKL_old,0.09709556283373111,0.1134751813023922,target
2023-11-20,HTLF,0.06813085451799239,0.07853158916497316,target
2023-11-20,HTBK,-0.010223925860380012,-0.010223925860380123,target
2023-11-21,VBTX,-0.029260765308969927,-0.029260765308969927,target
2023-11-24,LBC,-0.020051184382917198,-0.013805072447090727,target
2023-11-27,FLIC,0.08052705377888003,0.08641974078714809,target
2023-11-27,HTBK,0.005896249225701977,0.005896249225701977,target
2023-12-01,HTLF,0.08235937895009982,0.09276625589898324,target
2023-12-04,FFIC,0.054446720030007834,0.05961850964986026,target
2023-12-04,SASR,0.06894232442098769,0.06894232442098769,target
2023-12-07,FLIC,0.05717477339239796,0.07092814890814303,target
2023-12-08,HTBK,0.03778601928127534,0.03778601928127534,target
2023-12-11,LBAI,0.051607437102163534,0.05546875215368341,target
2023-12-11,CFB,0.008640499549683378,0.009598514748683895,target
2023-12-12,LBC,0.0876518853984507,0.09733489472176093,target
2023-12-14,FFIC,0.09854502222685602,0.09854502222685602,target
2023-12-14,LBC,0.03907394469669301,0.03907394469669301,target
2023-12-15,LBAI,0.020467076068294787,0.030414848068470723,target
2023-12-19,BRKL_old,-0.007607513047801939,-0.005444683949575424,target
2023-12-21,PFC,0.006787390953164607,0.011800366362166415,target
2023-12-22,VBTX,0.014405734098796641,0.014405734098796641,target
2024-01-03,LBAI,-0.04422763036889854,-0.04422763036889854,target
2024-01-05,FLIC,-0.023759766246594927,-0.019318190767088628,target
2024-01-08,CSTR,0.005932499949042436,0.013775235609130965,target
2024-01-10,FFIC,-0.023325399742816444,-0.01699021766228026,target
2024-01-10,MOFG,-0.02404972413127182,-0.01590823348434267,target
2024-01-12,LBAI,-0.034254321257707,-0.027118570564478195,target
2024-01-16,MOFG,-0.020277848553033273,-0.020277848553033273,target
2024-01-17,FLIC,-0.04035116741768929,-0.03837118611313928,target
2024-01-18,BRKL_old,-0.034340870675595325,-0.03423382507931594,target
2024-01-22,PFC,0.01842332058117413,0.01842332058117413,target
2024-01-24,PFC,-0.07575421923379877,-0.07575421923379877,stop
2024-01-29,HTBI,0.08845377673407073,0.10558932832643197,target
2024-01-29,LBC,-0.006169204214994117,-0.0030029763421940414,target
2024-01-30,SASR,0.0028786129071094457,0.006779338184446759,target
2024-01-31,FLIC,-0.06864272122975246,-0.06864272122975246,stop
2024-01-31,LBAI,-0.08109029598083717,-0.08109029598083717,stop
2024-01-31,HTBK,-0.037179412055828975,-0.037179412055828975,target
2024-01-31,CSTR,-0.04508382668781119,-0.0450838266878113,target
2024-02-01,VBTX,-0.06849315187799376,-0.06849315187799376,stop
2024-02-05,PFC,-0.0684919480714391,-0.06586819245192443,stop
2024-02-05,LBAI,-0.0654627455271849,-0.0654627455271849,stop
2024-02-05,FFIC,-0.059263925280483076,-0.05926392528048319,target
2024-02-06,HTLF,-0.07331944014509106,-0.06146039554978533,stop
2024-02-16,FFIC,0.013280193930070627,0.027840473033943658,target
2024-02-26,BRKL_old,-0.024693344498819214,-0.01816350231557129,target
2024-02-27,LBC,0.0013431235633936112,0.006615261481313972,target
2024-02-29,SASR,-0.005879740593691785,-0.005879740593691785,target
2024-03-01,LBAI,0.01859656037588575,0.021853147654715466,target
2024-03-01,MOFG,-0.012182427234618154,-0.012182427234618043,target
2024-03-04,BHLB,-0.07594304882448366,-0.06862935863347941,stop
2024-03-05,FLIC,-0.03747065497667035,-0.027265882985107348,target
2024-03-06,HTBK,0.004139531930896334,0.015013742891078374,target
2024-03-06,BHLB,0.039298099526483776,0.04011157912411667,target
2024-03-07,LBAI,0.06341435270995222,0.06341435270995222,target
2024-03-11,HTLF,0.06271345902451286,0.06271345902451286,target
2024-03-12,MOFG,-0.018492422728878966,-0.010794445686590048,target
2024-03-14,FFIC,-0.07771606414893106,-0.07771606414893106,stop
2024-03-26,HTBI,0.011326058495977787,0.01696444920247564,target
2024-03-26,PFC,-0.003155512480741307,-0.003155512480741307,target
2024-03-28,FLIC,0.06124405311044301,0.06124405311044301,target
2024-04-01,SASR,0.027157606480666008,0.0341304765494701,target
2024-04-04,LBAI,-0.008039491838799373,-0.0012643838226913395,target
2024-04-10,FFIC,-0.06418314482813237,-0.06418314482813237,stop
2024-04-10,FLIC,-0.06055816620324461,-0.0605581662032445,stop
2024-04-15,MOFG,-0.048059105245455536,-0.04805910524545565,target
2024-04-16,CFB,-0.08731780737703065,-0.08731780737703065,stop
2024-04-30,HTBK,-0.03256719821582321,-0.028735310187469443,target
2024-05-03,PFC,0.040506803797043744,0.040506803797043744,target
2024-05-08,LBAI,0.016652151435150753,0.025512720778382736,target
2024-05-09,MOFG,0.11148906535830583,0.11148906535830583,target
2024-05-13,FLIC,0.10329486257818843,0.10665250757425837,target
2024-05-28,PFC,-0.07320169280982902,-0.06455317786058035,stop
2024-05-31,BRKL_old,0.042168604789444286,0.042168604789444286,target
2024-06-05,HTLF,0.2979409191620297,0.3067837955081998,target
2024-06-05,PFC,-0.002792294997997491,-0.001995169474579339,target
2024-06-06,MOFG,-0.02857229298601449,-0.023336500028422025,target
2024-06-11,MCBC,0.4544572009546233,0.45668442030781553,time
2024-06-11,SASR,0.007874019226144835,0.007874019226144835,target
2024-06-12,MOFG,0.024963300110799835,0.024963300110799835,target
2024-06-14,HTBK,-0.06672279063874176,-0.06672279063874187,stop
2024-06-14,BHLB,-0.03750830233562452,-0.03750830233562452,target
2024-06-14,CFB,-0.0009708468126039538,0.006309142096266429,target
2024-06-17,VBTX,-0.002518561290840493,0.0035246572342868543,target
2024-06-20,HTBI,0.005501489418851424,0.010049311179297193,target
2024-06-21,BRKL_old,-0.0141113314359671,-0.010869583996423016,target
2024-06-26,PFC,0.025603792503134715,0.029613932864151815,target
2024-07-02,FFIC,0.07481301852707989,0.08470392647170932,target
2024-07-02,SASR,0.007565847041490548,0.015909511485922012,target
2024-07-03,HTBI,0.05742995115106364,0.05742995115106364,target
2024-07-03,BRKL_old,0.009529061605232592,0.01613652097512208,target
2024-07-03,BHLB,-0.016835515586040684,-0.013157861714877095,target
2024-07-09,MOFG,0.07291681162790886,0.08015030059553507,target
2024-07-10,VBTX,0.031098416590314093,0.031098416590314093,target
2024-07-11,FLIC,0.10693427996499749,0.10693427996499749,target
2024-07-15,PFC,0.12170096724767165,0.12170096724767165,target
2024-07-16,FFIC,0.09992813505180287,0.09992813505180287,target
2024-07-17,HTBK,0.28835270475224095,0.28835270475224095,target
2024-07-17,BHLB,0.20144294479457425,0.20144294479457425,target
2024-07-22,PFC,-0.008050843760048054,0.015508545251537331,target
2024-07-22,FFIC,0.009068841095341673,0.019698971522952746,target
2024-07-23,CFB,0.23757668349929206,0.24264706585459006,target
2024-07-29,VBTX,-0.0008239062037409539,0.012305215534705871,target
2024-07-30,SASR,-0.018071413389323943,-0.011060831817017891,target
2024-07-31,BRKL_old,-0.013756462658608193,-0.0009524027506510047,target
2024-08-01,FFIC,-0.07271515471855028,-0.07271515471855028,stop
2024-08-02,BHLB,-0.08097184342687302,-0.08097184342687291,stop
2024-08-05,PFC,-0.07215710360859207,-0.060912427425711235,stop
2024-08-05,HTBK,-0.08305837219914647,-0.08305837219914636,stop
2024-08-05,VBTX,-0.08929731561308552,-0.07503181205234111,stop
2024-08-05,CFB,-0.07243920096880785,-0.07243920096880785,stop
2024-08-06,HTBI,-0.05696142618937716,-0.05696142618937716,target
2024-08-12,HTBK,-0.01806809805279963,-0.011847700386103055,target
2024-08-13,BRKL_old,-0.02385400675500171,-0.014115970225765495,target
2024-08-15,VBTX,0.037383167984563315,0.037383167984563315,target
2024-08-15,CFB,0.02999182697139746,0.02999182697139746,target
2024-08-20,PFC,0.02998474115212879,0.03826083307680883,target
2024-08-27,BLFY,0.06567994921093923,0.07192800168746039,target
2024-08-29,BRKL_old,0.029384229796736605,0.0300584249797895,target
2024-09-05,PFC,-0.0065639111526945015,-0.0065639111526945015,target
2024-09-06,CFB,-0.044860924937331514,-0.044860924937331514,target
2024-09-06,FFIC,-0.05970255987795903,-0.05970255987795903,target
2024-09-09,MOFG,-0.00814235998723134,0.0,target
2024-09-16,HTBK,0.010617526600657623,0.010617526600657623,target
2024-09-19,BHLB,0.033946820976721304,0.039861471326172904,target
2024-09-24,HTLF,0.268616387441416,0.268616387441416,time
2024-09-24,CFB,-0.021183655152024694,-0.021183655152024694,target
2024-09-25,PFC,-0.06131919473066205,-0.06131919473066205,stop
2024-09-27,PFC,-0.0009152474932525578,0.003906173683292158,target
2024-09-30,FFIC,-0.018879272424739413,-0.014144411803201695,target
2024-10-01,MOFG,-0.029934241118666494,-0.012332250865121352,target
2024-10-02,SASR,-0.04133609758820633,-0.036230177887802806,target
2024-10-03,HTBI,-0.06265732952490177,-0.06265732952490166,stop
2024-10-03,BLFY,-0.0624390578851467,-0.0624390578851467,stop
2024-10-11,HTBI,0.05268019509250821,0.05268019509250821,target
2024-10-16,CFB,0.013301634685759955,0.021815668658850873,target
2024-10-23,HTBK,-0.006141291382337655,-0.006141291382337655,target
2024-10-24,FLIC,-0.07937977610321556,-0.07937977610321556,stop
2024-10-30,BLFY,0.02446938077226113,0.02446938077226113,target
2024-10-30,FLIC,-0.003277299942651468,0.001574839217641566,target
2024-10-31,HTBI,-0.061860146434621455,-0.0544809594784732,target
2024-11-01,VBTX,-0.019805389867958656,-0.01021248356305371,target
2024-11-04,MOFG,-0.04319001554015012,-0.04319001554015023,target
2024-11-04,PFC,-0.02224146354824319,-0.02224146354824319,target
2024-11-05,SASR,0.009060683525531354,0.009060683525531354,target
2024-11-08,BHLB,0.053054335206697445,0.053054335206697445,target
2024-11-14,HTBI,0.14465207635613764,0.14465207635613764,target
2024-11-14,MOFG,0.007749535431101684,0.007749535431101684,target
2024-11-15,FFIC,0.1417424795370823,0.1417424795370823,target
2024-11-20,BLFY,-0.0009032769180828959,-0.0009032769180828959,target
2024-11-27,MOFG,-0.012549152510303752,-0.011124442289740633,target
2024-11-27,BLFY,-0.007492912682846908,-0.004911688972174533,target
2024-11-29,SASR,-0.004491365278694537,-0.004491365278694648,target
2024-12-05,HTBK,-0.008895529759027299,-0.008895529759027299,target
2024-12-09,FFIC,-0.07199528738919381,-0.06483517888519041,stop
2024-12-09,PFC,-0.008854785673464649,0.004021554467032784,target
2024-12-13,FFIC,-0.12013274117274586,-0.12013274117274586,stop
2024-12-17,HTBK,-0.03528471090709129,-0.03528471090709118,target
2024-12-17,FLIC,-0.02783982435128729,-0.02189782444609789,target
2024-12-18,BLFY,-0.08014036416089021,-0.07819682030766573,stop
2024-12-18,BHLB,-0.0679699449808493,-0.06238180631773271,stop
2024-12-30,BLFY,-0.013183630286143333,-0.005547997632401769,target
2024-12-31,MOFG,-0.02156266971922205,-0.02156266971922205,target
2024-12-31,HTBK,-0.03234091633034153,-0.02643185212926713,target
