date,portfolio_value
2010-09-30,99819.33822546185
2010-10-01,99504.42429269564
2010-10-04,99706.37497203375
2010-10-05,97674.15449307325
2010-10-06,100232.23790684604
2010-10-07,99227.68688253345
2010-10-08,99458.49611048006
2010-10-11,100355.25198344552
2010-10-12,100903.9307167663
2010-10-13,102309.16014000142
2010-10-14,104379.78289698281
2010-10-15,103288.39477803506
2010-10-18,102847.03783854992
2010-10-19,103117.61116485867
2010-10-20,100293.57945180184
2010-10-21,101773.08129392834
2010-10-22,102223.73086885326
2010-10-25,103093.51377764795
2010-10-26,103695.5776161172
2010-10-27,105718.75058277516
2010-10-28,104880.6759166109
2010-10-29,105144.56747893697
2010-11-01,105682.1821066581
2010-11-02,107639.57046064945
2010-11-03,108123.05191882631
2010-11-04,107450.02522188716
2010-11-05,110015.54995362656
2010-11-08,109660.44981468377
2010-11-09,108971.17501422693
2010-11-10,108699.47942664052
2010-11-11,108381.20206909328
2010-11-12,108421.71279417086
2010-11-15,106209.23561218561
2010-11-16,105716.6601716757
2010-11-17,101760.31505198596
2010-11-18,100933.45515851984
2010-11-19,103253.9366891528
2010-11-22,103627.64231379995
2010-11-23,104103.41929677877
2010-11-24,103417.02663516201
2010-11-26,106071.04649818953
2010-11-29,102767.45373995218
2010-11-30,103620.81083576656
2010-12-01,102384.47226469457
2010-12-02,105883.67025591807
2010-12-03,107460.48358634542
2010-12-06,108630.057092463
2010-12-07,108229.19900422376
2010-12-08,107902.18049889797
2010-12-09,110638.04072573256
2010-12-10,112118.88262747986
2010-12-13,112656.65783154967
2010-12-14,114494.03447426853
2010-12-15,114725.32170942814
2010-12-16,114578.95133709662
2010-12-17,118538.7227465399
2010-12-20,118964.2171456557
2010-12-21,121115.43558745962
2010-12-22,123097.12277637082
2010-12-23,123739.46853906024
2010-12-27,124382.84257540137
2010-12-28,124308.8621012776
2010-12-29,124702.89642329288
2010-12-30,124140.45182169629
2010-12-31,122794.17309320574
2011-01-03,122028.40497310658
2011-01-04,121384.01865060854
2011-01-05,122999.86676399103
2011-01-06,123760.06261377523
2011-01-07,122880.15216520047
2011-01-10,122779.34169324266
2011-01-11,122227.04655552561
2011-01-12,121885.56881761896
2011-01-13,122783.21475617017
2011-01-14,122372.88987409411
2011-01-18,123119.00158176543
2011-01-19,122806.65984279853
2011-01-20,120860.96115218861
2011-01-21,120689.22470896838
2011-01-24,121491.75690853508
2011-01-25,122009.85456970929
2011-01-26,122556.36475700732
2011-01-27,122540.70378138911
2011-01-28,122699.07626123303
2011-01-31,120269.7963388325
2011-02-01,121544.19150845303
2011-02-02,124001.67025698329
2011-02-03,123384.17238704707
2011-02-04,121347.5957936957
2011-02-07,122183.32799494255
2011-02-08,122529.73914325453
2011-02-09,122684.75473116114
2011-02-10,122422.00838192977
2011-02-11,122928.73512451316
2011-02-14,124656.73464264996
2011-02-15,128314.68917006353
2011-02-16,128901.57685498871
2011-02-17,130724.31351797133
2011-02-18,131380.59908979427
2011-02-22,129415.70823478325
2011-02-23,125940.00207877846
2011-02-24,126395.88755918006
2011-02-25,126749.42374565848
2011-02-28,127322.32890760558
2011-03-01,126260.90048542334
2011-03-02,124606.57750186435
2011-03-03,123792.52803940636
2011-03-04,124988.79722825211
2011-03-07,123339.18717684133
2011-03-08,124255.09281792372
2011-03-09,125034.88564339487
2011-03-10,125320.18449607154
2011-03-11,122535.78591378732
2011-03-14,121454.86565501033
2011-03-15,120116.95395230783
2011-03-16,120550.02729247896
2011-03-17,116956.47255335248
2011-03-18,119576.49342923235
2011-03-21,118929.90513751465
2011-03-22,118798.02032443619
2011-03-23,118361.90530264276
2011-03-24,117784.55931550865
2011-03-25,119221.108934266
2011-03-28,118989.97241103504
2011-03-29,119933.57413131301
2011-03-30,121361.88980201654
2011-03-31,122011.22123470553
2011-04-01,123019.42115469322
2011-04-04,121575.36426768027
2011-04-05,123124.54608310093
2011-04-06,125654.36956411882
2011-04-07,127052.01894622575
2011-04-08,125841.07422477595
2011-04-11,125039.33977488727
2011-04-12,124214.35557227688
2011-04-13,124217.00835770548
2011-04-14,125952.29900739274
2011-04-15,127149.46662020977
2011-04-18,127270.51875564428
2011-04-19,125098.61469591419
2011-04-20,125866.10871060744
2011-04-21,127470.18404465183
2011-04-25,129123.87721390987
2011-04-26,128920.68235974082
2011-04-27,130531.0521325631
2011-04-28,131821.9652136765
2011-04-29,132713.6450748714
2011-05-02,133814.9368055039
2011-05-03,132491.94268769908
2011-05-04,131564.2271543237
2011-05-05,131088.52800924474
2011-05-06,129803.48713533374
2011-05-09,129584.55846631671
2011-05-10,130484.59149639042
2011-05-11,128776.0138766695
2011-05-12,129121.81502503352
2011-05-13,130102.91840258418
2011-05-16,128100.22066725619
2011-05-17,127759.40214162577
2011-05-18,127726.4860314948
2011-05-19,127993.24878650729
2011-05-20,127865.79108858015
2011-05-23,125358.08249840922
2011-05-24,123360.41193394423
2011-05-25,123448.27950521997
2011-05-26,125074.2139641126
2011-05-27,125404.16805456992
2011-05-31,126011.87661379535
2011-06-01,127116.50389778374
2011-06-02,125781.06958287764
2011-06-03,125169.26653858204
2011-06-06,123808.01766279482
2011-06-07,122129.98638919329
2011-06-08,120804.95398731314
2011-06-09,119860.38566145084
2011-06-10,121484.49398216825
2011-06-13,118500.09987764547
2011-06-14,117406.54067009054
2011-06-15,120565.60780979876
2011-06-16,117820.09702938632
2011-06-17,115760.70043263382
2011-06-20,118093.73591367056
2011-06-21,118671.68236724316
2011-06-22,121259.33685827628
2011-06-23,120173.68856414955
2011-06-24,121919.1582216826
2011-06-27,120005.81794951863
2011-06-28,120445.41462222212
2011-06-29,121158.20047410481
2011-06-30,120050.54615676454
2011-07-01,120656.10474266662
2011-07-05,121532.24194124654
2011-07-06,122345.83418945558
2011-07-07,122266.29298429916
2011-07-08,123662.70104144201
2011-07-11,122322.70299135258
2011-07-12,121168.93432497907
2011-07-13,121514.83903873795
2011-07-14,121590.30281712688
2011-07-15,120063.32749992341
2011-07-18,120093.99025652053
2011-07-19,118438.57284368946
2011-07-20,121235.67150326597
2011-07-21,120874.76867758315
2011-07-22,121335.40699624743
2011-07-25,120349.24178527492
2011-07-26,121943.99823425968
2011-07-27,121286.84519504527
2011-07-28,119989.50006423022
2011-07-29,120702.82007902292
2011-08-01,120894.75157012683
2011-08-02,119595.11388440244
2011-08-03,116952.60722527257
2011-08-04,115418.83130515579
2011-08-05,109043.99926740899
2011-08-08,105438.42354071452
2011-08-09,98534.03746656976
2011-08-10,102108.81949522925
2011-08-11,97080.9624883172
2011-08-12,102160.0110199603
2011-08-15,104241.81532055957
2011-08-16,105999.85896534192
2011-08-17,104772.15367100139
2011-08-18,104715.7382587055
2011-08-19,100657.77555181689
2011-08-22,97005.76329611057
2011-08-23,97162.00238221044
2011-08-24,100627.97132419032
2011-08-25,100803.84111232961
2011-08-26,99680.73456920306
2011-08-29,102274.80653836395
2011-08-30,106423.54634920912
2011-08-31,104630.00765100782
2011-09-01,104432.07186704707
2011-09-02,102488.53657950857
2011-09-06,101330.75827142081
2011-09-07,101770.23141654742
2011-09-08,105543.74617246987
2011-09-09,105791.7289728219
2011-09-12,102266.23204205451
2011-09-13,103320.34394754993
2011-09-14,104182.49682231407
2011-09-15,104808.02721215016
2011-09-16,105412.14775662767
2011-09-19,105802.4688415224
2011-09-20,103535.01646452185
2011-09-21,103930.0331863651
2011-09-22,99041.86092101972
2011-09-23,96367.39159502843
2011-09-26,96696.41404069448
2011-09-27,99509.8051100038
2011-09-28,99963.96539401822
2011-09-29,97650.12595837393
2011-09-30,98212.0763795933
2011-10-03,92458.631817777
2011-10-04,92607.30781000527
2011-10-05,93537.29663431438
2011-10-06,96108.40488585687
2011-10-07,96076.11637746467
2011-10-10,94491.66939599383
2011-10-11,99012.5610712424
2011-10-12,99336.92579147789
2011-10-13,100768.78783790527
2011-10-14,99701.01235309003
2011-10-17,100701.83955850985
2011-10-18,98398.51699693174
2011-10-19,99863.55887694354
2011-10-20,97712.02471073231
2011-10-21,97672.60895521421
2011-10-24,102419.88326368916
2011-10-25,103225.90916817196
2011-10-26,101334.66055307764
2011-10-27,102897.32626251271
2011-10-28,108434.50534574366
2011-10-31,108528.60554322938
2011-11-01,104321.76777894262
2011-11-02,100647.23065028452
2011-11-03,102507.24106369734
2011-11-04,104635.15424737011
2011-11-07,102925.22414361696
2011-11-08,103729.24099213927
2011-11-09,104605.38659854257
2011-11-10,99828.96215713376
2011-11-11,100477.10633933634
2011-11-14,102087.33014140703
2011-11-15,101145.34846881551
2011-11-16,102209.11156542432
2011-11-17,101455.62665628405
2011-11-18,100904.96350571913
2011-11-21,100781.81802538219
2011-11-22,98649.7386127367
2011-11-23,97818.64134020689
2011-11-25,94270.68226518386
2011-11-28,93787.00302071885
2011-11-29,97450.7173541161
2011-11-30,97494.88500606702
2011-12-01,102025.63839506122
2011-12-02,103150.88309584683
2011-12-05,197799.62404546083
2011-12-06,198962.64920418648
2011-12-07,198024.53128540068
2011-12-08,204099.37732321522
2011-12-09,192185.75681104543
2011-12-12,205198.34707498067
2011-12-13,200862.50258592636
2011-12-14,203656.8046580957
2011-12-15,197961.19369956412
2011-12-16,199836.9521436933
2011-12-19,201356.04452774004
2011-12-20,186718.4814885006
2011-12-21,200969.8609445814
2011-12-22,198398.35209664554
2011-12-23,197795.23929640304
2011-12-27,202492.68845677344
2011-12-28,204710.4568949156
2011-12-29,195680.04023121702
2011-12-30,200986.75567643836
2012-01-03,192600.8006309034
2012-01-04,197453.59575221746
2012-01-05,198190.729866733
2012-01-06,198522.12226822777
2012-01-09,195355.70380715438
2012-01-10,194278.59327046882
2012-01-11,197675.774212276
2012-01-12,198531.6840471222
2012-01-13,199942.00787652406
2012-01-17,196252.5107645356
2012-01-18,196634.88072073407
2012-01-19,200769.7467716321
2012-01-20,202938.67691149915
2012-01-23,204505.49097175422
2012-01-24,203971.15642344276
2012-01-25,200725.25387042432
2012-01-26,207322.93988924843
2012-01-27,208308.3069089649
2012-01-30,208598.85884872582
2012-01-31,209337.88212011202
2012-02-01,211980.16181777828
2012-02-02,216252.98969479778
2012-02-03,217380.9049606992
2012-02-06,223950.30038882073
2012-02-07,221252.32055296758
2012-02-08,221456.3783522278
2012-02-09,218945.69037738797
2012-02-10,222818.39500820756
2012-02-13,218521.8798388324
2012-02-14,222474.43431087138
2012-02-15,222916.03379807356
2012-02-16,215494.56486163984
2012-02-17,220613.17058521495
2012-02-21,219444.1956923779
2012-02-22,218993.37337225387
2012-02-23,217940.59948272942
2012-02-24,220206.27331929866
2012-02-27,222993.77145435548
2012-02-28,222575.3086378465
2012-02-29,224675.6794264375
2012-03-01,219942.57895593467
2012-03-02,219468.7414736342
2012-03-05,221594.6075173396
2012-03-06,222426.37437697005
2012-03-07,210089.8967603711
2012-03-08,211725.10196594574
2012-03-09,220466.17002213816
2012-03-12,221984.09034795171
2012-03-13,212302.4802567152
2012-03-14,227986.53766992115
2012-03-15,223799.3899710922
2012-03-16,227354.88727871794
2012-03-19,228169.03175542832
2012-03-20,230339.99536805123
2012-03-21,230341.01992928752
2012-03-22,234265.8621267773
2012-03-23,230132.33726915225
2012-03-26,224042.74434703248
2012-03-27,234426.07448118477
2012-03-28,235734.19740347224
2012-03-29,239257.98328602445
2012-03-30,229989.64062856795
2012-04-02,227303.85151424268
2012-04-03,227368.35815600457
2012-04-04,223750.36642780277
2012-04-05,220650.401361477
2012-04-09,219944.49637303918
2012-04-10,215087.20109184337
2012-04-11,212255.08458453396
2012-04-12,212667.49581763803
2012-04-13,217520.01558205107
2012-04-16,215224.3687157639
2012-04-17,213534.20682000485
2012-04-18,217660.37272553722
2012-04-19,218816.68079543402
2012-04-20,220055.11696015214
2012-04-23,217170.29457118292
2012-04-24,214766.01270531342
2012-04-25,217060.52266986517
2012-04-26,216879.4754699477
2012-04-27,220608.4478325511
2012-04-30,221942.4193081831
2012-05-01,215073.6648382144
2012-05-02,216919.58944247625
2012-05-03,210453.70494510973
2012-05-04,205387.91082179314
2012-05-07,202158.7857687649
2012-05-08,201767.93334098088
2012-05-09,200380.94142019737
2012-05-10,199737.0935707156
2012-05-11,206750.46761453868
2012-05-14,206319.57962948873
2012-05-15,205187.35786935675
2012-05-16,203157.0663800954
2012-05-17,202526.25704944108
2012-05-18,201548.34540990126
2012-05-21,202442.17275172955
2012-05-22,205778.79389609507
2012-05-23,208125.6499715881
2012-05-24,209620.68252096535
2012-05-25,212808.10739912672
2012-05-29,211801.75869330476
2012-05-30,215328.60112353048
2012-05-31,218484.2271544928
2012-06-01,216393.78289950913
2012-06-04,211868.46744150307
2012-06-05,215492.71432806723
2012-06-06,213887.24566539977
2012-06-07,218661.07533211287
2012-06-08,221537.71098986315
2012-06-11,221576.63475016988
2012-06-12,217845.9659754183
2012-06-13,222792.75915258154
2012-06-14,220111.42476410553
2012-06-15,222711.55638008675
2012-06-18,229020.27490625784
2012-06-19,233773.83258733552
2012-06-20,236238.1408067224
2012-06-21,238643.8565077479
2012-06-22,240684.57437951115
2012-06-25,252046.61236871095
2012-06-26,245334.2197820032
2012-06-27,243903.48298339083
2012-06-28,233947.6520983739
2012-06-29,235338.997094283
2012-07-02,244731.1555907328
2012-07-03,246913.6233874964
2012-07-05,248886.25673969727
2012-07-06,246659.2994183145
2012-07-09,241356.13404472795
2012-07-10,238024.84688067873
2012-07-11,236607.50100734868
2012-07-12,239304.21605161653
2012-07-13,236419.99669407675
2012-07-16,240247.53403667102
2012-07-17,241097.46156951517
2012-07-18,242449.76987266884
2012-07-19,243025.8655330793
2012-07-20,244940.8419563077
2012-07-23,241535.91548010602
2012-07-24,237264.8767720617
2012-07-25,234943.0124105781
2012-07-26,231115.3045223893
2012-07-27,236634.00771603853
2012-07-30,241304.61106429264
2012-07-31,241615.69482437527
2012-08-01,237413.02903828025
2012-08-02,237530.7496624606
2012-08-03,235052.19549795424
2012-08-06,242964.1190550439
2012-08-07,244450.18123234215
2012-08-08,243464.20672164462
2012-08-09,244030.01982326
2012-08-10,243603.83922440853
2012-08-13,241763.4301197992
2012-08-14,240814.6945716228
2012-08-15,242542.05441340973
2012-08-16,244533.1078330289
2012-08-17,248871.26278768582
2012-08-20,246644.8334858944
2012-08-21,245720.94243881098
2012-08-22,244391.81737167286
2012-08-23,244017.51681421208
2012-08-24,241472.35868006168
2012-08-27,242059.76663530618
2012-08-28,241648.4624279922
2012-08-29,240907.35473940897
2012-08-30,239212.1494654687
2012-08-31,237272.52653699694
2012-09-04,239314.19932563126
2012-09-05,238375.75541889126
2012-09-06,238132.67079680518
2012-09-07,245193.3211520484
2012-09-10,246181.925416815
2012-09-11,245097.59541802498
2012-09-12,246920.25782775274
2012-09-13,247107.9120477009
2012-09-14,253777.1031025155
2012-09-17,253986.29595883275
2012-09-18,253320.82544747693
2012-09-19,252423.96230433125
2012-09-20,251305.23557901845
2012-09-21,252473.32342000154
2012-09-24,253527.7211770347
2012-09-25,253257.86688261156
2012-09-26,251027.3111294643
2012-09-27,248774.12241924345
2012-09-28,247818.18817848733
2012-10-01,248106.78519903688
2012-10-02,246743.93865256108
2012-10-03,245568.6487529777
2012-10-04,248984.9065524051
2012-10-05,249813.92711270714
2012-10-08,249725.51156572107
2012-10-09,246450.03554963882
2012-10-10,246144.7538156794
2012-10-11,244498.62189404815
2012-10-12,244628.79162245427
2012-10-15,243472.11059016068
2012-10-16,243394.814730699
2012-10-17,246042.61295141256
2012-10-18,245693.4346913444
2012-10-19,240998.5083552165
2012-10-22,237094.19556753177
2012-10-23,239008.14405286737
2012-10-24,234807.14865647774
2012-10-25,233568.86946479933
2012-10-26,232285.30915835575
2012-10-31,232860.7136358346
2012-11-01,233490.5999851029
2012-11-02,232199.4719828951
2012-11-05,230493.69921254725
2012-11-06,233018.70305389428
2012-11-07,229478.17417310516
2012-11-08,222077.59348447504
2012-11-09,220304.09445694808
2012-11-12,222117.7602435156
2012-11-13,221128.79949379014
2012-11-14,219971.314138969
2012-11-15,217288.65221235048
2012-11-16,216190.17075964165
2012-11-19,220472.12101817102
2012-11-20,225375.155079744
2012-11-21,228502.4149521322
2012-11-23,228750.1812952826
2012-11-26,233441.11579406488
2012-11-27,233278.09015586172
2012-11-28,230355.25693593186
2012-11-29,234124.97785442736
2012-11-30,235993.33360624936
2012-12-03,234909.78629550338
2012-12-04,231110.92877695637
2012-12-05,229789.75312571757
2012-12-06,227924.57456520214
2012-12-07,230007.76256968325
2012-12-10,235457.05346651812
2012-12-11,236598.93764708465
2012-12-12,236556.89287857473
2012-12-13,236115.6474271245
2012-12-14,237650.13635503224
2012-12-17,224309.73338641707
2012-12-18,229704.89994593587
2012-12-19,232891.7215988548
2012-12-20,226952.63112997878
2012-12-21,231996.1425106062
2012-12-24,229130.8877858922
2012-12-26,227112.76292801695
2012-12-27,225151.76207502195
2012-12-28,226681.71875298244
2012-12-31,221469.27355355065
2013-01-02,226938.2798614863
2013-01-03,236088.98227727538
2013-01-04,238338.6397221354
2013-01-07,241986.875938639
2013-01-08,240590.86551705498
2013-01-09,240448.7294447538
2013-01-10,241647.11450852803
2013-01-11,244766.18680579113
2013-01-14,244556.26752288095
2013-01-15,245103.18503643296
2013-01-16,244806.95844770796
2013-01-17,245117.11138439437
2013-01-18,249915.70508769059
2013-01-22,249159.1625699549
2013-01-23,248768.3069435472
2013-01-24,251814.93578081066
2013-01-25,250087.3445390241
2013-01-28,253547.99484927938
2013-01-29,251946.55567918968
2013-01-30,251659.051790956
2013-01-31,252467.06202465983
2013-02-01,250772.20076936216
2013-02-04,252460.37371896647
2013-02-05,249010.60826695824
2013-02-06,251961.32242709253
2013-02-07,252659.8339153602
2013-02-08,251759.10814855588
2013-02-11,253766.78228216164
2013-02-12,254665.2744257225
2013-02-13,253899.8533052139
2013-02-14,254699.75213240352
2013-02-15,257176.17268189846
2013-02-19,257022.1621336727
2013-02-20,251673.56409619638
2013-02-21,246046.06484655125
2013-02-22,247364.21719723425
2013-02-25,250042.75363688584
2013-02-26,242025.41495309243
2013-02-27,243240.32711346075
2013-02-28,245293.612864254
2013-03-01,241279.88848355907
2013-03-04,242293.45963111278
2013-03-05,244689.69079896246
2013-03-06,246820.65719760393
2013-03-07,251441.6478755686
2013-03-08,257465.44301494563
2013-03-11,259740.32649361694
2013-03-12,263244.65009759844
2013-03-13,266194.1748463382
2013-03-14,268099.8624453035
2013-03-15,272734.50103572966
2013-03-18,274456.3784680261
2013-03-19,271166.0136664152
2013-03-20,269590.16499513295
2013-03-21,274524.718354942
2013-03-22,267072.31037217256
2013-03-25,271019.72911839787
2013-03-26,267394.42172386666
2013-03-27,270534.8875082921
2013-03-28,267146.7155495512
2013-04-01,263988.1506496819
2013-04-02,262712.87243575515
2013-04-03,264541.063784133
2013-04-04,260554.15165841856
2013-04-05,261631.3261417374
2013-04-08,260283.45451345242
2013-04-09,266356.2445692182
2013-04-10,272955.95626451494
2013-04-11,274947.65121696866
2013-04-12,275324.88976682455
2013-04-15,272023.49079428735
2013-04-16,266021.4227849838
2013-04-17,269790.3680916121
2013-04-18,270952.45531624876
2013-04-19,269161.46460083034
2013-04-22,270735.8641573544
2013-04-23,271885.5084905544
2013-04-24,276389.4079595117
2013-04-25,271329.18860660406
2013-04-26,271862.15841238096
2013-04-29,269224.48687761195
2013-04-30,268828.23337113566
2013-05-01,260907.1476822016
2013-05-02,260262.61076987
2013-05-03,265794.70800829923
2013-05-06,266318.17296612833
2013-05-07,265822.1121533469
2013-05-08,269580.77192672226
2013-05-09,269860.48973409086
2013-05-10,269120.01047001866
2013-05-13,266183.99103747465
2013-05-14,266594.69324833277
2013-05-15,267879.3057016741
2013-05-16,269256.55721743574
2013-05-17,267814.16373275104
2013-05-20,274037.3368145316
2013-05-21,272364.73558706424
2013-05-22,269055.4891927258
2013-05-23,266165.19929445325
2013-05-24,267133.53441734373
2013-05-28,266772.9504671988
2013-05-29,268210.91487985215
2013-05-30,268987.194851917
2013-05-31,270913.15222742094
2013-06-03,267387.2357088989
2013-06-04,269198.06900465017
2013-06-05,268000.6711697464
2013-06-06,261599.7502266973
2013-06-07,261367.99206477433
2013-06-10,265905.2547396799
2013-06-11,265567.43790749484
2013-06-12,263837.89278793155
2013-06-13,260954.3659429371
2013-06-14,264962.7117871953
2013-06-17,262723.58724886755
2013-06-18,267389.0217141397
2013-06-19,269107.5757030799
2013-06-20,263267.1331752414
2013-06-21,257577.59360891156
2013-06-24,258582.6185141737
2013-06-25,259032.42026923673
2013-06-26,260133.6362205152
2013-06-27,264816.5639440602
2013-06-28,273347.91497975826
2013-07-01,272971.42938610923
2013-07-02,274481.58615516714
2013-07-03,273771.00454889005
2013-07-05,273822.1916330196
2013-07-08,279450.466475655
2013-07-09,280329.92841535667
2013-07-10,280993.3637451305
2013-07-11,278381.3456662037
2013-07-12,284765.99213797494
2013-07-15,284524.4735005036
2013-07-16,289299.0026054115
2013-07-17,288753.0064327971
2013-07-18,287837.4583233055
2013-07-19,286912.425027948
2013-07-22,286364.23807289364
2013-07-23,286497.97390204296
2013-07-24,281182.978646786
2013-07-25,279784.25789555046
2013-07-26,277464.00202427275
2013-07-29,282774.4208615265
2013-07-30,281810.46251904906
2013-07-31,283532.5145488394
2013-08-01,279496.2081303811
2013-08-02,282118.28834511136
2013-08-05,286275.6491194139
2013-08-06,284179.7163662375
2013-08-07,287467.61467294226
2013-08-08,288020.6792801188
2013-08-09,291940.5134246165
2013-08-12,287539.46101353894
2013-08-13,295100.5008531876
2013-08-14,295693.3766798291
2013-08-15,292013.09189803846
2013-08-16,286990.058677024
2013-08-19,280792.5511339779
2013-08-20,281657.1539348253
2013-08-21,281151.86055428657
2013-08-22,282108.5778440046
2013-08-23,285749.8901757357
2013-08-26,289292.32392034115
2013-08-27,289514.41366212897
2013-08-28,284296.6550525738
2013-08-29,286497.93234714936
2013-08-30,285188.0759615882
2013-09-03,287638.8794263113
2013-09-04,298934.3847969215
2013-09-05,309674.114193221
2013-09-06,309485.3279485093
2013-09-09,314099.7635337851
2013-09-10,316799.7281720366
2013-09-11,319436.329895711
2013-09-12,318884.7268982843
2013-09-13,319164.56966979173
2013-09-16,324981.73591003154
2013-09-17,323414.6104411829
2013-09-18,318449.7599668236
2013-09-19,327701.44649117836
2013-09-20,329555.44134445966
2013-09-23,322685.0365353102
2013-09-24,325300.3021225578
2013-09-25,337133.0427149446
2013-09-26,337724.12812881434
2013-09-27,339844.0767219085
2013-09-30,334486.7513771228
2013-10-01,334392.33468011447
2013-10-02,344879.6152659109
2013-10-03,347795.94080342096
2013-10-04,342193.17393911036
2013-10-07,342937.79823073663
2013-10-08,331015.1448075156
2013-10-09,316858.0320443513
2013-10-10,319291.7490031354
2013-10-11,331011.11059185397
2013-10-14,333669.6182032107
2013-10-15,338125.91687449685
2013-10-16,334585.3489514492
2013-10-17,340260.14810052613
2013-10-18,342573.80854238896
2013-10-21,339678.4467169988
2013-10-22,336410.35020582436
2013-10-23,339061.65883927373
2013-10-24,335678.4290365418
2013-10-25,332895.2933607476
2013-10-28,328250.62503334484
2013-10-29,326492.0355414946
2013-10-30,322982.83779072383
2013-10-31,317248.80154634535
2013-11-01,307449.0400520231
2013-11-04,306725.6093563781
2013-11-05,307924.64386695524
2013-11-06,301268.87597237027
2013-11-07,302766.63243967196
2013-11-08,298907.7636932233
2013-11-11,302542.5875317613
2013-11-12,300021.2566771834
2013-11-13,296635.274733255
2013-11-14,300142.83559925976
2013-11-15,303420.6027288783
2013-11-18,301928.2478291349
2013-11-19,298274.0355931075
2013-11-20,301383.9060617015
2013-11-21,301896.6446699521
2013-11-22,306220.61476360477
2013-11-25,307131.92435238673
2013-11-26,307872.690918115
2013-11-27,309857.0715243369
2013-11-29,312857.23454876366
2013-12-02,311838.08761493163
2013-12-03,336165.7551463387
2013-12-04,335893.04496685043
2013-12-05,333550.87406245235
2013-12-06,331501.8152317972
2013-12-09,334177.44616849534
2013-12-10,335913.7306227437
2013-12-11,328648.76400885294
2013-12-12,330956.4675597783
2013-12-13,327409.7777030626
2013-12-16,335609.0508427526
2013-12-17,338685.7574417459
2013-12-18,333973.87403836334
2013-12-19,338094.98363117775
2013-12-20,337441.96011770034
2013-12-23,346643.8719991939
2013-12-24,350733.00952250307
2013-12-26,351780.6613344782
2013-12-27,351548.10430383455
2013-12-30,351618.9204304082
2013-12-31,353401.980136661
2014-01-02,352381.33981848025
2014-01-03,357565.8139051409
2014-01-06,360186.7801997709
2014-01-07,375871.29772941757
2014-01-08,377383.2774828485
2014-01-09,384113.9827794299
2014-01-10,394367.76886418957
2014-01-13,393955.9128093674
2014-01-14,386886.1794786271
2014-01-15,391221.7732532502
2014-01-16,394789.77442745585
2014-01-17,397610.6161107512
2014-01-21,399300.3019360949
2014-01-22,399942.5506909622
2014-01-23,405780.10987822263
2014-01-24,402016.1001779201
2014-01-27,379928.5503268331
2014-01-28,375540.526389451
2014-01-29,373627.03787559865
2014-01-30,371341.41825736297
2014-01-31,377390.49445502146
2014-02-03,371578.09482293937
2014-02-04,356210.9940774037
2014-02-05,355083.7995187573
2014-02-06,350400.800279108
2014-02-07,356969.50172302313
2014-02-10,366535.53471798764
2014-02-11,373648.4045086746
2014-02-12,382076.4535147974
2014-02-13,384254.84007796354
2014-02-14,375518.00503557426
2014-02-18,390010.47946393257
2014-02-19,391135.2209526661
2014-02-20,388029.0769168672
2014-02-21,398626.7358336162
2014-02-24,398383.48019602743
2014-02-25,404840.5353778326
2014-02-26,408986.5573748559
2014-02-27,411180.6753996941
2014-02-28,405164.71101781627
2014-03-03,408804.41145800607
2014-03-04,410625.30109789537
2014-03-05,410547.65347365267
2014-03-06,401781.34291720996
2014-03-07,400591.54060249886
2014-03-10,403103.1745541171
2014-03-11,402790.221882437
2014-03-12,402031.73981768225
2014-03-13,399562.07785273116
2014-03-14,397846.42389740265
2014-03-17,387855.35334313277
2014-03-18,397210.76631528337
2014-03-19,406203.25479318044
2014-03-20,405356.3858599591
2014-03-21,401102.3558356879
2014-03-24,386899.1468083117
2014-03-25,383954.14346491266
2014-03-26,378864.6241665927
2014-03-27,376394.3269867894
2014-03-28,365150.50543727103
2014-03-31,359906.886058594
2014-04-01,360161.2080880729
2014-04-02,359455.0086308763
2014-04-03,348663.3117634171
2014-04-04,342946.10073145386
2014-04-07,339651.25428195525
2014-04-08,337872.4600714876
2014-04-09,344996.9273887537
2014-04-10,350054.9219323541
2014-04-11,334599.69618287665
2014-04-14,321638.8869210608
2014-04-15,309535.3514170407
2014-04-16,310872.7446416998
2014-04-17,313858.9739423134
2014-04-21,318107.02519564936
2014-04-22,327648.9285727611
2014-04-23,324761.5508091356
2014-04-24,327548.957248674
2014-04-25,319832.3422686772
2014-04-28,311383.5087703784
2014-04-29,313459.5040089567
2014-04-30,317871.6277993353
2014-05-01,315598.7505622957
2014-05-02,307988.0197712701
2014-05-05,305341.62139568094
2014-05-06,298897.0252383348
2014-05-07,283603.0231660097
2014-05-08,273568.6568860283
2014-05-09,272370.69614605175
2014-05-12,272553.71762974636
2014-05-13,271471.4775031777
2014-05-14,268983.13436850876
2014-05-15,265292.2744407118
2014-05-16,263874.6468187658
2014-05-19,267682.192646102
2014-05-20,271475.60523832875
2014-05-21,264562.19501484325
2014-05-22,267556.1574772681
2014-05-23,272404.2798037992
2014-05-27,276870.18373379356
2014-05-28,279154.63073499326
2014-05-29,277758.1664290918
2014-05-30,276685.0758782242
2014-06-02,275755.96386818984
2014-06-03,273670.27114879334
2014-06-04,277400.36259424186
2014-06-05,273652.1397560801
2014-06-06,275946.0679163302
2014-06-09,352329.5415748622
2014-06-10,356680.51280688035
2014-06-11,360478.5510513327
2014-06-12,357882.18520728906
2014-06-13,349345.6140701539
2014-06-16,362461.798659269
2014-06-17,365816.99247358064
2014-06-18,364616.62712499325
2014-06-19,371920.0871542804
2014-06-20,371143.69052960403
2014-06-23,366068.02191641164
2014-06-24,366631.1463502024
2014-06-25,362339.02237189416
2014-06-26,366705.12073150574
2014-06-27,368650.41313244525
2014-06-30,376071.6173482931
2014-07-01,377402.93869595893
2014-07-02,375701.19032571395
2014-07-03,377611.92846646043
2014-07-07,372087.64084576484
2014-07-08,363405.4086931902
2014-07-09,358904.964784226
2014-07-10,356310.1063920683
2014-07-11,356835.07421448285
2014-07-14,354793.3586729722
2014-07-15,351791.80535172
2014-07-16,350921.0899390827
2014-07-17,349242.8386780041
2014-07-18,349230.08511826687
2014-07-21,354279.7043891772
2014-07-22,352061.83231492335
2014-07-23,352427.15891930554
2014-07-24,351670.53711318766
2014-07-25,351792.629488696
2014-07-28,349796.9802940182
2014-07-29,351100.43376956484
2014-07-30,351243.25736849307
2014-07-31,350810.63042576506
2014-08-01,343334.4125932048
2014-08-04,342137.9580097023
2014-08-05,345389.8815860007
2014-08-06,339996.5806832707
2014-08-07,336041.2463259599
2014-08-08,333018.3704645519
2014-08-11,337161.3923532651
2014-08-12,337524.96535580844
2014-08-13,343182.1721202863
2014-08-14,345327.86860917625
2014-08-15,348985.10528108024
2014-08-18,352027.74813236954
2014-08-19,353572.4604073151
2014-08-20,350776.2480033373
2014-08-21,351809.30927458836
2014-08-22,353549.20415810734
2014-08-25,355384.9798747219
2014-08-26,361651.8413239043
2014-08-27,359765.5430084489
2014-08-28,359129.37807246245
2014-08-29,362533.0573452299
2014-09-02,362810.16022879333
2014-09-03,360788.63626256055
2014-09-04,364445.101498069
2014-09-05,362820.4656454237
2014-09-08,368991.3952956696
2014-09-09,368128.2876388165
2014-09-10,365082.13919766503
2014-09-11,367383.46307713864
2014-09-12,367478.8905048002
2014-09-15,359518.8490340962
2014-09-16,356896.91422330815
2014-09-17,362098.5420640844
2014-09-18,363305.35655274533
2014-09-19,363052.09878102614
2014-09-22,357352.60624402366
2014-09-23,358410.13207103213
2014-09-24,355761.07580510806
2014-09-25,358873.8112506539
2014-09-26,351530.1872259459
2014-09-29,355963.00558951
2014-09-30,353701.5532977891
2014-10-01,352940.26074268477
2014-10-02,352486.032985181
2014-10-03,350580.75971774966
2014-10-06,352180.87792693364
2014-10-07,350636.58210187685
2014-10-08,339815.98612640303
2014-10-09,342437.08038655703
2014-10-10,335071.64105909504
2014-10-13,340016.760085056
2014-10-14,335840.1551070624
2014-10-15,337589.864041899
2014-10-16,338626.88706304686
2014-10-17,333611.6990591616
2014-10-20,337835.44273448223
2014-10-21,339760.5663372611
2014-10-22,343381.4449480271
2014-10-23,348891.8587699641
2014-10-24,351419.59748083045
2014-10-27,353329.6677644948
2014-10-28,353020.52281928423
2014-10-29,354860.5141241612
2014-10-30,354049.17955318565
2014-10-31,352266.655879039
2014-11-03,355475.52770952316
2014-11-04,355651.5273409114
2014-11-05,352916.20327119663
2014-11-06,353525.0323196641
2014-11-07,347144.2468651149
2014-11-10,351647.3552380019
2014-11-11,353118.60969061207
2014-11-12,354526.44525278476
2014-11-13,349534.3001040904
2014-11-14,345794.31912051793
2014-11-17,345772.3707464039
2014-11-18,347695.84893323394
2014-11-19,344725.5407688072
2014-11-20,344367.29867000703
2014-11-21,343957.0518269993
2014-11-24,350815.033514023
2014-11-25,351835.69551387033
2014-11-26,351369.3131047776
2014-11-28,347985.0379403382
2014-12-01,344573.49256451265
2014-12-02,344088.64589837776
2014-12-03,348407.65627852
2014-12-04,344475.8392884889
2014-12-05,348983.7760869279
2014-12-08,346888.43769184325
2014-12-09,342815.5201916454
2014-12-10,342823.90431362326
2014-12-11,342404.8281512314
2014-12-12,349635.5527479754
2014-12-15,346780.3970939346
2014-12-16,347851.4565328092
2014-12-17,349459.4318116015
2014-12-18,353326.8550703848
2014-12-19,370447.95528160466
2014-12-22,363620.6580512599
2014-12-23,363619.21313745034
2014-12-24,365876.5834959556
2014-12-26,365197.58997857245
2014-12-29,364165.96514279814
2014-12-30,363313.611209113
2014-12-31,367798.1218284492
2015-01-02,362122.6947359424
2015-01-05,365939.96805349085
2015-01-06,349094.74243391055
2015-01-07,342607.573307564
2015-01-08,345613.55393681116
2015-01-09,354539.66548391094
2015-01-12,356049.46686307585
2015-01-13,340717.0135993203
2015-01-14,343325.2051975553
2015-01-15,334963.73757611215
2015-01-16,338172.3200266808
2015-01-20,338381.92848395556
2015-01-21,334237.5736646222
2015-01-22,330266.16703837615
2015-01-23,334691.0466362942
2015-01-26,337820.6783155342
2015-01-27,341481.3339688181
2015-01-28,330760.7069090834
2015-01-29,327074.97615818743
2015-01-30,324145.0267214946
2015-02-02,313762.91195538396
2015-02-03,316866.43248451257
2015-02-04,323436.8723579447
2015-02-05,326056.1768726895
2015-02-06,330948.26154022745
2015-02-09,331397.15484091523
2015-02-10,327324.11698097293
2015-02-11,331121.4263898231
2015-02-12,335047.00559678423
2015-02-13,340905.7740280781
2015-02-17,347452.4830779522
2015-02-18,348564.38737708936
2015-02-19,348147.81736959633
2015-02-20,347137.3659326821
2015-02-23,350429.35490460566
2015-02-24,349491.770973563
2015-02-25,357870.53821491275
2015-02-26,357063.42382602824
2015-02-27,355571.4129311235
2015-03-02,355092.74370051495
2015-03-03,360420.7413269839
2015-03-04,360464.4113625941
2015-03-05,359385.0892088269
2015-03-06,367858.7676372133
2015-03-09,363987.4979843968
2015-03-10,368249.6529979411
2015-03-11,363086.5107554075
2015-03-12,361353.6101448459
2015-03-13,365174.0328764999
2015-03-16,355308.69330409245
2015-03-17,374446.9062254827
2015-03-18,378368.4525167072
2015-03-19,385218.5928207092
2015-03-20,378497.5868993041
2015-03-23,380839.84424035053
2015-03-24,376834.328940346
2015-03-25,362658.3556796399
2015-03-26,359555.6131682865
2015-03-27,360323.83621168375
2015-03-30,359615.17045998015
2015-03-31,361058.0869009936
2015-04-01,356340.01786247425
2015-04-02,358106.3147626451
2015-04-06,361953.1360533845
2015-04-07,365890.079156983
2015-04-08,361189.93593711476
2015-04-09,361506.1204348473
2015-04-10,360595.65112484124
2015-04-13,365839.44707668526
2015-04-14,369961.48742095946
2015-04-15,373599.564642336
2015-04-16,373878.8253668374
2015-04-17,376650.22450928384
2015-04-20,378819.8920900867
2015-04-21,381502.6712581631
2015-04-22,376059.7969893418
2015-04-23,385079.61480507435
2015-04-24,376187.3588745268
2015-04-27,364153.56065492035
2015-04-28,357431.14506618347
2015-04-29,361875.7313424458
2015-04-30,359331.7254072634
2015-05-01,358245.96706870483
2015-05-04,364267.01263817254
2015-05-05,361826.3293163923
2015-05-06,361610.55606516526
2015-05-07,356865.9978155533
2015-05-08,356712.87746051716
2015-05-11,369806.55759129627
2015-05-12,371735.5590796245
2015-05-13,368620.74886708864
2015-05-14,362093.1030646726
2015-05-15,368006.55819269805
2015-05-18,372953.35301287356
2015-05-19,367711.9030712096
2015-05-20,369614.3592088561
2015-05-21,369606.64945270156
2015-05-22,375943.26233940525
2015-05-26,377776.52706002543
2015-05-27,374114.05091726483
2015-05-28,376526.8187951717
2015-05-29,378052.6861573069
2015-06-01,374853.7234663026
2015-06-02,379281.4424460115
2015-06-03,381895.53478162055
2015-06-04,382433.3730514082
2015-06-05,383917.6838332568
2015-06-08,383698.2730104239
2015-06-09,380475.0303503648
2015-06-10,382340.75977844757
2015-06-11,387931.69487089565
2015-06-12,386413.5980815157
2015-06-15,380636.1305722196
2015-06-16,370503.78215685487
2015-06-17,373227.801168643
2015-06-18,368537.37829823635
2015-06-19,369979.6709930199
2015-06-22,369213.5651338559
2015-06-23,374728.06479408714
2015-06-24,371236.8197787004
2015-06-25,361967.7756173733
2015-06-26,360017.88240363606
2015-06-29,358090.287999987
2015-06-30,353537.93402799644
2015-07-01,353993.5000298248
2015-07-02,354211.3111626192
2015-07-06,358500.8368406954
2015-07-07,357499.3647111977
2015-07-08,356198.30284175323
2015-07-09,352980.0059506288
2015-07-10,353748.1563258309
2015-07-13,353448.508321508
2015-07-14,360844.8976909049
2015-07-15,358827.3335984365
2015-07-16,355698.6477172061
2015-07-17,361208.1910074791
2015-07-20,356940.8820074276
2015-07-21,356826.1690020773
2015-07-22,355554.267884195
2015-07-23,353382.7383296085
2015-07-24,346319.17140253773
2015-07-27,336966.32596797036
2015-07-28,334871.00614436396
2015-07-29,333150.6885626396
2015-07-30,330166.30066825
2015-07-31,329646.74863964476
2015-08-03,325592.89548408694
2015-08-04,326664.7995240874
2015-08-05,329099.7468629595
2015-08-06,331434.50546284625
2015-08-07,327550.80865875084
2015-08-10,323816.9549618874
2015-08-11,326886.34799680876
2015-08-12,325049.89284424525
2015-08-13,324673.2586878175
2015-08-14,323388.11910731555
2015-08-17,323501.88348111935
2015-08-18,323778.007698123
2015-08-19,324571.53163921874
2015-08-20,322644.9066690118
2015-08-21,325402.9568605047
2015-08-24,312201.3966521357
2015-08-25,303484.9141911901
2015-08-26,297796.4030790563
2015-08-27,308501.0947524967
2015-08-28,318347.59453546954
2015-08-31,317809.5483524465
2015-09-01,318077.1521976153
2015-09-02,312191.1539569428
2015-09-03,314210.61468739493
2015-09-04,320561.3169566676
2015-09-08,322569.0361084831
2015-09-09,329263.11687119823
2015-09-10,320326.6750460024
2015-09-11,323747.53380081075
2015-09-14,322322.33690626227
2015-09-15,320077.3044508087
2015-09-16,319324.5080762416
2015-09-17,328239.0397020019
2015-09-18,330827.39638192527
2015-09-21,320450.19296083064
2015-09-22,316522.3628857593
2015-09-23,314765.0148369269
2015-09-24,312385.97858594486
2015-09-25,298341.3708591289
2015-09-28,288018.07838558266
2015-09-29,277353.50942540035
2015-09-30,274277.1130338773
2015-10-01,268929.1149071489
2015-10-02,272622.6037974897
2015-10-05,277736.4621778321
2015-10-06,278123.765142844
2015-10-07,283381.66779604694
2015-10-08,283669.64616987715
2015-10-09,286701.45852412604
2015-10-12,285505.07683510135
2015-10-13,280094.88949592935
2015-10-14,276622.7776902627
2015-10-15,283361.8646782968
2015-10-16,283586.7140013714
2015-10-19,282552.7206863474
2015-10-20,275988.92309189937
2015-10-21,271772.6989875453
2015-10-22,267651.18437933165
2015-10-23,271974.94437787216
2015-10-26,273322.7352444318
2015-10-27,267112.998312258
2015-10-28,277055.00573423156
2015-10-29,277029.1310041563
2015-10-30,276567.5576627264
2015-11-02,284384.31729204045
2015-11-03,290096.46243944566
2015-11-04,293148.38856134523
2015-11-05,288197.1475586666
2015-11-06,289339.72497046593
2015-11-09,288643.4749160942
2015-11-10,282937.7587110093
2015-11-11,277668.9030350715
2015-11-12,274787.1841631172
2015-11-13,270533.8512334663
2015-11-16,262095.47465158248
2015-11-17,263697.76970076864
2015-11-18,267398.80489410175
2015-11-19,271739.66976394824
2015-11-20,273830.8663280975
2015-11-23,279508.3036178788
2015-11-24,280270.2925530593
2015-11-25,287112.38479451096
2015-11-27,288846.8223826918
2015-11-30,289557.86486078193
2015-12-01,285938.455438089
2015-12-02,289664.6909974371
2015-12-03,279176.72615246585
2015-12-04,268143.4822510002
2015-12-07,267079.7706619098
2015-12-08,266848.1128220513
2015-12-09,260962.27830811474
2015-12-10,259197.92934979135
2015-12-11,256991.95853643282
2015-12-14,245015.10282323544
2015-12-15,250220.91254046524
2015-12-16,255310.23309285176
2015-12-17,259077.7297013047
2015-12-18,259829.15064568
2015-12-21,254888.8383303065
2015-12-22,253699.49761532512
2015-12-23,258746.51961914115
2015-12-24,263527.22669349704
2015-12-28,260050.2625105473
2015-12-29,261941.54082543417
2015-12-30,265417.55723505915
2015-12-31,259694.54562798218
2016-01-04,257014.41736245868
2016-01-05,257381.70926400358
2016-01-06,253450.05760780038
2016-01-07,247814.49227073806
2016-01-08,243835.7768969185
2016-01-11,239410.33927740157
2016-01-12,234479.05410057306
2016-01-13,230298.37151469124
2016-01-14,227688.389723823
2016-01-15,228062.00321714804
2016-01-19,219163.96706111313
2016-01-20,222582.119594678
2016-01-21,217318.69967262467
2016-01-22,220632.56009383508
2016-01-25,219414.3465608448
2016-01-26,221264.9216329502
2016-01-27,220729.65317724325
2016-01-28,219959.19265504295
2016-01-29,222732.3616235228
2016-02-01,223520.3100188954
2016-02-02,218047.094485341
2016-02-03,216726.6546800977
2016-02-04,219173.97961035796
2016-02-05,217384.43097848332
2016-02-08,211043.2701561191
2016-02-09,205151.34623852576
2016-02-10,209406.95944769584
2016-02-11,209930.84605849304
2016-02-12,208462.0712793222
2016-02-16,211089.69274958014
2016-02-17,215348.74736642605
2016-02-18,217192.30706968196
2016-02-19,218799.52170462202
2016-02-22,219227.4847604968
2016-02-23,219512.84880282995
2016-02-24,218326.89693789434
2016-02-25,218170.47861111478
2016-02-26,225771.01833069968
2016-02-29,228769.7169505997
2016-03-01,224757.1843695177
2016-03-02,232937.62860847387
2016-03-03,233225.4948535585
2016-03-04,236000.05442438202
2016-03-07,243606.47877754754
2016-03-08,237217.91058549366
2016-03-09,235965.28058052517
2016-03-10,232106.51257493626
2016-03-11,231915.498551324
2016-03-14,235373.21735061263
2016-03-15,228865.94607467967
2016-03-16,227978.08051315232
2016-03-17,227377.89978595043
2016-03-18,230302.0623040301
2016-03-21,231126.51916252496
2016-03-22,229720.3728547377
2016-03-23,227654.63860921972
2016-03-24,227119.64157903034
2016-03-28,225625.70505767417
2016-03-29,227002.67563126326
2016-03-30,227825.43263056455
2016-03-31,226646.68327641953
2016-04-01,222206.23985409967
2016-04-04,225360.0508176774
2016-04-05,227448.84067901806
2016-04-06,227400.31651199385
2016-04-07,230027.05087930683
2016-04-08,225808.31179060985
2016-04-11,225507.0618235925
2016-04-12,226179.49848775085
2016-04-13,233600.85751768356
2016-04-14,239720.15426501795
2016-04-15,237789.3673062493
2016-04-18,237327.00324374257
2016-04-19,237474.81062907263
2016-04-20,239934.52417259128
2016-04-21,244569.28585268336
2016-04-22,246326.78858109788
2016-04-25,243412.9780417154
2016-04-26,241425.51463795733
2016-04-27,240592.76370121737
2016-04-28,239919.13389613692
2016-04-29,238723.41955951115
2016-05-02,233584.9907619995
2016-05-03,236554.95069385954
2016-05-04,230704.334673703
2016-05-05,225403.59608310048
2016-05-06,224527.38604454906
2016-05-09,228526.19957639047
2016-05-10,228219.46173466565
2016-05-11,232960.0411404018
2016-05-12,222912.32030371923
2016-05-13,224437.76290986827
2016-05-16,226090.23583678005
2016-05-17,230896.25116620824
2016-05-18,227605.20524422388
2016-05-19,229811.84910998176
2016-05-20,232463.4940704395
2016-05-23,243371.06951583838
2016-05-24,243019.22318743766
2016-05-25,252091.36293487166
2016-05-26,250196.67405492504
2016-05-27,249325.7681593788
2016-05-31,254297.51921415675
2016-06-01,254001.0370216234
2016-06-02,253574.62528994217
2016-06-03,252846.05556112595
2016-06-06,252616.6683744802
2016-06-07,252908.12639133932
2016-06-08,253640.89621732282
2016-06-09,250912.94363783783
2016-06-10,247359.7053719118
2016-06-13,242443.93963865534
2016-06-14,238160.09248148894
2016-06-15,239296.968702569
2016-06-16,237679.04901457918
2016-06-17,237494.95253018063
2016-06-20,236707.5182143077
2016-06-21,236656.30899131627
2016-06-22,234214.6956123706
2016-06-23,233684.47334567932
2016-06-24,244099.1832363668
2016-06-27,227270.7264672666
2016-06-28,222887.5286201261
2016-06-29,227167.34685136421
2016-06-30,226142.50561535574
2016-07-01,230405.66388701866
2016-07-05,229884.15813310668
2016-07-06,228891.85276638428
2016-07-07,229365.77606127213
2016-07-08,230226.9544300376
2016-07-11,233607.54499593814
2016-07-12,236589.9851218934
2016-07-13,237300.47470517928
2016-07-14,233648.50040626014
2016-07-15,233572.30698102913
2016-07-18,234551.29111639273
2016-07-19,232588.225501615
2016-07-20,234317.59385613995
2016-07-21,235930.40427082888
2016-07-22,236278.48982238755
2016-07-25,237198.58873156647
2016-07-26,237218.28232333687
2016-07-27,236639.06047251355
2016-07-28,235541.58974530513
2016-07-29,235493.35563126326
2016-08-01,235454.79634511535
2016-08-02,235223.01155142635
2016-08-03,235794.5646718162
2016-08-04,237563.1096710252
2016-08-05,238465.41159049494
2016-08-08,247683.94786769428
2016-08-09,245080.21381982314
2016-08-10,242224.80200487835
2016-08-11,243931.87972222667
2016-08-12,246299.97729989284
2016-08-15,241937.07008110353
2016-08-16,243448.73407619368
2016-08-17,240031.7668926859
2016-08-18,240677.2588286034
2016-08-19,241430.49386077124
2016-08-22,242313.2739788244
2016-08-23,243478.49819100767
2016-08-24,245264.03735252636
2016-08-25,242722.76077284812
2016-08-26,246454.7164832251
2016-08-29,245310.45546097527
2016-08-30,250773.91797170328
2016-08-31,251465.312836385
2016-09-01,249195.31804477837
2016-09-02,252938.8176435795
2016-09-06,253030.95230314948
2016-09-07,256361.66265082743
2016-09-08,257458.44938166218
2016-09-09,257103.45332941352
2016-09-12,249473.1180578137
2016-09-13,253334.6480319311
2016-09-14,249670.84902747095
2016-09-15,248121.67376916364
2016-09-16,252727.4323451451
2016-09-19,254006.55326478783
2016-09-20,252650.49277806818
2016-09-21,253188.21982439284
2016-09-22,256103.1464161207
2016-09-23,259520.5165761625
2016-09-26,253865.3048442571
2016-09-27,255214.82530505737
2016-09-28,254995.64654328368
2016-09-29,252684.2849061503
2016-09-30,248496.68555800396
2016-10-03,251361.9297606609
2016-10-04,247875.66024090335
2016-10-05,247673.03834971073
2016-10-06,245922.81938587868
2016-10-07,246943.4259380274
2016-10-10,250111.79218286954
2016-10-11,250560.9721669664
2016-10-12,240977.48536029176
2016-10-13,241179.72109053255
2016-10-14,233887.05293601996
2016-10-17,236904.21464843713
2016-10-18,234076.45002467706
2016-10-19,235239.3021190612
2016-10-20,237023.11741305492
2016-10-21,236175.00964979272
2016-10-24,233891.0504472971
2016-10-25,233507.8133769628
2016-10-26,229653.34749891414
2016-10-27,227959.62245932265
2016-10-28,225925.04143650495
2016-10-31,224504.14279528294
2016-11-01,225747.03123022252
2016-11-02,220861.17077016158
2016-11-03,214769.11121507123
2016-11-04,216429.2255965766
2016-11-07,214601.25790893997
2016-11-08,218917.27966573677
2016-11-09,222168.46926957567
2016-11-10,228778.82990827036
2016-11-11,231462.49919164754
2016-11-14,233066.5986788242
2016-11-15,229103.99285994994
2016-11-16,236485.06069062251
2016-11-17,234869.126788672
2016-11-18,236755.65927751554
2016-11-21,234150.79671169614
2016-11-22,236395.30702083302
2016-11-23,238566.15450430065
2016-11-25,237180.65514080538
2016-11-28,242530.8840016652
2016-11-29,242889.8237029399
2016-11-30,239083.57740343048
2016-12-01,232188.3512047242
2016-12-02,233869.6769579786
2016-12-05,237464.1633013271
2016-12-06,239266.16642749406
2016-12-07,238556.0462635505
2016-12-08,243745.37445636012
2016-12-09,243466.30516699926
2016-12-12,243168.39248169478
2016-12-13,240595.62336122993
2016-12-14,244711.37307097114
2016-12-15,243176.57120118797
2016-12-16,245639.3703503382
2016-12-19,245725.16819577137
2016-12-20,246420.8907443612
2016-12-21,247368.72392618496
2016-12-22,245669.22541945335
2016-12-23,248666.11997827873
2016-12-27,246679.0518127718
2016-12-28,253095.98980393767
2016-12-29,249797.0564273449
2016-12-30,247186.56646978317
2017-01-03,246469.85552431474
2017-01-04,253276.39810793404
2017-01-05,253394.61789077794
2017-01-06,249983.69611847648
2017-01-09,250765.91668935854
2017-01-10,250554.16327095122
2017-01-11,250783.1378279086
2017-01-12,248227.28262340123
2017-01-13,248405.8860572127
2017-01-17,245420.50892486662
2017-01-18,242721.5346717571
2017-01-19,240986.01225429846
2017-01-20,239145.87686532945
2017-01-23,241487.85219822952
2017-01-24,240878.7303024572
2017-01-25,242077.82949128625
2017-01-26,243569.04886846512
2017-01-27,242435.25229999865
2017-01-30,238870.11712811142
2017-01-31,240260.4527519926
2017-02-01,243048.75119603844
2017-02-02,241948.22849438436
2017-02-03,244668.70588949605
2017-02-06,246700.15997333787
2017-02-07,245597.93139980448
2017-02-08,244788.22093126734
2017-02-09,249772.91944166302
2017-02-10,257572.9427681276
2017-02-13,254944.78066327257
2017-02-14,255402.26809139497
2017-02-15,260061.60283493754
2017-02-16,260960.05703739577
2017-02-17,262043.00318017148
2017-02-21,265605.85006444954
2017-02-22,266651.6374401462
2017-02-23,266883.34654046193
2017-02-24,265324.33106975694
2017-02-27,269692.5354582472
2017-02-28,272989.2027324824
2017-03-01,263934.19587220816
2017-03-02,270402.90218601155
2017-03-03,266981.0879910066
2017-03-06,266093.0270827039
2017-03-07,265177.8478688343
2017-03-08,263778.94650686503
2017-03-09,260919.84168522042
2017-03-10,259576.59125311577
2017-03-13,262825.82424022397
2017-03-14,257569.29065563102
2017-03-15,255016.8360111025
2017-03-16,259570.73435986886
2017-03-17,261542.66383357113
2017-03-20,263689.77201137
2017-03-21,260404.37196871033
2017-03-22,261173.8941511319
2017-03-23,263662.4169161423
2017-03-24,265032.0299902271
2017-03-27,266227.77891381
2017-03-28,265481.4712211697
2017-03-29,270582.5408917399
2017-03-30,269565.10799893807
2017-03-31,270500.3599062677
2017-04-03,268381.0701605863
2017-04-04,263938.73489201406
2017-04-05,259865.7559146184
2017-04-06,258742.26241551628
2017-04-07,259068.04202611424
2017-04-10,257604.96469300837
2017-04-11,259921.78980045312
2017-04-12,259191.8987998244
2017-04-13,256194.84899336132
2017-04-17,250355.39401433835
2017-04-18,254991.69467061697
2017-04-19,253864.61026766212
2017-04-20,251553.96161452244
2017-04-21,255317.0708935775
2017-04-24,252090.1497363164
2017-04-25,253769.52106955618
2017-04-26,259210.27333451563
2017-04-27,259883.97076333695
2017-04-28,246530.5940095735
2017-05-01,242966.6667546804
2017-05-02,243646.07994603456
2017-05-03,243800.20743492123
2017-05-04,234906.2696546039
2017-05-05,238974.97499752793
2017-05-08,236636.327841184
2017-05-09,235586.5519033449
2017-05-10,235544.80305254523
2017-05-11,235076.24635413117
2017-05-12,229987.29533216805
2017-05-15,228711.9422107332
2017-05-16,225318.76794356838
2017-05-17,223885.16067054926
2017-05-18,217039.09302646355
2017-05-19,218423.48724316023
2017-05-22,220872.79437629777
2017-05-23,220399.45522144358
2017-05-24,218567.58927943086
2017-05-25,216205.6683609127
2017-05-26,219605.0962275593
2017-05-30,213411.07826772128
2017-05-31,213018.67656420608
2017-06-01,214976.17250558155
2017-06-02,217481.13266541122
2017-06-05,215945.50874570553
2017-06-06,217758.91872363508
2017-06-07,213028.95347725038
2017-06-08,216058.17194423307
2017-06-09,218796.82435373476
2017-06-12,219356.51869759453
2017-06-13,222764.86035860045
2017-06-14,226991.4129561933
2017-06-15,226148.95847303464
2017-06-16,224687.02481721676
2017-06-19,230349.93498558408
2017-06-20,229464.7523179914
2017-06-21,233552.41467340544
2017-06-22,235213.51867965388
2017-06-23,241132.86636061285
2017-06-26,238516.5406646864
2017-06-27,243916.26674704743
2017-06-28,239614.77360910288
2017-06-29,246674.8035016201
2017-06-30,234812.31577953874
2017-07-03,236164.58413025935
2017-07-05,233889.50209933653
2017-07-06,235256.1051004456
2017-07-07,231261.36701659262
2017-07-10,231377.25596802132
2017-07-11,231264.67893179663
2017-07-12,231148.43158511748
2017-07-13,231544.90780037263
2017-07-14,232964.17355550197
2017-07-17,233633.7012478948
2017-07-18,234496.7204828261
2017-07-19,233983.94958590614
2017-07-20,234846.53496665545
2017-07-21,233214.86847970754
2017-07-24,231497.5560563637
2017-07-25,232326.313892726
2017-07-26,237659.35537475708
2017-07-27,233351.88897875205
2017-07-28,233841.5663846714
2017-07-31,232643.16607202176
2017-08-01,228238.7210669633
2017-08-02,224072.31132442073
2017-08-03,224146.63507503158
2017-08-04,226930.05980518562
2017-08-07,224566.01298471162
2017-08-08,224752.46143897483
2017-08-09,223154.3883838242
2017-08-10,221422.06502779413
2017-08-11,220009.08634446154
2017-08-14,222102.2993280955
2017-08-15,224469.22761464893
2017-08-16,224422.3340361582
2017-08-17,227139.23814727567
2017-08-18,225400.32674442962
2017-08-21,224012.70904290726
2017-08-22,224452.55359068786
2017-08-23,227659.32479606854
2017-08-24,229549.15493892852
2017-08-25,228442.3592321549
2017-08-28,229994.65709356853
2017-08-29,230577.4687261917
2017-08-30,229228.5593992858
2017-08-31,226978.2125367206
2017-09-01,229467.74870122134
2017-09-05,229560.43097614576
2017-09-06,233109.15003741256
2017-09-07,236584.8593230702
2017-09-08,233822.8176293005
2017-09-11,234239.52833373743
2017-09-12,238886.49453375005
2017-09-13,240397.17358978867
2017-09-14,238814.85353022857
2017-09-15,237650.00871559
2017-09-18,238558.32865567433
2017-09-19,231667.97209438964
2017-09-20,231168.3370230684
2017-09-21,230032.38739378646
2017-09-22,228259.13184257798
2017-09-25,229335.7326221969
2017-09-26,231252.29361804787
2017-09-27,231617.27212002728
2017-09-28,234813.2650241782
2017-09-29,237759.2010146558
2017-10-02,238943.06139893873
2017-10-03,239608.20428968655
2017-10-04,239482.6482561469
2017-10-05,236903.10974843134
2017-10-06,237785.72432736776
2017-10-09,237832.5156848104
2017-10-10,236556.26505340493
2017-10-11,235455.0570169305
2017-10-12,234685.05513142358
2017-10-13,234058.57013818133
2017-10-16,233315.70964424513
2017-10-17,230409.9133625824
2017-10-18,227200.5363904902
2017-10-19,224291.73261200145
2017-10-20,225503.60249540425
2017-10-23,227584.11073872028
2017-10-24,224776.38936887978
2017-10-25,223962.10373853322
2017-10-26,224767.34154007758
2017-10-27,223605.43315072634
2017-10-30,226591.394438114
2017-10-31,224570.32540549294
2017-11-01,222489.39728091125
2017-11-02,223400.01691676764
2017-11-03,222804.0977921568
2017-11-06,223586.19982268303
2017-11-07,224612.50221140933
2017-11-08,227793.26229769154
2017-11-09,228988.93956145472
2017-11-10,233478.84996746856
2017-11-13,229662.10728610793
2017-11-14,231066.60942414915
2017-11-15,234157.3435449222
2017-11-16,238314.3453048474
2017-11-17,245257.78686414735
2017-11-20,244892.85426531825
2017-11-21,244031.47490579283
2017-11-22,245734.47953593422
2017-11-24,247611.33924060065
2017-11-27,248820.917067194
2017-11-28,246777.55234181415
2017-11-29,245290.52263071432
2017-11-30,247628.88430445644
2017-12-01,247799.6892022743
2017-12-04,244261.8009153188
2017-12-05,243855.1553140752
2017-12-06,246613.09647502797
2017-12-07,243377.00742458645
2017-12-08,253350.15560019657
2017-12-11,255684.40809838337
2017-12-12,253103.36000982113
2017-12-13,256986.1373351074
2017-12-14,255829.16425747907
2017-12-15,253354.2199892544
2017-12-18,256670.75088579592
2017-12-19,256865.67881388485
2017-12-20,255211.20802357586
2017-12-21,258334.15356568008
2017-12-22,256593.70781321736
2017-12-26,260106.47477132085
2017-12-27,258551.64555948635
2017-12-28,259808.36051944247
2017-12-29,255068.80706490975
2018-01-02,263303.5496035545
2018-01-03,265159.68059127365
2018-01-04,269841.92726674606
2018-01-05,264291.84615130717
2018-01-08,264111.7296062966
2018-01-09,265007.0993048148
2018-01-10,267061.61986271053
2018-01-11,270628.661818252
2018-01-12,272326.66511551157
2018-01-16,269265.8458323086
2018-01-17,267752.91720585653
2018-01-18,269532.5604274302
2018-01-19,271892.584505568
2018-01-22,275549.1577615324
2018-01-23,277698.3344390217
2018-01-24,276128.7750167286
2018-01-25,277778.02005448454
2018-01-26,274058.5998090408
2018-01-29,274575.8742395855
2018-01-30,271772.8011109045
2018-01-31,263529.8749231182
2018-02-01,264669.92412467324
2018-02-02,263800.7252723135
2018-02-05,261362.3813351703
2018-02-06,245901.9932155175
2018-02-07,254660.34211050745
2018-02-08,251433.20898883254
2018-02-09,245264.0254639122
2018-02-12,247656.91464957135
2018-02-13,253687.50180205386
2018-02-14,255643.2872900852
2018-02-15,264391.8578883114
2018-02-16,266903.6617454741
2018-02-20,268418.1901131692
2018-02-21,267353.20609827444
2018-02-22,263868.7746468403
2018-02-23,263277.3420555254
2018-02-26,268986.1685209629
2018-02-27,268865.7093086314
2018-02-28,265590.7154093933
2018-03-01,264835.76488858473
2018-03-02,265037.34348336083
2018-03-05,272414.03095241386
2018-03-06,271411.6487147461
2018-03-07,276880.9696387483
2018-03-08,274562.4369121142
2018-03-09,274966.2748351349
2018-03-12,279662.35090253316
2018-03-13,280632.19527075754
2018-03-14,280249.6593712357
2018-03-15,271710.64799609827
2018-03-16,271309.8246524293
2018-03-19,268755.245198428
2018-03-20,263077.9502832342
2018-03-21,265327.03375707305
2018-03-22,266202.68888494757
2018-03-23,258531.7612650626
2018-03-26,249502.36862152207
2018-03-27,255363.6894716253
2018-03-28,251254.08724707892
2018-03-29,250447.1022380647
2018-04-02,248366.2116632777
2018-04-03,250357.07946205742
2018-04-04,252664.31221246492
2018-04-05,257511.46950042527
2018-04-06,262386.6212871169
2018-04-09,251475.78274838327
2018-04-10,250533.04072583755
2018-04-11,253606.64098340156
2018-04-12,252319.38811326778
2018-04-13,250518.396605299
2018-04-16,246442.56262536123
2018-04-17,248318.2868889923
2018-04-18,252726.704829033
2018-04-19,248644.04313600765
2018-04-20,250322.00251715336
2018-04-23,246175.400210661
2018-04-24,245666.06239508913
2018-04-25,242294.33612975315
2018-04-26,243575.13641087082
2018-04-27,247137.3208036578
2018-04-30,249128.52484836773
2018-05-01,248062.94900401123
2018-05-02,253591.3878057549
2018-05-03,247602.17590526535
2018-05-04,247862.28128672828
2018-05-07,252606.84645361855
2018-05-08,253614.82772019226
2018-05-09,260229.94021806767
2018-05-10,259254.05432479264
2018-05-11,263811.35329993715
2018-05-14,265259.09873735154
2018-05-15,268461.40383976424
2018-05-16,269408.96732084436
2018-05-17,271477.6616905128
2018-05-18,272857.4100211064
2018-05-21,269346.68049054075
2018-05-22,264772.96627263917
2018-05-23,262753.1481428131
2018-05-24,262859.35178405175
2018-05-25,255374.50572774786
2018-05-29,258655.8632570733
2018-05-30,258047.0157810424
2018-05-31,258463.7421752195
2018-06-01,259521.6176252893
2018-06-04,258935.68498609823
2018-06-05,262703.0666032682
2018-06-06,264006.29611645924
2018-06-07,267871.71189425606
2018-06-08,272696.9533330616
2018-06-11,279653.4693075019
2018-06-12,281555.5114591118
2018-06-13,284082.2360897515
2018-06-14,285353.3622533719
2018-06-15,289809.97924281185
2018-06-18,291905.6153666439
2018-06-19,293841.4590278824
2018-06-20,295406.6900511279
2018-06-21,287999.1219321763
2018-06-22,290870.062213607
2018-06-25,293690.05117772653
2018-06-26,290614.38725588017
2018-06-27,286717.3091751814
2018-06-28,282156.3182714799
2018-06-29,280360.0537714972
2018-07-02,282393.81643083534
2018-07-03,284342.3966982815
2018-07-05,286599.76819322
2018-07-06,287812.41600291006
2018-07-09,295083.0984249955
2018-07-10,293680.6761425464
2018-07-11,290466.4505747049
2018-07-12,288636.0728420414
2018-07-13,287573.44976425613
2018-07-16,284630.44487259665
2018-07-17,279528.6237090665
2018-07-18,278264.86337395635
2018-07-19,279490.46369667177
2018-07-20,277337.8806267855
2018-07-23,278436.2521505843
2018-07-24,274219.7409588461
2018-07-25,270909.3824288641
2018-07-26,271112.2062145302
2018-07-27,268619.6196072319
2018-07-30,264380.5691689138
2018-07-31,269879.6824757406
2018-08-01,266913.4610885329
2018-08-02,266022.94514055207
2018-08-03,263975.1357666258
2018-08-06,268178.9958403543
2018-08-07,267241.3722280028
2018-08-08,267195.84637059114
2018-08-09,265588.27425683057
2018-08-10,267051.47785777977
2018-08-13,266913.0107387613
2018-08-14,265412.4938656311
2018-08-15,263293.7632924238
2018-08-16,262504.2342180038
2018-08-17,265595.2858574435
2018-08-20,264669.03852417757
2018-08-21,268424.8092093081
2018-08-22,272519.8601226028
2018-08-23,274320.12986219424
2018-08-24,270113.0285528532
2018-08-27,262812.407650921
2018-08-28,266542.5561040603
2018-08-29,268322.1605721053
2018-08-30,272662.0419407525
2018-08-31,276894.33223313343
2018-09-04,277830.410017763
2018-09-05,280206.07159403
2018-09-06,275709.27063292236
2018-09-07,275483.6492412384
2018-09-10,277499.6212099089
2018-09-11,276829.4710916732
2018-09-12,276887.5365308655
2018-09-13,276625.0676020653
2018-09-14,277101.4210001758
2018-09-17,270901.76019753254
2018-09-18,275037.1703286509
2018-09-19,276828.99807556596
2018-09-20,277336.78222733235
2018-09-21,279016.9282342532
2018-09-24,281078.255581476
2018-09-25,281481.94353009824
2018-09-26,276901.2769359588
2018-09-27,277007.99484835105
2018-09-28,279683.82508073375
2018-10-01,279460.54964290035
2018-10-02,278414.8896888823
2018-10-03,280326.52905791666
2018-10-04,273720.9874149782
2018-10-05,267355.63099724863
2018-10-08,261873.7963835489
2018-10-09,258908.54089704299
2018-10-10,260319.8229938493
2018-10-11,256326.78962039933
2018-10-12,255853.39244772765
2018-10-15,257851.5910254574
2018-10-16,256365.5577770676
2018-10-17,259965.92733061998
2018-10-18,260151.0052889606
2018-10-19,253623.71596428764
2018-10-22,251968.8318075329
2018-10-23,246858.46924823197
2018-10-24,238277.37347122512
2018-10-25,231587.28268602092
2018-10-26,238134.85660662095
2018-10-29,234189.5221218526
2018-10-30,227023.08857449066
2018-10-31,234600.58715220285
2018-11-01,240656.7423735717
2018-11-02,245234.56706057047
2018-11-05,244465.80655057487
2018-11-06,241188.34598407056
2018-11-07,245504.52869179874
2018-11-08,249762.4769182763
2018-11-09,241505.28577665507
2018-11-12,235515.10725164664
2018-11-13,233993.08276929715
2018-11-14,234070.5706756634
2018-11-15,234443.54968055623
2018-11-16,239978.1407767415
2018-11-19,240944.85406617986
2018-11-20,235509.52890826983
2018-11-21,236024.70253337827
2018-11-23,243150.7545211215
2018-11-26,237965.6311435838
2018-11-27,236835.84232228322
2018-11-28,243564.4290389928
2018-11-29,248912.89802415305
2018-11-30,252129.42069628503
2018-12-03,255302.26783124768
2018-12-04,258019.11133439807
2018-12-06,250079.4991971727
2018-12-07,252708.04281953876
2018-12-10,245466.86771769132
2018-12-11,245033.03789491623
2018-12-12,248938.7080543958
2018-12-13,255448.22137294072
2018-12-14,257012.00289215439
2018-12-17,247208.04549281782
2018-12-18,236332.25299377064
2018-12-19,228291.71449431044
2018-12-20,218453.09303944415
2018-12-21,213999.25524251477
2018-12-24,208305.8357846304
2018-12-26,197465.04427409507
2018-12-27,210353.76820486932
2018-12-28,214462.00098791637
2018-12-31,208268.66092215476
2019-01-02,216177.4105914395
2019-01-03,218426.45829298583
2019-01-04,214136.0836335118
2019-01-07,224826.08469864514
2019-01-08,223187.2965966804
2019-01-09,225748.77617575647
2019-01-10,226307.322577789
2019-01-11,229395.15535889805
2019-01-14,229032.05149731878
2019-01-15,223594.42122309236
2019-01-16,227556.36846888624
2019-01-17,227124.98354100215
2019-01-18,226948.6025824145
2019-01-22,228193.83609732514
2019-01-23,223606.62675787605
2019-01-24,227530.8734097579
2019-01-25,227633.88785122504
2019-01-28,228265.3489201254
2019-01-29,225920.16498456406
2019-01-30,224477.63593406405
2019-01-31,225996.52012349354
2019-02-01,229758.01200022936
2019-02-04,233056.93268248267
2019-02-05,230465.88970963235
2019-02-06,230213.71590580154
2019-02-07,228996.91368835635
2019-02-08,227604.83538154644
2019-02-11,228000.2045910189
2019-02-12,225589.01951843625
2019-02-13,228334.5328587994
2019-02-14,234155.39936367323
2019-02-15,233446.75077452965
2019-02-19,238240.27264790694
2019-02-20,241392.20068570928
2019-02-21,244073.98186434119
2019-02-22,244927.11574385615
2019-02-25,249044.02321245172
2019-02-26,249626.5575720278
2019-02-27,252056.86777765787
2019-02-28,250795.95068325454
2019-03-01,252283.60376325334
2019-03-04,257579.0551586765
2019-03-05,253573.2011918484
2019-03-06,247141.02843363973
2019-03-07,248603.49439965645
2019-03-08,248413.3850573206
2019-03-11,247696.94839703324
2019-03-12,249882.45467027498
2019-03-13,252316.26602802493
2019-03-14,251357.20373611417
2019-03-15,252135.52907918225
2019-03-18,255880.78591191652
2019-03-19,249863.17067124366
2019-03-20,251733.53546291063
2019-03-21,249343.17336691677
2019-03-22,248729.8435924808
2019-03-25,244220.42600802888
2019-03-26,244821.9232030967
2019-03-27,243543.3936943516
2019-03-28,243483.35363367246
2019-03-29,240972.11425257224
2019-04-01,244944.2558210368
2019-04-02,249788.26979800197
2019-04-03,250988.4167148025
2019-04-04,251836.2763764608
2019-04-05,257101.57466753095
2019-04-08,260674.9463502356
2019-04-09,261756.4418661576
2019-04-10,258386.08947706025
2019-04-11,259741.37901546678
2019-04-12,259185.95184525274
2019-04-15,263470.0817874554
2019-04-16,267081.5327271704
2019-04-17,263653.8089148802
2019-04-18,264053.6237718957
2019-04-22,268619.2457003837
2019-04-23,269487.77552188473
2019-04-24,266145.23980868113
2019-04-25,264227.09856928675
2019-04-26,265197.23215203994
2019-04-29,273743.159154782
2019-04-30,269833.1465185367
2019-05-01,270180.4540974522
2019-05-02,266409.51275253075
2019-05-03,264116.5178924705
2019-05-06,266849.55954128806
2019-05-07,265325.61155095586
2019-05-08,265627.18804590503
2019-05-09,252171.16213939353
2019-05-10,251414.90541951123
2019-05-13,251520.17553561466
2019-05-14,246430.42087717142
2019-05-15,246477.30175545524
2019-05-16,240745.69787743836
2019-05-17,242986.5280178947
2019-05-20,238946.05241376674
2019-05-21,235627.00000338184
2019-05-22,237870.55633811568
2019-05-23,234364.238135768
2019-05-24,234887.47703831064
2019-05-28,236037.59414249234
2019-05-29,240452.28843259005
2019-05-30,238236.38247000574
2019-05-31,239993.2709833032
2019-06-03,235135.7435254869
2019-06-04,232347.21159860582
2019-06-05,230256.06377379358
2019-06-06,246783.986118001
2019-06-07,259687.8696168851
2019-06-10,260062.87046702305
2019-06-11,256052.97029459814
2019-06-12,253412.76759643143
2019-06-13,250993.42924019467
2019-06-14,249085.64659840113
2019-06-17,254183.2048209065
2019-06-18,254047.2730321374
2019-06-19,253508.6875457903
2019-06-20,252961.47220716436
2019-06-21,257441.48314804467
2019-06-24,252266.41444768177
2019-06-25,251081.4933410396
2019-06-26,249880.58212020333
2019-06-27,253852.24111180223
2019-06-28,255561.6801423354
2019-07-01,253119.85708620015
2019-07-02,253117.36614879442
2019-07-03,254292.65535441792
2019-07-05,257847.2748608556
2019-07-08,255601.60674311584
2019-07-09,259243.81374719896
2019-07-10,260623.60827177466
2019-07-11,261226.91530705008
2019-07-12,260189.2537997214
2019-07-15,261884.69761982534
2019-07-16,258899.64836923566
2019-07-17,254612.88590253674
2019-07-18,245738.05531956148
2019-07-19,244059.9204974063
2019-07-22,242442.32723786947
2019-07-23,241004.50511373504
2019-07-24,246195.30508907855
2019-07-25,243232.73232775307
2019-07-26,239689.07503532668
2019-07-29,237968.0745232215
2019-07-30,239762.54387516028
2019-07-31,241311.18671455572
2019-08-01,237338.39010858457
2019-08-02,233537.4888149482
2019-08-05,228455.35516716776
2019-08-06,225581.75475571214
2019-08-07,229176.71385167947
2019-08-08,226191.47967855333
2019-08-09,234025.91416007048
2019-08-12,235053.63501498982
2019-08-13,233909.9964692206
2019-08-14,242787.45616133042
2019-08-15,235095.96930475233
2019-08-16,236531.48790991245
2019-08-19,248647.56710577957
2019-08-20,250695.25514997414
2019-08-21,250848.9358002862
2019-08-22,252856.78753840228
2019-08-23,254367.75349888383
2019-08-26,247034.60262348296
2019-08-27,248392.3498963794
2019-08-28,248126.875536582
2019-08-29,245641.61559532248
2019-08-30,245972.96415085395
2019-09-03,244898.60892973046
2019-09-04,241448.51529530608
2019-09-05,241374.18586402526
2019-09-06,242790.790001537
2019-09-09,243640.1711069207
2019-09-10,249228.25123857564
2019-09-11,248299.27190132265
2019-09-12,251114.7254988109
2019-09-13,252005.62979640652
2019-09-16,254213.3886223878
2019-09-17,250937.9313650587
2019-09-18,249759.66770345773
2019-09-19,244374.83533134384
2019-09-20,247058.78635490366
2019-09-23,244489.4485297965
2019-09-24,242975.40091508406
2019-09-25,236008.66190335384
2019-09-26,234381.3115876204
2019-09-27,230004.81861101175
2019-09-30,227181.2643757422
2019-10-01,222026.21845793037
2019-10-02,219772.09911784882
2019-10-03,216246.67916724394
2019-10-04,216825.71682823024
2019-10-07,222028.80856247453
2019-10-08,217163.13846734058
2019-10-09,210532.33524472214
2019-10-10,208900.55759510503
2019-10-11,208410.4826232497
2019-10-14,211530.68979280317
2019-10-15,212085.89681172764
2019-10-16,213598.5875779364
2019-10-17,215685.60546335712
2019-10-18,221358.6618840846
2019-10-21,221816.29389801726
2019-10-22,222613.49262813877
2019-10-23,223893.3379690645
2019-10-24,224920.16331974513
2019-10-25,228176.7973604938
2019-10-28,230006.69904356243
2019-10-29,233727.10162402253
2019-10-30,233581.2905029502
2019-10-31,236447.59783765848
2019-11-01,237242.67300259075
2019-11-04,243056.84987941157
2019-11-05,244952.83337247404
2019-11-06,244392.66625988574
2019-11-07,257269.26104936172
2019-11-08,266337.48239563673
2019-11-11,262596.2800130777
2019-11-12,262271.09483221086
2019-11-13,267175.43841855536
2019-11-14,267773.9750621981
2019-11-15,268102.1192635324
2019-11-18,347270.37061675085
2019-11-19,378847.42756424844
2019-11-20,367217.24115020107
2019-11-21,331065.94730786054
2019-11-22,327416.4851710038
2019-11-25,329741.49416181847
2019-11-26,325394.7109023579
2019-11-27,335708.71150663623
2019-11-29,339327.7840417952
2019-12-02,337361.4882628039
2019-12-03,335260.17672033847
2019-12-04,334346.5098059684
2019-12-05,331405.50186628895
2019-12-06,338692.08778230165
2019-12-09,381152.3708043827
2019-12-10,390632.56099730975
2019-12-11,393978.9429855861
2019-12-12,413467.9350459669
2019-12-13,415361.7503394733
2019-12-16,411366.53317522316
2019-12-17,416401.64789860765
2019-12-18,416085.8805864813
2019-12-19,431098.2321476433
2019-12-20,445886.0047900843
2019-12-23,459264.0745846961
2019-12-24,462072.002703697
2019-12-26,467845.31807103346
2019-12-27,454656.4730405938
2019-12-30,454959.30383406417
2019-12-31,429260.0167195959
2020-01-02,416196.49751730013
2020-01-03,423657.0402784714
2020-01-06,420591.19945278007
2020-01-07,421207.8884548341
2020-01-08,410418.88126012636
2020-01-09,408190.4952237168
2020-01-10,410789.9178528927
2020-01-13,401959.8186659164
2020-01-14,402190.75338249066
2020-01-15,409502.13703086105
2020-01-16,421199.47541933897
2020-01-17,427896.2440121183
2020-01-21,435886.888962759
2020-01-22,438601.0171100913
2020-01-23,442567.92220862495
2020-01-24,435146.4620796678
2020-01-27,448174.25837815675
2020-01-28,429260.32423023175
2020-01-29,442730.74107441655
2020-01-30,435991.7631419002
2020-01-31,434906.96060996555
2020-02-03,430102.6617506718
2020-02-04,437740.9091466615
2020-02-05,430333.5637309635
2020-02-06,433590.8131798551
2020-02-07,425164.89039308525
2020-02-10,428149.6184269734
2020-02-11,429964.32962006534
2020-02-12,426375.38776473835
2020-02-13,424208.2720002673
2020-02-14,422530.2443932591
2020-02-18,435505.55879505596
2020-02-19,437607.5818342977
2020-02-20,443571.7947276413
2020-02-21,448159.56360914436
2020-02-24,448428.18364108604
2020-02-25,445901.2862993143
2020-02-26,430157.40361154324
2020-02-27,415105.492802899
2020-02-28,413901.4532024505
2020-03-02,412136.4250554952
2020-03-03,428575.7099295379
2020-03-04,419673.3966661064
2020-03-05,419279.56573104043
2020-03-06,406749.59583845356
2020-03-09,400341.54261291714
2020-03-10,363540.97630954836
2020-03-11,361905.32855946745
2020-03-12,326951.6474636749
2020-03-13,298234.09561215795
2020-03-16,306127.54202873603
2020-03-17,286467.6554068109
2020-03-18,290284.11998026073
2020-03-19,301925.59856806917
2020-03-20,333381.03101404605
2020-03-23,333890.7957031725
2020-03-24,321892.8608929802
2020-03-25,344804.7098294098
2020-03-26,347499.9746597155
2020-03-27,367820.08915021236
2020-03-30,351973.32125873567
2020-03-31,354774.71456509206
2020-04-01,337562.3122312577
2020-04-02,313881.0709574809
2020-04-03,318772.1215488451
2020-04-06,311681.6017865229
2020-04-07,337610.5548175518
2020-04-08,353644.5966620453
2020-04-09,379410.9913028889
2020-04-13,390463.16760227893
2020-04-14,386726.0538540093
2020-04-15,392632.6648631145
2020-04-16,381450.93324784783
2020-04-17,378596.27350409486
2020-04-20,398301.2792426875
2020-04-21,399789.1151729466
2020-04-22,387438.82698968105
2020-04-23,404816.7233909709
2020-04-24,404265.0040276378
2020-04-27,427685.90975288703
2020-04-28,441228.27615579084
2020-04-29,446774.2296177803
2020-04-30,455332.6075225517
2020-05-01,442211.67226880864
2020-05-04,430446.69104609353
2020-05-05,431131.1492077741
2020-05-06,442892.48786821804
2020-05-07,442507.6217979015
2020-05-08,450083.65475511854
2020-05-11,467355.26241551543
2020-05-12,462387.2418433213
2020-05-13,440435.7751641215
2020-05-14,417325.9339138339
2020-05-15,427829.6195532529
2020-05-18,429446.0258092743
2020-05-19,454704.18717983714
2020-05-20,458446.1102738127
2020-05-21,476463.0420724641
2020-05-22,467656.26008136116
2020-05-26,476470.83230220794
2020-05-27,475617.42064472823
2020-05-28,469781.67834642093
2020-05-29,469196.1242748362
2020-06-01,501931.6265830356
2020-06-02,512288.42925760883
2020-06-03,523875.3780650555
2020-06-04,534634.9316732136
2020-06-05,538091.134882177
2020-06-08,587739.0840805833
2020-06-09,579530.2087912429
2020-06-10,549492.3240937887
2020-06-11,534910.7724383945
2020-06-12,510283.41218055045
2020-06-15,522812.7266865881
2020-06-16,532957.2499700232
2020-06-17,545081.6114031606
2020-06-18,545521.0856890003
2020-06-19,539123.4282563515
2020-06-22,544144.2227142722
2020-06-23,554615.835574519
2020-06-24,555228.1897679219
2020-06-25,533874.2807149823
2020-06-26,552476.2493945056
2020-06-29,518927.32902424503
2020-06-30,520605.0550273844
2020-07-01,507526.4696631735
2020-07-02,513862.88355453504
2020-07-06,504306.51120583544
2020-07-07,521035.3889559256
2020-07-08,526233.0057054136
2020-07-09,510598.7295504462
2020-07-10,503624.5719812667
2020-07-13,487659.24718584784
2020-07-14,479919.6549363564
2020-07-15,500493.7006050443
2020-07-16,510054.31704925926
2020-07-17,515890.37632290437
2020-07-20,514958.867525324
2020-07-21,517612.9148964626
2020-07-22,510163.08945606253
2020-07-23,506069.4852565524
2020-07-24,494843.66931768076
2020-07-27,486545.91624724783
2020-07-28,491744.48453810683
2020-07-29,483702.5086668052
2020-07-30,494448.2452335599
2020-07-31,474919.03401151544
2020-08-03,488117.46728380077
2020-08-04,496261.28966062516
2020-08-05,496638.6798493382
2020-08-06,492313.5897116028
2020-08-07,492733.3025007289
2020-08-10,501184.01361622295
2020-08-11,495504.3211597104
2020-08-12,487371.51284847583
2020-08-13,487603.7780003878
2020-08-14,481114.40263227635
2020-08-17,495018.14677198004
2020-08-18,492675.1465858022
2020-08-19,495751.5109113701
2020-08-20,496117.5633447234
2020-08-21,482328.3085166063
2020-08-24,474755.31068630225
2020-08-25,481010.1748817802
2020-08-26,477484.8299330634
2020-08-27,474342.32116938854
2020-08-28,481621.48466110835
2020-08-31,554262.8084493057
2020-09-01,541203.4233500798
2020-09-02,541649.199430935
2020-09-03,542607.2401647688
2020-09-04,536539.92786013
2020-09-08,546886.1597288828
2020-09-09,537773.9324996565
2020-09-10,540981.1207200165
2020-09-11,529773.3144956357
2020-09-14,552181.5981296988
2020-09-15,550151.0351773762
2020-09-16,558063.7804788679
2020-09-17,564803.5880604405
2020-09-18,565717.3306278794
2020-09-21,542364.3357850721
2020-09-22,539154.3550273494
2020-09-23,540041.5127302984
2020-09-24,520801.030332789
2020-09-25,533154.8267533217
2020-09-28,537660.4763162672
2020-09-29,554016.3680422878
2020-09-30,543203.1200187871
2020-10-01,534942.1344338922
2020-10-02,533961.485217832
2020-10-05,527226.0311878195
2020-10-06,537643.6969336714
2020-10-07,524391.1816116386
2020-10-08,522296.2304210294
2020-10-09,520994.9482690157
2020-10-12,523465.2203295682
2020-10-13,542503.6995498091
2020-10-14,531414.9432667544
2020-10-15,526716.8226481199
2020-10-16,531259.1636370989
2020-10-19,535252.3362162968
2020-10-20,522207.90650504595
2020-10-21,517153.27699582704
2020-10-22,516623.2827692487
2020-10-23,520173.86439881887
2020-10-26,519068.17101475707
2020-10-27,513700.51599503687
2020-10-28,510070.4824750601
2020-10-29,496090.4465940016
2020-10-30,507752.0246451831
2020-11-02,504004.14353597735
2020-11-03,519170.6912896806
2020-11-04,540514.1830811809
2020-11-05,544285.7961943933
2020-11-06,544380.598779591
2020-11-09,552696.4976014624
2020-11-10,544294.3131307232
2020-11-11,550112.5973624655
2020-11-12,560301.7869963406
2020-11-13,558703.1407092126
2020-11-16,563524.4750315301
2020-11-17,581164.3215355653
2020-11-18,572778.8776346712
2020-11-19,568931.4508135295
2020-11-20,586366.5311946115
2020-11-23,576648.8546318997
2020-11-24,573994.3139532789
2020-11-25,593166.6037670099
2020-11-27,589262.4349663784
2020-11-30,609820.7285155827
2020-12-01,595562.857306038
2020-12-02,599354.8092550677
2020-12-03,610942.987151683
2020-12-04,616995.8452913701
2020-12-07,616790.3056487811
2020-12-08,632422.7906621326
2020-12-09,631354.3267661929
2020-12-10,631233.62246426
2020-12-11,620573.4988693722
2020-12-14,629982.3036543207
2020-12-15,625689.7894971718
2020-12-16,631189.1828122254
2020-12-17,635531.9771489417
2020-12-18,626670.295483034
2020-12-21,623535.1380886323
2020-12-22,645432.7776263772
2020-12-23,645691.3007508633
2020-12-24,623791.3574588896
2020-12-28,609569.9130468054
2020-12-29,602652.0662159714
2020-12-30,614888.6404569122
2020-12-31,597293.16318639
2021-01-04,585142.0607170544
2021-01-05,595767.0710746904
2021-01-06,598235.1649076566
2021-01-07,605892.4495374218
2021-01-08,612108.1001379881
2021-01-11,609481.4572188541
2021-01-12,610527.6110304602
2021-01-13,621715.1893121658
2021-01-14,626346.9207143824
2021-01-15,633969.8776932491
2021-01-19,641311.3690774359
2021-01-20,639809.2728483964
2021-01-21,651377.180756197
2021-01-22,667463.294180288
2021-01-25,668868.5333176184
2021-01-26,682669.7504377072
2021-01-27,684918.3422805744
2021-01-28,658737.5198178636
2021-01-29,642393.2585695732
2021-02-01,637979.3027135674
2021-02-02,661922.934313492
2021-02-03,676633.9541342534
2021-02-04,675544.2771376256
2021-02-05,697775.1209388939
2021-02-08,709694.6412233532
2021-02-09,738478.0572159517
2021-02-10,732038.7098261456
2021-02-11,702212.3862986538
2021-02-12,694342.2604983773
2021-02-16,691497.0042269115
2021-02-17,674215.2634966838
2021-02-18,658854.8841925961
2021-02-19,679292.3351920407
2021-02-22,668729.9180384987
2021-02-23,633280.2113363745
2021-02-24,635505.0500638558
2021-02-25,633824.7621188948
2021-02-26,609087.2690711948
2021-03-01,608825.2363575608
2021-03-02,621357.6749981355
2021-03-03,585787.2477766586
2021-03-04,553119.151464456
2021-03-05,538190.3476598279
2021-03-08,542423.1953584977
2021-03-09,553591.280171377
2021-03-10,570758.6336683042
2021-03-11,588366.1047647477
2021-03-12,612595.9370246156
2021-03-15,610841.0365727615
2021-03-16,615815.0318730277
2021-03-17,627213.0215997159
2021-03-18,618968.1759728697
2021-03-19,629791.9380312385
2021-03-22,601460.2454637467
2021-03-23,597342.5198227308
2021-03-24,569916.8318929691
2021-03-25,566703.6507447121
2021-03-26,552297.4591344431
2021-03-29,546293.6171846755
2021-03-30,539131.9624119123
2021-03-31,552276.3287026789
2021-04-01,549005.0150977904
2021-04-05,548576.3341993358
2021-04-06,551920.6286272116
2021-04-07,535043.1783913061
2021-04-08,543041.1419045368
2021-04-09,538718.050436043
2021-04-12,530733.0126885178
2021-04-13,526466.8417411151
2021-04-14,546683.2621584561
2021-04-15,536283.1285423839
2021-04-16,525974.5777794415
2021-04-19,530550.9463557536
2021-04-20,512887.92003466893
2021-04-21,524158.0107326377
2021-04-22,542907.1301331492
2021-04-23,519372.02826764603
2021-04-26,542459.7350753178
2021-04-27,537320.0415752659
2021-04-28,537337.3845081342
2021-04-29,526004.5035116714
2021-04-30,533793.2800490852
2021-05-03,516130.8302975191
2021-05-04,504581.22676856676
2021-05-05,492686.1500214649
2021-05-06,462078.53230380133
2021-05-07,467690.0647838141
2021-05-10,451995.3952718257
2021-05-11,448979.6363198982
2021-05-12,462350.9588719532
2021-05-13,423785.05019068735
2021-05-14,432521.65032770764
2021-05-17,453752.9290499019
2021-05-18,453802.8970097517
2021-05-19,452231.02165602735
2021-05-20,458736.2914181402
2021-05-21,455121.81407861126
2021-05-24,441609.39619696565
2021-05-25,443521.5668053747
2021-05-26,450543.51750926045
2021-05-27,451029.2931896651
2021-05-28,468742.4658155569
2021-06-01,470609.5808773439
2021-06-02,467423.30793171196
2021-06-03,470220.52144334087
2021-06-04,465507.09267060587
2021-06-07,469874.04599443683
2021-06-08,470866.34595662856
2021-06-09,469086.1850790574
2021-06-10,472436.2056809551
2021-06-11,475861.24042153
2021-06-14,474732.2623660506
2021-06-15,476437.22408809175
2021-06-16,485891.91880030086
2021-06-17,469560.4477356901
2021-06-18,463775.46091678063
2021-06-21,451869.7306887318
2021-06-22,445080.73865386436
2021-06-23,444616.1879900725
2021-06-24,440074.2908110066
2021-06-25,446885.8562518879
2021-06-28,458048.59972969297
2021-06-29,453417.2141233912
2021-06-30,449752.49701209797
2021-07-01,449774.5314413095
2021-07-02,447899.8164285249
2021-07-06,439660.68753619224
2021-07-07,433557.6483281403
2021-07-08,431168.92205487215
2021-07-09,434554.5982357019
2021-07-12,433537.85967756354
2021-07-13,428707.97676523624
2021-07-14,409967.7884693543
2021-07-15,408640.6932228953
2021-07-16,409570.70584745466
2021-07-19,408917.863512417
2021-07-20,411403.3356491405
2021-07-21,421585.4162149425
2021-07-22,419008.58960075275
2021-07-23,417276.3587873381
2021-07-26,418082.54259414
2021-07-27,413669.87917137594
2021-07-28,420682.03036391607
2021-07-29,416359.0175040935
2021-07-30,416709.9509820166
2021-08-02,417401.89835314633
2021-08-03,404162.6474014611
2021-08-04,417598.9500967387
2021-08-05,417147.38044568064
2021-08-06,426254.37344461953
2021-08-09,448351.5778545227
2021-08-10,419714.6829070532
2021-08-11,418692.2183746174
2021-08-12,412486.0666304488
2021-08-13,401515.5504174787
2021-08-16,385371.5408329302
2021-08-17,386442.9827569775
2021-08-18,396037.55409996805
2021-08-19,370662.66519117315
2021-08-20,360853.93732516485
2021-08-23,377060.476680897
2021-08-24,392029.22911798075
2021-08-25,397154.4141763736
2021-08-26,397366.2597338091
2021-08-27,404117.3720202131
2021-08-30,407112.473151755
2021-08-31,421016.4640417729
2021-09-01,427656.64896748745
2021-09-02,437288.5971904593
2021-09-03,420583.2735770605
2021-09-07,422844.9276159706
2021-09-08,413920.82134236407
2021-09-09,437866.36924344546
2021-09-10,419679.54268811643
2021-09-13,412569.94797661883
2021-09-14,409942.0887180341
2021-09-15,406258.5789167622
2021-09-16,406478.0007802604
2021-09-17,416849.323037555
2021-09-20,405696.231470661
2021-09-21,407087.75650891126
2021-09-22,411729.63246640126
2021-09-23,417226.98504807515
2021-09-24,420307.8610487995
2021-09-27,419615.0532455372
2021-09-28,419116.7180484295
2021-09-29,402103.1794867451
2021-09-30,404577.39758554054
2021-10-01,396312.29274648963
2021-10-04,392090.12087451364
2021-10-05,383760.16272846656
2021-10-06,377244.0778260631
2021-10-07,369680.60252088145
2021-10-08,368078.01144506724
2021-10-11,372416.3009609341
2021-10-12,365390.46159896743
2021-10-13,368230.0701806031
2021-10-14,371043.8186399554
2021-10-15,369376.0397675587
2021-10-18,366879.18881225376
2021-10-19,367736.2414654323
2021-10-20,373320.9993487753
2021-10-21,367696.1122293392
2021-10-22,375175.5437546728
2021-10-25,374195.18078456644
2021-10-26,377112.18235595996
2021-10-27,383456.63132835267
2021-10-28,381144.01861466345
2021-10-29,382552.56844680855
2021-11-01,386060.4407739445
2021-11-02,391876.56976695586
2021-11-03,392136.2098435377
2021-11-04,389963.10347001185
2021-11-05,383422.2617385366
2021-11-08,381471.05006616923
2021-11-09,378174.91051305673
2021-11-10,379450.6806709807
2021-11-11,382070.62407751963
2021-11-12,388765.72877517046
2021-11-15,389268.9356460143
2021-11-16,393332.1020507407
2021-11-17,399926.43254462833
2021-11-18,386320.1430075522
2021-11-19,386288.59634761495
2021-11-22,378179.8384669034
2021-11-23,372074.7545620861
2021-11-24,375893.2752886294
2021-11-26,375868.0045372151
2021-11-29,349397.31196630147
2021-11-30,362565.29193926905
2021-12-01,349740.22836213454
2021-12-02,346428.2175659304
2021-12-03,343369.2126194866
2021-12-06,339509.9903483271
2021-12-07,353816.35333219497
2021-12-08,366023.53193001647
2021-12-09,364038.21777002234
2021-12-10,350942.8688084229
2021-12-13,358892.48429947224
2021-12-14,347480.88503266475
2021-12-15,346873.09131519427
2021-12-16,352769.89379746484
2021-12-17,358575.05375736026
2021-12-20,350223.0919482505
2021-12-21,347156.1653976455
2021-12-22,353458.6641583364
2021-12-23,366193.7967816315
2021-12-27,352378.4033624289
2021-12-28,354157.06576007075
2021-12-29,350336.7461682997
2021-12-30,357443.9926680308
2021-12-31,350070.80750667606
2022-01-03,356223.38312362926
2022-01-04,351003.07561359304
2022-01-05,343784.63456294715
2022-01-06,337747.40036351455
2022-01-07,334936.88082448987
2022-01-10,332912.04706559924
2022-01-11,331469.3277161959
2022-01-12,332705.6999729583
2022-01-13,329414.9989500044
2022-01-14,335331.10628244776
2022-01-18,325321.67101792817
2022-01-19,319718.888851419
2022-01-20,310996.5423691996
2022-01-21,306181.9129984786
2022-01-24,298449.44409002585
2022-01-25,302886.3809162677
2022-01-26,298041.48803555017
2022-01-27,289949.60221157124
2022-01-28,289939.72386360023
2022-01-31,302167.3981456847
2022-02-01,306785.122547515
2022-02-02,300268.97390829015
2022-02-03,303586.2789592879
2022-02-04,303035.6099703795
2022-02-07,311187.81199491967
2022-02-08,312137.4080324084
2022-02-09,325947.0758560102
2022-02-10,325562.71474928
2022-02-11,325460.0514313117
2022-02-14,314515.6498945467
2022-02-15,314845.8723240398
2022-02-16,320593.2335112548
2022-02-17,320223.881052934
2022-02-18,309778.2774670773
2022-02-22,303477.2343311688
2022-02-23,294277.6758751413
2022-02-24,283821.0980712203
2022-02-25,286302.56808464264
2022-02-28,289178.66178561957
2022-03-01,289755.3292237281
2022-03-02,283932.6239269838
2022-03-03,280183.7772153042
2022-03-04,283470.23167252
2022-03-07,276717.126282285
2022-03-08,274910.3615215109
2022-03-09,274181.40434995
2022-03-10,277068.11287248257
2022-03-11,282991.01413652406
2022-03-14,276830.58573950024
2022-03-15,265671.76822855754
2022-03-16,271607.5948052041
2022-03-17,279124.66058592865
2022-03-18,285644.553241791
2022-03-21,284618.2190601625
2022-03-22,285495.4113071796
2022-03-23,290518.24609916995
2022-03-24,288515.41309622815
2022-03-25,288391.7392651129
2022-03-28,287064.7845555021
2022-03-29,287678.05968548846
2022-03-30,286885.4877673282
2022-03-31,285175.6283648506
2022-04-01,285536.9486429264
2022-04-04,285316.04100618267
2022-04-05,284169.30177311605
2022-04-06,281632.45430570457
2022-04-07,276896.39283868345
2022-04-08,260965.64960620416
2022-04-11,264762.41529359017
2022-04-12,262418.042263318
2022-04-13,278981.6266956094
2022-04-14,282944.1127985344
2022-04-18,273048.2627263925
2022-04-19,273005.9337904315
2022-04-20,280076.2065638813
2022-04-21,277571.37204225716
2022-04-22,272715.15674606233
2022-04-25,273176.3042449115
2022-04-26,269538.52917333064
2022-04-27,260404.34204418072
2022-04-28,253436.2781441888
2022-04-29,261187.18872170208
2022-05-02,250710.48602471783
2022-05-03,251327.02873845614
2022-05-04,257733.55145122623
2022-05-05,268280.3804716174
2022-05-06,250693.37828967307
2022-05-09,233209.10259545635
2022-05-10,230238.1972871067
2022-05-11,219620.59343111966
2022-05-12,214081.67355597997
2022-05-13,214373.7276855001
2022-05-16,220197.8327700661
2022-05-17,217934.80038311082
2022-05-18,226580.36380943184
2022-05-19,219118.4497906943
2022-05-20,212945.07685907654
2022-05-23,210214.0756094633
2022-05-24,210090.67732931228
2022-05-25,213264.60958754603
2022-05-26,213695.36075697254
2022-05-27,219155.45846499864
2022-05-31,226714.5144315442
2022-06-01,227239.47750642514
2022-06-02,237820.774757636
2022-06-03,246738.15945387012
2022-06-06,249512.07637683803
2022-06-07,252481.65937061707
2022-06-08,262564.6244751411
2022-06-09,266826.8214446991
2022-06-10,261102.96368068666
2022-06-13,259683.65972171872
2022-06-14,244266.18059849428
2022-06-15,242331.87310660174
2022-06-16,251738.36353472268
2022-06-17,245723.96318989576
2022-06-21,241918.7873994953
2022-06-22,247043.40221819744
2022-06-23,251237.5915205745
2022-06-24,254168.7798893283
2022-06-27,275494.09867350204
2022-06-28,268940.5166079056
2022-06-29,263297.7157797027
2022-06-30,266095.36521522305
2022-07-01,261461.35160071502
2022-07-05,275891.02285837923
2022-07-06,275174.2371803903
2022-07-07,283268.11273630906
2022-07-08,293356.47818906937
2022-07-11,285534.8337917077
2022-07-12,278777.63564875885
2022-07-13,279852.89233228064
2022-07-14,273161.3825695243
2022-07-15,269901.4937936592
2022-07-18,279631.46947418666
2022-07-19,269856.381385131
2022-07-20,286259.8237973322
2022-07-21,283592.37298345385
2022-07-22,281204.8370349773
2022-07-25,277579.0103335259
2022-07-26,278960.71196841873
2022-07-27,266119.0585534658
2022-07-28,269010.12047140836
2022-07-29,265113.23453111947
2022-08-01,265166.8423054882
2022-08-02,272775.0022745942
2022-08-03,269281.5691769986
2022-08-04,288307.40735122917
2022-08-05,299021.79735936975
2022-08-08,308272.9820815346
2022-08-09,297695.3734176551
2022-08-10,304125.83142040984
2022-08-11,311848.6010003323
2022-08-12,315794.18740542233
2022-08-15,325119.8144922958
2022-08-16,309247.83282649115
2022-08-17,308504.04126498365
2022-08-18,298554.2065064989
2022-08-19,297796.412610889
2022-08-22,290978.4779527305
2022-08-23,285306.67880426603
2022-08-24,290929.6960578116
2022-08-25,286592.48909511353
2022-08-26,289772.8352532744
2022-08-29,279622.4677683917
2022-08-30,275724.9546708049
2022-08-31,278496.2049629756
2022-09-01,282261.7160004146
2022-09-02,286703.2153529491
2022-09-06,294284.665658439
2022-09-07,290936.08210947923
2022-09-08,295602.09491285076
2022-09-09,300489.3648800495
2022-09-12,307621.2199839474
2022-09-13,323201.20972067467
2022-09-14,301149.1770347998
2022-09-15,303224.51594117814
2022-09-16,292325.53802270757
2022-09-19,279620.4757804508
2022-09-20,285912.99096033897
2022-09-21,277822.0296347198
2022-09-22,249026.28116101352
2022-09-23,247594.44650327603
2022-09-26,247510.9693677512
2022-09-27,249050.35295002357
2022-09-28,251501.9653280605
2022-09-29,255770.85653619427
2022-09-30,243313.85098608964
2022-10-03,237205.4495323847
2022-10-04,246926.2705301794
2022-10-05,252926.4244976161
2022-10-06,259150.8524196629
2022-10-07,261575.4065743169
2022-10-10,249748.73428528098
2022-10-11,256064.95196785763
2022-10-12,254322.83659780375
2022-10-13,253084.98622350235
2022-10-14,254488.44705788838
2022-10-17,251418.09854218288
2022-10-18,251045.22593924942
2022-10-19,242721.69492433988
2022-10-20,247984.70936798575
2022-10-21,240726.06455938562
2022-10-24,240449.0307859437
2022-10-25,244154.01238672025
2022-10-26,251883.88732603847
2022-10-27,248308.81665702726
2022-10-28,246740.6894103795
2022-10-31,257523.3442973916
2022-11-01,261718.95993693318
2022-11-02,255513.40035401666
2022-11-03,244089.00779998937
2022-11-04,238785.8796056297
2022-11-07,238934.24677421644
2022-11-08,243466.37383664548
2022-11-09,236176.87636997798
2022-11-10,219458.524908834
2022-11-11,240854.74696681864
2022-11-14,239094.82067129607
2022-11-15,235979.32444717592
2022-11-16,233075.83392212095
2022-11-17,224363.4004422359
2022-11-18,223310.24716597202
2022-11-21,222551.81197681229
2022-11-22,221065.80115250495
2022-11-23,222874.87784741286
2022-11-25,230196.56104488566
2022-11-28,220706.15040401195
2022-11-29,217783.09063046356
2022-11-30,226310.98705396362
2022-12-01,231648.88297919967
2022-12-02,228012.5396436088
2022-12-05,226801.10172144038
2022-12-06,222052.6182565862
2022-12-07,217394.53864458788
2022-12-08,212106.01257232355
2022-12-09,214600.6013021904
2022-12-12,209510.1906552702
2022-12-13,220230.61407771622
2022-12-14,228287.77032238463
2022-12-15,232497.73226635926
2022-12-16,232641.10750946132
2022-12-19,233114.29342494844
2022-12-20,237549.78731778872
2022-12-21,242656.99636539846
2022-12-22,250138.66835068917
2022-12-23,239898.60905968092
2022-12-27,240925.60382127258
2022-12-28,247031.42418466628
2022-12-29,252175.7381323594
2022-12-30,263460.8266476806
2023-01-03,260634.5979770877
2023-01-04,262005.2214488216
2023-01-05,262065.6392863154
2023-01-06,262896.7612590932
2023-01-09,268192.96072939964
2023-01-10,263742.2278516727
2023-01-11,258837.44507777342
2023-01-12,269061.16558500164
2023-01-13,270084.65096074034
2023-01-17,266203.9017268409
2023-01-18,262740.03926466464
2023-01-19,258256.59798197192
2023-01-20,256878.81737760614
2023-01-23,259012.02387479498
2023-01-24,266326.8916066838
2023-01-25,261385.6044673768
2023-01-26,255241.09356154225
2023-01-27,256958.9012512043
2023-01-30,258940.3207197338
2023-01-31,262817.8072890693
2023-02-01,263811.5177229733
2023-02-02,270964.37171500054
2023-02-03,277874.9057854653
2023-02-06,276546.0599823656
2023-02-07,275356.9489716663
2023-02-08,276142.453757734
2023-02-09,269304.1245022898
2023-02-10,271532.6438101261
2023-02-13,269439.30698503664
2023-02-14,275629.88833769935
2023-02-15,278902.25790986506
2023-02-16,277553.30344525643
2023-02-17,277484.67853079503
2023-02-21,273144.8814825448
2023-02-22,270939.61057030706
2023-02-23,270386.3437330599
2023-02-24,267052.9644191697
2023-02-27,265504.85156937357
2023-02-28,266876.4395571986
2023-03-01,269134.3402596796
2023-03-02,264997.1645283465
2023-03-03,266282.20814062277
2023-03-06,264823.5617421507
2023-03-07,264704.95996926905
2023-03-08,258486.21667458842
2023-03-09,254823.698675726
2023-03-10,245486.56559852767
2023-03-13,240032.47952412744
2023-03-14,240484.9340809775
2023-03-15,235564.1993050455
2023-03-16,236112.11058583687
2023-03-17,238424.55624026974
2023-03-20,234074.93354295962
2023-03-21,234254.79640998135
2023-03-22,236257.6631905754
2023-03-23,233891.52798110273
2023-03-24,230309.07109094315
2023-03-27,235160.2452276879
2023-03-28,240137.7662174584
2023-03-29,249823.60384054494
2023-03-30,246438.223524509
2023-03-31,247257.36750539544
2023-04-03,245162.68220849262
2023-04-04,247324.64203269244
2023-04-05,240193.52142388074
2023-04-06,236840.27490597937
2023-04-10,236226.88541262154
2023-04-11,236644.2075989625
2023-04-12,237261.69254735863
2023-04-13,240787.390762412
2023-04-14,243958.47388918055
2023-04-17,241398.61816516108
2023-04-18,237548.96905411745
2023-04-19,242407.34872632063
2023-04-20,243475.25485172134
2023-04-21,237695.27462311124
2023-04-24,236406.28876476886
2023-04-25,237789.4159870226
2023-04-26,238486.08055518052
2023-04-27,236959.20381773592
2023-04-28,237074.36497915225
2023-05-01,235665.039424483
2023-05-02,230425.5738260742
2023-05-03,230008.64584649398
2023-05-04,227256.5885591751
2023-05-05,226847.55559660718
2023-05-08,228128.17983745472
2023-05-09,228570.61394950762
2023-05-10,232991.71354386242
2023-05-11,236444.44414751275
2023-05-12,235567.24532690446
2023-05-15,230432.23183463496
2023-05-16,230287.46486225154
2023-05-17,229614.17427124784
2023-05-18,232320.09565269123
2023-05-19,235930.35312487104
2023-05-22,239196.52994477577
2023-05-23,244660.64376458022
2023-05-24,244925.04405122218
2023-05-25,239211.08075793047
2023-05-26,234622.08687432067
2023-05-30,242302.8078564369
2023-05-31,238510.9588668806
2023-06-01,234063.3773308314
2023-06-02,236711.6906203729
2023-06-05,235805.03108721026
2023-06-06,238207.7646417248
2023-06-07,240069.47478763142
2023-06-08,237790.36984559617
2023-06-09,240096.99187322424
2023-06-12,235108.1688540226
2023-06-13,241174.86408717307
2023-06-14,241651.35461922502
2023-06-15,237313.70330008515
2023-06-16,241536.66492158282
2023-06-20,237362.71630592144
2023-06-21,229182.13730700672
2023-06-22,236915.735840534
2023-06-23,238038.7135301749
2023-06-26,257414.46546621478
2023-06-27,254832.53484448005
2023-06-28,254753.77082627063
2023-06-29,257888.33317673986
2023-06-30,255283.30790344303
2023-07-03,258799.07808083767
2023-07-05,260339.49316532788
2023-07-06,253626.4906043996
2023-07-07,255114.01622663334
2023-07-10,256118.13532100891
2023-07-11,258040.85279605593
2023-07-12,262492.24451673526
2023-07-13,257583.8260086878
2023-07-14,253735.14943785712
2023-07-17,257995.99921194048
2023-07-18,258810.33732616185
2023-07-19,267045.2559107969
2023-07-20,266942.20288966055
2023-07-21,266603.7741388315
2023-07-24,258439.9317180733
2023-07-25,252829.9475599879
2023-07-26,255229.6387566424
2023-07-27,255538.851823156
2023-07-28,254917.92998425834
2023-07-31,260011.89790674753
2023-08-01,257606.1435347141
2023-08-02,261499.31059014288
2023-08-03,257728.0708142039
2023-08-04,257799.82715709554
2023-08-07,250759.24986936525
2023-08-08,259993.54616273212
2023-08-09,256293.62635222197
2023-08-10,254688.69373558255
2023-08-11,254140.38338147075
2023-08-14,250950.11150926075
2023-08-15,255013.8202682268
2023-08-16,248302.75909195267
2023-08-17,240846.20119519485
2023-08-18,243405.19049935494
2023-08-21,245308.8959765365
2023-08-22,245351.89015234172
2023-08-23,242053.36083631986
2023-08-24,241694.16705515963
2023-08-25,235591.73699173538
2023-08-28,235585.88477259554
2023-08-29,239136.54955120067
2023-08-30,244299.74761874194
2023-08-31,245382.98284736092
2023-09-01,248227.5201587117
2023-09-05,243611.19170364586
2023-09-06,240041.21052173086
2023-09-07,232067.01202654975
2023-09-08,231963.6342776988
2023-09-11,231106.66798041775
2023-09-12,233814.48148457505
2023-09-13,228115.01210545603
2023-09-14,228902.00474506663
2023-09-15,226974.88366012296
2023-09-18,218974.91110149288
2023-09-19,217364.8257134516
2023-09-20,218521.63866026019
2023-09-21,218566.34502125374
2023-09-22,215432.22744558068
2023-09-25,214489.52458472227
2023-09-26,213501.64035596422
2023-09-27,214589.04890769484
2023-09-28,213035.15238442124
2023-09-29,213889.16642350575
2023-10-02,208552.23340638675
2023-10-03,204747.40049875467
2023-10-04,198232.22528739693
2023-10-05,206582.71493901627
2023-10-06,204693.84968884435
2023-10-09,213207.53929998763
2023-10-10,215077.41565712506
2023-10-11,213888.6412278351
2023-10-12,212899.93456282694
2023-10-13,219525.0703943017
2023-10-16,218077.71197663044
2023-10-17,221705.6197613193
2023-10-18,221327.91078058418
2023-10-19,213662.38564119453
2023-10-20,214283.65845229686
2023-10-23,206965.9643031296
2023-10-24,208242.03407246762
2023-10-25,202792.6676037544
2023-10-26,191852.92305730702
2023-10-27,185110.99720859563
2023-10-30,189783.82383292372
2023-10-31,194739.20789827185
2023-11-01,192732.64997968925
2023-11-02,194269.01855444128
2023-11-03,211235.59208918022
2023-11-06,207625.1622434719
2023-11-07,208574.201136903
2023-11-08,203145.52657374679
2023-11-09,194961.11517264156
2023-11-10,189823.66020161877
2023-11-13,194611.18418173265
2023-11-14,206934.1519566541
2023-11-15,211355.62764396874
2023-11-16,207878.3331149055
2023-11-17,212165.87155621828
2023-11-20,206026.6918873556
2023-11-21,203058.4313868765
2023-11-22,204777.89578454616
2023-11-24,207628.79679153798
2023-11-27,209877.8947269709
2023-11-28,208424.9869787397
2023-11-29,208792.3642099321
2023-11-30,208703.34557242953
2023-12-01,213928.4066735141
2023-12-04,222290.6001576613
2023-12-05,216740.48787255152
2023-12-06,222163.5852686716
2023-12-07,223625.7082418689
2023-12-08,229023.69672561326
2023-12-11,226693.09303208496
2023-12-12,229700.20394726482
2023-12-13,226580.33144525267
2023-12-14,238628.795239639
2023-12-15,237814.4932032732
2023-12-18,232925.56659208523
2023-12-19,242375.39913776878
2023-12-20,241451.78840039967
2023-12-21,245423.882376762
2023-12-22,260417.17377040995
2023-12-26,321077.95162642706
2023-12-27,328917.05251811206
2023-12-28,330494.5146108542
2023-12-29,321535.25385262404
2024-01-02,323276.66108812543
2024-01-03,311244.7294537214
2024-01-04,311127.869463211
2024-01-05,308195.94795893
2024-01-08,310281.35589681496
2024-01-09,317563.921320213
2024-01-10,308381.5357158815
2024-01-11,304613.6018299515
2024-01-12,291734.97789091966
2024-01-16,294383.83964930574
2024-01-17,293670.17241338885
2024-01-18,282880.72613096505
2024-01-19,284922.4866863434
2024-01-22,303338.52567157533
2024-01-23,299671.6458185401
2024-01-24,293378.0609472812
2024-01-25,307464.2364508455
2024-01-26,314042.2842685339
2024-01-29,326494.35223510826
2024-01-30,330207.26712722116
2024-01-31,335263.00185666245
2024-02-01,333175.28510207974
2024-02-02,329192.184756907
2024-02-05,344983.2124719447
2024-02-06,356351.95580372354
2024-02-07,347960.96624193946
2024-02-08,362997.0763389673
2024-02-09,359818.89818240993
2024-02-12,376097.14938350813
2024-02-13,367806.1949489594
2024-02-14,349857.3487243556
2024-02-15,358126.34083237353
2024-02-16,358728.93078265915
2024-02-20,355238.72203510825
2024-02-21,341895.11019001296
2024-02-22,329214.79221183166
2024-02-23,342112.7336447964
2024-02-26,361964.7710398907
2024-02-27,374461.0799849325
2024-02-28,384261.50260674977
2024-02-29,374343.1070401745
2024-03-01,378082.24235691683
2024-03-04,368362.3519947973
2024-03-05,362953.47821883275
2024-03-06,354908.9322220837
2024-03-07,350790.75243598066
2024-03-08,353363.35483768466
2024-03-11,344616.4020978039
2024-03-12,333298.57447637606
2024-03-13,346921.03274740017
2024-03-14,337169.19465186866
2024-03-15,347482.0814563815
2024-03-18,340893.48440450255
2024-03-19,356009.2340640757
2024-03-20,348973.84901003627
2024-03-21,354961.62757916265
2024-03-22,343662.67586196715
2024-03-25,340752.3706858618
2024-03-26,325532.34065270465
2024-03-27,326437.69647996733
2024-03-28,332469.4319552663
2024-04-01,325982.875096348
2024-04-02,307038.9006973084
2024-04-03,302235.48318128614
2024-04-04,301126.7989151986
2024-04-05,289487.1211547995
2024-04-08,301993.47178686224
2024-04-09,309488.34308148164
2024-04-10,304156.9798747743
2024-04-11,300641.8480792014
2024-04-12,295532.2992856423
2024-04-15,292256.61291431705
2024-04-16,288059.38298854436
2024-04-17,285112.64799043006
2024-04-18,275212.3535306215
2024-04-19,271207.9406941944
2024-04-22,267138.37363666034
2024-04-23,260994.64083377662
2024-04-24,247949.26741362605
2024-04-25,249569.22766885118
2024-04-26,245138.88186307947
2024-04-29,255913.3472792718
2024-04-30,263708.4866116668
2024-05-01,269529.7843483165
2024-05-02,269748.88260467234
2024-05-03,270255.9937728446
2024-05-06,277459.00366102136
2024-05-07,280952.04812424403
2024-05-08,268487.272821869
2024-05-09,271848.5251113201
2024-05-10,266288.6708851441
2024-05-13,267401.1163807251
2024-05-14,272937.8623636655
2024-05-15,268334.8225803309
2024-05-16,274693.4429639091
2024-05-17,268908.39947905875
2024-05-20,265353.57198093954
2024-05-21,260174.63587294833
2024-05-22,263597.1816487655
2024-05-23,255064.11562223773
2024-05-24,252407.48786746242
2024-05-28,250869.37615553092
2024-05-29,250292.11188749847
2024-05-30,251585.0833838207
2024-05-31,252444.1234465571
2024-06-03,254352.6223815047
2024-06-04,254813.03885094615
2024-06-05,257136.0084244236
2024-06-06,250988.96832918117
2024-06-07,247251.26274977782
2024-06-10,252980.44628941859
2024-06-11,254837.40581961017
2024-06-12,264003.28088713007
2024-06-13,262029.5125349373
2024-06-14,256119.21866298176
2024-06-17,252085.3665531175
2024-06-18,246953.42622553863
2024-06-20,241473.98127675685
2024-06-21,252385.54074755314
2024-06-24,252186.85417179207
2024-06-25,242951.82920337832
2024-06-26,236444.07464648085
2024-06-27,246335.98719257722
2024-06-28,243312.95097437905
2024-07-01,246757.30584407874
2024-07-02,246311.6594044684
2024-07-03,243324.27447945595
2024-07-05,241666.93026243482
2024-07-08,245554.6607217607
2024-07-09,243376.52326929057
2024-07-10,245946.91271992063
2024-07-11,256530.19218409414
2024-07-12,255514.7098007826
2024-07-15,266626.34255590814
2024-07-16,275912.2231927171
2024-07-17,280833.43798143126
2024-07-18,273994.0718258368
2024-07-19,271236.5642965982
2024-07-22,274783.74944514735
2024-07-23,281441.08781383646
2024-07-24,282121.9254875599
2024-07-25,283851.8886257952
2024-07-26,287115.7346115084
2024-07-29,283208.28801088623
2024-07-30,285121.84682322515
2024-07-31,291694.1904645758
2024-08-01,289544.2434999641
2024-08-02,284412.96874438407
2024-08-05,274942.6823517772
2024-08-06,269477.0135924465
2024-08-07,270124.98502101307
2024-08-08,266809.6033010185
2024-08-09,268081.1442590329
2024-08-12,265244.42315204773
2024-08-13,263397.43520033377
2024-08-14,266439.75620907935
2024-08-15,269055.2431608478
2024-08-16,273022.22648380743
2024-08-19,271846.2847901301
2024-08-20,271731.31624396745
2024-08-21,272774.2075768447
2024-08-22,275007.6839105651
2024-08-23,283642.4827037121
2024-08-26,292295.8259891666
2024-08-27,285515.7145647749
2024-08-28,285905.2112745259
2024-08-29,288914.7374674438
2024-08-30,287755.27912096854
2024-09-03,289370.09904722543
2024-09-04,284634.96090038057
2024-09-05,281469.688938506
2024-09-06,286337.6567747728
2024-09-09,284221.63461112033
2024-09-10,292954.14529928303
2024-09-11,286895.16796734295
2024-09-12,293325.2727165879
2024-09-13,298177.305690587
2024-09-16,301387.9245671389
2024-09-17,300344.7439015175
2024-09-18,299521.06764707784
2024-09-19,299954.0365759076
2024-09-20,303251.98314821644
2024-09-23,299355.7271632528
2024-09-24,298323.7471746564
2024-09-25,297020.6357469605
2024-09-26,294192.7014227801
2024-09-27,297063.52485824644
2024-09-30,297159.01247895975
2024-10-01,285498.8184429535
2024-10-02,288539.9010465103
2024-10-03,294887.8448235376
2024-10-04,293670.0902807481
2024-10-07,293921.6616528044
2024-10-08,289023.23349137255
2024-10-09,287891.42204241594
2024-10-10,292396.3362119144
2024-10-11,297069.9299656908
2024-10-14,296128.98636144534
2024-10-15,300982.8078413772
2024-10-16,308931.123835745
2024-10-17,307738.51308307826
2024-10-18,314287.54356458876
2024-10-21,308971.69217091904
2024-10-22,306280.7804250187
2024-10-23,308411.60380691674
2024-10-24,299286.54304592917
2024-10-25,300353.1482126179
2024-10-28,300905.98412824306
2024-10-29,299636.9267850074
2024-10-30,304219.45882860594
2024-10-31,294919.639315904
2024-11-01,286928.9782594598
2024-11-04,291495.9970235877
2024-11-05,290333.0102506037
2024-11-06,298351.25565248606
2024-11-07,302628.00875905587
2024-11-08,304022.81019243674
2024-11-11,303576.43223410536
2024-11-12,303932.30137357564
2024-11-13,297508.59763390076
2024-11-14,283473.64181530615
2024-11-15,282395.3126277499
2024-11-18,274044.53076943726
2024-11-19,269451.29514866706
2024-11-20,265936.7380145851
2024-11-21,260587.83177684943
2024-11-22,263024.16166704707
2024-11-25,265775.87952876504
2024-11-26,269430.74992532824
2024-11-27,279410.34026588005
2024-11-29,276204.11057916004
2024-12-02,283108.983251716
2024-12-03,273429.55530661886
2024-12-04,263788.3361334804
2024-12-05,259169.2057220313
2024-12-06,263787.2421258493
2024-12-09,266078.4378453982
2024-12-10,268623.90602354787
2024-12-11,261177.12093025065
2024-12-12,260212.5705000498
2024-12-13,251167.8644661533
2024-12-16,248554.1972236395
2024-12-17,251659.3414746428
2024-12-18,250461.4446412834
2024-12-19,244366.54579293242
2024-12-20,243107.05750472937
2024-12-23,245508.4245940293
2024-12-24,243154.9614098759
2024-12-26,251207.64079828514
2024-12-27,251172.44470718008
2024-12-30,251654.57952644763
2024-12-31,250085.0661396449
