date,portfolio_value
2010-07-30,99351.02611614358
2010-08-02,99047.57065835543
2010-08-03,99023.17666797477
2010-08-04,99451.98842659523
2010-08-05,99381.54178230054
2010-08-06,98752.57146759512
2010-08-09,99096.71979354268
2010-08-10,99135.14064778807
2010-08-11,99248.86191493436
2010-08-12,99138.23594594392
2010-08-13,98167.58944441477
2010-08-16,98207.85331894373
2010-08-17,98227.4811609822
2010-08-18,98275.58052176906
2010-08-19,98619.12285916998
2010-08-20,98705.2183788901
2010-08-23,98701.73111959809
2010-08-24,98573.84532591453
2010-08-25,98655.57803643116
2010-08-26,98612.54233047945
2010-08-27,98713.71529330742
2010-08-30,98761.61592331881
2010-08-31,98188.94599003698
2010-09-01,97920.92813191516
2010-09-02,97827.78886295823
2010-09-03,97906.99761552429
2010-09-07,98249.55125289311
2010-09-08,98062.46710334989
2010-09-09,98271.0432342501
2010-09-10,98255.53304203227
2010-09-13,98343.47332923872
2010-09-14,98873.81102427232
2010-09-15,98950.3073444441
2010-09-16,99284.97495008082
2010-09-17,99593.26992395328
2010-09-20,99452.48473452884
2010-09-21,99831.38443903401
2010-09-22,99995.59919483354
2010-09-23,100573.64988039032
2010-09-24,100181.24689160052
2010-09-27,99809.72406091339
2010-09-28,100038.7016107156
2010-09-29,100078.3392154715
2010-09-30,99628.61463862716
2010-10-01,100049.854438422
2010-10-04,99873.92225172932
2010-10-05,99960.0548301058
2010-10-06,99344.37178964424
2010-10-07,99400.81420685595
2010-10-08,99490.59492758321
2010-10-11,99794.94479215276
2010-10-12,99828.61424386586
2010-10-13,99828.78916162977
2010-10-14,99931.98706448638
2010-10-15,100432.10230948757
2010-10-18,100438.29383147738
2010-10-19,100143.29302791724
2010-10-20,100167.30232374412
2010-10-21,100698.75231280693
2010-10-22,100842.63851590379
2010-10-25,100780.07856536281
2010-10-26,100795.72544449125
2010-10-27,101439.12726263772
2010-10-28,101908.56381155577
2010-10-29,102339.1995351053
2010-11-01,102376.13782497116
2010-11-02,102762.28206872148
2010-11-03,102690.6137067219
2010-11-04,102500.10992215769
2010-11-05,101559.34336612398
2010-11-08,102376.2312574553
2010-11-09,102958.93039210491
2010-11-10,102990.72159239548
2010-11-11,102409.7698703107
2010-11-12,102554.34801227084
2010-11-15,102414.49078988528
2010-11-16,102823.93876218185
2010-11-17,102993.62496574408
2010-11-18,103255.89712306386
2010-11-19,103456.15934379041
2010-11-22,103469.74841662939
2010-11-23,103820.06732945642
2010-11-24,104145.67075171902
2010-11-26,103925.72381375234
2010-11-29,103076.60707848947
2010-11-30,103338.78625465228
2010-12-01,103849.98317049352
2010-12-02,103951.21773425656
2010-12-03,104113.41948540093
2010-12-06,104454.08064277365
2010-12-07,104679.17380209005
2010-12-08,104682.71678695802
2010-12-09,104882.42012077369
2010-12-10,104717.48132557436
2010-12-13,104704.8942436862
2010-12-14,104955.58711856505
2010-12-15,105249.96645253996
2010-12-16,105698.41593898377
2010-12-17,105598.88949433799
2010-12-20,105428.46594477085
2010-12-21,105654.81483044878
2010-12-22,105442.7557421054
2010-12-23,105746.73246307723
2010-12-27,105458.63904166939
2010-12-28,105038.35806453132
2010-12-29,104891.34546753866
2010-12-30,104674.39257818402
2010-12-31,104456.43473274545
2011-01-03,104545.97066299895
2011-01-04,104344.93979593829
2011-01-05,104394.89620255647
2011-01-06,104132.6394212691
2011-01-07,104177.12342347391
2011-01-10,103814.82861520877
2011-01-11,104045.02283172091
2011-01-12,104253.78111044804
2011-01-13,104481.39344869507
2011-01-14,104626.47660119562
2011-01-18,104374.19520140374
2011-01-19,104329.57191500883
2011-01-20,104487.95749648486
2011-01-21,104413.39699376751
2011-01-24,104101.52254740811
2011-01-25,104118.46905655495
2011-01-26,104097.09151641697
2011-01-27,104350.98023456092
2011-01-28,104239.242590663
2011-01-31,103798.62353569228
2011-02-01,103985.56177612877
2011-02-02,104335.96957992282
2011-02-03,104153.68182773619
2011-02-04,104536.22349063371
2011-02-07,104411.95595856092
2011-02-08,104053.72118293606
2011-02-09,103689.36157160209
2011-02-10,103854.01055759387
2011-02-11,104250.0185519472
2011-02-14,104555.82578663429
2011-02-15,104421.66226195527
2011-02-16,104384.8086893674
2011-02-17,104419.75126236788
2011-02-18,104667.29602185203
2011-02-22,104778.01220060737
2011-02-23,104556.14192623526
2011-02-24,104432.52152211947
2011-02-25,104430.56254445546
2011-02-28,104356.2847935649
2011-03-01,104279.15895117827
2011-03-02,104403.4200346469
2011-03-03,104552.99145208808
2011-03-04,104552.2513456801
2011-03-07,104228.60939092521
2011-03-08,104638.53688487413
2011-03-09,104948.90633729918
2011-03-10,105004.80964082261
2011-03-11,104684.32758216465
2011-03-14,104617.93328405819
2011-03-15,104777.00973415055
2011-03-16,105048.66720167821
2011-03-17,104905.50263975277
2011-03-18,105372.59283316534
2011-03-21,105339.01748716322
2011-03-22,105445.39628092574
2011-03-23,105575.9799415563
2011-03-24,105781.56182096137
2011-03-25,105739.41657203721
2011-03-28,105727.52383973302
2011-03-29,105563.79761126635
2011-03-30,105826.04643788483
2011-03-31,105649.3706652483
2011-04-01,105590.31089659661
2011-04-04,105773.66714536234
2011-04-05,105897.99558803457
2011-04-06,106166.50430352072
2011-04-07,105986.45269822549
2011-04-08,105694.93887380598
2011-04-11,106115.61676065391
2011-04-12,106496.88683417684
2011-04-13,106507.56779866267
2011-04-14,106650.92987296994
2011-04-15,106617.58000392477
2011-04-18,106791.83416396915
2011-04-19,106917.26945718136
2011-04-20,106528.44675876055
2011-04-21,106802.4126956487
2011-04-25,106424.44881683256
2011-04-26,106435.08832121672
2011-04-27,106134.13191937553
2011-04-28,105838.83529833017
2011-04-29,105155.77441341334
2011-05-02,105033.12737070999
2011-05-03,105138.7594083503
2011-05-04,105647.76794482258
2011-05-05,106159.63301164095
2011-05-06,105725.14128134809
2011-05-09,105476.9149007223
2011-05-10,106030.44739090299
2011-05-11,106541.32033892971
2011-05-12,106440.19388549693
2011-05-13,106210.36411853082
2011-05-16,106218.63460249142
2011-05-17,106338.2834573169
2011-05-18,106625.66441855862
2011-05-19,106282.77054857834
2011-05-20,106613.51660338073
2011-05-23,106456.47489915948
2011-05-24,105907.03561668728
2011-05-25,105286.27870602228
2011-05-26,105071.18085629793
2011-05-27,104799.59622407009
2011-05-31,104263.63373623297
2011-06-01,103980.35960421956
2011-06-02,103955.55681324177
2011-06-03,103642.55060527162
2011-06-06,104041.15858736294
2011-06-07,104181.72004878728
2011-06-08,104030.04898351716
2011-06-09,103933.15682448288
2011-06-10,103614.95811983463
2011-06-13,103769.36437754698
2011-06-14,103971.09586623797
2011-06-15,103780.72983562556
2011-06-16,103831.65799298703
2011-06-17,103990.94963178929
2011-06-20,104253.18325146462
2011-06-21,104236.09598830336
2011-06-22,103844.45367754903
2011-06-23,104127.9826080672
2011-06-24,103632.6119931849
2011-06-27,104256.88803348297
2011-06-28,104424.33838476625
2011-06-29,104110.19902190866
2011-06-30,104383.42371672342
2011-07-01,104276.25636976317
2011-07-05,104123.33800648859
2011-07-06,104171.64236479894
2011-07-07,104636.55999827321
2011-07-08,104163.02050821985
2011-07-11,104173.44917045304
2011-07-12,103992.60197059816
2011-07-13,104343.31367241383
2011-07-14,103862.49662239652
2011-07-15,103400.55319110311
2011-07-18,102507.2185971202
2011-07-19,102868.49533582975
2011-07-20,103068.31900984468
2011-07-21,103263.57334638253
2011-07-22,103161.43233379406
2011-07-25,103166.28476819013
2011-07-26,102740.81904114498
2011-07-27,102541.50020887918
2011-07-28,102477.41188457276
2011-07-29,100747.50751103609
2011-08-01,100619.36054110035
2011-08-02,100410.68154558245
2011-08-03,100702.42083080884
2011-08-04,101110.95101977276
2011-08-05,101627.17381740868
2011-08-08,102145.43374347003
2011-08-09,101980.89377061944
2011-08-10,101316.55594751259
2011-08-11,101489.4299529363
2011-08-12,101514.79917558307
2011-08-15,101353.1654714627
2011-08-16,101492.21904657295
2011-08-17,101151.51058334918
2011-08-18,101116.38624246174
2011-08-19,100850.55776300916
2011-08-22,101417.123847827
2011-08-23,102116.48502194713
2011-08-24,102260.50155496295
2011-08-25,101954.2920011642
2011-08-26,101935.20131115818
2011-08-29,101983.11998571553
2011-08-30,102135.287218866
2011-08-31,101575.7053606422
2011-09-01,101669.4784778933
2011-09-02,101364.13260843468
2011-09-06,101381.44397202213
2011-09-07,101384.1792324401
2011-09-08,101383.127268946
2011-09-09,101242.96751423289
2011-09-12,102069.76972866466
2011-09-13,101976.43061605899
2011-09-14,102423.61584579904
2011-09-15,102757.47990241033
2011-09-16,102807.57455037141
2011-09-19,102829.24178429673
2011-09-20,102538.69932265134
2011-09-21,102639.56044501551
2011-09-22,103267.18008408333
2011-09-23,103374.11049934226
2011-09-26,103849.68134665061
2011-09-27,103975.99354744834
2011-09-28,104052.85639861439
2011-09-29,104309.00885916845
2011-09-30,104053.04849080561
2011-10-03,104995.24088735029
2011-10-04,105522.95629317996
2011-10-05,105861.73617739543
2011-10-06,105816.01469501882
2011-10-07,105632.62477218077
2011-10-10,105600.77406440905
2011-10-11,105768.50645128188
2011-10-12,105993.61941568373
2011-10-13,105940.95552761338
2011-10-14,105914.35096563646
2011-10-17,105884.13593032875
2011-10-18,105480.3610123648
2011-10-19,105241.93307368354
2011-10-20,104693.99131289552
2011-10-21,104754.4380018693
2011-10-24,104921.27436509586
2011-10-25,104778.32496614654
2011-10-26,104831.31820140105
2011-10-27,105907.3352435068
2011-10-28,105548.39284385476
2011-10-31,104993.34951268954
2011-11-01,104309.27847604346
2011-11-02,104383.91995754055
2011-11-03,105246.83956623255
2011-11-04,105116.87628850677
2011-11-07,105196.5537294609
2011-11-08,105959.1612120891
2011-11-09,105656.9838231696
2011-11-10,105772.06798678893
2011-11-11,106265.23063716735
2011-11-14,106332.07011657764
2011-11-15,106856.84091590074
2011-11-16,106629.93633902378
2011-11-17,106741.75541478432
2011-11-18,106806.68503112876
2011-11-21,106817.64954441346
2011-11-22,106692.2524525924
2011-11-23,106720.0596063232
2011-11-25,106422.19276815226
2011-11-28,106562.17868793299
2011-11-29,106851.75257570205
2011-11-30,107680.9290846474
2011-12-01,107223.19414184673
2011-12-02,107191.49988770377
2011-12-05,107817.75715224037
2011-12-06,107793.49953203628
2011-12-07,107801.12547185627
2011-12-08,107876.34757256761
2011-12-09,108988.79862367852
2011-12-12,108528.66513295853
2011-12-13,108361.4843997999
2011-12-14,108034.56774746845
2011-12-15,108431.71110195649
2011-12-16,108596.38684521856
2011-12-19,108661.47340704687
2011-12-20,108944.47740464966
2011-12-21,108532.55670650463
2011-12-22,108435.0600108966
2011-12-23,108504.05168496416
2011-12-27,108746.76461728197
2011-12-28,108444.0774504547
2011-12-29,108388.32620014518
2011-12-30,107873.72794767415
2012-01-03,107423.45696219252
2012-01-04,107353.76864676588
2012-01-05,106853.55961283133
2012-01-06,106754.85477290562
2012-01-09,106629.6185009015
2012-01-10,106368.17789821877
2012-01-11,105682.65405709327
2012-01-12,105746.78710818253
2012-01-13,105865.50092554012
2012-01-17,105933.4218288884
2012-01-18,106057.03241744588
2012-01-19,106264.7558139349
2012-01-20,106455.73771363983
2012-01-23,106542.60662226095
2012-01-24,106732.28375522868
2012-01-25,106470.99210384993
2012-01-26,106754.85900208142
2012-01-27,106703.77935900041
2012-01-30,106411.17048246003
2012-01-31,106227.24199932281
2012-02-01,106277.58400341356
2012-02-02,106363.04285152737
2012-02-03,106534.48875139256
2012-02-06,105939.69641791962
2012-02-07,106130.62002191026
2012-02-08,106111.03294841837
2012-02-09,106376.23652581347
2012-02-10,106436.40663822438
2012-02-13,106356.82448228615
2012-02-14,106454.16744080393
2012-02-15,106569.13306823041
2012-02-16,106975.43118679023
2012-02-17,107082.01808479775
2012-02-21,107074.61056178616
2012-02-22,107136.02825083646
2012-02-23,107188.56340354454
2012-02-24,107044.59942237713
2012-02-27,107076.61263702062
2012-02-28,107503.75788270838
2012-02-29,107183.9722098329
2012-03-01,107265.28758858671
2012-03-02,106901.1115719043
2012-03-05,107050.01230344837
2012-03-06,107130.97591447528
2012-03-07,107313.7349308646
2012-03-08,107294.55186487464
2012-03-09,107449.66149214632
2012-03-12,107302.25378906855
2012-03-13,107664.28824915746
2012-03-14,107495.68411730375
2012-03-15,107968.39613202422
2012-03-16,107382.30850922469
2012-03-19,107322.72640103736
2012-03-20,107354.14326682793
2012-03-21,107509.22770178615
2012-03-22,107821.56539263869
2012-03-23,107897.140419434
2012-03-26,108398.60383527214
2012-03-27,108441.54137501054
2012-03-28,108488.74559115694
2012-03-29,108665.59777957344
2012-03-30,108608.33684438647
2012-04-02,108791.5558092994
2012-04-03,108962.26578149648
2012-04-04,109041.86929298096
2012-04-05,108866.44278644584
2012-04-09,108969.77840644153
2012-04-10,109152.03160302363
2012-04-11,109315.98343144084
2012-04-12,109134.16299421963
2012-04-13,109166.33970329305
2012-04-16,109157.17904103629
2012-04-17,109352.43895579732
2012-04-18,109676.70608682593
2012-04-19,108692.95635155664
2012-04-20,108559.5183593704
2012-04-23,108518.1517606728
2012-04-24,108008.0411694071
2012-04-25,108091.7525064582
2012-04-26,108258.13010209713
2012-04-27,108684.62520508286
2012-04-30,108405.12707363063
2012-05-01,108482.95989961673
2012-05-02,108782.37122344943
2012-05-03,108618.84981675561
2012-05-04,108800.48253753137
2012-05-07,108872.21430014113
2012-05-08,108403.59115792275
2012-05-09,108580.31475531477
2012-05-10,108470.68117691352
2012-05-11,108257.09209521337
2012-05-14,108448.42139368008
2012-05-15,108643.96116975769
2012-05-16,108718.17495281695
2012-05-17,108531.6211032717
2012-05-18,109104.97278636956
2012-05-21,109053.66387676849
2012-05-22,109298.68771787772
2012-05-23,109380.35426651919
2012-05-24,109340.37667407005
2012-05-25,109755.2835745202
2012-05-29,109775.24653395714
2012-05-30,109844.66998764224
2012-05-31,109555.00257090421
2012-06-01,109675.74690667738
2012-06-04,109701.43762406593
2012-06-05,109397.04297293947
2012-06-06,109572.66903133538
2012-06-07,109772.26802071207
2012-06-08,109688.41374402701
2012-06-11,109825.30490970777
2012-06-12,110021.23178007946
2012-06-13,109512.87826305552
2012-06-14,109424.60527656964
2012-06-15,109163.2884494429
2012-06-18,109079.51040367347
2012-06-19,109270.40611651438
2012-06-20,109199.74918656616
2012-06-21,108860.79745906506
2012-06-22,108958.9135137453
2012-06-25,108435.75763953164
2012-06-26,108578.56113437508
2012-06-27,108295.14120920477
2012-06-28,108106.03955641197
2012-06-29,108569.42986976859
2012-07-02,108094.65543349861
2012-07-03,108666.16941632927
2012-07-05,108862.20073503652
2012-07-06,108459.59628351482
2012-07-09,108752.01299807508
2012-07-10,108968.67767432597
2012-07-11,108885.87028646111
2012-07-12,109039.25715517579
2012-07-13,109091.7043934394
2012-07-16,109124.86387644758
2012-07-17,108815.61378586417
2012-07-18,109286.736998531
2012-07-19,109463.45498032597
2012-07-20,109128.21836513189
2012-07-23,109135.42878173695
2012-07-24,108887.61888522765
2012-07-25,109071.95727180345
2012-07-26,110224.25231412608
2012-07-27,110761.03210380331
2012-07-30,110564.51312113131
2012-07-31,110169.2638177381
2012-08-01,110203.20664977009
2012-08-02,109555.26658823715
2012-08-03,109990.69832082302
2012-08-06,109745.81065424516
2012-08-07,109451.1840841988
2012-08-08,109637.14320225659
2012-08-09,109522.7639513296
2012-08-10,109642.7980368175
2012-08-13,109243.73690994822
2012-08-14,109455.05468088397
2012-08-15,109507.04096528131
2012-08-16,109417.31455174518
2012-08-17,109277.0641750295
2012-08-20,109211.4755202304
2012-08-21,108734.91257126267
2012-08-22,108972.01891245495
2012-08-23,109073.90843156388
2012-08-24,109049.79399265954
2012-08-27,109257.44151329181
2012-08-28,109122.166839346
2012-08-29,109252.05220837661
2012-08-30,109131.86387990462
2012-08-31,108990.79247742979
2012-09-04,108763.47584856753
2012-09-05,108633.07078224837
2012-09-06,108909.17658395277
2012-09-07,107827.0088091775
2012-09-10,107860.26936658773
2012-09-11,107886.88267614835
2012-09-12,107683.9638687512
2012-09-13,107789.7208054417
2012-09-14,107923.2265579934
2012-09-17,107468.44755472458
2012-09-18,107561.99995884739
2012-09-19,107150.65785344405
2012-09-20,106883.49006209688
2012-09-21,106738.0552954068
2012-09-24,109373.59437684847
2012-09-25,108993.4971597612
2012-09-26,109245.68529336734
2012-09-27,109629.9045322845
2012-09-28,109379.88714961958
2012-10-01,109836.23654084135
2012-10-02,109874.31736322813
2012-10-03,109824.34069666252
2012-10-04,109742.92105173774
2012-10-05,109563.01508259168
2012-10-08,109749.78806169757
2012-10-09,109789.99315803891
2012-10-10,109736.99208750168
2012-10-11,109957.38594957888
2012-10-12,110180.50788265195
2012-10-15,110171.2099129686
2012-10-16,110238.19497205346
2012-10-17,110145.7932404966
2012-10-18,110354.2593840363
2012-10-19,110272.46462128079
2012-10-22,110688.7102449367
2012-10-23,110861.36400771348
2012-10-24,110619.6556845706
2012-10-25,110610.66467873949
2012-10-26,110639.47399003195
2012-10-31,110750.79636454313
2012-11-01,111128.69089596908
2012-11-02,111543.84926538696
2012-11-05,111732.8696552887
2012-11-06,112057.46976826852
2012-11-07,112007.33278071615
2012-11-08,112109.31575775621
2012-11-09,112015.00178196258
2012-11-12,112059.85785108127
2012-11-13,112147.27684764698
2012-11-14,112685.67844720563
2012-11-15,112668.37452712856
2012-11-16,112253.25183167268
2012-11-19,112118.33920842886
2012-11-20,111938.0854953843
2012-11-21,111872.71150556477
2012-11-23,111928.89173063231
2012-11-26,111901.63533732016
2012-11-27,112204.46711697656
2012-11-28,112100.5935122087
2012-11-29,112318.08360522687
2012-11-30,111910.2088499906
2012-12-03,111998.40167971878
2012-12-04,112322.07337802838
2012-12-05,112696.20621145546
2012-12-06,112800.29595217857
2012-12-07,112792.92656025174
2012-12-10,112806.90268576238
2012-12-11,112669.58147278329
2012-12-12,112691.50098128335
2012-12-13,112632.82886603585
2012-12-14,112677.87145549268
2012-12-17,112861.72937520967
2012-12-18,113523.24117737368
2012-12-19,113307.26056687688
2012-12-20,113044.64488008594
2012-12-21,112808.50891585616
2012-12-24,113067.87088904264
2012-12-26,112762.92680504624
2012-12-27,112921.5056623483
2012-12-28,112907.07918984772
2012-12-31,112640.81907139554
2013-01-02,112387.28851779399
2013-01-03,112507.64592406951
2013-01-04,112111.11773588706
2013-01-07,110940.84753801674
2013-01-08,110755.09200339539
2013-01-09,111177.48599158462
2013-01-10,111392.58457904252
2013-01-11,111734.1395023686
2013-01-14,111730.41215989029
2013-01-15,111644.66191782735
2013-01-16,111968.71757484593
2013-01-17,112040.25997983538
2013-01-18,112216.14571598617
2013-01-22,112192.26342563116
2013-01-23,112227.32609377272
2013-01-24,112528.53776499961
2013-01-25,112566.23464676956
2013-01-28,112701.70043410582
2013-01-29,112535.40820113299
2013-01-30,112758.0715354087
2013-01-31,112559.38107367868
2013-02-01,112231.09751088967
2013-02-04,111934.88726683336
2013-02-05,111295.14630329495
2013-02-06,111244.92132932188
2013-02-07,111348.71580721815
2013-02-08,110960.60516040499
2013-02-11,111134.43641612963
2013-02-12,111385.5554328342
2013-02-13,111800.25232930979
2013-02-14,111939.7862983519
2013-02-15,111622.61566619543
2013-02-19,111636.29740463737
2013-02-20,111789.26830616719
2013-02-21,111761.1300439013
2013-02-22,111649.63575089772
2013-02-25,111536.64015486276
2013-02-26,111391.45838086493
2013-02-27,111003.58029750397
2013-02-28,110842.49268705904
2013-03-01,110658.52401082485
2013-03-04,110151.4445362786
2013-03-05,110271.10852217747
2013-03-06,110400.00906574103
2013-03-07,110277.50687544674
2013-03-08,109843.48262000445
2013-03-11,109844.50498488615
2013-03-12,109761.62867980344
2013-03-13,110064.4243153182
2013-03-14,110176.83376624878
2013-03-15,110015.06787046236
2013-03-18,109784.25394479829
2013-03-19,110318.70258683944
2013-03-20,110046.6341707038
2013-03-21,110028.82140918913
2013-03-22,109852.11154351658
2013-03-25,110187.98491125889
2013-03-26,109692.61174916729
2013-03-27,109639.55904477443
2013-03-28,109551.81616704725
2013-04-01,109746.55808770453
2013-04-02,109549.45903136217
2013-04-03,109799.07107439899
2013-04-04,109731.73101576947
2013-04-05,109784.3939475519
2013-04-08,109733.1541306248
2013-04-09,109358.02341225621
2013-04-10,109748.2599749618
2013-04-11,109674.9405867057
2013-04-12,109818.06414162944
2013-04-15,110199.01537174114
2013-04-16,109917.01537436809
2013-04-17,110153.71071775188
2013-04-18,110549.00249881923
2013-04-19,110281.0598757797
2013-04-22,110147.99739493045
2013-04-23,110343.51223871729
2013-04-24,110370.58148448676
2013-04-25,110233.04916148726
2013-04-26,110121.07378871503
2013-04-29,109961.04858025083
2013-04-30,109651.77407308911
2013-05-01,109797.60852416095
2013-05-02,109994.37253099187
2013-05-03,110425.94534880032
2013-05-06,110280.11603666926
2013-05-07,110342.71454097124
2013-05-08,110680.89079094003
2013-05-09,110995.5435174969
2013-05-10,110969.3859207628
2013-05-13,110362.48587042594
2013-05-14,110617.16584468164
2013-05-15,110706.41327453661
2013-05-16,110974.57617123309
2013-05-17,111024.92307300874
2013-05-20,111097.79583591285
2013-05-21,111589.37248147879
2013-05-22,111787.38974177223
2013-05-23,111323.57848529142
2013-05-24,111127.56096723111
2013-05-28,111694.45732747136
2013-05-29,112096.0154053389
2013-05-30,112143.259182018
2013-05-31,112582.0222744004
2013-06-03,113219.07899035027
2013-06-04,113349.38044401407
2013-06-05,113523.08640533195
2013-06-06,112951.04439503013
2013-06-07,112966.88282328968
2013-06-10,112993.76888304637
2013-06-11,113231.83712543009
2013-06-12,113621.94854555668
2013-06-13,113378.30211029429
2013-06-14,113107.81946840812
2013-06-17,112871.13076088572
2013-06-18,113034.02399522418
2013-06-19,113100.79902385714
2013-06-20,113358.16835212201
2013-06-21,113386.27756484515
2013-06-24,113471.50924594869
2013-06-25,113529.27919461123
2013-06-26,113196.24394989552
2013-06-27,113363.66347411425
2013-06-28,113164.30386431541
2013-07-01,113375.3216503918
2013-07-02,113633.44714817805
2013-07-03,113909.61582067519
2013-07-05,114416.88303667885
2013-07-08,114259.75932746046
2013-07-09,114409.3884308452
2013-07-10,114407.06195734337
2013-07-11,114264.23939848637
2013-07-12,114171.47286140136
2013-07-15,114357.05884521859
2013-07-16,114227.97537542149
2013-07-17,113977.37375458365
2013-07-18,113967.95479144927
2013-07-19,113799.97383406869
2013-07-22,113715.80636227368
2013-07-23,113916.73801636617
2013-07-24,113771.41563930296
2013-07-25,114088.06671642387
2013-07-26,113947.53939664437
2013-07-29,113948.43055018158
2013-07-30,113738.93931175562
2013-07-31,113438.98287920034
2013-08-01,113626.00031531884
2013-08-02,113649.57214331461
2013-08-05,113676.62737530445
2013-08-06,113816.65355758107
2013-08-07,113154.79461186627
2013-08-08,113939.48413665823
2013-08-09,113582.70604258403
2013-08-12,113901.23443157838
2013-08-13,114138.78837329271
2013-08-14,113825.90781396948
2013-08-15,113921.2002666312
2013-08-16,114206.82216956964
2013-08-19,114770.21144795319
2013-08-20,114272.91756788734
2013-08-21,114351.50188623625
2013-08-22,114250.5789801908
2013-08-23,113875.78715832133
2013-08-26,113832.45523312633
2013-08-27,113423.59946850658
2013-08-28,113479.82769648767
2013-08-29,113386.5877665495
2013-08-30,113233.82489973393
2013-09-03,113782.45141297311
2013-09-04,114057.04313844557
2013-09-05,114348.79686433947
2013-09-06,114422.33581578138
2013-09-09,114566.67704729526
2013-09-10,114715.35551584334
2013-09-11,114429.8969648311
2013-09-12,114301.88701233375
2013-09-13,114396.49488992154
2013-09-16,114479.8048375158
2013-09-17,114525.56793076466
2013-09-18,114410.17729883264
2013-09-19,115118.23019638682
2013-09-20,115462.5917631594
2013-09-23,115646.36465758897
2013-09-24,115513.11921192627
2013-09-25,115545.44017535725
2013-09-26,115783.52440917048
2013-09-27,115823.34683302292
2013-09-30,115777.14244358026
2013-10-01,115931.37073203092
2013-10-02,116092.833822441
2013-10-03,116053.82260029651
2013-10-04,115982.11571677675
2013-10-07,115869.50514998837
2013-10-08,115973.66429503648
2013-10-09,116147.6885833859
2013-10-10,116100.40786763548
2013-10-11,116255.89352115773
2013-10-14,116325.0629419871
2013-10-15,116435.32072595926
2013-10-16,116289.41259948864
2013-10-17,115798.62377594289
2013-10-18,116295.50034452911
2013-10-21,116369.34522372142
2013-10-22,116447.2565870154
2013-10-23,116262.24574197215
2013-10-24,116034.47244066017
2013-10-25,116169.8293210984
2013-10-28,116083.45865322914
2013-10-29,116297.3536567731
2013-10-30,116909.12534234983
2013-10-31,117101.01041555102
2013-11-01,116804.96574047493
2013-11-04,116594.06481317763
2013-11-05,116818.76124903615
2013-11-06,117380.53941513621
2013-11-07,117823.0655726956
2013-11-08,117476.56423969253
2013-11-11,117160.99330153773
2013-11-12,117426.72879115367
2013-11-13,117250.40162849578
2013-11-14,116741.1862218713
2013-11-15,116609.22235131709
2013-11-18,117128.60927788798
2013-11-19,117222.59452890817
2013-11-20,117047.23670295191
2013-11-21,116707.45458131091
2013-11-22,116619.74328710485
2013-11-25,116801.13837142751
2013-11-26,116562.03540253837
2013-11-27,116697.8972189331
2013-11-29,116618.31532473574
2013-12-02,116141.50357378523
2013-12-03,116474.6282603197
2013-12-04,116470.80150314969
2013-12-05,116572.15973646805
2013-12-06,116740.84258195394
2013-12-09,116914.83721048232
2013-12-10,116860.36899892823
2013-12-11,116745.7487886629
2013-12-12,116480.99308930848
2013-12-13,116472.09109499052
2013-12-16,115067.99911011028
2013-12-17,115186.8256397402
2013-12-18,115119.62179664377
2013-12-19,114781.49625740113
2013-12-20,114425.86289324629
2013-12-23,116691.80406543924
2013-12-24,114713.42974175693
2013-12-26,114732.5917311508
2013-12-27,114430.89200408201
2013-12-30,114258.29873003156
2013-12-31,113801.72631152399
2014-01-02,113615.09386277416
2014-01-03,113861.57673870675
2014-01-06,113352.03379482593
2014-01-07,113356.54132888264
2014-01-08,113106.29493009848
2014-01-09,113134.51521059527
2014-01-10,112587.69076323038
2014-01-13,113131.45262221088
2014-01-14,112918.8977308113
2014-01-15,112714.3731729422
2014-01-16,112433.94241296506
2014-01-17,112514.14896556799
2014-01-21,112222.29055258833
2014-01-22,112395.2081180582
2014-01-23,112180.96372585697
2014-01-24,111818.36935619233
2014-01-27,112417.4331106192
2014-01-28,112030.77140348352
2014-01-29,112198.33529189447
2014-01-30,112348.94878205063
2014-01-31,112403.85438998985
2014-02-03,112483.02828418292
2014-02-04,112616.17692302124
2014-02-05,112738.95606403658
2014-02-06,112402.11360504886
2014-02-07,111915.3678266156
2014-02-10,111658.6987891978
2014-02-11,111555.44156886823
2014-02-12,111962.98381122481
2014-02-13,112002.034890145
2014-02-14,112309.13146118652
2014-02-18,111973.51791322145
2014-02-19,112072.62070954993
2014-02-20,112258.43302669382
2014-02-21,112173.68789147852
2014-02-24,112093.34074558603
2014-02-25,111862.57017122665
2014-02-26,112207.37493736169
2014-02-27,112129.70787193894
2014-02-28,111878.90114100064
2014-03-03,111951.71246627448
2014-03-04,112189.73077100219
2014-03-05,111736.27184693344
2014-03-06,112314.8330670438
2014-03-07,112959.1631847935
2014-03-10,112973.09379425232
2014-03-11,113126.63533460589
2014-03-12,112991.71039990016
2014-03-13,112887.98981259184
2014-03-14,112670.81416083491
2014-03-17,112913.0469381888
2014-03-18,112696.18562452585
2014-03-19,112725.09048220442
2014-03-20,112752.96630582325
2014-03-21,112841.66865841136
2014-03-24,113092.67767479258
2014-03-25,113206.00691402546
2014-03-26,113269.8354543225
2014-03-27,113033.72551099455
2014-03-28,113154.12931934666
2014-03-31,113150.14640993068
2014-04-01,113359.13751487271
2014-04-02,113597.94196229006
2014-04-03,113929.59405881658
2014-04-04,114025.81402302429
2014-04-07,113709.6492495905
2014-04-08,113695.52709388829
2014-04-09,113432.33571193286
2014-04-10,113589.93979230087
2014-04-11,113835.67973122989
2014-04-14,114310.1171959982
2014-04-15,114325.85988953544
2014-04-16,114266.16188308294
2014-04-17,114423.28769356062
2014-04-21,114361.27760375588
2014-04-22,114031.5501089954
2014-04-23,114055.05987034859
2014-04-24,113969.19476371212
2014-04-25,114308.44839829489
2014-04-28,114144.77254115426
2014-04-29,113943.33302238859
2014-04-30,113846.84778865994
2014-05-01,113280.12496821466
2014-05-02,113710.26549242272
2014-05-05,113813.10143842633
2014-05-06,113990.69270114324
2014-05-07,114439.81307638739
2014-05-08,114692.2050142899
2014-05-09,115047.56247244502
2014-05-12,115361.76340575723
2014-05-13,115146.91663669923
2014-05-14,114747.13974821696
2014-05-15,114656.24030227284
2014-05-16,114788.10496871633
2014-05-19,115090.14076602388
2014-05-20,115008.0394528287
2014-05-21,115086.8433186507
2014-05-22,114769.55186987732
2014-05-23,114693.89194045178
2014-05-27,114676.80740844426
2014-05-28,114101.85099769874
2014-05-29,113984.4358348577
2014-05-30,113919.84911416504
2014-06-02,113703.74039914546
2014-06-03,113835.5573017076
2014-06-04,113517.36620253322
2014-06-05,113746.6106570447
2014-06-06,113764.89551489691
2014-06-09,112587.38859411096
2014-06-10,112305.37526123378
2014-06-11,111808.33824234936
2014-06-12,111352.28483798676
2014-06-13,111118.1199152007
2014-06-16,110798.69035913568
2014-06-17,110632.48437490079
2014-06-18,110622.48614466962
2014-06-19,110665.65918395275
2014-06-20,110870.79666759618
2014-06-23,110777.26951142223
2014-06-24,111471.5840081769
2014-06-25,111366.44962954232
2014-06-26,111128.51788644005
2014-06-27,111047.27043966259
2014-06-30,111115.84297176811
2014-07-01,111492.62017802737
2014-07-02,111121.83811146462
2014-07-03,111828.56290436891
2014-07-07,111702.7481577624
2014-07-08,111545.17963752901
2014-07-09,111361.12682361426
2014-07-10,111287.92943219162
2014-07-11,110985.10552306913
2014-07-14,110906.86562590269
2014-07-15,111095.14052788107
2014-07-16,111200.52260104413
2014-07-17,111185.05552916302
2014-07-18,111102.39400175799
2014-07-21,110925.5598543458
2014-07-22,110871.00138734367
2014-07-23,110547.32853176027
2014-07-24,110609.10549074993
2014-07-25,110605.74448250973
2014-07-28,111300.35918580017
2014-07-29,111029.71031538621
2014-07-30,110552.42428172263
2014-07-31,110847.01806852518
2014-08-01,111070.76075908975
2014-08-04,111137.35570553076
2014-08-05,111669.89392256766
2014-08-06,111552.08081704756
2014-08-07,111483.88050583396
2014-08-08,111462.51724222297
2014-08-11,111517.69464536296
2014-08-12,111633.45266784808
2014-08-13,111804.89571290657
2014-08-14,112028.33821414063
2014-08-15,111931.06188926483
2014-08-18,112424.34838095414
2014-08-19,112416.95305316045
2014-08-20,112030.28958727435
2014-08-21,111883.6615254218
2014-08-22,111811.98055714977
2014-08-25,111685.0222636863
2014-08-26,112127.63167265983
2014-08-27,111720.95840920482
2014-08-28,111829.11772134775
2014-08-29,111622.61831191421
2014-09-02,111973.28704612436
2014-09-03,111969.44027641896
2014-09-04,112313.55705084254
2014-09-05,112373.45671599335
2014-09-08,112344.463420779
2014-09-09,112411.69321559317
2014-09-10,112444.13955872667
2014-09-11,112449.48887441869
2014-09-12,112968.4554093855
2014-09-15,112900.03990695451
2014-09-16,112622.96133596243
2014-09-17,112540.30152394701
2014-09-18,112966.6192771481
2014-09-19,112688.92573741324
2014-09-22,113085.89455243539
2014-09-23,113072.00977336473
2014-09-24,113106.19390686092
2014-09-25,112842.60452687225
2014-09-26,112888.51422527255
2014-09-29,112773.87069335824
2014-09-30,112372.49996395141
2014-10-01,112730.67576008741
2014-10-02,113129.62861661441
2014-10-03,112932.82695842984
2014-10-06,113035.40378815861
2014-10-07,113082.59214627798
2014-10-08,113134.4239802857
2014-10-09,112989.7893348296
2014-10-10,113209.76642668027
2014-10-13,113746.16307429748
2014-10-14,113912.80328153996
2014-10-15,114042.70864610717
2014-10-16,113673.68724739284
2014-10-17,113645.70961922957
2014-10-20,113785.87165584981
2014-10-21,113944.77550387342
2014-10-22,114046.14610016775
2014-10-23,114310.59101327325
2014-10-24,114540.7464678812
2014-10-27,114648.81238302434
2014-10-28,114787.01898930335
2014-10-29,114624.84759083882
2014-10-30,115221.75814513382
2014-10-31,115109.01675851636
2014-11-03,115089.45355966453
2014-11-04,115804.10640967943
2014-11-05,115796.9037144927
2014-11-06,116128.62722759527
2014-11-07,115701.1010013131
2014-11-10,116115.73716134913
2014-11-11,115988.95209145866
2014-11-12,116453.46166539285
2014-11-13,116416.12745017132
2014-11-14,116434.75387747001
2014-11-17,116322.22538535684
2014-11-18,116302.71489962148
2014-11-19,116519.00620558049
2014-11-20,116444.31064800895
2014-11-21,116291.84332087632
2014-11-24,116448.34806613263
2014-11-25,116529.60671336774
2014-11-26,116573.85434456417
2014-11-28,116836.27580383062
2014-12-01,117513.84055589634
2014-12-02,117796.07951726599
2014-12-03,118003.79096738383
2014-12-04,118068.9976840618
2014-12-05,118490.42358731707
2014-12-08,118853.35011286465
2014-12-09,118486.02022624815
2014-12-10,118972.9642014383
2014-12-11,119017.11822526541
2014-12-12,118819.7253111118
2014-12-15,119797.61538986405
2014-12-16,119396.3504648213
2014-12-17,119126.38346815394
2014-12-18,118382.52941219223
2014-12-19,117509.35257707021
2014-12-22,117635.96964502407
2014-12-23,118047.32005180678
2014-12-24,118136.25077458029
2014-12-26,118153.95546356248
2014-12-29,118109.15339643434
2014-12-30,118209.26210352854
2014-12-31,117918.34075662174
2015-01-02,117028.79242010583
2015-01-05,117014.20177774876
2015-01-06,117133.16323996786
2015-01-07,117114.99310112518
2015-01-08,116933.88148907301
2015-01-09,116666.72279021644
2015-01-12,117241.41058942839
2015-01-13,117807.55519903905
2015-01-14,117935.61297210702
2015-01-15,118255.88947824233
2015-01-16,118166.8952628451
2015-01-20,118110.09493655586
2015-01-21,118257.05788547374
2015-01-22,118522.94988963455
2015-01-23,118582.2871493868
2015-01-26,118416.91732873865
2015-01-27,118096.45455166177
2015-01-28,118200.2071209469
2015-01-29,118248.26295784459
2015-01-30,117732.38389244284
2015-02-02,117799.1394665362
2015-02-03,117507.11329647565
2015-02-04,117804.35397343143
2015-02-05,117710.8568150971
2015-02-06,117595.68029226147
2015-02-09,117186.3583245528
2015-02-10,117407.41089246671
2015-02-11,118180.44888665351
2015-02-12,117770.19717015904
2015-02-13,117850.89528005838
2015-02-17,117611.8030576492
2015-02-18,117700.53113495107
2015-02-19,117962.79051797709
2015-02-20,117786.58842269768
2015-02-23,117752.48527467529
2015-02-24,117545.91845032056
2015-02-25,117193.33226079069
2015-02-26,117243.99050750758
2015-02-27,117774.80190386562
2015-03-02,118015.3831637445
2015-03-03,117737.28892531138
2015-03-04,117804.60812730828
2015-03-05,117280.17524036646
2015-03-06,117810.43508316568
2015-03-09,118073.43714721888
2015-03-10,118150.1204091514
2015-03-11,117952.81898338371
2015-03-12,118247.17886010135
2015-03-13,118249.34212829487
2015-03-16,118171.8494792993
2015-03-17,117778.258130078
2015-03-18,117205.85495151217
2015-03-19,117276.79659416495
2015-03-20,117395.79088733182
2015-03-23,118033.24513540097
2015-03-24,118511.350796838
2015-03-25,119138.71154548158
2015-03-26,119175.77228247788
2015-03-27,119520.0324513226
2015-03-30,119346.15440071467
2015-03-31,119418.09819229049
2015-04-01,119554.36908078287
2015-04-02,119578.59089971089
2015-04-06,119192.76395295418
2015-04-07,118836.93468304227
2015-04-08,119004.50726535979
2015-04-09,118816.16563587649
2015-04-10,118648.18372153811
2015-04-13,118514.83946255417
2015-04-14,117880.60023112764
2015-04-15,117500.9775210985
2015-04-16,117310.2839331763
2015-04-17,116890.16774915604
2015-04-20,117018.1906640174
2015-04-21,117057.25632415005
2015-04-22,117262.1634127523
2015-04-23,117032.62163726668
2015-04-24,117307.70640961867
2015-04-27,117645.60091030938
2015-04-28,118383.04502827096
2015-04-29,118151.76240567185
2015-04-30,117627.3184445085
2015-05-01,117762.88338454222
2015-05-04,117479.25745808517
2015-05-05,117819.5278916476
2015-05-06,117878.99962505995
2015-05-07,118226.38700831741
2015-05-08,118015.60563170566
2015-05-11,117583.40544099716
2015-05-12,117511.3232232968
2015-05-13,117636.5387340247
2015-05-14,117717.99923116708
2015-05-15,117503.9173992453
2015-05-18,118039.70250358275
2015-05-19,118120.82821067309
2015-05-20,117714.75141177693
2015-05-21,117821.15449991093
2015-05-22,117644.12162118847
2015-05-26,117745.36196802955
2015-05-27,117604.44211202761
2015-05-28,117696.12337775141
2015-05-29,117300.52704290225
2015-06-01,117476.65873867262
2015-06-02,117334.1958975195
2015-06-03,117372.6906994516
2015-06-04,117631.36583067189
2015-06-05,117799.26086453925
2015-06-08,118259.99364325922
2015-06-09,118730.37141656948
2015-06-10,118596.88867001393
2015-06-11,118426.03526751898
2015-06-12,118600.03140969164
2015-06-15,118318.47776329862
2015-06-16,118615.32093408916
2015-06-17,118203.99930735756
2015-06-18,117840.68329301645
2015-06-19,117773.72279470586
2015-06-22,117387.15445167554
2015-06-23,117013.17952132755
2015-06-24,117208.46529484728
2015-06-25,117274.9175745532
2015-06-26,117205.4727157967
2015-06-29,117510.02679517257
2015-06-30,116468.67362817074
2015-07-01,116894.0517589749
2015-07-02,116672.30264999552
2015-07-06,116352.07767899265
2015-07-07,116433.58264609314
2015-07-08,116606.31217042296
2015-07-09,116430.01530233276
2015-07-10,116428.97983053156
2015-07-13,116351.74638732085
2015-07-14,115803.28877519385
2015-07-15,115648.27370728872
2015-07-16,115495.16920282875
2015-07-17,115445.9334349025
2015-07-20,115975.94362111873
2015-07-21,115881.22070907007
2015-07-22,116128.28233437355
2015-07-23,116342.94859833113
2015-07-24,116515.95188246196
2015-07-27,116571.76275502154
2015-07-28,117007.49484018392
2015-07-29,117430.31644196114
2015-07-30,117253.60282211582
2015-07-31,116826.41882120364
2015-08-03,116585.95376625704
2015-08-04,116789.13067700365
2015-08-05,117103.44630830834
2015-08-06,117291.25214751207
2015-08-07,117589.60291349946
2015-08-10,117392.63322352723
2015-08-11,117567.33403408204
2015-08-12,116880.2462489628
2015-08-13,116572.62109157292
2015-08-14,116953.68522759096
2015-08-17,116433.1296098443
2015-08-18,116790.25659348263
2015-08-19,117087.05590627328
2015-08-20,117325.8165675507
2015-08-21,117656.09571882707
2015-08-24,118054.66640025494
2015-08-25,117490.07422582404
2015-08-26,117705.23918500697
2015-08-27,117291.84414751003
2015-08-28,116658.70290512177
2015-08-31,116127.93253196598
2015-09-01,116035.58437376388
2015-09-02,115754.80534285159
2015-09-03,115855.37070296379
2015-09-04,115775.4014741168
2015-09-08,115523.22597339113
2015-09-09,116799.93777384677
2015-09-10,117022.94259250115
2015-09-11,116847.56875384103
2015-09-14,117018.57999846032
2015-09-15,117100.77888908389
2015-09-16,116055.16007579873
2015-09-17,115632.2694840711
2015-09-18,114630.03804801848
2015-09-21,115303.04485243012
2015-09-22,115409.24500810372
2015-09-23,115585.17239420734
2015-09-24,115648.3461108028
2015-09-25,116699.54808583081
2015-09-28,117455.45846459083
2015-09-29,118566.06763858683
2015-09-30,118230.86708896206
2015-10-01,118833.11346426424
2015-10-02,118291.16082173979
2015-10-05,118580.35161270385
2015-10-06,119179.60347012771
2015-10-07,118941.58590558346
2015-10-08,119160.89076816649
2015-10-09,118897.15710265515
2015-10-12,118995.19470138678
2015-10-13,119185.58196970503
2015-10-14,119167.63926503665
2015-10-15,118940.11977635327
2015-10-16,118439.24677406027
2015-10-19,119245.4219902053
2015-10-20,119335.28129804388
2015-10-21,119971.54315445368
2015-10-22,120014.89791225998
2015-10-23,120436.18064651356
2015-10-26,120571.38234354008
2015-10-27,120940.46235284291
2015-10-28,121031.02815936194
2015-10-29,120824.69993811185
2015-10-30,120834.40492357792
2015-11-02,120299.55406679839
2015-11-03,120517.61138601563
2015-11-04,120924.84312160639
2015-11-05,120961.79870402909
2015-11-06,121002.24279138295
2015-11-09,121011.7827462919
2015-11-10,120760.422571168
2015-11-11,120755.7460993935
2015-11-12,121065.87072434773
2015-11-13,120658.56892853524
2015-11-16,120855.89958134899
2015-11-17,121207.62572861803
2015-11-18,121087.49248324106
2015-11-19,121110.21522665699
2015-11-20,121295.51308527807
2015-11-23,121016.30382885109
2015-11-24,121049.77183899321
2015-11-25,121212.74512164143
2015-11-27,121002.02565258218
2015-11-30,121121.44683288998
2015-12-01,119427.09833049148
2015-12-02,118622.23034649945
2015-12-03,119175.4692869467
2015-12-04,119565.47372205286
2015-12-07,120544.29276472036
2015-12-08,120308.43044751068
2015-12-09,120266.76223349391
2015-12-10,120148.47161613428
2015-12-11,120413.38681911869
2015-12-14,120755.95503338813
2015-12-15,120384.52628290688
2015-12-16,120119.55436184406
2015-12-17,120502.09288375714
2015-12-18,120481.63825851068
2015-12-21,120523.79885758949
2015-12-22,120844.38955809413
2015-12-23,120327.44854186589
2015-12-24,120285.8826589442
2015-12-28,120541.76251495816
2015-12-29,121008.41260580186
2015-12-30,120766.49409400669
2015-12-31,120167.85060887998
2016-01-04,120351.50757914875
2016-01-05,121060.92118596433
2016-01-06,120323.16728441526
2016-01-07,121517.72299438907
2016-01-08,121448.26632071783
2016-01-11,122209.74754372072
2016-01-12,122973.06470287367
2016-01-13,123341.70636287982
2016-01-14,123149.4663197686
2016-01-15,123472.47703765114
2016-01-19,124126.83366620785
2016-01-20,123722.82989596449
2016-01-21,123608.3848914222
2016-01-22,123076.4409752948
2016-01-25,123301.8726242171
2016-01-26,122601.74784628823
2016-01-27,122526.16846023285
2016-01-28,122745.43385794344
2016-01-29,122809.5357742341
2016-02-01,123134.746662183
2016-02-02,124065.50907852028
2016-02-03,123488.3502353692
2016-02-04,123337.84908432399
2016-02-05,124087.94197732871
2016-02-08,125239.65362197426
2016-02-09,125899.64572157405
2016-02-10,125874.25708506926
2016-02-11,126340.9201319325
2016-02-12,126021.71519470177
2016-02-16,125882.04589883288
2016-02-17,125150.26968689146
2016-02-18,125811.40777260985
2016-02-19,126268.34807383348
2016-02-22,126184.22478006323
2016-02-23,126595.97047573427
2016-02-24,126974.86249415582
2016-02-25,126850.56440433212
2016-02-26,126749.19899998387
2016-02-29,126467.31278403345
2016-03-01,126505.27452101637
2016-03-02,125460.08787560514
2016-03-03,125262.31582590827
2016-03-04,124534.79742974386
2016-03-07,123297.1186002261
2016-03-08,124878.74549117539
2016-03-09,124328.82801891967
2016-03-10,124902.79691119096
2016-03-11,124673.30842152584
2016-03-14,124720.81870178776
2016-03-15,125826.86563867796
2016-03-16,125855.35780372558
2016-03-17,125734.93268666617
2016-03-18,126347.95781287507
2016-03-21,125953.26763283677
2016-03-22,126097.78007943134
2016-03-23,127399.860404473
2016-03-24,127306.45481989201
2016-03-28,127997.16951026965
2016-03-29,128134.37892183862
2016-03-30,127881.1287696514
2016-03-31,127203.92439564268
2016-04-01,127086.83471740564
2016-04-04,126378.79390835582
2016-04-05,126051.01479023672
2016-04-06,125001.40634656421
2016-04-07,125200.14235580646
2016-04-08,125434.97184942313
2016-04-11,125434.06843730708
2016-04-12,125353.97752690164
2016-04-13,125163.52789947813
2016-04-14,125412.83081327305
2016-04-15,125622.48140098216
2016-04-18,125408.42652172848
2016-04-19,125416.0826285047
2016-04-20,125267.91864667083
2016-04-21,125785.22690079318
2016-04-22,125997.01322765385
2016-04-25,126313.67270675726
2016-04-26,126853.60143419816
2016-04-27,127028.00149759214
2016-04-28,126943.06953474921
2016-04-29,127075.11165236874
2016-05-02,127215.44149908659
2016-05-03,127766.68123583606
2016-05-04,128153.2656837705
2016-05-05,127981.14933448733
2016-05-06,128434.22931048018
2016-05-09,128054.77267323206
2016-05-10,128202.14964501445
2016-05-11,128777.76104815373
2016-05-12,129303.76836237356
2016-05-13,129767.33888996977
2016-05-16,129193.254841777
2016-05-17,129094.81703524834
2016-05-18,129077.55719394912
2016-05-19,129225.81388433602
2016-05-20,128956.72020556507
2016-05-23,128817.99955271861
2016-05-24,128669.69127186842
2016-05-25,128462.66078914478
2016-05-26,128749.22324266196
2016-05-27,128797.97673033355
2016-05-31,127650.02793578188
2016-06-01,126928.03862067219
2016-06-02,126895.08822989311
2016-06-03,126856.13154561707
2016-06-06,126376.02451411248
2016-06-07,126742.11617967748
2016-06-08,126606.79693645857
2016-06-09,126783.91178791487
2016-06-10,127276.80919328306
2016-06-13,127288.23443375804
2016-06-14,128386.50458224764
2016-06-15,127947.55921695159
2016-06-16,128057.47223843167
2016-06-17,128042.83499192508
2016-06-20,128582.75298899319
2016-06-21,128327.54264143208
2016-06-22,128484.16055465695
2016-06-23,128481.25121031902
2016-06-24,128312.44384508532
2016-06-27,128919.1999945677
2016-06-28,128462.54554684453
2016-06-29,128891.28344787162
2016-06-30,128643.82772564357
2016-07-01,128444.99451214568
2016-07-05,128779.37523164238
2016-07-06,128865.12534660636
2016-07-07,129073.48641219945
2016-07-08,129200.13403632629
2016-07-11,129250.79075315977
2016-07-12,129170.75346937182
2016-07-13,129683.45221745849
2016-07-14,129913.79785675813
2016-07-15,129956.96832380303
2016-07-18,130099.7835591598
2016-07-19,130243.98283558822
2016-07-20,130492.29922843682
2016-07-21,130319.48759638952
2016-07-22,130214.58025173613
2016-07-25,130330.48418503001
2016-07-26,130155.45584157313
2016-07-27,129892.3628978609
2016-07-28,130096.24773475798
2016-07-29,129721.55424857538
2016-08-01,130010.39106199233
2016-08-02,129886.5052745644
2016-08-03,129365.5293860182
2016-08-04,129231.92358969498
2016-08-05,129264.58808304345
2016-08-08,129402.8582771993
2016-08-09,129308.92543961474
2016-08-10,129581.49429441549
2016-08-11,129517.45027379208
2016-08-12,129277.33894188242
2016-08-15,129597.26272558702
2016-08-16,129548.52109245518
2016-08-17,129726.71962105148
2016-08-18,129512.95544143171
2016-08-19,129895.31757164972
2016-08-22,129936.2212618182
2016-08-23,130075.77969587763
2016-08-24,130554.57998180964
2016-08-25,130551.91215056134
2016-08-26,130589.65967474175
2016-08-29,130581.25310285187
2016-08-30,130628.67601474922
2016-08-31,130701.62861551894
2016-09-01,131101.28821091168
2016-09-02,131199.32225950895
2016-09-06,130737.92456642102
2016-09-07,130422.82396359347
2016-09-08,130304.17237475689
2016-09-09,130728.24563627492
2016-09-12,130487.54173747895
2016-09-13,131164.93775068776
2016-09-14,131295.05066288315
2016-09-15,131504.01498710786
2016-09-16,131187.75510914632
2016-09-19,131269.75540311827
2016-09-20,131239.66324736737
2016-09-21,131261.7433017716
2016-09-22,131501.92386766727
2016-09-23,131903.25746568124
2016-09-26,132194.52055706707
2016-09-27,132022.53035635184
2016-09-28,131790.68305048114
2016-09-29,131775.40396967766
2016-09-30,131237.19469224734
2016-10-03,130976.60555580174
2016-10-04,131355.18020991056
2016-10-05,131076.30320822774
2016-10-06,131457.3743504878
2016-10-07,131516.9258503853
2016-10-10,131118.29132662926
2016-10-11,131571.15493717053
2016-10-12,131939.6436611608
2016-10-13,131590.50016557108
2016-10-14,131578.42781448492
2016-10-17,131646.48834163413
2016-10-18,131643.04720967723
2016-10-19,131803.3353619513
2016-10-20,131315.35291963493
2016-10-21,131161.44739198533
2016-10-24,131524.51089522976
2016-10-25,131556.11340922
2016-10-26,131811.68614837766
2016-10-27,132794.63948246362
2016-10-28,133400.89739795018
2016-10-31,134641.48796185438
2016-11-01,134764.40495684606
2016-11-02,135043.89830062576
2016-11-03,135581.5436570136
2016-11-04,135412.76872008695
2016-11-07,135772.63160618293
2016-11-08,135600.80746145084
2016-11-09,135031.14759395487
2016-11-10,135393.93447001005
2016-11-11,135399.40056077228
2016-11-14,135624.99365221156
2016-11-15,135067.47620611588
2016-11-16,134975.02818985487
2016-11-17,134943.54473456505
2016-11-18,133729.96338013583
2016-11-21,134233.04443963987
2016-11-22,135021.1927875055
2016-11-23,135122.81417567778
2016-11-25,135181.61334529542
2016-11-28,135386.66801730296
2016-11-29,136008.0272468318
2016-11-30,134333.34306032443
2016-12-01,134652.32631469483
2016-12-02,134391.4140967976
2016-12-05,133927.09701303687
2016-12-06,133683.86725872938
2016-12-07,134141.81793054423
2016-12-08,134013.6725964985
2016-12-09,134460.57681154888
2016-12-12,134245.5282618851
2016-12-13,134374.79130902476
2016-12-14,134636.42585276725
2016-12-15,134709.26853225898
2016-12-16,134218.33833714243
2016-12-19,134308.28615813193
2016-12-20,134155.13966156787
2016-12-21,134287.2355425056
2016-12-22,134267.73309764147
2016-12-23,133877.52922776953
2016-12-27,133795.23948449318
2016-12-28,133653.9961591172
2016-12-29,133993.24422711268
2016-12-30,133829.29415409878
2017-01-03,133714.22876898266
2017-01-04,133350.22688062058
2017-01-05,133349.52346619262
2017-01-06,132717.07458600297
2017-01-09,132385.4459693405
2017-01-10,132019.57226024175
2017-01-11,132209.33315272193
2017-01-12,132005.0884217649
2017-01-13,131967.50450597936
2017-01-17,131945.1892181762
2017-01-18,131923.41735640372
2017-01-19,131757.61083650676
2017-01-20,131738.3942359327
2017-01-23,131658.7285185854
2017-01-24,131712.23582022666
2017-01-25,131791.32337438452
2017-01-26,131261.57379910236
2017-01-27,131226.44213457883
2017-01-30,131625.1135964502
2017-01-31,131143.48288484497
2017-02-01,131485.5226976473
2017-02-02,132033.3215997866
2017-02-03,131707.8428417123
2017-02-06,131471.5953791574
2017-02-07,131314.9601538566
2017-02-08,131341.20614308005
2017-02-09,131309.94338160497
2017-02-10,131438.36561209103
2017-02-13,131259.4045247496
2017-02-14,130649.57464493264
2017-02-15,130897.51406732466
2017-02-16,131012.18370588071
2017-02-17,131470.46182979777
2017-02-21,131988.69000943692
2017-02-22,131788.95386352454
2017-02-23,131906.34928409226
2017-02-24,132423.5725039863
2017-02-27,132077.74728773657
2017-02-28,132121.0278569137
2017-03-01,132176.85288207553
2017-03-02,132058.998316415
2017-03-03,131660.7497666247
2017-03-06,131357.1876043631
2017-03-07,131715.27724978764
2017-03-08,131792.59603596237
2017-03-09,131972.900116209
2017-03-10,131695.76381605858
2017-03-13,131549.89794947102
2017-03-14,131975.23541315613
2017-03-15,131404.64112964272
2017-03-16,131624.69401421794
2017-03-17,132037.3785600224
2017-03-20,131483.22341213707
2017-03-21,131786.31415840695
2017-03-22,131682.11117751966
2017-03-23,131283.4562749439
2017-03-24,131058.22066711198
2017-03-27,130573.72998843045
2017-03-28,130619.4580655494
2017-03-29,130345.17267404063
2017-03-30,130341.78590136388
2017-03-31,130232.03635373469
2017-04-03,130100.4336252321
2017-04-04,130332.3111680869
2017-04-05,130492.80178409693
2017-04-06,130418.8147581963
2017-04-07,130376.83171344931
2017-04-10,130277.03649035782
2017-04-11,130712.25909554973
2017-04-12,130205.00133039619
2017-04-13,129372.96007854702
2017-04-17,129634.20697284429
2017-04-18,129927.45349005857
2017-04-19,130514.62852656032
2017-04-20,130824.21401368109
2017-04-21,131015.32713770901
2017-04-24,131335.55347427042
2017-04-25,131166.8934429307
2017-04-26,131736.85593015217
2017-04-27,132200.18444069236
2017-04-28,132176.50434760484
2017-05-01,132053.92961320514
2017-05-02,132262.86740995152
2017-05-03,132685.38653835724
2017-05-04,133002.27374831215
2017-05-05,133068.73509576637
2017-05-08,133669.57248511538
2017-05-09,134123.66575086658
2017-05-10,133680.4220730788
2017-05-11,133850.92543489134
2017-05-12,133299.8209683626
2017-05-15,133228.78248520728
2017-05-16,133439.32695859906
2017-05-17,133828.99789886412
2017-05-18,133478.56691597943
2017-05-19,133406.4875320279
2017-05-22,133618.77269621592
2017-05-23,133495.36093186942
2017-05-24,133729.34523029666
2017-05-25,133881.19732888116
2017-05-26,134026.24152433051
2017-05-30,134346.21735366777
2017-05-31,133966.74913496117
2017-06-01,133905.60865112772
2017-06-02,133951.43948779165
2017-06-05,133964.7403135214
2017-06-06,133323.21991443867
2017-06-07,133789.9995267814
2017-06-08,133746.90730359434
2017-06-09,133834.54385908737
2017-06-12,133489.65875229484
2017-06-13,133301.82702718582
2017-06-14,133426.34986536688
2017-06-15,133763.75030967375
2017-06-16,133260.32425344994
2017-06-19,133382.7840920087
2017-06-20,133111.465134276
2017-06-21,132731.8065459747
2017-06-22,132908.16428315148
2017-06-23,132768.3414738133
2017-06-26,132924.50643558014
2017-06-27,133212.1659972577
2017-06-28,133313.38275714475
2017-06-29,133133.33316235803
2017-06-30,133125.21581155178
2017-07-03,132622.37522553833
2017-07-05,132659.16830408835
2017-07-06,132851.4132587837
2017-07-07,133031.01604916176
2017-07-10,133034.43179807457
2017-07-11,132664.40121932616
2017-07-12,132492.7668087748
2017-07-13,132294.66744380322
2017-07-14,132304.71316282073
2017-07-17,132555.79546844744
2017-07-18,132619.58409434828
2017-07-19,132684.10719703033
2017-07-20,133022.9863086812
2017-07-21,133177.56189962514
2017-07-24,133726.9383234231
2017-07-25,133694.79186813635
2017-07-26,133950.0062516336
2017-07-27,134185.7253322479
2017-07-28,133939.57312445692
2017-07-31,133541.41381507594
2017-08-01,133925.8727393496
2017-08-02,133948.37579494505
2017-08-03,134613.02407482287
2017-08-04,134294.38718325456
2017-08-07,134609.99837010558
2017-08-08,134634.42921128313
2017-08-09,134923.19642087608
2017-08-10,135212.78092900699
2017-08-11,135316.20739140885
2017-08-14,135307.3967733154
2017-08-15,135497.54197559
2017-08-16,135649.7746881717
2017-08-17,135718.10439249585
2017-08-18,135959.8906234034
2017-08-21,136365.43082824588
2017-08-22,136308.74154386958
2017-08-23,135576.42887877786
2017-08-24,135286.83559514393
2017-08-25,135339.82756204493
2017-08-28,135252.62271994707
2017-08-29,135297.269176202
2017-08-30,135131.3226354171
2017-08-31,134975.5702293367
2017-09-01,135024.53091433088
2017-09-05,135055.21444234726
2017-09-06,135284.5007812458
2017-09-07,135136.63100850192
2017-09-08,135352.87617369398
2017-09-11,135945.06166473764
2017-09-12,136284.2935736966
2017-09-13,136174.56746950513
2017-09-14,136101.54410749747
2017-09-15,135938.54120609118
2017-09-18,135887.38859273316
2017-09-19,136066.60550442233
2017-09-20,135789.44620572927
2017-09-21,135873.83136428418
2017-09-22,136131.19601560108
2017-09-25,135589.8222153712
2017-09-26,136035.8778910775
2017-09-27,136068.27264146597
2017-09-28,136286.19554422091
2017-09-29,136053.80939268428
2017-10-02,135591.2588951935
2017-10-03,135341.93476539056
2017-10-04,135176.0543020058
2017-10-05,134985.20885451854
2017-10-06,135401.33266268217
2017-10-09,134972.2956389953
2017-10-10,134995.57004791585
2017-10-11,134834.34552399654
2017-10-12,135484.9905136151
2017-10-13,135893.1225587592
2017-10-16,134965.71035391875
2017-10-17,134119.85639511506
2017-10-18,134299.94714150456
2017-10-19,134812.0932731991
2017-10-20,134437.0025395981
2017-10-23,135008.25268947723
2017-10-24,135384.94011790928
2017-10-25,135316.46740217565
2017-10-26,135710.65830398136
2017-10-27,135543.10383883287
2017-10-30,134751.89514975925
2017-10-31,134342.25073857734
2017-11-01,134442.35653233412
2017-11-02,134454.06644808882
2017-11-03,134191.88381249455
2017-11-06,134205.98852139985
2017-11-07,134654.63970425935
2017-11-08,134946.94164696377
2017-11-09,134669.8731406638
2017-11-10,134601.71613805543
2017-11-13,134742.7486528199
2017-11-14,135448.2688121709
2017-11-15,135246.71034515096
2017-11-16,134782.8200967616
2017-11-17,134844.0462833228
2017-11-20,135417.34929123105
2017-11-21,135099.6199757994
2017-11-22,134632.56581994932
2017-11-24,134201.6344378672
2017-11-27,134525.62833076366
2017-11-28,135054.67169081297
2017-11-29,135268.86448525873
2017-11-30,134264.02391835398
2017-12-01,134122.71030927706
2017-12-04,134754.95656482517
2017-12-05,134576.88784842019
2017-12-06,134670.5514478773
2017-12-07,134547.14179632565
2017-12-08,134264.2308959544
2017-12-11,134554.70965734523
2017-12-12,134769.87644271858
2017-12-13,134901.16610622258
2017-12-14,134635.37291472265
2017-12-15,134527.71148744685
2017-12-18,134373.84565355553
2017-12-19,134674.80881077747
2017-12-20,134590.09960519368
2017-12-21,134821.38768207468
2017-12-22,134491.8414056068
2017-12-26,134127.3784959298
2017-12-27,134053.32698673988
2017-12-28,133453.6044268546
2017-12-29,133873.42857130655
2018-01-02,133707.19869542294
2018-01-03,133584.8009327427
2018-01-04,133437.1611844435
2018-01-05,134296.03971398462
2018-01-08,134582.60829786473
2018-01-09,133909.02833868793
2018-01-10,133733.83807401295
2018-01-11,133915.8645412543
2018-01-12,134218.76244644224
2018-01-16,135056.91697779403
2018-01-17,135208.28741394923
2018-01-18,135251.9232471843
2018-01-19,135137.65374114324
2018-01-22,134612.80171317526
2018-01-23,134313.04102058345
2018-01-24,134401.80565433443
2018-01-25,134377.89147252965
2018-01-26,134756.64060539563
2018-01-29,134891.91015242474
2018-01-30,135143.5119016162
2018-01-31,135249.66520096204
2018-02-01,135184.54237539833
2018-02-02,135356.45955788955
2018-02-05,135238.62511491292
2018-02-06,135241.44614648336
2018-02-07,135267.32646605396
2018-02-08,135258.5142480409
2018-02-09,135703.8012228877
2018-02-12,135642.71366176373
2018-02-13,135541.2449875318
2018-02-14,135957.27648993823
2018-02-15,135736.25705766006
2018-02-16,135669.8037562888
2018-02-20,135587.09478893972
2018-02-21,135269.16334188898
2018-02-22,135540.35459002573
2018-02-23,135298.53406580017
2018-02-26,135014.39558927584
2018-02-27,135217.35350899588
2018-02-28,134748.27297190714
2018-03-01,135028.30017501907
2018-03-02,135150.01799595525
2018-03-05,135196.67667590728
2018-03-06,135907.14874954626
2018-03-07,136080.09311194203
2018-03-08,135754.62254240672
2018-03-09,135972.5869049743
2018-03-12,135885.32609621086
2018-03-13,135890.91210507747
2018-03-14,136255.98169243865
2018-03-15,136685.45736131156
2018-03-16,136981.7990491826
2018-03-19,137333.22625201553
2018-03-20,137278.07890393384
2018-03-21,137354.12983904718
2018-03-22,137473.08664600615
2018-03-23,137802.23073441203
2018-03-26,138018.79781043413
2018-03-27,138395.38909959124
2018-03-28,138762.10686307313
2018-03-29,138287.73982297815
2018-04-02,139069.8030192895
2018-04-03,139448.8228745711
2018-04-04,139158.24383422403
2018-04-05,139367.5010894944
2018-04-06,139912.66475271396
2018-04-09,139888.17909855832
2018-04-10,138864.37720594375
2018-04-11,138637.2814336113
2018-04-12,138077.83477748587
2018-04-13,137793.5351306118
2018-04-16,138399.4617482688
2018-04-17,138547.8261513694
2018-04-18,138260.26734673698
2018-04-19,138175.0930424014
2018-04-20,138349.16208688085
2018-04-23,138831.2203815346
2018-04-24,139083.2947825231
2018-04-25,139535.7577557587
2018-04-26,138393.77967651282
2018-04-27,138374.83097513943
2018-04-30,138112.7105145846
2018-05-01,137803.36163470117
2018-05-02,137628.83264026797
2018-05-03,137990.37882026387
2018-05-04,137975.8540070753
2018-05-07,137658.89149173416
2018-05-08,138199.1016466749
2018-05-09,137719.97669253216
2018-05-10,137532.8314111793
2018-05-11,137203.25562007574
2018-05-14,136522.94146872175
2018-05-15,136531.4924706804
2018-05-16,136563.05168678082
2018-05-17,136718.86652055028
2018-05-18,136739.16906507575
2018-05-21,136526.64508133306
2018-05-22,136344.93510138517
2018-05-23,136500.4538089641
2018-05-24,137245.15729705492
2018-05-25,137424.7487397386
2018-05-29,137197.70937911107
2018-05-30,137050.0913939536
2018-05-31,136770.1796240349
2018-06-01,136514.73439335832
2018-06-04,137378.8550127647
2018-06-05,137656.82775380503
2018-06-06,137776.2965307892
2018-06-07,137493.94108931188
2018-06-08,137645.4186760633
2018-06-11,137759.4393852788
2018-06-12,137539.63758676438
2018-06-13,137288.01874137702
2018-06-14,136884.09431223242
2018-06-15,137329.31120924457
2018-06-18,137454.9728969268
2018-06-19,137605.79796787602
2018-06-20,137370.3871621595
2018-06-21,137696.57886547665
2018-06-22,136703.45651308438
2018-06-25,136791.95151892293
2018-06-26,136628.754557812
2018-06-27,136326.04423551317
2018-06-28,137078.136646367
2018-06-29,137015.5023984805
2018-07-02,137178.54954223018
2018-07-03,136952.4469560196
2018-07-05,136584.0399069432
2018-07-06,136477.32365019014
2018-07-09,136168.77763679094
2018-07-10,136169.8237194699
2018-07-11,135791.50173989555
2018-07-12,135624.42171360698
2018-07-13,135934.6907110183
2018-07-16,135975.59102643767
2018-07-17,135559.71482998572
2018-07-18,135889.56295002726
2018-07-19,135803.03401007302
2018-07-20,135838.11042123236
2018-07-23,135748.70743519976
2018-07-24,136426.46491070368
2018-07-25,135642.65252214903
2018-07-26,135305.59456811944
2018-07-27,135246.06463032076
2018-07-30,135884.28288282704
2018-07-31,135379.95026946123
2018-08-01,135057.59920585624
2018-08-02,135819.45917246063
2018-08-03,136390.51572226716
2018-08-06,136429.59828258114
2018-08-07,137260.4716553679
2018-08-08,137165.67616231847
2018-08-09,136935.03164684787
2018-08-10,136803.34111012722
2018-08-13,137225.64291381053
2018-08-14,138185.6872571738
2018-08-15,137804.5486498212
2018-08-16,137627.0926021021
2018-08-17,137840.9679003347
2018-08-20,138129.48172435412
2018-08-21,138281.2805883948
2018-08-22,137487.29915638658
2018-08-23,138266.33055407283
2018-08-24,137578.8798661615
2018-08-27,137092.52684081203
2018-08-28,136634.46213951774
2018-08-29,136144.1079840773
2018-08-30,135587.09110364874
2018-08-31,135137.3838624108
2018-09-04,135087.63844608827
2018-09-05,135176.54935010645
2018-09-06,136025.25002939205
2018-09-07,136203.9938578004
2018-09-10,136543.4052743111
2018-09-11,136387.7978614362
2018-09-12,136413.71713380562
2018-09-13,136312.51863634685
2018-09-14,136396.42706959695
2018-09-17,136772.68022144597
2018-09-18,136498.6338806499
2018-09-19,135904.17252843062
2018-09-20,135915.43411514524
2018-09-21,136054.64726122335
2018-09-24,135553.81104871418
2018-09-25,136287.20246898412
2018-09-26,137103.0695540068
2018-09-27,136451.55706914247
2018-09-28,136710.16400515358
2018-10-01,135061.0173580057
2018-10-02,134610.68369929184
2018-10-03,134637.91549242253
2018-10-04,135635.89772597238
2018-10-05,136161.9583771429
2018-10-08,136103.618217195
2018-10-09,136935.9815759351
2018-10-10,137530.54830537562
2018-10-11,137352.01366638415
2018-10-12,137274.34486288507
2018-10-15,137188.22473469417
2018-10-16,136906.43256759638
2018-10-17,137249.66691083933
2018-10-18,137199.5281951413
2018-10-19,137538.65058004123
2018-10-22,138690.07299553172
2018-10-23,139070.0725160623
2018-10-24,140046.6530513345
2018-10-25,139522.9738866983
2018-10-26,139825.7496165559
2018-10-29,140387.31785637763
2018-10-30,140443.744597566
2018-10-31,139660.28752941237
2018-11-01,138995.44057996754
2018-11-02,139420.5305211546
2018-11-05,139493.52654263403
2018-11-06,139538.20933981315
2018-11-07,139395.97033309148
2018-11-08,139816.2207869988
2018-11-09,140535.51682023233
2018-11-12,142403.05288866302
2018-11-13,142972.2938568863
2018-11-14,142988.9653847838
2018-11-15,142504.54395216983
2018-11-16,142758.78791597235
2018-11-19,143106.92131057451
2018-11-20,143391.00026913057
2018-11-21,142763.76456403788
2018-11-23,142836.06807965695
2018-11-26,142425.79886770304
2018-11-27,142621.70918508637
2018-11-28,142357.22677789815
2018-11-29,142221.11395047067
2018-11-30,141867.03747381872
2018-12-03,141371.59825639369
2018-12-04,142062.01833983793
2018-12-06,142531.0344695142
2018-12-07,142630.88767310965
2018-12-10,142529.00605266093
2018-12-11,142378.58150157225
2018-12-12,142206.50686623462
2018-12-13,142433.3488853829
2018-12-14,143195.51184330162
2018-12-17,143856.5339614769
2018-12-18,144259.43067485947
2018-12-19,144108.26119856772
2018-12-20,145050.49740207117
2018-12-21,145560.77905266965
2018-12-24,145601.92762690346
2018-12-26,145082.434972248
2018-12-27,144900.0004887179
2018-12-28,143702.51698773296
2018-12-31,143557.34439133032
2019-01-02,142530.41731541057
2019-01-03,143161.9272178168
2019-01-04,142540.819866334
2019-01-07,142111.55162057513
2019-01-08,142187.4191232458
2019-01-09,142710.64934205843
2019-01-10,142678.9547583734
2019-01-11,142812.75501155134
2019-01-14,142693.02169538056
2019-01-15,142422.36001016246
2019-01-16,142403.20734779537
2019-01-17,142450.71505519803
2019-01-18,142285.0120547269
2019-01-22,143008.30448676657
2019-01-23,142936.79507171523
2019-01-24,142768.00898190166
2019-01-25,141776.13056280458
2019-01-28,142081.49773122757
2019-01-29,142544.67200173746
2019-01-30,141664.34208833927
2019-01-31,141615.31610553927
2019-02-01,141178.26958479144
2019-02-04,140896.88513102153
2019-02-05,141207.59345834667
2019-02-06,140913.11291780975
2019-02-07,141483.32132654113
2019-02-08,141638.22602853354
2019-02-11,141328.96402031594
2019-02-12,141534.45525612048
2019-02-13,141875.39088736218
2019-02-14,141439.77812849978
2019-02-15,141537.20794973237
2019-02-19,141943.1979106553
2019-02-20,142233.26342740745
2019-02-21,142552.70179127285
2019-02-22,142496.1633036134
2019-02-25,141565.3549722453
2019-02-26,141369.87552504678
2019-02-27,141203.90360074164
2019-02-28,141461.6676497207
2019-03-01,140603.42886679719
2019-03-04,139484.57245604636
2019-03-05,140893.73481836982
2019-03-06,141435.08739423164
2019-03-07,141161.0802130063
2019-03-08,140794.57343935728
2019-03-11,140693.36710631943
2019-03-12,140146.4847623915
2019-03-13,139673.95588932367
2019-03-14,140484.66692510783
2019-03-15,140621.9744471382
2019-03-18,140300.9707147959
2019-03-19,139608.5460873012
2019-03-20,139153.98920762923
2019-03-21,138569.3818473629
2019-03-22,138471.90821303322
2019-03-25,138670.57374875317
2019-03-26,139027.54818373985
2019-03-27,139486.58521432037
2019-03-28,139592.23203919324
2019-03-29,139315.4482469761
2019-04-01,139912.80242615956
2019-04-02,139766.32126846258
2019-04-03,139524.37272923643
2019-04-04,139686.88476957724
2019-04-05,139903.21830568524
2019-04-08,139959.77022551125
2019-04-09,140031.4238428459
2019-04-10,139789.17050551274
2019-04-11,139984.785548745
2019-04-12,140054.93080245136
2019-04-15,140178.0659826571
2019-04-16,140593.1877531597
2019-04-17,141392.5954010661
2019-04-18,141216.9950879081
2019-04-22,140627.76364731212
2019-04-23,140663.11644692897
2019-04-24,140757.33534262824
2019-04-25,140794.85781834603
2019-04-26,140927.79549181345
2019-04-29,140458.4095605374
2019-04-30,140045.4261368778
2019-05-01,140147.7552697124
2019-05-02,140466.1028800997
2019-05-03,139996.141908766
2019-05-06,139511.07222031563
2019-05-07,139751.57567060017
2019-05-08,138995.8454834019
2019-05-09,138950.0475509473
2019-05-10,139578.3020407413
2019-05-13,139377.78841980384
2019-05-14,138892.3315733084
2019-05-15,140399.16229706767
2019-05-16,140083.2921607931
2019-05-17,140416.10146277488
2019-05-20,139626.41000249167
2019-05-21,138779.81299167982
2019-05-22,138771.19958621266
2019-05-23,139443.61591544468
2019-05-24,140154.72721560625
2019-05-28,140273.64889603926
2019-05-29,140541.49916544402
2019-05-30,140758.9549494159
2019-05-31,140163.20300367934
2019-06-03,140491.85809459048
2019-06-04,140869.28410510204
2019-06-05,140345.60725297558
2019-06-06,140260.03166400973
2019-06-07,140727.14270569113
2019-06-10,140979.23289866754
2019-06-11,141304.20603152606
2019-06-12,141489.5110661316
2019-06-13,141867.96212269898
2019-06-14,141721.7419769725
2019-06-17,141774.270661388
2019-06-18,141684.15273337252
2019-06-19,141354.46311129193
2019-06-20,141751.7515911308
2019-06-21,141336.22374548463
2019-06-24,140926.15464514156
2019-06-25,140890.82272037223
2019-06-26,142026.79678399384
2019-06-27,141824.36234432337
2019-06-28,142054.88655597286
2019-07-01,141985.03825362178
2019-07-02,141728.5326876965
2019-07-03,141594.50287277324
2019-07-05,142066.39534825884
2019-07-08,141997.31958479126
2019-07-09,141903.97124991933
2019-07-10,141357.1969296215
2019-07-11,141791.8857775378
2019-07-12,141647.1070615941
2019-07-15,141600.1209493096
2019-07-16,141886.51996491884
2019-07-17,141901.5577270839
2019-07-18,141649.59930535068
2019-07-19,141919.62963326467
2019-07-22,141744.32456787175
2019-07-23,141818.09577017132
2019-07-24,141592.60123966684
2019-07-25,141900.9729177088
2019-07-26,142529.6958710878
2019-07-29,142283.93945603646
2019-07-30,142576.88908959535
2019-07-31,142400.1105461698
2019-08-01,142238.97363443265
2019-08-02,142795.62392440988
2019-08-05,143133.62690148572
2019-08-06,143183.55938563574
2019-08-07,143640.36292407173
2019-08-08,143063.33649516327
2019-08-09,143377.32448220634
2019-08-12,143503.88208876658
2019-08-13,143257.27684720495
2019-08-14,142843.32522157388
2019-08-15,142368.90367011022
2019-08-16,142162.35627828547
2019-08-19,141940.7483853918
2019-08-20,142122.70807484968
2019-08-21,142268.0447110494
2019-08-22,142728.39163469753
2019-08-23,142641.8591333946
2019-08-26,142622.4903904144
2019-08-27,142586.1974577584
2019-08-28,142680.79843027328
2019-08-29,142601.72477531046
2019-08-30,142726.19852962572
2019-09-03,142777.68915395148
2019-09-04,143080.154299872
2019-09-05,143652.62327222124
2019-09-06,143075.409777492
2019-09-09,143732.36715019253
2019-09-10,143713.82259834657
2019-09-11,143923.69997043296
2019-09-12,144609.18169431912
2019-09-13,147055.97520470095
2019-09-16,146209.77042479976
2019-09-17,144082.16350674204
2019-09-18,143524.2730001228
2019-09-19,143880.41270087968
2019-09-20,143686.7869121206
2019-09-23,144347.36255705127
2019-09-24,144915.7600854165
2019-09-25,145240.77119152067
2019-09-26,145300.18473049367
2019-09-27,145624.8209051377
2019-09-30,145390.20667953556
2019-10-01,145209.14792209992
2019-10-02,145217.62648155063
2019-10-03,144792.14959745356
2019-10-04,144952.50534942074
2019-10-07,145247.00897688622
2019-10-08,145116.67894483454
2019-10-09,145266.99587726255
2019-10-10,144242.58241015035
2019-10-11,144203.42862666424
2019-10-14,144250.16607742297
2019-10-15,144008.14810935385
2019-10-16,143936.82697127754
2019-10-17,144443.6442193066
2019-10-18,144461.56657078792
2019-10-21,144351.467006717
2019-10-22,144429.4303846089
2019-10-23,144392.04884548188
2019-10-24,144324.52263922463
2019-10-25,144257.61412114793
2019-10-28,144257.46047838576
2019-10-29,144249.9736002724
2019-10-30,144470.56787412203
2019-10-31,144144.95602813808
2019-11-01,144097.96766411923
2019-11-04,144501.19142773727
2019-11-05,144700.56830380298
2019-11-06,144358.09335275413
2019-11-07,145405.6813850273
2019-11-08,145675.10541239765
2019-11-11,145824.8531662279
2019-11-12,145680.60128311955
2019-11-13,145635.72050641492
2019-11-14,145900.90905517485
2019-11-15,145665.87713270122
2019-11-18,146360.5813124345
2019-11-19,146148.37324263787
2019-11-20,145691.00621316629
2019-11-21,145617.09478666785
2019-11-22,145566.49203459456
2019-11-25,145642.86759434623
2019-11-26,143971.49240773465
2019-11-27,143922.851747952
2019-11-29,143396.694891243
2019-12-02,142903.77486757975
2019-12-03,142711.9110172376
2019-12-04,142894.61632976204
2019-12-05,143202.41911998234
2019-12-06,143235.6651201047
2019-12-09,142427.28022610655
2019-12-10,142066.7254045385
2019-12-11,141702.15773084812
2019-12-12,142459.02094599535
2019-12-13,142427.1062595909
2019-12-16,142552.2673032194
2019-12-17,142570.24406084392
2019-12-18,142895.58863171982
2019-12-19,142532.02813098187
2019-12-20,143049.8077403251
2019-12-23,140407.01797492814
2019-12-24,140636.7947462197
2019-12-26,140740.56031246437
2019-12-27,141205.80532538786
2019-12-30,141362.3745484364
2019-12-31,140990.9375325229
2020-01-02,141632.60749876974
2020-01-03,141890.50293266246
2020-01-06,141689.911573275
2020-01-07,141528.09074530026
2020-01-08,142141.99632097303
2020-01-09,141970.93765422227
2020-01-10,141241.2389108639
2020-01-13,141500.9748427793
2020-01-14,141384.3271156327
2020-01-15,141203.4991389005
2020-01-16,141467.0075620535
2020-01-17,141375.04167942022
2020-01-21,141773.06715523667
2020-01-22,142149.84800831578
2020-01-23,142159.01261423636
2020-01-24,142607.8580928333
2020-01-27,142942.9370991486
2020-01-28,142855.53405375796
2020-01-29,143127.6270109052
2020-01-30,142842.6639336482
2020-01-31,142670.028259264
2020-02-03,142936.98064999905
2020-02-04,143448.04065538218
2020-02-05,143796.6311965342
2020-02-06,143942.03589642918
2020-02-07,144147.13768172832
2020-02-10,143795.62043237907
2020-02-11,143585.91492550922
2020-02-12,143502.0357078969
2020-02-13,143191.86260777118
2020-02-14,143343.20074628742
2020-02-18,142994.37847581634
2020-02-19,142837.4427898832
2020-02-20,142610.07200275143
2020-02-21,142717.10041556734
2020-02-24,142865.12760864588
2020-02-25,143038.54783828993
2020-02-26,143227.51083622233
2020-02-27,143305.75893240803
2020-02-28,143397.40747057134
2020-03-02,143222.40881744074
2020-03-03,142960.98830580118
2020-03-04,142436.77987262228
2020-03-05,142078.80160718664
2020-03-06,142879.9068390752
2020-03-09,143772.74456727924
2020-03-10,143967.35860656627
2020-03-11,144412.44791987876
2020-03-12,144622.7518002325
2020-03-13,145015.79306952548
2020-03-16,146423.98329213125
2020-03-17,146439.0655667241
2020-03-18,147562.95620962227
2020-03-19,146541.24189868828
2020-03-20,146445.6741590547
2020-03-23,146408.61975159592
2020-03-24,146750.26409504606
2020-03-25,146822.29055790923
2020-03-26,146067.25776355623
2020-03-27,145777.7235343538
2020-03-30,146313.34763597843
2020-03-31,145593.05610348395
2020-04-01,146114.90217680548
2020-04-02,145852.78220563964
2020-04-03,146491.61719506074
2020-04-06,147153.38893860026
2020-04-07,147475.65368892148
2020-04-08,146964.20987498085
2020-04-09,145418.17994036427
2020-04-13,144512.3895083026
2020-04-14,145098.34402702632
2020-04-15,145916.73415691275
2020-04-16,146781.17027688408
2020-04-17,145935.58614660276
2020-04-20,147263.717710228
2020-04-21,147191.6984406762
2020-04-22,147046.05311117042
2020-04-23,146991.6160158284
2020-04-24,147160.5601984205
2020-04-27,145732.56226440327
2020-04-28,146204.79495473296
2020-04-29,144100.03436644777
2020-04-30,144656.8373224266
2020-05-01,144585.4984532589
2020-05-04,144743.506850852
2020-05-05,144208.34171564807
2020-05-06,144683.10460443384
2020-05-07,145235.93618626022
2020-05-08,144823.57260678662
2020-05-11,144488.8640700184
2020-05-12,144277.85914687565
2020-05-13,144378.70891713127
2020-05-14,144079.76479059432
2020-05-15,142860.9360125221
2020-05-18,141459.72658723046
2020-05-19,142104.06759816894
2020-05-20,141520.39606849104
2020-05-21,142370.78603239811
2020-05-22,142560.21952019632
2020-05-26,143088.54108655715
2020-05-27,143648.86279999997
2020-05-28,143953.9444230601
2020-05-29,144025.2022730059
2020-06-01,143602.5947177878
2020-06-02,143472.46033637627
2020-06-03,143910.19684207567
2020-06-04,143651.4398279101
2020-06-05,142016.02605791803
2020-06-08,141024.75482585782
2020-06-09,141452.07647226832
2020-06-10,142069.5390644442
2020-06-11,142551.2925336164
2020-06-12,142336.65036716423
2020-06-15,142408.25621357505
2020-06-16,142455.0478987951
2020-06-17,143739.79156193137
2020-06-18,142935.81739502435
2020-06-19,143046.7210703094
2020-06-22,143569.27037079044
2020-06-23,143328.98613820568
2020-06-24,143401.60231160128
2020-06-25,143033.0680638825
2020-06-26,143781.36322912242
2020-06-29,143838.68399556383
2020-06-30,143878.46942070097
2020-07-01,144015.94586696068
2020-07-02,144597.66077459065
2020-07-06,144422.56509014175
2020-07-07,144048.90638907204
2020-07-08,143998.21889095684
2020-07-09,144404.43464281427
2020-07-10,143707.02121813924
2020-07-13,144489.14724020887
2020-07-14,143854.70581684186
2020-07-15,144950.61021872627
2020-07-16,144699.83741314593
2020-07-17,144346.9607600869
2020-07-20,143871.07459020306
2020-07-21,144559.9235944829
2020-07-22,144643.12838132272
2020-07-23,145484.1988255118
2020-07-24,145511.21611573963
2020-07-27,145165.57008792416
2020-07-28,145201.81146421705
2020-07-29,146878.4547948973
2020-07-30,146142.21869991304
2020-07-31,145970.0691508605
2020-08-03,146094.2578213732
2020-08-04,145965.48490179772
2020-08-05,146552.96908020572
2020-08-06,147146.0349335315
2020-08-07,151791.44368908548
2020-08-10,159192.9736765894
2020-08-11,158630.20439585805
2020-08-12,159058.99089381512
2020-08-13,156381.07353700005
2020-08-14,153776.4966631041
2020-08-17,151750.80783559196
2020-08-18,155568.28951389782
2020-08-19,160615.57238870184
2020-08-20,158724.30414552323
2020-08-21,161259.3019318166
2020-08-24,185305.35186326157
2020-08-25,174278.47364339104
2020-08-26,182295.2291793624
2020-08-27,203220.07368118488
2020-08-28,221926.61696884362
2020-08-31,256744.75884192032
2020-09-01,257893.68076798605
2020-09-02,258333.7755529785
2020-09-03,257992.08328866874
2020-09-04,258446.68154488516
2020-09-08,257964.51831699847
2020-09-09,257455.11883248237
2020-09-10,257858.31477512215
2020-09-11,257709.41947226453
2020-09-14,256967.81596285885
2020-09-15,257631.7886132276
2020-09-16,257547.1582598586
2020-09-17,257238.8790387735
2020-09-18,257161.00152694999
2020-09-21,257094.46192162164
2020-09-22,256958.5855774637
2020-09-23,257203.90955946903
2020-09-24,257526.5215901928
2020-09-25,257046.29201306944
2020-09-28,256486.78136495582
2020-09-29,255553.9322500304
2020-09-30,255703.25578011703
2020-10-01,256182.19146694752
2020-10-02,256372.59385630867
2020-10-05,255412.54364817988
2020-10-06,256059.14281039961
2020-10-07,256124.5914762841
2020-10-08,255496.47431573932
2020-10-09,255640.73773548027
2020-10-12,256294.96874752914
2020-10-13,256519.1955554251
2020-10-14,256629.93417678302
2020-10-15,257102.65032352693
2020-10-16,257414.52171126928
2020-10-19,256896.14347354893
2020-10-20,256915.3107465095
2020-10-21,256980.52288122717
2020-10-22,256380.9045426721
2020-10-23,255894.36911359424
2020-10-26,255883.05206104595
2020-10-27,256009.43381427688
2020-10-28,256828.3301805791
2020-10-29,257190.5617140763
2020-10-30,257341.99797604355
2020-11-02,257640.60644170694
2020-11-03,257817.74673910308
2020-11-04,257409.533071087
2020-11-05,258188.837408138
2020-11-06,258152.12223385775
2020-11-09,256759.2170058908
2020-11-10,256137.22175689123
2020-11-11,256419.41276817536
2020-11-12,256799.01315285603
2020-11-13,256444.6852067748
2020-11-16,256437.0170172493
2020-11-17,256859.7993313325
2020-11-18,256756.5866713361
2020-11-19,256465.46048358578
2020-11-20,256835.4390954037
2020-11-23,257197.67356520786
2020-11-24,257235.37339152442
2020-11-25,257111.19695209706
2020-11-27,256920.6062488201
2020-11-30,256607.75799287687
2020-12-01,257143.14172594412
2020-12-02,256968.80108966614
2020-12-03,257607.8220322724
2020-12-04,257785.59589139416
2020-12-07,257816.95691216894
2020-12-08,257963.50281998806
2020-12-09,258644.71565781042
2020-12-10,258804.54988034326
2020-12-11,258650.48567841027
2020-12-14,257845.41746918974
2020-12-15,257291.90646967926
2020-12-16,257803.71114747494
2020-12-17,257083.21267346406
2020-12-18,257222.7838902109
2020-12-21,256991.09408336453
2020-12-22,257515.92654035933
2020-12-23,257750.8230739849
2020-12-24,257758.19302527816
2020-12-28,258300.9292617391
2020-12-29,257831.74967757927
2020-12-30,258282.771644742
2020-12-31,258392.39236128674
2021-01-04,257947.70137886112
2021-01-05,258176.39525653626
2021-01-06,258452.06034310462
2021-01-07,257647.14573917218
2021-01-08,256629.31009299326
2021-01-11,255678.62585438232
2021-01-12,254449.88606725147
2021-01-13,254435.1486924321
2021-01-14,254205.4473567792
2021-01-15,254203.56808285567
2021-01-19,253264.17207301967
2021-01-20,253333.86508893355
2021-01-21,253444.93979371584
2021-01-22,253444.54326007614
2021-01-25,253365.2690750026
2021-01-26,253320.9427556807
2021-01-27,254934.7565493036
2021-01-28,254342.5437743386
2021-01-29,254273.7535933699
2021-02-01,254477.7118068807
2021-02-02,253491.45723240945
2021-02-03,252719.04386655704
2021-02-04,251785.17211745237
2021-02-05,250954.7338260585
2021-02-08,249012.8493750828
2021-02-09,248997.13434861106
2021-02-10,248648.4402096999
2021-02-11,249324.46032749457
2021-02-12,249238.98924519998
2021-02-16,248488.5836944525
2021-02-17,248983.9521805985
2021-02-18,250166.69113806507
2021-02-19,250338.7240664635
2021-02-22,251168.28118564893
2021-02-23,252197.28278721886
2021-02-24,252305.67835036095
2021-02-25,253329.12825841282
2021-02-26,252866.84546361092
2021-03-01,252662.91351998557
2021-03-02,252835.17448493533
2021-03-03,253700.48387133863
2021-03-04,254753.74488934985
2021-03-05,255144.57036586787
2021-03-08,255881.55413256458
2021-03-09,254609.20757779732
2021-03-10,255284.8298477758
2021-03-11,254784.88574619952
2021-03-12,254743.8580661402
2021-03-15,254211.8506151652
2021-03-16,255222.77203845017
2021-03-17,254629.47828760638
2021-03-18,255067.54214935878
2021-03-19,254200.1017516919
2021-03-22,254131.36211075168
2021-03-23,254815.5708456405
2021-03-24,255911.7758230794
2021-03-25,255762.064686468
2021-03-26,256640.08004925534
2021-03-29,256961.1736270278
2021-03-30,257401.27289693424
2021-03-31,256936.47298681323
2021-04-01,256741.14368942525
2021-04-05,257175.75973430744
2021-04-06,256841.76632123877
2021-04-07,257654.4398733352
2021-04-08,257427.223117935
2021-04-09,258251.40136959215
2021-04-12,259575.2681718395
2021-04-13,259929.90887515515
2021-04-14,259593.41805676074
2021-04-15,260609.10007015662
2021-04-16,260777.12301302163
2021-04-19,261213.24165902255
2021-04-20,261497.06492107484
2021-04-21,260922.25849437164
2021-04-22,260592.54970843176
2021-04-23,260497.21507598576
2021-04-26,259568.6556573993
2021-04-27,259764.76742925923
2021-04-28,259337.55038795256
2021-04-29,259819.20425025502
2021-04-30,259819.40093617616
2021-05-03,260736.81993843862
2021-05-04,261110.11936475162
2021-05-05,261342.80389836134
2021-05-06,262302.798650062
2021-05-07,261974.33839951176
2021-05-10,262865.1903618117
2021-05-11,262416.6164935729
2021-05-12,262965.0896469227
2021-05-13,264055.02845124516
2021-05-14,263407.02899668727
2021-05-17,262935.6168322145
2021-05-18,262039.07431364682
2021-05-19,262358.6236137347
2021-05-20,262244.6123789426
2021-05-21,262306.8596691836
2021-05-24,262286.0512711385
2021-05-25,262575.3163769876
2021-05-26,261846.8401874597
2021-05-27,261552.43248516598
2021-05-28,261638.76689435221
2021-06-01,261432.1079138593
2021-06-02,261020.2175523727
2021-06-03,260371.8979799125
2021-06-04,260324.14959913638
2021-06-07,258915.08239637146
2021-06-08,258429.04173698684
2021-06-09,258644.5638630141
2021-06-10,259037.91750849874
2021-06-11,259144.37345479795
2021-06-14,258724.3967963282
2021-06-15,259263.8493178719
2021-06-16,258573.52917688858
2021-06-17,257737.2190234022
2021-06-18,257791.71656022337
2021-06-21,256450.5179204035
2021-06-22,257474.36852149016
2021-06-23,257579.99217224063
2021-06-24,257931.9882696644
2021-06-25,257881.8565912277
2021-06-28,257978.16063617653
2021-06-29,258641.81013884122
2021-06-30,259081.9877698701
2021-07-01,259126.2807794413
2021-07-02,259526.28482032666
2021-07-06,259855.06193642417
2021-07-07,260667.66209073545
2021-07-08,260696.9394305912
2021-07-09,261095.89108599015
2021-07-12,261754.64577951474
2021-07-13,260969.48755247606
2021-07-14,261531.69753013676
2021-07-15,261702.18524425352
2021-07-16,261505.60161259238
2021-07-19,261126.7236549102
2021-07-20,260826.85593744463
2021-07-21,260562.07261807262
2021-07-22,260637.465106514
2021-07-23,261139.93498055934
2021-07-26,261133.92309601503
2021-07-27,261634.42062275115
2021-07-28,261171.1273777609
2021-07-29,261343.520645638
2021-07-30,261381.74262451072
2021-08-02,261180.0047208737
2021-08-03,261817.6327018694
2021-08-04,261754.39035869733
2021-08-05,261005.10157710133
2021-08-06,260888.7235817191
2021-08-09,260462.43423865276
2021-08-10,260489.89381192144
2021-08-11,260911.18793177782
2021-08-12,260743.90658831608
2021-08-13,261315.43161316236
2021-08-16,262366.3111235601
2021-08-17,262046.71170820348
2021-08-18,262151.617899672
2021-08-19,262434.93267148576
2021-08-20,262197.70086199156
2021-08-23,260964.33190994945
2021-08-24,260751.68090223146
2021-08-25,261044.87895945917
2021-08-26,261333.09539797757
2021-08-27,261483.52606790693
2021-08-30,261836.3636172899
2021-08-31,261126.77780937337
2021-09-01,260878.15002271318
2021-09-02,260342.71992086555
2021-09-03,259971.77757672183
2021-09-07,260551.00035131912
2021-09-08,260756.97074798535
2021-09-09,261112.5716113762
2021-09-10,261104.2605489712
2021-09-13,260888.24121007393
2021-09-14,261160.7863183865
2021-09-15,260534.2779263339
2021-09-16,259955.1682094907
2021-09-17,259487.5846514633
2021-09-20,260054.19471591286
2021-09-21,260434.75116270164
2021-09-22,260326.77966663064
2021-09-23,259729.7838773154
2021-09-24,259953.59116336706
2021-09-27,260026.72333226644
2021-09-28,261122.1721331561
2021-09-29,261600.0526581984
2021-09-30,260641.4671120903
2021-10-01,260779.0655620182
2021-10-04,261456.38781564793
2021-10-05,261418.66261443443
2021-10-06,261931.55530925642
2021-10-07,261544.29258048514
2021-10-08,261582.5510680628
2021-10-11,261392.3738245361
2021-10-12,261245.63372363258
2021-10-13,261000.10620264517
2021-10-14,261351.647018264
2021-10-15,261762.72765970405
2021-10-18,261970.75846385505
2021-10-19,261707.32045804692
2021-10-20,262163.32630232535
2021-10-21,262384.47118391364
2021-10-22,262747.79784133524
2021-10-25,262408.6083887963
2021-10-26,262597.2528238402
2021-10-27,262468.8972040923
2021-10-28,262108.15029208898
2021-10-29,262012.12318943394
2021-11-01,261318.13055164498
2021-11-02,260203.22945562162
2021-11-03,260446.33181108313
2021-11-04,260878.0087397069
2021-11-05,261472.56112702496
2021-11-08,261413.94523031
2021-11-09,261803.1012873378
2021-11-10,262760.7606201209
2021-11-11,262860.50704653317
2021-11-12,262668.6893079023
2021-11-15,262366.21845084615
2021-11-16,262650.337271938
2021-11-17,263355.07029637275
2021-11-18,264234.5383655654
2021-11-19,263921.38073781645
2021-11-22,264887.61622545886
2021-11-23,265491.4182829885
2021-11-24,264851.4991401216
2021-11-26,264832.82202794176
2021-11-29,265246.3006603976
2021-11-30,264940.1311872403
2021-12-01,266293.60434466734
2021-12-02,266416.2018095326
2021-12-03,267235.5918841245
2021-12-06,267209.01610787143
2021-12-07,266306.0393833324
2021-12-08,265884.8399090663
2021-12-09,266124.3365691778
2021-12-10,266366.67333105596
2021-12-13,267184.2656881092
2021-12-14,267667.14937664446
2021-12-15,267131.91033484816
2021-12-16,267723.2743873182
2021-12-17,267301.71801329334
2021-12-20,267583.6452471184
2021-12-21,267609.938105999
2021-12-22,267630.47431945085
2021-12-23,267742.2773766221
2021-12-27,268101.93170191837
2021-12-28,268403.5430268647
2021-12-29,268827.6718711713
2021-12-30,268683.4013670708
2021-12-31,268581.6388591492
2022-01-03,268109.7265439193
2022-01-04,269180.71743092494
2022-01-05,270029.1554404638
2022-01-06,270431.1487610581
2022-01-07,270689.30139147077
2022-01-10,271008.8675766059
2022-01-11,270900.28478793503
2022-01-12,271416.38642877736
2022-01-13,272122.87231694453
2022-01-14,271987.21392584796
2022-01-18,272632.5152598857
2022-01-19,272765.3046868146
2022-01-20,272994.82298533735
2022-01-21,273281.74170063005
2022-01-24,273412.73419278517
2022-01-25,273688.7975816845
2022-01-26,273778.95675891696
2022-01-27,274741.925824284
2022-01-28,274624.68165678484
2022-01-31,273852.11567907914
2022-02-01,273481.4601322532
2022-02-02,273940.5889781298
2022-02-03,273987.8467353908
2022-02-04,273504.8089252426
2022-02-07,273494.6160803603
2022-02-08,273378.3124729797
2022-02-09,272791.2959054502
2022-02-10,273011.91948247823
2022-02-11,273816.15986382205
2022-02-14,273977.86954397266
2022-02-15,273588.1935237202
2022-02-16,273977.2401086918
2022-02-17,274570.27750125376
2022-02-18,274586.33145935676
2022-02-22,274927.1496107828
2022-02-23,275333.401023107
2022-02-24,274317.7803421019
2022-02-25,274280.23728999204
2022-02-28,274201.805242709
2022-03-01,273992.8759341848
2022-03-02,274742.86880406906
2022-03-03,275285.56916635705
2022-03-04,275867.2568973162
2022-03-07,275378.37931525614
2022-03-08,274238.9221203909
2022-03-09,273917.5095115373
2022-03-10,273864.88031590916
2022-03-11,274335.70867558994
2022-03-14,275074.05605648056
2022-03-15,274471.2721046927
2022-03-16,274059.427136563
2022-03-17,273332.6467477523
2022-03-18,272932.60753995785
2022-03-21,272096.8355784854
2022-03-22,271878.4765698124
2022-03-23,272226.2319383508
2022-03-24,272319.02768938954
2022-03-25,272838.6139806984
2022-03-28,273119.2843366909
2022-03-29,272051.25714118767
2022-03-30,271861.59699388227
2022-03-31,272038.92956128874
2022-04-01,272165.5309257093
2022-04-04,272055.4811223706
2022-04-05,271832.93146101973
2022-04-06,272021.2895589486
2022-04-07,272942.35805678624
2022-04-08,272730.79267025937
2022-04-11,273670.1885253866
2022-04-12,274320.4843259562
2022-04-13,273618.3721881317
2022-04-14,273602.2531811675
2022-04-18,274247.8475925433
2022-04-19,274475.5110982876
2022-04-20,274746.885351341
2022-04-21,274750.53723331
2022-04-22,274650.3992336418
2022-04-25,274300.3562030782
2022-04-26,275071.3811951174
2022-04-27,275202.23638246016
2022-04-28,274511.28586367087
2022-04-29,274688.2267808167
2022-05-02,274432.2688339347
2022-05-03,274408.8957361621
2022-05-04,274516.80630082905
2022-05-05,275161.7025665334
2022-05-06,276554.4571669467
2022-05-09,278193.98170349165
2022-05-10,279812.13270116097
2022-05-11,280053.00578569557
2022-05-12,279700.91426203557
2022-05-13,278416.7691613267
2022-05-16,279005.0056433466
2022-05-17,279307.7664353736
2022-05-18,279822.4204930087
2022-05-19,279256.39198386564
2022-05-20,279186.17653086316
2022-05-23,278543.1835656461
2022-05-24,278497.5960127357
2022-05-25,278594.34657952125
2022-05-26,278735.54612928524
2022-05-27,278097.4183333907
2022-05-31,278024.2641748444
2022-06-01,277467.04494979273
2022-06-02,276761.8220424835
2022-06-03,276833.4061638421
2022-06-06,278120.2315184084
2022-06-07,279490.3415690443
2022-06-08,279132.00962322863
2022-06-09,280356.82570081856
2022-06-10,281139.0913878395
2022-06-13,283293.6545032425
2022-06-14,283427.1979978064
2022-06-15,281834.88601297897
2022-06-16,281783.56163483043
2022-06-17,280758.237194799
2022-06-21,280889.0224495244
2022-06-22,281532.2778442345
2022-06-23,281471.2646576675
2022-06-24,282086.3636169107
2022-06-27,282231.5926950863
2022-06-28,282595.29923065606
2022-06-29,282732.80430895777
2022-06-30,282735.1188572409
2022-07-01,283188.8560539733
2022-07-05,282838.926888549
2022-07-06,282660.1626445967
2022-07-07,282327.320417226
2022-07-08,281701.58478945435
2022-07-11,282916.11762705137
2022-07-12,283225.759833969
2022-07-13,283490.41250824876
2022-07-14,283574.8056104217
2022-07-15,283975.40000182757
2022-07-18,283732.9754029008
2022-07-19,284225.84051660396
2022-07-20,283435.13592924655
2022-07-21,283648.21625591296
2022-07-22,284559.651553918
2022-07-25,283675.7603788968
2022-07-26,283701.2115348992
2022-07-27,283289.2902311156
2022-07-28,283252.9602596831
2022-07-29,282841.72023648163
2022-08-01,282635.20244709664
2022-08-02,281669.2036903724
2022-08-03,281301.1585970768
2022-08-04,280728.5856931689
2022-08-05,281173.1325106502
2022-08-08,282172.5693306264
2022-08-09,282103.38040718355
2022-08-10,280507.86352179176
2022-08-11,281209.6688923591
2022-08-12,280497.76196416415
2022-08-15,280964.15361800714
2022-08-16,280940.68350426666
2022-08-17,282466.75795346114
2022-08-18,282420.05347811145
2022-08-19,283128.36671613576
2022-08-22,284063.30717145104
2022-08-23,283419.4252419837
2022-08-24,283166.3520694881
2022-08-25,283676.9514281461
2022-08-26,283509.1540944098
2022-08-29,283733.7286403811
2022-08-30,285054.6628710523
2022-08-31,283984.5845064877
2022-09-01,284571.4066937092
2022-09-02,284535.3930109854
2022-09-06,285004.7900911606
2022-09-07,284574.68144454487
2022-09-08,284411.13177951035
2022-09-09,284068.3360663013
2022-09-12,284589.5765007044
2022-09-13,285014.4369765211
2022-09-14,284657.80780049006
2022-09-15,284546.98716784094
2022-09-16,285123.02591130574
2022-09-19,285963.58336074185
2022-09-20,286299.89102582965
2022-09-21,286588.6112052367
2022-09-22,287262.8712914883
2022-09-23,287616.253975368
2022-09-26,288282.75117907865
2022-09-27,287753.3184448089
2022-09-28,286809.5520701811
2022-09-29,288236.66623134067
2022-09-30,287652.60105048376
2022-10-03,287708.35759474844
2022-10-04,286456.0038261227
2022-10-05,286360.17334053235
2022-10-06,286507.1713240646
2022-10-07,286965.58283847314
2022-10-10,287862.1068917339
2022-10-11,287942.4023155504
2022-10-12,287837.78458453924
2022-10-13,287591.5466010283
2022-10-14,287967.84166090953
2022-10-17,288023.4003387946
2022-10-18,288011.4371389567
2022-10-19,289197.7625949524
2022-10-20,289083.32482035784
2022-10-21,289194.0286790661
2022-10-24,289391.70853916043
2022-10-25,289305.1891116603
2022-10-26,289091.887131673
2022-10-27,289557.00716424815
2022-10-28,289643.04207241826
2022-10-31,288722.6472924475
2022-11-01,288924.0574070621
2022-11-02,289526.9150098247
2022-11-03,289087.5677132864
2022-11-04,289627.9387386832
2022-11-07,290220.13504841545
2022-11-08,289528.92368504155
2022-11-09,290850.97138998564
2022-11-10,291410.589835686
2022-11-11,290725.681685567
2022-11-14,291732.7616752765
2022-11-15,292394.69936039316
2022-11-16,292593.5662222579
2022-11-17,293357.69848550233
2022-11-18,294011.6772696451
2022-11-21,293940.7206182911
2022-11-22,294652.4948152
2022-11-23,294436.86466243316
2022-11-25,293844.3297973845
2022-11-28,294253.75129410025
2022-11-29,294353.8420858405
2022-11-30,293562.0860137851
2022-12-01,294506.6944870334
2022-12-02,294195.7277301165
2022-12-05,294495.3110468504
2022-12-06,295653.91761287337
2022-12-07,295319.0203175051
2022-12-08,295648.48698954604
2022-12-09,296216.99837631267
2022-12-12,296343.17220250575
2022-12-13,296262.76525778405
2022-12-14,296266.8796033061
2022-12-15,295814.9020861311
2022-12-16,296579.54032594716
2022-12-19,296941.8768280578
2022-12-20,296749.7147425203
2022-12-21,296513.21842040913
2022-12-22,296747.2546886542
2022-12-23,297169.36388822505
2022-12-27,298056.8286352695
2022-12-28,298160.57151420385
2022-12-29,297099.4259064644
2022-12-30,295693.0164818814
2023-01-03,297246.3375405652
2023-01-04,297197.58346496976
2023-01-05,297520.42768343556
2023-01-06,297603.42063086375
2023-01-09,297085.75568318955
2023-01-10,297433.00533310516
2023-01-11,297164.62387048727
2023-01-12,296365.44024713937
2023-01-13,296584.81564478844
2023-01-17,296664.7141126299
2023-01-18,297388.03401930345
2023-01-19,297798.6124845102
2023-01-20,297568.2434338952
2023-01-23,296944.9217372663
2023-01-24,296863.8615798244
2023-01-25,297519.33560760645
2023-01-26,297563.48861532396
2023-01-27,296907.8014342775
2023-01-30,296943.6333774238
2023-01-31,296288.7837711446
2023-02-01,296435.9897786401
2023-02-02,296171.9774950458
2023-02-03,296030.6311081645
2023-02-06,295769.2779825359
2023-02-07,296270.02276020916
2023-02-08,296351.1592200114
2023-02-09,297883.7715461262
2023-02-10,297660.2167875807
2023-02-13,298552.72862515214
2023-02-14,298617.54552891926
2023-02-15,298154.71799889865
2023-02-16,298734.48488693405
2023-02-17,298741.0827203493
2023-02-21,299781.3105329388
2023-02-22,299773.16741493857
2023-02-23,299950.7027382676
2023-02-24,300570.5927513363
2023-02-27,300641.6788686977
2023-02-28,300220.53945665463
2023-03-01,299831.2441135236
2023-03-02,300234.781544223
2023-03-03,299899.77199406875
2023-03-06,300363.4401582348
2023-03-07,300274.5817104122
2023-03-08,300746.10967848194
2023-03-09,301925.6031828836
2023-03-10,302027.5382608488
2023-03-13,301727.0045599152
2023-03-14,301278.2706635421
2023-03-15,302121.1799649386
2023-03-16,302030.5058976196
2023-03-17,302044.24216360145
2023-03-20,303226.52571847837
2023-03-21,303435.0990140566
2023-03-22,303764.05600993644
2023-03-23,303019.16343345336
2023-03-24,303200.95604831865
2023-03-27,303725.1826041647
2023-03-28,303858.69247761276
2023-03-29,303229.63950290607
2023-03-30,303512.0087844055
2023-03-31,303414.89003309933
2023-04-03,303317.374114622
2023-04-04,304140.80305139825
2023-04-05,304463.2963744925
2023-04-06,304006.2809883015
2023-04-10,304469.7017483034
2023-04-11,305174.68023570825
2023-04-12,305473.7456596997
2023-04-13,304889.29864596325
2023-04-14,305767.4079515131
2023-04-17,304982.9904020189
2023-04-18,304887.8380048716
2023-04-19,304614.5698163202
2023-04-20,305153.21157125133
2023-04-21,304780.3647508391
2023-04-24,305286.04981811956
2023-04-25,305921.0240761985
2023-04-26,305873.19724416255
2023-04-27,305739.2407837792
2023-04-28,304951.2049829393
2023-05-01,305666.7420814436
2023-05-02,306183.55506629514
2023-05-03,305747.7931280775
2023-05-04,304830.4915240534
2023-05-05,305048.42447947944
2023-05-08,304083.121818768
2023-05-09,304376.90304446686
2023-05-10,303886.6325289695
2023-05-11,303607.46996016556
2023-05-12,304340.42085050046
2023-05-15,304389.180373336
2023-05-16,305356.729082662
2023-05-17,305085.16733960615
2023-05-18,305839.72268912476
2023-05-19,306168.8264960144
2023-05-22,305695.91864194995
2023-05-23,305729.3977066931
2023-05-24,306276.0904035133
2023-05-25,307013.4459724599
2023-05-26,306396.1619582466
2023-05-30,306892.47336680593
2023-05-31,305999.6686054977
2023-06-01,305390.6638477434
2023-06-02,305220.8129480326
2023-06-05,305294.51897883083
2023-06-06,305156.919321641
2023-06-07,306750.2884949683
2023-06-08,305677.9180109976
2023-06-09,306440.11247020704
2023-06-12,306632.5586596705
2023-06-13,305830.8547449977
2023-06-14,306283.6514382777
2023-06-15,306629.1733524178
2023-06-16,306451.84347860585
2023-06-20,305248.7050948238
2023-06-21,305168.21492172114
2023-06-22,305402.3146200091
2023-06-23,306142.00348622835
2023-06-26,306676.47608229815
2023-06-27,307993.98380768875
2023-06-28,307468.0664212764
2023-06-29,307057.32248910517
2023-06-30,306389.4307307871
2023-07-03,306840.9506359999
2023-07-05,306949.72022850707
2023-07-06,307889.63888763485
2023-07-07,307943.88972709456
2023-07-10,307949.58970968926
2023-07-11,309092.61792454903
2023-07-12,309603.5375077561
2023-07-13,309135.55014098453
2023-07-14,309491.3374846755
2023-07-17,308583.89125075354
2023-07-18,309205.9410627846
2023-07-19,309386.95091941714
2023-07-20,309767.37892399036
2023-07-21,309576.99709321995
2023-07-24,310652.1966116589
2023-07-25,311796.36825753713
2023-07-26,311373.09787041
2023-07-27,311778.8025706016
2023-07-28,311016.9053479197
2023-07-31,310789.9868324183
2023-08-01,311073.3191028438
2023-08-02,311340.9837872779
2023-08-03,311034.34245185903
2023-08-04,311533.7179006952
2023-08-07,311969.9269757277
2023-08-08,311878.3164625219
2023-08-09,312428.8555037626
2023-08-10,311781.1864865905
2023-08-11,312688.6316167635
2023-08-14,312852.6427216312
2023-08-15,312812.06844978186
2023-08-16,313132.9509210694
2023-08-17,313283.2437710082
2023-08-18,312999.6269871988
2023-08-21,312602.21604756033
2023-08-22,313077.0937150638
2023-08-23,312893.64649584657
2023-08-24,313061.0370700287
2023-08-25,312973.93917091715
2023-08-28,313164.40421423985
2023-08-29,312692.9317588118
2023-08-30,313160.36951055605
2023-08-31,312943.258818251
2023-09-01,312528.6388860687
2023-09-05,311621.0036707175
2023-09-06,311251.3639400869
2023-09-07,311791.35726910294
2023-09-08,312452.2287749449
2023-09-11,312305.0379110736
2023-09-12,312956.03893177497
2023-09-13,313876.55952243094
2023-09-14,313533.7192008569
2023-09-15,313147.96693234274
2023-09-18,312854.6737291599
2023-09-19,313038.0372841805
2023-09-20,313602.11481673
2023-09-21,314733.3097113917
2023-09-22,314747.53790365864
2023-09-25,314257.275879613
2023-09-26,313565.72991364234
2023-09-27,314259.4853764568
2023-09-28,314888.0304230905
2023-09-29,314542.79068711837
2023-10-02,316181.7252069962
2023-10-03,315616.3320634601
2023-10-04,315538.33779078635
2023-10-05,315191.27141769323
2023-10-06,315119.82680274086
2023-10-09,315715.2569624294
2023-10-10,315472.25582438166
2023-10-11,316521.60391121276
2023-10-12,317404.87127033866
2023-10-13,317009.8885701573
2023-10-16,316551.25732470845
2023-10-17,317415.4598826667
2023-10-18,317086.4665845183
2023-10-19,317648.1638611973
2023-10-20,317581.30644705694
2023-10-23,317898.49943561194
2023-10-24,317370.4843440749
2023-10-25,317177.01261302526
2023-10-26,316651.37991937634
2023-10-27,317215.7266265026
2023-10-30,316532.9752474016
2023-10-31,315518.65615898237
2023-11-01,315353.58614585723
2023-11-02,314820.24267579184
2023-11-03,314736.2526339628
2023-11-06,316957.6614727838
2023-11-07,316813.7550098232
2023-11-08,316845.9375975897
2023-11-09,317980.8739909313
2023-11-10,317813.7034785625
2023-11-13,318319.39591185004
2023-11-14,318564.94718076923
2023-11-15,318908.17059763486
2023-11-16,319580.15290278255
2023-11-17,319389.6222415976
2023-11-20,318701.274506702
2023-11-21,319279.3709369495
2023-11-22,318818.57824479206
2023-11-24,318737.8315596635
2023-11-27,319345.9797140709
2023-11-28,319245.75705806655
2023-11-29,319202.2436876085
2023-11-30,318742.03338570084
2023-12-01,318760.21779085277
2023-12-04,318999.9099503261
2023-12-05,318908.5853075902
2023-12-06,318305.4672779845
2023-12-07,318858.4789152665
2023-12-08,319375.54345738306
2023-12-11,319858.01670168265
2023-12-12,320204.2053948544
2023-12-13,319382.14543950785
2023-12-14,319175.97137290484
2023-12-15,319521.1655189797
2023-12-18,319156.6159919676
2023-12-19,318089.4239400029
2023-12-20,318640.63955307624
2023-12-21,318355.71936577803
2023-12-22,318327.9391865077
2023-12-26,317857.81036156823
2023-12-27,317556.17183322593
2023-12-28,317798.63184243126
2023-12-29,318578.7470488632
2024-01-02,318817.80590758607
2024-01-03,319157.9164740327
2024-01-04,316393.93946324766
2024-01-05,317727.43393836025
2024-01-08,315352.8396094538
2024-01-09,315313.5309823867
2024-01-10,314893.15408678807
2024-01-11,315786.4731988704
2024-01-12,315785.20134305046
2024-01-16,315265.87520972727
2024-01-17,315220.1199754994
2024-01-18,315903.24167214416
2024-01-19,316100.5314046587
2024-01-22,316032.4356084273
2024-01-23,315924.7628766738
2024-01-24,317282.9648047465
2024-01-25,316630.6014273048
2024-01-26,316200.0870420973
2024-01-29,315228.8079851819
2024-01-30,315928.34320125333
2024-01-31,315451.8426320334
2024-02-01,315337.0848472577
2024-02-02,315226.2714335092
2024-02-05,315559.6525991218
2024-02-06,315862.0830496416
2024-02-07,316145.7404265573
2024-02-08,315839.6054833351
2024-02-09,315350.17784869147
2024-02-12,314515.1430913062
2024-02-13,314894.65672501136
2024-02-14,314568.80486543186
2024-02-15,314767.17704945867
2024-02-16,314478.1327329312
2024-02-20,316065.35656297894
2024-02-21,316137.50902924384
2024-02-22,316760.73136926297
2024-02-23,317390.686345262
2024-02-26,316857.9612627783
2024-02-27,316162.73501018895
2024-02-28,316613.57764069166
2024-02-29,316124.0252208026
2024-03-01,317938.48755397287
2024-03-04,317303.1732754175
2024-03-05,318691.3400374729
2024-03-06,318935.91685001965
2024-03-07,318756.4068151644
2024-03-08,320283.53428689035
2024-03-11,320523.3055512191
2024-03-12,320888.10271801334
2024-03-13,320960.8138177192
2024-03-14,321870.65133833257
2024-03-15,322689.8912665277
2024-03-18,323046.9111796168
2024-03-19,320214.6542702493
2024-03-20,320718.9761926733
2024-03-21,320995.34667523234
2024-03-22,321600.90432956937
2024-03-25,322437.79453740723
2024-03-26,322244.30411196715
2024-03-27,322095.70498225495
2024-03-28,321735.75017404155
2024-04-01,322120.9774248956
2024-04-02,323199.585470441
2024-04-03,324148.03020519344
2024-04-04,323858.81152801495
2024-04-05,323554.04279713565
2024-04-08,324089.3888186779
2024-04-09,323794.46909424604
2024-04-10,324903.5258465352
2024-04-11,325004.5882741274
2024-04-12,325721.7427560353
2024-04-15,326168.7291776527
2024-04-16,326679.9732564164
2024-04-17,326742.1716312132
2024-04-18,327108.782603082
2024-04-19,327575.36533548543
2024-04-22,327590.87032195367
2024-04-23,327643.4057565446
2024-04-24,328367.2326679432
2024-04-25,328803.0267516663
2024-04-26,328833.1342748864
2024-04-29,327967.90117057867
2024-04-30,328467.2357397917
2024-05-01,329253.7165893505
2024-05-02,328938.69052022725
2024-05-03,328222.1206986257
2024-05-06,328321.57616359595
2024-05-07,328817.8844111872
2024-05-08,328193.9724034196
2024-05-09,328051.42435504997
2024-05-10,329191.155240736
2024-05-13,329964.6716094871
2024-05-14,330061.93393982435
2024-05-15,329862.45224939496
2024-05-16,330659.29448337835
2024-05-17,330806.504455744
2024-05-20,330217.3257964361
2024-05-21,330905.36962108454
2024-05-22,330210.11546165304
2024-05-23,331590.3352909817
2024-05-24,331718.4079830531
2024-05-28,331906.9079489035
2024-05-29,332158.956393826
2024-05-30,330808.2184469498
2024-05-31,332113.009574614
2024-06-03,330770.1305732485
2024-06-04,331278.6532072347
2024-06-05,330570.9183007415
2024-06-06,331574.70644949283
2024-06-07,332021.3095726968
2024-06-10,331212.5260240261
2024-06-11,331012.49652168935
2024-06-12,330846.66235464264
2024-06-13,330414.73062168766
2024-06-14,330779.1057858097
2024-06-17,331374.6213830783
2024-06-18,331891.0911684258
2024-06-20,331456.21313294
2024-06-21,331375.5450517818
2024-06-24,332312.5181370541
2024-06-25,332756.18612740736
2024-06-26,333195.89823456877
2024-06-27,332794.21921151725
2024-06-28,332519.3621490371
2024-07-01,332990.57552244223
2024-07-02,333373.11122846324
2024-07-03,333550.641209777
2024-07-05,333538.77597266494
2024-07-08,333826.2113166809
2024-07-09,333935.249528349
2024-07-10,334014.59626166424
2024-07-11,333618.1578519008
2024-07-12,332701.9956632939
2024-07-15,330896.98034194973
2024-07-16,330559.1562655872
2024-07-17,330815.4305440912
2024-07-18,332079.19521962246
2024-07-19,331672.1308722437
2024-07-22,331575.3337314016
2024-07-23,331717.1764660137
2024-07-24,332985.42696156894
2024-07-25,332866.8435776174
2024-07-26,332600.5242900667
2024-07-29,332324.6670611923
2024-07-30,331298.81364439
2024-07-31,331016.3395531005
2024-08-01,330589.3975109443
2024-08-02,331306.724141157
2024-08-05,333136.710319241
2024-08-06,332666.5892905852
2024-08-07,333142.52832631354
2024-08-08,330950.70938643464
2024-08-09,331008.0747073661
2024-08-12,330969.3555970317
2024-08-13,330057.88744423725
2024-08-14,330260.31297463214
2024-08-15,329751.9073300883
2024-08-16,329497.56234524783
2024-08-19,329125.5565178021
2024-08-20,328089.2551238711
2024-08-21,329197.4469417491
2024-08-22,329674.7248219916
2024-08-23,329297.81809891935
2024-08-26,329144.6794658209
2024-08-27,329944.1597603848
2024-08-28,328409.573621706
2024-08-29,329956.8325031319
2024-08-30,330735.46799344633
2024-09-03,330421.1303953029
2024-09-04,330386.0470374247
2024-09-05,329748.121884329
2024-09-06,329651.12711755425
2024-09-09,327704.1785583075
2024-09-10,326306.2990979029
2024-09-11,326137.5096861239
2024-09-12,325488.89450938517
2024-09-13,325753.8998516359
2024-09-16,324844.2018161247
2024-09-17,325337.81902470597
2024-09-18,325847.3581652438
2024-09-19,325210.0202594734
2024-09-20,324931.1937505119
2024-09-23,325293.83815131854
2024-09-24,324418.86964982626
2024-09-25,324130.8686401417
2024-09-26,325360.9720073596
2024-09-27,325611.4134155624
2024-09-30,325885.99866188416
2024-10-01,326169.6640798434
2024-10-02,325754.29417318647
2024-10-03,325843.08477970294
2024-10-04,326278.9815474645
2024-10-07,328532.4963361168
2024-10-08,329041.56524637935
2024-10-09,329342.97391508817
2024-10-10,329956.3625807067
2024-10-11,329206.90244827385
2024-10-14,328580.75093934976
2024-10-15,327816.6407412285
2024-10-16,327059.8357039637
2024-10-17,327274.19338304066
2024-10-18,326530.1562270153
2024-10-21,325635.1074758002
2024-10-22,325700.40621975623
2024-10-23,326012.5929099771
2024-10-24,325834.5420839037
2024-10-25,325533.03973402875
2024-10-28,324896.0756226375
2024-10-29,323888.9364162438
2024-10-30,325364.56186175393
2024-10-31,326330.4513758868
2024-11-01,326674.14139837405
2024-11-04,326306.0897962299
2024-11-05,326530.1186057702
2024-11-06,326830.22864460887
2024-11-07,326067.0541125867
2024-11-08,325839.1519670845
2024-11-11,325133.98772885377
2024-11-12,325560.78979395045
2024-11-13,326331.5913879537
2024-11-14,326867.2067369263
2024-11-15,327700.97464024584
2024-11-18,328922.7906868332
2024-11-19,328052.1445057014
2024-11-20,328228.073411863
2024-11-21,329095.6443349655
2024-11-22,329032.2016272175
2024-11-25,329046.06222894473
2024-11-26,326956.239092488
2024-11-27,325142.14563124924
2024-11-29,325132.47407182073
2024-12-02,325821.0443249016
2024-12-03,326415.52898650547
2024-12-04,325527.79654391744
2024-12-05,326022.0440384324
2024-12-06,325975.6566436273
2024-12-09,327415.76436458266
2024-12-10,327525.2270476242
2024-12-11,327376.3644581341
2024-12-12,327310.2251177585
2024-12-13,328688.5637583856
2024-12-16,327985.5620021042
2024-12-17,327374.4188344356
2024-12-18,328514.769434044
2024-12-19,329342.1700809835
2024-12-20,328751.75184367027
2024-12-23,329400.5333046425
2024-12-24,329222.32601277146
2024-12-26,329644.24266180483
2024-12-27,330445.76981295494
2024-12-30,331438.77537127084
2024-12-31,332145.7644628667
2025-01-02,331796.3381891789
2025-01-03,330050.0765286396
2025-01-06,329347.66933912376
2025-01-07,330112.90828845307
2025-01-08,331891.1413462887
2025-01-10,331659.5517732661
2025-01-13,332237.412279586
2025-01-14,332229.7354990815
2025-01-15,332397.1551208376
2025-01-16,332617.59353185893
2025-01-17,332307.7266659882
2025-01-21,332779.0541642252
2025-01-22,332865.40625518165
2025-01-23,332680.0062915715
2025-01-24,332507.6390176177
2025-01-27,334208.19328137016
2025-01-28,334203.06790170283
2025-01-29,335259.8915206013
2025-01-30,334157.45606362086
2025-01-31,333101.27553558646
2025-02-03,331945.9917360134
2025-02-04,331134.7088241473
2025-02-05,330418.909883425
2025-02-06,330901.9753620513
2025-02-07,331479.1903781077
2025-02-10,331971.71443266835
2025-02-11,332516.3683533983
2025-02-12,331885.24938177643
2025-02-13,332079.02898001275
2025-02-14,332775.68953174294
2025-02-18,332841.1744512418
2025-02-19,332841.9630485404
2025-02-20,332189.13573868235
2025-02-21,333333.8911669682
2025-02-24,335000.9721439961
2025-02-25,336175.2633529861
2025-02-26,336027.2810312206
2025-02-27,336953.6188855289
2025-02-28,336079.37686239806
2025-03-03,336906.52320365875
2025-03-04,336889.2134141306
2025-03-05,334910.45641997585
2025-03-06,335193.4721949704
2025-03-07,336962.9709826753
2025-03-10,337897.817748581
2025-03-11,336003.30419780937
2025-03-12,335073.9202814407
2025-03-13,335471.05818205856
2025-03-14,336113.33800751396
2025-03-17,337013.3975540375
2025-03-18,343292.6186302569
2025-03-19,343147.9738881221
2025-03-20,343589.4715353903
2025-03-21,343816.2296799433
2025-03-24,342429.15525881754
2025-03-25,342347.18319661
2025-03-26,344448.1169421906
2025-03-27,345078.1086025432
2025-03-28,345271.6158090043
2025-03-31,345406.364911064
2025-04-01,346811.07141771656
2025-04-02,346471.28134665074
2025-04-03,348379.28439350065
2025-04-04,349201.44993035786
2025-04-07,349328.56592506124
2025-04-08,351013.1826116847
2025-04-09,351253.7013350662
2025-04-10,350504.2439529534
2025-04-11,349801.2409637762
2025-04-14,349704.77001559496
2025-04-15,350067.4525611948
2025-04-16,350539.92111167643
2025-04-17,350346.21622173814
2025-04-21,350831.17995375016
2025-04-22,350986.8825036733
2025-04-23,351380.4584056511
2025-04-24,350890.7478625203
2025-04-25,350455.6971808258
2025-04-28,350492.20744509436
2025-04-29,350915.74134810246
2025-04-30,351010.1162286457
2025-05-01,350902.21404851566
2025-05-02,351231.66529766517
2025-05-05,351467.30579528905
2025-05-06,352122.0426347328
2025-05-07,352150.4567393889
2025-05-08,352720.3630602548
2025-05-09,352593.7419589218
2025-05-12,352702.8112874311
2025-05-13,351189.78637897613
2025-05-14,351362.82654784265
2025-05-15,351154.4069933288
2025-05-16,351120.74288192677
2025-05-19,350823.8540730614
2025-05-20,351163.82324540114
2025-05-21,351012.5955412038
2025-05-22,351511.91768422065
2025-05-23,350233.93952727655
2025-05-27,352287.56029873644
2025-05-28,353078.9003738817
2025-05-29,352746.9230939503
2025-05-30,352637.7955295513
2025-06-02,352665.7826561806
2025-06-03,352693.77200401045
2025-06-04,352721.7635732171
2025-06-05,352749.75736397685
2025-06-06,352777.75337646605
2025-06-09,352805.751610861
2025-06-10,352833.75206733803
2025-06-11,352861.75474607357
2025-06-12,352889.7596472439
2025-06-13,352917.76677102543
2025-06-16,352945.77611759456
2025-06-17,352973.7876871277
2025-06-18,353001.8014798013
2025-06-20,353029.81749579177
2025-06-23,353057.8357352756
2025-06-24,353085.8561984292
2025-06-25,353113.87888542906
2025-06-26,353141.9037964517
2025-06-27,353169.9309316736
2025-06-30,352623.52271212725
2025-07-01,352000.0143411824
2025-07-02,349798.1882263856
2025-07-03,348628.19957501773
2025-07-07,349576.42755129037
2025-07-08,348276.1327839101
2025-07-09,348247.0540132903
2025-07-10,347682.29865348135
2025-07-11,347536.52401662245
2025-07-14,347523.5888339116
2025-07-15,349024.6547777744
2025-07-16,348649.6711565982
2025-07-17,347982.03333019884
2025-07-18,348501.4920071492
2025-07-21,349794.23324251897
2025-07-22,347341.436322052
2025-07-23,347859.25233699835
2025-07-24,346600.0375438598
2025-07-25,347520.0904206299
2025-07-28,348242.7736892768
2025-07-29,349455.0297317645
2025-07-30,350258.3602402824
2025-07-31,349442.62517832755
2025-08-01,350843.4728070806
2025-08-04,350985.63778282754
2025-08-05,350696.0633684141
2025-08-06,350843.9895359247
2025-08-07,351960.82959189574
2025-08-08,351340.0317078239
2025-08-11,353333.7850150782
2025-08-12,353676.3701699224
2025-08-13,352864.7834667323
2025-08-14,351341.18391876185
2025-08-15,348584.61937008204
2025-08-18,348294.189700069
2025-08-19,348246.0715715234
2025-08-20,348276.36048740696
2025-08-21,348590.8124008553
2025-08-22,348389.3164214782
2025-08-25,347805.3180107005
2025-08-26,346141.79663141124
2025-08-27,346287.0401800582
2025-08-28,346213.0618921574
2025-08-29,344392.86920135
2025-09-02,344420.20196874696
2025-09-03,344447.53690541117
2025-09-04,344474.87401151477
2025-09-05,344502.21328722994
2025-09-08,344529.5547327289
2025-09-09,344556.8983481839
2025-09-10,344584.2441337671
2025-09-11,344611.59208965075
2025-09-12,344638.94221600704
2025-09-15,344666.2945130083
2025-09-16,344693.64898082684
2025-09-17,344721.0056196348
2025-09-18,344748.3644296046
2025-09-19,344775.7254109086
2025-09-22,344803.08856371895
2025-09-23,344830.45388820814
2025-09-24,344857.8213845485
2025-09-25,344885.1910529123
2025-09-26,344912.5628934721
2025-09-29,344939.93690640014
2025-09-30,344303.61765136133
2025-10-01,342281.1152797676
2025-10-02,341610.39459539694
2025-10-03,340331.39668140956
2025-10-06,337520.84915927204
2025-10-07,339636.49320263404
2025-10-08,334778.17664159497
2025-10-09,335908.3771017166
2025-10-10,340213.49519775814
2025-10-13,324782.01321743795
2025-10-14,325529.9944184359
2025-10-15,319908.5403391442
2025-10-16,330030.8457018593
2025-10-17,332742.30905967526
2025-10-20,333817.0112036931
2025-10-21,330804.1249178818
2025-10-22,337558.98029241024
2025-10-23,339608.9871465091
2025-10-24,331140.79819899175
2025-10-27,330442.30761384807
2025-10-28,333291.21602839715
2025-10-29,336703.37168798374
2025-10-30,337680.7966133433
2025-10-31,331233.59186705615
2025-11-03,332639.9797086372
2025-11-04,339105.4809827354
2025-11-05,334626.5329056096
2025-11-06,334357.96568010264
2025-11-07,323746.63015898695
2025-11-10,319210.6301057553
2025-11-11,321987.60605043895
2025-11-12,327039.99998041574
2025-11-13,333891.30947302486
2025-11-14,339640.24262512824
2025-11-17,342353.9601877695
2025-11-18,342428.2520444149
2025-11-19,342378.7750703068
2025-11-20,342353.08756041207
2025-11-21,342177.6198001823
2025-11-24,343042.6071920544
2025-11-25,341994.9433089307
2025-11-26,341299.29423624376
2025-11-28,341143.7316058431
2025-12-01,341170.80650517694
2025-12-02,341197.8835533123
2025-12-03,341224.9627504197
2025-12-04,341252.0440966697
2025-12-05,341279.12759223295
2025-12-08,341306.21323727997
2025-12-09,341333.30103198136
2025-12-10,341360.3909765077
2025-12-11,341387.48307102965
2025-12-12,341414.5773157178
2025-12-15,341441.67371074285
2025-12-16,341468.77225627546
2025-12-17,341495.8729524863
2025-12-18,341522.975799546
2025-12-19,341550.0807976253
2025-12-22,341577.18794689496
2025-12-23,341604.29724752565
2025-12-24,341631.40869968815
2025-12-26,341658.5223035532
2025-12-29,341685.6380592916
2025-12-30,341712.7559670741
2025-12-31,341446.1373247011
