date,portfolio_value
2010-07-30,9936156.323479174
2010-08-02,10113778.716045398
2010-08-03,10010252.590242587
2010-08-04,10091784.536188437
2010-08-05,9992083.733909868
2010-08-06,9964421.301021745
2010-08-09,10047572.875293223
2010-08-10,9875245.712557802
2010-08-11,9530795.10820918
2010-08-12,9483014.847984029
2010-08-13,9417672.999747524
2010-08-16,9455850.859636413
2010-08-17,9605933.233740259
2010-08-18,9636533.417207435
2010-08-19,9411495.157299384
2010-08-20,9389044.114557132
2010-08-23,9304724.808629677
2010-08-24,9199929.683235798
2010-08-25,9315757.77743727
2010-08-26,9244355.631526306
2010-08-27,9469179.281758817
2010-08-30,9285828.068293136
2010-08-31,9252067.319533415
2010-09-01,9583680.116524328
2010-09-02,9699854.796849558
2010-09-03,9835139.604670806
2010-09-07,9622687.443885805
2010-09-08,9703475.15014501
2010-09-09,9706803.182264531
2010-09-10,9728348.381481215
2010-09-13,9985861.823078135
2010-09-14,9936648.437885802
2010-09-15,10005284.84693869
2010-09-16,9948196.902728837
2010-09-17,9986319.580275467
2010-09-20,10210226.334668528
2010-09-21,10136199.197204644
2010-09-22,10031143.438032107
2010-09-23,9961877.606983466
2010-09-24,10242261.7240269
2010-09-27,10219337.49095732
2010-09-28,10316912.782665664
2010-09-29,10334134.116548637
2010-09-30,10323160.712665923
2010-10-01,10342927.414202545
2010-10-04,10203108.201937051
2010-10-05,10436346.804122068
2010-10-06,10389601.675229963
2010-10-07,10357168.900485612
2010-10-08,10472601.028858174
2010-10-11,10493915.445551079
2010-10-12,10527825.195897926
2010-10-13,10653905.174351092
2010-10-14,10601578.893767826
2010-10-15,10576603.89702473
2010-10-18,10654740.375614068
2010-10-19,10451198.75893691
2010-10-20,10555451.760790765
2010-10-21,10499955.789244277
2010-10-22,10602146.007250708
2010-10-25,10634306.820552556
2010-10-26,10615703.4785791
2010-10-27,10600700.13028352
2010-10-28,10587882.407194918
2010-10-29,10606360.187961506
2010-11-01,10522481.550075386
2010-11-02,10729016.730676048
2010-11-03,10756887.076042455
2010-11-04,10968583.558829322
2010-11-05,11022604.893041885
2010-11-08,11020187.284335837
2010-11-09,10931166.955059582
2010-11-10,11046279.501804639
2010-11-11,11013867.048621982
2010-11-12,10856525.546570811
2010-11-15,10885410.768529229
2010-11-16,10703718.688483443
2010-11-17,10743374.061136274
2010-11-18,10881302.792326195
2010-11-19,10915113.499505255
2010-11-22,10931583.79647911
2010-11-23,10821460.681571003
2010-11-24,11031889.33776106
2010-11-26,10959687.915258013
2010-11-29,10986038.258765034
2010-11-30,10928923.958609428
2010-12-01,11103672.653525766
2010-12-02,11232160.452745313
2010-12-03,11305410.408862997
2010-12-06,11353835.76225895
2010-12-07,11395684.50049306
2010-12-08,11414925.756797021
2010-12-09,11461542.124629786
2010-12-10,11577493.84987044
2010-12-13,11526672.21679146
2010-12-14,11525452.345633611
2010-12-15,11480856.587468933
2010-12-16,11570299.354045289
2010-12-17,11613601.606446665
2010-12-20,11690708.688209798
2010-12-21,11819591.904889612
2010-12-22,11868722.277628172
2010-12-23,11838650.007163402
2010-12-27,11871272.933692671
2010-12-28,11829465.116649436
2010-12-29,11840882.382592253
2010-12-30,11857394.783370752
2010-12-31,11757950.494517028
2011-01-03,11955344.778736226
2011-01-04,11826006.21304711
2011-01-05,11941524.500706451
2011-01-06,11926591.84465277
2011-01-07,11873259.670620207
2011-01-10,11922542.253907926
2011-01-11,11960857.349601863
2011-01-12,12035564.507451605
2011-01-13,12035849.183446513
2011-01-14,12126641.029671824
2011-01-18,12125588.433770016
2011-01-19,11892945.997683473
2011-01-20,11799565.47898943
2011-01-21,11742713.593986701
2011-01-24,11848746.20962096
2011-01-25,11830058.537109127
2011-01-26,11959131.004433824
2011-01-27,12001941.24019991
2011-01-28,11748536.050411982
2011-01-31,11783644.443091108
2011-02-01,11966356.899361786
2011-02-02,11940177.001000218
2011-02-03,11944558.1869885
2011-02-04,11959135.19701246
2011-02-07,12048617.960309671
2011-02-08,12106738.91929787
2011-02-09,12050394.52565282
2011-02-10,12056953.389202971
2011-02-11,12166837.169972964
2011-02-14,12216464.062839476
2011-02-15,12147312.050558586
2011-02-16,12255969.464403765
2011-02-17,12318686.098474724
2011-02-18,12313774.236246271
2011-02-22,12057654.169661967
2011-02-23,11896470.628627034
2011-02-24,11926922.802377667
2011-02-25,12109768.246773338
2011-02-28,12114662.205676062
2011-03-01,11931269.155417623
2011-03-02,11952737.255286656
2011-03-03,12121702.622712137
2011-03-04,12059319.243714064
2011-03-07,11923631.332008239
2011-03-08,12077411.098495454
2011-03-09,12089831.737685794
2011-03-10,11875591.386752127
2011-03-11,11902511.546498038
2011-03-14,11814200.636686554
2011-03-15,11707688.160967093
2011-03-16,11607374.42082322
2011-03-17,11629295.965723986
2011-03-18,11757879.75419016
2011-03-21,11943798.076681664
2011-03-22,11897576.433351032
2011-03-23,11902768.021800458
2011-03-24,11994146.626732077
2011-03-25,12056518.775124397
2011-03-28,12028045.426169174
2011-03-29,12098417.6823316
2011-03-30,12201639.014786344
2011-03-31,12189024.306357672
2011-04-01,12228560.676220857
2011-04-04,12229810.503991848
2011-04-05,12290768.51190894
2011-04-06,12346778.248989765
2011-04-07,12350161.18237847
2011-04-08,12263855.75436313
2011-04-11,12207753.766776495
2011-04-12,12100087.776974518
2011-04-13,12104975.904184422
2011-04-14,12125309.638637735
2011-04-15,12212456.183102885
2011-04-18,12075319.628278496
2011-04-19,12087232.501845887
2011-04-20,12237823.956835689
2011-04-21,12273016.276418269
2011-04-25,12263438.396930166
2011-04-26,12377106.432010405
2011-04-27,12465645.847793456
2011-04-28,12480279.474326253
2011-04-29,12501135.75384982
2011-05-02,12385856.759819826
2011-05-03,12280103.61582144
2011-05-04,12206640.519873578
2011-05-05,12160223.159094498
2011-05-06,12216647.796565041
2011-05-09,12266190.212342883
2011-05-10,12421891.870784039
2011-05-11,12276615.975547379
2011-05-12,12373796.963371577
2011-05-13,12251383.010658193
2011-05-16,12106646.92890078
2011-05-17,12057966.900721692
2011-05-18,12168635.959339214
2011-05-19,12189003.175493421
2011-05-20,12129111.62405445
2011-05-23,11966882.070650296
2011-05-24,11914996.72413553
2011-05-25,11995953.164498277
2011-05-26,12086991.144252956
2011-05-27,12158861.50513176
2011-05-31,12233400.04147069
2011-06-01,11991807.639939403
2011-06-02,11994714.424694672
2011-06-03,11851410.219934488
2011-06-06,11707215.546386607
2011-06-07,11712271.777140336
2011-06-08,11627947.444339424
2011-06-09,11697691.724060215
2011-06-10,11580303.984627813
2011-06-13,11550244.238110036
2011-06-14,11730537.614326876
2011-06-15,11617353.311998118
2011-06-16,11638515.310773373
2011-06-17,11613077.429615714
2011-06-20,11687985.66522767
2011-06-21,11863889.158387966
2011-06-22,11779238.76214747
2011-06-23,11784228.311654117
2011-06-24,11735825.034246227
2011-06-27,11797012.390627533
2011-06-28,11907996.058427822
2011-06-29,11937767.030857196
2011-06-30,12018021.527296761
2011-07-01,12140900.008073408
2011-07-05,12166009.320775146
2011-07-06,12188276.204121703
2011-07-07,12373006.520758132
2011-07-08,12307711.637292832
2011-07-11,12094864.662184905
2011-07-12,12054751.180986565
2011-07-13,12133964.00781855
2011-07-14,12004664.738242334
2011-07-15,12079835.89877871
2011-07-18,11968355.320576107
2011-07-19,12162616.683408977
2011-07-20,12123208.368507015
2011-07-21,12217680.359146956
2011-07-22,12216195.678494329
2011-07-25,12079019.811336078
2011-07-26,11992668.018146507
2011-07-27,11722544.32194537
2011-07-28,11711423.617760532
2011-07-29,11668559.643425522
2011-08-01,11615101.251501463
2011-08-02,11292783.594957933
2011-08-03,11362563.855613131
2011-08-04,10797582.376047663
2011-08-05,10633808.977684122
2011-08-08,9859738.955082078
2011-08-09,10351417.938495189
2011-08-10,9911539.26395943
2011-08-11,10305719.875623891
2011-08-12,10298128.38224986
2011-08-15,10535451.738122564
2011-08-16,10399916.608206293
2011-08-17,10406300.505131697
2011-08-18,9961510.244640527
2011-08-19,9803788.396059792
2011-08-22,9798888.568642303
2011-08-23,10149298.142965581
2011-08-24,10251881.91973889
2011-08-25,10029474.748993125
2011-08-26,10215008.153177412
2011-08-29,10604024.267623648
2011-08-30,10653607.034453394
2011-08-31,10624819.900800357
2011-09-01,10399107.707631811
2011-09-02,10056747.023034988
2011-09-06,10055641.411176983
2011-09-07,10418969.663692916
2011-09-08,10242563.788166728
2011-09-09,9988802.974753441
2011-09-12,10107936.31366334
2011-09-13,10257478.822079152
2011-09-14,10412232.074667746
2011-09-15,10522199.003606927
2011-09-16,10530560.227402873
2011-09-19,10348330.851519356
2011-09-20,10188706.005964337
2011-09-21,9890598.420727983
2011-09-22,9626003.533361364
2011-09-23,9744480.953244692
2011-09-26,9895560.943729963
2011-09-27,10099664.496568175
2011-09-28,9744769.038182251
2011-09-29,9865397.531778377
2011-09-30,9608246.987156218
2011-10-03,9108115.33636818
2011-10-04,9601312.681947408
2011-10-05,9721145.134883665
2011-10-06,9918303.275454909
2011-10-07,9692046.230560185
2011-10-10,10064727.184476519
2011-10-11,10132639.54379546
2011-10-12,10301757.73738862
2011-10-13,10286477.084409133
2011-10-14,10462505.521699006
2011-10-17,10107565.729344329
2011-10-18,10412044.622935198
2011-10-19,10207091.48495757
2011-10-20,10215467.743000714
2011-10-21,10419047.278646877
2011-10-24,10726385.515042072
2011-10-25,10433785.699843654
2011-10-26,10599144.471052127
2011-10-27,11341320.072063088
2011-10-28,11298581.227951264
2011-10-31,11000738.729070785
2011-11-01,10663708.656177817
2011-11-02,10897760.487691846
2011-11-03,11108891.648271635
2011-11-04,11059278.857022626
2011-11-07,11047156.538547527
2011-11-08,11187300.228263777
2011-11-09,10739961.681214398
2011-11-10,10828409.590415549
2011-11-11,11042606.169522656
2011-11-14,10900139.658949647
2011-11-15,11017312.075756563
2011-11-16,10872452.461836172
2011-11-17,10747586.642778255
2011-11-18,10753170.701544639
2011-11-21,10531265.839432562
2011-11-22,10434881.44389043
2011-11-23,10168316.897359524
2011-11-25,10063459.023366893
2011-11-28,10436794.336450862
2011-11-29,10402017.344877295
2011-11-30,10891287.678545073
2011-12-01,10824780.012234766
2011-12-02,10899538.467002286
2011-12-05,11044442.165713439
2011-12-06,11032527.7802452
2011-12-07,11047508.990810312
2011-12-08,10716865.896399757
2011-12-09,11015646.46439582
2011-12-12,10870148.0540676
2011-12-13,10707197.258799626
2011-12-14,10595653.159691911
2011-12-15,10692235.421317982
2011-12-16,10765794.914222008
2011-12-19,10562668.537454588
2011-12-20,10929196.805834612
2011-12-21,10953961.913870756
2011-12-22,11031266.0911865
2011-12-23,11058129.026138362
2011-12-27,11087538.487728437
2011-12-28,10886462.062320715
2011-12-29,11027309.424216988
2011-12-30,10986545.914573155
2012-01-03,11141860.869630272
2012-01-04,11070716.747122983
2012-01-05,11150527.975881658
2012-01-06,11115629.059443712
2012-01-09,11160988.959927676
2012-01-10,11273878.139293825
2012-01-11,11350065.283577593
2012-01-12,11397435.890812987
2012-01-13,11306185.12286775
2012-01-17,11300396.82209568
2012-01-18,11504383.180058874
2012-01-19,11542710.501027768
2012-01-20,11607652.813748494
2012-01-23,11576704.74318039
2012-01-24,11671639.039437875
2012-01-25,11763596.007086476
2012-01-26,11756915.53442853
2012-01-27,11825828.228944317
2012-01-30,11723266.672433134
2012-01-31,11721404.022861257
2012-02-01,11893037.593325818
2012-02-02,11955503.435241362
2012-02-03,12205394.00961162
2012-02-06,12160774.682973914
2012-02-07,12161358.819195729
2012-02-08,12177876.38706925
2012-02-09,12154201.605269836
2012-02-10,11995721.703000735
2012-02-13,12132725.628246672
2012-02-14,12097310.294013564
2012-02-15,12027061.99999653
2012-02-16,12230551.975395646
2012-02-17,12231640.87221029
2012-02-21,12145517.408651985
2012-02-22,12041395.293520126
2012-02-23,12186338.644247603
2012-02-24,12169227.858673824
2012-02-27,12165949.386523405
2012-02-28,12156911.261969548
2012-02-29,11978386.576559601
2012-03-01,12042425.915740205
2012-03-02,11891463.256057043
2012-03-05,11901046.247931296
2012-03-06,11710944.066399157
2012-03-07,11829990.334144488
2012-03-08,11946399.310297333
2012-03-09,12098993.741584918
2012-03-12,12050340.782737056
2012-03-13,12257816.46056673
2012-03-14,12196110.846033689
2012-03-15,12314850.213592514
2012-03-16,12309289.209221149
2012-03-19,12403196.730264718
2012-03-20,12328404.621214515
2012-03-21,12346207.690614887
2012-03-22,12270869.318943545
2012-03-23,12368302.668767974
2012-03-26,12568556.223519523
2012-03-27,12503457.433774015
2012-03-28,12472127.178051036
2012-03-29,12442567.959471736
2012-03-30,12413766.530389756
2012-04-02,12540091.931758935
2012-04-03,12442623.959112506
2012-04-04,12271438.429263398
2012-04-05,12261152.619359972
2012-04-09,12103124.579377217
2012-04-10,11880973.595975664
2012-04-11,12020826.165330764
2012-04-12,12156101.43399455
2012-04-13,12014681.795847196
2012-04-16,12029109.820259228
2012-04-17,12180394.922642458
2012-04-18,12099786.575839229
2012-04-19,12056012.415779324
2012-04-20,12124104.927602053
2012-04-23,11976563.233975327
2012-04-24,12042467.810692485
2012-04-25,12166645.707754822
2012-04-26,12230639.908292081
2012-04-27,12330993.726770176
2012-04-30,12225584.019097947
2012-05-01,12220748.813893069
2012-05-02,12271485.47200525
2012-05-03,12109074.440041551
2012-05-04,11936132.286121411
2012-05-07,11966651.766043112
2012-05-08,11945648.487417005
2012-05-09,11906218.988743784
2012-05-10,11945958.883027367
2012-05-11,11908072.948548876
2012-05-14,11795849.371665346
2012-05-15,11784487.443611458
2012-05-16,11723841.549896114
2012-05-17,11533090.262177223
2012-05-18,11468746.49767302
2012-05-21,11634438.676831694
2012-05-22,11553472.69354983
2012-05-23,11611796.637821946
2012-05-24,11621192.731991244
2012-05-25,11634688.903184379
2012-05-29,11750727.302606272
2012-05-30,11586779.165392932
2012-05-31,11599355.720002806
2012-06-01,11299149.22942565
2012-06-04,11305219.063768573
2012-06-05,11394068.556429924
2012-06-06,11606764.759381065
2012-06-07,11562832.910307761
2012-06-08,11676489.54971749
2012-06-11,11465227.932909068
2012-06-12,11574122.860986747
2012-06-13,11466621.850041842
2012-06-14,11606562.385627273
2012-06-15,11729282.846524045
2012-06-18,11736586.597521381
2012-06-19,11907744.549802048
2012-06-20,11880403.312698264
2012-06-21,11641318.84277822
2012-06-22,11754985.284256179
2012-06-25,11581663.119272409
2012-06-26,11612360.837478392
2012-06-27,11751926.633838793
2012-06-28,11738210.671317691
2012-06-29,12021128.620797725
2012-07-02,12147682.57801209
2012-07-03,12291320.532556476
2012-07-05,12292079.666689808
2012-07-06,12179211.728208512
2012-07-09,12154725.668653369
2012-07-10,12053413.62737267
2012-07-11,12005708.904776877
2012-07-12,11968966.918883
2012-07-13,12123027.081562357
2012-07-16,12053461.135423696
2012-07-17,12061055.391219039
2012-07-18,12141250.895770907
2012-07-19,12091755.985280508
2012-07-20,11981876.684130013
2012-07-23,11818627.0265949
2012-07-24,11692956.805636872
2012-07-25,11703400.252451973
2012-07-26,11878616.644545225
2012-07-27,12109928.5173381
2012-07-30,12054244.690500481
2012-07-31,11992378.540096369
2012-08-01,11820908.893269653
2012-08-02,11740154.278460909
2012-08-03,11964549.600276066
2012-08-06,12035053.609788386
2012-08-07,12082308.269979324
2012-08-08,12084897.725757759
2012-08-09,12118375.885277338
2012-08-10,12133635.29790453
2012-08-13,12123812.875768695
2012-08-14,12080773.892604185
2012-08-15,12163958.036384746
2012-08-16,12259858.008965475
2012-08-17,12329696.085218197
2012-08-20,12292509.448428303
2012-08-21,12251072.801520728
2012-08-22,12214472.447694845
2012-08-23,12156282.154359706
2012-08-24,12197546.199265076
2012-08-27,12210171.091372298
2012-08-28,12254717.917980103
2012-08-29,12310536.552851036
2012-08-30,12201286.646929843
2012-08-31,12245963.670802595
2012-09-04,12347834.825787669
2012-09-05,12336125.235607391
2012-09-06,12524145.32920107
2012-09-07,12590624.828890523
2012-09-10,12567321.447433429
2012-09-11,12606971.754647935
2012-09-12,12658587.43843759
2012-09-13,12794237.0593632
2012-09-14,12873472.558495536
2012-09-17,12808688.734200224
2012-09-18,12789130.372297002
2012-09-19,12790475.896916568
2012-09-20,12741450.333726635
2012-09-21,12807639.282273885
2012-09-24,12724400.401158137
2012-09-25,12587226.943285681
2012-09-26,12541593.767231781
2012-09-27,12643375.034281112
2012-09-28,12569572.478983484
2012-10-01,12616531.187801078
2012-10-02,12616686.252991386
2012-10-03,12610965.799933894
2012-10-04,12687128.093867976
2012-10-05,12683251.83781901
2012-10-08,12629600.57048344
2012-10-09,12481880.129694453
2012-10-10,12470691.479661766
2012-10-11,12516420.037777126
2012-10-12,12424535.440794308
2012-10-15,12477854.142760022
2012-10-16,12544179.91148825
2012-10-17,12609547.196505852
2012-10-18,12531619.088763861
2012-10-19,12347242.929281719
2012-10-22,12350372.99931206
2012-10-23,12291346.688009296
2012-10-24,12286307.87382807
2012-10-25,12306650.668378564
2012-10-26,12275175.486827226
2012-10-31,12310747.943159727
2012-11-01,12439005.082143107
2012-11-02,12317434.95083128
2012-11-05,12384633.153046073
2012-11-06,12444346.698040865
2012-11-07,12174049.793119673
2012-11-08,12059443.06355876
2012-11-09,12068119.951547612
2012-11-12,12039550.082643755
2012-11-13,11970285.650693687
2012-11-14,11795629.575303541
2012-11-15,11719531.64063026
2012-11-16,11763592.450835649
2012-11-19,11981551.220683761
2012-11-20,11983145.02216877
2012-11-21,12023422.32392441
2012-11-23,12120609.707491834
2012-11-26,12149295.628798418
2012-11-27,12140633.770828944
2012-11-28,12210638.61501639
2012-11-29,12343212.022412026
2012-11-30,12368650.235878058
2012-12-03,12355872.960826777
2012-12-04,12346894.9795191
2012-12-05,12317189.421759602
2012-12-06,12317353.844946798
2012-12-07,12314481.365606487
2012-12-10,12362893.626655161
2012-12-11,12458694.44039509
2012-12-12,12402027.552329518
2012-12-13,12352131.42569125
2012-12-14,12346484.328155177
2012-12-17,12484640.156613573
2012-12-18,12672662.870541338
2012-12-19,12677989.388343086
2012-12-20,12717261.748626202
2012-12-21,12648839.738316745
2012-12-24,12581785.31015827
2012-12-26,12509509.008530071
2012-12-27,12494923.158946719
2012-12-28,12443824.22057376
2012-12-31,12629161.957411043
2013-01-02,12910863.767323907
2013-01-03,12910673.718987219
2013-01-04,12990955.712463986
2013-01-07,12965600.100115243
2013-01-08,12944803.04084716
2013-01-09,12991260.349076342
2013-01-10,13036338.634250581
2013-01-11,13031396.319602259
2013-01-14,13025599.630520497
2013-01-15,13075924.84988676
2013-01-16,13069726.612817982
2013-01-17,13167661.309074808
2013-01-18,13208598.901264157
2013-01-22,13292941.372600548
2013-01-23,13259286.705189833
2013-01-24,13301671.659245837
2013-01-25,13359767.85195764
2013-01-28,13400874.826290153
2013-01-29,13413193.49087681
2013-01-30,13309915.16175047
2013-01-31,13362624.419993324
2013-02-01,13485197.807285288
2013-02-04,13339467.126788948
2013-02-05,13419888.124735836
2013-02-06,13462990.93129723
2013-02-07,13408588.594755411
2013-02-08,13443343.03135393
2013-02-11,13440824.258826246
2013-02-12,13506162.056148592
2013-02-13,13525363.699031144
2013-02-14,13578333.060958616
2013-02-15,13570100.712727163
2013-02-19,13671717.776055979
2013-02-20,13472553.317248285
2013-02-21,13380921.618444232
2013-02-22,13493970.15521179
2013-02-25,13277136.79017015
2013-02-26,13316234.199946752
2013-02-27,13415402.533246405
2013-02-28,13406535.531413028
2013-03-01,13453297.609919662
2013-03-04,13471533.632852675
2013-03-05,13587111.61607381
2013-03-06,13633758.751008939
2013-03-07,13716059.478402188
2013-03-08,13791326.863350134
2013-03-11,13809378.89094594
2013-03-12,13769974.794546528
2013-03-13,13832282.072661022
2013-03-14,13935814.812944103
2013-03-15,13918082.880152633
2013-03-18,13885298.444477031
2013-03-19,13858061.344959555
2013-03-20,13954967.156575745
2013-03-21,13874635.32525133
2013-03-22,13888573.697645167
2013-03-25,13902306.841283202
2013-03-26,13953904.25038239
2013-03-27,13953128.511123946
2013-03-28,13972486.35935202
2013-04-01,13836343.86616446
2013-04-02,13830263.696352754
2013-04-03,13692817.831944348
2013-04-04,13760006.232837701
2013-04-05,13747740.546781324
2013-04-08,13780690.336611817
2013-04-09,13767140.864159953
2013-04-10,13933516.842419982
2013-04-11,13945081.11948809
2013-04-12,13902841.409227055
2013-04-15,13576376.091420192
2013-04-16,13716626.388375558
2013-04-17,13566480.717679592
2013-04-18,13524860.4927332
2013-04-19,13608709.647329163
2013-04-22,13633336.593237199
2013-04-23,13810224.764781311
2013-04-24,13873844.1515694
2013-04-25,13944414.037371723
2013-04-26,13910176.442043312
2013-04-29,13943564.235303847
2013-04-30,13999564.995730568
2013-05-01,13768327.494704418
2013-05-02,13921729.403936619
2013-05-03,14081361.19360285
2013-05-06,14139039.837599274
2013-05-07,14220691.066690067
2013-05-08,14252820.479490947
2013-05-09,14234854.557175228
2013-05-10,14329349.393009655
2013-05-13,14294060.185775518
2013-05-14,14414478.297380436
2013-05-15,14462292.115778247
2013-05-16,14426486.373154415
2013-05-17,14513872.224654762
2013-05-20,14550545.012839438
2013-05-21,14538267.554872949
2013-05-22,14403799.226028515
2013-05-23,14444829.548650842
2013-05-24,14445162.952478033
2013-05-28,14553927.850694187
2013-05-29,14475018.441400917
2013-05-30,14546727.794558205
2013-05-31,14462939.852480263
2013-06-03,14547908.707067113
2013-06-04,14496645.337231666
2013-06-05,14366204.85366177
2013-06-06,14471566.859759137
2013-06-07,14543345.999338906
2013-06-10,14601303.682939118
2013-06-11,14502028.52805529
2013-06-12,14435010.633404441
2013-06-13,14569631.116715636
2013-06-14,14480781.782100815
2013-06-17,14553073.465361774
2013-06-18,14670371.729525909
2013-06-19,14566796.0805174
2013-06-20,14327488.082690567
2013-06-21,14370134.023675302
2013-06-24,14251598.09562834
2013-06-25,14344135.057639178
2013-06-26,14367268.505714098
2013-06-27,14529455.587749727
2013-06-28,14515868.706741668
2013-07-01,14636201.29317372
2013-07-02,14625188.840603448
2013-07-03,14658186.263030035
2013-07-05,14796556.820082854
2013-07-08,14839123.600853201
2013-07-09,14911621.213670105
2013-07-10,14953281.857671032
2013-07-11,15076884.440424375
2013-07-12,15111463.10238365
2013-07-15,15237921.50869675
2013-07-16,15188951.558624677
2013-07-17,15215191.778984994
2013-07-18,15280193.957302062
2013-07-19,15282254.232162952
2013-07-22,15338698.413027342
2013-07-23,15324038.920516318
2013-07-24,15251846.48116821
2013-07-25,15363159.971322224
2013-07-26,15311836.188513808
2013-07-29,15220753.192090996
2013-07-30,15235962.59180743
2013-07-31,15241425.863654312
2013-08-01,15351483.412513655
2013-08-02,15345454.398167174
2013-08-05,15373160.614906628
2013-08-06,15272984.596975002
2013-08-07,15170340.997160312
2013-08-08,15197228.480837137
2013-08-09,15155611.726200182
2013-08-12,15197702.121570585
2013-08-13,15195210.009517133
2013-08-14,15152455.767373957
2013-08-15,14964726.175042178
2013-08-16,14952912.137671992
2013-08-19,14858709.516936544
2013-08-20,14986069.088040419
2013-08-21,14926030.245993193
2013-08-22,15040857.190343931
2013-08-23,15033058.843339864
2013-08-26,15059098.054314433
2013-08-27,14820088.929473499
2013-08-28,14846446.800878583
2013-08-29,14953807.51238278
2013-08-30,14807836.00660043
2013-09-03,14902940.685106795
2013-09-04,14995644.41505418
2013-09-05,15042511.536940672
2013-09-06,15052986.160060387
2013-09-09,15216841.252247699
2013-09-10,15295459.682718264
2013-09-11,15296379.990121637
2013-09-12,15239739.142207332
2013-09-13,15311904.609793108
2013-09-16,15311557.193605153
2013-09-17,15436905.970912471
2013-09-18,15507973.100196641
2013-09-19,15551928.768692289
2013-09-20,15529414.175084304
2013-09-23,15522363.458093716
2013-09-24,15544383.003536027
2013-09-25,15536461.657666698
2013-09-26,15594600.079865564
2013-09-27,15579293.712404117
2013-09-30,15582020.177394018
2013-10-01,15703276.965488985
2013-10-02,15656182.078324484
2013-10-03,15546203.167619027
2013-10-04,15628007.184757793
2013-10-07,15535449.895438302
2013-10-08,15357901.433579087
2013-10-09,15339849.45041253
2013-10-10,15566040.089974042
2013-10-11,15710599.505385503
2013-10-14,15762185.1923908
2013-10-15,15685637.943024479
2013-10-16,15784165.72551135
2013-10-17,15847726.359751143
2013-10-18,15962773.010380922
2013-10-21,15928207.282700004
2013-10-22,15960214.315766929
2013-10-23,15908024.298814597
2013-10-24,15987982.131580591
2013-10-25,15973832.509582464
2013-10-28,15959940.527436897
2013-10-29,16006044.504853252
2013-10-30,15860686.184299864
2013-10-31,15792231.958710616
2013-11-01,15757863.019951664
2013-11-04,15855531.397302303
2013-11-05,15811845.614449799
2013-11-06,15765798.133973029
2013-11-07,15621106.398847274
2013-11-08,15791666.392820146
2013-11-11,15787557.493322033
2013-11-12,15801946.466309566
2013-11-13,15877643.200595314
2013-11-14,15862917.871082192
2013-11-15,15903821.754387267
2013-11-18,15860893.174756888
2013-11-19,15807163.969068732
2013-11-20,15810424.015810156
2013-11-21,15987053.83848865
2013-11-22,16006001.195470914
2013-11-25,16041864.473209482
2013-11-26,16126535.430839121
2013-11-27,16192086.232994817
2013-11-29,16217450.13247952
2013-12-02,16058937.735057458
2013-12-03,16039679.470065016
2013-12-04,16014568.723518208
2013-12-05,16004241.448326174
2013-12-06,16055652.88272275
2013-12-09,16055917.88151274
2013-12-10,15957411.822460279
2013-12-11,15821814.942102656
2013-12-12,15835126.791927442
2013-12-13,15884033.497784046
2013-12-16,16071123.104565654
2013-12-17,16054278.437610272
2013-12-18,16154332.526090855
2013-12-19,16119522.315603197
2013-12-20,16326998.224466745
2013-12-23,16333533.886413869
2013-12-24,16473650.474384312
2013-12-26,16471338.09265327
2013-12-27,16460020.953288224
2013-12-30,16475143.213372838
2013-12-31,16485721.338779606
2014-01-02,16414560.135219248
2014-01-03,16459663.97630797
2014-01-06,16378660.113470078
2014-01-07,16465392.878960334
2014-01-08,16448929.825753571
2014-01-09,16445413.916440153
2014-01-10,16483201.634095822
2014-01-13,16367904.0034303
2014-01-14,16502667.319334112
2014-01-15,16581079.208112191
2014-01-16,16612712.306828145
2014-01-17,16570331.587758988
2014-01-21,16626466.660640005
2014-01-22,16663852.728762474
2014-01-23,16568937.250646945
2014-01-24,16327821.337975815
2014-01-27,16193661.011200152
2014-01-28,16280507.620285492
2014-01-29,16142078.032562518
2014-01-30,16248989.192583429
2014-01-31,16163899.45939743
2014-02-03,15871450.611935914
2014-02-04,15931868.508920437
2014-02-05,15854839.704024693
2014-02-06,15910136.941678721
2014-02-07,15987770.337579263
2014-02-10,16024034.381935488
2014-02-11,16119267.20033492
2014-02-12,16149176.501400929
2014-02-13,16262544.951925796
2014-02-14,16264830.817881659
2014-02-18,16371729.80404613
2014-02-19,16279589.470755432
2014-02-20,16368468.70391231
2014-02-21,16378368.514060523
2014-02-24,16453921.751764892
2014-02-25,16428191.75664453
2014-02-26,16518936.686979882
2014-02-27,16592422.467631672
2014-02-28,16529093.035698198
2014-03-03,16487741.352215184
2014-03-04,16735718.319425266
2014-03-05,16756168.276678735
2014-03-06,16763312.978366112
2014-03-07,16761727.375675201
2014-03-10,16785349.662929438
2014-03-11,16695547.210611727
2014-03-12,16718600.789605657
2014-03-13,16602616.120541584
2014-03-14,16626543.818036903
2014-03-17,16680652.455912564
2014-03-18,16810965.81987477
2014-03-19,16748641.657488648
2014-03-20,16746715.328659689
2014-03-21,16712813.843336273
2014-03-24,16600376.31868478
2014-03-25,16580247.985812686
2014-03-26,16385212.729163714
2014-03-27,16369346.74480528
2014-03-28,16379612.228479773
2014-03-31,16539082.227791075
2014-04-01,16697794.43947526
2014-04-02,16754387.08251213
2014-04-03,16633448.742707858
2014-04-04,16388460.876729682
2014-04-07,16223133.941390663
2014-04-08,16297690.70695461
2014-04-09,16433445.121226102
2014-04-10,16144585.101379218
2014-04-11,15989654.255038679
2014-04-14,16007940.086445112
2014-04-15,15996285.262201358
2014-04-16,16081298.582468236
2014-04-17,16133436.236908523
2014-04-21,16203405.542327847
2014-04-22,16315426.512077184
2014-04-23,16206558.021070162
2014-04-24,16184074.492408145
2014-04-25,16035427.10277654
2014-04-28,15980155.721925935
2014-04-29,15992384.15281314
2014-04-30,16016739.2083821
2014-05-01,15994500.577926986
2014-05-02,16014492.791835368
2014-05-05,15978990.902127702
2014-05-06,15824043.223487604
2014-05-07,15789112.14541801
2014-05-08,15683589.295032067
2014-05-09,15752809.367650807
2014-05-12,15974877.042566068
2014-05-13,15877582.476567019
2014-05-14,15720343.352930948
2014-05-15,15661661.552885275
2014-05-16,15706285.409515753
2014-05-19,15804608.374111839
2014-05-20,15677309.77157893
2014-05-21,15720832.088091616
2014-05-22,15830462.30511408
2014-05-23,15928837.404541183
2014-05-27,16072038.212088753
2014-05-28,16025396.775292186
2014-05-29,16079372.433115738
2014-05-30,16030807.483244017
2014-06-02,15949557.991644083
2014-06-03,15931735.5591336
2014-06-04,15983109.70903176
2014-06-05,16174856.98023754
2014-06-06,16253359.90364822
2014-06-09,16367559.996173408
2014-06-10,16367870.088231362
2014-06-11,16333816.423519455
2014-06-12,16294989.07455445
2014-06-13,16315382.839638665
2014-06-16,16358601.44119596
2014-06-17,16433505.202047896
2014-06-18,16489701.68838065
2014-06-19,16460664.746188141
2014-06-20,16516646.24053337
2014-06-23,16480216.857161911
2014-06-24,16413593.1724504
2014-06-25,16501703.203199249
2014-06-26,16437234.852222994
2014-06-27,16499189.698379127
2014-06-30,16560733.75938543
2014-07-01,16668583.234801494
2014-07-02,16633947.948019583
2014-07-03,16714105.372664401
2014-07-07,16509586.19079426
2014-07-08,16364287.458409077
2014-07-09,16372725.025291318
2014-07-10,16283146.371463228
2014-07-11,16265984.254741598
2014-07-14,16337669.076366533
2014-07-15,16214259.446846135
2014-07-16,16199548.642538732
2014-07-17,16064574.875115633
2014-07-18,16209829.330751052
2014-07-21,16171128.86924791
2014-07-22,16234317.879600178
2014-07-23,16218866.240360156
2014-07-24,16196440.116920767
2014-07-25,16132606.111476237
2014-07-28,16117899.051277284
2014-07-29,16122598.435873626
2014-07-30,16134788.144610953
2014-07-31,15934188.01870437
2014-08-01,15864260.35832957
2014-08-04,15920059.22400304
2014-08-05,15928238.059971388
2014-08-06,15959042.810331097
2014-08-07,15913016.822663963
2014-08-08,16021223.842425719
2014-08-11,16143145.68552019
2014-08-12,16043312.456890684
2014-08-13,16127306.815339774
2014-08-14,16156600.446866117
2014-08-15,16130362.507708091
2014-08-18,16301060.2578712
2014-08-19,16339273.432330092
2014-08-20,16270925.45084197
2014-08-21,16281666.644486867
2014-08-22,16293302.658286488
2014-08-25,16310778.003413185
2014-08-26,16398940.454485714
2014-08-27,16359396.34170781
2014-08-28,16315578.052744932
2014-08-29,16391181.13840418
2014-09-02,16418329.12924143
2014-09-03,16357636.44331104
2014-09-04,16333848.976037633
2014-09-05,16350627.212197095
2014-09-08,16380327.355916545
2014-09-09,16285775.701567806
2014-09-10,16342529.435955238
2014-09-11,16389226.27295503
2014-09-12,16296840.891504377
2014-09-15,16170802.13148218
2014-09-16,16187009.481298082
2014-09-17,16222293.92366675
2014-09-18,16240885.093693968
2014-09-19,16152974.243061448
2014-09-22,15983944.825402848
2014-09-23,15913996.147112656
2014-09-24,15990703.596136242
2014-09-25,15845052.617487978
2014-09-26,15934334.916544225
2014-09-29,15918118.08010551
2014-09-30,15798274.32344361
2014-10-01,15652216.172309475
2014-10-02,15742379.687814815
2014-10-03,15786902.754503267
2014-10-06,15717718.657597827
2014-10-07,15545305.948603602
2014-10-08,15671471.20336197
2014-10-09,15399994.543311132
2014-10-10,15286828.850188844
2014-10-13,15263296.731010549
2014-10-14,15323142.955642208
2014-10-15,15429788.437868968
2014-10-16,15570360.60042214
2014-10-17,15556272.55453949
2014-10-20,15654450.144849323
2014-10-21,15769405.554380126
2014-10-22,15618408.465894207
2014-10-23,15784669.858240154
2014-10-24,15808704.884713616
2014-10-27,15741134.456081558
2014-10-28,16017629.928681467
2014-10-29,16011541.374076208
2014-10-30,16089900.426320683
2014-10-31,16218316.493958026
2014-11-03,16188498.423773013
2014-11-04,16179778.231269471
2014-11-05,16196301.150653169
2014-11-06,16204941.868074078
2014-11-07,16225026.705364723
2014-11-10,16252558.689768631
2014-11-11,16239566.217040606
2014-11-12,16315407.915885411
2014-11-13,16208129.963275846
2014-11-14,16214556.36688368
2014-11-17,16109416.10310905
2014-11-18,16138747.295752801
2014-11-19,16044529.910985148
2014-11-20,16161998.116529014
2014-11-21,16166927.082330793
2014-11-24,16287401.143821418
2014-11-25,16264864.196262516
2014-11-26,16305338.917629544
2014-11-28,16127831.201719629
2014-12-01,15940668.78839585
2014-12-02,16050924.077146765
2014-12-03,16123859.620404756
2014-12-04,16049815.989330247
2014-12-05,16135683.43728775
2014-12-08,15985229.647518389
2014-12-09,16174022.244218657
2014-12-10,15965449.766332753
2014-12-11,16017540.035560131
2014-12-12,15939565.450510591
2014-12-15,15834824.638843352
2014-12-16,15826005.580397096
2014-12-17,16113054.327428075
2014-12-18,16265333.699205771
2014-12-19,16322011.90768639
2014-12-22,16380650.842375293
2014-12-23,16378225.94025429
2014-12-24,16403620.65626629
2014-12-26,16475255.126857728
2014-12-29,16493650.20696637
2014-12-30,16462374.72722499
2014-12-31,16445356.060698716
2015-01-02,16417539.79407993
2015-01-05,16294782.836224984
2015-01-06,16098290.20915737
2015-01-07,16202107.082481481
2015-01-08,16358447.03956741
2015-01-09,16309597.26241495
2015-01-12,16245911.760346996
2015-01-13,16243316.445528615
2015-01-14,16213399.417924803
2015-01-15,16016081.479888886
2015-01-16,16185192.246937022
2015-01-20,16098549.549478892
2015-01-21,16041943.876820363
2015-01-22,16189989.620762516
2015-01-23,16172887.337321887
2015-01-26,16251430.04243825
2015-01-27,16221301.998804314
2015-01-28,16078710.870454019
2015-01-29,16182343.783780267
2015-01-30,16001224.545750972
2015-02-02,16098678.82852408
2015-02-03,16276686.190628435
2015-02-04,16256112.114102542
2015-02-05,16420207.45318791
2015-02-06,16401942.86379784
2015-02-09,16370781.61073483
2015-02-10,16402534.50937743
2015-02-11,16458890.2782806
2015-02-12,16569690.869818864
2015-02-13,16640169.52910202
2015-02-17,16667444.260653527
2015-02-18,16691391.028115718
2015-02-19,16703069.372705078
2015-02-20,16720243.033540417
2015-02-23,16688653.951539926
2015-02-24,16733428.784464795
2015-02-25,16762905.971145649
2015-02-26,16791853.760401215
2015-02-27,16713548.04892321
2015-03-02,16778507.373916328
2015-03-03,16700055.675212331
2015-03-04,16671949.53381271
2015-03-05,16700140.84181539
2015-03-06,16626691.11829992
2015-03-09,16630382.244315494
2015-03-10,16502079.333018757
2015-03-11,16530345.668135226
2015-03-12,16648361.6872639
2015-03-13,16614372.284064002
2015-03-16,16619101.670861831
2015-03-17,16644314.271831945
2015-03-18,16708034.728271605
2015-03-19,16739248.07171753
2015-03-20,16808149.72643018
2015-03-23,16816161.568164553
2015-03-24,16833613.597597413
2015-03-25,16641379.80063197
2015-03-26,16613256.056057189
2015-03-27,16656702.548506565
2015-03-30,16746028.655438755
2015-03-31,16714309.979458282
2015-04-01,16697518.664824214
2015-04-02,16750051.38054866
2015-04-06,16768202.229487605
2015-04-07,16769496.293689769
2015-04-08,16853684.175582886
2015-04-09,16845849.47776389
2015-04-10,16893337.205660217
2015-04-13,16906135.31600795
2015-04-14,16916376.862907276
2015-04-15,17021276.582598727
2015-04-16,17003446.8568997
2015-04-17,16838839.040266886
2015-04-20,16939271.77548726
2015-04-21,16934252.394105144
2015-04-22,16944699.84103681
2015-04-23,16989663.670312725
2015-04-24,16958068.68672937
2015-04-27,16845642.25251051
2015-04-28,16901544.994145207
2015-04-29,16775873.239846367
2015-04-30,16595344.486265235
2015-05-01,16640197.44903855
2015-05-04,16671515.607444204
2015-05-05,16582542.129035436
2015-05-06,16580440.441128187
2015-05-07,16592177.868033424
2015-05-08,16648815.444577524
2015-05-11,16661815.619283494
2015-05-12,16642083.45601898
2015-05-13,16639496.105958935
2015-05-14,16730137.260593016
2015-05-15,16718835.90472501
2015-05-18,16794811.332098976
2015-05-19,16753702.721823446
2015-05-20,16756989.905679923
2015-05-21,16732314.060009882
2015-05-22,16702474.447111702
2015-05-26,16617641.442620337
2015-05-27,16692846.155617483
2015-05-28,16691114.106879838
2015-05-29,16655497.721504163
2015-06-01,16665460.023065522
2015-06-02,16730860.660114374
2015-06-03,16853221.879486933
2015-06-04,16771781.748150159
2015-06-05,16857879.040731825
2015-06-08,16824219.424393136
2015-06-09,16820443.437969238
2015-06-10,16925996.625897467
2015-06-11,16943767.63637944
2015-06-12,16961389.935388222
2015-06-15,16937405.0620652
2015-06-16,16939940.058421426
2015-06-17,16926498.23170066
2015-06-18,17027614.72883134
2015-06-19,17027730.467912454
2015-06-22,17093176.10445998
2015-06-23,17128597.993999507
2015-06-24,17041026.516410716
2015-06-25,17047767.614029374
2015-06-26,16991081.659851216
2015-06-29,16720836.333407871
2015-06-30,16771370.97881724
2015-07-01,16792626.444403425
2015-07-02,16718897.604447365
2015-07-06,16705759.854297716
2015-07-07,16695606.299688127
2015-07-08,16540817.951964619
2015-07-09,16602097.960470904
2015-07-10,16757226.462278388
2015-07-13,16858222.747502886
2015-07-14,16900543.197981767
2015-07-15,16819405.207011815
2015-07-16,16894618.43115105
2015-07-17,16867221.69354842
2015-07-20,16770765.828962276
2015-07-21,16743948.861937314
2015-07-22,16751901.97746111
2015-07-23,16659324.606748795
2015-07-24,16506332.820627622
2015-07-27,16413100.470752224
2015-07-28,16508833.545024673
2015-07-29,16518008.854661118
2015-07-30,16526212.935095109
2015-07-31,16515562.3213812
2015-08-03,16444653.343135789
2015-08-04,16444275.094602205
2015-08-05,16402710.860076694
2015-08-06,16306515.395088082
2015-08-07,16229913.726131342
2015-08-10,16335535.552539267
2015-08-11,16247965.382852696
2015-08-12,16253299.395646535
2015-08-13,16193897.845967524
2015-08-14,16283740.04257721
2015-08-17,16317218.307058282
2015-08-18,16251420.57805974
2015-08-19,16137946.381318826
2015-08-20,15932104.104476225
2015-08-21,15899152.440928243
2015-08-24,15568662.582074232
2015-08-25,15500099.450036168
2015-08-26,15676465.48326043
2015-08-27,15830369.143780006
2015-08-28,15946512.31434603
2015-08-31,15932218.565719482
2015-09-01,15733255.912910735
2015-09-02,15865655.246799337
2015-09-03,15843345.894087294
2015-09-04,15800063.230756883
2015-09-08,15945171.920476682
2015-09-09,15789476.871921916
2015-09-10,15824128.668047033
2015-09-11,15827351.100085743
2015-09-14,15790943.571084332
2015-09-15,15850206.340761863
2015-09-16,15945071.462113809
2015-09-17,15993395.330206063
2015-09-18,15868800.523128778
2015-09-21,15835357.907958452
2015-09-22,15701969.531900074
2015-09-23,15666711.469436396
2015-09-24,15639628.342250932
2015-09-25,15454078.904151928
2015-09-28,15168090.03575342
2015-09-29,15099460.553583754
2015-09-30,15202906.9018948
2015-10-01,15178037.60636284
2015-10-02,15354909.236204982
2015-10-05,15597268.849977292
2015-10-06,15626800.106139008
2015-10-07,15784216.991695845
2015-10-08,15891349.875609994
2015-10-09,15926511.84950686
2015-10-12,15857814.793496694
2015-10-13,15739712.069418779
2015-10-14,15663729.831929853
2015-10-15,15910184.050225098
2015-10-16,15885705.375360899
2015-10-19,15889582.873825299
2015-10-20,15882124.245161617
2015-10-21,15736398.499900011
2015-10-22,15802490.01856194
2015-10-23,15908009.242986277
2015-10-26,15818938.899767762
2015-10-27,15673069.861216456
2015-10-28,15956597.954462219
2015-10-29,15858593.923582345
2015-10-30,15817471.823227696
2015-11-02,16045730.510237232
2015-11-03,16137965.678242259
2015-11-04,16133838.721113198
2015-11-05,16123657.531204883
2015-11-06,16185698.547177335
2015-11-09,16064308.717301764
2015-11-10,16010001.5743309
2015-11-11,15911490.027361419
2015-11-12,15733307.493991094
2015-11-13,15669075.950320046
2015-11-16,15678240.52564511
2015-11-17,15624867.215838237
2015-11-18,15723155.146638718
2015-11-19,15691807.776397794
2015-11-20,15731544.295766812
2015-11-23,15792465.178781062
2015-11-24,15860434.463185819
2015-11-25,15958228.996299181
2015-11-27,15986863.86361289
2015-11-30,16002199.749251343
2015-12-01,16039799.094050314
2015-12-02,16000734.954544226
2015-12-03,15853961.426422182
2015-12-04,15887111.221215094
2015-12-07,15680302.408173604
2015-12-08,15650861.215764098
2015-12-09,15578265.878532037
2015-12-10,15598206.204009842
2015-12-11,15394715.753010854
2015-12-14,15292498.24802417
2015-12-15,15404669.417489342
2015-12-16,15525014.051555533
2015-12-17,15448642.614099264
2015-12-18,15377010.326601567
2015-12-21,15426619.738537945
2015-12-22,15495914.712165602
2015-12-23,15623233.907946888
2015-12-24,15646611.68887228
2015-12-28,15550131.384615265
2015-12-29,15611495.91729226
2015-12-30,15540727.991653226
2015-12-31,15496269.853991078
2016-01-04,15333286.115035446
2016-01-05,15342567.10621115
2016-01-06,15201540.894128514
2016-01-07,14940690.509238612
2016-01-08,14799558.742295932
2016-01-11,14730151.375258476
2016-01-12,14705084.350948736
2016-01-13,14437808.03502388
2016-01-14,14546595.057215068
2016-01-15,14380718.844253294
2016-01-19,14253519.914569974
2016-01-20,14266878.650252726
2016-01-21,14311902.67071101
2016-01-22,14497338.12457867
2016-01-25,14339798.203358205
2016-01-26,14485996.877622895
2016-01-27,14362781.574236948
2016-01-28,14372380.677109137
2016-01-29,14618711.255852748
2016-02-01,14571111.285665862
2016-02-02,14389356.36959609
2016-02-03,14391385.648624191
2016-02-04,14484433.108295167
2016-02-05,14227275.80178735
2016-02-08,14070246.909206647
2016-02-09,13986904.719707638
2016-02-10,13946407.527981516
2016-02-11,13788032.08381717
2016-02-12,13898868.30165014
2016-02-16,14105626.879552368
2016-02-17,14304831.923517864
2016-02-18,14233857.834860161
2016-02-19,14236937.283552933
2016-02-22,14365708.551960725
2016-02-23,14254378.930498827
2016-02-24,14324910.360330828
2016-02-25,14379581.638065465
2016-02-26,14513111.99044928
2016-02-29,14508424.059831753
2016-03-01,14668354.974051524
2016-03-02,14805933.205253635
2016-03-03,14965779.140746556
2016-03-04,15031624.8835838
2016-03-07,15221090.28404544
2016-03-08,14947077.741397524
2016-03-09,15019114.32542736
2016-03-10,14877281.810952209
2016-03-11,15110721.858131777
2016-03-14,15083056.497570258
2016-03-15,14927366.10659559
2016-03-16,14959477.387508063
2016-03-17,15116029.518113224
2016-03-18,15207600.44424612
2016-03-21,15184206.30235399
2016-03-22,15175865.354623266
2016-03-23,14964494.61223014
2016-03-24,14985631.964293785
2016-03-28,15003239.159132045
2016-03-29,15207158.833046343
2016-03-30,15226513.80164066
2016-03-31,15238779.53660265
2016-04-01,15258118.844455402
2016-04-04,15194326.28489482
2016-04-05,15106484.46075042
2016-04-06,15231605.396199938
2016-04-07,15099111.041612402
2016-04-08,15163781.43652017
2016-04-11,15171338.124606792
2016-04-12,15280868.528256837
2016-04-13,15472188.829494352
2016-04-14,15446339.767285578
2016-04-15,15473376.385348987
2016-04-18,15550928.670248114
2016-04-19,15573851.568592543
2016-04-20,15619516.264015412
2016-04-21,15609331.660029817
2016-04-22,15720176.733660128
2016-04-25,15626063.811985124
2016-04-26,15728160.812942475
2016-04-27,15769972.754655987
2016-04-28,15634547.555039402
2016-04-29,15541953.687164446
2016-05-02,15602364.550115848
2016-05-03,15449154.480004653
2016-05-04,15345624.330367504
2016-05-05,15280165.72325225
2016-05-06,15290591.772611652
2016-05-09,15320173.106447197
2016-05-10,15412103.315622587
2016-05-11,15309742.671744954
2016-05-12,15216285.956643619
2016-05-13,15188515.443395387
2016-05-16,15272679.908432867
2016-05-17,15146571.791203111
2016-05-18,15193753.477539077
2016-05-19,15136961.26668622
2016-05-20,15253824.183915835
2016-05-23,15302570.629990662
2016-05-24,15467022.045801338
2016-05-25,15538415.729768232
2016-05-26,15519790.078226913
2016-05-27,15586867.646169858
2016-05-31,15630325.290292427
2016-06-01,15694311.831489459
2016-06-02,15758058.460563492
2016-06-03,15694273.653167685
2016-06-06,15822449.912686646
2016-06-07,15841460.020406084
2016-06-08,15910109.972489554
2016-06-09,15825750.732543528
2016-06-10,15672331.41480956
2016-06-13,15542686.187868122
2016-06-14,15498106.033495437
2016-06-15,15536250.219002455
2016-06-16,15524476.1705896
2016-06-17,15533774.554304615
2016-06-20,15630496.191451008
2016-06-21,15608304.224512637
2016-06-22,15555932.935433554
2016-06-23,15726375.409529146
2016-06-24,15388584.69560986
2016-06-27,15056067.322298357
2016-06-28,15214211.546763327
2016-06-29,15433213.300135698
2016-06-30,15528986.125638355
2016-07-01,15637059.65471794
2016-07-05,15500207.951431444
2016-07-06,15590446.860217102
2016-07-07,15600619.958737181
2016-07-08,15815793.246932976
2016-07-11,15922386.232283875
2016-07-12,16069832.84331551
2016-07-13,16032982.065436516
2016-07-14,16021377.647706615
2016-07-15,16054611.66712815
2016-07-18,16077319.827493839
2016-07-19,15967901.375598434
2016-07-20,16089057.457146544
2016-07-21,16030684.174772788
2016-07-22,16081273.93908496
2016-07-25,16056653.997623637
2016-07-26,16135002.580971904
2016-07-27,16175178.57332677
2016-07-28,16152665.811572216
2016-07-29,16159707.47519182
2016-08-01,16126319.543252457
2016-08-02,16036016.932599088
2016-08-03,16096434.300980097
2016-08-04,16099166.96229665
2016-08-05,16198102.011134692
2016-08-08,16230994.91684114
2016-08-09,16231319.456332136
2016-08-10,16166712.460072538
2016-08-11,16234671.19370642
2016-08-12,16257151.459776105
2016-08-15,16350020.685682014
2016-08-16,16276356.71521835
2016-08-17,16221169.517537702
2016-08-18,16293164.996932961
2016-08-19,16278532.517028056
2016-08-22,16294074.74699761
2016-08-23,16371576.154615737
2016-08-24,16301396.87430413
2016-08-25,16344701.726404019
2016-08-26,16366537.567600463
2016-08-29,16414846.212300591
2016-08-30,16430821.388049975
2016-08-31,16382342.797377732
2016-09-01,16395932.455620442
2016-09-02,16514175.20409787
2016-09-06,16545516.696931526
2016-09-07,16601792.162186414
2016-09-08,16607398.710394323
2016-09-09,16342621.829930406
2016-09-12,16449982.045855638
2016-09-13,16302623.773860307
2016-09-14,16293079.723212782
2016-09-15,16409278.802783698
2016-09-16,16432545.471229447
2016-09-19,16455484.795209605
2016-09-20,16438319.662256297
2016-09-21,16580270.995262798
2016-09-22,16690071.507574651
2016-09-23,16650586.721163996
2016-09-26,16527049.065990869
2016-09-27,16546306.823330073
2016-09-28,16623913.98300863
2016-09-29,16501007.95900223
2016-09-30,16600601.919795927
2016-10-03,16579586.249797616
2016-10-04,16514500.744853964
2016-10-05,16611907.463688124
2016-10-06,16587851.808016911
2016-10-07,16530899.20581095
2016-10-10,16650203.071227983
2016-10-11,16512501.984018667
2016-10-12,16538327.30532561
2016-10-13,16439957.634184362
2016-10-14,16410209.386648148
2016-10-17,16400582.731644318
2016-10-18,16474171.421585504
2016-10-19,16512309.302841589
2016-10-20,16480548.964838384
2016-10-21,16463961.94977596
2016-10-24,16467750.463371594
2016-10-25,16337924.747759018
2016-10-26,16261284.128262393
2016-10-27,16190306.004900185
2016-10-28,16134431.687976867
2016-10-31,16128864.07565553
2016-11-01,16023884.286267795
2016-11-02,15879024.413222069
2016-11-03,15795357.682021946
2016-11-04,15841966.005730577
2016-11-07,16035726.52638194
2016-11-08,16060924.979131738
2016-11-09,16362662.87260712
2016-11-10,16524553.63340414
2016-11-11,16760178.878717609
2016-11-14,16862577.686870456
2016-11-15,16883754.45744636
2016-11-16,16890614.627941065
2016-11-17,16872760.830303755
2016-11-18,16951063.320954874
2016-11-21,16995719.8677096
2016-11-22,17055799.107687622
2016-11-23,17106911.857214216
2016-11-25,17163742.754784584
2016-11-28,17054889.699913736
2016-11-29,17023812.202722844
2016-11-30,17004064.404097207
2016-12-01,16951076.914022513
2016-12-02,16972509.097786024
2016-12-05,17116032.026685033
2016-12-06,17238410.9822012
2016-12-07,17282760.863713533
2016-12-08,17429384.53950858
2016-12-09,17435160.175019167
2016-12-12,17291135.41381489
2016-12-13,17290107.0632213
2016-12-14,17211702.997983947
2016-12-15,17268836.18171513
2016-12-16,17301439.096215576
2016-12-19,17342501.71423093
2016-12-20,17413474.285032295
2016-12-21,17373623.26746724
2016-12-22,17284723.86393874
2016-12-23,17378213.190085605
2016-12-27,17409778.162834376
2016-12-28,17326442.813312754
2016-12-29,17326688.940327644
2016-12-30,17306210.474641588
2017-01-03,17384141.182621673
2017-01-04,17536278.81512493
2017-01-05,17456992.156667054
2017-01-06,17396349.762383897
2017-01-09,17300533.568021026
2017-01-10,17390068.27236513
2017-01-11,17405363.43661323
2017-01-12,17314160.78520413
2017-01-13,17393551.827088892
2017-01-17,17282281.03568011
2017-01-18,17339475.34446534
2017-01-19,17244488.65926911
2017-01-20,17286975.396596
2017-01-23,17255858.656278834
2017-01-24,17403198.442487005
2017-01-25,17473923.562708862
2017-01-26,17423907.59001612
2017-01-27,17410237.325875
2017-01-30,17290798.644534167
2017-01-31,17350668.081975017
2017-02-01,17370783.355556488
2017-02-02,17356484.715569913
2017-02-03,17504786.020288825
2017-02-06,17439906.416045837
2017-02-07,17392870.449286353
2017-02-08,17368480.863587685
2017-02-09,17493678.609865323
2017-02-10,17595931.14723232
2017-02-13,17603574.7906
2017-02-14,17622913.60590978
2017-02-15,17670504.048615158
2017-02-16,17648790.527628724
2017-02-17,17664008.571984082
2017-02-21,17733528.969006334
2017-02-22,17657385.582651943
2017-02-23,17586230.954748414
2017-02-24,17543753.979407072
2017-02-27,17652232.001171425
2017-02-28,17486148.177097492
2017-03-01,17653643.688512564
2017-03-02,17579025.926016502
2017-03-03,17571266.977405556
2017-03-06,17476815.931040205
2017-03-07,17425753.360880826
2017-03-08,17382654.517051924
2017-03-09,17317045.560961854
2017-03-10,17331509.726119336
2017-03-13,17388250.832090102
2017-03-14,17319779.823386002
2017-03-15,17429506.890134446
2017-03-16,17481353.08394979
2017-03-17,17537309.23883883
2017-03-20,17480480.756796658
2017-03-21,17227694.51512491
2017-03-22,17193024.99102593
2017-03-23,17279774.413440667
2017-03-24,17305930.019035093
2017-03-27,17345227.258722
2017-03-28,17417820.354137618
2017-03-29,17488637.08108968
2017-03-30,17531841.117117323
2017-03-31,17583435.065790292
2017-04-03,17493855.05825812
2017-04-04,17464288.313218582
2017-04-05,17344720.760798223
2017-04-06,17439928.174778383
2017-04-07,17430681.44463595
2017-04-10,17437908.04996829
2017-04-11,17482440.256770477
2017-04-12,17371004.790050898
2017-04-13,17298411.540295213
2017-04-17,17361968.99486627
2017-04-18,17332905.228062037
2017-04-19,17359794.003877427
2017-04-20,17417419.721118666
2017-04-21,17404898.52585104
2017-04-24,17509295.813245185
2017-04-25,17590577.9748422
2017-04-26,17680317.682127647
2017-04-27,17667694.423912358
2017-04-28,17575385.393556677
2017-05-01,17606987.962527093
2017-05-02,17607370.561545003
2017-05-03,17554406.694891557
2017-05-04,17487650.340255693
2017-05-05,17567188.197748408
2017-05-08,17555731.828228794
2017-05-09,17561313.192357525
2017-05-10,17575272.925741974
2017-05-11,17536660.262279674
2017-05-12,17478232.56493626
2017-05-15,17544884.489267647
2017-05-16,17532353.394115634
2017-05-17,17295747.684303097
2017-05-18,17322180.226283755
2017-05-19,17374077.51554192
2017-05-22,17427417.83389448
2017-05-23,17454129.3683618
2017-05-24,17433441.23232059
2017-05-25,17416439.807475064
2017-05-26,17426195.05394625
2017-05-30,17369775.38657064
2017-05-31,17345986.187015317
2017-06-01,17507732.54241447
2017-06-02,17537563.31391898
2017-06-05,17457670.810392097
2017-06-06,17445474.047928803
2017-06-07,17429714.87724804
2017-06-08,17545574.89195348
2017-06-09,17592738.455171347
2017-06-12,17545078.101916272
2017-06-13,17596889.12884587
2017-06-14,17535569.050843503
2017-06-15,17481527.546738286
2017-06-16,17443646.413679555
2017-06-19,17506768.845121503
2017-06-20,17415722.30799981
2017-06-21,17363375.713567648
2017-06-22,17404692.727198638
2017-06-23,17499261.173415363
2017-06-26,17532802.53028778
2017-06-27,17472965.174402397
2017-06-28,17617569.216204643
2017-06-29,17588478.147323556
2017-06-30,17567111.20189687
2017-07-03,17620567.419481084
2017-07-05,17573186.03378533
2017-07-06,17482773.49816128
2017-07-07,17568509.297089655
2017-07-10,17534495.595184546
2017-07-11,17520879.843809567
2017-07-12,17592012.064890746
2017-07-13,17578535.569407992
2017-07-14,17599519.599015754
2017-07-17,17608152.62046963
2017-07-18,17582185.530497443
2017-07-19,17647368.26081382
2017-07-20,17658452.208936393
2017-07-21,17621293.78875494
2017-07-24,17641684.17723439
2017-07-25,17678068.875732936
2017-07-26,17685661.984651163
2017-07-27,17570526.442333166
2017-07-28,17535967.67865911
2017-07-31,17501941.200352184
2017-08-01,17497960.214444388
2017-08-02,17411233.984601364
2017-08-03,17344656.111374494
2017-08-04,17422930.776621927
2017-08-07,17383354.23048812
2017-08-08,17350253.414696895
2017-08-09,17283362.01775134
2017-08-10,17144919.815701537
2017-08-11,17157566.68078454
2017-08-14,17276127.00741225
2017-08-15,17196738.04495941
2017-08-16,17176656.387655735
2017-08-17,17057379.144453213
2017-08-18,17087544.739590593
2017-08-21,17071114.042396657
2017-08-22,17160670.799449366
2017-08-23,17156400.232009064
2017-08-24,17198919.813036647
2017-08-25,17231578.348266978
2017-08-28,17273636.100073736
2017-08-29,17281389.36959611
2017-08-30,17314512.090019748
2017-08-31,17392497.991622433
2017-09-01,17462010.21589975
2017-09-05,17383843.82074679
2017-09-06,17433030.241045095
2017-09-07,17393957.998809293
2017-09-08,17387366.248950426
2017-09-11,17509445.471652154
2017-09-12,17591295.27802407
2017-09-13,17644475.0419992
2017-09-14,17637314.790232666
2017-09-15,17664476.592025008
2017-09-18,17732634.63726095
2017-09-19,17746361.94762916
2017-09-20,17769112.02485098
2017-09-21,17763997.709245563
2017-09-22,17826889.76259625
2017-09-25,17816563.493627414
2017-09-26,17894253.544391822
2017-09-27,18073768.847357072
2017-09-28,18103127.038872585
2017-09-29,18122908.256012093
2017-10-02,18247226.341326036
2017-10-03,18264747.292062484
2017-10-04,18256123.985120106
2017-10-05,18291256.024501152
2017-10-06,18283326.488895327
2017-10-09,18221846.107900776
2017-10-10,18260657.991746727
2017-10-11,18250043.184458405
2017-10-12,18173991.387479093
2017-10-13,18160950.17476958
2017-10-16,18168429.133619152
2017-10-17,18170985.749170456
2017-10-18,18191209.724030793
2017-10-19,18154008.11296957
2017-10-20,18194920.26978523
2017-10-23,18118664.08211538
2017-10-24,18119521.420588836
2017-10-25,18072728.880324285
2017-10-26,18070787.569503654
2017-10-27,18124211.496529706
2017-10-30,18051650.647908367
2017-10-31,18085922.66797943
2017-11-01,17993620.196889948
2017-11-02,18023053.643961303
2017-11-03,18027364.245223057
2017-11-06,18056236.72753693
2017-11-07,17910235.85930614
2017-11-08,17892512.664705195
2017-11-09,17904329.441209048
2017-11-10,17919404.416820653
2017-11-13,17889406.711607512
2017-11-14,17847951.37318779
2017-11-15,17812568.77941575
2017-11-16,17972120.184957195
2017-11-17,18028722.13525046
2017-11-20,18086438.147534303
2017-11-21,18169412.027821366
2017-11-22,18194621.92867911
2017-11-24,18219047.223045275
2017-11-27,18196431.81898093
2017-11-28,18312656.17807588
2017-11-29,18322777.246431164
2017-11-30,18309111.75790819
2017-12-01,18318856.979571037
2017-12-04,18276778.693431973
2017-12-05,18231251.74877525
2017-12-06,18125511.825450208
2017-12-07,18206489.841159925
2017-12-08,18203073.44215056
2017-12-11,18217095.521225683
2017-12-12,18194756.653320443
2017-12-13,18280785.13820454
2017-12-14,18203340.731603764
2017-12-15,18350468.166574247
2017-12-18,18480713.222312625
2017-12-19,18434443.86145544
2017-12-20,18472860.600354932
2017-12-21,18510017.911971707
2017-12-22,18466910.29637761
2017-12-26,18504662.034951154
2017-12-27,18512289.347550042
2017-12-28,18546419.707779545
2017-12-29,18531347.450323574
2018-01-02,18682337.323304716
2018-01-03,18718854.91499856
2018-01-04,18740693.5288069
2018-01-05,18820674.095530592
2018-01-08,18810714.764909595
2018-01-09,18767218.508093193
2018-01-10,18768841.790927462
2018-01-11,18933673.601671554
2018-01-12,18944205.281175192
2018-01-16,18835159.680083383
2018-01-17,18896435.012902476
2018-01-18,18859280.34790206
2018-01-19,18969677.377029113
2018-01-22,19011217.647098713
2018-01-23,19030517.89011921
2018-01-24,18970090.924422413
2018-01-25,18940991.836360686
2018-01-26,18957506.33126953
2018-01-29,18878193.65702632
2018-01-30,18772205.672420464
2018-01-31,18727618.250880755
2018-02-01,18711840.9881083
2018-02-02,18515713.063061118
2018-02-05,18225430.719032146
2018-02-06,18310662.35963447
2018-02-07,18334873.581135385
2018-02-08,18131988.18254634
2018-02-09,18174129.34590273
2018-02-12,18250755.530121274
2018-02-13,18281890.79452528
2018-02-14,18423404.93516193
2018-02-15,18464956.398651183
2018-02-16,18461222.203571223
2018-02-20,18362981.344526336
2018-02-21,18369270.531137418
2018-02-22,18325982.356712975
2018-02-23,18442062.663723312
2018-02-26,18529655.093942545
2018-02-27,18406569.425911136
2018-02-28,18264084.04080815
2018-03-01,18247073.560143426
2018-03-02,18401356.533675358
2018-03-05,18470483.717775267
2018-03-06,18543913.916708343
2018-03-07,18613198.30329725
2018-03-08,18606832.457297396
2018-03-09,18759388.520242102
2018-03-12,18792556.6285163
2018-03-13,18749335.32114687
2018-03-14,18708056.84278379
2018-03-15,18673223.79575488
2018-03-16,18766601.692269325
2018-03-19,18672228.769618943
2018-03-20,18658657.990543198
2018-03-21,18737182.037579797
2018-03-22,18546620.660255216
2018-03-23,18404891.959194988
2018-03-26,18533673.567598186
2018-03-27,18388715.6263861
2018-03-28,18353750.49710772
2018-03-29,18443654.72112612
2018-04-02,18275032.93667858
2018-04-03,18394797.508310303
2018-04-04,18496662.34426196
2018-04-05,18599996.20751893
2018-04-06,18465983.32498593
2018-04-09,18492172.115733072
2018-04-10,18626675.1200395
2018-04-11,18659014.65275612
2018-04-12,18710014.635512777
2018-04-13,18659768.179566525
2018-04-16,18747086.423522316
2018-04-17,18851769.665712483
2018-04-18,18904164.347001575
2018-04-19,18849116.177849084
2018-04-20,18837191.86195646
2018-04-23,18824697.55576474
2018-04-24,18806142.15151558
2018-04-25,18822511.232476942
2018-04-26,18813014.7780542
2018-04-27,18793062.20705565
2018-04-30,18723745.27218692
2018-05-01,18735187.81387639
2018-05-02,18783526.228163943
2018-05-03,18753092.173006967
2018-05-04,18873529.225936413
2018-05-07,18924139.017289717
2018-05-08,19017532.006898113
2018-05-09,19074747.33176413
2018-05-10,19087098.76131665
2018-05-11,19120063.731307935
2018-05-14,19105523.9267346
2018-05-15,19117660.53873539
2018-05-16,19221499.468637995
2018-05-17,19292565.093226906
2018-05-18,19295421.908818845
2018-05-21,19361161.577556897
2018-05-22,19289736.99748447
2018-05-23,19305556.559701264
2018-05-24,19288050.46487803
2018-05-25,19271194.237653553
2018-05-29,19286726.059155077
2018-05-30,19421830.65895361
2018-05-31,19355344.634067923
2018-06-01,19424882.635696907
2018-06-04,19443523.93193261
2018-06-05,19531118.66980824
2018-06-06,19574062.41996924
2018-06-07,19563492.558892168
2018-06-08,19577578.48554823
2018-06-11,19627181.448868953
2018-06-12,19662685.12571112
2018-06-13,19653255.43198928
2018-06-14,19676804.0754404
2018-06-15,19686121.018498845
2018-06-18,19749112.81483227
2018-06-19,19779156.197358057
2018-06-20,19851233.42315451
2018-06-21,19727017.626469925
2018-06-22,19815895.42583744
2018-06-25,19674343.867718942
2018-06-26,19776376.305279158
2018-06-27,19638982.16622499
2018-06-28,19635763.639599904
2018-06-29,19630440.78295303
2018-07-02,19669712.36092458
2018-07-03,19706730.433868576
2018-07-05,19818790.09368181
2018-07-06,19880440.197914124
2018-07-09,19923401.231400505
2018-07-10,19844806.230540432
2018-07-11,19779548.84265957
2018-07-12,19794751.22220336
2018-07-13,19795287.639296178
2018-07-16,19747845.013652403
2018-07-17,19771240.923714615
2018-07-18,19766689.03582248
2018-07-19,19838244.215332486
2018-07-20,19819862.281833906
2018-07-23,19845904.042313688
2018-07-24,19749784.63551814
2018-07-25,19782274.692744486
2018-07-26,19833992.784739822
2018-07-27,19608263.945198707
2018-07-30,19556760.37310817
2018-07-31,19672294.6289623
2018-08-01,19678411.21104198
2018-08-02,19719980.00160542
2018-08-03,19650734.28595027
2018-08-06,19709834.584422745
2018-08-07,19709192.70699534
2018-08-08,19710119.01205248
2018-08-09,19724262.8500578
2018-08-10,19739914.663133066
2018-08-13,19680052.290115815
2018-08-14,19745857.64868951
2018-08-15,19613776.468722925
2018-08-16,19690654.59955112
2018-08-17,19738923.5547722
2018-08-20,19745630.196027577
2018-08-21,19852920.28875038
2018-08-22,19903966.86755292
2018-08-23,19914675.94739706
2018-08-24,19969056.90878696
2018-08-27,19957838.794301502
2018-08-28,19960285.08823555
2018-08-29,20012908.49643387
2018-08-30,20010938.021486267
2018-08-31,20055302.0209281
2018-09-04,20017403.26176197
2018-09-05,19930246.17323476
2018-09-06,19869420.307188742
2018-09-07,19854634.764207482
2018-09-10,19881986.941629387
2018-09-11,19844246.48309917
2018-09-12,19832210.009682164
2018-09-13,19834357.740201116
2018-09-14,19832109.955540948
2018-09-17,19740113.778132252
2018-09-18,19796466.680444628
2018-09-19,19760974.274010945
2018-09-20,19855774.66442647
2018-09-21,19852523.477595657
2018-09-24,19830210.97107397
2018-09-25,19855758.66511882
2018-09-26,19799278.54128661
2018-09-27,19761965.216785554
2018-09-28,19774953.832377516
2018-10-01,19661831.311301813
2018-10-02,19577481.985648327
2018-10-03,19650225.359914213
2018-10-04,19490114.431790292
2018-10-05,19423682.448804162
2018-10-08,19374188.15771965
2018-10-09,19361051.172750697
2018-10-10,19137484.323548794
2018-10-11,19021174.635407627
2018-10-12,19074717.50542779
2018-10-15,19097402.301378325
2018-10-16,19309658.148685664
2018-10-17,19279300.62105131
2018-10-18,19179813.089581043
2018-10-19,19035094.04058131
2018-10-22,18969894.473544568
2018-10-23,18926900.085535463
2018-10-24,18628747.828663424
2018-10-25,18749875.960355923
2018-10-26,18651936.94854586
2018-10-29,18599044.53677508
2018-10-30,18693618.411781576
2018-10-31,18750747.377731033
2018-11-01,18948220.963221487
2018-11-02,18952686.956594408
2018-11-05,18941802.611386944
2018-11-06,18916872.63616338
2018-11-07,19025371.260362454
2018-11-08,19001181.517233916
2018-11-09,18793233.68761088
2018-11-12,18630504.04752995
2018-11-13,18559614.811113976
2018-11-14,18493299.00154631
2018-11-15,18602572.786606442
2018-11-16,18624972.21161771
2018-11-19,18432875.47492063
2018-11-20,18289937.392770305
2018-11-21,18444060.860454813
2018-11-23,18460030.942365557
2018-11-26,18499477.037793398
2018-11-27,18397163.767425574
2018-11-28,18583553.64747496
2018-11-29,18584431.50176847
2018-11-30,18585456.78982854
2018-12-03,18672642.143600196
2018-12-04,18337503.5574525
2018-12-06,18279096.197590865
2018-12-07,18167194.100177757
2018-12-10,18092015.607101467
2018-12-11,18025681.194740523
2018-12-12,18080587.95352523
2018-12-13,17910338.554296374
2018-12-14,17776871.162704967
2018-12-17,17603983.197523326
2018-12-18,17535029.592169736
2018-12-19,17391479.63703192
2018-12-20,17226742.72256483
2018-12-21,17041697.6364547
2018-12-24,16943345.09232713
2018-12-26,17263640.380948894
2018-12-27,17201411.703547172
2018-12-28,17324539.59523792
2018-12-31,17403799.007090375
2019-01-02,17592674.68991381
2019-01-03,17472166.96547214
2019-01-04,17838184.590278972
2019-01-07,18078143.75409136
2019-01-08,18172836.316775028
2019-01-09,18243012.582759157
2019-01-10,18242230.536052566
2019-01-11,18279938.37587116
2019-01-14,18140225.972991988
2019-01-15,18225375.97985716
2019-01-16,18259979.04770652
2019-01-17,18299152.78553448
2019-01-18,18352542.41978197
2019-01-22,18144201.613435097
2019-01-23,18105484.428066835
2019-01-24,18140429.527012933
2019-01-25,18260842.204408895
2019-01-28,18165846.4169222
2019-01-29,18144807.24209391
2019-01-30,18230491.547287337
2019-01-31,18284089.108350977
2019-02-01,18311120.443670638
2019-02-04,18424356.72936587
2019-02-05,18438128.447498206
2019-02-06,18387798.098576937
2019-02-07,18260379.261894982
2019-02-08,18262464.56767672
2019-02-11,18337661.122172248
2019-02-12,18449016.248479456
2019-02-13,18454350.196388423
2019-02-14,18449041.3986458
2019-02-15,18640181.202347584
2019-02-19,18678498.337728046
2019-02-20,18747044.677318484
2019-02-21,18693226.96639272
2019-02-22,18781847.056229874
2019-02-25,18828309.031626206
2019-02-26,18752728.71449533
2019-02-27,18764068.056635536
2019-02-28,18725000.33131791
2019-03-01,18762379.675259866
2019-03-04,18743080.883947544
2019-03-05,18640958.274250876
2019-03-06,18436734.758852914
2019-03-07,18390040.667684503
2019-03-08,18353626.582843166
2019-03-11,18533786.602258444
2019-03-12,18562377.628533773
2019-03-13,18579283.23882698
2019-03-14,18528056.14599685
2019-03-15,18563011.49911776
2019-03-18,18599482.476881035
2019-03-19,18568218.155787736
2019-03-20,18553819.11065145
2019-03-21,18613990.00880279
2019-03-22,18323311.906942252
2019-03-25,18347655.54375843
2019-03-26,18437167.28543949
2019-03-27,18386749.73373902
2019-03-28,18424347.024947796
2019-03-29,18423939.3478691
2019-04-01,18521704.166642666
2019-04-02,18482426.78317862
2019-04-03,18513343.027763695
2019-04-04,18544931.738213025
2019-04-05,18702899.87702672
2019-04-08,18679581.823058404
2019-04-09,18595007.730391335
2019-04-10,18659375.381831527
2019-04-11,18621676.264635887
2019-04-12,18616684.271143228
2019-04-15,18555229.7006714
2019-04-16,18610875.68150963
2019-04-17,18580054.330960535
2019-04-18,18508549.644646734
2019-04-22,18522942.754341267
2019-04-23,18607549.365381353
2019-04-24,18586183.758736216
2019-04-25,18521356.65854146
2019-04-26,18594603.768379197
2019-04-29,18621788.001118727
2019-04-30,18576927.067345902
2019-05-01,18503905.596988365
2019-05-02,18505744.113969326
2019-05-03,18631507.393419325
2019-05-06,18638673.407417722
2019-05-07,18464653.40217877
2019-05-08,18463442.74444802
2019-05-09,18407366.147399798
2019-05-10,18466685.201894555
2019-05-13,18215106.652587295
2019-05-14,18282208.71229896
2019-05-15,18486476.622726277
2019-05-16,18451129.778888904
2019-05-17,18360120.4819818
2019-05-20,18224610.704592876
2019-05-21,18241996.759100422
2019-05-22,18130760.202404343
2019-05-23,17949170.4914196
2019-05-24,18006967.97127127
2019-05-28,17963525.280974373
2019-05-29,17920097.460560143
2019-05-30,17862428.617293354
2019-05-31,17716566.357354738
2019-06-03,17697763.304890532
2019-06-04,17858759.390451167
2019-06-05,17788752.1605573
2019-06-06,17696693.742655754
2019-06-07,17820077.149194732
2019-06-10,17890926.608945653
2019-06-11,17868213.862762243
2019-06-12,17864913.881414156
2019-06-13,17971862.42448227
2019-06-14,17930874.71365713
2019-06-17,18031538.59992673
2019-06-18,18116293.45713389
2019-06-19,18099619.836376883
2019-06-20,18135931.129456185
2019-06-21,18085511.99900817
2019-06-24,17974343.514493756
2019-06-25,17916022.52280443
2019-06-26,17983839.902993612
2019-06-27,18083858.335276812
2019-06-28,18247329.2171205
2019-07-01,18253960.528802734
2019-07-02,18140913.56457004
2019-07-03,18189622.42483218
2019-07-05,18228215.72822279
2019-07-08,18158938.877272315
2019-07-09,18173267.53532563
2019-07-10,18236147.75513628
2019-07-11,18225040.812567502
2019-07-12,18235992.24328548
2019-07-15,18177402.040214647
2019-07-16,18165033.680675864
2019-07-17,18089957.283333227
2019-07-18,18070150.245890006
2019-07-19,18035720.801007465
2019-07-22,18049705.635354005
2019-07-23,18057409.494228676
2019-07-24,18163946.597742926
2019-07-25,18059317.66319983
2019-07-26,18171286.99376063
2019-07-29,18082311.65741992
2019-07-30,18196176.77802034
2019-07-31,18121523.435213804
2019-08-01,17966512.677632235
2019-08-02,17881038.233534157
2019-08-05,17609814.211831637
2019-08-06,17666079.41533168
2019-08-07,17680311.24118332
2019-08-08,17785340.282086473
2019-08-09,17707792.189352743
2019-08-12,17630419.00211143
2019-08-13,17730375.74788186
2019-08-14,17500643.780351862
2019-08-15,17444136.940686565
2019-08-16,17633126.933387168
2019-08-19,17693645.409608655
2019-08-20,17658635.42171956
2019-08-21,17741010.475839525
2019-08-22,17700305.47996391
2019-08-23,17471769.524829086
2019-08-26,17515597.7780462
2019-08-27,17381162.80857242
2019-08-28,17504265.706810042
2019-08-29,17632337.79759034
2019-08-30,17596243.879201528
2019-09-03,17461670.837327003
2019-09-04,17550344.441576585
2019-09-05,17751072.029827118
2019-09-06,17685703.075520273
2019-09-09,17861367.765386198
2019-09-10,18011957.848850146
2019-09-11,18182477.834706347
2019-09-12,18231837.822040822
2019-09-13,18493714.65726399
2019-09-16,18564852.688882835
2019-09-17,18280928.07568381
2019-09-18,18135566.867460027
2019-09-19,18109463.42306096
2019-09-20,18132207.120536007
2019-09-23,18136596.48427911
2019-09-24,17957517.78042891
2019-09-25,18013666.183813192
2019-09-26,17863642.26988919
2019-09-27,17792755.621334583
2019-09-30,17785490.923020046
2019-10-01,17599763.683278657
2019-10-02,17559820.54341943
2019-10-03,17568811.614781532
2019-10-04,17647394.584488943
2019-10-07,17617674.486516282
2019-10-08,17461177.708465118
2019-10-09,17488390.693007424
2019-10-10,17489213.495627016
2019-10-11,17594048.13085477
2019-10-14,17571680.673785444
2019-10-15,17677688.93877049
2019-10-16,17681610.52237027
2019-10-17,17758434.751236197
2019-10-18,17726960.60089778
2019-10-21,17808502.011371937
2019-10-22,17830684.621557306
2019-10-23,17861339.594073832
2019-10-24,17818760.34337374
2019-10-25,17873480.428807482
2019-10-28,17909953.595861413
2019-10-29,17930104.77967792
2019-10-30,17886111.8649621
2019-10-31,17845739.106999747
2019-11-01,18028454.42667923
2019-11-04,18139349.140258685
2019-11-05,18158335.95118226
2019-11-06,18053107.325453043
2019-11-07,18016214.81140651
2019-11-08,17997153.264002755
2019-11-11,17979027.428590186
2019-11-12,17971431.745304972
2019-11-13,17900811.447647076
2019-11-14,17865704.578491867
2019-11-15,17917552.39995727
2019-11-18,17931252.426910028
2019-11-19,17981249.325935856
2019-11-20,17939509.2325224
2019-11-21,17922262.64132051
2019-11-22,17958765.68430418
2019-11-25,18188254.203922015
2019-11-26,18197177.707802135
2019-11-27,18298539.118137438
2019-11-29,18298544.28782711
2019-12-02,18209383.99267447
2019-12-03,18199264.07758183
2019-12-04,18240002.15824584
2019-12-05,18205062.902713254
2019-12-06,18345782.487934295
2019-12-09,18486834.922342468
2019-12-10,18537953.196139753
2019-12-11,18534443.708468974
2019-12-12,18643310.63050086
2019-12-13,18606412.704458416
2019-12-16,18683674.280508798
2019-12-17,18766978.16713926
2019-12-18,18802902.6605677
2019-12-19,18854561.276540346
2019-12-20,18897716.630071327
2019-12-23,18992808.95748266
2019-12-24,19058364.920579676
2019-12-26,19059840.115762956
2019-12-27,19007561.01312051
2019-12-30,18944924.017735284
2019-12-31,19003991.404603086
2020-01-02,18977179.391453333
2020-01-03,18943577.19076742
2020-01-06,18951869.874503583
2020-01-07,18918395.961580545
2020-01-08,18901935.521743976
2020-01-09,18911924.13149686
2020-01-10,18885649.37582244
2020-01-13,18936138.760852505
2020-01-14,18960710.87342918
2020-01-15,19037410.599590123
2020-01-16,19204148.007562127
2020-01-17,19180935.131034516
2020-01-21,19099743.13259879
2020-01-22,19080134.390562654
2020-01-23,19065602.66715528
2020-01-24,18903310.459235188
2020-01-27,18796488.62396225
2020-01-28,18883738.063904826
2020-01-29,18842419.97071439
2020-01-30,18782225.076757073
2020-01-31,18616986.850148443
2020-02-03,18702491.610431604
2020-02-04,18781119.772460163
2020-02-05,18973748.53132822
2020-02-06,18946287.289215863
2020-02-07,18811055.266198564
2020-02-10,18818330.75877704
2020-02-11,18885542.175125755
2020-02-12,18992933.62713213
2020-02-13,18973331.362345487
2020-02-14,18947588.63185841
2020-02-18,18969204.330919668
2020-02-19,19010672.34527889
2020-02-20,19079165.938303128
2020-02-21,19038412.647367485
2020-02-24,18787673.99412868
2020-02-25,18503252.982285548
2020-02-26,18406621.580434702
2020-02-27,18076547.218271412
2020-02-28,18075763.80746858
2020-03-02,18287563.877959084
2020-03-03,18104737.297087695
2020-03-04,18318340.01774512
2020-03-05,17989178.227879234
2020-03-06,17770884.26159993
2020-03-09,16839528.05325878
2020-03-10,16976174.113551818
2020-03-11,16483744.742579503
2020-03-12,15459231.630148005
2020-03-13,15847883.34833284
2020-03-16,14928217.904103342
2020-03-17,15158469.146582816
2020-03-18,14290352.139990639
2020-03-19,14743807.0200244
2020-03-20,14677616.755922783
2020-03-23,14556176.087517943
2020-03-24,15026349.219893437
2020-03-25,15223806.113929987
2020-03-26,15546603.389241342
2020-03-27,15277334.62474717
2020-03-30,15343432.37301973
2020-03-31,15308661.545141926
2020-04-01,14669477.650449734
2020-04-02,14792303.568379309
2020-04-03,14590087.962817064
2020-04-06,15263978.115912795
2020-04-07,15349822.204549624
2020-04-08,15779619.422757884
2020-04-09,16252081.845908094
2020-04-13,16055008.849643437
2020-04-14,16255252.91346139
2020-04-15,15883490.370940112
2020-04-16,15758725.324463129
2020-04-17,16121296.734787311
2020-04-20,16023188.663330194
2020-04-21,15862671.042875424
2020-04-22,15992630.676831618
2020-04-23,16178573.145433977
2020-04-24,16307820.8141816
2020-04-27,16716281.829831965
2020-04-28,16928654.015123136
2020-04-29,17436116.040600482
2020-04-30,17064811.75480554
2020-05-01,16683436.422351493
2020-05-04,16776255.244287603
2020-05-05,16851030.4842066
2020-05-06,16707711.40668843
2020-05-07,16871261.90109022
2020-05-08,17166899.83061037
2020-05-11,17184439.772070378
2020-05-12,16907034.99494254
2020-05-13,16533492.762661539
2020-05-14,16578531.365117567
2020-05-15,16723313.75775458
2020-05-18,17172277.70817455
2020-05-19,17022769.722962953
2020-05-20,17292969.724787377
2020-05-21,17314652.254814126
2020-05-22,17359669.05987986
2020-05-26,17667465.80371391
2020-05-27,17916606.88017039
2020-05-28,17732770.300610293
2020-05-29,17674707.670935623
2020-06-01,17784370.97938507
2020-06-02,17866814.965173777
2020-06-03,18112802.727466878
2020-06-04,18226973.408324003
2020-06-05,18722087.761951163
2020-06-08,19297596.013984855
2020-06-09,19038420.63204165
2020-06-10,18763764.936620787
2020-06-11,17854045.524212707
2020-06-12,18181335.033307306
2020-06-15,18405989.292487435
2020-06-16,18578080.17511687
2020-06-17,18434184.539884098
2020-06-18,18462075.844337832
2020-06-19,18430231.310298476
2020-06-22,18486737.564428955
2020-06-23,18580992.533517007
2020-06-24,18256589.562278472
2020-06-25,18382052.272260766
2020-06-26,18039643.826233264
2020-06-29,18198989.639252152
2020-06-30,18298992.719086803
2020-07-01,18241719.161940847
2020-07-02,18313280.91304659
2020-07-06,18425247.56588739
2020-07-07,18245607.221348755
2020-07-08,18293451.875516456
2020-07-09,18083015.373908974
2020-07-10,18233009.675989125
2020-07-13,18003789.325924296
2020-07-14,18115336.687092304
2020-07-15,18453844.176273637
2020-07-16,18373819.503886722
2020-07-17,18366914.030048445
2020-07-20,18440156.49311497
2020-07-21,18627417.034777693
2020-07-22,18587068.032158025
2020-07-23,18585625.72308775
2020-07-24,18446082.09889463
2020-07-27,18601572.33117523
2020-07-28,18501231.074505765
2020-07-29,18699728.930261705
2020-07-30,18691357.117410775
2020-07-31,18585120.775072433
2020-08-03,18733010.2140601
2020-08-04,18824889.63592735
2020-08-05,19001498.48035192
2020-08-06,19009674.608591966
2020-08-07,19156819.357405543
2020-08-10,19288328.290486448
2020-08-11,19192637.21631564
2020-08-12,19250720.18526615
2020-08-13,19236686.87833137
2020-08-14,19201763.946359593
2020-08-17,19227696.078374326
2020-08-18,19093387.573777292
2020-08-19,19092482.875026673
2020-08-20,19000730.31415788
2020-08-21,18869175.145267725
2020-08-24,18943598.81409285
2020-08-25,18994662.744245153
2020-08-26,18904797.650888607
2020-08-27,18884618.753083315
2020-08-28,19064826.305077054
2020-08-31,19105920.035962828
2020-09-01,19175616.3570439
2020-09-02,19257267.067409597
2020-09-03,18959456.67172787
2020-09-04,18911823.457609095
2020-09-08,18808865.768677883
2020-09-09,18983615.818146884
2020-09-10,18880586.845867634
2020-09-11,18778310.798839882
2020-09-14,19013233.01614905
2020-09-15,19100870.12329859
2020-09-16,19187348.021640435
2020-09-17,19204615.546605803
2020-09-18,19267616.326615892
2020-09-21,18927349.555285625
2020-09-22,18908154.028222457
2020-09-23,18564328.72326795
2020-09-24,18501794.969205514
2020-09-25,18669850.916883968
2020-09-28,18795447.295889676
2020-09-29,18809019.1587705
2020-09-30,18752657.45240971
2020-10-01,18899596.537555374
2020-10-02,18933323.258113228
2020-10-05,19161139.828106653
2020-10-06,19094579.162506938
2020-10-07,19325270.859141007
2020-10-08,19404798.861590996
2020-10-09,19484747.84526786
2020-10-12,19502962.00179763
2020-10-13,19437787.26528401
2020-10-14,19336980.710441332
2020-10-15,19447935.15274148
2020-10-16,19452551.075637147
2020-10-19,19304198.177721046
2020-10-20,19328630.29177314
2020-10-21,19241622.906242505
2020-10-22,19392676.29427129
2020-10-23,19434132.696531676
2020-10-26,19166531.62708025
2020-10-27,19066568.956397023
2020-10-28,18873100.46725696
2020-10-29,18992723.22823203
2020-10-30,18844224.79803102
2020-11-02,18942792.4202016
2020-11-03,19186347.690758802
2020-11-04,19132624.182223387
2020-11-05,19395891.690062836
2020-11-06,19295797.358894672
2020-11-09,19534106.58354131
2020-11-10,19683639.980098404
2020-11-11,19698642.559270263
2020-11-12,19599645.466570757
2020-11-13,19757692.918264627
2020-11-16,19990435.17419186
2020-11-17,20101569.335006848
2020-11-18,20060213.84922459
2020-11-19,20158834.292427354
2020-11-20,20211834.27135326
2020-11-23,20434758.08766266
2020-11-24,20682894.998446636
2020-11-25,20715000.41905325
2020-11-27,20822839.287242964
2020-11-30,20656720.481631137
2020-12-01,20670499.7529675
2020-12-02,20720433.19284426
2020-12-03,20873240.149648704
2020-12-04,21130426.848573282
2020-12-07,21115823.150033712
2020-12-08,21308725.802416533
2020-12-09,21185956.627518833
2020-12-10,21284119.979426704
2020-12-11,21196702.378720734
2020-12-14,21136713.653190434
2020-12-15,21324237.12661989
2020-12-16,21328547.842401296
2020-12-17,21470955.761044815
2020-12-18,21348445.86001472
2020-12-21,21385306.665635653
2020-12-22,21559172.121335767
2020-12-23,21610360.89615377
2020-12-24,21601749.207962766
2020-12-28,21521642.85181239
2020-12-29,21308302.156736724
2020-12-30,21470993.06651495
2020-12-31,21396170.751519322
2021-01-04,21370069.847306594
2021-01-05,21549186.859685883
2021-01-06,21881681.859919857
2021-01-07,22104183.509678297
2021-01-08,22064716.220451884
2021-01-11,22054222.80525163
2021-01-12,22200513.37321108
2021-01-13,22146394.004314534
2021-01-14,22393304.521953
2021-01-15,22242526.539546493
2021-01-19,22447544.594949827
2021-01-20,22520495.889086485
2021-01-21,22511750.173994794
2021-01-22,22706189.09075725
2021-01-25,22770575.34269256
2021-01-26,22800026.279400706
2021-01-27,22570105.031127457
2021-01-28,22585751.82157046
2021-01-29,22463672.285116106
2021-02-01,22722748.7754509
2021-02-02,22880903.397338767
2021-02-03,23081376.27029071
2021-02-04,23266151.38141676
2021-02-05,23479109.49695211
2021-02-08,23953479.29776753
2021-02-09,24109558.951403573
2021-02-10,23985162.577865914
2021-02-11,23907034.20613215
2021-02-12,23962972.707103677
2021-02-16,23921561.69746671
2021-02-17,23827653.5753785
2021-02-18,23636456.129233837
2021-02-19,23859791.53907922
2021-02-22,23779746.8321945
2021-02-23,23527803.616594944
2021-02-24,23747101.70287243
2021-02-25,23338585.06221862
2021-02-26,23241673.70180221
2021-03-01,23605967.88970975
2021-03-02,23494843.2110945
2021-03-03,23371769.033474885
2021-03-04,22959561.503581397
2021-03-05,23032758.123708524
2021-03-08,23082117.171004232
2021-03-09,23337495.01691539
2021-03-10,23481322.71585983
2021-03-11,23705562.710747533
2021-03-12,23745877.593520973
2021-03-15,23848422.753002077
2021-03-16,23641625.762848146
2021-03-17,23748382.13492135
2021-03-18,23488096.049065996
2021-03-19,23631004.137787193
2021-03-22,23546781.93621049
2021-03-23,23120027.425125733
2021-03-24,22877437.76516061
2021-03-25,23045262.713347368
2021-03-26,23095393.623253413
2021-03-29,22854302.727326326
2021-03-30,22949774.457721174
2021-03-31,23103868.67747265
2021-04-01,23244842.15417905
2021-04-05,23276379.25017472
2021-04-06,23266062.725904178
2021-04-07,23105157.34457185
2021-04-08,23215829.509517625
2021-04-09,23167684.657330833
2021-04-12,23018508.721763935
2021-04-13,22982957.604441583
2021-04-14,23026872.84794581
2021-04-15,22973618.5905617
2021-04-16,22911909.02794123
2021-04-19,22763552.81715353
2021-04-20,22551282.016878735
2021-04-21,22789115.02782891
2021-04-22,22786633.26740305
2021-04-23,22940003.699043773
2021-04-26,23079033.92010311
2021-04-27,23046758.4822331
2021-04-28,23139568.986681104
2021-04-29,23118138.51626599
2021-04-30,23019667.53479919
2021-05-03,23090507.7811742
2021-05-04,22936112.404643618
2021-05-05,22920494.887397747
2021-05-06,22848045.07887011
2021-05-07,22941504.264548667
2021-05-10,22738427.388889678
2021-05-11,22779192.51839329
2021-05-12,22541194.53565102
2021-05-13,22521997.612531442
2021-05-14,22766438.551077634
2021-05-17,22850899.96477735
2021-05-18,22903033.385438517
2021-05-19,22847278.821426675
2021-05-20,22962552.931627788
2021-05-21,23020472.1948329
2021-05-24,23023496.840033833
2021-05-25,22894781.631477408
2021-05-26,23075300.808279335
2021-05-27,23184745.324587166
2021-05-28,23150195.438752085
2021-06-01,23278420.761215888
2021-06-02,23314775.96960958
2021-06-03,23313024.33602469
2021-06-04,23317555.362627763
2021-06-07,23453227.756246977
2021-06-08,23567358.462990616
2021-06-09,23529969.15321747
2021-06-10,23468211.111206654
2021-06-11,23513734.494613454
2021-06-14,23503690.91454745
2021-06-15,23455393.41247753
2021-06-16,23465364.56856945
2021-06-17,23352771.900159694
2021-06-18,23184403.73948823
2021-06-21,23311529.62415238
2021-06-22,23291482.691127375
2021-06-23,23389643.21125308
2021-06-24,23513171.973848045
2021-06-25,23503842.88204194
2021-06-28,23398323.88519903
2021-06-29,23356095.65211484
2021-06-30,23382445.076895528
2021-07-01,23439242.323579974
2021-07-02,23355489.761936534
2021-07-06,23244883.414703764
2021-07-07,23137250.32505776
2021-07-08,23099046.66851407
2021-07-09,23293980.487334576
2021-07-12,23309499.53772652
2021-07-13,23106907.70469191
2021-07-14,22945951.74206851
2021-07-15,22880661.09208017
2021-07-16,22765313.361636944
2021-07-19,22634987.81998085
2021-07-20,22857103.103620276
2021-07-21,23028486.501588836
2021-07-22,22888895.001448616
2021-07-23,22867696.882212423
2021-07-26,22849674.121833324
2021-07-27,22752475.60933019
2021-07-28,22908815.950341266
2021-07-29,22952255.873409778
2021-07-30,22872077.5549642
2021-08-02,22877016.98412402
2021-08-03,22829462.687721215
2021-08-04,22717679.211370513
2021-08-05,22850349.110270593
2021-08-06,22874170.03688047
2021-08-09,22899638.115297176
2021-08-10,22919431.96194889
2021-08-11,22886439.51586421
2021-08-12,22897783.812373765
2021-08-13,22742819.75534364
2021-08-16,22636828.086150073
2021-08-17,22481067.94471805
2021-08-18,22466041.389719434
2021-08-19,22304286.536023904
2021-08-20,22418989.717688784
2021-08-23,22621376.294402383
2021-08-24,22760172.760958537
2021-08-25,22799162.025634877
2021-08-26,22772794.51855611
2021-08-27,22995416.90577715
2021-08-30,22970728.92691295
2021-08-31,23007413.68637936
2021-09-01,23085297.36373688
2021-09-02,23199358.09137644
2021-09-03,23137874.97191358
2021-09-07,23066521.645712238
2021-09-08,22980411.69543062
2021-09-09,22994060.45307315
2021-09-10,22914764.895897016
2021-09-13,22862944.87256288
2021-09-14,22710214.949256353
2021-09-15,22747538.550027706
2021-09-16,22759734.86167249
2021-09-17,22798614.356241062
2021-09-20,22546250.715219453
2021-09-21,22631751.543246143
2021-09-22,22733634.53729674
2021-09-23,22898065.781275876
2021-09-24,22844075.779913794
2021-09-27,23009978.12889394
2021-09-28,22838180.11967786
2021-09-29,22786197.081684683
2021-09-30,22703874.63923411
2021-10-01,22758532.600544613
2021-10-04,22617342.824101925
2021-10-05,22611147.950967938
2021-10-06,22561959.542677112
2021-10-07,22681371.72592102
2021-10-08,22661767.845297903
2021-10-11,22617092.549958803
2021-10-12,22684969.927530065
2021-10-13,22722596.11364404
2021-10-14,22800596.913867325
2021-10-15,22776058.002140366
2021-10-18,22743669.570289217
2021-10-19,22800825.43562115
2021-10-20,22858100.165276907
2021-10-21,22874601.35248711
2021-10-22,22802746.101401523
2021-10-25,22900534.60480714
2021-10-26,22878591.899796654
2021-10-27,22770349.972202178
2021-10-28,22905388.704274714
2021-10-29,22958857.68100017
2021-11-01,23206653.253657468
2021-11-02,23157568.901055034
2021-11-03,23326782.222121667
2021-11-04,23322829.704364493
2021-11-05,23365988.75984867
2021-11-08,23375937.520643085
2021-11-09,23298612.995007962
2021-11-10,23159205.680907153
2021-11-11,23249100.6767781
2021-11-12,23273996.62797866
2021-11-15,23250760.675000705
2021-11-16,23248578.353499934
2021-11-17,23189122.823505454
2021-11-18,23085424.23824726
2021-11-19,22990485.189233437
2021-11-22,22904303.71004171
2021-11-23,22830538.928066477
2021-11-24,22875518.92308309
2021-11-26,22662579.081266385
2021-11-29,22571540.880245876
2021-11-30,22468975.366807856
2021-12-01,22239952.46224382
2021-12-02,22389628.711397953
2021-12-03,22138991.033860374
2021-12-06,22262679.904436737
2021-12-07,22505628.24785204
2021-12-08,22609894.85653094
2021-12-09,22416485.434308294
2021-12-10,22339069.649739824
2021-12-13,22179669.785338037
2021-12-14,22064013.114029117
2021-12-15,22183989.973816544
2021-12-16,22055296.712557644
2021-12-17,22137167.99887728
2021-12-20,22012835.108386956
2021-12-21,22218544.481583726
2021-12-22,22282422.664477646
2021-12-23,22381254.878542367
2021-12-27,22425363.590810604
2021-12-28,22338736.186931685
2021-12-29,22312714.331707716
2021-12-30,22365774.533328123
2021-12-31,22332877.136032306
2022-01-03,22535898.781253166
2022-01-04,22450784.20519713
2022-01-05,22137530.451156005
2022-01-06,22114006.43334824
2022-01-07,22034714.37239185
2022-01-10,21976558.78190691
2022-01-11,22084999.182788663
2022-01-12,22013886.614194885
2022-01-13,21874530.07179501
2022-01-14,21889742.500422694
2022-01-18,21648272.74698297
2022-01-19,21551409.546266753
2022-01-20,21430189.03654696
2022-01-21,21265465.95034755
2022-01-24,21314786.17174072
2022-01-25,21291474.17868117
2022-01-26,21168082.061957967
2022-01-27,20971088.441506356
2022-01-28,21091095.6238218
2022-01-31,21370516.83638826
2022-02-01,21535150.96666441
2022-02-02,21349806.888735063
2022-02-03,21129368.938759394
2022-02-04,21216029.512914076
2022-02-07,21341427.882575676
2022-02-08,21480955.76471228
2022-02-09,21693757.76191242
2022-02-10,21580898.311720785
2022-02-11,21479926.242341015
2022-02-14,21423310.447386377
2022-02-15,21660410.325979114
2022-02-16,21639916.07682485
2022-02-17,21440898.7657618
2022-02-18,21285297.72507114
2022-02-22,21108804.463389147
2022-02-23,20973604.603165187
2022-02-24,21126624.14300118
2022-02-25,21296428.559091814
2022-02-28,21321438.181727592
2022-03-01,21199959.1931134
2022-03-02,21318029.52437285
2022-03-03,21210006.292960238
2022-03-04,21099466.83737775
2022-03-07,20929365.75595136
2022-03-08,21011469.558398128
2022-03-09,21228418.442808516
2022-03-10,21216465.19845202
2022-03-11,21067589.45727829
2022-03-14,20819912.314442195
2022-03-15,20889735.450142443
2022-03-16,21141917.259371907
2022-03-17,21362563.794119578
2022-03-18,21509668.333603185
2022-03-21,21454449.848425824
2022-03-22,21589018.569538485
2022-03-23,21503037.880160347
2022-03-24,21543108.976028226
2022-03-25,21512748.13010492
2022-03-28,21454885.995532937
2022-03-29,21681237.86194347
2022-03-30,21577338.348751586
2022-03-31,21466209.497242317
2022-04-01,21513461.9726139
2022-04-04,21590846.793428183
2022-04-05,21366413.84270277
2022-04-06,21195807.862161662
2022-04-07,21119828.54444629
2022-04-08,21059122.288290776
2022-04-11,20941914.35450673
2022-04-12,20922422.13491639
2022-04-13,21117625.50423758
2022-04-14,21044866.13047565
2022-04-18,20912145.59708174
2022-04-19,21048203.357068095
2022-04-20,21052201.51850323
2022-04-21,20824923.28733991
2022-04-22,20676792.002857126
2022-04-25,20688497.17248939
2022-04-26,20426294.88036579
2022-04-27,20374395.922134724
2022-04-28,20433614.264812134
2022-04-29,20260409.723494217
2022-05-02,20337151.513411365
2022-05-03,20401578.114553474
2022-05-04,20555119.815818217
2022-05-05,20275625.34471375
2022-05-06,20132386.139844276
2022-05-09,19651994.209749356
2022-05-10,19567894.162782263
2022-05-11,19368527.48313892
2022-05-12,19432256.14020057
2022-05-13,19740632.4986583
2022-05-16,19802951.645572834
2022-05-17,19971557.00388363
2022-05-18,19713215.20267163
2022-05-19,19753034.61842811
2022-05-20,19746753.91556906
2022-05-23,19827694.514672555
2022-05-24,19679538.92844516
2022-05-25,19855887.86023052
2022-05-26,19998076.346147433
2022-05-27,20200739.490630426
2022-05-31,20099089.013579596
2022-06-01,20050916.94855018
2022-06-02,20237802.86223421
2022-06-03,20219829.158412926
2022-06-06,20130490.48532863
2022-06-07,20229788.53766404
2022-06-08,20151753.60078284
2022-06-09,19985107.445762366
2022-06-10,19737723.60619766
2022-06-13,19299016.774468012
2022-06-14,19266703.51250716
2022-06-15,19414484.212081097
2022-06-16,19114091.06044662
2022-06-17,19214143.96338292
2022-06-21,19308908.778459962
2022-06-22,19265161.497626107
2022-06-23,19355505.28670274
2022-06-24,19446887.69706546
2022-06-27,19483478.247457538
2022-06-28,19337488.978376783
2022-06-29,19227508.889007386
2022-06-30,19166706.159853503
2022-07-01,19174786.600840576
2022-07-05,19293313.13853021
2022-07-06,19254988.27852446
2022-07-07,19524791.194117382
2022-07-08,19548531.10239149
2022-07-11,19297944.618860886
2022-07-12,19310868.030671477
2022-07-13,19300702.839645766
2022-07-14,19189281.817748714
2022-07-15,19355626.86806621
2022-07-18,19341896.24905353
2022-07-19,19600274.005526982
2022-07-20,19754768.8618221
2022-07-21,19806255.45311752
2022-07-22,19581919.058225013
2022-07-25,19601372.717852
2022-07-26,19501444.96205292
2022-07-27,19720667.999420658
2022-07-28,19830282.888687946
2022-07-29,19891836.68980842
2022-08-01,19894433.811353486
2022-08-02,19898465.453491315
2022-08-03,20131868.144799337
2022-08-04,20244227.883486345
2022-08-05,20358851.884142976
2022-08-08,20474836.45800425
2022-08-09,20252676.976984087
2022-08-10,20471033.558315508
2022-08-11,20507707.051477745
2022-08-12,20704535.715141386
2022-08-15,20754089.426446885
2022-08-16,20761645.11257305
2022-08-17,20623586.941166013
2022-08-18,20664851.66564676
2022-08-19,20422772.958629932
2022-08-22,20239035.39016274
2022-08-23,20314102.516504277
2022-08-24,20403090.929473158
2022-08-25,20533658.48507248
2022-08-26,20273662.85741789
2022-08-29,20207308.666858967
2022-08-30,20060970.7402365
2022-08-31,20029388.48783663
2022-09-01,19904103.28058599
2022-09-02,19865035.300760888
2022-09-06,19747445.584565222
2022-09-07,19859423.760920033
2022-09-08,19963188.2941243
2022-09-09,20111771.087449774
2022-09-12,20223208.868930176
2022-09-13,20015299.715460025
2022-09-14,20012151.229464635
2022-09-15,19978885.20833087
2022-09-16,19818033.13427805
2022-09-19,19803576.51664423
2022-09-20,19681292.961336106
2022-09-21,19539636.991613004
2022-09-22,19354243.368189245
2022-09-23,19140532.16663959
2022-09-26,19027124.778383415
2022-09-27,19052604.59053757
2022-09-28,19258498.50373002
2022-09-29,19064195.429091483
2022-09-30,19020793.792893104
2022-10-03,19169763.86579722
2022-10-04,19480249.79376499
2022-10-05,19531775.17352208
2022-10-06,19469655.83104475
2022-10-07,19174979.86974287
2022-10-10,19065694.652310543
2022-10-11,19014153.581576012
2022-10-12,18998563.942591
2022-10-13,19202261.695597373
2022-10-14,19006007.45831976
2022-10-17,19181608.980515648
2022-10-18,19305755.286236916
2022-10-19,19166253.278003026
2022-10-20,19073033.636891164
2022-10-21,19162483.33970392
2022-10-24,19150954.44553263
2022-10-25,19408941.36804622
2022-10-26,19470567.5335769
2022-10-27,19442296.702202976
2022-10-28,19609029.352701735
2022-10-31,19649107.950087845
2022-11-01,19676134.915321104
2022-11-02,19407435.67295509
2022-11-03,19342279.539031867
2022-11-04,19344742.503784418
2022-11-07,19361909.31543312
2022-11-08,19323749.33528608
2022-11-09,19118187.923840515
2022-11-10,19493360.095553115
2022-11-11,19588050.200372864
2022-11-14,19509923.4658167
2022-11-15,19590963.82055963
2022-11-16,19409241.159794614
2022-11-17,19315030.903882682
2022-11-18,19348073.873500757
2022-11-21,19315714.162838396
2022-11-22,19393318.75955242
2022-11-23,19415169.745317616
2022-11-25,19454135.17365706
2022-11-28,19292227.652997322
2022-11-29,19318209.5619057
2022-11-30,19521456.185511637
2022-12-01,19533387.80965001
2022-12-02,19569311.282611743
2022-12-05,19378296.83955428
2022-12-06,19278500.60443997
2022-12-07,19308451.261407338
2022-12-08,19377628.546052948
2022-12-09,19246508.643311016
2022-12-12,19330332.417449333
2022-12-13,19362603.186435953
2022-12-14,19317166.77523707
2022-12-15,19092423.03929254
2022-12-16,19029763.33954511
2022-12-19,18858967.14312813
2022-12-20,18893464.400703758
2022-12-21,18969160.510202743
2022-12-22,18912001.276017964
2022-12-23,18911728.75652603
2022-12-27,18815948.725536887
2022-12-28,18760687.025950357
2022-12-29,18988176.503001474
2022-12-30,19045865.160852842
2023-01-03,18967447.73463601
2023-01-04,19114258.223878905
2023-01-05,19038466.28894175
2023-01-06,19224419.8040122
2023-01-09,19329371.196644265
2023-01-10,19422324.125048965
2023-01-11,19480919.04290002
2023-01-12,19643031.582104586
2023-01-13,19706338.09447638
2023-01-17,19716539.75427075
2023-01-18,19582542.69323924
2023-01-19,19554620.40103282
2023-01-20,19691130.47991462
2023-01-23,19723192.722030014
2023-01-24,19717692.773493193
2023-01-25,19712432.491100516
2023-01-26,19756800.91006396
2023-01-27,19807569.187566947
2023-01-30,19654989.524865486
2023-01-31,19825372.034445025
2023-02-01,19923818.95505201
2023-02-02,20081419.832672425
2023-02-03,20029693.03199339
2023-02-06,19954114.29775086
2023-02-07,20017943.023697153
2023-02-08,19874912.2252586
2023-02-09,19722650.0107631
2023-02-10,19706208.054963663
2023-02-13,19770620.186915427
2023-02-14,19787489.84022539
2023-02-15,19806651.336640455
2023-02-16,19823313.24772212
2023-02-17,19826502.914138623
2023-02-21,19553201.009848766
2023-02-22,19552186.40517786
2023-02-23,19597929.45445039
2023-02-24,19487243.688137017
2023-02-27,19553284.306161523
2023-02-28,19533160.9445102
2023-03-01,19514042.943319377
2023-03-02,19543445.987602077
2023-03-03,19682090.11137177
2023-03-06,19516354.550139584
2023-03-07,19429021.809692927
2023-03-08,19410344.672702298
2023-03-09,19163991.0738895
2023-03-10,18907037.27413807
2023-03-13,18840355.003234237
2023-03-14,18961372.11218956
2023-03-15,18779411.534494445
2023-03-16,18879030.87124601
2023-03-17,18720397.54894437
2023-03-20,18651299.909066938
2023-03-21,18854870.764265917
2023-03-22,18711452.370379344
2023-03-23,18692032.796592753
2023-03-24,18713107.545108434
2023-03-27,18745510.56005282
2023-03-28,18730801.65687513
2023-03-29,18807768.7719358
2023-03-30,18780431.334955353
2023-03-31,18841815.97432057
2023-04-03,18922663.370656393
2023-04-04,18792182.302480772
2023-04-05,18664734.00977634
2023-04-06,18704587.324087985
2023-04-10,18786699.95730943
2023-04-11,18861971.324112512
2023-04-12,18752733.657894753
2023-04-13,18874085.893610932
2023-04-14,18982807.40160185
2023-04-17,18985943.30519028
2023-04-18,18920752.06592194
2023-04-19,18933246.53538794
2023-04-20,18831317.875712395
2023-04-21,18859620.75491724
2023-04-24,18760982.87857548
2023-04-25,18519488.831002757
2023-04-26,18496641.20077212
2023-04-27,18521878.95307018
2023-04-28,18611013.386850003
2023-05-01,18621508.90334771
2023-05-02,18446372.68269544
2023-05-03,18469503.164906744
2023-05-04,18270499.722778045
2023-05-05,18460633.1730897
2023-05-08,18488706.91551855
2023-05-09,18528819.434631642
2023-05-10,18599740.606906053
2023-05-11,18506917.011034995
2023-05-12,18453729.113193136
2023-05-15,18523663.25255149
2023-05-16,18409589.356715605
2023-05-17,18618237.260041766
2023-05-18,18571540.626491122
2023-05-19,18616635.52566858
2023-05-22,18773153.842219785
2023-05-23,18775048.11969854
2023-05-24,18664791.997419126
2023-05-25,18509972.365143314
2023-05-26,18535504.992554888
2023-05-30,18516718.0734
2023-05-31,18491325.939566575
2023-06-01,18551343.7108743
2023-06-02,18769443.803094342
2023-06-05,18714784.703498524
2023-06-06,18831576.543124504
2023-06-07,18920950.82066615
2023-06-08,18910708.221998677
2023-06-09,18793814.437181737
2023-06-12,18862703.644352727
2023-06-13,18926180.840640876
2023-06-14,18806448.853567563
2023-06-15,18893800.380635127
2023-06-16,18835434.95823258
2023-06-20,18773773.410743337
2023-06-21,18788912.678960204
2023-06-22,18713162.834423862
2023-06-23,18542305.292004183
2023-06-26,18482184.15820975
2023-06-27,18513308.359900124
2023-06-28,18509737.42309381
2023-06-29,18604808.656237353
2023-06-30,18626840.69596099
2023-07-03,18720573.16815668
2023-07-05,18611787.48415086
2023-07-06,18457227.122910313
2023-07-07,18566763.422064327
2023-07-10,18653221.53816332
2023-07-11,18706756.625094734
2023-07-12,18707468.262783583
2023-07-13,18790552.162351422
2023-07-14,18668160.926902555
2023-07-17,18733424.57562401
2023-07-18,18778123.41453605
2023-07-19,18811101.097513817
2023-07-20,18787340.233191915
2023-07-21,18770508.719355345
2023-07-24,18740261.008366626
2023-07-25,18658061.050841823
2023-07-26,18786716.423503507
2023-07-27,18664007.241502915
2023-07-28,18816974.076795924
2023-07-31,18894620.564967252
2023-08-01,18781878.295725215
2023-08-02,18659841.527426958
2023-08-03,18624558.773866545
2023-08-04,18567594.547957346
2023-08-07,18520248.47928177
2023-08-08,18591838.020185977
2023-08-09,18542759.912414074
2023-08-10,18497866.107133936
2023-08-11,18566970.793247946
2023-08-14,18549736.285796892
2023-08-15,18467643.34918782
2023-08-16,18380595.55579675
2023-08-17,18302470.91567465
2023-08-18,18317586.552315608
2023-08-21,18333423.227271616
2023-08-22,18257718.474315714
2023-08-23,18318923.27824141
2023-08-24,18218655.591729566
2023-08-25,18195746.66563072
2023-08-28,18258731.606195174
2023-08-29,18359223.863482185
2023-08-30,18513435.309201792
2023-08-31,18445190.06615358
2023-09-01,18571403.10205061
2023-09-05,18488880.936809193
2023-09-06,18377165.187573843
2023-09-07,18237749.4590352
2023-09-08,18330799.74663613
2023-09-11,18371048.153487414
2023-09-12,18302305.58828383
2023-09-13,18229768.466753133
2023-09-14,18347537.513162125
2023-09-15,18217812.76025088
2023-09-18,18164552.643851794
2023-09-19,18084063.600157283
2023-09-20,18007651.110634193
2023-09-21,17884609.794145722
2023-09-22,17858395.89782642
2023-09-25,17823874.87884876
2023-09-26,17737108.72010549
2023-09-27,17785313.58546726
2023-09-28,17778193.50588139
2023-09-29,17769466.59572672
2023-10-02,17570796.8026967
2023-10-03,17454641.65595015
2023-10-04,17432221.435079772
2023-10-05,17469130.213975478
2023-10-06,17541634.45449834
2023-10-09,17571447.78564048
2023-10-10,17549514.101258755
2023-10-11,17471544.13092164
2023-10-12,17299969.548306998
2023-10-13,17263054.925191514
2023-10-16,17299750.380320903
2023-10-17,17457318.005632475
2023-10-18,17293265.33207663
2023-10-19,17162048.485195383
2023-10-20,17108127.77951061
2023-10-23,16997255.23645122
2023-10-24,17043763.46199032
2023-10-25,16972321.89280673
2023-10-26,16980123.896490812
2023-10-27,16824225.873162255
2023-10-30,16791302.008562077
2023-10-31,16823237.64822708
2023-11-01,16795443.514670502
2023-11-02,17062486.762840915
2023-11-03,17379642.842535544
2023-11-06,17253056.5313802
2023-11-07,17249768.32039836
2023-11-08,17158016.32679762
2023-11-09,16963616.94485785
2023-11-10,16879617.29173018
2023-11-13,16901494.86192679
2023-11-14,17318943.49795384
2023-11-15,17359509.908237692
2023-11-16,17228178.790579036
2023-11-17,17413293.681850523
2023-11-20,17469099.21976718
2023-11-21,17345762.37401511
2023-11-22,17321502.412600555
2023-11-24,17439663.194253393
2023-11-27,17410547.90833303
2023-11-28,17393182.266994525
2023-11-29,17421605.943682753
2023-11-30,17453295.828752436
2023-12-01,17786521.311615206
2023-12-04,17866126.06235039
2023-12-05,17803142.08543068
2023-12-06,17813352.643704597
2023-12-07,17925644.6895429
2023-12-08,17913625.3955129
2023-12-11,17817482.893606976
2023-12-12,17750211.188321933
2023-12-13,18000704.234724235
2023-12-14,18263196.12538565
2023-12-15,18231137.72972867
2023-12-18,18231958.649858095
2023-12-19,18515437.29209122
2023-12-20,18363360.615519725
2023-12-21,18565260.244443055
2023-12-22,18849549.402809493
2023-12-26,19266154.82598682
2023-12-27,19319533.40113895
2023-12-28,19300461.513831154
2023-12-29,19082143.817631707
2024-01-02,19053741.076416418
2024-01-03,18735243.653430372
2024-01-04,18821713.1456923
2024-01-05,18794456.347151898
2024-01-08,19031440.693289407
2024-01-09,19055243.328308806
2024-01-10,19041462.45757237
2024-01-11,18983578.34657559
2024-01-12,18959062.158161305
2024-01-16,18913723.844231512
2024-01-17,18861367.544666708
2024-01-18,18784646.977352373
2024-01-19,18854580.487796657
2024-01-22,19048630.526771262
2024-01-23,19079993.751584716
2024-01-24,18985160.341799743
2024-01-25,19127512.823171705
2024-01-26,19096128.33022135
2024-01-29,19316142.23269569
2024-01-30,19164584.150152385
2024-01-31,18964059.225302752
2024-02-01,18922449.810947634
2024-02-02,18850606.95076388
2024-02-05,18754907.34751732
2024-02-06,18820442.882324
2024-02-07,18765585.48521492
2024-02-08,18838930.838607274
2024-02-09,18991726.35680399
2024-02-12,19178481.069198467
2024-02-13,18822342.20276562
2024-02-14,19020102.286389686
2024-02-15,19216382.070110105
2024-02-16,19199217.49061644
2024-02-20,19084675.558449484
2024-02-21,19109687.343214754
2024-02-22,19086585.59466123
2024-02-23,19131666.987993613
2024-02-26,19134693.24359438
2024-02-27,19295684.924432285
2024-02-28,19160111.040673092
2024-02-29,19207251.517037302
2024-03-01,19389936.350340627
2024-03-04,19332043.621771798
2024-03-05,19249502.053229928
2024-03-06,19275287.854730427
2024-03-07,19278995.114225008
2024-03-08,19301736.4777073
2024-03-11,19117346.136362433
2024-03-12,19033367.70613819
2024-03-13,19052896.350161575
2024-03-14,18861395.92306587
2024-03-15,18991463.36539945
2024-03-18,18917171.971355356
2024-03-19,19260948.03674137
2024-03-20,19377970.85034334
2024-03-21,19361981.405189425
2024-03-22,19294364.921349414
2024-03-25,19227404.00122257
2024-03-26,19187532.362723015
2024-03-27,19349244.545207802
2024-03-28,19425591.68208448
2024-04-01,19344511.408682644
2024-04-02,19205446.863540776
2024-04-03,19208968.11364811
2024-04-04,19155401.33477915
2024-04-05,19163288.926646955
2024-04-08,19218578.05593922
2024-04-09,19243191.851436734
2024-04-10,19020301.85791543
2024-04-11,19008531.637628388
2024-04-12,18853668.531421643
2024-04-15,18726681.913552955
2024-04-16,18668111.8985037
2024-04-17,18582276.32537312
2024-04-18,18486939.759754308
2024-04-19,18509618.620667767
2024-04-22,18547499.697590873
2024-04-23,18700900.513313107
2024-04-24,18632369.923178338
2024-04-25,18519680.753121816
2024-04-26,18585545.877131067
2024-04-29,18645967.811553173
2024-04-30,18525218.030150816
2024-05-01,18566144.498563036
2024-05-02,18766175.045852434
2024-05-03,18873448.078777887
2024-05-06,19007245.351472653
2024-05-07,18997108.844066605
2024-05-08,18829309.655690074
2024-05-09,18947484.97303866
2024-05-10,18794470.899410784
2024-05-13,18818064.367534574
2024-05-14,18929777.179929785
2024-05-15,18967308.851782184
2024-05-16,18926452.474202186
2024-05-17,18883757.533586726
2024-05-20,18870364.97322817
2024-05-21,18824098.948883142
2024-05-22,18777187.413690176
2024-05-23,18578968.783272102
2024-05-24,18626219.600755855
2024-05-28,18671050.465945683
2024-05-29,18585847.09938038
2024-05-30,18695906.134481452
2024-05-31,18705341.194797486
2024-06-03,18607004.895536445
2024-06-04,18464486.438228894
2024-06-05,18647563.033078343
2024-06-06,18582165.97967083
2024-06-07,18517823.999683797
2024-06-10,18654186.800075725
2024-06-11,18639647.371385574
2024-06-12,18771744.169751063
2024-06-13,18685585.70283083
2024-06-14,18529933.078925043
2024-06-17,18485998.524297427
2024-06-18,18422268.96006894
2024-06-20,18360753.76864288
2024-06-21,18406318.77085377
2024-06-24,18458215.85599668
2024-06-25,18308682.40666138
2024-06-26,18319433.33074093
2024-06-27,18487339.98797161
2024-06-28,18457971.5441963
2024-07-01,18652813.45227557
2024-07-02,19076600.435509562
2024-07-03,19242006.060912065
2024-07-05,19180755.817687344
2024-07-08,19279652.470484167
2024-07-09,19248711.85132107
2024-07-10,19348993.469194494
2024-07-11,19811403.96817089
2024-07-12,20062513.629188057
2024-07-15,20372200.495642483
2024-07-16,20692931.40785572
2024-07-17,20600912.04006335
2024-07-18,20337240.724206954
2024-07-19,20346309.14742513
2024-07-22,20511452.328688417
2024-07-23,20616628.16217333
2024-07-24,20498662.4758183
2024-07-25,20686355.391648874
2024-07-26,20852536.940674923
2024-07-29,20635643.301699825
2024-07-30,20607155.94551309
2024-07-31,20601878.658034585
2024-08-01,20312078.076905824
2024-08-02,20070307.087128893
2024-08-05,19804550.090916935
2024-08-06,19800766.97514096
2024-08-07,19649407.18317377
2024-08-08,19788843.948514316
2024-08-09,19687853.79479664
2024-08-12,19581198.912525326
2024-08-13,19822103.67010754
2024-08-14,19778967.807028864
2024-08-15,20017058.2498796
2024-08-16,20055450.91624775
2024-08-19,20217381.127922196
2024-08-20,20165691.86578499
2024-08-21,20245072.713389862
2024-08-22,20138871.801602706
2024-08-23,20462337.12815817
2024-08-26,20517269.202012826
2024-08-27,20420374.89018488
2024-08-28,20377420.915954698
2024-08-29,20406082.841749337
2024-08-30,20449049.67002879
2024-09-03,20145571.30735588
2024-09-04,20219714.067336068
2024-09-05,20138787.737163298
2024-09-06,20000159.10789034
2024-09-09,20002062.892691877
2024-09-10,20042246.174497895
2024-09-11,20048508.799962625
2024-09-12,20042669.134892464
2024-09-13,20307134.157490022
2024-09-16,20268906.62767441
2024-09-17,20338435.928966798
2024-09-18,20340589.725928985
2024-09-19,20480433.488091648
2024-09-20,20360807.704359792
2024-09-23,20216580.25086063
2024-09-24,20198007.97063044
2024-09-25,20062564.938918084
2024-09-26,20180076.446862184
2024-09-27,20234993.95825614
2024-09-30,20213752.638172127
2024-10-01,20049512.013077326
2024-10-02,20037410.733687572
2024-10-03,19911650.649523243
2024-10-04,20031364.794786185
2024-10-07,19963599.176825672
2024-10-08,19956939.331204973
2024-10-09,19972921.156540267
2024-10-10,19925096.0899146
2024-10-11,20110912.345048085
2024-10-14,20192913.198105507
2024-10-15,20255254.68166788
2024-10-16,20428599.809130855
2024-10-17,20402223.25706556
2024-10-18,20416766.362599075
2024-10-21,20289635.42875694
2024-10-22,20266942.91058199
2024-10-23,20191032.702340737
2024-10-24,20184602.763928507
2024-10-25,20158215.004111096
2024-10-28,20320209.762232028
2024-10-29,20293052.96539156
2024-10-30,20189960.44616885
2024-10-31,20071425.75040731
2024-11-01,20125202.000070147
2024-11-04,20191750.75660923
2024-11-05,20356437.570356697
2024-11-06,20622811.299816206
2024-11-07,20501904.911569048
2024-11-08,20491397.803611584
2024-11-11,20640953.354750216
2024-11-12,20444134.603221618
2024-11-13,20308959.881199915
2024-11-14,20263278.44565616
2024-11-15,20087564.417404007
2024-11-18,20021048.08795208
2024-11-19,20044558.90426089
2024-11-20,20090907.426248442
2024-11-21,20222752.66465269
2024-11-22,20376368.745300654
2024-11-25,20565912.82602018
2024-11-26,20514618.177419808
2024-11-27,20594723.26055175
2024-11-29,20638586.38854132
2024-12-02,20644373.849670645
2024-12-03,20459406.848149884
2024-12-04,20507424.073395703
2024-12-05,20433106.964368656
2024-12-06,20494007.843686923
2024-12-09,20471697.464051574
2024-12-10,20410269.22094785
2024-12-11,20457212.955322936
2024-12-12,20329233.9967502
2024-12-13,20237400.727337193
2024-12-16,20222479.736194663
2024-12-17,20181409.524703488
2024-12-18,19833759.542587854
2024-12-19,19721327.706053775
2024-12-20,19829573.679565825
2024-12-23,19850790.32712459
2024-12-24,19917864.614018932
2024-12-26,19966340.248215623
2024-12-27,19887458.738769706
2024-12-30,19806376.887784973
2024-12-31,19785986.53948859
2025-01-02,19885322.96283476
2025-01-03,20098492.834351197
2025-01-06,20149122.280659057
2025-01-07,20033032.018748455
2025-01-08,19823379.266972296
2025-01-10,19549171.012297682
2025-01-13,19514390.459901534
2025-01-14,19639972.16456583
2025-01-15,19792539.51467839
2025-01-16,19821626.202157397
2025-01-17,19824577.247687183
2025-01-21,19907010.598060787
2025-01-22,19792274.40307968
2025-01-23,19815461.88483383
2025-01-24,19847350.780808117
2025-01-27,19894104.745680995
2025-01-28,19786296.18800165
2025-01-29,19769520.044679657
2025-01-30,19830858.63730512
2025-01-31,19712944.46084148
2025-02-03,19584271.68871697
2025-02-04,19707906.525201432
2025-02-05,19751409.099156063
2025-02-06,19750070.199200314
2025-02-07,19642804.39774801
2025-02-10,19694243.24792908
2025-02-11,19639592.20905476
2025-02-12,19599070.05397418
2025-02-13,19676443.330271948
2025-02-14,19652292.34270165
2025-02-18,19671798.096525274
2025-02-19,19649278.4018868
2025-02-20,19603294.541179106
2025-02-21,19455353.231268317
2025-02-24,19361327.360514846
2025-02-25,19324227.950782944
2025-02-26,19351491.143194385
2025-02-27,19256353.01138199
2025-02-28,19307936.057320327
2025-03-03,19069495.55353037
2025-03-04,19048690.88416721
2025-03-05,19246280.82945604
2025-03-06,19151330.53512957
2025-03-07,19068140.320753075
2025-03-10,18921228.645839088
2025-03-11,19043541.622802906
2025-03-12,19002409.79547588
2025-03-13,19018216.62125682
2025-03-14,19055791.432179708
2025-03-17,19127977.43969442
2025-03-18,18657427.76272872
2025-03-19,18675763.104939032
2025-03-20,18704939.470617075
2025-03-21,18709498.26606231
2025-03-24,18795565.679019887
2025-03-25,18752562.19685521
2025-03-26,18630995.326165907
2025-03-27,18657804.617241193
2025-03-28,18540165.551390085
2025-03-31,18518077.84634859
2025-04-01,18458511.67281378
2025-04-02,18679254.033484958
2025-04-03,18178673.450590193
2025-04-04,17929933.82806314
2025-04-07,17713013.70965474
2025-04-08,17478200.876260128
2025-04-09,18043961.17591105
2025-04-10,17700108.56058903
2025-04-11,17760162.680240545
2025-04-14,17845703.27856579
2025-04-15,17765868.694013864
2025-04-16,17692286.76642075
2025-04-17,17784735.005986918
2025-04-21,17722101.200257175
2025-04-22,17930747.725064885
2025-04-23,18101941.809104852
2025-04-24,18276308.698061537
2025-04-25,18266792.47356934
2025-04-28,18403746.22246679
2025-04-29,18413555.654809427
2025-04-30,19108043.233973205
2025-05-01,19102892.90606589
2025-05-02,19238585.341968197
2025-05-05,19181362.561184164
2025-05-06,19109421.125658814
2025-05-07,19180968.131875522
2025-05-08,19371280.888297167
2025-05-09,19414348.2828909
2025-05-12,19679373.357326508
2025-05-13,19677575.69155922
2025-05-14,19603777.82775732
2025-05-15,19687666.04874652
2025-05-16,19802690.598721437
2025-05-19,19748834.16743891
2025-05-20,19796728.65097747
2025-05-21,19515479.19655413
2025-05-22,19518033.260546815
2025-05-23,19483237.64638998
2025-05-27,19616875.590774626
2025-05-28,19560760.959358618
2025-05-29,19599964.949795574
2025-05-30,19539204.284371845
2025-06-02,19540755.014870606
2025-06-03,19542305.868443213
2025-06-04,19543856.845099438
2025-06-05,19545407.944849048
2025-06-06,19546959.167701814
2025-06-09,19548510.513667505
2025-06-10,19550061.982755892
2025-06-11,19551613.574976746
2025-06-12,19553165.29033984
2025-06-13,19554717.128854945
2025-06-16,19556269.090531837
2025-06-17,19557821.175380293
2025-06-18,19559373.383410085
2025-06-20,19560925.71463099
2025-06-23,19562478.169052787
2025-06-24,19564030.74668525
2025-06-25,19565583.447538164
2025-06-26,19567136.2716213
2025-06-27,19568689.218944445
2025-06-30,19528571.095050074
2025-07-01,19637701.411116578
2025-07-02,19772924.082271025
2025-07-03,19847253.670734294
2025-07-07,19743758.779515974
2025-07-08,19836742.55062657
2025-07-09,19902664.324534878
2025-07-10,20009408.724484585
2025-07-11,19884168.098298036
2025-07-14,19949736.412702736
2025-07-15,19867410.38189899
2025-07-16,19923058.04295954
2025-07-17,20040295.46011974
2025-07-18,20004776.090259045
2025-07-21,20120114.784535363
2025-07-22,20220500.61049742
2025-07-23,20347351.11319234
2025-07-24,20250028.326086685
2025-07-25,20248112.353114903
2025-07-28,20225847.786547743
2025-07-29,20110063.969970733
2025-07-30,20022195.35346701
2025-07-31,19969712.13230761
2025-08-01,19899715.778542988
2025-08-04,20150611.97726488
2025-08-05,20349921.170960657
2025-08-06,20282272.12969206
2025-08-07,20264018.088884976
2025-08-08,20241880.883939423
2025-08-11,20136572.24464225
2025-08-12,20398615.117776588
2025-08-13,20557023.60456522
2025-08-14,20518574.638912395
2025-08-15,20486062.961998634
2025-08-18,20552792.047995307
2025-08-19,20375481.904359687
2025-08-20,20301769.393556662
2025-08-21,20414543.228642717
2025-08-22,20691101.337913264
2025-08-25,20610714.217375122
2025-08-26,20727544.609700985
2025-08-27,20628739.933115773
2025-08-28,20569885.125397317
2025-08-29,20476276.22496898
2025-09-02,20477901.326256678
2025-09-03,20479526.556520667
2025-09-04,20481151.915771183
2025-09-05,20482777.404018465
2025-09-08,20484403.021272752
2025-09-09,20486028.76754428
2025-09-10,20487654.64284329
2025-09-11,20489280.647180025
2025-09-12,20490906.78056472
2025-09-15,20492533.043007623
2025-09-16,20494159.434518974
2025-09-17,20495785.955109015
2025-09-18,20497412.60478799
2025-09-19,20499039.38356615
2025-09-22,20500666.291453734
2025-09-23,20502293.32846099
2025-09-24,20503920.494598173
2025-09-25,20505547.789875522
2025-09-26,20507175.21430329
2025-09-29,20508802.767891724
2025-09-30,20477861.85076138
2025-10-01,20532149.317384947
2025-10-02,20671879.426026374
2025-10-03,20862626.69032539
2025-10-06,20845544.853074588
2025-10-07,20787962.78662785
2025-10-08,20949532.73610432
2025-10-09,20964343.52567042
2025-10-10,20702875.216193333
2025-10-13,21078255.59664108
2025-10-14,21217688.77150861
2025-10-15,21413728.08616795
2025-10-16,21105345.36741435
2025-10-17,21026603.99502845
2025-10-20,21070215.720807746
2025-10-21,20962497.047750372
2025-10-22,20874439.43668501
2025-10-23,20977383.62949691
2025-10-24,21191892.719952956
2025-10-27,21082568.063464526
2025-10-28,20992231.685051247
2025-10-29,20924431.00353558
2025-10-30,20864323.102293774
2025-10-31,20900458.82251245
2025-11-03,20833465.714737143
2025-11-04,20854687.028065663
2025-11-05,21104632.263277538
2025-11-06,21062348.037842188
2025-11-07,21192111.983361404
2025-11-10,21314370.39733585
2025-11-11,21441664.39864058
2025-11-12,21392896.38323844
2025-11-13,21201522.828511607
2025-11-14,21204607.653660063
2025-11-17,21110993.894753158
2025-11-18,21191031.844491757
2025-11-19,21071620.712913983
2025-11-20,20957407.1973781
2025-11-21,21125210.208273664
2025-11-24,21255342.655451756
2025-11-25,21434755.379164077
2025-11-26,21477325.6025784
2025-11-28,21473321.431516703
2025-12-01,21475025.663376346
2025-12-02,21476730.03049249
2025-12-03,21478434.532875862
2025-12-04,21480139.1705372
2025-12-05,21481843.943487242
2025-12-08,21483548.851736724
2025-12-09,21485253.895296387
2025-12-10,21486959.074176967
2025-12-11,21488664.388389204
2025-12-12,21490369.837943837
2025-12-15,21492075.42285161
2025-12-16,21493781.143123265
2025-12-17,21495486.998769544
2025-12-18,21497192.98980119
2025-12-19,21498899.116228953
2025-12-22,21500605.378063574
2025-12-23,21502311.775315803
2025-12-24,21504018.307996385
2025-12-26,21505724.97611607
2025-12-29,21507431.7796856
2025-12-30,21509138.718715735
2025-12-31,21489419.864305593
