date,portfolio_value
2010-09-30,100052.61199289365
2010-10-01,99281.5978483514
2010-10-04,99501.99377512626
2010-10-05,98919.8384068639
2010-10-06,100290.40362265585
2010-10-07,100200.4952387533
2010-10-08,99970.82303150353
2010-10-11,100225.8691467713
2010-10-12,100035.98867670949
2010-10-13,100621.6063188574
2010-10-14,101573.0693363359
2010-10-15,100956.68589633699
2010-10-18,101423.18396177179
2010-10-19,101549.58664248137
2010-10-20,100743.78809117425
2010-10-21,101557.43039362738
2010-10-22,101871.31677579903
2010-10-25,102137.84463397488
2010-10-26,102184.70520858045
2010-10-27,102362.13293167541
2010-10-28,101873.49002301725
2010-10-29,101907.56504787091
2010-11-01,101749.45917047698
2010-11-02,102536.69283837233
2010-11-03,102831.54024570245
2010-11-04,103122.4520454813
2010-11-05,104785.8908025724
2010-11-08,104869.13562916203
2010-11-09,104585.53939556531
2010-11-10,104180.63237056964
2010-11-11,104337.79191064472
2010-11-12,104315.9324442571
2010-11-15,103547.42078378786
2010-11-16,103150.51685048638
2010-11-17,101875.30152971702
2010-11-18,101536.7517890667
2010-11-19,102618.96833850232
2010-11-22,103202.58527256273
2010-11-23,103652.78123187812
2010-11-24,102551.12765020385
2010-11-26,104244.7069390291
2010-11-29,102673.75636609296
2010-11-30,102627.53232448766
2010-12-01,101382.72163558382
2010-12-02,102889.34521412705
2010-12-03,103522.53924821012
2010-12-06,103762.70146184051
2010-12-07,103981.91349773032
2010-12-08,103911.18632180664
2010-12-09,104023.45800643248
2010-12-10,104897.24335911572
2010-12-13,105373.25614717044
2010-12-14,105588.61784997824
2010-12-15,105343.92272461073
2010-12-16,105233.73175043432
2010-12-17,105325.12413459488
2010-12-20,105063.9874841385
2010-12-21,105020.87886136661
2010-12-22,105560.62718173403
2010-12-23,105974.0441746028
2010-12-27,106000.02835661337
2010-12-28,105966.24603826478
2010-12-29,105921.48232612413
2010-12-30,105926.38029861102
2010-12-31,105026.02601336391
2011-01-03,105324.63118192162
2011-01-04,105212.87147295474
2011-01-05,105031.25980356276
2011-01-06,105565.69553466047
2011-01-07,105373.55470003645
2011-01-10,105307.8821819261
2011-01-11,105092.06368521099
2011-01-12,105237.2902926547
2011-01-13,106310.04500511622
2011-01-14,106274.89046034754
2011-01-18,106722.3334369841
2011-01-19,106003.57422652187
2011-01-20,104933.26079566618
2011-01-21,104394.60019687412
2011-01-24,104868.6355940189
2011-01-25,105978.64490567705
2011-01-26,106474.5860759918
2011-01-27,107019.56966076337
2011-01-28,106606.48016114041
2011-01-31,104508.13929665233
2011-02-01,105131.05735999417
2011-02-02,106636.83233978819
2011-02-03,106541.02279625142
2011-02-04,106160.66633093459
2011-02-07,106554.09301578623
2011-02-08,106884.77020841981
2011-02-09,107017.50694620263
2011-02-10,106752.75901013076
2011-02-11,107031.62448834995
2011-02-14,107354.30068624925
2011-02-15,107558.228801469
2011-02-16,107171.11795904451
2011-02-17,107844.61108521953
2011-02-18,108519.47238805925
2011-02-22,108823.14491318066
2011-02-23,106112.59896537192
2011-02-24,105809.45026172603
2011-02-25,106583.68565776786
2011-02-28,107117.80194162138
2011-03-01,108028.32803261965
2011-03-02,106598.63456002278
2011-03-03,106641.5115894776
2011-03-04,108287.52737927003
2011-03-07,107313.7130141737
2011-03-08,107135.19781324809
2011-03-09,108383.80494077719
2011-03-10,107916.91215345694
2011-03-11,105410.79871968151
2011-03-14,105946.83749572693
2011-03-15,105388.88616154582
2011-03-16,104915.63713786742
2011-03-17,102454.61667548845
2011-03-18,104145.58040155278
2011-03-21,104759.21953117785
2011-03-22,106470.63020420416
2011-03-23,105805.07977240939
2011-03-24,105399.25937587139
2011-03-25,106475.43487957389
2011-03-28,106538.48898365964
2011-03-29,106059.79154826216
2011-03-30,106851.14779006665
2011-03-31,108384.01731227984
2011-04-01,108441.25371332151
2011-04-04,109358.27361053886
2011-04-05,109314.8695324444
2011-04-06,109406.03700713729
2011-04-07,109241.65992315019
2011-04-08,108284.50585769552
2011-04-11,108069.00483994666
2011-04-12,107430.53967183852
2011-04-13,106656.62046204192
2011-04-14,107137.53112178722
2011-04-15,107555.06010165813
2011-04-18,107721.0871062683
2011-04-19,106311.64790261452
2011-04-20,106682.01310871028
2011-04-21,107619.48675150254
2011-04-25,107974.42079105564
2011-04-26,108189.83456585689
2011-04-27,108822.2473049117
2011-04-28,110060.73721951387
2011-04-29,110551.41231955892
2011-05-02,110195.2040563939
2011-05-03,110012.13893803007
2011-05-04,109523.51653908353
2011-05-05,109471.32552269855
2011-05-06,108441.76592035702
2011-05-09,109126.50384570168
2011-05-10,109601.5610680419
2011-05-11,109987.48862802834
2011-05-12,109442.70486284244
2011-05-13,109155.92059374314
2011-05-16,108298.68893921636
2011-05-17,107444.85667167063
2011-05-18,107646.3613260828
2011-05-19,108528.9287882744
2011-05-20,109110.78785125643
2011-05-23,108115.36521968125
2011-05-24,106557.41772759466
2011-05-25,106927.03785645071
2011-05-26,107529.39336896958
2011-05-27,108028.48583248084
2011-05-31,110493.58231918835
2011-06-01,111469.20418557538
2011-06-02,109105.04713045227
2011-06-03,109037.13219318184
2011-06-06,108584.20273548889
2011-06-07,107952.42535517686
2011-06-08,108413.95337358015
2011-06-09,107306.18742212687
2011-06-10,108423.00921016787
2011-06-13,107110.92246545473
2011-06-14,107152.41360251536
2011-06-15,108838.39281312216
2011-06-16,107556.2156055496
2011-06-17,107441.72475639814
2011-06-20,107895.93105617321
2011-06-21,107661.93240994173
2011-06-22,109077.11526354149
2011-06-23,108560.44886555674
2011-06-24,109498.33127131421
2011-06-27,108279.83264345548
2011-06-28,108630.23519847218
2011-06-29,109582.52925392435
2011-06-30,110003.37364324139
2011-07-01,110764.7420424554
2011-07-05,112668.2329595452
2011-07-06,113097.7168160488
2011-07-07,113269.23422692399
2011-07-08,114348.01056428223
2011-07-11,114014.0121366725
2011-07-12,112888.46602396997
2011-07-13,112756.22531027738
2011-07-14,112570.36503542568
2011-07-15,111809.99943077497
2011-07-18,111943.24589871513
2011-07-19,110992.90979642908
2011-07-20,112495.17447574619
2011-07-21,111972.0470523838
2011-07-22,112459.52954251673
2011-07-25,111915.3694989812
2011-07-26,110830.71901839941
2011-07-27,110109.33039701075
2011-07-28,108369.3734469525
2011-07-29,108421.44035180764
2011-08-01,108450.29226634598
2011-08-02,108236.71217870728
2011-08-03,105931.24835243142
2011-08-04,104087.64266631489
2011-08-05,102237.08475755692
2011-08-08,101339.43502430021
2011-08-09,100219.03659806761
2011-08-10,101798.96087943144
2011-08-11,100151.4844961251
2011-08-12,101405.79418319324
2011-08-15,101836.87870391695
2011-08-16,102553.79858673963
2011-08-17,102334.33036177847
2011-08-18,102522.24045870581
2011-08-19,101189.85557078209
2011-08-22,100755.78172473249
2011-08-23,100751.94794705416
2011-08-24,101838.94587205989
2011-08-25,102108.59990057771
2011-08-26,101542.86530112509
2011-08-29,102232.11082152916
2011-08-30,103297.7471131221
2011-08-31,103294.7235187821
2011-09-01,103118.43814213836
2011-09-02,102604.89791935084
2011-09-06,101851.40815149675
2011-09-07,101635.82140741264
2011-09-08,102681.3213519233
2011-09-09,102459.40544662577
2011-09-12,101386.79554931117
2011-09-13,101664.08246174917
2011-09-14,101998.45779585115
2011-09-15,102243.18389453227
2011-09-16,102886.82801155234
2011-09-19,102989.86054419682
2011-09-20,102377.10599377935
2011-09-21,102105.89287588141
2011-09-22,101579.87673489582
2011-09-23,100636.40177717558
2011-09-26,100586.36856916398
2011-09-27,101628.82640996324
2011-09-28,101663.5211987685
2011-09-29,101626.80799504378
2011-09-30,103258.03388033266
2011-10-03,99671.32440790947
2011-10-04,99330.83192869203
2011-10-05,100595.67755988438
2011-10-06,102620.06199963922
2011-10-07,103018.70354493025
2011-10-10,102115.55960378112
2011-10-11,105661.72500597377
2011-10-12,105950.42977075191
2011-10-13,106683.62276498183
2011-10-14,105860.79077930916
2011-10-17,106737.70337959165
2011-10-18,105210.50208708877
2011-10-19,107193.5752143087
2011-10-20,106054.77853578496
2011-10-21,106974.6527743213
2011-10-24,109992.84692052855
2011-10-25,111278.68877651432
2011-10-26,109403.94138453862
2011-10-27,111692.08718423126
2011-10-28,114851.59311374952
2011-10-31,115448.19129788838
2011-11-01,112439.15811820823
2011-11-02,109391.75319340143
2011-11-03,111311.34622401166
2011-11-04,113482.55539351144
2011-11-07,112060.91737511577
2011-11-08,112449.4663918259
2011-11-09,113840.37284688253
2011-11-10,109388.18586262668
2011-11-11,110420.1733831582
2011-11-14,112236.84760961328
2011-11-15,111672.07125491992
2011-11-16,112422.15305727575
2011-11-17,111540.68001573128
2011-11-18,110311.5339131315
2011-11-21,110370.68087411915
2011-11-22,108084.13288590462
2011-11-23,107766.90454137271
2011-11-25,104654.95520279142
2011-11-28,104759.37849594353
2011-11-29,107570.96466104162
2011-11-30,107710.46187058493
2011-12-01,111820.62593018271
2011-12-02,111893.4191110193
2011-12-05,127977.36226717739
2011-12-06,129270.07478611125
2011-12-07,128834.56422418916
2011-12-08,129919.52386769697
2011-12-09,126028.6608465858
2011-12-12,130183.09892875086
2011-12-13,127924.26077536913
2011-12-14,127516.47604121384
2011-12-15,126207.84411184581
2011-12-16,127198.71017538005
2011-12-19,127814.91408799532
2011-12-20,123942.23326755085
2011-12-21,129866.36615597826
2011-12-22,129431.99656799276
2011-12-23,129801.98005232138
2011-12-27,131957.73320361043
2011-12-28,132233.84702708837
2011-12-29,129486.34093244902
2011-12-30,130771.18618038401
2012-01-03,129143.97195886495
2012-01-04,130273.79038186565
2012-01-05,130601.98961650516
2012-01-06,131126.50176511068
2012-01-09,130804.3110319173
2012-01-10,131321.35456806057
2012-01-11,132512.33341623496
2012-01-12,132707.06710968385
2012-01-13,132514.10419716098
2012-01-17,131807.3999213701
2012-01-18,132097.78518832213
2012-01-19,133251.72209409028
2012-01-20,134065.94553512672
2012-01-23,134935.76155042916
2012-01-24,135073.6949139314
2012-01-25,134830.95082988992
2012-01-26,136570.488313287
2012-01-27,136421.2250155688
2012-01-30,136109.29876299528
2012-01-31,136109.86136766462
2012-02-01,137005.390381788
2012-02-02,138019.43534049214
2012-02-03,138141.74030457894
2012-02-06,139649.36132720456
2012-02-07,139385.28455268714
2012-02-08,139325.23621450702
2012-02-09,139314.71772182753
2012-02-10,139082.95307696378
2012-02-13,138586.2687787369
2012-02-14,139211.67960524876
2012-02-15,139009.72915993998
2012-02-16,138675.6090219184
2012-02-17,139807.46562309845
2012-02-21,139531.8986061138
2012-02-22,138973.31330439672
2012-02-23,139330.1796922123
2012-02-24,139577.98165119666
2012-02-27,139740.39760694958
2012-02-28,138999.33493637032
2012-02-29,138682.28560567283
2012-03-01,137740.57484832755
2012-03-02,137032.2709496326
2012-03-05,137467.06064647742
2012-03-06,137215.73918949472
2012-03-07,135473.25933691004
2012-03-08,136211.30068086486
2012-03-09,140684.6286495517
2012-03-12,141134.42364673305
2012-03-13,140196.13853442227
2012-03-14,141800.48677771137
2012-03-15,141877.328284065
2012-03-16,142225.41579150726
2012-03-19,143055.3624490371
2012-03-20,143317.12039264484
2012-03-21,143038.2526358006
2012-03-22,143263.40191372248
2012-03-23,142577.66217979937
2012-03-26,143003.4762926197
2012-03-27,144609.4737107033
2012-03-28,144427.0855983106
2012-03-29,143691.14315892194
2012-03-30,142579.06551762533
2012-04-02,143635.7425124185
2012-04-03,144515.63945427313
2012-04-04,143932.16883977893
2012-04-05,142295.21930407817
2012-04-09,141905.08134718856
2012-04-10,140665.32967235637
2012-04-11,138840.5691570772
2012-04-12,139254.37712406277
2012-04-13,141298.1841767852
2012-04-16,140440.43926776692
2012-04-17,139562.44557532173
2012-04-18,141162.17930982777
2012-04-19,140743.70404737143
2012-04-20,140642.86977743483
2012-04-23,140600.26928370804
2012-04-24,139985.3173964482
2012-04-25,140244.237738971
2012-04-26,141793.75093967674
2012-04-27,143280.71109355422
2012-04-30,142815.84924565384
2012-05-01,142112.70627023003
2012-05-02,143499.2030725738
2012-05-03,143191.49746739026
2012-05-04,142791.7699237649
2012-05-07,140983.90236380472
2012-05-08,141874.44464367372
2012-05-09,141430.40023045623
2012-05-10,141131.57599524924
2012-05-11,141375.720367006
2012-05-14,141347.24980733916
2012-05-15,140813.0320204038
2012-05-16,140170.96249943713
2012-05-17,139719.65989874315
2012-05-18,137902.6490205092
2012-05-21,136126.51407112333
2012-05-22,137349.28414457655
2012-05-23,137805.71040956216
2012-05-24,137720.57390175873
2012-05-25,138391.90809737312
2012-05-29,137503.32595854797
2012-05-30,139378.93045774545
2012-05-31,137878.82362400918
2012-06-01,138087.93002544038
2012-06-04,135253.50005746871
2012-06-05,135294.9274931827
2012-06-06,135637.75959386953
2012-06-07,137964.81836757396
2012-06-08,138056.8602013387
2012-06-11,138487.98846757846
2012-06-12,136733.94531240713
2012-06-13,138049.91164974103
2012-06-14,137250.92713116918
2012-06-15,138282.46436821803
2012-06-18,139196.9034362785
2012-06-19,140096.93774618136
2012-06-20,140952.82378357218
2012-06-21,141201.67456780668
2012-06-22,139071.8669267569
2012-06-25,140662.22872073125
2012-06-26,138567.89042175657
2012-06-27,139386.67479280595
2012-06-28,140851.05180497968
2012-06-29,140012.31012545558
2012-07-02,143976.70648784403
2012-07-03,144719.14485895206
2012-07-05,145480.8148966773
2012-07-06,145448.50538044862
2012-07-09,144457.04899629246
2012-07-10,144800.74981836154
2012-07-11,143785.79232689543
2012-07-12,144266.75015873648
2012-07-13,143534.95869248454
2012-07-16,145706.26550120983
2012-07-17,145167.3132986117
2012-07-18,145366.27021079737
2012-07-19,145139.71185850378
2012-07-20,145559.25173717714
2012-07-23,144449.4583347638
2012-07-24,142648.2971069077
2012-07-25,141833.33533077137
2012-07-26,140431.28992505808
2012-07-27,142257.79806543008
2012-07-30,144438.20081985745
2012-07-31,144736.01219604636
2012-08-01,142240.59724120217
2012-08-02,142354.80499199143
2012-08-03,141617.61240243723
2012-08-06,143747.88076486095
2012-08-07,143246.9866096184
2012-08-08,143747.25142072
2012-08-09,143619.88084061086
2012-08-10,143326.08278736786
2012-08-13,143491.37634083044
2012-08-14,143045.7899842106
2012-08-15,143726.80692436034
2012-08-16,143762.44400507587
2012-08-17,145227.55725062257
2012-08-20,145238.98130465127
2012-08-21,145489.8599728445
2012-08-22,144498.7639941846
2012-08-23,144696.70292815368
2012-08-24,143440.0552665189
2012-08-27,144310.96844180766
2012-08-28,144885.77353741284
2012-08-29,145454.36267183544
2012-08-30,145307.66930820115
2012-08-31,144277.80339888902
2012-09-04,146187.5802909565
2012-09-05,145884.57937012063
2012-09-06,145274.78835449342
2012-09-07,147589.6313856784
2012-09-10,148846.11655118802
2012-09-11,148273.68460841326
2012-09-12,148609.4884809758
2012-09-13,148139.18573824884
2012-09-14,150516.07683062402
2012-09-17,150767.33550779804
2012-09-18,150605.28333609444
2012-09-19,150413.77676219176
2012-09-20,150108.6538175546
2012-09-21,150749.66526689645
2012-09-24,150929.8637507618
2012-09-25,150489.69987760548
2012-09-26,149456.51372708037
2012-09-27,148495.35397905172
2012-09-28,148786.92325482963
2012-10-01,148369.34873410058
2012-10-02,148761.2176695654
2012-10-03,148170.35281389346
2012-10-04,148958.94111226246
2012-10-05,149957.42881194683
2012-10-08,149926.09583672887
2012-10-09,149437.21132883048
2012-10-10,148891.71264802024
2012-10-11,148285.01621159998
2012-10-12,147747.88667727367
2012-10-15,147179.65560323154
2012-10-16,147752.02223582516
2012-10-17,149528.65761402267
2012-10-18,149789.64175160878
2012-10-19,150083.94393863445
2012-10-22,148482.40524257842
2012-10-23,149509.2146307112
2012-10-24,148949.3358290075
2012-10-25,148585.72650313165
2012-10-26,148266.51878119737
2012-10-31,149134.5900269421
2012-11-01,150005.64668229755
2012-11-02,150576.5275531476
2012-11-05,149809.0240647198
2012-11-06,150261.09208432955
2012-11-07,150377.9394284603
2012-11-08,149674.24797379752
2012-11-09,148178.38287114273
2012-11-12,147809.17559256536
2012-11-13,147113.47990106326
2012-11-14,145584.33725182654
2012-11-15,143609.47016330453
2012-11-16,144507.58589855276
2012-11-19,145389.59133045838
2012-11-20,147495.20201703292
2012-11-21,147578.07548850856
2012-11-23,147593.56728197026
2012-11-26,149432.53307209967
2012-11-27,149808.50919263077
2012-11-28,148990.2283667776
2012-11-29,150358.99852766655
2012-11-30,151281.81427581827
2012-12-03,151896.01198396465
2012-12-04,151750.45515930705
2012-12-05,151385.16927058095
2012-12-06,151373.13778806129
2012-12-07,151490.6378502821
2012-12-10,152305.1818249131
2012-12-11,151803.12262143576
2012-12-12,151606.99952601735
2012-12-13,151798.64756442106
2012-12-14,151513.64606284618
2012-12-17,149961.2894840614
2012-12-18,151244.0287536283
2012-12-19,153146.70274018034
2012-12-20,153056.80715009812
2012-12-21,153822.1312937461
2012-12-24,152639.90709140903
2012-12-26,151953.58448603415
2012-12-27,151644.8661507107
2012-12-28,151924.99656697386
2012-12-31,150724.67315916592
2013-01-02,153499.49179942082
2013-01-03,156595.85130892167
2013-01-04,156698.99036371117
2013-01-07,156930.25267016067
2013-01-08,156791.1415987775
2013-01-09,156977.34229756237
2013-01-10,156774.3114996105
2013-01-11,157564.60339551495
2013-01-14,157740.22425379843
2013-01-15,158256.82365832676
2013-01-16,158081.03106127915
2013-01-17,158519.13332902212
2013-01-18,159400.5557891393
2013-01-22,160408.68254545817
2013-01-23,160345.58803854405
2013-01-24,161225.57419130282
2013-01-25,160743.55366075167
2013-01-28,162339.43612004496
2013-01-29,162498.70610336043
2013-01-30,162562.76688347544
2013-01-31,163036.39461768657
2013-02-01,162683.27719950196
2013-02-04,163640.6485560602
2013-02-05,162135.21892785907
2013-02-06,163594.97185501974
2013-02-07,163064.81936115038
2013-02-08,162950.59564140957
2013-02-11,164028.5241619786
2013-02-12,164760.4211294671
2013-02-13,165644.37579319996
2013-02-14,165581.88939136034
2013-02-15,165887.99084187433
2013-02-19,166074.5835220063
2013-02-20,166548.40576789697
2013-02-21,165036.1657788099
2013-02-22,164425.2336742888
2013-02-25,165118.25934921115
2013-02-26,162806.95991448514
2013-02-27,163282.87060935536
2013-02-28,165074.1737581877
2013-03-01,164749.92199718632
2013-03-04,164711.79500194034
2013-03-05,165245.27453362689
2013-03-06,166847.53765544583
2013-03-07,167176.73455865245
2013-03-08,167642.03681168414
2013-03-11,167926.45731056627
2013-03-12,168380.6366261816
2013-03-13,168421.21154203758
2013-03-14,168985.48452369904
2013-03-15,170086.17279173154
2013-03-18,169996.57778938423
2013-03-19,170337.34191522922
2013-03-20,170182.66428898237
2013-03-21,171391.00351355204
2013-03-22,169903.4157035836
2013-03-25,171579.9347396264
2013-03-26,170822.07918774156
2013-03-27,171601.64686387932
2013-03-28,171585.08198939115
2013-04-01,170241.41215835977
2013-04-02,168450.45909998773
2013-04-03,168649.3181488551
2013-04-04,167757.3039315054
2013-04-05,168362.78568076328
2013-04-08,167920.98853030414
2013-04-09,167751.9776316602
2013-04-10,168647.53765663115
2013-04-11,169879.42431898433
2013-04-12,170540.55903056613
2013-04-15,168473.57586806483
2013-04-16,165903.90492018615
2013-04-17,167325.28367332224
2013-04-18,165658.4768465432
2013-04-19,165024.71682520644
2013-04-22,165543.00114314674
2013-04-23,166765.22936209102
2013-04-24,168667.07667355303
2013-04-25,168646.6051803072
2013-04-26,168668.0578188272
2013-04-29,168817.15590771392
2013-04-30,170217.10796529573
2013-05-01,168414.80633604736
2013-05-02,167921.99627482268
2013-05-03,169899.81823776185
2013-05-06,171342.67189746987
2013-05-07,172122.81850884942
2013-05-08,172776.42160874512
2013-05-09,172821.19333528646
2013-05-10,172980.48143944296
2013-05-13,172876.53013185976
2013-05-14,172840.4001804364
2013-05-15,174323.79401953483
2013-05-16,175731.29939111427
2013-05-17,174718.96827118183
2013-05-20,176346.56441704175
2013-05-21,176283.69885403852
2013-05-22,175930.34572264182
2013-05-23,175107.70877919116
2013-05-24,174713.80623665848
2013-05-28,175078.4594185969
2013-05-29,175030.5537755586
2013-05-30,174001.18503159954
2013-05-31,175144.1542823056
2013-06-03,173404.4306999471
2013-06-04,174012.36314830644
2013-06-05,173431.86275701626
2013-06-06,171682.8286113797
2013-06-07,172057.30749486526
2013-06-10,175115.06924950145
2013-06-11,174806.6646425277
2013-06-12,173312.04343037028
2013-06-13,172291.99172490576
2013-06-14,174478.45241239155
2013-06-17,173280.02496555485
2013-06-18,174777.0082144845
2013-06-19,176072.70206632462
2013-06-20,174395.53510407402
2013-06-21,171073.48444110685
2013-06-24,171774.37237914483
2013-06-25,169460.63558273145
2013-06-26,169923.39585844413
2013-06-27,172818.68906317532
2013-06-28,173462.25161014101
2013-07-01,173806.85745369075
2013-07-02,175207.21078936063
2013-07-03,175376.56812629028
2013-07-05,175952.3075415079
2013-07-08,177660.60901571836
2013-07-09,179190.24585004157
2013-07-10,181074.663956336
2013-07-11,180688.8895372505
2013-07-12,183136.63408899854
2013-07-15,183490.36188644008
2013-07-16,184977.44965897268
2013-07-17,184382.96523175697
2013-07-18,185382.97439803154
2013-07-19,186235.98807937023
2013-07-22,186458.942230657
2013-07-23,187400.4454124889
2013-07-24,187012.45865605812
2013-07-25,187651.06872894178
2013-07-26,186729.26088551185
2013-07-29,186277.3988276585
2013-07-30,185508.122210191
2013-07-31,185610.1832394718
2013-08-01,185772.314602857
2013-08-02,187506.11154417176
2013-08-05,188287.7251305598
2013-08-06,187686.25091532725
2013-08-07,186149.9592498137
2013-08-08,184623.9869079173
2013-08-09,185354.20380017074
2013-08-12,185531.5411007835
2013-08-13,184186.06515787976
2013-08-14,185379.4385461879
2013-08-15,183721.76445943885
2013-08-16,181384.40152255975
2013-08-19,180473.96970618208
2013-08-20,180924.37893807713
2013-08-21,181224.94249269422
2013-08-22,180642.75680962432
2013-08-23,182128.76900351528
2013-08-26,182895.45194874328
2013-08-27,181626.01243037623
2013-08-28,178365.67318677116
2013-08-29,180036.4986937123
2013-08-30,178511.7057902816
2013-09-03,177918.0031423413
2013-09-04,178077.63303891534
2013-09-05,179389.4136414031
2013-09-06,179448.56415657495
2013-09-09,179906.70634866925
2013-09-10,181885.49291758615
2013-09-11,182655.04495815205
2013-09-12,183087.42072531523
2013-09-13,183136.72160329073
2013-09-16,182874.85722111518
2013-09-17,184103.74283641038
2013-09-18,184413.74330088717
2013-09-19,186118.36529200253
2013-09-20,187355.0886704796
2013-09-23,187088.6661461336
2013-09-24,187078.41500648484
2013-09-25,186590.5391834435
2013-09-26,185756.8517624477
2013-09-27,186636.24105976592
2013-09-30,186291.48259456054
2013-10-01,185342.15201307708
2013-10-02,185638.3010168583
2013-10-03,185078.69620609572
2013-10-04,183016.461111178
2013-10-07,184616.3911915388
2013-10-08,184204.45292673924
2013-10-09,182400.00903729087
2013-10-10,181957.8630256798
2013-10-11,186377.60809142227
2013-10-14,187699.03899411773
2013-10-15,188314.1120165207
2013-10-16,185727.44593294372
2013-10-17,188407.241333725
2013-10-18,189792.41320665833
2013-10-21,190567.1717734058
2013-10-22,190058.6050428404
2013-10-23,191862.59257453814
2013-10-24,191766.56375484023
2013-10-25,191728.2343082822
2013-10-28,192305.47834882565
2013-10-29,191558.61361928837
2013-10-30,191874.8935194425
2013-10-31,189478.62321661573
2013-11-01,188440.88636634202
2013-11-04,189089.10545078412
2013-11-05,190271.92436748228
2013-11-06,189279.81993294627
2013-11-07,190236.88637524005
2013-11-08,188153.19732239156
2013-11-11,190276.1229952863
2013-11-12,190849.04175537138
2013-11-13,190250.03467503906
2013-11-14,190618.9356523969
2013-11-15,191190.28123440797
2013-11-18,192423.6883906248
2013-11-19,191566.28443864052
2013-11-20,191497.48462350506
2013-11-21,191979.658541792
2013-11-22,193254.9728717041
2013-11-25,194628.4168720972
2013-11-26,195423.37493292562
2013-11-27,196314.0419748315
2013-11-29,197341.02962770942
2013-12-02,195816.75252803013
2013-12-03,195223.84398681117
2013-12-04,193715.94603388055
2013-12-05,194466.47242732323
2013-12-06,193872.35427212538
2013-12-09,194902.872903952
2013-12-10,194369.95974691084
2013-12-11,193494.48298722765
2013-12-12,192144.80874306997
2013-12-13,192303.56801126982
2013-12-16,193345.1687902359
2013-12-17,194328.26757499314
2013-12-18,192970.66542484597
2013-12-19,194819.243827458
2013-12-20,196707.219260183
2013-12-23,197950.61975584045
2013-12-24,199086.73836326305
2013-12-26,198578.323722261
2013-12-27,199586.77479218328
2013-12-30,199104.40596293355
2013-12-31,198247.88607463523
2014-01-02,198967.95621083933
2014-01-03,198046.00616383235
2014-01-06,196193.149604318
2014-01-07,195653.73105406982
2014-01-08,196116.41219638742
2014-01-09,196392.21881967364
2014-01-10,196483.46424696883
2014-01-13,197899.40762488186
2014-01-14,195335.19832538307
2014-01-15,197248.38094963666
2014-01-16,198268.7407108049
2014-01-17,198195.2929942713
2014-01-21,198169.70269317218
2014-01-22,198896.02216326306
2014-01-23,198904.55428971787
2014-01-24,198029.87110421358
2014-01-27,193551.144942209
2014-01-28,192328.02726224647
2014-01-29,192977.0785597021
2014-01-30,191893.55379189676
2014-01-31,193005.75004114362
2014-02-03,191720.61927368067
2014-02-04,188494.7850767194
2014-02-05,188866.92671155249
2014-02-06,187742.92601026918
2014-02-07,188947.59671894234
2014-02-10,190752.2240109971
2014-02-11,190675.85659651223
2014-02-12,192896.78299283286
2014-02-13,193900.52615270924
2014-02-14,194362.0480225191
2014-02-18,196269.94453473508
2014-02-19,195897.97549571947
2014-02-20,195736.84712044225
2014-02-21,196735.22542323868
2014-02-24,196636.9507277329
2014-02-25,197060.34596573267
2014-02-26,198182.216842892
2014-02-27,197590.4200001341
2014-02-28,198309.84008646637
2014-03-03,198761.27775717032
2014-03-04,199562.5566531463
2014-03-05,201169.32215714894
2014-03-06,201286.6707291221
2014-03-07,202216.10083101492
2014-03-10,202198.29814620997
2014-03-11,201341.19849678728
2014-03-12,201099.63782660427
2014-03-13,201553.21801581958
2014-03-14,200976.496398239
2014-03-17,199960.75999137378
2014-03-18,201869.22138262217
2014-03-19,202515.34228083436
2014-03-20,201370.26707940944
2014-03-21,203873.9085164796
2014-03-24,203102.52968733147
2014-03-25,202060.49590033217
2014-03-26,201247.67622515027
2014-03-27,200075.80120018424
2014-03-28,199518.3088329681
2014-03-31,201353.85331823627
2014-04-01,202657.2193397191
2014-04-02,204075.68735313078
2014-04-03,204115.3110072148
2014-04-04,202817.32147275514
2014-04-07,201275.36558131324
2014-04-08,199779.42953222815
2014-04-09,199728.5120735151
2014-04-10,201761.1995453582
2014-04-11,198189.6395875741
2014-04-14,196205.23854068338
2014-04-15,196023.0012549474
2014-04-16,196324.66768306802
2014-04-17,198222.59810007285
2014-04-21,198530.3660270094
2014-04-22,199368.3943073441
2014-04-23,199348.0077161897
2014-04-24,198056.05852741224
2014-04-25,198059.66923267944
2014-04-28,196019.6516565588
2014-04-29,195752.15472389697
2014-04-30,196543.55411292726
2014-05-01,196928.32618971952
2014-05-02,197287.9470278573
2014-05-05,196567.69185758586
2014-05-06,196305.11243790912
2014-05-07,194854.47108465713
2014-05-08,194494.28780808594
2014-05-09,195697.34404567975
2014-05-12,197279.11640413347
2014-05-13,196664.02858985495
2014-05-14,194983.29177354297
2014-05-15,194717.77047131676
2014-05-16,194130.7934594993
2014-05-19,195092.86341185594
2014-05-20,194659.13013299287
2014-05-21,193294.20027573375
2014-05-22,195622.53127694246
2014-05-23,197058.38366445742
2014-05-27,198581.23941688307
2014-05-28,198363.25239961088
2014-05-29,197924.33414777566
2014-05-30,198653.6531166775
2014-06-02,197959.06571991724
2014-06-03,197749.4571663648
2014-06-04,198233.06321420227
2014-06-05,201018.565320505
2014-06-06,202497.69324318742
2014-06-09,203684.01791598508
2014-06-10,203654.94914660812
2014-06-11,202847.36091862642
2014-06-12,202609.11415573882
2014-06-13,201387.65732567562
2014-06-16,201695.91562135087
2014-06-17,202523.30863368604
2014-06-18,202336.2364177699
2014-06-19,203273.29419683415
2014-06-20,203837.8638514107
2014-06-23,203379.95321987188
2014-06-24,203476.54099687343
2014-06-25,202211.88357924236
2014-06-26,202677.05077424817
2014-06-27,203738.38830634125
2014-06-30,203685.81008223494
2014-07-01,203969.67192040657
2014-07-02,204350.15291804553
2014-07-03,204422.48226582952
2014-07-07,203747.0639541101
2014-07-08,203623.68760853182
2014-07-09,201835.82838439645
2014-07-10,201802.12353131684
2014-07-11,200820.368056484
2014-07-14,200906.49596426013
2014-07-15,201205.61118982628
2014-07-16,200196.65275171783
2014-07-17,200818.26248222415
2014-07-18,199426.27067838298
2014-07-21,200311.52268547696
2014-07-22,200292.36978782478
2014-07-23,200349.65459691198
2014-07-24,200519.9155980383
2014-07-25,199485.601052929
2014-07-28,198269.30912525466
2014-07-29,198397.06238730956
2014-07-30,197387.6894883926
2014-07-31,197546.79477361136
2014-08-01,195280.94372752056
2014-08-04,194331.5185239837
2014-08-05,196160.40735329333
2014-08-06,195371.6307240886
2014-08-07,196351.63207445148
2014-08-08,195529.2245405546
2014-08-11,197994.51972636438
2014-08-12,197795.68243112936
2014-08-13,197277.721970542
2014-08-14,198291.319594636
2014-08-15,198941.81118445704
2014-08-18,199414.98203567538
2014-08-19,200415.43387226443
2014-08-20,200287.4916785849
2014-08-21,200794.62602534477
2014-08-22,201170.45350171978
2014-08-25,200365.20346097474
2014-08-26,201728.55453126942
2014-08-27,201768.32781603825
2014-08-28,201104.56053637993
2014-08-29,201379.94689177527
2014-09-02,202490.10967349954
2014-09-03,201778.40119731775
2014-09-04,201567.2843684049
2014-09-05,201302.8358024595
2014-09-08,202420.55334018846
2014-09-09,201665.15906197464
2014-09-10,199780.16389005605
2014-09-11,200584.58313985722
2014-09-12,199617.9544466702
2014-09-15,197815.50447598417
2014-09-16,196886.27631815427
2014-09-17,198343.53192745033
2014-09-18,198087.07859723014
2014-09-19,198423.19161773153
2014-09-22,197290.95925479368
2014-09-23,195656.51874976075
2014-09-24,193763.53197190783
2014-09-25,195920.1229714549
2014-09-26,192951.7348822514
2014-09-29,193986.96089616747
2014-09-30,191692.30958390978
2014-10-01,192352.28469253186
2014-10-02,191257.75993272415
2014-10-03,190791.69336281536
2014-10-06,192238.86215430574
2014-10-07,192692.48226957797
2014-10-08,191391.78557556498
2014-10-09,193646.72760133058
2014-10-10,191628.93854745224
2014-10-13,193320.79253722503
2014-10-14,192505.14783632598
2014-10-15,193537.47385300792
2014-10-16,193911.95474359067
2014-10-17,192045.58452771435
2014-10-20,193897.52116957135
2014-10-21,194563.19079545478
2014-10-22,196456.94360998503
2014-10-23,195463.40303264605
2014-10-24,195988.1912667219
2014-10-27,197101.09624509473
2014-10-28,199353.64301842637
2014-10-29,200085.4147945445
2014-10-30,200371.934297145
2014-10-31,201842.19390851323
2014-11-03,203036.55103400143
2014-11-04,203253.00722413126
2014-11-05,202287.34147676197
2014-11-06,202598.28830233862
2014-11-07,203568.4322168015
2014-11-10,202621.32753500238
2014-11-11,202264.02945013138
2014-11-12,203529.86721187475
2014-11-13,202524.18589469508
2014-11-14,202129.96418398066
2014-11-17,201393.87715477785
2014-11-18,201225.14334867947
2014-11-19,200477.6701538786
2014-11-20,201496.3911312196
2014-11-21,200834.8758510508
2014-11-24,202671.12567317038
2014-11-25,203153.66625255212
2014-11-26,203484.40871812837
2014-11-28,202427.79440027205
2014-12-01,201238.10087066184
2014-12-02,201354.80273902917
2014-12-03,202821.86058079216
2014-12-04,202787.14382317846
2014-12-05,202764.68327282695
2014-12-08,201788.33822994388
2014-12-09,204000.5823395581
2014-12-10,202818.21422445241
2014-12-11,201227.32162610893
2014-12-12,201570.0988568649
2014-12-15,198653.40522784027
2014-12-16,198764.28578990896
2014-12-17,198532.53380338915
2014-12-18,199019.47789502505
2014-12-19,202077.20475636795
2014-12-22,203074.75337653465
2014-12-23,215154.04857641575
2014-12-24,214900.8129548037
2014-12-26,215518.05376734247
2014-12-29,216664.92381196612
2014-12-30,217320.78437236047
2014-12-31,216424.69729555125
2015-01-02,215155.1746135452
2015-01-05,215656.96514719588
2015-01-06,212427.67939258929
2015-01-07,210547.7183593542
2015-01-08,211402.3089400676
2015-01-09,213355.59593207113
2015-01-12,212468.21362465725
2015-01-13,212244.94646418674
2015-01-14,212118.88284405743
2015-01-15,210746.7056306291
2015-01-16,210370.3919890033
2015-01-20,210494.066103437
2015-01-21,209848.14681404462
2015-01-22,211905.12643373405
2015-01-23,213863.55079211743
2015-01-26,213767.78442000662
2015-01-27,215341.15412347103
2015-01-28,213746.9090786178
2015-01-29,212637.964452126
2015-01-30,212214.68068909668
2015-02-02,210349.8652403843
2015-02-03,212840.8757152695
2015-02-04,214451.23102110688
2015-02-05,214657.25570993297
2015-02-06,215437.39612736512
2015-02-09,214690.6699858915
2015-02-10,212977.15288114344
2015-02-11,214417.91666506726
2015-02-12,215216.94987513588
2015-02-13,216291.91579028426
2015-02-17,216051.91078386846
2015-02-18,216841.67247600315
2015-02-19,216751.66511622255
2015-02-20,216450.13218247797
2015-02-23,217628.93994025097
2015-02-24,217470.0880897388
2015-02-25,218323.52280295736
2015-02-26,218401.92645631408
2015-02-27,218918.33500804214
2015-03-02,218626.77065216046
2015-03-03,219723.2362690755
2015-03-04,218780.13846906147
2015-03-05,218147.96950530953
2015-03-06,217579.09625015242
2015-03-09,215817.45802898865
2015-03-10,217191.38928998623
2015-03-11,215371.20406291666
2015-03-12,216836.51691572546
2015-03-13,218900.97581906788
2015-03-16,216724.17016218443
2015-03-17,219447.60001670473
2015-03-18,219349.82716809746
2015-03-19,221461.25178865413
2015-03-20,221467.5136074749
2015-03-23,223629.60817374635
2015-03-24,223770.91585494438
2015-03-25,222281.11854460885
2015-03-26,220233.89841006155
2015-03-27,220710.01564729438
2015-03-30,221136.14555597954
2015-03-31,223707.70474440663
2015-04-01,223332.2715303686
2015-04-02,222850.68671762114
2015-04-06,222772.50478904502
2015-04-07,223134.11044895605
2015-04-08,222963.4516368651
2015-04-09,221734.91356980792
2015-04-10,222805.9597321324
2015-04-13,224440.43513925406
2015-04-14,223911.63060488354
2015-04-15,223526.53988602676
2015-04-16,223615.8181224712
2015-04-17,222946.90772180402
2015-04-20,221594.29087061598
2015-04-21,222566.24940785868
2015-04-22,222543.50283954135
2015-04-23,222867.62390778188
2015-04-24,222733.69583525686
2015-04-27,223263.89730941848
2015-04-28,223370.2969172393
2015-04-29,222530.28743483985
2015-04-30,220365.0261222451
2015-05-01,217970.79981577408
2015-05-04,218804.15711960744
2015-05-05,218906.3570081574
2015-05-06,218132.9438076117
2015-05-07,217755.9641585335
2015-05-08,217522.81024060067
2015-05-11,220203.3939538786
2015-05-12,220397.26315416707
2015-05-13,219871.8928053838
2015-05-14,220714.19564133012
2015-05-15,222016.3616419556
2015-05-18,222664.75992706517
2015-05-19,221818.03146209018
2015-05-20,222248.808749323
2015-05-21,221364.46977990578
2015-05-22,221020.18576626686
2015-05-26,220776.7254277147
2015-05-27,219730.49052041225
2015-05-28,221482.5337810247
2015-05-29,221644.8363694091
2015-06-01,220918.37802689517
2015-06-02,221423.6885823294
2015-06-03,221895.07875905483
2015-06-04,221836.42475047722
2015-06-05,221044.44506267994
2015-06-08,220754.5248620255
2015-06-09,219886.1608800254
2015-06-10,220261.3989746494
2015-06-11,221886.42967202442
2015-06-12,223317.17183633623
2015-06-15,222163.86670259637
2015-06-16,221789.90389631895
2015-06-17,222135.94397334193
2015-06-18,223016.8163800496
2015-06-19,225556.24161272435
2015-06-22,224416.44826959138
2015-06-23,225461.98166328587
2015-06-24,225911.16156442574
2015-06-25,225462.308445462
2015-06-26,224834.33868620792
2015-06-29,223901.35010804783
2015-06-30,220194.57476945478
2015-07-01,220789.08428832324
2015-07-02,221176.89085633715
2015-07-06,221783.01907640492
2015-07-07,220498.63901428325
2015-07-08,222099.25836030146
2015-07-09,218893.93543719596
2015-07-10,219886.29680215838
2015-07-13,220947.72915651262
2015-07-14,222255.63454831336
2015-07-15,222474.06893508538
2015-07-16,222143.6696243943
2015-07-17,222963.11624232805
2015-07-20,221928.38694208037
2015-07-21,221753.83624040283
2015-07-22,221473.45165573285
2015-07-23,219304.4773929258
2015-07-24,217595.68922621445
2015-07-27,216191.5234389037
2015-07-28,214373.0254031051
2015-07-29,216888.78028359596
2015-07-30,218098.0516983409
2015-07-31,218851.69955818634
2015-08-03,218718.88294937077
2015-08-04,217945.90615211969
2015-08-05,217699.34267821783
2015-08-06,218996.07870341514
2015-08-07,216848.66568848988
2015-08-10,216372.6868069389
2015-08-11,218114.7025274642
2015-08-12,216537.5651894871
2015-08-13,216413.2289075251
2015-08-14,217603.4803145445
2015-08-17,218625.93689949356
2015-08-18,219856.13522434697
2015-08-19,219353.05593138136
2015-08-20,218521.78197984205
2015-08-21,217615.58378100363
2015-08-24,209458.2975975239
2015-08-25,207585.8551536096
2015-08-26,206294.32696606586
2015-08-27,207669.31021392203
2015-08-28,209300.37514026664
2015-08-31,209489.02700179422
2015-09-01,209234.415238926
2015-09-02,207728.19836778578
2015-09-03,208560.35646158972
2015-09-04,208928.5591933119
2015-09-08,207896.49846974557
2015-09-09,209123.11059635883
2015-09-10,208363.8812563167
2015-09-11,208859.11443287463
2015-09-14,209021.10827113118
2015-09-15,208694.1755276451
2015-09-16,209240.15947776876
2015-09-17,210024.03740446534
2015-09-18,210466.36668842772
2015-09-21,209936.37502584717
2015-09-22,210104.82766474184
2015-09-23,209518.39127144683
2015-09-24,209666.28719090568
2015-09-25,209178.57518575466
2015-09-28,209102.4706413442
2015-09-29,207547.3239835397
2015-09-30,205383.92092352506
2015-10-01,218089.55102498995
2015-10-02,218888.34638556917
2015-10-05,222830.65400939967
2015-10-06,225850.0671121781
2015-10-07,227038.71365662682
2015-10-08,229324.46217164848
2015-10-09,230699.3615536824
2015-10-12,230536.4500689615
2015-10-13,230476.14944939697
2015-10-14,228311.08612360887
2015-10-15,228140.5681557498
2015-10-16,228873.8794777939
2015-10-19,229777.02627612776
2015-10-20,231783.07370217418
2015-10-21,230501.843390926
2015-10-22,229944.52491363214
2015-10-23,232303.9461442187
2015-10-26,233721.22468761614
2015-10-27,231178.99753991436
2015-10-28,233859.54066820693
2015-10-29,234408.22696644333
2015-10-30,233570.38422552368
2015-11-02,233102.8722360704
2015-11-03,234167.92202423443
2015-11-04,234008.59295047424
2015-11-05,233941.55464489324
2015-11-06,234293.36115316086
2015-11-09,232275.39210985435
2015-11-10,230947.23729822497
2015-11-11,231571.04791193086
2015-11-12,229871.7397014857
2015-11-13,228454.36858488
2015-11-16,226369.82817888583
2015-11-17,227673.50969078083
2015-11-18,227321.56340600224
2015-11-19,229224.20156470677
2015-11-20,230430.6504689819
2015-11-23,229779.95435631613
2015-11-24,229559.19498933072
2015-11-25,230521.5792907849
2015-11-27,231475.76036385377
2015-11-30,232782.13729841638
2015-12-01,231293.87230657684
2015-12-02,232811.70823715604
2015-12-03,230802.40273102606
2015-12-04,226588.70355596975
2015-12-07,226542.32157860906
2015-12-08,225411.24185818774
2015-12-09,224601.2343964777
2015-12-10,223107.29546466944
2015-12-11,223752.52862153627
2015-12-14,219069.53643434023
2015-12-15,220299.05990388934
2015-12-16,222682.78762973257
2015-12-17,225102.86461480922
2015-12-18,224006.61791435033
2015-12-21,219923.82327050084
2015-12-22,221343.0695429077
2015-12-23,223221.92511166888
2015-12-24,225335.03451496855
2015-12-28,224872.12236373627
2015-12-29,224797.72532334845
2015-12-30,225716.00483228732
2015-12-31,223737.95239729827
2016-01-04,220180.0482574872
2016-01-05,218534.75871202064
2016-01-06,219261.27636398503
2016-01-07,217050.93098191955
2016-01-08,212516.96586123403
2016-01-11,210910.00465938915
2016-01-12,209808.21250008704
2016-01-13,208984.275603329
2016-01-14,205107.5950874212
2016-01-15,207434.44144501013
2016-01-19,202772.50171175925
2016-01-20,204879.26076838665
2016-01-21,201880.34145989513
2016-01-22,203430.34861712862
2016-01-25,205415.96596611585
2016-01-26,204925.26953447188
2016-01-27,206842.84429136862
2016-01-28,205353.84241224342
2016-01-29,206857.354702175
2016-02-01,209040.1652311599
2016-02-02,208521.55881478506
2016-02-03,206207.55016143428
2016-02-04,206432.84161724223
2016-02-05,206330.6531392253
2016-02-08,204756.30851505825
2016-02-09,201184.69058151916
2016-02-10,201511.08692373201
2016-02-11,199780.24198614777
2016-02-12,198158.2619945902
2016-02-16,201644.09490673107
2016-02-17,204355.9428497052
2016-02-18,206347.33077540432
2016-02-19,206969.6295150607
2016-02-22,206232.20468041528
2016-02-23,207493.13660553272
2016-02-24,206865.3195922629
2016-02-25,207792.2925425668
2016-02-26,210483.55290866076
2016-02-29,211326.54364298334
2016-03-01,209103.51719072476
2016-03-02,213567.65332825808
2016-03-03,214927.0586974719
2016-03-04,216048.2223380614
2016-03-07,218316.88448398293
2016-03-08,217055.83184042815
2016-03-09,215835.36865381533
2016-03-10,215237.4895707183
2016-03-11,216035.80784645845
2016-03-14,218165.57020725275
2016-03-15,216752.1303366079
2016-03-16,216827.97339900254
2016-03-17,221271.90796774972
2016-03-18,223378.72550353638
2016-03-21,223160.58383475288
2016-03-22,223148.0652186347
2016-03-23,221411.1168744988
2016-03-24,222249.6896560782
2016-03-28,221719.1727299991
2016-03-29,223988.24353812146
2016-03-30,225214.91072073186
2016-03-31,225672.66555091634
2016-04-01,224746.9826112491
2016-04-04,225086.76818904935
2016-04-05,224802.71120596482
2016-04-06,221898.94933811334
2016-04-07,223571.28209459054
2016-04-08,222481.3607827055
2016-04-11,222948.04331409614
2016-04-12,222058.7353931238
2016-04-13,225237.9912063646
2016-04-14,226413.0341313589
2016-04-15,226858.9344163631
2016-04-18,226838.85130700498
2016-04-19,229004.85346560995
2016-04-20,229463.79651454996
2016-04-21,229080.94205582293
2016-04-22,229929.4552031321
2016-04-25,229026.28618126558
2016-04-26,230169.34314562503
2016-04-27,230384.2527892979
2016-04-28,230648.89530622165
2016-04-29,228006.46241997925
2016-05-02,227878.01972082394
2016-05-03,229463.3484039038
2016-05-04,228542.70558017681
2016-05-05,227199.06639480524
2016-05-06,226585.03422042515
2016-05-09,226746.40016628502
2016-05-10,226693.26227796148
2016-05-11,227407.82900672292
2016-05-12,225067.5143144707
2016-05-13,225816.1705686411
2016-05-16,224528.73227560302
2016-05-17,223512.3340010081
2016-05-18,222560.14630611677
2016-05-19,221432.1400448177
2016-05-20,221858.4425866747
2016-05-23,222873.28512712274
2016-05-24,223912.89134365512
2016-05-25,225041.8604767966
2016-05-26,225839.94159284944
2016-05-27,226646.37181361075
2016-05-31,227246.41217675348
2016-06-01,227748.69618009275
2016-06-02,228077.4657566969
2016-06-03,228196.36616179164
2016-06-06,228592.02911493237
2016-06-07,229737.9343100682
2016-06-08,231165.35282737558
2016-06-09,230653.0383596208
2016-06-10,229850.76478076543
2016-06-13,227127.2371429686
2016-06-14,226153.1301425883
2016-06-15,225393.48637679897
2016-06-16,224160.3689601549
2016-06-17,224519.73077152873
2016-06-20,224924.68525606996
2016-06-21,225287.7010633629
2016-06-22,225235.60869833716
2016-06-23,226086.91601524682
2016-06-24,227460.24718670244
2016-06-27,218663.0388046418
2016-06-28,214486.7164212964
2016-06-29,217247.38321042756
2016-06-30,221075.8962602462
2016-07-01,223326.1172417237
2016-07-05,222757.34724617933
2016-07-06,221294.09931986567
2016-07-07,222546.2332156385
2016-07-08,223923.4370193743
2016-07-11,228219.40708433962
2016-07-12,229770.71350820278
2016-07-13,231165.76401797036
2016-07-14,230336.831558467
2016-07-15,231946.34396412474
2016-07-18,230847.3524128395
2016-07-19,231325.4757758345
2016-07-20,231223.56335257035
2016-07-21,230530.31198509687
2016-07-22,230963.6605172225
2016-07-25,231524.59433965982
2016-07-26,231870.12363543277
2016-07-27,232064.32883160652
2016-07-28,231489.90806555195
2016-07-29,231656.7345406967
2016-08-01,231902.2083772767
2016-08-02,231411.96128180638
2016-08-03,230106.69173837107
2016-08-04,230036.60266486602
2016-08-05,231259.39206521597
2016-08-08,232142.38328997022
2016-08-09,232029.9232196573
2016-08-10,231937.03522282728
2016-08-11,231081.38727710122
2016-08-12,232426.29724961374
2016-08-15,232978.3476277163
2016-08-16,233702.258523208
2016-08-17,231667.43419845117
2016-08-18,232772.00302565476
2016-08-19,233207.1440837094
2016-08-22,233054.35956444065
2016-08-23,233852.2450874778
2016-08-24,234418.6382560916
2016-08-25,234065.77790814597
2016-08-26,233617.85784463736
2016-08-29,232944.60769799398
2016-08-30,235077.6685941787
2016-08-31,235735.18558347385
2016-09-01,235080.72925426025
2016-09-02,235660.98115858552
2016-09-06,235542.2702241661
2016-09-07,238001.8534362227
2016-09-08,237554.79711593932
2016-09-09,237090.3283966593
2016-09-12,230343.15779496322
2016-09-13,232901.7754010903
2016-09-14,229442.12235171522
2016-09-15,228786.97449191817
2016-09-16,231422.3221959078
2016-09-19,231305.63981326492
2016-09-20,230285.95991845685
2016-09-21,229165.5128274639
2016-09-22,233671.83480201953
2016-09-23,234654.0559161868
2016-09-26,234162.33208036007
2016-09-27,231481.305445502
2016-09-28,233000.33669191052
2016-09-29,233125.05588215255
2016-09-30,231294.6358939691
2016-10-03,231729.73679210377
2016-10-04,231810.92267589192
2016-10-05,230808.3568532678
2016-10-06,231549.20416585135
2016-10-07,231861.8005332475
2016-10-10,231072.00014693226
2016-10-11,232553.74800551767
2016-10-12,230651.07658550295
2016-10-13,229935.77263283712
2016-10-14,229878.5142692568
2016-10-17,230776.1282377768
2016-10-18,229240.9894101333
2016-10-19,230401.03590231884
2016-10-20,230463.13258177732
2016-10-21,230746.53893106815
2016-10-24,231131.635066678
2016-10-25,231709.98861290992
2016-10-26,230969.78735889288
2016-10-27,230009.07001438588
2016-10-28,229407.47845700564
2016-10-31,230065.71276385197
2016-11-01,228129.5399958904
2016-11-02,226635.00980627866
2016-11-03,227609.1022499216
2016-11-04,228066.4360657895
2016-11-07,226250.9197626877
2016-11-08,230082.6069242661
2016-11-09,234585.12239373135
2016-11-10,239499.21665954858
2016-11-11,246740.51464882412
2016-11-14,246510.34188659888
2016-11-15,245475.69569096342
2016-11-16,248814.6368874833
2016-11-17,248487.62707683214
2016-11-18,252330.22413728022
2016-11-21,250912.53243325235
2016-11-22,254874.06907606404
2016-11-23,254939.86373700725
2016-11-25,255299.63808235456
2016-11-28,255592.6389646801
2016-11-29,253919.26248735792
2016-11-30,254284.89072252295
2016-12-01,254674.95734103842
2016-12-02,253321.15837833265
2016-12-05,256370.6993271325
2016-12-06,259122.51461679023
2016-12-07,259737.59142670748
2016-12-08,266187.8726207253
2016-12-09,266290.0089437497
2016-12-12,266319.9247083694
2016-12-13,262800.45490437065
2016-12-14,263899.0873761652
2016-12-15,262806.9460033083
2016-12-16,264960.87853863323
2016-12-19,265667.8580319494
2016-12-20,266655.7444343378
2016-12-21,267677.3527156818
2016-12-22,266731.03399549914
2016-12-23,267052.69968749885
2016-12-27,267490.1813472494
2016-12-28,268065.6396464113
2016-12-29,266813.3453972413
2016-12-30,266069.2995260163
2017-01-03,264590.60814607865
2017-01-04,267680.886488119
2017-01-05,266819.7472634801
2017-01-06,264976.88596563734
2017-01-09,264584.2239658954
2017-01-10,266595.74013839295
2017-01-11,266951.88594692486
2017-01-12,265718.2884677656
2017-01-13,266239.86498110025
2017-01-17,263890.4793804023
2017-01-18,263509.1424312866
2017-01-19,262670.28278469504
2017-01-20,261441.84939049947
2017-01-23,262649.54905099614
2017-01-24,263425.43626516534
2017-01-25,265335.02812932397
2017-01-26,266883.36010838
2017-01-27,266913.50326398073
2017-01-30,264744.8347269054
2017-01-31,263259.1862746833
2017-02-01,263257.58969314856
2017-02-02,262748.4668625258
2017-02-03,265016.7312162293
2017-02-06,266110.68664505694
2017-02-07,265656.1011014602
2017-02-08,263165.0037791473
2017-02-09,264074.3297060128
2017-02-10,266398.13128090027
2017-02-13,267610.144190005
2017-02-14,267742.6531282618
2017-02-15,268381.2869708867
2017-02-16,269699.51574450854
2017-02-17,268835.780590854
2017-02-21,269385.4698487682
2017-02-22,271039.2123954917
2017-02-23,271123.175566482
2017-02-24,270275.3551768534
2017-02-27,270509.78046659107
2017-02-28,269118.9320849899
2017-03-01,267930.2689353357
2017-03-02,271290.9531233807
2017-03-03,270170.15266060183
2017-03-06,270001.2320415537
2017-03-07,268622.25777042564
2017-03-08,266728.75510217436
2017-03-09,264761.5927949012
2017-03-10,265369.4859325021
2017-03-13,266914.161376145
2017-03-14,267150.08444143255
2017-03-15,265909.2643214201
2017-03-16,270163.8500876578
2017-03-17,271994.48144177644
2017-03-20,270179.7433104865
2017-03-21,268388.65983887366
2017-03-22,263118.41465445893
2017-03-23,265734.40496051626
2017-03-24,265753.7283072282
2017-03-27,266221.6522147569
2017-03-28,264937.4423405087
2017-03-29,268278.4535738528
2017-03-30,269700.2992351723
2017-03-31,270863.7031511997
2017-04-03,268400.6279136444
2017-04-04,267169.0295678792
2017-04-05,265875.4000854155
2017-04-06,266138.408630012
2017-04-07,267247.3609398644
2017-04-10,267504.6975990223
2017-04-11,268790.76864429
2017-04-12,267445.65820871945
2017-04-13,266227.1877182233
2017-04-17,264548.29508268944
2017-04-18,267919.4136596771
2017-04-19,268438.90503918997
2017-04-20,268211.6472436423
2017-04-21,271591.84951710457
2017-04-24,270333.87516179035
2017-04-25,273690.6294969682
2017-04-26,277622.6448954847
2017-04-27,277034.0383490257
2017-04-28,275547.2759667795
2017-05-01,275683.3510889396
2017-05-02,275730.44017585856
2017-05-03,273824.2145168947
2017-05-04,272409.3505923503
2017-05-05,272770.40946847555
2017-05-08,273129.07964744855
2017-05-09,273116.0857126126
2017-05-10,272949.41235993063
2017-05-11,272274.2490021145
2017-05-12,270400.10969047743
2017-05-15,270242.27402264514
2017-05-16,271548.6959564164
2017-05-17,271937.699395162
2017-05-18,265954.6338155192
2017-05-19,265607.3586487981
2017-05-22,267364.6977184582
2017-05-23,268711.9990598746
2017-05-24,269976.0597281319
2017-05-25,269527.1182323965
2017-05-26,270768.62299054244
2017-05-30,269406.2502488803
2017-05-31,269661.29192399856
2017-06-01,270430.7040336984
2017-06-02,273265.11926965683
2017-06-05,272648.10600541066
2017-06-06,272870.10056091327
2017-06-07,271750.64184305136
2017-06-08,274511.6622293309
2017-06-09,276789.12088640186
2017-06-12,276330.2554255282
2017-06-13,275843.45947960234
2017-06-14,277207.64434579376
2017-06-15,276502.6688957473
2017-06-16,276107.27670842287
2017-06-19,273970.69815561327
2017-06-20,276412.94591187994
2017-06-21,273008.6859797698
2017-06-22,273470.1849353187
2017-06-23,274578.01008360734
2017-06-26,275266.0724430177
2017-06-27,276275.49581127
2017-06-28,274038.5836742397
2017-06-29,277733.8599025259
2017-06-30,273487.7915406081
2017-07-03,274715.6947016017
2017-07-05,274257.7395200669
2017-07-06,275859.0439024681
2017-07-07,274203.64523180155
2017-07-10,274617.2273958869
2017-07-11,274940.3800144492
2017-07-12,274412.7099174769
2017-07-13,275637.36304702924
2017-07-14,275173.8841187736
2017-07-17,276989.23368469207
2017-07-18,276406.2054574976
2017-07-19,276608.5869463146
2017-07-20,277729.47602505976
2017-07-21,277482.8063052069
2017-07-24,277126.4571792261
2017-07-25,277399.1990946426
2017-07-26,278081.4001463493
2017-07-27,277038.33388775244
2017-07-28,277152.9863317323
2017-07-31,277787.56224417296
2017-08-01,277802.3559182863
2017-08-02,276138.0423739047
2017-08-03,275186.3767165597
2017-08-04,274999.7768649285
2017-08-07,275571.3812797505
2017-08-08,277063.58017310296
2017-08-09,275421.1748408428
2017-08-10,276162.47347706725
2017-08-11,272257.62468999496
2017-08-14,274034.94370272703
2017-08-15,275263.76873377315
2017-08-16,275032.3791661544
2017-08-17,275868.3612990272
2017-08-18,272970.92895431403
2017-08-21,272631.26871942455
2017-08-22,271097.90965005726
2017-08-23,273650.92948451755
2017-08-24,273866.8237498558
2017-08-25,273455.1498305025
2017-08-28,273396.83867789415
2017-08-29,272813.58245693403
2017-08-30,272741.1302720429
2017-08-31,274585.4495154599
2017-09-01,276282.4074145957
2017-09-05,275386.81406252354
2017-09-06,273262.91123505356
2017-09-07,272919.5229899338
2017-09-08,273508.54287303076
2017-09-11,273667.33098420035
2017-09-12,276057.65699473873
2017-09-13,276584.2743512765
2017-09-14,276308.09175204363
2017-09-15,276423.4676992236
2017-09-18,277077.4075379147
2017-09-19,277798.0851967465
2017-09-20,278702.9320073095
2017-09-21,279799.41979441815
2017-09-22,280834.72484432434
2017-09-25,281154.2825478111
2017-09-26,282997.356127581
2017-09-27,285879.00928308064
2017-09-28,287278.5750424911
2017-09-29,285562.66232442315
2017-10-02,288585.08335085446
2017-10-03,289566.4930018528
2017-10-04,289252.2681114583
2017-10-05,289080.5842057314
2017-10-06,290790.9406584533
2017-10-09,290347.08762475965
2017-10-10,290612.96719124046
2017-10-11,290581.2651840894
2017-10-12,291410.04997965426
2017-10-13,290622.1732792762
2017-10-16,290485.4959975838
2017-10-17,291320.048021627
2017-10-18,292442.0602616808
2017-10-19,292400.6735090844
2017-10-20,292274.073594987
2017-10-23,293340.0118035112
2017-10-24,292032.4018704793
2017-10-25,292163.2643813014
2017-10-26,290872.01257594844
2017-10-27,290442.0108449136
2017-10-30,289669.369732138
2017-10-31,291106.31432945834
2017-11-01,289594.5915149167
2017-11-02,290188.9498264003
2017-11-03,288225.9815540149
2017-11-06,287761.2201152071
2017-11-07,285245.59417751746
2017-11-08,285116.53262385994
2017-11-09,285999.7683167938
2017-11-10,284791.7909201482
2017-11-13,284479.60009285726
2017-11-14,285401.66762494994
2017-11-15,285676.48870556866
2017-11-16,285335.6883355912
2017-11-17,288850.1160771888
2017-11-20,289377.8930900233
2017-11-21,289827.90853172424
2017-11-22,291589.4206518226
2017-11-24,291380.6657702166
2017-11-27,292391.7575156087
2017-11-28,292463.06033964007
2017-11-29,296790.2785507799
2017-11-30,294480.0262872567
2017-12-01,295880.8839294287
2017-12-04,295811.25110965385
2017-12-05,294743.6177479826
2017-12-06,292596.5209084456
2017-12-07,292045.7882968044
2017-12-08,290446.09198233456
2017-12-11,290558.4906342109
2017-12-12,291365.3910916365
2017-12-13,293323.3420644847
2017-12-14,292092.80436446215
2017-12-15,292920.97504595766
2017-12-18,295196.38978149905
2017-12-19,295774.0912727432
2017-12-20,295842.12178552354
2017-12-21,295870.1692816895
2017-12-22,295537.4523010679
2017-12-26,295577.78841682913
2017-12-27,295251.11321969796
2017-12-28,296203.7251027534
2017-12-29,295192.4930429697
2018-01-02,293663.5648870927
2018-01-03,293538.7618628993
2018-01-04,294064.8430509558
2018-01-05,293726.2744405216
2018-01-08,295297.5546425746
2018-01-09,294260.89390354196
2018-01-10,295157.94129182
2018-01-11,295883.5928928409
2018-01-12,296857.95420930884
2018-01-16,297530.7114975649
2018-01-17,296460.04802081396
2018-01-18,297133.76476510137
2018-01-19,297856.0673488109
2018-01-22,296907.9282492721
2018-01-23,299109.1809911869
2018-01-24,298770.67583321966
2018-01-25,299499.58265187184
2018-01-26,296588.3068861625
2018-01-29,298699.2814112226
2018-01-30,297980.3182897363
2018-01-31,294678.9670082336
2018-02-01,294948.9172446845
2018-02-02,295791.56099572784
2018-02-05,291432.8799723998
2018-02-06,279553.04597162886
2018-02-07,284129.7720823738
2018-02-08,284841.83577862766
2018-02-09,277911.20930271375
2018-02-12,278343.70123030193
2018-02-13,280606.5684731462
2018-02-14,280593.79789385415
2018-02-15,282246.2955070682
2018-02-16,285419.1950188718
2018-02-20,284915.8125525516
2018-02-21,285097.5742367506
2018-02-22,283140.98639399384
2018-02-23,282473.5900068718
2018-02-26,284243.87667651405
2018-02-27,284602.5146344133
2018-02-28,281953.03887702676
2018-03-01,283796.7640014896
2018-03-02,283400.29182048055
2018-03-05,282468.6741895588
2018-03-06,286515.07876498735
2018-03-07,288874.07912709087
2018-03-08,288252.87923817406
2018-03-09,289393.85138906393
2018-03-12,293967.938997273
2018-03-13,294147.91957004706
2018-03-14,293524.46445762826
2018-03-15,292794.47723274236
2018-03-16,294056.7238194828
2018-03-19,295015.417158435
2018-03-20,291179.76866624586
2018-03-21,292568.0060387211
2018-03-22,291887.25009805796
2018-03-23,286429.32213925367
2018-03-26,283611.7538151415
2018-03-27,288429.66070555925
2018-03-28,287489.49453498266
2018-03-29,286326.5371085725
2018-04-02,287889.30297436274
2018-04-03,285513.9727025853
2018-04-04,287321.2995480257
2018-04-05,289928.0293382912
2018-04-06,290989.1964364851
2018-04-09,287148.15537091857
2018-04-10,288104.6911609817
2018-04-11,290982.3373963034
2018-04-12,288822.0796398349
2018-04-13,289332.42383156164
2018-04-16,290592.6405740901
2018-04-17,291402.1351022309
2018-04-18,293280.31661694404
2018-04-19,293370.6628850943
2018-04-20,293723.41139459476
2018-04-23,291945.4237418349
2018-04-24,293664.01847111917
2018-04-25,290617.2258783931
2018-04-26,289868.7538701172
2018-04-27,290670.2408868529
2018-04-30,289945.831562857
2018-05-01,289305.4198025824
2018-05-02,289532.33388083224
2018-05-03,288332.76131721935
2018-05-04,288934.15094024205
2018-05-07,291342.5685955606
2018-05-08,292989.60044174397
2018-05-09,292756.2219883795
2018-05-10,293623.21757007646
2018-05-11,294814.2254187857
2018-05-14,293788.988277582
2018-05-15,294965.99274523754
2018-05-16,295427.9409226973
2018-05-17,297342.42819249927
2018-05-18,298096.9503708445
2018-05-21,298912.4431934162
2018-05-22,300312.14095780224
2018-05-23,300496.5933007583
2018-05-24,300762.26570912625
2018-05-25,300861.93544843746
2018-05-29,302063.30597278214
2018-05-30,301463.5664938032
2018-05-31,302749.1078336412
2018-06-01,301834.0342425639
2018-06-04,304813.5997471547
2018-06-05,306320.6256097783
2018-06-06,306595.1929231436
2018-06-07,308714.5568263718
2018-06-08,307903.2493645442
2018-06-11,308546.736076428
2018-06-12,308270.77575591917
2018-06-13,308109.7186521392
2018-06-14,308642.1062227847
2018-06-15,309576.3073760298
2018-06-18,311115.79625943134
2018-06-19,312055.20463846705
2018-06-20,312317.8741645791
2018-06-21,312757.92992288835
2018-06-22,312544.9965634926
2018-06-25,312412.48887757235
2018-06-26,310430.6203977914
2018-06-27,308711.1847268373
2018-06-28,306974.48143650143
2018-06-29,306255.1580274116
2018-07-02,309015.4918468716
2018-07-03,310853.5236562291
2018-07-05,310955.13700340805
2018-07-06,311751.9543323213
2018-07-09,313210.74062604207
2018-07-10,312100.3738319549
2018-07-11,312757.1131336377
2018-07-12,309553.5777144652
2018-07-13,310397.034594777
2018-07-16,310171.7642397015
2018-07-17,308815.9643672047
2018-07-18,309824.2441841381
2018-07-19,311524.97210900544
2018-07-20,311125.9739791486
2018-07-23,311749.91454562487
2018-07-24,310387.87090261956
2018-07-25,309132.09965986863
2018-07-26,311855.26478289394
2018-07-27,308955.2463220513
2018-07-30,306807.14144786063
2018-07-31,306128.2765240399
2018-08-01,307247.22999738896
2018-08-02,306815.26875463885
2018-08-03,305919.33121849963
2018-08-06,306216.01859369915
2018-08-07,305858.13088505395
2018-08-08,306946.6380034912
2018-08-09,306938.1301554133
2018-08-10,307400.3582054667
2018-08-13,306669.22394124075
2018-08-14,306881.175074417
2018-08-15,307302.36832202843
2018-08-16,307166.8994500616
2018-08-17,308168.94833582884
2018-08-20,308566.0644795863
2018-08-21,310651.24443247216
2018-08-22,311159.6070478772
2018-08-23,310703.2446121359
2018-08-24,309779.49231173354
2018-08-27,308806.2067736118
2018-08-28,309128.1567751443
2018-08-29,308494.5949774565
2018-08-30,309898.66125584417
2018-08-31,309759.91382756294
2018-09-04,309347.4674228003
2018-09-05,310031.368164961
2018-09-06,309249.1135635507
2018-09-07,309379.27681713
2018-09-10,309179.7370373139
2018-09-11,308550.20976870216
2018-09-12,307857.40054531663
2018-09-13,307073.55864937947
2018-09-14,309703.0425531719
2018-09-17,309664.1563449774
2018-09-18,308089.5654985523
2018-09-19,308294.37983922474
2018-09-20,309182.5777294147
2018-09-21,310438.91663402645
2018-09-24,308253.1908657179
2018-09-25,306885.44902273995
2018-09-26,304383.6390187658
2018-09-27,303337.6040698442
2018-09-28,303431.397795807
2018-10-01,300779.1171897153
2018-10-02,299197.96177769074
2018-10-03,300838.3254355923
2018-10-04,299885.85411397513
2018-10-05,298853.67516953684
2018-10-08,299695.1422566038
2018-10-09,299389.6726158757
2018-10-10,299207.6179521831
2018-10-11,293313.00263218244
2018-10-12,287016.3297785997
2018-10-15,291225.57102228276
2018-10-16,291349.265932492
2018-10-17,292904.46214499936
2018-10-18,292030.5146219756
2018-10-19,288836.9303218815
2018-10-22,291592.09656038164
2018-10-23,290587.70348641824
2018-10-24,288243.56210486847
2018-10-25,285520.62669230305
2018-10-26,287653.41994708026
2018-10-29,286744.88796377316
2018-10-30,285031.520128038
2018-10-31,285990.5957891046
2018-11-01,287515.1129979294
2018-11-02,289530.8312500941
2018-11-05,288695.4678571613
2018-11-06,290314.96422283904
2018-11-07,291052.62138452183
2018-11-08,296164.3962715347
2018-11-09,295823.3178081118
2018-11-12,295169.0660415609
2018-11-13,292314.99197697436
2018-11-14,291843.70471524284
2018-11-15,290567.0088935719
2018-11-16,292278.1295402091
2018-11-19,293754.9381920199
2018-11-20,289978.9128161634
2018-11-21,288683.61078150227
2018-11-23,290366.93565972266
2018-11-26,287679.8879796369
2018-11-27,288192.1683342895
2018-11-28,288928.8223840177
2018-11-29,291720.16806637734
2018-11-30,291771.98938780476
2018-12-03,291752.52120853827
2018-12-04,289743.4715832507
2018-12-06,284648.7730886841
2018-12-07,286647.7660410481
2018-12-10,281817.9055862543
2018-12-11,281469.52762563835
2018-12-12,281555.9717149792
2018-12-13,280278.16035576764
2018-12-14,279577.2255750612
2018-12-17,275216.7711445561
2018-12-18,271959.47261134593
2018-12-19,270452.55598238826
2018-12-20,267095.4476116833
2018-12-21,266454.6538600293
2018-12-24,255610.19841063712
2018-12-26,254067.5443303698
2018-12-27,255818.68294568462
2018-12-28,257277.54245900395
2018-12-31,254673.2505802327
2019-01-02,258971.2214019829
2019-01-03,261815.920451725
2019-01-04,261428.92495890817
2019-01-07,267292.7114967733
2019-01-08,270496.7453619291
2019-01-09,272487.2250066982
2019-01-10,272687.1788812207
2019-01-11,273630.5466873643
2019-01-14,272839.79066918354
2019-01-15,270865.825754181
2019-01-16,273902.6175914058
2019-01-17,274306.09180763364
2019-01-18,274910.4925414987
2019-01-22,276442.6524501017
2019-01-23,274521.8683880832
2019-01-24,275498.28523531515
2019-01-25,276605.1229342634
2019-01-28,278244.0561087648
2019-01-29,277455.7553633436
2019-01-30,277168.99030034326
2019-01-31,278063.28277810034
2019-02-01,280407.80152656895
2019-02-04,281196.2963304735
2019-02-05,283441.83972049033
2019-02-06,285980.37085259816
2019-02-07,286379.899212319
2019-02-08,285375.36930645426
2019-02-11,287628.83573596686
2019-02-12,287832.9266627792
2019-02-13,290465.3603159467
2019-02-14,291781.6318356645
2019-02-15,292561.7572778231
2019-02-19,295746.7816173552
2019-02-20,296664.4596855989
2019-02-21,297306.56920100184
2019-02-22,298668.1116231017
2019-02-25,299532.5224599349
2019-02-26,299431.5083878575
2019-02-27,298386.3016819676
2019-02-28,297536.73183923005
2019-03-01,297206.4618914832
2019-03-04,297605.2496414369
2019-03-05,296237.8225133961
2019-03-06,293693.75930548133
2019-03-07,293009.4468353402
2019-03-08,292104.5657713291
2019-03-11,292279.1253174828
2019-03-12,293846.82833175577
2019-03-13,294350.96315814165
2019-03-14,294993.9309040755
2019-03-15,294067.4350120764
2019-03-18,295696.7961403208
2019-03-19,294950.3444165123
2019-03-20,294448.46739865094
2019-03-21,292789.2798121623
2019-03-22,291566.4187715478
2019-03-25,290130.53281686374
2019-03-26,291863.496557469
2019-03-27,294451.884322669
2019-03-28,294427.4780259306
2019-03-29,292552.96055402973
2019-04-01,294411.18543701037
2019-04-02,296163.8198341949
2019-04-03,295704.7012296132
2019-04-04,297286.12453827716
2019-04-05,298951.98682033026
2019-04-08,298599.7076070931
2019-04-09,296689.9136576116
2019-04-10,298164.4423884891
2019-04-11,298837.01198337774
2019-04-12,297802.0692427307
2019-04-15,298225.44185647566
2019-04-16,299117.3892637149
2019-04-17,299297.5562082664
2019-04-18,298282.6639104928
2019-04-22,297266.280679716
2019-04-23,299357.3391980002
2019-04-24,303004.9574581055
2019-04-25,299979.3985631342
2019-04-26,300881.83712484204
2019-04-29,302548.2125977333
2019-04-30,302947.5021788559
2019-05-01,303116.79101787135
2019-05-02,302462.2528883012
2019-05-03,304246.9893216084
2019-05-06,306214.98343977024
2019-05-07,305565.76777703175
2019-05-08,301183.8622193432
2019-05-09,300950.61240076093
2019-05-10,300784.3854508973
2019-05-13,301283.14240877796
2019-05-14,296897.0497281964
2019-05-15,298425.4132053002
2019-05-16,298518.95553825464
2019-05-17,299475.11587575014
2019-05-20,299098.0836654565
2019-05-21,298103.45331957814
2019-05-22,299057.634876612
2019-05-23,297125.8364255127
2019-05-24,295432.2463374022
2019-05-28,297077.11709250655
2019-05-29,293644.13671923586
2019-05-30,290766.3931918547
2019-05-31,291424.9926099582
2019-06-03,290671.87836819317
2019-06-04,289804.9931245364
2019-06-05,291561.40326486307
2019-06-06,291543.6715664307
2019-06-07,292774.88027985516
2019-06-10,295335.4642156657
2019-06-11,295994.9396295096
2019-06-12,295881.94212380075
2019-06-13,296979.34971847537
2019-06-14,296793.36787289596
2019-06-17,296989.81170781684
2019-06-18,296857.2108903577
2019-06-19,298509.1954834138
2019-06-20,296918.43117036065
2019-06-21,297745.6506041773
2019-06-24,296224.0219106376
2019-06-25,297698.0620626814
2019-06-26,295387.0271924074
2019-06-27,298470.60622386576
2019-06-28,300107.642209885
2019-07-01,298851.8693310425
2019-07-02,298927.109560159
2019-07-03,298905.03465290694
2019-07-05,302454.763970903
2019-07-08,301937.1598292151
2019-07-09,300378.8569360202
2019-07-10,300443.37256203487
2019-07-11,300680.50486279355
2019-07-12,302138.17163163924
2019-07-15,302178.48252354894
2019-07-16,303192.85815644905
2019-07-17,302547.28868062294
2019-07-18,300499.87476514914
2019-07-19,301201.7940206477
2019-07-22,299071.7838999133
2019-07-23,299355.0935290231
2019-07-24,303110.90376067825
2019-07-25,302588.88901486574
2019-07-26,303466.872084974
2019-07-29,304041.15068029193
2019-07-30,306634.6731802127
2019-07-31,307053.6995404647
2019-08-01,303257.5381705511
2019-08-02,301434.2312408175
2019-08-05,299679.32217336836
2019-08-06,293568.13625434326
2019-08-07,295359.97331922647
2019-08-08,296076.0312267781
2019-08-09,300862.8157458204
2019-08-12,300855.80647354084
2019-08-13,296998.92495911854
2019-08-14,300725.9249930651
2019-08-15,293402.1021897222
2019-08-16,294509.66551237967
2019-08-19,297201.6989706001
2019-08-20,300237.9138671977
2019-08-21,298777.2872489157
2019-08-22,299688.07157214393
2019-08-23,298871.1811825096
2019-08-26,294671.93680084
2019-08-27,295211.87166270876
2019-08-28,295002.71324193117
2019-08-29,296252.0798004348
2019-08-30,298301.81022527243
2019-09-03,297297.6378711061
2019-09-04,295798.44114762096
2019-09-05,298578.1937639841
2019-09-06,300262.6994912903
2019-09-09,304895.1382322367
2019-09-10,308311.78278633807
2019-09-11,310986.85045196937
2019-09-12,312237.8924065336
2019-09-13,314951.1298098546
2019-09-16,315502.1939149562
2019-09-17,314149.03656419425
2019-09-18,313398.1381295567
2019-09-19,313355.2778650393
2019-09-20,314418.635085894
2019-09-23,312930.9205638515
2019-09-24,312394.50284421665
2019-09-25,313084.7387158184
2019-09-26,312729.95202278194
2019-09-27,313126.34944619174
2019-09-30,310366.3440755947
2019-10-01,309674.9596548885
2019-10-02,309205.3943365998
2019-10-03,303944.24363198044
2019-10-04,304782.1226087161
2019-10-07,307589.1222066973
2019-10-08,306641.35225461563
2019-10-09,302952.54738491314
2019-10-10,303921.91699808487
2019-10-11,305110.81033666007
2019-10-14,306777.3225487368
2019-10-15,306669.0953270124
2019-10-16,308601.5715992582
2019-10-17,310261.4196780106
2019-10-18,311784.24937715457
2019-10-21,313047.8736201706
2019-10-22,315771.927929174
2019-10-23,316002.9216606017
2019-10-24,315713.917358687
2019-10-25,315432.0755163146
2019-10-28,315884.2131353718
2019-10-29,318663.3406487888
2019-10-30,317889.66784489114
2019-10-31,318413.9661570989
2019-11-01,317615.5933897321
2019-11-04,320191.34284908965
2019-11-05,321687.6336949401
2019-11-06,322694.69322401896
2019-11-07,321756.7007228954
2019-11-08,320823.03821290727
2019-11-11,321378.10713205155
2019-11-12,320922.5456804052
2019-11-13,320472.1447836928
2019-11-14,321469.09835682967
2019-11-15,320440.9088507539
2019-11-18,321806.1853525763
2019-11-19,322902.4827244806
2019-11-20,322369.0557006843
2019-11-21,321366.34426782577
2019-11-22,320982.3488069118
2019-11-25,330672.7342769045
2019-11-26,331668.8106349409
2019-11-27,332838.4263278862
2019-11-29,334599.8076252064
2019-12-02,332679.6714231377
2019-12-03,330436.02478930436
2019-12-04,328568.10449027736
2019-12-05,329593.8417910287
2019-12-06,331086.8448932324
2019-12-09,333584.09667047986
2019-12-10,333841.12512460974
2019-12-11,332300.543023926
2019-12-12,330841.03242945595
2019-12-13,332631.7956490051
2019-12-16,332233.4100718421
2019-12-17,334245.06746750907
2019-12-18,336168.723767486
2019-12-19,336785.18348777056
2019-12-20,335842.4796102064
2019-12-23,337242.3776736013
2019-12-24,338373.22443337983
2019-12-26,336965.70095894893
2019-12-27,336900.37521204265
2019-12-30,338005.94767252496
2019-12-31,336244.05483942386
2020-01-02,334260.40812637773
2020-01-03,337871.88660316425
2020-01-06,334753.54530275916
2020-01-07,334406.73801781255
2020-01-08,333269.634627558
2020-01-09,332838.0925921884
2020-01-10,334321.0009894368
2020-01-13,333431.84467185626
2020-01-14,335269.74305089196
2020-01-15,335703.06065836473
2020-01-16,337220.1294213453
2020-01-17,338068.6707174222
2020-01-21,337823.1582323067
2020-01-22,337842.88539972325
2020-01-23,338313.3788572695
2020-01-24,337975.2635878853
2020-01-27,337630.7249708961
2020-01-28,332900.65486587136
2020-01-29,334147.8196807768
2020-01-30,333333.96536200936
2020-01-31,334684.9733572185
2020-02-03,331022.5265286312
2020-02-04,330316.00926089496
2020-02-05,335041.4332663699
2020-02-06,335218.6923981573
2020-02-07,334797.5856949451
2020-02-10,332988.48145982396
2020-02-11,336147.0035690472
2020-02-12,335112.3595685971
2020-02-13,338123.3392429065
2020-02-14,337390.05820077274
2020-02-18,337352.98824954324
2020-02-19,335765.1409241375
2020-02-20,337928.3225924777
2020-02-21,338271.10705467366
2020-02-24,337302.5891722889
2020-02-25,326817.86538317933
2020-02-26,319613.45984206576
2020-02-27,313692.1996016228
2020-02-28,307591.2082678874
2020-03-02,306817.346486503
2020-03-03,308187.19852339
2020-03-04,307031.41864411393
2020-03-05,307383.66168781545
2020-03-06,306898.86484499375
2020-03-09,305955.878130343
2020-03-10,304923.78775033745
2020-03-11,304931.9531888064
2020-03-12,304391.7182613794
2020-03-13,303977.92173868616
2020-03-16,303881.6020549819
2020-03-17,303651.83729462157
2020-03-18,303449.6822532058
2020-03-19,303563.47342665325
2020-03-20,303617.57290538866
2020-03-23,303548.3229643081
2020-03-24,303501.88900698046
2020-03-25,303728.99359367345
2020-03-26,303792.90802811086
2020-03-27,303947.76535529515
2020-03-30,303866.91046412237
2020-03-31,305558.89556071424
2020-04-01,299389.75659336126
2020-04-02,284208.6767578896
2020-04-03,284226.20092797384
2020-04-06,278786.4920937807
2020-04-07,299682.58897489845
2020-04-08,300722.7190590621
2020-04-09,320661.8374318747
2020-04-13,319117.0873613503
2020-04-14,309968.21032832365
2020-04-15,311745.56390453404
2020-04-16,299487.57792545075
2020-04-17,303413.7310209017
2020-04-20,312269.4020086683
2020-04-21,310589.30856794486
2020-04-22,299244.45100514777
2020-04-23,309691.8622955313
2020-04-24,308968.1839395239
2020-04-27,320430.37395049154
2020-04-28,333349.0576866727
2020-04-29,339981.1612449541
2020-04-30,339182.3130139841
2020-05-01,334362.7942745787
2020-05-04,322011.0511183769
2020-05-05,317228.93407225376
2020-05-06,317437.00116589875
2020-05-07,317237.065329497
2020-05-08,327395.02096318686
2020-05-11,326570.8077154893
2020-05-12,321340.1301711187
2020-05-13,314370.09052871383
2020-05-14,305223.32435956795
2020-05-15,309609.63469114236
2020-05-18,321012.96063247474
2020-05-19,328121.9132355163
2020-05-20,328381.37452804344
2020-05-21,335998.1141266239
2020-05-22,333392.36644552374
2020-05-26,342264.34121957206
2020-05-27,352944.826376548
2020-05-28,348905.7109907164
2020-05-29,342391.5120353358
2020-06-01,346051.74206355773
2020-06-02,349468.6630123748
2020-06-03,357529.86446688266
2020-06-04,365715.9432697563
2020-06-05,369953.90471523826
2020-06-08,382349.05123715935
2020-06-09,382546.7915152179
2020-06-10,372069.768062253
2020-06-11,363447.43861019885
2020-06-12,346849.86006610515
2020-06-15,352880.5134591992
2020-06-16,358245.0659443662
2020-06-17,360027.0751574306
2020-06-18,358299.34611941915
2020-06-19,357393.3077570371
2020-06-22,353849.1215421751
2020-06-23,353755.4417646661
2020-06-24,353583.7498852103
2020-06-25,345373.76676983986
2020-06-26,347434.1075828274
2020-06-29,344812.84506498574
2020-06-30,349053.41807380726
2020-07-01,347422.2306053266
2020-07-02,348817.63347268803
2020-07-06,347144.22294489684
2020-07-07,348162.21724229713
2020-07-08,341725.095651393
2020-07-09,338824.25385968416
2020-07-10,339161.5019855276
2020-07-13,341821.56574743224
2020-07-14,338743.21851337777
2020-07-15,350720.9745390224
2020-07-16,352283.64662350516
2020-07-17,352188.1459080743
2020-07-20,348974.04414906626
2020-07-21,357554.9233031234
2020-07-22,353953.6135027854
2020-07-23,363661.2916561447
2020-07-24,356384.1476985183
2020-07-27,355726.1847802746
2020-07-28,356548.15234409756
2020-07-29,354238.06815842725
2020-07-30,358489.7352044641
2020-07-31,351781.3852628609
2020-08-03,357866.6948304799
2020-08-04,360226.36415810185
2020-08-05,365150.9159774987
2020-08-06,362304.8373731038
2020-08-07,369762.70133833296
2020-08-10,373147.649808377
2020-08-11,377615.62542772165
2020-08-12,371414.9661628196
2020-08-13,375115.9507745634
2020-08-14,375273.22689256904
2020-08-17,375895.27902494685
2020-08-18,371699.02847625973
2020-08-19,373221.33927549375
2020-08-20,369035.5692071165
2020-08-21,366542.39831279527
2020-08-24,367461.6531144395
2020-08-25,370241.073973538
2020-08-26,366429.7176206727
2020-08-27,373891.48413050565
2020-08-28,374405.1039942288
2020-08-31,374155.24610886193
2020-09-01,369411.66792423005
2020-09-02,369210.69305147964
2020-09-03,378982.6818544946
2020-09-04,369363.9782861487
2020-09-08,371886.5637813845
2020-09-09,357137.4684122375
2020-09-10,365569.6652140832
2020-09-11,359026.32228464214
2020-09-14,360724.29899277596
2020-09-15,364343.3097624215
2020-09-16,370623.81696199253
2020-09-17,370681.9485135553
2020-09-18,372939.65054928185
2020-09-21,360645.57770120737
2020-09-22,352888.5128677767
2020-09-23,356649.76535444026
2020-09-24,347611.4099903015
2020-09-25,350518.1561698749
2020-09-28,356167.88446984265
2020-09-29,364546.6683236962
2020-09-30,355123.6669858087
2020-10-01,360144.55912875687
2020-10-02,365529.51366695075
2020-10-05,359648.4533807139
2020-10-06,369639.1752285463
2020-10-07,362898.3181143911
2020-10-08,369437.9332874593
2020-10-09,372182.9404567761
2020-10-12,372744.83930522145
2020-10-13,378088.8502548772
2020-10-14,376116.40730105765
2020-10-15,377579.11914424517
2020-10-16,375511.0677475726
2020-10-19,381429.4441544855
2020-10-20,376213.2322730407
2020-10-21,378138.3099806157
2020-10-22,379692.3179501564
2020-10-23,382051.24834727333
2020-10-26,384686.35111965373
2020-10-27,376731.1074629481
2020-10-28,379098.6180231754
2020-10-29,368692.0732210088
2020-10-30,373891.5926542248
2020-11-02,371442.92565342574
2020-11-03,374410.7679101802
2020-11-04,372301.6092192747
2020-11-05,378722.10934075055
2020-11-06,380263.3482653013
2020-11-09,385529.02485986805
2020-11-10,395610.982285422
2020-11-11,393069.53756141616
2020-11-12,392435.37773387914
2020-11-13,389645.2359156329
2020-11-16,397276.0086265563
2020-11-17,402054.59697506693
2020-11-18,399672.34103395755
2020-11-19,395026.1587770681
2020-11-20,399081.71674463607
2020-11-23,398338.3640247083
2020-11-24,402792.44546528143
2020-11-25,405918.9811664359
2020-11-27,405473.8753523383
2020-11-30,401732.180835756
2020-12-01,399102.86498186336
2020-12-02,402801.57750442787
2020-12-03,411842.19107489206
2020-12-04,416020.61772853934
2020-12-07,419731.3568786433
2020-12-08,421450.48956242343
2020-12-09,425647.763607055
2020-12-10,423985.51312178094
2020-12-11,424389.835515539
2020-12-14,423286.2292773724
2020-12-15,421877.62461460254
2020-12-16,424908.6833302379
2020-12-17,427044.3306053629
2020-12-18,427526.170908169
2020-12-21,423921.9927267058
2020-12-22,424409.0122912334
2020-12-23,426763.0532867158
2020-12-24,425705.6127452338
2020-12-28,426486.5415369547
2020-12-29,426813.0430119483
2020-12-30,428536.839572772
2020-12-31,426863.0032369805
2021-01-04,430658.3272095139
2021-01-05,430285.966594604
2021-01-06,441302.26702918875
2021-01-07,442612.7648292382
2021-01-08,441105.15383639454
2021-01-11,442570.15451125096
2021-01-12,444352.1478248088
2021-01-13,441079.6473627618
2021-01-14,447264.0083763709
2021-01-15,444829.6022607209
2021-01-19,442891.1029449368
2021-01-20,444028.772505326
2021-01-21,444932.00024074636
2021-01-22,447288.79083884787
2021-01-25,442937.72915151966
2021-01-26,443608.8598658698
2021-01-27,440579.9098170908
2021-01-28,432751.54028579575
2021-01-29,435381.56885803974
2021-02-01,431647.9143891884
2021-02-02,436397.8810434397
2021-02-03,439302.96643249795
2021-02-04,440689.94263548916
2021-02-05,446192.36751495406
2021-02-08,451418.5339670877
2021-02-09,457377.51585950475
2021-02-10,458437.48615917854
2021-02-11,459012.81642525515
2021-02-12,461576.27287671494
2021-02-16,460844.973694621
2021-02-17,461199.4928386716
2021-02-18,460394.47460611176
2021-02-19,464196.0151298224
2021-02-22,466850.7479809904
2021-02-23,462558.0814661424
2021-02-24,464870.88560131314
2021-02-25,469454.9807072292
2021-02-26,460826.20985065855
2021-03-01,460587.5416166209
2021-03-02,468530.6907060977
2021-03-03,471584.9604494123
2021-03-04,464628.1271487344
2021-03-05,459864.9021532352
2021-03-08,472197.25402511447
2021-03-09,470541.90613618144
2021-03-10,477640.9242236098
2021-03-11,478421.046359799
2021-03-12,482776.2872015132
2021-03-15,480445.23292793805
2021-03-16,477751.45515624125
2021-03-17,478589.2310598427
2021-03-18,480667.56054246274
2021-03-19,478903.0884809736
2021-03-22,473669.3407992152
2021-03-23,469119.68932382326
2021-03-24,464731.3518170921
2021-03-25,464663.31975365005
2021-03-26,467686.6977582213
2021-03-29,467397.7119561977
2021-03-30,470569.9200525196
2021-03-31,467301.9675567726
2021-04-01,469907.05465312366
2021-04-05,472027.5503922704
2021-04-06,476951.99961499445
2021-04-07,473452.6922495354
2021-04-08,474455.88743259216
2021-04-09,474469.7773490202
2021-04-12,476218.59115086065
2021-04-13,474355.14481435047
2021-04-14,478097.98734096653
2021-04-15,475275.5177776977
2021-04-16,479652.67553706095
2021-04-19,478674.8421470801
2021-04-20,475170.7934471739
2021-04-21,474031.7850933155
2021-04-22,477987.25434190227
2021-04-23,475809.8417793424
2021-04-26,478707.21191010403
2021-04-27,478567.5595608914
2021-04-28,479723.62770522345
2021-04-29,477412.90501190274
2021-04-30,479164.9959887147
2021-05-03,482342.2942210672
2021-05-04,481947.42949673074
2021-05-05,480643.89706972206
2021-05-06,478534.7485210796
2021-05-07,481581.43035470037
2021-05-10,484637.8561903548
2021-05-11,482240.9875740344
2021-05-12,478265.70607939013
2021-05-13,474700.661841252
2021-05-14,477080.9445703767
2021-05-17,483083.9981074462
2021-05-18,483357.87007914006
2021-05-19,480697.06812490977
2021-05-20,477759.7151229304
2021-05-21,481826.0674928372
2021-05-24,480283.43327093916
2021-05-25,479531.377573777
2021-05-26,480728.36841669935
2021-05-27,481873.33245889045
2021-05-28,481129.4469802288
2021-06-01,485026.0225008257
2021-06-02,482294.0322842634
2021-06-03,483028.13132281305
2021-06-04,481387.05255800503
2021-06-07,485994.8877679087
2021-06-08,482408.68722043064
2021-06-09,482421.4196852839
2021-06-10,478795.28470860067
2021-06-11,484061.5205171879
2021-06-14,483545.48934805027
2021-06-15,478071.22177910485
2021-06-16,480402.49120772985
2021-06-17,475217.7665234541
2021-06-18,474281.1683954851
2021-06-21,471461.82747648
2021-06-22,476297.84266630304
2021-06-23,477929.0475704117
2021-06-24,479554.0499063201
2021-06-25,478618.0816532747
2021-06-28,478655.24660562474
2021-06-29,477566.72232183977
2021-06-30,477521.6929084795
2021-07-01,478314.0907370265
2021-07-02,475557.32233105187
2021-07-06,474587.85357268876
2021-07-07,471429.3774811285
2021-07-08,470660.1526462936
2021-07-09,472564.6357327745
2021-07-12,476996.1558723394
2021-07-13,473803.69998060825
2021-07-14,471061.62650181714
2021-07-15,475483.5907928668
2021-07-16,474877.0075030434
2021-07-19,470074.84877760184
2021-07-20,467397.38458472583
2021-07-21,472626.8853591238
2021-07-22,461356.11243531085
2021-07-23,460519.62699752505
2021-07-26,464605.63800794404
2021-07-27,465718.9006985839
2021-07-28,467179.9783407038
2021-07-29,469310.528862843
2021-07-30,470356.0979763345
2021-08-02,466034.1205125618
2021-08-03,464734.1693380773
2021-08-04,466793.3228814894
2021-08-05,466719.2409177675
2021-08-06,471901.0639579852
2021-08-09,471252.6262814759
2021-08-10,478212.29743044096
2021-08-11,480583.19884865865
2021-08-12,479151.3595778487
2021-08-13,477093.3865708582
2021-08-16,474842.67889461794
2021-08-17,474616.11550074915
2021-08-18,473488.6520475712
2021-08-19,466336.7660030736
2021-08-20,468080.7052025935
2021-08-23,469912.6588249845
2021-08-24,475478.5862879818
2021-08-25,474708.70486547804
2021-08-26,475602.0896714262
2021-08-27,478239.25325286656
2021-08-30,477028.00293380284
2021-08-31,479889.07865219936
2021-09-01,481435.54099032684
2021-09-02,481394.6848580287
2021-09-03,481651.0179580893
2021-09-07,481208.1044246518
2021-09-08,479601.350073047
2021-09-09,478796.73048761947
2021-09-10,476917.40085166047
2021-09-13,473150.2216686203
2021-09-14,470214.64888654987
2021-09-15,467226.166407041
2021-09-16,470686.988961803
2021-09-17,474608.43008152733
2021-09-20,471992.88289584086
2021-09-21,467525.07060265105
2021-09-22,466181.26647328335
2021-09-23,468319.2846472412
2021-09-24,472004.8025116094
2021-09-27,478379.3324768414
2021-09-28,480346.8451475473
2021-09-29,476466.84935967764
2021-09-30,474747.31427198055
2021-10-01,471365.00663251313
2021-10-04,479176.0688341829
2021-10-05,472122.86684920645
2021-10-06,473686.12231111753
2021-10-07,475833.3284611859
2021-10-08,481827.7679396111
2021-10-11,482481.7355237338
2021-10-12,481748.5434559125
2021-10-13,478901.6357588202
2021-10-14,477013.184180471
2021-10-15,479494.4122419665
2021-10-18,482004.07571851864
2021-10-19,479164.67602863046
2021-10-20,483648.75774536974
2021-10-21,484360.81251045
2021-10-22,485711.895540669
2021-10-25,487085.66942724393
2021-10-26,487839.42474733037
2021-10-27,486124.6335800995
2021-10-28,484342.16199547873
2021-10-29,493082.24492304947
2021-11-01,497895.3416789382
2021-11-02,492013.5417761738
2021-11-03,498613.0620098997
2021-11-04,497790.4809553333
2021-11-05,506422.1817737355
2021-11-08,508507.4516172284
2021-11-09,508673.8680393617
2021-11-10,510463.0550723534
2021-11-11,507920.51369844034
2021-11-12,503566.70597530226
2021-11-15,505049.1694655088
2021-11-16,502255.4454726718
2021-11-17,501309.49533479905
2021-11-18,498226.5503471779
2021-11-19,497892.27316540456
2021-11-22,500867.6331049811
2021-11-23,500684.7530935341
2021-11-24,499901.42315707094
2021-11-26,496515.56091197324
2021-11-29,483032.60639999976
2021-11-30,487353.7732242479
2021-12-01,481986.0253058734
2021-12-02,481911.89366621495
2021-12-03,484029.7014168312
2021-12-06,485462.3709633348
2021-12-07,483093.89719547326
2021-12-08,491565.6762463936
2021-12-09,490195.3026780159
2021-12-10,485212.92149540136
2021-12-13,487219.03062159574
2021-12-14,485357.8057512537
2021-12-15,482029.98374899884
2021-12-16,489298.93391454685
2021-12-17,487599.33014897374
2021-12-20,483797.1061097593
2021-12-21,481236.53080173564
2021-12-22,487645.6037616524
2021-12-23,491220.05825917056
2021-12-27,493947.0666562088
2021-12-28,498544.26291934866
2021-12-29,498104.5800291269
2021-12-30,497998.04997360514
2021-12-31,497111.4062212434
2022-01-03,499294.3066276886
2022-01-04,505464.66191814945
2022-01-05,508336.939886481
2022-01-06,505069.236999625
2022-01-07,505784.9525526571
2022-01-10,503277.3130751654
2022-01-11,500843.0645686807
2022-01-12,503202.30171104555
2022-01-13,510120.82712543703
2022-01-14,505260.50664890563
2022-01-18,505247.02581453236
2022-01-19,498950.1394435556
2022-01-20,493662.38414169534
2022-01-21,493602.2526442457
2022-01-24,488186.0002914993
2022-01-25,492195.3303270035
2022-01-26,484518.5228154259
2022-01-27,477481.7613514498
2022-01-28,471759.1631070399
2022-01-31,478710.42686834064
2022-02-01,482933.8629933124
2022-02-02,480616.22050533653
2022-02-03,487007.8294441577
2022-02-04,480273.5505373572
2022-02-07,483797.2711841906
2022-02-08,486296.72331649734
2022-02-09,483830.49030350894
2022-02-10,489830.2402610092
2022-02-11,489173.41209705017
2022-02-14,483026.1398320865
2022-02-15,483444.5653200582
2022-02-16,488717.6688319061
2022-02-17,489124.2237379643
2022-02-18,485550.95196207124
2022-02-22,482991.30688453716
2022-02-23,480292.1440487004
2022-02-24,471655.31350577547
2022-02-25,478564.66699619236
2022-02-28,483643.4841614526
2022-03-01,480201.56370849325
2022-03-02,480754.96950254927
2022-03-03,487683.0330626664
2022-03-04,484108.5009240208
2022-03-07,482082.78596710396
2022-03-08,476300.21268490935
2022-03-09,473124.5087149422
2022-03-10,479745.10783014755
2022-03-11,480352.7833708185
2022-03-14,477660.0561510936
2022-03-15,471133.584334717
2022-03-16,478046.1433260317
2022-03-17,483451.79669027386
2022-03-18,484372.29654433887
2022-03-21,487498.36789421964
2022-03-22,495626.75164926954
2022-03-23,492617.57888341905
2022-03-24,482288.39615547366
2022-03-25,495463.7985484594
2022-03-28,495095.938094109
2022-03-29,500783.0543090186
2022-03-30,512803.0935484719
2022-03-31,507523.3096180051
2022-04-01,504651.74593893817
2022-04-04,502244.21944664797
2022-04-05,502952.8023645319
2022-04-06,498582.9469534655
2022-04-07,493107.1694353368
2022-04-08,493737.7114953654
2022-04-11,494741.76291268016
2022-04-12,493828.34713953646
2022-04-13,494092.47924361145
2022-04-14,498386.8024242026
2022-04-18,494732.69980509457
2022-04-19,494609.3727666412
2022-04-20,500830.5357445356
2022-04-21,500464.25947564654
2022-04-22,497147.0622646575
2022-04-25,489987.49028964323
2022-04-26,489829.79040996917
2022-04-27,482687.1049364797
2022-04-28,480154.5542534212
2022-04-29,488503.056034536
2022-05-02,478184.10848095024
2022-05-03,482912.8264853103
2022-05-04,482398.4322009009
2022-05-05,486629.58921039494
2022-05-06,476123.23275635956
2022-05-09,471836.6845110643
2022-05-10,461818.9585577356
2022-05-11,465075.0490289659
2022-05-12,461244.65074484335
2022-05-13,461366.5987630657
2022-05-16,468607.18875004776
2022-05-17,470363.8159996643
2022-05-18,475610.049850952
2022-05-19,465824.44135227555
2022-05-20,463872.10828306305
2022-05-23,462721.62668383867
2022-05-24,466572.40234805853
2022-05-25,467137.78373916086
2022-05-26,469309.2449802689
2022-05-27,473519.8831475784
2022-05-31,478718.7905089504
2022-06-01,479016.8772014571
2022-06-02,477524.71144360333
2022-06-03,482184.201300481
2022-06-06,480470.1697955433
2022-06-07,480326.1757105101
2022-06-08,481466.285068295
2022-06-09,478304.02635033586
2022-06-10,473578.809038996
2022-06-13,462255.06394552963
2022-06-14,454607.3424157706
2022-06-15,455288.7557891854
2022-06-16,448251.8122740837
2022-06-17,446308.31166889943
2022-06-21,446767.93320720573
2022-06-22,448641.651280867
2022-06-23,447381.35284466925
2022-06-24,448224.36529427697
2022-06-27,451275.4812608275
2022-06-28,451802.7016631309
2022-06-29,449319.24384821043
2022-06-30,450870.5596868545
2022-07-01,451287.1162706668
2022-07-05,452277.35056707397
2022-07-06,448758.3887128728
2022-07-07,446129.23523149715
2022-07-08,448680.3573772362
2022-07-11,448569.20011653675
2022-07-12,448251.2058633562
2022-07-13,445482.37225947576
2022-07-14,443363.73214913585
2022-07-15,444701.7305085099
2022-07-18,449462.6719760906
2022-07-19,450162.47744273784
2022-07-20,456940.98731367494
2022-07-21,455880.2477336267
2022-07-22,458179.6092795263
2022-07-25,457489.29855844897
2022-07-26,460247.7398980264
2022-07-27,455972.5240662097
2022-07-28,459615.3863348209
2022-07-29,460614.74754180707
2022-08-01,466437.09462013765
2022-08-02,462513.89767031325
2022-08-03,458656.41914907616
2022-08-04,458049.67359457596
2022-08-05,458366.6643150592
2022-08-08,460408.3520699
2022-08-09,459891.4497097465
2022-08-10,462163.9645695771
2022-08-11,467746.5852061406
2022-08-12,467847.89437160577
2022-08-15,472314.7796309932
2022-08-16,473463.1692723397
2022-08-17,470456.68269211863
2022-08-18,470128.46614984603
2022-08-19,469604.68120741984
2022-08-22,466428.11629174807
2022-08-23,461179.0301604025
2022-08-24,460222.4360920194
2022-08-25,463343.74398581556
2022-08-26,465604.2620651131
2022-08-29,457685.68931361946
2022-08-30,456395.42368574266
2022-08-31,451523.61029462365
2022-09-01,448845.6765247897
2022-09-02,449616.3425186943
2022-09-06,445434.90568377153
2022-09-07,445541.03653418785
2022-09-08,447922.1706335088
2022-09-09,447292.83454690065
2022-09-12,448228.525515752
2022-09-13,445277.86120490433
2022-09-14,437876.5351250312
2022-09-15,435791.64423957106
2022-09-16,430737.8314738777
2022-09-19,436735.32206120895
2022-09-20,434642.2455281413
2022-09-21,430370.8077999277
2022-09-22,424952.2622407432
2022-09-23,418448.22185807547
2022-09-26,410624.2154994344
2022-09-27,410361.23492450797
2022-09-28,409672.78985173075
2022-09-29,410755.02827074274
2022-09-30,411639.0090752163
2022-10-03,409183.9356785307
2022-10-04,420990.79919017985
2022-10-05,426664.03001774463
2022-10-06,425919.5855563467
2022-10-07,424156.71674022306
2022-10-10,417726.1333453043
2022-10-11,417835.64331114234
2022-10-12,414830.0760851658
2022-10-13,417605.24917313736
2022-10-14,428011.5274316159
2022-10-17,423076.15782516095
2022-10-18,431278.10160999297
2022-10-19,432850.7408921148
2022-10-20,429607.0007457679
2022-10-21,424359.6979991949
2022-10-24,428224.35734874546
2022-10-25,434455.34242917696
2022-10-26,442336.21605147194
2022-10-27,443781.24552810594
2022-10-28,439316.11736249476
2022-10-31,450235.6346824525
2022-11-01,449666.18205280975
2022-11-02,448132.9448348362
2022-11-03,439596.62723340694
2022-11-04,437961.1969872455
2022-11-07,441540.01949710055
2022-11-08,442004.87722302706
2022-11-09,443631.18141201086
2022-11-10,438673.430969222
2022-11-11,453108.9118377558
2022-11-14,454503.2350171478
2022-11-15,451718.0994290084
2022-11-16,451517.066968266
2022-11-17,449029.65697007347
2022-11-18,449170.48721056036
2022-11-21,452152.2474243659
2022-11-22,447572.4516621174
2022-11-23,449871.3650155293
2022-11-25,454899.39048140735
2022-11-28,451935.1150353384
2022-11-29,450321.08923130244
2022-11-30,446480.3034013523
2022-12-01,457464.35231850256
2022-12-02,456413.2982194676
2022-12-05,454137.3042343713
2022-12-06,451435.26859564864
2022-12-07,449359.00793153513
2022-12-08,450497.7361177119
2022-12-09,454102.25942986517
2022-12-12,449873.9780584991
2022-12-13,453870.83358376985
2022-12-14,454905.2912277448
2022-12-15,454566.24725424254
2022-12-16,446245.7918485239
2022-12-19,440626.1878504806
2022-12-20,437928.57424977515
2022-12-21,436346.4632626616
2022-12-22,440808.74056701467
2022-12-23,439089.74321692303
2022-12-27,443140.149014859
2022-12-28,441854.29310929717
2022-12-29,437432.70569606964
2022-12-30,439960.52506129956
2023-01-03,443442.6432205843
2023-01-04,443511.4431542681
2023-01-05,444926.9940197643
2023-01-06,440624.8811476185
2023-01-09,448387.2614122168
2023-01-10,447458.64593062823
2023-01-11,450783.70614955906
2023-01-12,458358.51040112827
2023-01-13,460044.1157849077
2023-01-17,462250.2113235115
2023-01-18,462944.7413869225
2023-01-19,459419.5243139509
2023-01-20,456220.1963180184
2023-01-23,460563.8859746552
2023-01-24,464039.2460147413
2023-01-25,463185.72477424826
2023-01-26,461496.7959467047
2023-01-27,465452.8276626788
2023-01-30,467636.85793751717
2023-01-31,465984.73292435677
2023-02-01,469694.82825515437
2023-02-02,473006.8981735793
2023-02-03,477629.1207698843
2023-02-06,467299.0496603994
2023-02-07,462348.0418720207
2023-02-08,466409.7298783323
2023-02-09,460753.2433778876
2023-02-10,458114.12201463804
2023-02-13,460191.84806406376
2023-02-14,460134.4193468895
2023-02-15,461212.90263398003
2023-02-16,465338.44569770433
2023-02-17,463417.3227574106
2023-02-21,459170.4787255409
2023-02-22,454288.0776953793
2023-02-23,452190.4131065449
2023-02-24,450054.78401843377
2023-02-27,445547.68834136944
2023-02-28,450076.2707136489
2023-03-01,450250.0116076316
2023-03-02,447281.7504706341
2023-03-03,450408.0028294532
2023-03-06,451052.9250597153
2023-03-07,452094.84870926826
2023-03-08,447278.43895095563
2023-03-09,444952.68032805744
2023-03-10,434307.31102988444
2023-03-13,419436.30818672286
2023-03-14,418296.186166169
2023-03-15,420211.1331415598
2023-03-16,415002.07036044623
2023-03-17,413801.280723222
2023-03-20,409049.09093912324
2023-03-21,413423.9365296288
2023-03-22,414294.78270476364
2023-03-23,404875.48808995134
2023-03-24,409737.79937505984
2023-03-27,414822.6744914078
2023-03-28,415203.30690820253
2023-03-29,412966.9926444596
2023-03-30,415016.34137500904
2023-03-31,417532.58265736856
2023-04-03,422266.6014947844
2023-04-04,418586.36144193326
2023-04-05,416346.890038576
2023-04-06,414854.78510017577
2023-04-10,417035.0376764924
2023-04-11,419566.9710198759
2023-04-12,424537.01324933703
2023-04-13,421829.65331943915
2023-04-14,422908.15031226206
2023-04-17,424087.47601082665
2023-04-18,421619.70610261825
2023-04-19,422531.2026674161
2023-04-20,422202.51548130356
2023-04-21,419370.3292726609
2023-04-24,418967.3484772207
2023-04-25,415622.40151558805
2023-04-26,407101.1867581866
2023-04-27,403387.55424765707
2023-04-28,407810.4931491269
2023-05-01,406897.6991454296
2023-05-02,399135.5881991808
2023-05-03,395300.02126268076
2023-05-04,391847.30362993205
2023-05-05,389611.70338835084
2023-05-08,392543.92622579087
2023-05-09,392066.93793630897
2023-05-10,382805.4193444047
2023-05-11,382365.94162317645
2023-05-12,381858.0124988956
2023-05-15,382291.13956057857
2023-05-16,381213.89914593956
2023-05-17,382194.4797225306
2023-05-18,384283.9199867996
2023-05-19,385100.7640725371
2023-05-22,383360.60570799577
2023-05-23,389800.4911117991
2023-05-24,391678.74751860695
2023-05-25,384269.1207437648
2023-05-26,386736.4254628467
2023-05-30,391510.11898415186
2023-05-31,391468.52580019255
2023-06-01,392654.050567178
2023-06-02,402562.93922176055
2023-06-05,402644.11382451426
2023-06-06,409758.0832517974
2023-06-07,422002.9130406304
2023-06-08,420771.1987534161
2023-06-09,418982.7788724746
2023-06-12,419325.7841765204
2023-06-13,423797.8223115867
2023-06-14,426194.39200906554
2023-06-15,425565.5322571912
2023-06-16,435870.56270260253
2023-06-20,432375.513303393
2023-06-21,430424.1968216371
2023-06-22,421498.5843654192
2023-06-23,417643.9882706615
2023-06-26,419390.8792428347
2023-06-27,419478.43331330613
2023-06-28,421998.10431731184
2023-06-29,425447.32612713135
2023-06-30,422731.0989500325
2023-07-03,427955.600468464
2023-07-05,426950.82949027035
2023-07-06,424180.55221107276
2023-07-07,427201.8621203239
2023-07-10,430038.5523317691
2023-07-11,432613.40499119594
2023-07-12,435292.3431388554
2023-07-13,436491.3154391884
2023-07-14,439055.47794193483
2023-07-17,438750.7083384121
2023-07-18,440474.7081198025
2023-07-19,443522.56915714726
2023-07-20,447710.3737667639
2023-07-21,445396.33015053475
2023-07-24,448557.24100854667
2023-07-25,449242.26403555664
2023-07-26,453038.0029119711
2023-07-27,451703.4957897905
2023-07-28,445144.3149232428
2023-07-31,450519.5026460364
2023-08-01,452469.48094803176
2023-08-02,446529.62995769485
2023-08-03,438828.07189542585
2023-08-04,444570.3792522734
2023-08-07,443282.017097483
2023-08-08,444269.39629854885
2023-08-09,439673.28013838106
2023-08-10,433962.32434734894
2023-08-11,433971.61664934125
2023-08-14,427568.98061614257
2023-08-15,430891.3969136157
2023-08-16,426501.3025433733
2023-08-17,427121.98869643395
2023-08-18,427137.90535962244
2023-08-21,422499.8602192833
2023-08-22,422902.3027636351
2023-08-23,422592.51614365896
2023-08-24,429575.92793464166
2023-08-25,423246.63543551345
2023-08-28,425901.8955492198
2023-08-29,425132.4780602022
2023-08-30,429378.0192766273
2023-08-31,431687.03569668735
2023-09-01,434291.7102900654
2023-09-05,431050.6541103077
2023-09-06,432749.5456165321
2023-09-07,429610.68927772867
2023-09-08,427817.4583463725
2023-09-11,435335.20974767074
2023-09-12,440119.4628108287
2023-09-13,434895.7412443779
2023-09-14,438539.8145297246
2023-09-15,443950.6640545501
2023-09-18,438165.99977340817
2023-09-19,436636.4603010669
2023-09-20,438408.58683090995
2023-09-21,440890.16782963905
2023-09-22,435870.34218117275
2023-09-25,434915.455537478
2023-09-26,436745.75703303446
2023-09-27,435431.1868150146
2023-09-28,433885.9425022187
2023-09-29,434746.27111632674
2023-10-02,434473.3347017297
2023-10-03,433150.41659429116
2023-10-04,428537.03765408264
2023-10-05,434884.3680268148
2023-10-06,433286.1328895087
2023-10-09,436525.01609527925
2023-10-10,438422.0748359149
2023-10-11,438884.1284571164
2023-10-12,436186.0636986562
2023-10-13,433555.30465192616
2023-10-16,432271.3734292186
2023-10-17,438930.2558443639
2023-10-18,436584.6860262829
2023-10-19,432071.90209518885
2023-10-20,430055.02764514403
2023-10-23,438156.39754058217
2023-10-24,437280.9476403985
2023-10-25,441746.0034609701
2023-10-26,443376.2744890068
2023-10-27,433060.428559149
2023-10-30,430595.39132867655
2023-10-31,433816.58370875387
2023-11-01,432057.79108121997
2023-11-02,438046.41133961844
2023-11-03,446330.8306871987
2023-11-06,450048.55005846405
2023-11-07,448571.9461068586
2023-11-08,447429.6549827154
2023-11-09,450867.9374808699
2023-11-10,448200.32189858536
2023-11-13,452820.31930253474
2023-11-14,458661.7005169232
2023-11-15,462598.90784012584
2023-11-16,458588.0829730677
2023-11-17,460960.3292647928
2023-11-20,460515.6806997652
2023-11-21,463842.47986673506
2023-11-22,463947.7327554818
2023-11-24,468241.407958115
2023-11-27,466248.2360692844
2023-11-28,462600.7685266973
2023-11-29,463712.927155825
2023-11-30,463781.8460762467
2023-12-01,469008.96960923186
2023-12-04,473124.69254393247
2023-12-05,469136.84375852614
2023-12-06,467968.07200194435
2023-12-07,467127.89172109496
2023-12-08,470461.3057911663
2023-12-11,472174.7717948229
2023-12-12,472228.646467169
2023-12-13,472941.681884552
2023-12-14,479540.0202063343
2023-12-15,479490.7157983982
2023-12-18,480387.81496242655
2023-12-19,485274.20713001996
2023-12-20,488853.56157858303
2023-12-21,486269.07525781717
2023-12-22,490271.9425348041
2023-12-26,494646.07746191486
2023-12-27,495001.10207580455
2023-12-28,495467.4451617731
2023-12-29,492517.9153246317
2024-01-02,492795.26987520774
2024-01-03,489129.53028001264
2024-01-04,488518.18153034616
2024-01-05,485514.9073270841
2024-01-08,483620.1138880424
2024-01-09,485075.339728113
2024-01-10,483589.5420567384
2024-01-11,484676.73938901763
2024-01-12,483198.29515595495
2024-01-16,481381.06928640354
2024-01-17,481461.2146323264
2024-01-18,477934.27404789516
2024-01-19,479369.29938923573
2024-01-22,488100.3790363049
2024-01-23,486492.0708288933
2024-01-24,487172.9732377453
2024-01-25,487202.34868448065
2024-01-26,489431.59921449993
2024-01-29,488455.8372865719
2024-01-30,491591.0497621428
2024-01-31,488075.7224084626
2024-02-01,476561.33537835605
2024-02-02,474226.6969837493
2024-02-05,474628.72603613336
2024-02-06,473141.7500044263
2024-02-07,468622.8059699483
2024-02-08,475421.8397458826
2024-02-09,475894.23260993976
2024-02-12,480182.35339086264
2024-02-13,471682.07168893254
2024-02-14,472707.1672197036
2024-02-15,476110.60871443606
2024-02-16,477584.2826914366
2024-02-20,477825.5543140555
2024-02-21,475440.0509061956
2024-02-22,467672.64190548065
2024-02-23,476184.9490955782
2024-02-26,472342.08712469053
2024-02-27,474363.98624069034
2024-02-28,475750.8176160105
2024-02-29,475949.6268623359
2024-03-01,474556.8285248256
2024-03-04,476368.80642591347
2024-03-05,478426.52868971333
2024-03-06,477204.81487261114
2024-03-07,476139.9348376359
2024-03-08,483119.77444993815
2024-03-11,480969.7706376501
2024-03-12,476989.7674473726
2024-03-13,479547.92609540717
2024-03-14,473961.7877816995
2024-03-15,474459.2645193957
2024-03-18,463635.935253445
2024-03-19,465577.4548486976
2024-03-20,470990.90385895275
2024-03-21,474089.8218450301
2024-03-22,474495.42708531703
2024-03-25,475486.36793607683
2024-03-26,471669.66683731624
2024-03-27,475361.2211076867
2024-03-28,479377.98998409044
2024-04-01,477470.7312782464
2024-04-02,474581.9913643535
2024-04-03,471555.3562540771
2024-04-04,472709.47414237214
2024-04-05,466640.0158037516
2024-04-08,471371.31201170955
2024-04-09,471611.9724710826
2024-04-10,470159.16847858904
2024-04-11,464959.66365493636
2024-04-12,468778.3470232005
2024-04-15,466347.3700247015
2024-04-16,462526.93107190233
2024-04-17,462612.68607093184
2024-04-18,461368.8581427811
2024-04-19,466576.89882184734
2024-04-22,462127.58391995507
2024-04-23,466633.6338628126
2024-04-24,468125.8476182709
2024-04-25,465984.8731777124
2024-04-26,463407.15791225835
2024-04-29,463131.65292268415
2024-04-30,466004.7760450726
2024-05-01,465981.5748479521
2024-05-02,463353.62105721154
2024-05-03,465421.7166306209
2024-05-06,468105.6392615369
2024-05-07,468410.3430146089
2024-05-08,465182.1373239362
2024-05-09,464957.9082089205
2024-05-10,464274.6828000749
2024-05-13,465721.92224974267
2024-05-14,465163.59911427833
2024-05-15,463947.2265520016
2024-05-16,470176.2606048759
2024-05-17,467305.309346322
2024-05-20,466418.87170296523
2024-05-21,464224.59655235865
2024-05-22,464880.5247925754
2024-05-23,461876.99194631446
2024-05-24,461682.6699822289
2024-05-28,462035.008568247
2024-05-29,457783.9012462881
2024-05-30,462791.7935666446
2024-05-31,462782.36513127433
2024-06-03,464969.47084048885
2024-06-04,461341.7058676662
2024-06-05,459955.0499660719
2024-06-06,462371.81826702954
2024-06-07,458961.95342952973
2024-06-10,459054.75075379864
2024-06-11,458656.1758397252
2024-06-12,460508.75479507877
2024-06-13,455880.26944440656
2024-06-14,452554.36964946054
2024-06-17,454735.4798569973
2024-06-18,454576.9782414592
2024-06-20,454889.452055736
2024-06-21,454901.61163796333
2024-06-24,457322.25171435677
2024-06-25,453919.9246744607
2024-06-26,452827.196771836
2024-06-27,456899.0441970652
2024-06-28,460504.6656767163
2024-07-01,458556.6791748703
2024-07-02,459018.5944999236
2024-07-03,455630.42212281073
2024-07-05,451190.78052755963
2024-07-08,453297.69415150484
2024-07-09,453115.7302670276
2024-07-10,454109.84236878523
2024-07-11,466026.0174000684
2024-07-12,466101.3731207038
2024-07-15,472372.300355871
2024-07-16,482725.47172791784
2024-07-17,490411.62048070366
2024-07-18,494514.4220834644
2024-07-19,491494.48938367434
2024-07-22,493416.67161035485
2024-07-23,500974.4373380039
2024-07-24,501300.53366255393
2024-07-25,504128.83982087695
2024-07-26,506126.5782169253
2024-07-29,506618.6822861268
2024-07-30,512455.3531028421
2024-07-31,509462.8976796885
2024-08-01,508788.53521502455
2024-08-02,509101.19757768564
2024-08-05,499317.3294776644
2024-08-06,493614.15370435064
2024-08-07,498036.7522132362
2024-08-08,492837.1828732733
2024-08-09,498395.2788068097
2024-08-12,495434.5088272951
2024-08-13,495331.2240995802
2024-08-14,500585.97849402943
2024-08-15,504248.3535165083
2024-08-16,508656.30836718425
2024-08-19,508413.63623530895
2024-08-20,508988.84367573424
2024-08-21,509322.4791069439
2024-08-22,511439.2019601419
2024-08-23,516201.89873805945
2024-08-26,520144.6798601534
2024-08-27,512000.1633184462
2024-08-28,516121.7650509223
2024-08-29,517353.6111699686
2024-08-30,516613.7791959046
2024-09-03,518969.8840613941
2024-09-04,516493.2328261511
2024-09-05,514452.5410953366
2024-09-06,514775.12003925146
2024-09-09,509930.8482334175
2024-09-10,514815.7974183216
2024-09-11,509615.2055652765
2024-09-12,514963.042251299
2024-09-13,521518.69224092463
2024-09-16,525241.8485551022
2024-09-17,527553.3654123902
2024-09-18,527443.43267926
2024-09-19,527487.6647598994
2024-09-20,527201.2820058459
2024-09-23,526443.5555544377
2024-09-24,524583.7099339522
2024-09-25,522943.7092358948
2024-09-26,523285.59949682513
2024-09-27,525852.7341968387
2024-09-30,526525.6241091327
2024-10-01,527765.8901456274
2024-10-02,522084.1676816526
2024-10-03,520149.24660176336
2024-10-04,521710.83002134855
2024-10-07,523588.4803454625
2024-10-08,520708.95262226433
2024-10-09,522136.4515933531
2024-10-10,523288.10528171685
2024-10-11,525898.0957034528
2024-10-14,526269.4724487518
2024-10-15,535643.4552840216
2024-10-16,536662.8190158043
2024-10-17,538303.5407798525
2024-10-18,537095.611368802
2024-10-21,531490.6481933631
2024-10-22,531789.5855775859
2024-10-23,531384.8077210995
2024-10-24,527987.1676891989
2024-10-25,525155.5390675655
2024-10-28,527698.8530974064
2024-10-29,526359.5108706902
2024-10-30,528467.8044016055
2024-10-31,531301.5609421076
2024-11-01,523691.6861127435
2024-11-04,529483.9016002868
2024-11-05,531121.8550218354
2024-11-06,542978.0796564685
2024-11-07,550636.4147753302
2024-11-08,550246.6446522579
2024-11-11,555294.7997584149
2024-11-12,553922.2739082756
2024-11-13,550539.3819967967
2024-11-14,549931.5652842064
2024-11-15,550570.7458617337
2024-11-18,545086.5789145693
2024-11-19,545823.9634559524
2024-11-20,547255.6735223251
2024-11-21,548296.0630839939
2024-11-22,552082.5452406227
2024-11-25,553275.1168729329
2024-11-26,552250.7918928569
2024-11-27,553780.5462663958
2024-11-29,551853.9322467787
2024-12-02,555463.8615776586
2024-12-03,552493.6631869142
2024-12-04,551744.8731469405
2024-12-05,552743.927111131
2024-12-06,549811.5032433141
2024-12-09,554676.1367389108
2024-12-10,554340.5482096558
2024-12-11,552389.844995416
2024-12-12,556201.318424184
2024-12-13,553518.9195185838
2024-12-16,552218.7383970291
2024-12-17,551238.0904931772
2024-12-18,545527.39387857
2024-12-19,539265.3809232663
2024-12-20,538870.5357660375
2024-12-23,538588.854940614
2024-12-24,540646.8898510579
2024-12-26,546175.5732055908
2024-12-27,545564.7997098592
2024-12-30,545284.0859308003
2024-12-31,543791.2833366748
