date,portfolio_value
2010-09-30,10006702.027077522
2010-10-01,9934073.320388686
2010-10-04,9955629.140796034
2010-10-05,9904362.124162352
2010-10-06,10027704.458047757
2010-10-07,10024471.67000433
2010-10-08,9998783.261939233
2010-10-11,10026394.86161147
2010-10-12,10009949.96158478
2010-10-13,10059501.255894827
2010-10-14,10142283.545107206
2010-10-15,10085706.347011985
2010-10-18,10126175.739040583
2010-10-19,10140138.512183158
2010-10-20,10055409.090323854
2010-10-21,10139783.555690791
2010-10-22,10171015.316988224
2010-10-25,10189461.382039735
2010-10-26,10194470.255237075
2010-10-27,10206396.473964922
2010-10-28,10173256.923772205
2010-10-29,10179062.056859279
2010-11-01,10156877.357082255
2010-11-02,10225724.75492928
2010-11-03,10256068.60387932
2010-11-04,10291667.097182274
2010-11-05,10441589.47452269
2010-11-08,10449446.471606515
2010-11-09,10423335.485885402
2010-11-10,10383090.051724343
2010-11-11,10394705.449852312
2010-11-12,10390806.908391943
2010-11-15,10316623.293273604
2010-11-16,10275451.654950095
2010-11-17,10157414.27133403
2010-11-18,10125521.29441204
2010-11-19,10227853.917334642
2010-11-22,10285021.823328918
2010-11-23,10319750.2321373
2010-11-24,10223358.83096918
2010-11-26,10380041.607179021
2010-11-29,10230249.365756307
2010-11-30,10220629.02355819
2010-12-01,10106434.200393306
2010-12-02,10246821.64493475
2010-12-03,10304700.040761339
2010-12-06,10319555.174920332
2010-12-07,10337122.527157335
2010-12-08,10328727.221659282
2010-12-09,10332651.580960562
2010-12-10,10413119.988121465
2010-12-13,10450640.720158793
2010-12-14,10469618.391173143
2010-12-15,10445705.068306535
2010-12-16,10434714.239590595
2010-12-17,10440523.111239998
2010-12-20,10414633.962952498
2010-12-21,10412145.872282982
2010-12-22,10464550.109442532
2010-12-23,10500325.957348552
2010-12-27,10499652.67985943
2010-12-28,10499440.469998816
2010-12-29,10494588.122017274
2010-12-30,10502465.008856134
2010-12-31,10424701.530237947
2011-01-03,10441639.051270109
2011-01-04,10436208.423484249
2011-01-05,10417000.050145995
2011-01-06,10471665.831986807
2011-01-07,10448414.323108518
2011-01-10,10444945.017719662
2011-01-11,10427676.372644557
2011-01-12,10443982.061740626
2011-01-13,10547488.136103798
2011-01-14,10547464.92370498
2011-01-18,10594377.889738338
2011-01-19,10526101.910483021
2011-01-20,10424293.94465287
2011-01-21,10370177.44913941
2011-01-24,10418318.075659273
2011-01-25,10527145.9970199
2011-01-26,10570641.260263663
2011-01-27,10623656.517320104
2011-01-28,10588963.59706608
2011-01-31,10383969.63623203
2011-02-01,10441911.44782707
2011-02-02,10586568.826834913
2011-02-03,10572934.919842137
2011-02-04,10541832.397130268
2011-02-07,10578914.703731451
2011-02-08,10613027.071898235
2011-02-09,10623470.189575013
2011-02-10,10594150.87720196
2011-02-11,10619591.705924755
2011-02-14,10653236.033442613
2011-02-15,10674758.175137078
2011-02-16,10634390.287422732
2011-02-17,10705917.414107783
2011-02-18,10752614.31086509
2011-02-22,10784372.115976835
2011-02-23,10528504.18910068
2011-02-24,10495965.746547878
2011-02-25,10563269.126727948
2011-02-28,10632798.891720662
2011-03-01,10718199.42612629
2011-03-02,10569688.714853864
2011-03-03,10572475.7759157
2011-03-04,10728474.707777914
2011-03-07,10633992.84528872
2011-03-08,10614446.153695855
2011-03-09,10728495.17707908
2011-03-10,10692254.909925759
2011-03-11,10445721.975814411
2011-03-14,10500964.114934327
2011-03-15,10444514.096511142
2011-03-16,10402224.132025378
2011-03-17,10156778.204888502
2011-03-18,10325715.521093696
2011-03-21,10379393.598075012
2011-03-22,10540625.356054978
2011-03-23,10476239.975885138
2011-03-24,10438021.476473726
2011-03-25,10544823.185036601
2011-03-28,10550204.954095867
2011-03-29,10504872.504894746
2011-03-30,10581868.289848194
2011-03-31,10729712.46280454
2011-04-01,10735352.203991037
2011-04-04,10811986.998147126
2011-04-05,10812829.617028002
2011-04-06,10816697.134944836
2011-04-07,10810046.299534148
2011-04-08,10721792.951538485
2011-04-11,10704451.670366064
2011-04-12,10652074.536291879
2011-04-13,10568998.010581499
2011-04-14,10607843.498060266
2011-04-15,10645895.471957486
2011-04-18,10662980.736856459
2011-04-19,10529683.174903847
2011-04-20,10565041.51752406
2011-04-21,10661089.508507447
2011-04-25,10696194.79789112
2011-04-26,10720577.341257123
2011-04-27,10785146.095631225
2011-04-28,10910684.307700511
2011-04-29,10941363.471581345
2011-05-02,10914432.773315793
2011-05-03,10905770.589721955
2011-05-04,10861776.149663448
2011-05-05,10865411.903868826
2011-05-06,10757521.142516362
2011-05-09,10823714.114791157
2011-05-10,10888306.513634263
2011-05-11,10928204.873351589
2011-05-12,10870872.583477337
2011-05-13,10845679.22687328
2011-05-16,10763885.80984991
2011-05-17,10687053.380886516
2011-05-18,10707697.770662408
2011-05-19,10794502.172387669
2011-05-20,10841548.889617277
2011-05-23,10745702.439747803
2011-05-24,10589534.800098477
2011-05-25,10628520.599722996
2011-05-26,10674323.88561984
2011-05-27,10719752.82805744
2011-05-31,10814337.702994036
2011-06-01,10888297.259246068
2011-06-02,10666008.412838364
2011-06-03,10653936.696802778
2011-06-06,10609324.863914886
2011-06-07,10550089.645764176
2011-06-08,10590455.07760857
2011-06-09,10486201.413281668
2011-06-10,10578976.850839652
2011-06-13,10457732.64125793
2011-06-14,10476748.75543314
2011-06-15,10625983.301558051
2011-06-16,10509289.302512685
2011-06-17,10501807.299868328
2011-06-20,10549593.94517745
2011-06-21,10533599.207430173
2011-06-22,10670115.162151825
2011-06-23,10604444.843070429
2011-06-24,10684503.56389418
2011-06-27,10574543.70720527
2011-06-28,10608143.264236929
2011-06-29,10701778.614805145
2011-06-30,10751454.823366828
2011-07-01,10827061.400275009
2011-07-05,11009443.552280746
2011-07-06,11049727.107109902
2011-07-07,11059253.14319749
2011-07-08,11162423.501035666
2011-07-11,11123374.730142614
2011-07-12,11014696.072192147
2011-07-13,10992859.855767462
2011-07-14,10973769.104462532
2011-07-15,10895107.170312276
2011-07-18,10909851.56723966
2011-07-19,10818509.688255047
2011-07-20,10963410.649647996
2011-07-21,10907189.684320157
2011-07-22,10959267.740741108
2011-07-25,10905450.534691157
2011-07-26,10806050.488388449
2011-07-27,10743533.797909234
2011-07-28,10577141.269856572
2011-07-29,10580142.835664041
2011-08-01,10566064.044457342
2011-08-02,10536622.004563026
2011-08-03,10323726.669698514
2011-08-04,10146580.158310741
2011-08-05,9972721.138677863
2011-08-08,9888779.990099128
2011-08-09,9780879.462106412
2011-08-10,9933422.800313555
2011-08-11,9776529.561344426
2011-08-12,9897409.452807648
2011-08-15,9938207.606755741
2011-08-16,10007711.551724289
2011-08-17,9985708.720563296
2011-08-18,10000433.108016845
2011-08-19,9875719.385847101
2011-08-22,9833353.123308903
2011-08-23,9833968.241477843
2011-08-24,9936126.126135604
2011-08-25,9959401.90099013
2011-08-26,9905205.66077785
2011-08-29,9970887.315065816
2011-08-30,10072740.193679027
2011-08-31,10075626.76617307
2011-09-01,10058576.983292637
2011-09-02,10009257.125026591
2011-09-06,9939282.290260663
2011-09-07,9920397.064623417
2011-09-08,10021502.086165069
2011-09-09,9998329.755571174
2011-09-12,9900066.618349217
2011-09-13,9928755.558446597
2011-09-14,9958078.615266973
2011-09-15,9982797.262413533
2011-09-16,10042927.623629523
2011-09-19,10052567.62541543
2011-09-20,9994585.909462757
2011-09-21,9964566.76816006
2011-09-22,9917006.556192849
2011-09-23,9826200.123357588
2011-09-26,9824587.419972576
2011-09-27,9924570.325679325
2011-09-28,9928545.054205293
2011-09-29,9928273.565153992
2011-09-30,10083120.143843852
2011-10-03,9742990.825743673
2011-10-04,9702306.179267475
2011-10-05,9826607.939323809
2011-10-06,10020528.952442147
2011-10-07,10068456.043571902
2011-10-10,9986778.092214964
2011-10-11,10317390.89800104
2011-10-12,10345606.26859158
2011-10-13,10411664.727935728
2011-10-14,10337979.632812742
2011-10-17,10425387.553734716
2011-10-18,10278696.079099694
2011-10-19,10469792.984964494
2011-10-20,10360869.886529138
2011-10-21,10450780.735432578
2011-10-24,10735279.044702329
2011-10-25,10861307.687097052
2011-10-26,10683345.872104462
2011-10-27,10920754.757214552
2011-10-28,11212266.911024801
2011-10-31,11268849.355954057
2011-11-01,10994766.000870012
2011-11-02,10699025.777961593
2011-11-03,10867325.21387184
2011-11-04,11080071.946522413
2011-11-07,10949319.280418482
2011-11-08,10986527.603178225
2011-11-09,11126746.016693875
2011-11-10,10705431.50793687
2011-11-11,10803373.980503364
2011-11-14,10977861.388220655
2011-11-15,10916567.240018796
2011-11-16,10995290.720586522
2011-11-17,10902277.142230364
2011-11-18,10780475.808759533
2011-11-21,10789981.234017208
2011-11-22,10575542.613398308
2011-11-23,10545860.299188357
2011-11-25,10254592.909991274
2011-11-28,10260323.092463557
2011-11-29,10523065.553263934
2011-11-30,10540074.152072798
2011-12-01,10931060.818809882
2011-12-02,10927956.179200795
2011-12-05,11107675.165767994
2011-12-06,11217204.826594021
2011-12-07,11191034.013172355
2011-12-08,11223890.906443654
2011-12-09,10982517.803297006
2011-12-12,11234210.271673098
2011-12-13,11047107.713244144
2011-12-14,10979941.072386805
2011-12-15,10923331.115432074
2011-12-16,11000179.422606824
2011-12-19,11032636.121397426
2011-12-20,10844114.666571496
2011-12-21,11251942.546295973
2011-12-22,11246713.517111642
2011-12-23,11282933.607004205
2011-12-27,11436160.374566676
2011-12-28,11435406.762430314
2011-12-29,11276802.649416732
2011-12-30,11366691.552554818
2012-01-03,11226156.285669532
2012-01-04,11323072.611691758
2012-01-05,11348415.25569856
2012-01-06,11401140.953488378
2012-01-09,11367898.556538401
2012-01-10,11403617.070477592
2012-01-11,11505100.435312321
2012-01-12,11514177.417778295
2012-01-13,11507890.589395387
2012-01-17,11445735.140905544
2012-01-18,11473268.199848237
2012-01-19,11581872.06692876
2012-01-20,11645114.903474195
2012-01-23,11723357.7231297
2012-01-24,11739802.448328942
2012-01-25,11714789.042647569
2012-01-26,11859559.64306604
2012-01-27,11850372.41802352
2012-01-30,11822356.596791219
2012-01-31,11814904.256198056
2012-02-01,11888778.220795637
2012-02-02,11973765.968543788
2012-02-03,11978147.902828457
2012-02-06,12102690.097280996
2012-02-07,12079692.311175706
2012-02-08,12072629.39346659
2012-02-09,12073812.180681175
2012-02-10,12057977.31526838
2012-02-13,12018977.35259401
2012-02-14,12072550.239830201
2012-02-15,12048468.611233298
2012-02-16,12013793.229607562
2012-02-17,12115986.166751415
2012-02-21,12091090.534573067
2012-02-22,12050083.456775123
2012-02-23,12072648.339669555
2012-02-24,12097670.892459305
2012-02-27,12110089.022580933
2012-02-28,12043146.271158969
2012-02-29,12013249.606421154
2012-03-01,11942030.89199666
2012-03-02,11887872.550622884
2012-03-05,11928980.414239964
2012-03-06,11899342.029094577
2012-03-07,11747295.142435446
2012-03-08,11812375.447353061
2012-03-09,12040452.26185713
2012-03-12,12073846.076126618
2012-03-13,11996329.391626537
2012-03-14,12138955.184820753
2012-03-15,12150278.420911271
2012-03-16,12180805.889479343
2012-03-19,12248747.64812281
2012-03-20,12265650.671653224
2012-03-21,12242689.754833208
2012-03-22,12258102.773915628
2012-03-23,12199963.88710729
2012-03-26,12232136.05344155
2012-03-27,12371368.587208936
2012-03-28,12359212.052157369
2012-03-29,12299435.722488675
2012-03-30,12211197.247773476
2012-04-02,12293668.23985084
2012-04-03,12369946.043657431
2012-04-04,12310175.080237454
2012-04-05,12175839.80176236
2012-04-09,12144120.615603855
2012-04-10,12038537.16187116
2012-04-11,11889208.384443955
2012-04-12,11925264.831703534
2012-04-13,12095577.988398574
2012-04-16,12023198.938065376
2012-04-17,11950473.023393834
2012-04-18,12078755.83963687
2012-04-19,12047391.168824233
2012-04-20,12041120.661752142
2012-04-23,12033127.029825473
2012-04-24,11972515.950333197
2012-04-25,11995909.976299457
2012-04-26,12129473.455072418
2012-04-27,12245862.912622984
2012-04-30,12214405.002277486
2012-05-01,12163641.920337254
2012-05-02,12274175.534758052
2012-05-03,12244516.808509776
2012-05-04,12199295.840061706
2012-05-07,12052556.478521261
2012-05-08,12120376.759027759
2012-05-09,12082476.369555585
2012-05-10,12059126.180134477
2012-05-11,12084683.756307745
2012-05-14,12081348.0978113
2012-05-15,12035861.293927815
2012-05-16,11992486.74457058
2012-05-17,11952037.436492372
2012-05-18,11790432.793936701
2012-05-21,11645666.988352735
2012-05-22,11755800.028886547
2012-05-23,11803354.359083535
2012-05-24,11800213.867049295
2012-05-25,11852630.045956302
2012-05-29,11781235.513586098
2012-05-30,11944751.208355563
2012-05-31,11820931.776234161
2012-06-01,11845675.141631722
2012-06-04,11600089.914515814
2012-06-05,11606717.923906293
2012-06-06,11628414.46658248
2012-06-07,11816876.100694394
2012-06-08,11818301.603951909
2012-06-11,11867585.396160493
2012-06-12,11718920.90955232
2012-06-13,11832739.269163182
2012-06-14,11758867.031823285
2012-06-15,11829850.522595072
2012-06-18,11912344.657094069
2012-06-19,11973998.54492595
2012-06-20,12044865.308918944
2012-06-21,12066515.268313915
2012-06-22,11878227.216754464
2012-06-25,12001574.578460082
2012-06-26,11824020.889738787
2012-06-27,11893207.143721523
2012-06-28,12034305.131736465
2012-06-29,11953856.528097808
2012-07-02,12298551.776157804
2012-07-03,12366066.647758024
2012-07-05,12436064.266163882
2012-07-06,12438393.830744611
2012-07-09,12349140.424149094
2012-07-10,12380466.37270122
2012-07-11,12286890.367012115
2012-07-12,12324605.60806228
2012-07-13,12256058.822144447
2012-07-16,12449345.50707608
2012-07-17,12404310.916219892
2012-07-18,12423414.410910645
2012-07-19,12416875.216728244
2012-07-20,12464167.18953912
2012-07-23,12369652.359107234
2012-07-24,12220466.027023511
2012-07-25,12147489.279976161
2012-07-26,12027505.074215561
2012-07-27,12178038.389663711
2012-07-30,12374309.66752608
2012-07-31,12400412.681213899
2012-08-01,12197542.688811187
2012-08-02,12206481.056453599
2012-08-03,12121263.294227093
2012-08-06,12307104.7489875
2012-08-07,12266743.78470472
2012-08-08,12312341.643389136
2012-08-09,12301183.622514253
2012-08-10,12284395.12369828
2012-08-13,12301772.894828063
2012-08-14,12271909.807427313
2012-08-15,12320095.754133891
2012-08-16,12314516.877282811
2012-08-17,12434781.48277277
2012-08-20,12438494.248540958
2012-08-21,12458099.682085672
2012-08-22,12379733.755193178
2012-08-23,12404577.424008464
2012-08-24,12290291.582818462
2012-08-27,12367151.627030585
2012-08-28,12414107.960951163
2012-08-29,12460854.956947954
2012-08-30,12450654.381464195
2012-08-31,12356713.01553373
2012-09-04,12522338.662556382
2012-09-05,12495352.766989885
2012-09-06,12440127.718280274
2012-09-07,12643133.205407683
2012-09-10,12754058.679875556
2012-09-11,12704291.18428576
2012-09-12,12735821.609250793
2012-09-13,12686741.11189821
2012-09-14,12894654.208246067
2012-09-17,12915130.075557092
2012-09-18,12902473.062867213
2012-09-19,12886807.867963053
2012-09-20,12866312.4490391
2012-09-21,12918302.210575005
2012-09-24,12929948.947438458
2012-09-25,12886023.413394632
2012-09-26,12795048.746700747
2012-09-27,12711619.509354586
2012-09-28,12743613.701503107
2012-10-01,12701939.339146046
2012-10-02,12735885.391062658
2012-10-03,12685877.671498524
2012-10-04,12745841.447302997
2012-10-05,12831495.976514483
2012-10-08,12826904.588347796
2012-10-09,12781485.910620768
2012-10-10,12729155.517778536
2012-10-11,12680945.467716351
2012-10-12,12637340.125515437
2012-10-15,12587457.44965388
2012-10-16,12642208.280600581
2012-10-17,12795226.924396273
2012-10-18,12837673.506048597
2012-10-19,12856821.392802004
2012-10-22,12719579.725414194
2012-10-23,12808988.774997255
2012-10-24,12760612.903258767
2012-10-25,12719708.314571507
2012-10-26,12692405.00173686
2012-10-31,12763352.51947767
2012-11-01,12845808.933280088
2012-11-02,12892262.885307636
2012-11-05,12829417.845351765
2012-11-06,12870773.074937584
2012-11-07,12890840.756472705
2012-11-08,12742088.882936215
2012-11-09,12622130.991697071
2012-11-12,12592179.140565118
2012-11-13,12534676.246532168
2012-11-14,12404902.634856977
2012-11-15,12236864.441689635
2012-11-16,12310164.077950073
2012-11-19,12381596.450471196
2012-11-20,12568902.340458902
2012-11-21,12571845.911555002
2012-11-23,12573562.887714835
2012-11-26,12730465.605314776
2012-11-27,12764614.177160805
2012-11-28,12699686.108541477
2012-11-29,12818727.581862874
2012-11-30,12896898.940989524
2012-12-03,12943588.518872194
2012-12-04,12931505.485293834
2012-12-05,12898192.169465298
2012-12-06,12895538.161250928
2012-12-07,12907092.795739247
2012-12-10,12973483.488762077
2012-12-11,12944758.583187578
2012-12-12,12932527.896067288
2012-12-13,12942182.37604572
2012-12-14,12919623.370482951
2012-12-17,12773671.755306428
2012-12-18,12886237.677007068
2012-12-19,13050193.161116654
2012-12-20,13037552.83080912
2012-12-21,13103533.960803226
2012-12-24,13004571.18218074
2012-12-26,12944180.234517902
2012-12-27,12916952.981796728
2012-12-28,12941249.369450875
2012-12-31,12847598.002158543
2013-01-02,13080500.47771963
2013-01-03,13342604.504285062
2013-01-04,13350725.79254291
2013-01-07,13371078.203956448
2013-01-08,13354064.497491434
2013-01-09,13363586.844197547
2013-01-10,13347517.155876182
2013-01-11,13411136.942123696
2013-01-14,13426419.293771677
2013-01-15,13469471.857716
2013-01-16,13460341.817798115
2013-01-17,13489305.68304167
2013-01-18,13552226.73753637
2013-01-22,13632785.018511286
2013-01-23,13635342.744814629
2013-01-24,13712369.390132014
2013-01-25,13672487.483650327
2013-01-28,13788291.315069672
2013-01-29,13796284.254510442
2013-01-30,13796211.4522194
2013-01-31,13828307.275035702
2013-02-01,13783791.947321746
2013-02-04,13867190.83166568
2013-02-05,13737285.058451388
2013-02-06,13860761.369884718
2013-02-07,13807603.393633146
2013-02-08,13805089.583082976
2013-02-11,13888157.81720479
2013-02-12,13947565.702281645
2013-02-13,14034653.98915326
2013-02-14,14024397.798744276
2013-02-15,14048371.316058077
2013-02-19,14063381.933778606
2013-02-20,14107233.941664305
2013-02-21,13976692.718413388
2013-02-22,13926031.893484633
2013-02-25,13988883.034487016
2013-02-26,13798348.627379458
2013-02-27,13844875.808862263
2013-02-28,13997780.832420828
2013-03-01,13964160.340483554
2013-03-04,13959985.297776539
2013-03-05,14011688.2772104
2013-03-06,14122819.3668114
2013-03-07,14140296.344123611
2013-03-08,14193004.820141358
2013-03-11,14217815.369060026
2013-03-12,14260901.69698939
2013-03-13,14264351.998289369
2013-03-14,14316017.481060494
2013-03-15,14417122.217819013
2013-03-18,14407594.547678914
2013-03-19,14455809.785412323
2013-03-20,14436811.90327704
2013-03-21,14540439.61739024
2013-03-22,14409187.907081172
2013-03-25,14549226.172716627
2013-03-26,14490076.273492156
2013-03-27,14566353.446211012
2013-03-28,14562645.63143076
2013-04-01,14452903.218720201
2013-04-02,14310877.545546688
2013-04-03,14314120.328199182
2013-04-04,14248450.026627641
2013-04-05,14294186.974107051
2013-04-08,14267946.160949178
2013-04-09,14263190.790262848
2013-04-10,14332386.335435571
2013-04-11,14442109.68772223
2013-04-12,14498876.629683238
2013-04-15,14332902.251675641
2013-04-16,14108765.762684528
2013-04-17,14234331.05465599
2013-04-18,14093455.784659889
2013-04-19,14035152.30935369
2013-04-22,14085938.510245856
2013-04-23,14185077.14998073
2013-04-24,14348043.46367657
2013-04-25,14348965.34577385
2013-04-26,14356059.033391468
2013-04-29,14371976.303143848
2013-04-30,14482838.479394762
2013-05-01,14350942.615232693
2013-05-02,14317322.694227828
2013-05-03,14467807.919971066
2013-05-06,14583854.865449125
2013-05-07,14653317.727854928
2013-05-08,14713661.350982923
2013-05-09,14732090.19774123
2013-05-10,14756931.169696199
2013-05-13,14744447.010481752
2013-05-14,14748815.204183731
2013-05-15,14876779.350214748
2013-05-16,14984603.928324154
2013-05-17,14903451.331715407
2013-05-20,15035442.59791732
2013-05-21,15043783.427546838
2013-05-22,15012004.368410919
2013-05-23,14940060.74013454
2013-05-24,14910763.46449283
2013-05-28,14933866.26287185
2013-05-29,14932902.810456522
2013-05-30,14851974.743763769
2013-05-31,14952690.695354475
2013-06-03,14788706.030243397
2013-06-04,14827853.63693613
2013-06-05,14768902.895242868
2013-06-06,14631853.951674683
2013-06-07,14665259.118029434
2013-06-10,14892001.69838582
2013-06-11,14873242.45855234
2013-06-12,14761461.443731766
2013-06-13,14669175.477918316
2013-06-14,14841722.402864484
2013-06-17,14754863.70180152
2013-06-18,14884152.82969122
2013-06-19,14977971.444001853
2013-06-20,14829211.164165255
2013-06-21,14559699.659454318
2013-06-24,14612792.327686429
2013-06-25,14429746.836902123
2013-06-26,14465394.722717544
2013-06-27,14704881.365974162
2013-06-28,14754969.560087962
2013-07-01,14770088.041783005
2013-07-02,14874699.40947232
2013-07-03,14872526.503992802
2013-07-05,14874792.613977136
2013-07-08,15023691.30500904
2013-07-09,15149122.395656636
2013-07-10,15294245.15997099
2013-07-11,15273201.963010086
2013-07-12,15469832.976594886
2013-07-15,15496622.24263252
2013-07-16,15606608.54146085
2013-07-17,15549304.602005797
2013-07-18,15623700.60547502
2013-07-19,15692717.917516032
2013-07-22,15701522.034483366
2013-07-23,15768512.355723126
2013-07-24,15722530.888437888
2013-07-25,15778018.685352378
2013-07-26,15720548.89977636
2013-07-29,15692915.911569566
2013-07-30,15650682.608288411
2013-07-31,15661953.925894184
2013-08-01,15694342.126536397
2013-08-02,15837247.740590222
2013-08-05,15896618.151456904
2013-08-06,15840979.021367785
2013-08-07,15700577.485069187
2013-08-08,15568163.212792307
2013-08-09,15634321.560935952
2013-08-12,15654490.77115836
2013-08-13,15550325.487622472
2013-08-14,15642499.070904814
2013-08-15,15520650.160389358
2013-08-16,15332931.277825719
2013-08-19,15256557.4165401
2013-08-20,15297563.49718124
2013-08-21,15334732.255328143
2013-08-22,15280777.392091954
2013-08-23,15398749.593747532
2013-08-26,15463180.320102794
2013-08-27,15364536.073614985
2013-08-28,15110694.564171685
2013-08-29,15250498.008508865
2013-08-30,15128261.156741649
2013-09-03,15083248.299815493
2013-09-04,15103005.181568267
2013-09-05,15202155.17958088
2013-09-06,15212292.800546099
2013-09-09,15255821.686556423
2013-09-10,15408517.44920017
2013-09-11,15479625.650058929
2013-09-12,15510928.527702069
2013-09-13,15519085.978254521
2013-09-16,15511325.012619298
2013-09-17,15616765.997979784
2013-09-18,15625966.108028261
2013-09-19,15777346.148628615
2013-09-20,15848658.605252316
2013-09-23,15811892.80997775
2013-09-24,15781551.872050038
2013-09-25,15740070.87491186
2013-09-26,15675531.896376453
2013-09-27,15744270.049204033
2013-09-30,15727852.090060642
2013-10-01,15658504.834510995
2013-10-02,15675188.29165201
2013-10-03,15626735.33738955
2013-10-04,15471626.608043294
2013-10-07,15602660.48105285
2013-10-08,15554548.627201136
2013-10-09,15394968.16807784
2013-10-10,15379711.257963069
2013-10-11,15744991.355579937
2013-10-14,15855005.599371802
2013-10-15,15904131.825141696
2013-10-16,15704780.772643432
2013-10-17,15921876.090567993
2013-10-18,16039408.371622473
2013-10-21,16100021.886365324
2013-10-22,16059369.63177234
2013-10-23,16207518.636836233
2013-10-24,16172735.103399057
2013-10-25,16157010.005705267
2013-10-28,16206609.78859562
2013-10-29,16139828.70477483
2013-10-30,16173821.850889215
2013-10-31,15979673.88228514
2013-11-01,15879497.177337665
2013-11-04,15944632.674737424
2013-11-05,16038135.202103993
2013-11-06,15953656.898180472
2013-11-07,16022737.399206849
2013-11-08,15859934.351267908
2013-11-11,16040359.792020675
2013-11-12,16087717.889316699
2013-11-13,16024526.699460259
2013-11-14,16065190.852001937
2013-11-15,16109068.732348505
2013-11-18,16213464.026414618
2013-11-19,16136337.631420588
2013-11-20,16128217.685308898
2013-11-21,16181291.000029223
2013-11-22,16272481.77990897
2013-11-25,16395213.012289006
2013-11-26,16459681.717096886
2013-11-27,16529351.427047396
2013-11-29,16609979.669296402
2013-12-02,16479856.11186818
2013-12-03,16429260.235170975
2013-12-04,16307443.165970968
2013-12-05,16361132.442856034
2013-12-06,16318819.012849888
2013-12-09,16410139.463753244
2013-12-10,16368058.591149157
2013-12-11,16285853.563861653
2013-12-12,16175653.139226472
2013-12-13,16187771.170820205
2013-12-16,16266454.420471076
2013-12-17,16353756.446783531
2013-12-18,16252833.855219753
2013-12-19,16417681.88557911
2013-12-20,16561657.955937564
2013-12-23,16667235.365487382
2013-12-24,16762625.832247531
2013-12-26,16724368.03181596
2013-12-27,16811855.677999217
2013-12-30,16785552.19080097
2013-12-31,16719723.457903987
2014-01-02,16771375.406487461
2014-01-03,16691777.145879464
2014-01-06,16563424.11790575
2014-01-07,16510012.215448955
2014-01-08,16561438.82852328
2014-01-09,16570456.537337488
2014-01-10,16581653.06014183
2014-01-13,16693290.33854166
2014-01-14,16490859.56693526
2014-01-15,16651275.245713985
2014-01-16,16730401.675162112
2014-01-17,16724628.83861493
2014-01-21,16721742.929710357
2014-01-22,16785295.482735816
2014-01-23,16789872.597434424
2014-01-24,16716515.48736286
2014-01-27,16355747.003864557
2014-01-28,16257147.958384449
2014-01-29,16313949.228990277
2014-01-30,16202070.551135525
2014-01-31,16292455.845408982
2014-02-03,16189906.376836024
2014-02-04,15944391.134460313
2014-02-05,15981096.636680152
2014-02-06,15887486.243219474
2014-02-07,15989425.716268532
2014-02-10,16124275.096473223
2014-02-11,16120157.988689985
2014-02-12,16303916.953848867
2014-02-13,16386309.029603662
2014-02-14,16428219.270507775
2014-02-18,16545510.265623644
2014-02-19,16540884.537409356
2014-02-20,16522599.129235657
2014-02-21,16599346.391009906
2014-02-24,16580958.604571994
2014-02-25,16621454.767832847
2014-02-26,16699436.569612581
2014-02-27,16662140.4033943
2014-02-28,16699077.896183195
2014-03-03,16733466.272244904
2014-03-04,16773704.139048953
2014-03-05,16903978.937223595
2014-03-06,16913423.1035591
2014-03-07,16976779.57137461
2014-03-10,16974757.992227208
2014-03-11,16911014.14016813
2014-03-12,16881242.012205742
2014-03-13,16917620.956463993
2014-03-14,16876032.605553567
2014-03-17,16791922.989493407
2014-03-18,16947382.577445284
2014-03-19,16997299.605587047
2014-03-20,16912801.441578887
2014-03-21,17095878.406606946
2014-03-24,17034883.343430713
2014-03-25,16964819.2167667
2014-03-26,16910651.799118105
2014-03-27,16812447.33483772
2014-03-28,16779931.49661308
2014-03-31,16927046.41095402
2014-04-01,17029217.37001959
2014-04-02,17145459.430928066
2014-04-03,17152515.974962547
2014-04-04,17054084.637827493
2014-04-07,16923467.919318587
2014-04-08,16787726.028856162
2014-04-09,16786930.255441908
2014-04-10,16964478.507481784
2014-04-11,16657603.642370988
2014-04-14,16500088.545720456
2014-04-15,16493062.493284069
2014-04-16,16525703.502259668
2014-04-17,16690419.725579562
2014-04-21,16702941.432716537
2014-04-22,16767136.765668191
2014-04-23,16757998.99105205
2014-04-24,16655078.509481631
2014-04-25,16658216.514792277
2014-04-28,16487336.939616371
2014-04-29,16468066.51244842
2014-04-30,16528909.644719502
2014-05-01,16568511.773026356
2014-05-02,16602029.993921487
2014-05-05,16546909.983243378
2014-05-06,16518297.09415027
2014-05-07,16398114.81869141
2014-05-08,16366179.139994403
2014-05-09,16453690.84920815
2014-05-12,16590102.518710595
2014-05-13,16548745.442352988
2014-05-14,16425162.319057036
2014-05-15,16393918.107368909
2014-05-16,16352927.461730823
2014-05-19,16431933.155915555
2014-05-20,16393538.737876652
2014-05-21,16279811.915969843
2014-05-22,16480005.64994333
2014-05-23,16599066.368295563
2014-05-27,16722074.9940567
2014-05-28,16705519.362910306
2014-05-29,16663487.989118293
2014-05-30,16733987.877809355
2014-06-02,16673087.502663959
2014-06-03,16653077.29162677
2014-06-04,16686361.777620995
2014-06-05,16917741.396026663
2014-06-06,17039971.181474026
2014-06-09,17131728.85235102
2014-06-10,17092765.504406437
2014-06-11,17039503.88047225
2014-06-12,17023181.670873094
2014-06-13,16921564.31394592
2014-06-16,16942507.725633368
2014-06-17,17018922.959284797
2014-06-18,17009428.0959536
2014-06-19,17095291.585056808
2014-06-20,17133931.882143237
2014-06-23,17099763.321071923
2014-06-24,17103557.845243
2014-06-25,16994788.757743374
2014-06-26,17032190.487915862
2014-06-27,17102111.64929611
2014-06-30,17117331.143398218
2014-07-01,17117985.74363527
2014-07-02,17145077.555524614
2014-07-03,17150594.45984871
2014-07-07,17092572.859939206
2014-07-08,17100034.097110555
2014-07-09,16959498.16411789
2014-07-10,16961032.632525027
2014-07-11,16869677.727448042
2014-07-14,16883676.225557283
2014-07-15,16905822.085462946
2014-07-16,16817220.1258454
2014-07-17,16868187.461955376
2014-07-18,16761548.553938767
2014-07-21,16840109.76473088
2014-07-22,16845330.0769532
2014-07-23,16851982.310392857
2014-07-24,16859956.509089537
2014-07-25,16765780.773386693
2014-07-28,16665670.679413803
2014-07-29,16670426.050058166
2014-07-30,16583606.486841751
2014-07-31,16592140.038314663
2014-08-01,16370228.0253372
2014-08-04,16321873.978176815
2014-08-05,16461470.756937323
2014-08-06,16403193.947137773
2014-08-07,16485811.26381272
2014-08-08,16426115.772998683
2014-08-11,16626737.228986876
2014-08-12,16610204.017538307
2014-08-13,16571384.639628654
2014-08-14,16651087.18067083
2014-08-15,16702306.988993105
2014-08-18,16755807.052139662
2014-08-19,16834397.75506349
2014-08-20,16831443.459760595
2014-08-21,16874115.219559196
2014-08-22,16901804.599290628
2014-08-25,16839594.882637568
2014-08-26,16955567.92659245
2014-08-27,16956027.041999485
2014-08-28,16905524.514431104
2014-08-29,16927967.93474967
2014-09-02,17011033.772602
2014-09-03,16962454.076594554
2014-09-04,16939315.816192787
2014-09-05,16917219.421559997
2014-09-08,17008980.5114761
2014-09-09,16948623.79616423
2014-09-10,16787201.660757314
2014-09-11,16872507.53518767
2014-09-12,16786812.991220973
2014-09-15,16635429.507176982
2014-09-16,16581637.18334374
2014-09-17,16689684.972802112
2014-09-18,16671834.043221828
2014-09-19,16676010.12970716
2014-09-22,16589149.614685489
2014-09-23,16455830.393838847
2014-09-24,16304857.743661795
2014-09-25,16479306.905990858
2014-09-26,16234827.71896168
2014-09-29,16321354.148031428
2014-09-30,16125392.699898355
2014-10-01,16178163.202217681
2014-10-02,16093784.43639134
2014-10-03,16049368.94358255
2014-10-06,16171230.772003029
2014-10-07,16208280.706687108
2014-10-08,16115557.422028957
2014-10-09,16300251.738780335
2014-10-10,16142877.546741106
2014-10-13,16281246.78926546
2014-10-14,16215981.942866808
2014-10-15,16301026.421606272
2014-10-16,16325226.399644984
2014-10-17,16173911.606312012
2014-10-20,16326170.510625286
2014-10-21,16380396.704666592
2014-10-22,16531500.42396411
2014-10-23,16446553.748985773
2014-10-24,16492524.568325413
2014-10-27,16588147.912288109
2014-10-28,16769057.991838083
2014-10-29,16816547.446860466
2014-10-30,16846675.53016959
2014-10-31,16959151.46151115
2014-11-03,17054344.726205703
2014-11-04,17066823.896336425
2014-11-05,16982944.068026334
2014-11-06,17011100.643428855
2014-11-07,17089699.517833162
2014-11-10,17002879.504752524
2014-11-11,16974597.048748147
2014-11-12,17080751.579476118
2014-11-13,17000301.248577338
2014-11-14,16966765.016827233
2014-11-17,16912811.74032325
2014-11-18,16886743.703932047
2014-11-19,16836576.07295604
2014-11-20,16917208.41492455
2014-11-21,16865428.36978824
2014-11-24,17015798.128747623
2014-11-25,17055133.915080447
2014-11-26,17070601.709754106
2014-11-28,16990901.101639964
2014-12-01,16922655.296262555
2014-12-02,16925930.33067815
2014-12-03,17028593.88285659
2014-12-04,17033003.73058531
2014-12-05,17022171.455602728
2014-12-08,16942898.067096327
2014-12-09,17117671.739023957
2014-12-10,17018193.453137923
2014-12-11,16892786.523898717
2014-12-12,16918010.793343272
2014-12-15,16671311.6093102
2014-12-16,16673478.788514817
2014-12-17,16666136.922562791
2014-12-18,16703541.102739278
2014-12-19,16972384.52087539
2014-12-22,17033371.93429775
2014-12-23,17844267.46420428
2014-12-24,17820234.853575084
2014-12-26,17876326.906765193
2014-12-29,17975995.564062174
2014-12-30,18031079.146069597
2014-12-31,17931181.447639015
2015-01-02,17838181.0709519
2015-01-05,17869984.11821134
2015-01-06,17617683.82474075
2015-01-07,17467746.272148974
2015-01-08,17532961.85989504
2015-01-09,17691782.67346636
2015-01-12,17635893.0587512
2015-01-13,17602717.463531427
2015-01-14,17600454.022335384
2015-01-15,17503663.587382715
2015-01-16,17446309.23804722
2015-01-20,17474528.107956916
2015-01-21,17420870.236100797
2015-01-22,17579108.746219948
2015-01-23,17740514.304743756
2015-01-26,17754677.47406084
2015-01-27,17866092.236003257
2015-01-28,17725016.50394793
2015-01-29,17626644.954039905
2015-01-30,17585382.280206382
2015-02-02,17442812.517958
2015-02-03,17641766.509089198
2015-02-04,17766101.40254337
2015-02-05,17776670.21679975
2015-02-06,17829700.404708873
2015-02-09,17774711.159668732
2015-02-10,17636764.14639619
2015-02-11,17750331.26425758
2015-02-12,17818872.256709334
2015-02-13,17892062.041123047
2015-02-17,17872083.558502864
2015-02-18,17939291.08615012
2015-02-19,17925720.058601003
2015-02-20,17915248.345674086
2015-02-23,18020310.08340307
2015-02-24,18014878.298133127
2015-02-25,18065383.66100585
2015-02-26,18057447.379278395
2015-02-27,18112957.438406494
2015-03-02,18091273.569835447
2015-03-03,18178324.56842812
2015-03-04,18107429.777132347
2015-03-05,18052006.579796705
2015-03-06,18002985.70071107
2015-03-09,17872542.619556572
2015-03-10,17984864.916611314
2015-03-11,17838904.25800585
2015-03-12,17956751.735826995
2015-03-13,18116434.84641211
2015-03-16,17941608.34613615
2015-03-17,18165525.29353214
2015-03-18,18149949.146706514
2015-03-19,18310416.627671115
2015-03-20,18323516.74885436
2015-03-23,18486103.647517238
2015-03-24,18501339.13359761
2015-03-25,18393201.0350567
2015-03-26,18224908.482970707
2015-03-27,18271448.690970935
2015-03-30,18306559.56767485
2015-03-31,18504506.993082475
2015-04-01,18466056.62088184
2015-04-02,18412136.99626815
2015-04-06,18422867.843880985
2015-04-07,18429101.330951054
2015-04-08,18429734.839948956
2015-04-09,18329357.15022412
2015-04-10,18401656.147544373
2015-04-13,18542537.13039152
2015-04-14,18492839.011303954
2015-04-15,18504542.673970617
2015-04-16,18554134.22082247
2015-04-17,18533776.1073614
2015-04-20,18448719.795037754
2015-04-21,18518687.17057488
2015-04-22,18510819.64354572
2015-04-23,18545026.214111682
2015-04-24,18522762.88523153
2015-04-27,18583596.8204711
2015-04-28,18551207.772525396
2015-04-29,18462942.211943995
2015-04-30,18301100.397548467
2015-05-01,18123398.432349484
2015-05-04,18196828.881757256
2015-05-05,18194967.09132872
2015-05-06,18149973.391742814
2015-05-07,18084438.68620754
2015-05-08,18064252.57369144
2015-05-11,18244497.00568102
2015-05-12,18261774.63435236
2015-05-13,18223610.82778926
2015-05-14,18288254.85619728
2015-05-15,18373984.63209118
2015-05-18,18422784.3155315
2015-05-19,18433784.27583811
2015-05-20,18465971.56559905
2015-05-21,18392600.6518408
2015-05-22,18367096.604447488
2015-05-26,18354416.435540207
2015-05-27,18272067.71135089
2015-05-28,18401862.001916558
2015-05-29,18406075.917100064
2015-06-01,18359959.345161155
2015-06-02,18396923.39548786
2015-06-03,18440077.191689517
2015-06-04,18447304.08140483
2015-06-05,18374619.336666048
2015-06-08,18370754.880611144
2015-06-09,18315065.72574654
2015-06-10,18344104.307716213
2015-06-11,18481549.02017055
2015-06-12,18574704.05476834
2015-06-15,18512909.447708253
2015-06-16,18501572.705039106
2015-06-17,18534602.27757539
2015-06-18,18593322.422848415
2015-06-19,18775154.88433894
2015-06-22,18688925.90348386
2015-06-23,18767143.880671453
2015-06-24,18796760.677721713
2015-06-25,18762594.917748276
2015-06-26,18710104.11361852
2015-06-29,18649487.246282265
2015-06-30,18366053.168345634
2015-07-01,18399224.257373817
2015-07-02,18444640.233970825
2015-07-06,18491889.037219867
2015-07-07,18400767.34104098
2015-07-08,18530902.248766035
2015-07-09,18275959.39478727
2015-07-10,18312832.896514036
2015-07-13,18434233.610343646
2015-07-14,18542017.0653378
2015-07-15,18560316.03748717
2015-07-16,18519676.652912527
2015-07-17,18571099.08713875
2015-07-20,18498089.24743637
2015-07-21,18483166.276476856
2015-07-22,18461786.99023231
2015-07-23,18245969.751394615
2015-07-24,18100558.191528946
2015-07-27,17981299.7663452
2015-07-28,17855409.62114535
2015-07-29,18104235.47769478
2015-07-30,18179891.253295023
2015-07-31,18212510.42381016
2015-08-03,18215439.618001543
2015-08-04,18127207.960663874
2015-08-05,18047388.23637878
2015-08-06,18143137.113824
2015-08-07,17970480.64372096
2015-08-10,17949095.441558305
2015-08-11,18099745.330307614
2015-08-12,17971063.80932192
2015-08-13,17961929.434230473
2015-08-14,18030376.835927244
2015-08-17,18092408.50774564
2015-08-18,18204895.87584229
2015-08-19,18161154.21471596
2015-08-20,18111761.776452027
2015-08-21,18006996.006441347
2015-08-24,17362489.71793097
2015-08-25,17206460.5474663
2015-08-26,17098743.518524047
2015-08-27,17222786.670782767
2015-08-28,17350635.22380413
2015-08-31,17362481.428752594
2015-09-01,17344419.949822932
2015-09-02,17223730.384537235
2015-09-03,17299104.687016945
2015-09-04,17314632.14632996
2015-09-08,17224614.563542742
2015-09-09,17324408.921282265
2015-09-10,17260340.6150407
2015-09-11,17302655.726669
2015-09-14,17315513.980786603
2015-09-15,17285784.761019792
2015-09-16,17332853.60182892
2015-09-17,17395641.471091997
2015-09-18,17413340.900372677
2015-09-21,17377055.453516673
2015-09-22,17392826.287941888
2015-09-23,17339987.48996565
2015-09-24,17348299.826146945
2015-09-25,17309882.2772001
2015-09-28,17301488.62985207
2015-09-29,17170484.249076698
2015-09-30,17021227.413269054
2015-10-01,18076359.57143954
2015-10-02,18183976.790596575
2015-10-05,18467407.768491488
2015-10-06,18668308.28556732
2015-10-07,18728268.15973013
2015-10-08,18888089.336621676
2015-10-09,18994577.243365157
2015-10-12,18995361.969164018
2015-10-13,18992364.57990507
2015-10-14,18834075.432878528
2015-10-15,18801451.52287655
2015-10-16,18861764.377746362
2015-10-19,18931986.547819328
2015-10-20,19074494.618034016
2015-10-21,18979902.760796867
2015-10-22,18939625.537838675
2015-10-23,19091351.814838696
2015-10-26,19211828.334190633
2015-10-27,19024281.274545748
2015-10-28,19194378.397285648
2015-10-29,19237511.10440971
2015-10-30,19183909.240342177
2015-11-02,19144940.77664897
2015-11-03,19216221.780313592
2015-11-04,19234568.45938979
2015-11-05,19225351.6344969
2015-11-06,19245421.774099555
2015-11-09,19097330.69770887
2015-11-10,18998360.957453217
2015-11-11,19047658.04082925
2015-11-12,18926508.71752432
2015-11-13,18812735.869201876
2015-11-16,18656359.77275359
2015-11-17,18756853.701691207
2015-11-18,18745502.118979584
2015-11-19,18868000.245950397
2015-11-20,18973200.31937473
2015-11-23,18950348.705429617
2015-11-24,18943041.842088196
2015-11-25,19023410.850613877
2015-11-27,19081730.286900956
2015-11-30,19139314.54441351
2015-12-01,19053711.98039178
2015-12-02,19167775.863286126
2015-12-03,19009536.3155823
2015-12-04,18702392.47240914
2015-12-07,18807989.170601215
2015-12-08,18695895.45139043
2015-12-09,18623632.002041712
2015-12-10,18501479.291563645
2015-12-11,18563966.661609955
2015-12-14,18212588.965067998
2015-12-15,18293629.448117483
2015-12-16,18466429.15571618
2015-12-17,18641162.50974299
2015-12-18,18528744.63441291
2015-12-21,18266753.953519233
2015-12-22,18370713.995775837
2015-12-23,18487663.159551345
2015-12-24,18644650.085697383
2015-12-28,18595112.110293433
2015-12-29,18589353.74430664
2015-12-30,18662950.38809948
2015-12-31,18539908.956888847
2016-01-04,18259814.95087854
2016-01-05,18098449.43956679
2016-01-06,18125979.822328743
2016-01-07,17961697.993098933
2016-01-08,17604774.99032521
2016-01-11,17480608.89739867
2016-01-12,17389164.676820576
2016-01-13,17351190.742686875
2016-01-14,17036790.06798497
2016-01-15,17241400.226075407
2016-01-19,16876253.060338333
2016-01-20,17046016.971160684
2016-01-21,16801018.13367777
2016-01-22,16938604.625549518
2016-01-25,17090709.62883432
2016-01-26,17063205.180154704
2016-01-27,17217526.289461695
2016-01-28,17085673.638317607
2016-01-29,17202295.403545592
2016-02-01,17372367.822665285
2016-02-02,17317141.42208391
2016-02-03,17140435.82057419
2016-02-04,17182786.8330574
2016-02-05,17198562.229018684
2016-02-08,17032123.506371737
2016-02-09,16769282.976509072
2016-02-10,16770394.515250959
2016-02-11,16627047.861351013
2016-02-12,16490596.26514796
2016-02-16,16768508.630819846
2016-02-17,16971991.152041093
2016-02-18,17150202.154804192
2016-02-19,17203041.096836083
2016-02-22,17132964.560775448
2016-02-23,17257198.77990281
2016-02-24,17229858.993512783
2016-02-25,17299198.537903637
2016-02-26,17515644.497884866
2016-02-29,17569919.338649668
2016-03-01,17423784.44256508
2016-03-02,17731669.17717245
2016-03-03,17820076.463547487
2016-03-04,17936884.93987161
2016-03-07,18067203.711696275
2016-03-08,17960163.24828491
2016-03-09,17847609.69819348
2016-03-10,17809632.11824753
2016-03-11,17892173.041096345
2016-03-14,18044794.069204945
2016-03-15,17923001.102548633
2016-03-16,17933397.47109309
2016-03-17,18326719.89303676
2016-03-18,18465558.520276766
2016-03-21,18443725.197753817
2016-03-22,18438709.86282434
2016-03-23,18300888.136595696
2016-03-24,18340783.672391612
2016-03-28,18298295.766417485
2016-03-29,18492684.55868845
2016-03-30,18585247.294787146
2016-03-31,18640447.220621098
2016-04-01,18563671.77669466
2016-04-04,18580062.388985272
2016-04-05,18561619.006328534
2016-04-06,18342534.145352352
2016-04-07,18471376.544003353
2016-04-08,18395217.48744766
2016-04-11,18434309.912891436
2016-04-12,18348064.619558785
2016-04-13,18584266.262916453
2016-04-14,18691253.365545586
2016-04-15,18721922.51468119
2016-04-18,18697230.511498716
2016-04-19,18862724.115163065
2016-04-20,18866161.260147464
2016-04-21,18817606.517648578
2016-04-22,18891199.15229968
2016-04-25,18834531.30092494
2016-04-26,18915742.956705436
2016-04-27,18937371.22998596
2016-04-28,18989402.714632772
2016-04-29,18769306.01733642
2016-05-02,18741430.135333274
2016-05-03,18899645.448353242
2016-05-04,18813462.868565753
2016-05-05,18691538.256162893
2016-05-06,18682569.913934518
2016-05-09,18691140.171771005
2016-05-10,18697155.013088938
2016-05-11,18773493.214943998
2016-05-12,18628231.67207458
2016-05-13,18683277.89572411
2016-05-16,18578778.962142568
2016-05-17,18549479.238479197
2016-05-18,18456034.229599353
2016-05-19,18371832.382257655
2016-05-20,18412923.77702054
2016-05-23,18490516.71967027
2016-05-24,18562946.932637982
2016-05-25,18662387.216465503
2016-05-26,18732331.190830622
2016-05-27,18802583.069754254
2016-05-31,18878470.191680957
2016-06-01,18938947.759023853
2016-06-02,18975598.11537076
2016-06-03,18978015.96164866
2016-06-06,18990138.33084603
2016-06-07,19085102.176821735
2016-06-08,19197827.34557536
2016-06-09,19185494.08070209
2016-06-10,19127044.340207003
2016-06-13,18942970.509402957
2016-06-14,18861459.699115787
2016-06-15,18787975.233806655
2016-06-16,18706227.544435997
2016-06-17,18746984.135143593
2016-06-20,18770986.528307356
2016-06-21,18775686.193609692
2016-06-22,18757864.719194498
2016-06-23,18799471.88270456
2016-06-24,18897660.237757053
2016-06-27,18221157.38834478
2016-06-28,17912564.87742628
2016-06-29,18123436.909502428
2016-06-30,18401707.605325196
2016-07-01,18586128.897811282
2016-07-05,18561209.17795881
2016-07-06,18443323.94520671
2016-07-07,18540590.014928773
2016-07-08,18643898.99034742
2016-07-11,18965147.898478296
2016-07-12,19079324.580244433
2016-07-13,19206673.934624046
2016-07-14,19123394.38950881
2016-07-15,19259742.14004998
2016-07-18,19157198.420890413
2016-07-19,19191462.38852774
2016-07-20,19190583.363603476
2016-07-21,19134109.323088996
2016-07-22,19155999.043145612
2016-07-25,19210494.15149041
2016-07-26,19258264.656510048
2016-07-27,19256691.034004368
2016-07-28,19214461.325062696
2016-07-29,19234561.718142167
2016-08-01,19270935.88750602
2016-08-02,19224215.062557135
2016-08-03,19113673.077986717
2016-08-04,19114235.321148317
2016-08-05,19180733.060268465
2016-08-08,19267873.567821212
2016-08-09,19287682.025709126
2016-08-10,19281653.722731523
2016-08-11,19198547.964923967
2016-08-12,19291447.106233172
2016-08-15,19347320.78820067
2016-08-16,19400434.95904215
2016-08-17,19245898.37797852
2016-08-18,19335440.66505973
2016-08-19,19379298.269651264
2016-08-22,19362524.166481186
2016-08-23,19427656.473862033
2016-08-24,19479008.162452072
2016-08-25,19439933.98267072
2016-08-26,19414253.89293574
2016-08-29,19372531.77265602
2016-08-30,19529399.076998483
2016-08-31,19565863.6132249
2016-09-01,19491808.943339366
2016-09-02,19553911.86869386
2016-09-06,19532709.97147184
2016-09-07,19751707.71771082
2016-09-08,19706928.989225976
2016-09-09,19647863.101125985
2016-09-12,19122862.686579295
2016-09-13,19347332.82662291
2016-09-14,19046117.141807325
2016-09-15,18998590.036739156
2016-09-16,19206292.04203149
2016-09-19,19184864.89175358
2016-09-20,19089780.130185965
2016-09-21,18996520.10746017
2016-09-22,19369279.920727648
2016-09-23,19444005.24571675
2016-09-26,19417884.308132812
2016-09-27,19188449.02998294
2016-09-28,19290434.924110837
2016-09-29,19320359.00019535
2016-09-30,19176535.43366581
2016-10-03,19227016.817506164
2016-10-04,19225028.153401025
2016-10-05,19124298.757094104
2016-10-06,19204402.211136423
2016-10-07,19234971.63092406
2016-10-10,19169029.34719425
2016-10-11,19255168.95534651
2016-10-12,19108652.938395288
2016-10-13,19051177.783430334
2016-10-14,19039528.55229081
2016-10-17,19106783.786855657
2016-10-18,18994503.526324615
2016-10-19,19086704.19168955
2016-10-20,19079839.50697813
2016-10-21,19096803.939520802
2016-10-24,19140170.928788092
2016-10-25,19189497.367789287
2016-10-26,19152814.836719953
2016-10-27,19075884.784049824
2016-10-28,18986677.82263017
2016-10-31,19036822.96312678
2016-11-01,18905888.125433087
2016-11-02,18792612.529102
2016-11-03,18893070.052793417
2016-11-04,18923665.823708434
2016-11-07,18767207.6604765
2016-11-08,19083487.802614156
2016-11-09,19430866.558528952
2016-11-10,19789714.40029663
2016-11-11,20305786.327244353
2016-11-14,20289675.61243562
2016-11-15,20211692.541755825
2016-11-16,20475535.287860297
2016-11-17,20441243.85591502
2016-11-18,20742212.411196474
2016-11-21,20634443.397265796
2016-11-22,20925846.28666105
2016-11-23,20959563.234247703
2016-11-25,20979400.4755759
2016-11-28,20995412.897172
2016-11-29,20882696.847548377
2016-11-30,20909582.729544614
2016-12-01,20911458.06332585
2016-12-02,20781532.994565718
2016-12-05,20981299.012726795
2016-12-06,21156151.70256825
2016-12-07,21193534.787189987
2016-12-08,21656358.657691423
2016-12-09,21640720.39636399
2016-12-12,21689195.935431357
2016-12-13,21437316.914772443
2016-12-14,21530968.769891955
2016-12-15,21431533.77700348
2016-12-16,21573433.125123177
2016-12-19,21628669.707471203
2016-12-20,21719888.026070993
2016-12-21,21812718.997245945
2016-12-22,21728312.378498603
2016-12-23,21749798.444487195
2016-12-27,21776730.42653986
2016-12-28,21818430.97325816
2016-12-29,21756025.46765562
2016-12-30,21689732.565050766
2017-01-03,21592669.766918037
2017-01-04,21805786.075143967
2017-01-05,21739722.533830307
2017-01-06,21588869.423751347
2017-01-09,21560193.95794204
2017-01-10,21679805.890494175
2017-01-11,21707644.415061317
2017-01-12,21639190.669578534
2017-01-13,21661377.813559778
2017-01-17,21524272.898205396
2017-01-18,21491428.32198755
2017-01-19,21454981.959328204
2017-01-20,21361261.53322987
2017-01-23,21450071.050874397
2017-01-24,21496776.405966967
2017-01-25,21644882.28618761
2017-01-26,21760936.682674102
2017-01-27,21758855.730770808
2017-01-30,21640790.172421847
2017-01-31,21534695.50881361
2017-02-01,21529107.19824826
2017-02-02,21485984.34954804
2017-02-03,21603794.774445955
2017-02-06,21667658.440814774
2017-02-07,21629069.691048346
2017-02-08,21463374.92164808
2017-02-09,21509838.778799757
2017-02-10,21664715.183034595
2017-02-13,21734323.53778168
2017-02-14,21721170.360700376
2017-02-15,21772724.654709313
2017-02-16,21843131.58555781
2017-02-17,21779587.24838329
2017-02-21,21840920.69374925
2017-02-22,21960082.22140122
2017-02-23,21968461.093373228
2017-02-24,21930978.008242864
2017-02-27,21953744.09626619
2017-02-28,21873486.6604975
2017-03-01,21796989.767256003
2017-03-02,22087433.250747804
2017-03-03,22012810.771294754
2017-03-06,22003943.596100878
2017-03-07,21878467.0241386
2017-03-08,21756733.745032564
2017-03-09,21610376.33004535
2017-03-10,21674937.25450099
2017-03-13,21796633.742201902
2017-03-14,21809517.93458842
2017-03-15,21718458.89080146
2017-03-16,22007092.70744303
2017-03-17,22103837.198020082
2017-03-20,22002309.9474681
2017-03-21,21887772.976280533
2017-03-22,21516948.87596072
2017-03-23,21669378.176370386
2017-03-24,21659553.850194696
2017-03-27,21685929.928963162
2017-03-28,21578860.618178785
2017-03-29,21840797.59336178
2017-03-30,21915712.4957333
2017-03-31,22001184.312510062
2017-04-03,21786656.728627402
2017-04-04,21696679.703035276
2017-04-05,21617584.579332262
2017-04-06,21638931.284156505
2017-04-07,21720270.889092825
2017-04-10,21776390.20469337
2017-04-11,21856463.611623313
2017-04-12,21761165.678690664
2017-04-13,21666953.145445224
2017-04-17,21536703.892420582
2017-04-18,21809236.77536891
2017-04-19,21854457.29644844
2017-04-20,21838200.326997478
2017-04-21,22104934.300516527
2017-04-24,22001257.58650647
2017-04-25,22283870.465803772
2017-04-26,22595228.283432517
2017-04-27,22584829.83046114
2017-04-28,22469022.37560185
2017-05-01,22497919.50430166
2017-05-02,22481821.665977806
2017-05-03,22302163.13923374
2017-05-04,22181513.81376478
2017-05-05,22226996.668665722
2017-05-08,22217906.91285531
2017-05-09,22196845.386266418
2017-05-10,22214269.389468648
2017-05-11,22172936.77877164
2017-05-12,22016807.73362687
2017-05-15,22010486.31354166
2017-05-16,22108407.10295041
2017-05-17,22131642.544750832
2017-05-18,21669533.709966235
2017-05-19,21652046.61932119
2017-05-22,21789591.379201725
2017-05-23,21902634.736914672
2017-05-24,21986461.36634241
2017-05-25,21959411.850487832
2017-05-26,22044454.654303648
2017-05-30,21924928.43138821
2017-05-31,21936762.525268592
2017-06-01,22010735.774042428
2017-06-02,22231153.769490518
2017-06-05,22216434.625283588
2017-06-06,22247257.19888103
2017-06-07,22151544.6322552
2017-06-08,22383954.30398524
2017-06-09,22524856.890328802
2017-06-12,22494052.592500966
2017-06-13,22451046.946897555
2017-06-14,22533656.12830498
2017-06-15,22484941.945645362
2017-06-16,22446275.950936977
2017-06-19,22299245.394197594
2017-06-20,22509765.8269741
2017-06-21,22234055.67088241
2017-06-22,22282950.03041458
2017-06-23,22395050.38488438
2017-06-26,22450237.15352009
2017-06-27,22501304.230456904
2017-06-28,22317683.309106167
2017-06-29,22540290.241314296
2017-06-30,22218973.27519691
2017-07-03,22282977.546678845
2017-07-05,22276436.627083052
2017-07-06,22396015.122230932
2017-07-07,22279083.07838618
2017-07-10,22327184.070873693
2017-07-11,22374337.46813011
2017-07-12,22330206.40330289
2017-07-13,22410323.325419694
2017-07-14,22411423.370588522
2017-07-17,22556861.16666348
2017-07-18,22529308.238253754
2017-07-19,22537470.438946415
2017-07-20,22614261.019021466
2017-07-21,22585204.199195795
2017-07-24,22572003.401873045
2017-07-25,22603276.204630516
2017-07-26,22657476.750718713
2017-07-27,22584925.903236356
2017-07-28,22586712.746743623
2017-07-31,22640570.700870343
2017-08-01,22622996.83925628
2017-08-02,22466174.624242548
2017-08-03,22371794.12960338
2017-08-04,22365805.255099013
2017-08-07,22401951.6748351
2017-08-08,22550438.150467087
2017-08-09,22438140.43740359
2017-08-10,22470599.97196071
2017-08-11,22216632.48044667
2017-08-14,22318518.947336894
2017-08-15,22406542.750925593
2017-08-16,22412946.66912775
2017-08-17,22495171.131523218
2017-08-18,22248161.109445203
2017-08-21,22227471.656615295
2017-08-22,22095082.968100965
2017-08-23,22280528.84364603
2017-08-24,22279016.57522421
2017-08-25,22234317.666084584
2017-08-28,22244711.658733383
2017-08-29,22214514.398235105
2017-08-30,22228450.47993098
2017-08-31,22368958.80527678
2017-09-01,22498321.692615446
2017-09-05,22471414.429695666
2017-09-06,22310674.79412481
2017-09-07,22344678.015658252
2017-09-08,22396670.278535213
2017-09-11,22401878.877195165
2017-09-12,22564899.079589117
2017-09-13,22593096.97759304
2017-09-14,22590506.812426433
2017-09-15,22603019.64182491
2017-09-18,22654610.34303038
2017-09-19,22683122.717601836
2017-09-20,22718734.679556534
2017-09-21,22806673.635949064
2017-09-22,22899630.194396105
2017-09-25,22911322.769998983
2017-09-26,23013978.92665253
2017-09-27,23196576.869627457
2017-09-28,23347599.912073284
2017-09-29,23251655.17325819
2017-10-02,23433849.127979256
2017-10-03,23519633.970359553
2017-10-04,23507297.814767472
2017-10-05,23478482.926121604
2017-10-06,23603321.714256994
2017-10-09,23580510.044298768
2017-10-10,23573192.72305072
2017-10-11,23550026.21853363
2017-10-12,23610866.396011725
2017-10-13,23545846.606017075
2017-10-16,23510546.448239475
2017-10-17,23632416.163248014
2017-10-18,23721434.698662296
2017-10-19,23713909.698573984
2017-10-20,23694724.14544303
2017-10-23,23775746.117141243
2017-10-24,23662634.670795836
2017-10-25,23632015.200414747
2017-10-26,23534694.3116177
2017-10-27,23467346.6750602
2017-10-30,23449969.247181695
2017-10-31,23566248.6523401
2017-11-01,23453497.80910954
2017-11-02,23464410.786134683
2017-11-03,23318301.407120265
2017-11-06,23307726.59298296
2017-11-07,23184002.0484575
2017-11-08,23162092.33428514
2017-11-09,23232704.640850093
2017-11-10,23160821.80599572
2017-11-13,23114695.8361169
2017-11-14,23175316.393209565
2017-11-15,23192950.908039805
2017-11-16,23178735.591572322
2017-11-17,23437310.196808737
2017-11-20,23459010.77911768
2017-11-21,23503671.00200232
2017-11-22,23653714.667198293
2017-11-24,23626052.992482036
2017-11-27,23668134.96306802
2017-11-28,23680289.480962697
2017-11-29,23935599.783321593
2017-11-30,23773686.582092904
2017-12-01,23863957.407836244
2017-12-04,23855144.700977277
2017-12-05,23763511.98647114
2017-12-06,23609190.85503916
2017-12-07,23562574.115225714
2017-12-08,23472529.01657927
2017-12-11,23488758.847828567
2017-12-12,23559304.63889126
2017-12-13,23693292.44260051
2017-12-14,23621414.320005823
2017-12-15,23684966.540884234
2017-12-18,23829890.27010577
2017-12-19,23890027.662743405
2017-12-20,23873867.106565572
2017-12-21,23852487.508104023
2017-12-22,23849473.92556968
2017-12-26,23864353.16098052
2017-12-27,23842332.37174271
2017-12-28,23921364.628204193
2017-12-29,23888501.06257421
2018-01-02,23794042.570378076
2018-01-03,23767410.480919432
2018-01-04,23759289.09738936
2018-01-05,23755611.50261679
2018-01-08,23874269.375671476
2018-01-09,23787253.522963703
2018-01-10,23846682.700095937
2018-01-11,23913452.779545132
2018-01-12,23961298.42872977
2018-01-16,24000683.575471334
2018-01-17,23935615.31289606
2018-01-18,23978959.1107013
2018-01-19,24051728.55628312
2018-01-22,23988744.893333677
2018-01-23,24128914.89676296
2018-01-24,24102018.42528914
2018-01-25,24146424.390935343
2018-01-26,23926914.5401081
2018-01-29,24040686.91840374
2018-01-30,23957408.145355947
2018-01-31,23721474.056572706
2018-02-01,23749611.377931736
2018-02-02,23800830.754995577
2018-02-05,23479079.70192053
2018-02-06,22666343.822184123
2018-02-07,22994419.218382
2018-02-08,23061961.064123746
2018-02-09,22594052.90304475
2018-02-12,22619304.544217035
2018-02-13,22775386.193295207
2018-02-14,22793512.438990004
2018-02-15,22886450.383841444
2018-02-16,23113324.201619666
2018-02-20,23107736.0492449
2018-02-21,23105809.969512295
2018-02-22,22952490.161598437
2018-02-23,22905065.19605021
2018-02-26,23037763.251937766
2018-02-27,23065347.36518072
2018-02-28,22870246.42932708
2018-03-01,23001122.506555732
2018-03-02,22981293.346491717
2018-03-05,22898504.849246696
2018-03-06,23200425.769102257
2018-03-07,23356792.84679814
2018-03-08,23317241.431961037
2018-03-09,23388389.232031696
2018-03-12,23706877.422503088
2018-03-13,23710011.605952382
2018-03-14,23668690.89289719
2018-03-15,23611451.88083278
2018-03-16,23705142.210873403
2018-03-19,23758816.560109966
2018-03-20,23519652.44845295
2018-03-21,23613319.524989042
2018-03-22,23594283.574383847
2018-03-23,23207858.235985648
2018-03-26,23042228.778755832
2018-03-27,23368718.87790407
2018-03-28,23317154.410917636
2018-03-29,23186408.26006637
2018-04-02,23291742.61992035
2018-04-03,23127742.402788177
2018-04-04,23294930.914975323
2018-04-05,23491557.677314967
2018-04-06,23554392.19716761
2018-04-09,23235742.722870048
2018-04-10,23299827.291937772
2018-04-11,23532894.59441615
2018-04-12,23348950.779216226
2018-04-13,23424758.681081723
2018-04-16,23532601.404457137
2018-04-17,23618357.59257607
2018-04-18,23768238.169650365
2018-04-19,23732342.177006576
2018-04-20,23736303.00321209
2018-04-23,23585831.450868122
2018-04-24,23693689.179653287
2018-04-25,23487161.762740962
2018-04-26,23423709.28570245
2018-04-27,23461557.96116922
2018-04-30,23384732.94663122
2018-05-01,23343200.055400364
2018-05-02,23352994.394501537
2018-05-03,23302796.693747845
2018-05-04,23353312.383679163
2018-05-07,23523801.252310324
2018-05-08,23675970.27302757
2018-05-09,23622172.415337823
2018-05-10,23701692.002347045
2018-05-11,23784733.90279662
2018-05-14,23714129.494474232
2018-05-15,23801827.968544498
2018-05-16,23833441.359995794
2018-05-17,23972530.583291303
2018-05-18,24036401.440725897
2018-05-21,24094746.508032996
2018-05-22,24200612.680064823
2018-05-23,24221211.01127017
2018-05-24,24241715.13213026
2018-05-25,24260584.72063846
2018-05-29,24353624.144628707
2018-05-30,24303140.496316426
2018-05-31,24383294.144024797
2018-06-01,24291868.873427875
2018-06-04,24544273.101307318
2018-06-05,24683411.42565696
2018-06-06,24709869.895317834
2018-06-07,24897058.649094816
2018-06-08,24856625.559885412
2018-06-11,24919012.483424507
2018-06-12,24919877.0179466
2018-06-13,24898412.13937303
2018-06-14,24924676.029780537
2018-06-15,24976155.586737186
2018-06-18,25070814.511135593
2018-06-19,25114845.518324554
2018-06-20,25128869.323940642
2018-06-21,25166762.14156747
2018-06-22,25124810.248947456
2018-06-25,25104182.099713977
2018-06-26,24966746.11404338
2018-06-27,24840449.991438873
2018-06-28,24694345.157946225
2018-06-29,24653526.750180528
2018-07-02,24847295.063362807
2018-07-03,24970398.076266557
2018-07-05,24982069.0389582
2018-07-06,25054107.759362705
2018-07-09,25160714.254001874
2018-07-10,25099133.251807265
2018-07-11,25157001.166248586
2018-07-12,24952249.39482344
2018-07-13,25008913.390471883
2018-07-16,24980414.66493477
2018-07-17,24914234.509300016
2018-07-18,24991470.156986933
2018-07-19,25112597.223079275
2018-07-20,25069188.39449424
2018-07-23,25095836.113106195
2018-07-24,25005263.86978114
2018-07-25,24937163.611245155
2018-07-26,25146669.12653004
2018-07-27,25018157.73271732
2018-07-30,24845045.978478864
2018-07-31,24830728.447822034
2018-08-01,24889297.762653388
2018-08-02,24880520.68814709
2018-08-03,24812507.366334222
2018-08-06,24861186.912945513
2018-08-07,24816098.59161366
2018-08-08,24878237.40427966
2018-08-09,24880465.471557584
2018-08-10,24916209.894096956
2018-08-13,24842449.636843074
2018-08-14,24833373.672788277
2018-08-15,24860135.54762552
2018-08-16,24824430.81679747
2018-08-17,24924120.004388046
2018-08-20,24935518.196353804
2018-08-21,25080066.34011359
2018-08-22,25108476.098374758
2018-08-23,25058471.941211406
2018-08-24,25004879.67624807
2018-08-27,24934845.97006569
2018-08-28,24964533.536512095
2018-08-29,24919556.346550565
2018-08-30,25028850.902499627
2018-08-31,25027377.0163195
2018-09-04,25007101.307113707
2018-09-05,25059887.076129872
2018-09-06,24994416.759627804
2018-09-07,24999537.28967691
2018-09-10,24963993.84894124
2018-09-11,24911685.18709973
2018-09-12,24899625.590337276
2018-09-13,24861073.223758653
2018-09-14,25081056.08700707
2018-09-17,25085791.880359545
2018-09-18,24991418.09248875
2018-09-19,25017771.88100293
2018-09-20,25085622.035641436
2018-09-21,25174342.705290757
2018-09-24,25027805.601979923
2018-09-25,24909760.70854176
2018-09-26,24723432.90752741
2018-09-27,24650122.24171737
2018-09-28,24658015.910468023
2018-10-01,24450926.25248242
2018-10-02,24344590.17419435
2018-10-03,24440701.002663925
2018-10-04,24393962.87081936
2018-10-05,24294788.951542154
2018-10-08,24327273.795412347
2018-10-09,24267012.615143683
2018-10-10,24262998.656826314
2018-10-11,23834428.19484141
2018-10-12,23376441.99773257
2018-10-15,23684115.474409517
2018-10-16,23666569.424741358
2018-10-17,23793169.83219523
2018-10-18,23714718.98071682
2018-10-19,23470894.180271577
2018-10-22,23577952.845254026
2018-10-23,23504308.656933922
2018-10-24,23365419.75988067
2018-10-25,23114592.78970243
2018-10-26,23236715.966904163
2018-10-29,23116369.0227444
2018-10-30,22998786.67430269
2018-10-31,23088346.579617895
2018-11-01,23235500.15552038
2018-11-02,23381313.127856467
2018-11-05,23309524.19769238
2018-11-06,23413571.150979623
2018-11-07,23458787.678315397
2018-11-08,23822515.03297551
2018-11-09,23776315.86467045
2018-11-12,23697625.619585842
2018-11-13,23509069.614625443
2018-11-14,23503182.458930228
2018-11-15,23420593.58900991
2018-11-16,23524193.023651652
2018-11-19,23641606.865242466
2018-11-20,23351096.412246622
2018-11-21,23241394.02823595
2018-11-23,23371190.38613807
2018-11-26,23188194.825451225
2018-11-27,23198750.48339782
2018-11-28,23228255.301139027
2018-11-29,23428576.90004315
2018-11-30,23443594.982243184
2018-12-03,23436769.18828937
2018-12-04,23297337.583455283
2018-12-06,22913396.298355915
2018-12-07,23028347.384722993
2018-12-10,22667066.97756102
2018-12-11,22650985.17186873
2018-12-12,22659168.814866055
2018-12-13,22584260.31503444
2018-12-14,22612446.27964971
2018-12-17,22329833.219764307
2018-12-18,22169742.617819376
2018-12-19,22093056.012814358
2018-12-20,21883372.57944252
2018-12-21,21768560.598572157
2018-12-24,21418670.834755585
2018-12-26,21287673.937176913
2018-12-27,21437201.871515054
2018-12-28,21513033.663440067
2018-12-31,21374146.001680586
2019-01-02,21565043.376767423
2019-01-03,21729875.906643406
2019-01-04,21686667.028324608
2019-01-07,22027040.187120955
2019-01-08,22189241.671160586
2019-01-09,22326052.9432929
2019-01-10,22361245.91043093
2019-01-11,22407193.095631696
2019-01-14,22374775.12930057
2019-01-15,22254724.87970181
2019-01-16,22417459.926302064
2019-01-17,22452393.933112692
2019-01-18,22514428.70698074
2019-01-22,22608846.66570188
2019-01-23,22459717.61763001
2019-01-24,22545747.93258478
2019-01-25,22573857.046097796
2019-01-28,22695692.350686975
2019-01-29,22655618.298675247
2019-01-30,22646225.140011694
2019-01-31,22729096.12659412
2019-02-01,22849840.40585332
2019-02-04,22879437.35276413
2019-02-05,22961837.47471133
2019-02-06,23019673.59849458
2019-02-07,23035916.014842387
2019-02-08,22986668.089847762
2019-02-11,23105808.967421107
2019-02-12,23121144.905982453
2019-02-13,23244484.989195876
2019-02-14,23322523.159535605
2019-02-15,23360737.778225515
2019-02-19,23531824.63223441
2019-02-20,23530764.854047824
2019-02-21,23568294.732558127
2019-02-22,23620745.639158085
2019-02-25,23637237.919603962
2019-02-26,23627356.620910402
2019-02-27,23572741.22793402
2019-02-28,23525922.500075515
2019-03-01,23488220.98984776
2019-03-04,23558832.301585387
2019-03-05,23471276.133642204
2019-03-06,23336675.475919787
2019-03-07,23266372.93858471
2019-03-08,23205432.697212033
2019-03-11,23243742.22488577
2019-03-12,23355737.014475387
2019-03-13,23379016.843798243
2019-03-14,23435230.716956776
2019-03-15,23389919.23212602
2019-03-18,23491997.735619985
2019-03-19,23459739.43970775
2019-03-20,23426757.37330012
2019-03-21,23365369.473879166
2019-03-22,23343041.527201924
2019-03-25,23240710.233656153
2019-03-26,23327299.702346623
2019-03-27,23487647.1053797
2019-03-28,23476983.71439248
2019-03-29,23371997.661003094
2019-04-01,23548029.1475436
2019-04-02,23683563.37014245
2019-04-03,23658399.650444824
2019-04-04,23769630.9755777
2019-04-05,23871775.97776654
2019-04-08,23856980.244639132
2019-04-09,23679930.47031064
2019-04-10,23749024.213674165
2019-04-11,23827602.151179034
2019-04-12,23774679.06920454
2019-04-15,23814224.42178336
2019-04-16,23867092.583180334
2019-04-17,23899238.903992847
2019-04-18,23830983.66279358
2019-04-22,23733273.43437903
2019-04-23,23895781.26176494
2019-04-24,24170452.52802274
2019-04-25,23929006.82251749
2019-04-26,24066686.609763864
2019-04-29,24172979.921762627
2019-04-30,24192864.871568862
2019-05-01,24237311.014313444
2019-05-02,24176657.494703572
2019-05-03,24318258.934505526
2019-05-06,24557273.15005537
2019-05-07,24514425.7293028
2019-05-08,24160099.86487433
2019-05-09,24151924.451110907
2019-05-10,24105271.829157062
2019-05-13,24143381.254871804
2019-05-14,23772894.66370211
2019-05-15,23880096.716541696
2019-05-16,23893019.182484638
2019-05-17,23951724.925211985
2019-05-20,23879068.598730862
2019-05-21,23806500.012297675
2019-05-22,23869131.433847282
2019-05-23,23737672.84503686
2019-05-24,23600598.008957475
2019-05-28,23746369.564612646
2019-05-29,23549061.437168084
2019-05-30,23309412.203058533
2019-05-31,23381705.873460017
2019-06-03,23333301.945728745
2019-06-04,23300087.549429692
2019-06-05,23480120.70624519
2019-06-06,23455201.893582255
2019-06-07,23520697.877412554
2019-06-10,23726713.350508317
2019-06-11,23767283.41711917
2019-06-12,23798056.22781478
2019-06-13,23877368.83565644
2019-06-14,23889252.55865048
2019-06-17,23868988.60216297
2019-06-18,23841980.980669267
2019-06-19,23965403.720983163
2019-06-20,23805084.189649746
2019-06-21,23858621.585158948
2019-06-24,23752097.485217404
2019-06-25,23874343.963690486
2019-06-26,23693876.675823495
2019-06-27,23907654.73769957
2019-06-28,24073240.366329182
2019-07-01,23988053.75188242
2019-07-02,23996112.284573805
2019-07-03,24010065.583891556
2019-07-05,24221519.06405998
2019-07-08,24187932.080238443
2019-07-09,24098527.31248646
2019-07-10,24121257.855854258
2019-07-11,24134909.72543747
2019-07-12,24241248.532346733
2019-07-15,24269465.777867664
2019-07-16,24336297.85381983
2019-07-17,24300208.377635
2019-07-18,24162706.45305781
2019-07-19,24197234.80546601
2019-07-22,24048111.869847894
2019-07-23,24067731.35964819
2019-07-24,24292976.349583827
2019-07-25,24284652.260869756
2019-07-26,24309603.834792353
2019-07-29,24322854.934671998
2019-07-30,24513466.014214184
2019-07-31,24537255.05745794
2019-08-01,24332392.084677678
2019-08-02,24205825.725536823
2019-08-05,24090134.75707834
2019-08-06,23674467.795878507
2019-08-07,23793394.677580535
2019-08-08,23873301.940559436
2019-08-09,24197945.76876053
2019-08-12,24170540.103558976
2019-08-13,23898178.29138177
2019-08-14,24118228.434445985
2019-08-15,23668814.817954667
2019-08-16,23729560.443294127
2019-08-19,23906551.188647144
2019-08-20,24098612.47101196
2019-08-21,23998310.239029612
2019-08-22,24071961.125273034
2019-08-23,24044244.054132998
2019-08-26,23764720.966163598
2019-08-27,23811472.369932335
2019-08-28,23783496.536423393
2019-08-29,23850867.664702475
2019-08-30,24012893.994491026
2019-09-03,23927341.530077856
2019-09-04,23852259.77570783
2019-09-05,24053896.60302945
2019-09-06,24183677.48747767
2019-09-09,24440073.085364673
2019-09-10,24640066.410895776
2019-09-11,24829715.218351923
2019-09-12,24893282.2406671
2019-09-13,25047415.00861057
2019-09-16,25077068.445686154
2019-09-17,24983192.69821065
2019-09-18,24887341.47324766
2019-09-19,24886034.965256013
2019-09-20,24952875.520704642
2019-09-23,24847952.347069077
2019-09-24,24804869.898062415
2019-09-25,24860471.183115043
2019-09-26,24856378.694361687
2019-09-27,24845124.700166762
2019-09-30,24667116.029387157
2019-10-01,24590401.46157054
2019-10-02,24565118.184969317
2019-10-03,24222202.924399946
2019-10-04,24277874.086232483
2019-10-07,24443503.141544633
2019-10-08,24358142.804063924
2019-10-09,24133181.883583073
2019-10-10,24194151.665461924
2019-10-11,24273525.62185845
2019-10-14,24366790.410932586
2019-10-15,24365492.008160293
2019-10-16,24526809.4847218
2019-10-17,24598582.685855098
2019-10-18,24657712.294260126
2019-10-21,24680245.743660983
2019-10-22,24784269.815698244
2019-10-23,24762036.01794531
2019-10-24,24819850.519491985
2019-10-25,24765788.164893832
2019-10-28,24812584.42438178
2019-10-29,24999937.694193296
2019-10-30,24946638.86976561
2019-10-31,24976325.638776846
2019-11-01,24929033.023162454
2019-11-04,25076714.88778515
2019-11-05,25177243.403185107
2019-11-06,25272026.29765922
2019-11-07,25196966.084924515
2019-11-08,25108348.458554808
2019-11-11,25110441.916665092
2019-11-12,25079405.58018163
2019-11-13,25046937.072635796
2019-11-14,25122183.27986286
2019-11-15,25080478.17120613
2019-11-18,25200734.561914857
2019-11-19,25281397.25011268
2019-11-20,25243100.904883586
2019-11-21,25160989.576061856
2019-11-22,25109913.076008618
2019-11-25,25801948.867035326
2019-11-26,25849132.27851924
2019-11-27,25889928.03092094
2019-11-29,25971938.3485701
2019-12-02,25903702.451697852
2019-12-03,25859470.637779474
2019-12-04,25775985.914500043
2019-12-05,25887519.023256186
2019-12-06,25913655.639445018
2019-12-09,26076144.20231693
2019-12-10,26079875.869472947
2019-12-11,26024391.907596458
2019-12-12,25939461.917215936
2019-12-13,26036185.719266508
2019-12-16,25988395.259552844
2019-12-17,26074630.319278646
2019-12-18,26179084.976781957
2019-12-19,26222806.869481463
2019-12-20,26198524.140430793
2019-12-23,26331079.54019651
2019-12-24,26412151.64061205
2019-12-26,26313152.391736884
2019-12-27,26322639.03861943
2019-12-30,26405609.08354874
2019-12-31,26278221.53748935
2020-01-02,26129232.643372424
2020-01-03,26391297.53451072
2020-01-06,26174399.442939427
2020-01-07,26167702.973170735
2020-01-08,26126675.279820565
2020-01-09,26095241.699499268
2020-01-10,26231521.36921037
2020-01-13,26142661.743719604
2020-01-14,26290727.868792795
2020-01-15,26351845.114155967
2020-01-16,26477416.370423988
2020-01-17,26557153.853237562
2020-01-21,26529049.274893112
2020-01-22,26559267.316965308
2020-01-23,26567886.457108933
2020-01-24,26528293.257514972
2020-01-27,26493643.497284066
2020-01-28,26206386.198258553
2020-01-29,26271022.968009118
2020-01-30,26201619.688857496
2020-01-31,26348718.000926074
2020-02-03,26129177.85536519
2020-02-04,26071170.70561641
2020-02-05,26384578.382829055
2020-02-06,26412849.62059862
2020-02-07,26381923.32322226
2020-02-10,26279171.14159404
2020-02-11,26452810.808330435
2020-02-12,26378700.969142728
2020-02-13,26572054.969455376
2020-02-14,26561649.021146532
2020-02-18,26560409.07814784
2020-02-19,26453330.92691188
2020-02-20,26612352.5157552
2020-02-21,26693316.061956376
2020-02-24,26682961.71455845
2020-02-25,25982177.34300284
2020-02-26,25469318.55910044
2020-02-27,25160117.237975627
2020-02-28,24765874.109841626
2020-03-02,24698802.915929917
2020-03-03,24780394.923812997
2020-03-04,24720193.38213448
2020-03-05,24734623.8975823
2020-03-06,24710063.700797547
2020-03-09,24659907.128734488
2020-03-10,24600250.54771742
2020-03-11,24598918.77825969
2020-03-12,24573075.617203884
2020-03-13,24546758.58687122
2020-03-16,24538764.198608495
2020-03-17,24524825.595991742
2020-03-18,24516659.885110743
2020-03-19,24522783.978457686
2020-03-20,24523950.874732006
2020-03-23,24522408.08295319
2020-03-24,24519722.30856521
2020-03-25,24533402.003130835
2020-03-26,24535985.33765505
2020-03-27,24545347.92834349
2020-03-30,24541599.50762123
2020-03-31,24640525.849635243
2020-04-01,24233102.03222213
2020-04-02,23266071.10872739
2020-04-03,23217166.39221525
2020-04-06,22900494.034840878
2020-04-07,24274190.702681027
2020-04-08,24419671.204348806
2020-04-09,25748972.808688585
2020-04-13,25606974.43666441
2020-04-14,25032673.648628093
2020-04-15,25153495.93685342
2020-04-16,24398013.687067226
2020-04-17,24697646.582800034
2020-04-20,25270459.42969513
2020-04-21,25094410.07830453
2020-04-22,24323714.38983962
2020-04-23,24993946.470323782
2020-04-24,24937299.286918
2020-04-27,25706239.930456087
2020-04-28,26646369.1762977
2020-04-29,27047434.72860923
2020-04-30,27023120.420195714
2020-05-01,26698261.83198586
2020-05-04,25895538.184536777
2020-05-05,25678316.105376862
2020-05-06,25668768.680601787
2020-05-07,25690119.542220168
2020-05-08,26358986.450005043
2020-05-11,26248404.890736118
2020-05-12,25924018.95702373
2020-05-13,25373840.821533773
2020-05-14,24776517.873170055
2020-05-15,25041011.72725527
2020-05-18,25818927.95459078
2020-05-19,26284647.872735128
2020-05-20,26266897.66590677
2020-05-21,26806912.67600515
2020-05-22,26625556.003407076
2020-05-26,27253308.01704152
2020-05-27,28033448.340521343
2020-05-28,27718547.129136987
2020-05-29,27291934.14989204
2020-06-01,27578150.194256313
2020-06-02,27798999.333192647
2020-06-03,28357221.103166033
2020-06-04,28920094.580380984
2020-06-05,29122543.02624062
2020-06-08,29905864.462931406
2020-06-09,29856888.59658321
2020-06-10,29083933.037728142
2020-06-11,28565528.54785411
2020-06-12,27509719.93410955
2020-06-15,27910279.233259346
2020-06-16,28254497.395605937
2020-06-17,28356684.011978537
2020-06-18,28210349.197654635
2020-06-19,28101485.078690603
2020-06-22,27853991.37492143
2020-06-23,27823884.75703648
2020-06-24,27793423.6992555
2020-06-25,27245560.237047397
2020-06-26,27428132.053318247
2020-06-29,27314840.18172757
2020-06-30,27592507.589657873
2020-07-01,27496214.156304203
2020-07-02,27549859.028686315
2020-07-06,27442237.53642347
2020-07-07,27520353.127241876
2020-07-08,27153190.59360954
2020-07-09,26949378.520279
2020-07-10,27016706.99729484
2020-07-13,27165914.67371355
2020-07-14,27015618.975576174
2020-07-15,27695374.94419308
2020-07-16,27786754.55773974
2020-07-17,27751519.54361534
2020-07-20,27520798.558240213
2020-07-21,27993235.682556026
2020-07-22,27802165.801902108
2020-07-23,28196272.09566978
2020-07-24,27770706.632096
2020-07-27,27720525.843854517
2020-07-28,27847320.392264422
2020-07-29,27725863.096839935
2020-07-30,27983319.53697114
2020-07-31,27632603.101103205
2020-08-03,27960639.531514525
2020-08-04,28137058.919063076
2020-08-05,28349068.04272704
2020-08-06,28220858.86741435
2020-08-07,28680647.626062717
2020-08-10,28889433.841979247
2020-08-11,29181038.62040717
2020-08-12,28781592.787202723
2020-08-13,28940155.276758865
2020-08-14,28989020.766294423
2020-08-17,28930790.104375377
2020-08-18,28729562.621519294
2020-08-19,28816908.510345034
2020-08-20,28518041.637378875
2020-08-21,28435543.285624076
2020-08-24,28506997.177174788
2020-08-25,28624624.573926754
2020-08-26,28352051.204915196
2020-08-27,28821696.754802033
2020-08-28,28865094.94745457
2020-08-31,28820739.800858267
2020-09-01,28595299.500492528
2020-09-02,28629203.858546153
2020-09-03,29165216.071534213
2020-09-04,28615800.31393568
2020-09-08,28666404.74769837
2020-09-09,27843794.0136116
2020-09-10,28337627.693620406
2020-09-11,27956408.899732303
2020-09-14,28064936.884933572
2020-09-15,28212266.843003422
2020-09-16,28539565.90436571
2020-09-17,28482517.616576362
2020-09-18,28505583.718697187
2020-09-21,27829100.68905252
2020-09-22,27436894.26563129
2020-09-23,27634653.56488585
2020-09-24,27209765.79911651
2020-09-25,27337408.461536657
2020-09-28,27721990.457469698
2020-09-29,28119066.500777453
2020-09-30,27666071.474980492
2020-10-01,27894348.983378597
2020-10-02,28253905.602278247
2020-10-05,27930116.577995475
2020-10-06,28495879.05485572
2020-10-07,28069747.282869868
2020-10-08,28505328.024574358
2020-10-09,28679028.216093816
2020-10-12,28721657.550422437
2020-10-13,29052524.724156022
2020-10-14,29014739.722038478
2020-10-15,29110250.707480468
2020-10-16,29024088.618290737
2020-10-19,29254037.385381415
2020-10-20,28945933.513587996
2020-10-21,29056571.345883153
2020-10-22,29120909.009398673
2020-10-23,29239963.1605779
2020-10-26,29385526.052732643
2020-10-27,28897997.207058854
2020-10-28,29026722.469291583
2020-10-29,28438681.939497128
2020-10-30,28743085.332742993
2020-11-02,28627219.564022254
2020-11-03,28879369.15264673
2020-11-04,28737070.98763212
2020-11-05,29131954.760700345
2020-11-06,29167021.60029675
2020-11-09,29523630.781909183
2020-11-10,30145373.133580774
2020-11-11,29907458.41466541
2020-11-12,29855585.788703643
2020-11-13,29743216.09683777
2020-11-16,30213909.12250785
2020-11-17,30487074.88101968
2020-11-18,30328718.958003353
2020-11-19,29982448.073307183
2020-11-20,30189984.07833545
2020-11-23,30172093.615063626
2020-11-24,30461258.31614271
2020-11-25,30649619.167818807
2020-11-27,30593858.34650816
2020-11-30,30352672.875275526
2020-12-01,30214918.992308635
2020-12-02,30431977.426533274
2020-12-03,31125464.703371257
2020-12-04,31330076.347456824
2020-12-07,31527947.85168687
2020-12-08,31617862.212329645
2020-12-09,31917993.372983225
2020-12-10,31735704.356214277
2020-12-11,31739604.826751217
2020-12-14,31722327.35139226
2020-12-15,31666872.6285829
2020-12-16,31817463.059877068
2020-12-17,31930705.00256258
2020-12-18,31943725.957161516
2020-12-21,31649290.298308715
2020-12-22,31639237.72537133
2020-12-23,31796091.97540407
2020-12-24,31742224.106079966
2020-12-28,31786566.911852084
2020-12-29,31754743.529062226
2020-12-30,31840709.65146139
2020-12-31,31803697.193873517
2021-01-04,31980648.387423377
2021-01-05,31893890.06404048
2021-01-06,32646498.8222256
2021-01-07,32770060.230176326
2021-01-08,32627068.5289931
2021-01-11,32741801.044269297
2021-01-12,32897326.190857124
2021-01-13,32704532.647212308
2021-01-14,33075945.94928616
2021-01-15,32898098.475451224
2021-01-19,32766042.33516744
2021-01-20,32798941.423438262
2021-01-21,32877341.009750087
2021-01-22,32979119.666556172
2021-01-25,32719479.913795
2021-01-26,32725087.735669635
2021-01-27,32526268.423497334
2021-01-28,32005101.614569463
2021-01-29,32122151.31489913
2021-02-01,31875852.380350996
2021-02-02,32195857.520848036
2021-02-03,32383409.65076053
2021-02-04,32443368.18739966
2021-02-05,32809022.970350612
2021-02-08,33166039.80005978
2021-02-09,33518065.776913572
2021-02-10,33568596.25807816
2021-02-11,33608221.11992345
2021-02-12,33806835.60139857
2021-02-16,33833186.98795838
2021-02-17,33836642.71871914
2021-02-18,33778416.59222076
2021-02-19,34090928.84027212
2021-02-22,34333559.105951265
2021-02-23,34011466.65680837
2021-02-24,34191119.20345996
2021-02-25,34419723.95202509
2021-02-26,33843967.725577176
2021-03-01,33879912.383132756
2021-03-02,34372980.42837815
2021-03-03,34609241.57438851
2021-03-04,34066357.4586375
2021-03-05,33788709.54673381
2021-03-08,34635307.393335335
2021-03-09,34516496.87081265
2021-03-10,35079274.56449518
2021-03-11,35091001.85436065
2021-03-12,35359760.842451476
2021-03-15,35185779.32567073
2021-03-16,34948367.77367772
2021-03-17,35013306.28412265
2021-03-18,35138649.13742457
2021-03-19,35035596.976985276
2021-03-22,34730276.35158258
2021-03-23,34332124.647231124
2021-03-24,33990464.59279428
2021-03-25,34013208.06217046
2021-03-26,34254959.82226339
2021-03-29,34168364.37993728
2021-03-30,34352588.44695614
2021-03-31,34151614.465701416
2021-04-01,34295443.13464577
2021-04-05,34430955.39023344
2021-04-06,34746804.07401148
2021-04-07,34532880.68997543
2021-04-08,34570328.85381873
2021-04-09,34600333.96326457
2021-04-12,34781159.6232884
2021-04-13,34651496.03891523
2021-04-14,34948448.05307812
2021-04-15,34727458.42494087
2021-04-16,35054907.468775705
2021-04-19,35010414.06862555
2021-04-20,34699191.56518802
2021-04-21,34633364.97645244
2021-04-22,34879067.345810354
2021-04-23,34756390.328776136
2021-04-26,34899352.895727426
2021-04-27,34845401.21674678
2021-04-28,34818805.16418135
2021-04-29,34686492.875659816
2021-04-30,34686596.62679248
2021-05-03,34905235.21268857
2021-05-04,34885095.7433757
2021-05-05,34789228.86337928
2021-05-06,34620653.302711695
2021-05-07,34764561.609765336
2021-05-10,34901702.13781878
2021-05-11,34807794.46179947
2021-05-12,34529092.58928084
2021-05-13,34372330.46368666
2021-05-14,34529251.02367407
2021-05-17,34908150.72882513
2021-05-18,34849465.540784664
2021-05-19,34676786.747774154
2021-05-20,34450557.75685395
2021-05-21,34729021.853412844
2021-05-24,34585593.31706124
2021-05-25,34521987.77698193
2021-05-26,34562657.68755859
2021-05-27,34651312.17655483
2021-05-28,34576452.261668496
2021-06-01,34820233.04356435
2021-06-02,34615664.48418456
2021-06-03,34635919.66444086
2021-06-04,34490396.6237812
2021-06-07,34771095.64862704
2021-06-08,34887503.23078279
2021-06-09,34854048.133217424
2021-06-10,34674261.893985145
2021-06-11,34936742.14894972
2021-06-14,34886970.55964275
2021-06-15,34473879.27736552
2021-06-16,34590361.83289469
2021-06-17,34238219.387258366
2021-06-18,34282631.538245045
2021-06-21,34057047.656160675
2021-06-22,34319247.41097073
2021-06-23,34505762.98622332
2021-06-24,34600066.749161266
2021-06-25,34637833.57735439
2021-06-28,34530707.02898077
2021-06-29,34417447.55780364
2021-06-30,34404759.16680382
2021-07-01,34449415.75065032
2021-07-02,34252329.41620703
2021-07-06,34149728.6757675
2021-07-07,33950077.132781394
2021-07-08,33884218.135868244
2021-07-09,34041481.3373957
2021-07-12,34314454.37577065
2021-07-13,34068632.244404174
2021-07-14,33847515.12852162
2021-07-15,34053113.11445896
2021-07-16,34000693.173596375
2021-07-19,33683614.448455796
2021-07-20,33536403.149630386
2021-07-21,33893557.184953764
2021-07-22,33093456.172426205
2021-07-23,33069960.385581724
2021-07-26,33371859.68882026
2021-07-27,33443631.566760965
2021-07-28,33578386.11283491
2021-07-29,33722652.500389345
2021-07-30,33802318.31138712
2021-08-02,33550403.776659504
2021-08-03,33497922.427800193
2021-08-04,33585657.288247816
2021-08-05,33564856.003652826
2021-08-06,33887092.0015716
2021-08-09,33838743.1362955
2021-08-10,34096643.618671745
2021-08-11,34269380.57066488
2021-08-12,34183929.24559013
2021-08-13,34128960.58086141
2021-08-16,34021812.62336354
2021-08-17,34064146.53137902
2021-08-18,33988356.29758085
2021-08-19,33605238.082531884
2021-08-20,33767298.72549792
2021-08-23,33848977.86059848
2021-08-24,34176287.4044283
2021-08-25,34124539.76208172
2021-08-26,34153318.07390423
2021-08-27,34374499.57279606
2021-08-30,34278256.071250476
2021-08-31,34405326.917489804
2021-09-01,34389299.0055214
2021-09-02,34371170.96091525
2021-09-03,34400990.19987768
2021-09-07,34400117.36483508
2021-09-08,34258923.52743471
2021-09-09,34179934.66931472
2021-09-10,34050897.39769774
2021-09-13,33808203.136234075
2021-09-14,33666522.1782355
2021-09-15,33468175.558921985
2021-09-16,33636773.74420448
2021-09-17,33933459.045646355
2021-09-20,33744916.360140115
2021-09-21,33355097.63311292
2021-09-22,33289197.621506657
2021-09-23,33507981.583760347
2021-09-24,33771062.00203984
2021-09-27,34268431.73111091
2021-09-28,34420010.64665186
2021-09-29,34155109.551376596
2021-09-30,34013083.290850796
2021-10-01,33837032.98119194
2021-10-04,34310640.71597993
2021-10-05,33866537.65121926
2021-10-06,33987469.915902235
2021-10-07,34117491.86500574
2021-10-08,34345868.63099019
2021-10-11,34377678.92533307
2021-10-12,34363471.29103644
2021-10-13,34183605.94597532
2021-10-14,34052843.86890466
2021-10-15,34171713.26875694
2021-10-18,34237785.792868555
2021-10-19,34122618.48319372
2021-10-20,34395989.51205308
2021-10-21,34397489.52558078
2021-10-22,34513854.64154142
2021-10-25,34512045.18460812
2021-10-26,34512123.40802043
2021-10-27,34343507.875921175
2021-10-28,34278646.11639913
2021-10-29,34603985.067614034
2021-11-01,34941729.94522528
2021-11-02,34762063.254045464
2021-11-03,35169071.99723004
2021-11-04,35008033.69941125
2021-11-05,35576142.194823444
2021-11-08,35645465.533736795
2021-11-09,35707738.37998726
2021-11-10,35786178.69656064
2021-11-11,35661678.93556411
2021-11-12,35434605.48313289
2021-11-15,35577644.95543957
2021-11-16,35431543.01073463
2021-11-17,35351924.134547636
2021-11-18,35150449.32642834
2021-11-19,35113880.44262695
2021-11-22,35376947.12398213
2021-11-23,35337661.60661365
2021-11-24,35218144.45796033
2021-11-26,35128077.686364666
2021-11-29,34323043.89025418
2021-11-30,34559961.242723204
2021-12-01,34327805.491157845
2021-12-02,34378842.42902006
2021-12-03,34601747.32738265
2021-12-06,34750746.37038507
2021-12-07,34629814.91785851
2021-12-08,35095902.05919147
2021-12-09,35045839.15827197
2021-12-10,34733014.64471912
2021-12-13,34924191.121480696
2021-12-14,34823120.18005787
2021-12-15,34618644.91253599
2021-12-16,35029598.12851732
2021-12-17,34958548.41929753
2021-12-20,34779701.11307174
2021-12-21,34602995.85544197
2021-12-22,34948130.57533984
2021-12-23,35144692.63313803
2021-12-27,35268245.96223647
2021-12-28,35545973.88341657
2021-12-29,35551054.18859679
2021-12-30,35569260.84653901
2021-12-31,35533833.22538539
2022-01-03,35655607.261066794
2022-01-04,35939920.57424777
2022-01-05,36063997.725802384
2022-01-06,35893204.848427415
2022-01-07,35902687.027164035
2022-01-10,35797229.24672495
2022-01-11,35667579.59816428
2022-01-12,35757133.82543648
2022-01-13,36127817.000583515
2022-01-14,35852866.44577445
2022-01-18,35858171.18891937
2022-01-19,35415946.64858394
2022-01-20,35088066.11898648
2022-01-21,35101725.795005314
2022-01-24,34874317.539298944
2022-01-25,34991691.63346326
2022-01-26,34591678.26701148
2022-01-27,34279887.71980814
2022-01-28,33982839.232667185
2022-01-31,34351922.039781734
2022-02-01,34571835.56774325
2022-02-02,34451537.3515804
2022-02-03,34805265.198673934
2022-02-04,34462762.672567464
2022-02-07,34613238.06993235
2022-02-08,34789200.97971014
2022-02-09,34681112.035418145
2022-02-10,34981988.41058635
2022-02-11,34969084.23531346
2022-02-14,34668750.1333933
2022-02-15,34719228.938583694
2022-02-16,35047702.9004541
2022-02-17,35100499.12044772
2022-02-18,34882869.65803782
2022-02-22,34763440.480423264
2022-02-23,34586989.80988281
2022-02-24,34160180.95324388
2022-02-25,34541454.86508775
2022-02-28,34877511.3690335
2022-03-01,34706488.52262881
2022-03-02,34659745.70243117
2022-03-03,35056775.04926149
2022-03-04,34915585.7324776
2022-03-07,34817512.13905083
2022-03-08,34488014.59699888
2022-03-09,34282094.013166845
2022-03-10,34676629.08583867
2022-03-11,34671628.78222538
2022-03-14,34528756.466819845
2022-03-15,34164010.079183385
2022-03-16,34574450.92090951
2022-03-17,34840279.51955598
2022-03-18,34903984.387983434
2022-03-21,34993828.93923055
2022-03-22,35080237.91826716
2022-03-23,35020715.581300505
2022-03-24,34393712.67716397
2022-03-25,34751099.22161957
2022-03-28,34642519.661833175
2022-03-29,34944884.3406404
2022-03-30,34933814.600746855
2022-03-31,34830368.279377006
2022-04-01,34730637.89139861
2022-04-04,34576262.83885696
2022-04-05,34577579.69187449
2022-04-06,34421064.7287537
2022-04-07,34230794.8959934
2022-04-08,34202742.84089764
2022-04-11,34287505.09983493
2022-04-12,34236114.169474356
2022-04-13,34268222.801225156
2022-04-14,34426631.839844346
2022-04-18,34317043.52194673
2022-04-19,34319037.37863506
2022-04-20,34578859.23763997
2022-04-21,34577304.60957028
2022-04-22,34454812.08591578
2022-04-25,34156825.26611732
2022-04-26,34131553.41175761
2022-04-27,33801509.68576718
2022-04-28,33686761.98854312
2022-04-29,34003780.31860229
2022-05-02,33696620.55669792
2022-05-03,33883095.53938607
2022-05-04,33820426.92500544
2022-05-05,34013580.121373236
2022-05-06,33608555.71456643
2022-05-09,33505334.7138294
2022-05-10,33092491.319929916
2022-05-11,33111795.761589922
2022-05-12,33050677.532467254
2022-05-13,33018737.20794798
2022-05-16,33271734.123783972
2022-05-17,33355543.960401982
2022-05-18,33564368.554177806
2022-05-19,33187250.814958077
2022-05-20,33106667.234239586
2022-05-23,33071468.29413114
2022-05-24,33249117.912160937
2022-05-25,33252952.54708555
2022-05-26,33317165.733609226
2022-05-27,33471573.024421107
2022-05-31,33643080.75668109
2022-06-01,33634654.9502541
2022-06-02,33576403.36872785
2022-06-03,33746615.649294026
2022-06-06,33680882.4813583
2022-06-07,33690872.51205962
2022-06-08,33689447.195330076
2022-06-09,33615531.77838302
2022-06-10,33399272.658039264
2022-06-13,33027741.99345801
2022-06-14,32738281.232475042
2022-06-15,32705413.362586018
2022-06-16,32455345.073990084
2022-06-17,32383117.116493493
2022-06-21,32391417.96002913
2022-06-22,32471315.989171505
2022-06-23,32437417.121035263
2022-06-24,32500498.864895668
2022-06-27,32626741.061515305
2022-06-28,32628314.553458232
2022-06-29,32532914.830997486
2022-06-30,32579763.380089004
2022-07-01,32612011.91500333
2022-07-05,32599574.913733784
2022-07-06,32521478.670577098
2022-07-07,32369415.47932708
2022-07-08,32457255.988797013
2022-07-11,32439773.252005115
2022-07-12,32438979.879580915
2022-07-13,32308306.233382627
2022-07-14,32214280.45276052
2022-07-15,32273720.270311832
2022-07-18,32460909.448662672
2022-07-19,32498337.613793533
2022-07-20,32761523.174999624
2022-07-21,32727158.079932693
2022-07-22,32870465.96729609
2022-07-25,32847894.431464843
2022-07-26,32950775.152716443
2022-07-27,32790979.910232186
2022-07-28,32983096.260628667
2022-07-29,33014868.110717256
2022-08-01,33228452.965375785
2022-08-02,33093250.353290226
2022-08-03,32963218.41419178
2022-08-04,32822527.42103964
2022-08-05,32839244.59053498
2022-08-08,32879445.846139755
2022-08-09,32918637.693571437
2022-08-10,32968336.629244242
2022-08-11,33231517.35239895
2022-08-12,33261659.84068334
2022-08-15,33450589.801667076
2022-08-16,33545048.192837868
2022-08-17,33479135.521063577
2022-08-18,33451857.163559508
2022-08-19,33450544.729499046
2022-08-22,33293046.744980566
2022-08-23,33070200.906214837
2022-08-24,33030532.539159846
2022-08-25,33136796.775588498
2022-08-26,33253039.749450486
2022-08-29,32940338.006910652
2022-08-30,32908423.04491979
2022-08-31,32764290.7297642
2022-09-01,32626046.598227285
2022-09-02,32683432.74454346
2022-09-06,32427548.59425488
2022-09-07,32361972.67955425
2022-09-08,32446657.65541329
2022-09-09,32546910.529923104
2022-09-12,32670364.914729416
2022-09-13,32717891.699063584
2022-09-14,32367197.367498018
2022-09-15,32427895.772197284
2022-09-16,32403481.45667587
2022-09-19,32390498.25159664
2022-09-20,32419618.484949093
2022-09-21,32391863.805804234
2022-09-22,32124646.437924072
2022-09-23,31972108.580919374
2022-09-26,31714413.475991953
2022-09-27,31683554.58408535
2022-09-28,31672551.80887306
2022-09-29,31710298.57010094
2022-09-30,31768159.072217666
2022-10-03,31631935.37655468
2022-10-04,32055203.219721932
2022-10-05,32322584.17193903
2022-10-06,32347064.900229402
2022-10-07,32272313.65752696
2022-10-10,32059682.680111352
2022-10-11,32050617.727282792
2022-10-12,31873270.531472005
2022-10-13,31942540.12245915
2022-10-14,32299516.533747114
2022-10-17,32122526.1207165
2022-10-18,32469773.77142754
2022-10-19,32533021.248322256
2022-10-20,32417343.476223003
2022-10-21,32300164.226366006
2022-10-24,32600184.028673816
2022-10-25,32826276.05425755
2022-10-26,33150096.873802606
2022-10-27,33205427.80876187
2022-10-28,33040245.067109175
2022-10-31,33399869.66222814
2022-11-01,33386121.993423384
2022-11-02,33271347.932046033
2022-11-03,32965744.575023122
2022-11-04,32857900.432726804
2022-11-07,33026741.872636605
2022-11-08,33079664.14413584
2022-11-09,33148182.188133594
2022-11-10,32906267.33873077
2022-11-11,33484468.053672623
2022-11-14,33646761.54747945
2022-11-15,33504922.718738012
2022-11-16,33420530.698510777
2022-11-17,33275796.905723907
2022-11-18,33270669.554260455
2022-11-21,33341821.08950562
2022-11-22,33200506.64640776
2022-11-23,33261937.23681365
2022-11-25,33402789.502161544
2022-11-28,33315636.421219934
2022-11-29,33237616.71910565
2022-11-30,33076499.261842772
2022-12-01,33496128.79177688
2022-12-02,33484881.220010847
2022-12-05,33380158.671926662
2022-12-06,33257483.340561163
2022-12-07,33231525.236884248
2022-12-08,33363118.032778714
2022-12-09,33426598.09333986
2022-12-12,33228254.243667223
2022-12-13,33405917.59835302
2022-12-14,33415447.695639305
2022-12-15,33459015.218991637
2022-12-16,33093244.272843856
2022-12-19,32936930.886972744
2022-12-20,32878326.83295819
2022-12-21,32824763.51751647
2022-12-22,32993905.66732756
2022-12-23,32915816.283204798
2022-12-27,33022069.942697585
2022-12-28,32882252.761885844
2022-12-29,32765441.433097694
2022-12-30,32836773.832348146
2023-01-03,32997646.65500225
2023-01-04,32997927.968613964
2023-01-05,33073237.719147034
2023-01-06,32930481.554151747
2023-01-09,33143375.427305356
2023-01-10,33132681.53593336
2023-01-11,33244124.532887604
2023-01-12,33551749.954530217
2023-01-13,33593261.92251769
2023-01-17,33685017.56261648
2023-01-18,33683257.72147042
2023-01-19,33557108.083560206
2023-01-20,33482723.03947007
2023-01-23,33711486.29395995
2023-01-24,33821684.75143272
2023-01-25,33790289.096790455
2023-01-26,33777548.76933883
2023-01-27,33884333.402409814
2023-01-30,33993442.83271698
2023-01-31,33968097.590371564
2023-02-01,34120881.244149804
2023-02-02,34143963.46045508
2023-02-03,34305385.82221702
2023-02-06,33891810.97520599
2023-02-07,33713643.104253426
2023-02-08,33849433.01080158
2023-02-09,33652909.042154916
2023-02-10,33561530.88346398
2023-02-13,33633576.69383631
2023-02-14,33635247.07566684
2023-02-15,33740164.70895059
2023-02-16,34000259.28746327
2023-02-17,33908499.84987461
2023-02-21,33757578.467675634
2023-02-22,33579415.931363225
2023-02-23,33462979.224763177
2023-02-24,33343068.380751263
2023-02-27,33204695.257623445
2023-02-28,33342658.772171132
2023-03-01,33393913.39433643
2023-03-02,33319107.285551656
2023-03-03,33406568.98133271
2023-03-06,33389451.5058528
2023-03-07,33400356.94465516
2023-03-08,33238588.004068315
2023-03-09,33167869.106166214
2023-03-10,32804706.041160367
2023-03-13,32314738.913764607
2023-03-14,32280941.788201857
2023-03-15,32384143.790127244
2023-03-16,32173575.52486869
2023-03-17,32102542.088317435
2023-03-20,32032255.37075461
2023-03-21,32202687.936918754
2023-03-22,32251490.914077684
2023-03-23,31894869.815737
2023-03-24,32048348.755435877
2023-03-27,32218546.84888181
2023-03-28,32251315.441498138
2023-03-29,32137662.086228702
2023-03-30,32228952.244785782
2023-03-31,32292268.656284843
2023-04-03,32490883.237492334
2023-04-04,32304098.80024893
2023-04-05,32168686.141653147
2023-04-06,32148397.61722556
2023-04-10,32263019.797356088
2023-04-11,32390521.89521965
2023-04-12,32522514.624872822
2023-04-13,32364581.215955153
2023-04-14,32425522.25013669
2023-04-17,32437868.41172179
2023-04-18,32396299.712002873
2023-04-19,32494134.475073513
2023-04-20,32549993.28118741
2023-04-21,32457954.898844462
2023-04-24,32424297.91412165
2023-04-25,32308821.35748848
2023-04-26,31942905.199291952
2023-04-27,31693018.866372414
2023-04-28,31864064.84640163
2023-05-01,31906535.10908544
2023-05-02,31752777.755369466
2023-05-03,31587903.4232178
2023-05-04,31622699.64911319
2023-05-05,31550869.145979512
2023-05-08,31648924.24291001
2023-05-09,31528399.656530343
2023-05-10,31097607.19138684
2023-05-11,31010232.21784889
2023-05-12,30926282.805701762
2023-05-15,31006564.121726565
2023-05-16,30990941.085780133
2023-05-17,30945706.274429243
2023-05-18,30993941.628868107
2023-05-19,31011382.41359168
2023-05-22,30904253.06252925
2023-05-23,31121906.979038764
2023-05-24,31178359.02353274
2023-05-25,30869057.816061053
2023-05-26,30920215.03353888
2023-05-30,31104709.713125136
2023-05-31,31132479.57024568
2023-06-01,31264549.584525455
2023-06-02,31696246.31499182
2023-06-05,31563190.96142043
2023-06-06,31816986.826164853
2023-06-07,32376880.619894687
2023-06-08,32264747.13076993
2023-06-09,32155026.70294633
2023-06-12,32205233.902604774
2023-06-13,32496076.9781502
2023-06-14,32543052.285653066
2023-06-15,32548771.59371745
2023-06-16,33285590.984901372
2023-06-20,33142520.324219447
2023-06-21,33117490.43029667
2023-06-22,32613058.65539298
2023-06-23,32422625.136551127
2023-06-26,32524223.42904035
2023-06-27,32647546.75831672
2023-06-28,32722411.028293442
2023-06-29,32781214.51353019
2023-06-30,32621179.591853
2023-07-03,32851934.779447585
2023-07-05,32805737.352632668
2023-07-06,32769685.033506226
2023-07-07,32940440.49983987
2023-07-10,33163203.765995808
2023-07-11,33302066.62433175
2023-07-12,33400652.198292058
2023-07-13,33421604.373160165
2023-07-14,33547138.138043787
2023-07-17,33453417.286762234
2023-07-18,33545588.573837318
2023-07-19,33701515.771540895
2023-07-20,33777172.16845292
2023-07-21,33670607.337865196
2023-07-24,33762795.90031543
2023-07-25,33723335.013763465
2023-07-26,33837365.88425387
2023-07-27,33678582.27926707
2023-07-28,33422021.205145173
2023-07-31,33639059.655886196
2023-08-01,33725526.82303933
2023-08-02,33493374.047581464
2023-08-03,32925085.005696315
2023-08-04,33276349.715492476
2023-08-07,33269023.24963483
2023-08-08,33354350.633483905
2023-08-09,33021309.476165928
2023-08-10,32843262.83994252
2023-08-11,32904684.068933353
2023-08-14,32741719.381101787
2023-08-15,32871664.832341366
2023-08-16,32728967.518260762
2023-08-17,32867883.990376912
2023-08-18,32800376.31073691
2023-08-21,32657564.201075107
2023-08-22,32741526.436586343
2023-08-23,32702459.682389487
2023-08-24,32824622.25322671
2023-08-25,32497106.374403488
2023-08-28,32614475.513404947
2023-08-29,32702406.63376461
2023-08-30,32946941.364790782
2023-08-31,32961426.308502715
2023-09-01,33068068.107844852
2023-09-05,32755904.3414459
2023-09-06,32790838.444077518
2023-09-07,32651303.933438905
2023-09-08,32478036.45269652
2023-09-11,33088005.17087789
2023-09-12,33270565.52035119
2023-09-13,32925065.949200876
2023-09-14,33144610.0147525
2023-09-15,33316420.687243983
2023-09-18,32965067.001144517
2023-09-19,32832878.410054673
2023-09-20,32937853.143662713
2023-09-21,33205614.469426475
2023-09-22,32973040.5190041
2023-09-25,32979434.68185865
2023-09-26,33126326.211662102
2023-09-27,33052131.79760941
2023-09-28,32957150.58589596
2023-09-29,32975835.8300166
2023-10-02,32941064.19186197
2023-10-03,32902464.98203706
2023-10-04,32755547.472259667
2023-10-05,32891566.045039777
2023-10-06,32855884.848942023
2023-10-09,32958124.489281088
2023-10-10,33007435.07044606
2023-10-11,33023209.988126498
2023-10-12,32882843.794258073
2023-10-13,32820203.091074497
2023-10-16,32803853.642042857
2023-10-17,33059506.962694164
2023-10-18,32986362.963105798
2023-10-19,32822888.943289258
2023-10-20,32758376.41438084
2023-10-23,33208400.663648505
2023-10-24,33183281.00793552
2023-10-25,33338818.119486105
2023-10-26,33329746.162317246
2023-10-27,32971164.357515875
2023-10-30,32881858.670604322
2023-10-31,33020152.960233018
2023-11-01,32964457.243387554
2023-11-02,33172146.235807426
2023-11-03,33474742.170315046
2023-11-06,33533016.67761091
2023-11-07,33464062.913142014
2023-11-08,33331548.057762153
2023-11-09,33438215.470733084
2023-11-10,33355407.073816184
2023-11-13,33574628.09605239
2023-11-14,33720017.02266143
2023-11-15,33846355.79203348
2023-11-16,33681271.68348487
2023-11-17,33793530.45546907
2023-11-20,33797339.65435461
2023-11-21,33941564.15931731
2023-11-22,33961712.50028892
2023-11-24,34072396.94133119
2023-11-27,33957936.13758767
2023-11-28,33854552.41689171
2023-11-29,33887010.56642054
2023-11-30,33937833.49035468
2023-12-01,34123351.863483466
2023-12-04,34253808.25733645
2023-12-05,34119526.56854896
2023-12-06,34071924.48197703
2023-12-07,33985948.89000939
2023-12-08,34127527.302012876
2023-12-11,34151357.87993141
2023-12-12,34174497.56594797
2023-12-13,34275368.46288495
2023-12-14,34505766.50185348
2023-12-15,34512268.70734546
2023-12-18,34576119.88635843
2023-12-19,34667873.79461713
2023-12-20,34786828.618891865
2023-12-21,34744553.91511525
2023-12-22,34898013.08766956
2023-12-26,35014931.62089178
2023-12-27,35064763.95251549
2023-12-28,35076040.26847129
2023-12-29,34995026.95923284
2024-01-02,35118681.13583866
2024-01-03,34982643.59189637
2024-01-04,34999231.80954719
2024-01-05,34871746.56178452
2024-01-08,34727566.622727305
2024-01-09,34728789.92977819
2024-01-10,34655099.65071706
2024-01-11,34707969.20119759
2024-01-12,34710323.45831769
2024-01-16,34689745.35662255
2024-01-17,34560663.437918425
2024-01-18,34447452.29336994
2024-01-19,34481021.49808298
2024-01-22,34735694.089492455
2024-01-23,34710153.80259053
2024-01-24,34638375.5167678
2024-01-25,34636157.32830562
2024-01-26,34607536.18160188
2024-01-29,34601393.28642696
2024-01-30,34574530.917875625
2024-01-31,34500321.87747388
2024-02-01,34219906.17904675
2024-02-02,34140207.42668892
2024-02-05,34142559.737818964
2024-02-06,34169008.79313398
2024-02-07,34032378.372358575
2024-02-08,34172435.85437737
2024-02-09,34171029.22379944
2024-02-12,34345101.66077407
2024-02-13,34097057.52043237
2024-02-14,34190281.80006414
2024-02-15,34213759.50361862
2024-02-16,34255069.60996786
2024-02-20,34240811.158474706
2024-02-21,34228283.06149798
2024-02-22,33972932.73511399
2024-02-23,34208155.8804845
2024-02-26,34127965.38835859
2024-02-27,34149898.61299778
2024-02-28,34151574.85911353
2024-02-29,34147417.98481294
2024-03-01,34138557.68701784
2024-03-04,34207228.575797014
2024-03-05,34152387.24241494
2024-03-06,34098999.190937
2024-03-07,34105149.80821921
2024-03-08,34319812.47389689
2024-03-11,34213102.955730416
2024-03-12,34070586.087406926
2024-03-13,34086834.24068461
2024-03-14,33947433.03587738
2024-03-15,34100464.27652425
2024-03-18,33926870.95246946
2024-03-19,34004175.249070756
2024-03-20,34078207.79700195
2024-03-21,34194428.36385698
2024-03-22,34154184.70917842
2024-03-25,34212490.59868058
2024-03-26,34123025.77800996
2024-03-27,34231499.829898335
2024-03-28,34363015.695162885
2024-04-01,34339996.75244975
2024-04-02,34269742.87060396
2024-04-03,34181357.03708828
2024-04-04,34202386.63247547
2024-04-05,33999135.51487571
2024-04-08,34117317.11178194
2024-04-09,34148134.99177238
2024-04-10,34154337.99385812
2024-04-11,34039267.22520857
2024-04-12,34147192.301945075
2024-04-15,34093188.955080256
2024-04-16,33948876.304233
2024-04-17,33935383.09107015
2024-04-18,33867951.20302401
2024-04-19,34060274.118314825
2024-04-22,33915366.99329979
2024-04-23,34071935.65564541
2024-04-24,34042955.50763842
2024-04-25,33998663.31113512
2024-04-26,33908157.28071833
2024-04-29,33980697.1410056
2024-04-30,34042550.12599247
2024-05-01,34051653.74247247
2024-05-02,33978576.46116049
2024-05-03,34011453.94050517
2024-05-06,34086366.49878501
2024-05-07,34120445.896677494
2024-05-08,33717406.48993323
2024-05-09,33600110.63821791
2024-05-10,33497772.2145951
2024-05-13,33602217.113255344
2024-05-14,33569901.260045245
2024-05-15,33516955.98329012
2024-05-16,33659437.62243427
2024-05-17,33562352.386682525
2024-05-20,33595193.12521244
2024-05-21,33545090.247166254
2024-05-22,33589770.74899261
2024-05-23,33527304.033036005
2024-05-24,33402943.604034726
2024-05-28,33444457.86164234
2024-05-29,33366345.594514363
2024-05-30,33496332.697003048
2024-05-31,33525695.69846239
2024-06-03,33610186.84344362
2024-06-04,33536316.329030246
2024-06-05,33481974.846181
2024-06-06,33587373.35805831
2024-06-07,33497493.378624633
2024-06-10,33501959.75276842
2024-06-11,33494331.774998505
2024-06-12,33487309.702899262
2024-06-13,33413173.061835766
2024-06-14,33308640.45641931
2024-06-17,33333546.73569574
2024-06-18,33332368.157151006
2024-06-20,33328178.093765747
2024-06-21,33350556.173697215
2024-06-24,33387857.387295734
2024-06-25,33317481.014319643
2024-06-26,33312367.31247174
2024-06-27,33412664.052734822
2024-06-28,33443043.516173445
2024-07-01,33354505.33583511
2024-07-02,33381464.15072315
2024-07-03,33324588.158078898
2024-07-05,33328028.32959835
2024-07-08,33363032.647129983
2024-07-09,33303200.206809208
2024-07-10,33250786.803232033
2024-07-11,33529471.97097532
2024-07-12,33580462.286474094
2024-07-15,33625670.90984854
2024-07-16,33881007.77183426
2024-07-17,33993122.673890896
2024-07-18,34020639.52027571
2024-07-19,33919184.4646418
2024-07-22,34025845.133310765
2024-07-23,34164184.604569055
2024-07-24,34194856.24994601
2024-07-25,34262206.44842756
2024-07-26,34347301.4094118
2024-07-29,34399165.864941575
2024-07-30,34559319.10453538
2024-07-31,34395451.87143348
2024-08-01,34396828.16164948
2024-08-02,34354436.08534564
2024-08-05,34130933.597874455
2024-08-06,34006640.827021815
2024-08-07,34137796.081357054
2024-08-08,33994430.368055
2024-08-09,34173722.10901634
2024-08-12,34084089.70374515
2024-08-13,34139200.70782109
2024-08-14,34262493.56979306
2024-08-15,34346696.4056628
2024-08-16,34404804.39116423
2024-08-19,34439179.977264404
2024-08-20,34465282.46519329
2024-08-21,34487825.34658202
2024-08-22,34496893.96487437
2024-08-23,34616794.05307209
2024-08-26,34694338.42919079
2024-08-27,34450841.06830239
2024-08-28,34431295.807431765
2024-08-29,34474403.36674205
2024-08-30,34456964.05109508
2024-09-03,34420730.14061129
2024-09-04,34376965.93772128
2024-09-05,34348368.772404775
2024-09-06,34353071.803557664
2024-09-09,34180086.65280618
2024-09-10,34253999.58760955
2024-09-11,34122547.46145393
2024-09-12,34259113.686130606
2024-09-13,34442620.706063546
2024-09-16,34500910.262364715
2024-09-17,34564672.63650311
2024-09-18,34562297.63192212
2024-09-19,34620904.53682515
2024-09-20,34598705.42580581
2024-09-23,34547743.347383045
2024-09-24,34496589.880486764
2024-09-25,34432002.05861287
2024-09-26,34468540.439436115
2024-09-27,34550761.5861114
2024-09-30,34594365.6346797
2024-10-01,34609625.56879852
2024-10-02,34510618.75316392
2024-10-03,34442495.63825681
2024-10-04,34476049.63712701
2024-10-07,34476326.41879506
2024-10-08,34459567.331624426
2024-10-09,34475808.792158104
2024-10-10,34460136.51418929
2024-10-11,34509077.14281928
2024-10-14,34519679.27494744
2024-10-15,34628654.94034436
2024-10-16,34659376.68663765
2024-10-17,34688495.08446511
2024-10-18,34668853.582655735
2024-10-21,34592366.18874066
2024-10-22,34599663.761099316
2024-10-23,34586872.935204335
2024-10-24,34565919.934336424
2024-10-25,34523732.42400328
2024-10-28,34579911.70511093
2024-10-29,34574371.10298539
2024-10-30,34583522.68547253
2024-10-31,34661840.385546006
2024-11-01,34597202.07285104
2024-11-04,34712194.72500962
2024-11-05,34753334.37275916
2024-11-06,34949613.64430137
2024-11-07,35128721.74475448
2024-11-08,35126883.55204212
2024-11-11,35206484.36845998
2024-11-12,35211430.33429224
2024-11-13,35141435.95752018
2024-11-14,35098769.81322771
2024-11-15,35140073.90007905
2024-11-18,35066879.98710898
2024-11-19,35064614.90826222
2024-11-20,35083894.751094125
2024-11-21,35107370.850038424
2024-11-22,35155717.17452633
2024-11-25,35174411.56206359
2024-11-26,35150139.44768804
2024-11-27,35183592.18765149
2024-11-29,35156458.75187455
2024-12-02,35227048.95650651
2024-12-03,35176941.65413033
2024-12-04,35175031.00497462
2024-12-05,35199232.852549456
2024-12-06,35140888.39037603
2024-12-09,35196724.96645021
2024-12-10,35216241.65788736
2024-12-11,35206100.14805519
2024-12-12,35260812.8903812
2024-12-13,35222606.70885943
2024-12-16,35220537.70661557
2024-12-17,35197773.00740372
2024-12-18,35133549.51846655
2024-12-19,35060378.36161111
2024-12-20,35041996.61820861
2024-12-23,35032715.07255117
2024-12-24,35055107.42469932
2024-12-26,35116482.76315352
2024-12-27,35082657.983388186
2024-12-30,35073278.14367302
2024-12-31,35034994.448921606
