,portfolio_value
2010-10-01,0.9996825607481534
2010-10-04,0.9961613311598005
2010-10-05,1.00399373859701
2010-10-06,1.0112291837373695
2010-10-07,1.0096042755699286
2010-10-08,1.0114053055510548
2010-10-11,1.0135365182690017
2010-10-12,1.0139722479044817
2010-10-13,1.0211960979584918
2010-10-14,1.0243908365471623
2010-10-15,1.0232952363281445
2010-10-18,1.027514056664123
2010-10-19,1.0215669754315693
2010-10-20,1.0214724587379607
2010-10-21,1.0273422626889206
2010-10-22,1.0295702333205383
2010-10-25,1.0323302793217377
2010-10-26,1.0326158811538904
2010-10-27,1.0325418103451485
2010-10-28,1.0305182555890329
2010-10-29,1.030648606931376
2010-11-01,1.029046441867559
2010-11-02,1.0373824815605097
2010-11-03,1.0406937537591352
2010-11-04,1.0525560065689459
2010-11-05,1.0617736434055973
2010-11-08,1.0619847489045535
2010-11-09,1.0577375311649184
2010-11-10,1.0575831467073413
2010-11-11,1.0562658426140197
2010-11-12,1.049221923752797
2010-11-15,1.044448234299062
2010-11-16,1.035514777071244
2010-11-17,1.0300498557957376
2010-11-18,1.0360752613633308
2010-11-19,1.0431272708377186
2010-11-22,1.0459784586588503
2010-11-23,1.0400194308051793
2010-11-24,1.0428722740346836
2010-11-26,1.0443888711920153
2010-11-29,1.0382798630321046
2010-11-30,1.0349396033502327
2010-12-01,1.0402204859700823
2010-12-02,1.0529920346786041
2010-12-03,1.0571702842837885
2010-12-06,1.0584761838931285
2010-12-07,1.0590935585176449
2010-12-08,1.0609638244336432
2010-12-09,1.063905514021684
2010-12-10,1.0702200435339866
2010-12-13,1.072326024030534
2010-12-14,1.0732786449112273
2010-12-15,1.0684939477798165
2010-12-16,1.0712626273776533
2010-12-17,1.0711477409922214
2010-12-20,1.0715214675467413
2010-12-21,1.0750870826240857
2010-12-22,1.0788996189344853
2010-12-23,1.0800136912993425
2010-12-27,1.0804003301701166
2010-12-28,1.0811862693388048
2010-12-29,1.0817812348591451
2010-12-30,1.0811001333943522
2010-12-31,1.0769324963387097
2011-01-03,1.0831248545548022
2011-01-04,1.0827981201761785
2011-01-05,1.0851572810297585
2011-01-06,1.085894182028462
2011-01-07,1.0835942363365392
2011-01-10,1.0828557775655732
2011-01-11,1.0838539380718872
2011-01-12,1.088473514845394
2011-01-13,1.0942188702223767
2011-01-14,1.0969928491663596
2011-01-18,1.1008419399936589
2011-01-19,1.0946649209303092
2011-01-20,1.0896440057572754
2011-01-21,1.0879150462301488
2011-01-24,1.0944074414510911
2011-01-25,1.1002127559567594
2011-01-26,1.105915324175336
2011-01-27,1.1133915207967688
2011-01-28,1.1012730647869424
2011-01-31,1.0942026763173136
2011-02-01,1.1056560406767537
2011-02-02,1.112149028953151
2011-02-03,1.1127788596998647
2011-02-04,1.111299167737731
2011-02-07,1.1162606162362014
2011-02-08,1.122557005403615
2011-02-09,1.122735212453963
2011-02-10,1.122544923690207
2011-02-11,1.127804500945519
2011-02-14,1.1294020894231078
2011-02-15,1.1288014203770433
2011-02-16,1.1301360160134828
2011-02-17,1.1357063123278168
2011-02-18,1.1389217394038096
2011-02-22,1.1288844729321186
2011-02-23,1.1101546846619623
2011-02-24,1.106042238380847
2011-02-25,1.117983368596652
2011-02-28,1.1247755954658316
2011-03-01,1.118553777257754
2011-03-02,1.1123487639429839
2011-03-03,1.1202652376904243
2011-03-04,1.1238839675145664
2011-03-07,1.1152525118604952
2011-03-08,1.1196072975862905
2011-03-09,1.1242738198608977
2011-03-10,1.1100647862150907
2011-03-11,1.1017239297738595
2011-03-14,1.1008395310660908
2011-03-15,1.0908357266741127
2011-03-16,1.0782446872711895
2011-03-17,1.0731450762652894
2011-03-18,1.086237719384286
2011-03-21,1.0982838545133187
2011-03-22,1.1042247847132136
2011-03-23,1.1017749448609602
2011-03-24,1.1063753444550235
2011-03-25,1.1128792175393025
2011-03-28,1.1141284263357298
2011-03-29,1.1165798873065336
2011-03-30,1.1258149646282105
2011-03-31,1.1329870706731495
2011-04-01,1.1357474979680173
2011-04-04,1.1368613296239622
2011-04-05,1.137470633975341
2011-04-06,1.1410622193872897
2011-04-07,1.1387873158117987
2011-04-08,1.133260561092821
2011-04-11,1.133072593317099
2011-04-12,1.1236628442472534
2011-04-13,1.118936888100715
2011-04-14,1.120815909890167
2011-04-15,1.1252612505603379
2011-04-18,1.1224683625027168
2011-04-19,1.1177722329414
2011-04-20,1.1272768698323024
2011-04-21,1.1409507507027385
2011-04-25,1.1428464278207986
2011-04-26,1.1522352735157813
2011-04-27,1.1574195682282222
2011-04-28,1.161532382961334
2011-04-29,1.164523624247813
2011-05-02,1.1598787360802358
2011-05-03,1.1537855757867774
2011-05-04,1.146825198863529
2011-05-05,1.1425183421629275
2011-05-06,1.1406270225562012
2011-05-09,1.1465693966651036
2011-05-10,1.1551106027221225
2011-05-11,1.1487097121730971
2011-05-12,1.1486661658154298
2011-05-13,1.1407713922166582
2011-05-16,1.13249891365114
2011-05-17,1.1261004715011056
2011-05-18,1.1315906348889517
2011-05-19,1.1375854625520487
2011-05-20,1.1355826742812956
2011-05-23,1.1244525380487875
2011-05-24,1.11655613809564
2011-05-25,1.1181925395465018
2011-05-26,1.1235178682027054
2011-05-27,1.1299336605033972
2011-05-31,1.135537703097729
2011-06-01,1.1254739391184485
2011-06-02,1.1122314679045728
2011-06-03,1.109443044772735
2011-06-06,1.1003111209955505
2011-06-07,1.0981752345306592
2011-06-08,1.098608802000261
2011-06-09,1.0986815279318853
2011-06-10,1.0953594482678626
2011-06-13,1.0905768154785591
2011-06-14,1.1003772132613183
2011-06-15,1.1000039851991836
2011-06-16,1.095792511802352
2011-06-17,1.0951040757518893
2011-06-20,1.1019238455353915
2011-06-21,1.1092239380173354
2011-06-22,1.1113725176200737
2011-06-23,1.1056388313808823
2011-06-24,1.1021294307858156
2011-06-27,1.1035847543452595
2011-06-28,1.1117710170803974
2011-06-29,1.1185347005297688
2011-06-30,1.1248285104359825
2011-07-01,1.1375138558745417
2011-07-05,1.1436616137102749
2011-07-06,1.14605177078363
2011-07-07,1.150558049756166
2011-07-08,1.1517642250613072
2011-07-11,1.139103600307021
2011-07-12,1.1309659211569127
2011-07-13,1.1321671498206918
2011-07-14,1.1264801048641542
2011-07-15,1.1249527492198275
2011-07-18,1.1218005600158893
2011-07-19,1.1284425270088008
2011-07-20,1.1368162428058906
2011-07-21,1.1431808710859346
2011-07-22,1.1463862477339597
2011-07-25,1.1387588719174728
2011-07-26,1.1314508382876556
2011-07-27,1.1168736207893353
2011-07-28,1.106024657676265
2011-07-29,1.098669769105301
2011-08-01,1.0997857349702493
2011-08-02,1.0832117513720032
2011-08-03,1.075628957078944
2011-08-04,1.0413135262228899
2011-08-05,1.0311634945369628
2011-08-08,0.9932866298938855
2011-08-09,1.01276788862306
2011-08-10,0.9982814388516428
2011-08-11,1.0125190617785493
2011-08-12,1.0219098251514418
2011-08-15,1.0357284049618136
2011-08-16,1.0349619956794551
2011-08-17,1.0342692473918316
2011-08-18,1.0126683110418515
2011-08-19,0.9985962864876481
2011-08-22,0.99786713584888
2011-08-23,1.012428387743081
2011-08-24,1.023711266832434
2011-08-25,1.0168928980002838
2011-08-26,1.0214591062332739
2011-08-29,1.0393289338305873
2011-08-30,1.0459824386169223
2011-08-31,1.0484818788568542
2011-09-01,1.0411416586117368
2011-09-02,1.025512393810149
2011-09-06,1.0188506902690866
2011-09-07,1.030854819514726
2011-09-08,1.030573601108784
2011-09-09,1.0163375873708183
2011-09-12,1.0151418810492259
2011-09-13,1.0211898975890197
2011-09-14,1.0294599419498869
2011-09-15,1.0388419382590732
2011-09-16,1.0450035731051548
2011-09-19,1.0404193217858175
2011-09-20,1.036409526384452
2011-09-21,1.0190720855891402
2011-09-22,1.0012852180611445
2011-09-23,0.9983875192622449
2011-09-26,1.0106742846356913
2011-09-27,1.020667946827368
2011-09-28,1.010751827932354
2011-09-29,1.0125655220866852
2011-09-30,1.0076880458407171
2011-10-03,0.9745198571639611
2011-10-04,0.9825207572009538
2011-10-05,0.9965267958854698
2011-10-06,1.0160911288525785
2011-10-07,1.013721238799814
2011-10-10,1.0268585484312935
2011-10-11,1.0433806256929699
2011-10-12,1.0480780254947617
2011-10-13,1.050428122343647
2011-10-14,1.0565754149422573
2011-10-17,1.051147943101482
2011-10-18,1.0540521032562062
2011-10-19,1.0579277182394657
2011-10-20,1.0540477744009107
2011-10-21,1.0674524491954984
2011-10-24,1.089642714855732
2011-10-25,1.0856921786895812
2011-10-26,1.082470613196497
2011-10-27,1.1184201159583305
2011-10-28,1.1334938640121996
2011-10-31,1.124177733410633
2011-11-01,1.0935929975346144
2011-11-02,1.0873982727731453
2011-11-03,1.1067770717618557
2011-11-04,1.1149088621775265
2011-11-07,1.1118169802854216
2011-11-08,1.12091460358964
2011-11-09,1.1080838715383554
2011-11-10,1.0913618887400502
2011-11-11,1.1057764860893906
2011-11-14,1.1091849784725634
2011-11-15,1.1096258452743397
2011-11-16,1.1059121510121521
2011-11-17,1.0925818107926646
2011-11-18,1.0847640513402328
2011-11-21,1.0741064192224925
2011-11-22,1.059579216548637
2011-11-23,1.0473532378881114
2011-11-25,1.0318972549807417
2011-11-28,1.0457749333449846
2011-11-29,1.0607885011692368
2011-11-30,1.0834672969823265
2011-12-01,1.1028752936218722
2011-12-02,1.10274611532658
2011-12-05,1.1556537749676385
2011-12-06,1.1620386969182832
2011-12-07,1.1627909467626312
2011-12-08,1.1536569478404664
2011-12-09,1.1466724529954386
2011-12-12,1.1563036281820434
2011-12-13,1.1422769779932556
2011-12-14,1.1352758995253864
2011-12-15,1.1310854764896532
2011-12-16,1.1360074671624965
2011-12-19,1.1363547620750925
2011-12-20,1.1372617822489228
2011-12-21,1.1627111873562814
2011-12-22,1.1663775370562737
2011-12-23,1.1732221548718629
2011-12-27,1.1829160714558202
2011-12-28,1.1766968219092053
2011-12-29,1.1705171461004524
2011-12-30,1.174189783282228
2012-01-03,1.1764834510517885
2012-01-04,1.1820096977855952
2012-01-05,1.1836492806196919
2012-01-06,1.1844341727007688
2012-01-09,1.1830558891537848
2012-01-10,1.1900742173431382
2012-01-11,1.1958303071005212
2012-01-12,1.1969449608981235
2012-01-13,1.1933713001005066
2012-01-17,1.1926747890310665
2012-01-18,1.2003502407468574
2012-01-19,1.2085691246528714
2012-01-20,1.2151458729497517
2012-01-23,1.21646954268528
2012-01-24,1.2169289695106547
2012-01-25,1.2202582380502982
2012-01-26,1.2247352912999687
2012-01-27,1.2230482528884512
2012-01-30,1.2191787895536939
2012-01-31,1.2188061403643538
2012-02-01,1.2283605668509279
2012-02-02,1.2344917989696844
2012-02-03,1.2439876542090054
2012-02-06,1.249590299403591
2012-02-07,1.2503795700483051
2012-02-08,1.2520867847014667
2012-02-09,1.2528245625089307
2012-02-10,1.2468282705687415
2012-02-13,1.249700348617793
2012-02-14,1.2517500762514273
2012-02-15,1.2479717564185884
2012-02-16,1.252546608745627
2012-02-17,1.2601754720622773
2012-02-21,1.260722995956068
2012-02-22,1.255049213392712
2012-02-23,1.2596953243103384
2012-02-24,1.2622969198447653
2012-02-27,1.2640401558852437
2012-02-28,1.2627149410212706
2012-02-29,1.2585436045408251
2012-03-01,1.2570392914740454
2012-03-02,1.2535344101311496
2012-03-05,1.2539344091383349
2012-03-06,1.243458023793557
2012-03-07,1.2398433720394935
2012-03-08,1.2474614691836496
2012-03-09,1.2684212830943782
2012-03-12,1.2707722053385058
2012-03-13,1.2781702273486681
2012-03-14,1.2844678784787227
2012-03-15,1.2881698009163207
2012-03-16,1.2903766283631561
2012-03-19,1.2968941029416436
2012-03-20,1.2966409547891007
2012-03-21,1.294308439004244
2012-03-22,1.2905551424263635
2012-03-23,1.2897966175515072
2012-03-26,1.3006406981133987
2012-03-27,1.3064982243158496
2012-03-28,1.303062682984006
2012-03-29,1.2991908803589327
2012-03-30,1.2966835270785955
2012-04-02,1.305648044862106
2012-04-03,1.306814368517145
2012-04-04,1.2966528687476844
2012-04-05,1.2884984117444889
2012-04-09,1.280013005411178
2012-04-10,1.2639825913423324
2012-04-11,1.2616275170379159
2012-04-12,1.272178191512939
2012-04-13,1.2737398345939004
2012-04-16,1.2696251873947118
2012-04-17,1.2755382210899944
2012-04-18,1.2798477277570024
2012-04-19,1.2745338727179418
2012-04-20,1.2754063245816436
2012-04-23,1.270036174160388
2012-04-24,1.2703228922188914
2012-04-25,1.2801832548691943
2012-04-26,1.2915322395373878
2012-04-27,1.299434716947496
2012-04-30,1.2955115005194002
2012-05-01,1.2932815992469053
2012-05-02,1.2992778745387676
2012-05-03,1.294005744251927
2012-05-04,1.2818382252596565
2012-05-07,1.2739233304954483
2012-05-08,1.2760961747173076
2012-05-09,1.2708006964144285
2012-05-10,1.2706645471916898
2012-05-11,1.2699066983261817
2012-05-14,1.26224298045926
2012-05-15,1.2548106435544701
2012-05-16,1.2495777120344245
2012-05-17,1.237299142431795
2012-05-18,1.225594317653865
2012-05-21,1.2282634673474986
2012-05-22,1.235179468715295
2012-05-23,1.238009984552722
2012-05-24,1.2389861087890943
2012-05-25,1.2400132068932352
2012-05-29,1.243136132314035
2012-05-30,1.2419071025347672
2012-05-31,1.2346734575442073
2012-06-01,1.2201620946339502
2012-06-04,1.207759214067546
2012-06-05,1.2135025625948883
2012-06-06,1.2266794869918964
2012-06-07,1.236849752872824
2012-06-08,1.2436375475334853
2012-06-11,1.237250615158696
2012-06-12,1.2358175383792003
2012-06-13,1.236807130471121
2012-06-14,1.2401613748626557
2012-06-15,1.2507509679339217
2012-06-18,1.2555376043719855
2012-06-19,1.264968891379539
2012-06-20,1.2681427682781643
2012-06-21,1.2554760450204152
2012-06-22,1.2505941040997564
2012-06-25,1.2474849470740024
2012-06-26,1.240478136146413
2012-06-27,1.2511165304306187
2012-06-28,1.2552518229626652
2012-06-29,1.26456591429225
2012-07-02,1.2853545919434635
2012-07-03,1.293294304184362
2012-07-05,1.2943445643802707
2012-07-06,1.2877462105068151
2012-07-09,1.281955345413581
2012-07-10,1.2791830713549825
2012-07-11,1.2735431500205359
2012-07-12,1.2728324239036304
2012-07-13,1.279571462148435
2012-07-16,1.287033832817123
2012-07-17,1.2885944829718752
2012-07-18,1.2946926096634988
2012-07-19,1.2958632296572978
2012-07-20,1.2922088140916475
2012-07-23,1.2800407717497782
2012-07-24,1.266067764479603
2012-07-25,1.2628747239877982
2012-07-26,1.2667141052923911
2012-07-27,1.2877892854726758
2012-07-30,1.2980210094854956
2012-07-31,1.2950726923686626
2012-08-01,1.2825473266302962
2012-08-02,1.2790948202399504
2012-08-03,1.2883599952004645
2012-08-06,1.3001706585074702
2012-08-07,1.301745236224189
2012-08-08,1.3044593883128919
2012-08-09,1.304898416363074
2012-08-10,1.3045347254166906
2012-08-13,1.3045501895898006
2012-08-14,1.3024382569342645
2012-08-15,1.3063901603802948
2012-08-16,1.3119427335180092
2012-08-17,1.3204040076954384
2012-08-20,1.3202799815316633
2012-08-21,1.3192239834080834
2012-08-22,1.3147648960314382
2012-08-23,1.3102053616626295
2012-08-24,1.3083458695762182
2012-08-27,1.3128310279311184
2012-08-28,1.3148802285444756
2012-08-29,1.317593946229453
2012-08-30,1.3122931453793139
2012-08-31,1.3107841357215992
2012-09-04,1.318909445745108
2012-09-05,1.3171771550584266
2012-09-06,1.328237748684674
2012-09-07,1.3422742875987346
2012-09-10,1.3440778234874022
2012-09-11,1.3438269451075948
2012-09-12,1.3474388937068342
2012-09-13,1.3555024244539213
2012-09-14,1.3698769685951868
2012-09-17,1.3692854156186813
2012-09-18,1.367915434522073
2012-09-19,1.3659605980596363
2012-09-20,1.3637063786864285
2012-09-21,1.3667235990580227
2012-09-24,1.366348239347278
2012-09-25,1.3574550083259798
2012-09-26,1.348991414948935
2012-09-27,1.3506686437667121
2012-09-28,1.3493583297852656
2012-10-01,1.3498564934204793
2012-10-02,1.3526624159320542
2012-10-03,1.3528905402416962
2012-10-04,1.3613467834310429
2012-10-05,1.366238398698357
2012-10-08,1.363419792236893
2012-10-09,1.3542442719744232
2012-10-10,1.3481271381284152
2012-10-11,1.3465014124579606
2012-10-12,1.3413693010155026
2012-10-15,1.3438877006703605
2012-10-16,1.3527554924072698
2012-10-17,1.3640004143572064
2012-10-18,1.3636583065733312
2012-10-19,1.352735610959587
2012-10-22,1.3459314886747653
2012-10-23,1.3411660005863903
2012-10-24,1.335589375611896
2012-10-25,1.3361876416055771
2012-10-26,1.3343343789820512
2012-10-31,1.33827340884338
2012-11-01,1.3477705781610458
2012-11-02,1.3439034853454945
2012-11-05,1.3414278501667392
2012-11-06,1.34888603908461
2012-11-07,1.3325102428798488
2012-11-08,1.3213338173613347
2012-11-09,1.3149616772239963
2012-11-12,1.3150241766362065
2012-11-13,1.3093190864710789
2012-11-14,1.2931976234721803
2012-11-15,1.285025327205592
2012-11-16,1.2916902379567627
2012-11-19,1.3077899153230916
2012-11-20,1.3187040224489208
2012-11-21,1.3203707828335163
2012-11-23,1.3299867812857906
2012-11-26,1.337400864685776
2012-11-27,1.3347992602921646
2012-11-28,1.336292298172209
2012-11-29,1.3460700293173047
2012-11-30,1.3498469349914495
2012-12-03,1.3499063720299198
2012-12-04,1.3480192106529185
2012-12-05,1.3474543704486386
2012-12-06,1.349785118042805
2012-12-07,1.3524720339100078
2012-12-10,1.3559604742316371
2012-12-11,1.3606811912028896
2012-12-12,1.3596307274598676
2012-12-13,1.3565070095508287
2012-12-14,1.3523785886663455
2012-12-17,1.3540995217959715
2012-12-18,1.3682962753698429
2012-12-19,1.3721155359338115
2012-12-20,1.3745005924195497
2012-12-21,1.3720987787996168
2012-12-24,1.364423573797732
2012-12-26,1.3584394119818293
2012-12-27,1.3562030148387223
2012-12-28,1.3499491054623416
2012-12-31,1.3543457526096472
2013-01-02,1.3840997898506906
2013-01-03,1.3966247912436418
2013-01-04,1.4007978159672936
2013-01-07,1.400110309413045
2013-01-08,1.3985541064376412
2013-01-09,1.4003234162925238
2013-01-10,1.4042897841538513
2013-01-11,1.4074988788475182
2013-01-14,1.4073989963215274
2013-01-15,1.4091504155887746
2013-01-16,1.4084147204103912
2013-01-17,1.4142870847328244
2013-01-18,1.4202047741816022
2013-01-22,1.428712971038695
2013-01-23,1.4305492812568565
2013-01-24,1.4333496465522986
2013-01-25,1.4345294316648196
2013-01-28,1.4400786872101665
2013-01-29,1.443633781153446
2013-01-30,1.4407697176431797
2013-01-31,1.441059528365383
2013-02-01,1.4466100472232255
2013-02-04,1.442866377075755
2013-02-05,1.4424185874863253
2013-02-06,1.449519051128743
2013-02-07,1.447030073324057
2013-02-08,1.448962177250892
2013-02-11,1.4528162721639264
2013-02-12,1.4575684135651208
2013-02-13,1.4611881246368017
2013-02-14,1.4614436946200569
2013-02-15,1.4627764295230505
2013-02-19,1.4690596937010538
2013-02-20,1.4623810799260268
2013-02-21,1.4529267016557328
2013-02-22,1.4579476077343256
2013-02-25,1.4462450855705131
2013-02-26,1.4407922443853047
2013-02-27,1.4510595856028194
2013-02-28,1.457987211143517
2013-03-01,1.4594608468603694
2013-03-04,1.4632297835312296
2013-03-05,1.4729022642045209
2013-03-06,1.4818029029663753
2013-03-07,1.4848695283321467
2013-03-08,1.489676951027544
2013-03-11,1.493723448168132
2013-03-12,1.494094172173462
2013-03-13,1.496301095155082
2013-03-14,1.5031239875798015
2013-03-15,1.5079979261517165
2013-03-18,1.5028681966014656
2013-03-19,1.502953808335708
2013-03-20,1.5085902413089465
2013-03-21,1.5071768878905005
2013-03-22,1.5063921207572288
2013-03-25,1.5113232424817666
2013-03-26,1.5136870334383667
2013-03-27,1.5173767573403212
2013-03-28,1.5183645831327046
2013-04-01,1.5125095913256414
2013-04-02,1.5087587685691979
2013-04-03,1.5024875191083769
2013-04-04,1.501875839127683
2013-04-05,1.5014793156473831
2013-04-08,1.5046445095169272
2013-04-09,1.5059964346687722
2013-04-10,1.5181544525929658
2013-04-11,1.5255021432270004
2013-04-12,1.5266438335375252
2013-04-15,1.5020958635595745
2013-04-16,1.5021650968763458
2013-04-17,1.4968169898268386
2013-04-18,1.4865211988095448
2013-04-19,1.492608850947998
2013-04-22,1.4988862826102778
2013-04-23,1.5111771109174048
2013-04-24,1.5203872673844239
2013-04-25,1.5221733032668656
2013-04-26,1.5199962941302436
2013-04-29,1.525016639144324
2013-04-30,1.5334280224110048
2013-05-01,1.5182054620565277
2013-05-02,1.5211552281341536
2013-05-03,1.5371784934782364
2013-05-06,1.5478030252258494
2013-05-07,1.555379211990743
2013-05-08,1.5601169082219344
2013-05-09,1.559181932439071
2013-05-10,1.559814933082364
2013-05-13,1.561060954596981
2013-05-14,1.5675896268927936
2013-05-15,1.5791942963096461
2013-05-16,1.5821593042588598
2013-05-17,1.58369903957716
2013-05-20,1.5910532239423365
2013-05-21,1.59129519078845
2013-05-22,1.582709777366512
2013-05-23,1.5752146512769412
2013-05-24,1.5727103094878807
2013-05-28,1.5756939503404104
2013-05-29,1.5696954272270753
2013-05-30,1.5688981601207304
2013-05-31,1.5610294466140116
2013-06-03,1.5581334422389652
2013-06-04,1.5557058666846557
2013-06-05,1.543777959288227
2013-06-06,1.5427471475290235
2013-06-07,1.552390439736307
2013-06-10,1.5626527824596304
2013-06-11,1.5536381609912024
2013-06-12,1.5395599981665788
2013-06-13,1.5475085793100338
2013-06-14,1.5519193803529168
2013-06-17,1.5520935861443856
2013-06-18,1.5646215872162124
2013-06-19,1.5594163552884222
2013-06-20,1.533197864484523
2013-06-21,1.5211469397147852
2013-06-24,1.5138174119892032
2013-06-25,1.513140208862667
2013-06-26,1.522611198088676
2013-06-27,1.5403943185744235
2013-06-28,1.5437436653919687
2013-07-01,1.5494665474770222
2013-07-02,1.5560799285380367
2013-07-03,1.55698525601469
2013-07-05,1.5680635063302084
2013-07-08,1.5794351927770265
2013-07-09,1.5922288530327566
2013-07-10,1.5991594771988118
2013-07-11,1.6069055095536955
2013-07-12,1.6180965287959053
2013-07-15,1.623853598064972
2013-07-16,1.626143771426768
2013-07-17,1.6251940305647143
2013-07-18,1.6348617177661622
2013-07-19,1.6403762606309522
2013-07-22,1.6440389732601979
2013-07-23,1.6467203254699445
2013-07-24,1.642003756823796
2013-07-25,1.645847349746848
2013-07-26,1.6446013006871862
2013-07-29,1.638876301742203
2013-07-30,1.6354796535919864
2013-07-31,1.63420682002219
2013-08-01,1.6438540572404179
2013-08-02,1.6530924947848942
2013-08-05,1.6554514181038962
2013-08-06,1.6483118525306402
2013-08-07,1.6391148075773954
2013-08-08,1.6389224907697217
2013-08-09,1.639733009624373
2013-08-12,1.63846990520533
2013-08-13,1.634997270486081
2013-08-14,1.635775354822914
2013-08-15,1.6195264022921418
2013-08-16,1.606195835250778
2013-08-19,1.5964971314213083
2013-08-20,1.6031904863966193
2013-08-21,1.6001993631574534
2013-08-22,1.6041401030893252
2013-08-23,1.6131525939773308
2013-08-26,1.61262431756442
2013-08-27,1.5927714125966785
2013-08-28,1.581409492427692
2013-08-29,1.5905047597240234
2013-08-30,1.580564486751976
2013-09-03,1.5803893593437044
2013-09-04,1.587719286740654
2013-09-05,1.5963002100138501
2013-09-06,1.5973125528940568
2013-09-09,1.6075713554069044
2013-09-10,1.6209268835536625
2013-09-11,1.6276105560819891
2013-09-12,1.6263669775475253
2013-09-13,1.6280196982489619
2013-09-16,1.6310680223419824
2013-09-17,1.6399852287524177
2013-09-18,1.650998163349143
2013-09-19,1.6570375792129952
2013-09-20,1.6580152275752287
2013-09-23,1.653059615514044
2013-09-24,1.6509338730574226
2013-09-25,1.6471469250933652
2013-09-26,1.6449950012232177
2013-09-27,1.6460884057167455
2013-09-30,1.6403912973849997
2013-10-01,1.6432450420010056
2013-10-02,1.64361037679407
2013-10-03,1.6346911539052762
2013-10-04,1.6325102144657344
2013-10-07,1.630678962991035
2013-10-08,1.6200560961533723
2013-10-09,1.6136682693660878
2013-10-10,1.6286429082312663
2013-10-11,1.6542953340454303
2013-10-14,1.6634586928213517
2013-10-15,1.6609047570303699
2013-10-16,1.6618021634054112
2013-10-17,1.6784374800895578
2013-10-18,1.6887377602712021
2013-10-21,1.6915230122236629
2013-10-22,1.695659994554645
2013-10-23,1.6987825284971407
2013-10-24,1.7017212373571495
2013-10-25,1.7056490692791657
2013-10-28,1.709821494747608
2013-10-29,1.7104604813869484
2013-10-30,1.7071374373195094
2013-10-31,1.6957522335510995
2013-11-01,1.6933674969867227
2013-11-04,1.6993071222889662
2013-11-05,1.7019028690291298
2013-11-06,1.703619797103618
2013-11-07,1.6961190615378745
2013-11-08,1.7011497541739948
2013-11-11,1.7077992479508515
2013-11-12,1.707740646085929
2013-11-13,1.7127588426947975
2013-11-14,1.7196337387390688
2013-11-15,1.7255309229278055
2013-11-18,1.7275221257857902
2013-11-19,1.7221370152537443
2013-11-20,1.7202812059386852
2013-11-21,1.7307529694363812
2013-11-22,1.7411012673677109
2013-11-25,1.7466223241927015
2013-11-26,1.7513613097110357
2013-11-27,1.7588380028679094
2013-11-29,1.7619743367684264
2013-12-02,1.7526657664384118
2013-12-03,1.7486222117335095
2013-12-04,1.7421997733278647
2013-12-05,1.7435155287680515
2013-12-06,1.7503315961541908
2013-12-09,1.7578944332658832
2013-12-10,1.752151583457962
2013-12-11,1.7389567597249964
2013-12-12,1.7300633509309122
2013-12-13,1.729796651185191
2013-12-16,1.740443214521607
2013-12-17,1.740091462937695
2013-12-18,1.7498858433604587
2013-12-19,1.756556875455016
2013-12-20,1.7697552971739188
2013-12-23,1.7816079099611644
2013-12-24,1.7885356351211388
2013-12-26,1.7908821504955303
2013-12-27,1.7953786633692808
2013-12-30,1.7922922009782076
2013-12-31,1.792569244516458
2014-01-02,1.7866754816696033
2014-01-03,1.7814217200300935
2014-01-06,1.7768108005040424
2014-01-07,1.7808166213166399
2014-01-08,1.783967253047556
2014-01-09,1.7838388510847132
2014-01-10,1.7871163872588816
2014-01-13,1.7812144766144038
2014-01-14,1.7776702535125757
2014-01-15,1.7910542214882008
2014-01-16,1.7967476476297444
2014-01-17,1.7936090801202864
2014-01-21,1.7966642261880987
2014-01-22,1.800265313978261
2014-01-23,1.7945816959908352
2014-01-24,1.7718367628062373
2014-01-27,1.747559064393585
2014-01-28,1.7469366669922444
2014-01-29,1.7403578855008952
2014-01-30,1.744024729017378
2014-01-31,1.7435694190121707
2014-02-03,1.7177040726247386
2014-02-04,1.7075161354282222
2014-02-05,1.7074733194558882
2014-02-06,1.7132001729444166
2014-02-07,1.7290741401070235
2014-02-10,1.7393270935966072
2014-02-11,1.7496622958653913
2014-02-12,1.7600574160583755
2014-02-13,1.7674169052217774
2014-02-14,1.7750135898064894
2014-02-18,1.7829105356324246
2014-02-19,1.773320305658131
2014-02-20,1.7759317806318204
2014-02-21,1.7804181738972606
2014-02-24,1.785311985085123
2014-02-25,1.7870235824641512
2014-02-26,1.7919851442844283
2014-02-27,1.7935419702068331
2014-02-28,1.799645730871135
2014-03-03,1.7961304502085054
2014-03-04,1.8114634196325154
2014-03-05,1.8199306969702835
2014-03-06,1.8211999740485258
2014-03-07,1.8246483290638902
2014-03-10,1.824589991901871
2014-03-11,1.8174436239310214
2014-03-12,1.8173144725997439
2014-03-13,1.8104522763167081
2014-03-14,1.8043880104706536
2014-03-17,1.8078765047581755
2014-03-18,1.8227821179352712
2014-03-19,1.8214804103809794
2014-03-20,1.8231063304127815
2014-03-21,1.830316742747602
2014-03-24,1.822384238897809
2014-03-25,1.8213482999757649
2014-03-26,1.8124332786724118
2014-03-27,1.8033598104352406
2014-03-28,1.8047201556530919
2014-03-31,1.8213681602692164
2014-04-01,1.8336651060445401
2014-04-02,1.8412063993421812
2014-04-03,1.8396781485785474
2014-04-04,1.8241590227876001
2014-04-07,1.8074554435879382
2014-04-08,1.8027833929955321
2014-04-09,1.8116133963121115
2014-04-10,1.8015526973873806
2014-04-11,1.7771883719722403
2014-04-14,1.774666304492945
2014-04-15,1.783403034160387
2014-04-16,1.794602323403228
2014-04-17,1.8050122074564507
2014-04-21,1.8088123918210666
2014-04-22,1.8172319131271737
2014-04-23,1.816768454108614
2014-04-24,1.8145973414434562
2014-04-25,1.8058304844547637
2014-04-28,1.8005228023243558
2014-04-29,1.8050570232652436
2014-04-30,1.8114752955391074
2014-05-01,1.8135480954329317
2014-05-02,1.8152475257720333
2014-05-05,1.813046865606612
2014-05-06,1.8052327168828208
2014-05-07,1.8032798924939675
2014-05-08,1.8043268463009263
2014-05-09,1.81044372021854
2014-05-12,1.8271742120105072
2014-05-13,1.8259695848924242
2014-05-14,1.81336691059415
2014-05-15,1.8042538383869031
2014-05-16,1.803942355230143
2014-05-19,1.811590193340768
2014-05-20,1.8055242262733426
2014-05-21,1.8059258236934808
2014-05-22,1.818269319137832
2014-05-23,1.8277566638918152
2014-05-27,1.8400303106124132
2014-05-28,1.8389282945537926
2014-05-29,1.8388977542408855
2014-05-30,1.8433544330223675
2014-06-02,1.8438790080356329
2014-06-03,1.842922599580969
2014-06-04,1.8465887431168837
2014-06-05,1.86540413639963
2014-06-06,1.8756921876225778
2014-06-09,1.8823117766891895
2014-06-10,1.8826150808825275
2014-06-11,1.875921255741929
2014-06-12,1.8661570642759808
2014-06-13,1.8628721700858362
2014-06-16,1.863942971198561
2014-06-17,1.869967211573288
2014-06-18,1.87816525482451
2014-06-19,1.8821828413086221
2014-06-20,1.8855319065150802
2014-06-23,1.8836641972678625
2014-06-24,1.8797886011832006
2014-06-25,1.879037684901848
2014-06-26,1.8809973801596516
2014-06-27,1.886689725359194
2014-06-30,1.8864254219616412
2014-07-01,1.8947106509072795
2014-07-02,1.896342656482358
2014-07-03,1.9009879625435724
2014-07-07,1.8959594279430454
2014-07-08,1.8893364655020815
2014-07-09,1.8856946695360162
2014-07-10,1.8831249743551928
2014-07-11,1.8803082216397415
2014-07-14,1.8861842941960183
2014-07-15,1.8876225001014446
2014-07-16,1.8856434973306195
2014-07-17,1.8768031335244009
2014-07-18,1.8798472564065074
2014-07-21,1.8826626169582266
2014-07-22,1.8851690775033627
2014-07-23,1.8900798856415824
2014-07-24,1.8914461818888701
2014-07-25,1.8849417572300275
2014-07-28,1.8805000521457953
2014-07-29,1.8773779557427581
2014-07-30,1.8753502599137666
2014-07-31,1.8601008510551225
2014-08-01,1.8463067161276039
2014-08-04,1.8496892582933375
2014-08-05,1.8491676584556536
2014-08-06,1.8471547804045607
2014-08-07,1.8437097340782276
2014-08-08,1.8496319098839846
2014-08-11,1.8639453285176661
2014-08-12,1.8619284221068906
2014-08-13,1.867242006556292
2014-08-14,1.874868392382786
2014-08-15,1.8771261449203762
2014-08-18,1.8877318010628528
2014-08-19,1.8963773849879209
2014-08-20,1.898220020953338
2014-08-21,1.903476548121572
2014-08-22,1.9041403996201782
2014-08-25,1.9054042363333537
2014-08-26,1.9125781491339438
2014-08-27,1.9110728245360424
2014-08-28,1.9076522969652556
2014-08-29,1.9119615012006623
2014-09-02,1.9161207611357591
2014-09-03,1.9126499870856657
2014-09-04,1.9086091690062297
2014-09-05,1.9120567073523342
2014-09-08,1.9150186139340328
2014-09-09,1.9041871588942618
2014-09-10,1.9004760944036123
2014-09-11,1.9057338642963004
2014-09-12,1.8946920454032516
2014-09-15,1.8843517016985523
2014-09-16,1.890914573963233
2014-09-17,1.896212672753692
2014-09-18,1.900566597374433
2014-09-19,1.9019406808652688
2014-09-22,1.889130921547995
2014-09-23,1.8758503971458882
2014-09-24,1.875916912655974
2014-09-25,1.8695710032274209
2014-09-26,1.8646067931500223
2014-09-29,1.867888245715759
2014-09-30,1.8558963143040075
2014-10-01,1.8474983703104297
2014-10-02,1.8421619563499927
2014-10-03,1.8494104911102265
2014-10-06,1.8543302991416373
2014-10-07,1.8417831864425265
2014-10-08,1.8547529326683354
2014-10-09,1.8479326851633506
2014-10-10,1.8291560980053556
2014-10-13,1.8244335030497003
2014-10-14,1.8225872769366305
2014-10-15,1.8200866478591724
2014-10-16,1.8215940493104776
2014-10-17,1.822860344619471
2014-10-20,1.8398404201858247
2014-10-21,1.8609220370487325
2014-10-22,1.8646489817926621
2014-10-23,1.8696771386388467
2014-10-24,1.8793128804176553
2014-10-27,1.8855336596761567
2014-10-28,1.9070139207587338
2014-10-29,1.910804564253383
2014-10-30,1.9184563308375557
2014-10-31,1.9355087149454453
2014-11-03,1.9422572123736614
2014-11-04,1.940312276223632
2014-11-05,1.9409334191491219
2014-11-06,1.945633221514461
2014-11-07,1.952240781361465
2014-11-10,1.9590283428352913
2014-11-11,1.9590719272287218
2014-11-12,1.9625406799056706
2014-11-13,1.9577722671590987
2014-11-14,1.9556334283562045
2014-11-17,1.951871875278929
2014-11-18,1.9557640836573835
2014-11-19,1.9498524858030475
2014-11-20,1.9564104695310398
2014-11-21,1.9587531830545322
2014-11-24,1.9719849844604194
2014-11-25,1.9743186366403078
2014-11-26,1.9794530048010284
2014-11-28,1.9728219692672502
2014-12-01,1.9611075294878777
2014-12-02,1.969931686914785
2014-12-03,1.979845684076175
2014-12-04,1.9797446364889653
2014-12-05,1.9820868542816727
2014-12-08,1.9719812727596575
2014-12-09,1.98089528118077
2014-12-10,1.9598515642826713
2014-12-11,1.9559877465464695
2014-12-12,1.941270998440661
2014-12-15,1.9194959743382052
2014-12-16,1.9138703275307856
2014-12-17,1.9345968158180067
2014-12-18,1.9607029673426253
2014-12-19,1.9833854999048341
2014-12-22,1.9942547310230476
2014-12-23,2.0012096819766008
2014-12-24,2.0013637396871977
2014-12-26,2.0077051039640033
2014-12-29,2.0173284529392452
2014-12-30,2.014276030729871
2014-12-31,1.995354871296953
2015-01-02,1.9883945125818365
2015-01-05,1.9735227215262199
2015-01-06,1.9497458516567077
2015-01-07,1.95413950983253
2015-01-08,1.9755980773833266
2015-01-09,1.9734635238237992
2015-01-12,1.9619396402813136
2015-01-13,1.957204955516993
2015-01-14,1.9492726646509493
2015-01-15,1.9362918763406518
2015-01-16,1.9485989625179432
2015-01-20,1.9498498428181752
2015-01-21,1.9511563971237385
2015-01-22,1.979007937781017
2015-01-23,1.9798345192625963
2015-01-26,1.980841355167406
2015-01-27,1.9738059664842404
2015-01-28,1.9528532267758998
2015-01-29,1.9575183688002689
2015-01-30,1.9418673087095848
2015-02-02,1.9485429799668954
2015-02-03,1.9726446150523824
2015-02-04,1.975460142331034
2015-02-05,1.9891289493033408
2015-02-06,1.9896797182894341
2015-02-09,1.9791512835111695
2015-02-10,1.9828203922094678
2015-02-11,1.9876666051877532
2015-02-12,2.0033806376424
2015-02-13,2.0111497515658647
2015-02-17,2.0138750067741578
2015-02-18,2.015016287388118
2015-02-19,2.012194105879956
2015-02-20,2.016857615469753
2015-02-23,2.0215418432336865
2015-02-24,2.0225076586252024
2015-02-25,2.0245257836374524
2015-02-26,2.025292824807527
2015-02-27,2.0246771143314817
2015-03-02,2.0295280491083623
2015-03-03,2.028282907996579
2015-03-04,2.020046724050399
2015-03-05,2.0199669208296753
2015-03-06,2.006564175886536
2015-03-09,2.003475806987589
2015-03-10,1.9928373633840664
2015-03-11,1.9830971365022219
2015-03-12,2.0026012748758744
2015-03-13,2.0071505677242643
2015-03-16,2.010994604412005
2015-03-17,2.0206497177751253
2015-03-18,2.0292222717498536
2015-03-19,2.032483583148764
2015-03-20,2.0430694641299443
2015-03-23,2.0488316385706336
2015-03-24,2.043350838029488
2015-03-25,2.021877576310522
2015-03-26,2.011430956141151
2015-03-27,2.0143521134271283
2015-03-30,2.0290977758196225
2015-03-31,2.0294156371126517
2015-04-01,2.0244906302283088
2015-04-02,2.02862389917851
2015-04-06,2.03442447717243
2015-04-07,2.0329521061346107
2015-04-08,2.0338067050607176
2015-04-09,2.0318546509068893
2015-04-10,2.0427986896808
2015-04-13,2.0453151911603062
2015-04-14,2.043704425019576
2015-04-15,2.050826767903263
2015-04-16,2.054334970132717
2015-04-17,2.039160429904431
2015-04-20,2.0457424357636107
2015-04-21,2.0482348381902664
2015-04-22,2.050897274699495
2015-04-23,2.0573842538241665
2015-04-24,2.0603724235703256
2015-04-27,2.057587037330219
2015-04-28,2.0638943147415407
2015-04-29,2.057952374661528
2015-04-30,2.0398738175433984
2015-05-01,2.0390898317457644
2015-05-04,2.0489308895879903
2015-05-05,2.0379279012955855
2015-05-06,2.030651730090009
2015-05-07,2.033711116239938
2015-05-08,2.046472587457904
2015-05-11,2.0530820143402266
2015-05-12,2.0497652411745864
2015-05-13,2.0477840727387875
2015-05-14,2.062054239350294
2015-05-15,2.0666169002732553
2015-05-18,2.0755692609204948
2015-05-19,2.0786249574392386
2015-05-20,2.07888328034128
2015-05-21,2.0776237965368978
2015-05-22,2.073293881438227
2015-05-26,2.0604442428193797
2015-05-27,2.0655780745144314
2015-05-28,2.0710519574490363
2015-05-29,2.0638925039805147
2015-06-01,2.0624396090470407
2015-06-02,2.063271764277423
2015-06-03,2.0690494618604727
2015-06-04,2.059887496191138
2015-06-05,2.0572618014063773
2015-06-08,2.052055619156718
2015-06-09,2.048229930083015
2015-06-10,2.062369618289333
2015-06-11,2.073017399842959
2015-06-12,2.071943299593563
2015-06-15,2.063287335312666
2015-06-16,2.0674517501876855
2015-06-17,2.0678037941445893
2015-06-18,2.081144419094109
2015-06-19,2.0882760987460527
2015-06-22,2.0905537831034438
2015-06-23,2.097378101960194
2015-06-24,2.0911715882348174
2015-06-25,2.0855135763917314
2015-06-26,2.0841190608950635
2015-06-29,2.061185607373671
2015-06-30,2.0488907132127983
2015-07-01,2.063224158687192
2015-07-02,2.0647953706203817
2015-07-06,2.0674993297328395
2015-07-07,2.068324219447989
2015-07-08,2.060903984941796
2015-07-09,2.051411832684572
2015-07-10,2.069569830483167
2015-07-13,2.084575926311156
2015-07-14,2.0974896322817367
2015-07-15,2.100111755365706
2015-07-16,2.1065303339974686
2015-07-17,2.1122066372260884
2015-07-20,2.109872415962875
2015-07-21,2.1039766196259553
2015-07-22,2.1071342219680904
2015-07-23,2.090629758608232
2015-07-24,2.075229160138991
2015-07-27,2.066806175598815
2015-07-28,2.0691223092861404
2015-07-29,2.0874136684056497
2015-07-30,2.093551107348877
2015-07-31,2.095976135083127
2015-08-03,2.094762697984485
2015-08-04,2.0959174057278283
2015-08-05,2.0972664790582387
2015-08-06,2.091692920723255
2015-08-07,2.0820309533906833
2015-08-10,2.0901655012500084
2015-08-11,2.089127245563312
2015-08-12,2.0807734234626234
2015-08-13,2.081093061377694
2015-08-14,2.0908587777015124
2015-08-17,2.100872314917466
2015-08-18,2.1020040830141236
2015-08-19,2.093296126312905
2015-08-20,2.0678201286084215
2015-08-21,2.033140348462835
2015-08-24,1.9514875824141207
2015-08-25,1.931844089862044
2015-08-26,1.9626761180002383
2015-08-27,1.9928885543697108
2015-08-28,1.9984351692467537
2015-08-31,1.9928818821676488
2015-09-01,1.9616907098474665
2015-09-02,1.9733375840222553
2015-09-03,1.9779513542756022
2015-09-04,1.9657798608161658
2015-09-08,1.986183872787779
2015-09-09,1.9784002119808424
2015-09-10,1.9813740311509727
2015-09-11,1.9883564071220015
2015-09-14,1.9864486177415925
2015-09-15,1.9976406764091847
2015-09-16,2.0079076870454955
2015-09-17,2.0079755440503826
2015-09-18,1.993258975429636
2015-09-21,1.9981119712135436
2015-09-22,1.9871962368258909
2015-09-23,1.9847971314413604
2015-09-24,1.982081338815928
2015-09-25,1.9799980950326264
2015-09-28,1.9567782291633167
2015-09-29,1.9515410394213268
2015-09-30,1.9574608861732943
2015-10-01,1.968046305913831
2015-10-02,1.979999506467884
2015-10-05,2.014382801988664
2015-10-06,2.0191765100681978
2015-10-07,2.0349397434235312
2015-10-08,2.0534976689741766
2015-10-09,2.0554843502060263
2015-10-12,2.062736838990098
2015-10-13,2.051317686647841
2015-10-14,2.0340070158493706
2015-10-15,2.0507860000195377
2015-10-16,2.061079249747893
2015-10-19,2.0657547506625566
2015-10-20,2.069462003856408
2015-10-21,2.0580996133253873
2015-10-22,2.0771369837735527
2015-10-23,2.094777556336564
2015-10-26,2.0988703834741305
2015-10-27,2.0891478751670687
2015-10-28,2.1073424126096847
2015-10-29,2.1080779724535974
2015-10-30,2.0981076903056763
2015-11-02,2.1117696504166883
2015-11-03,2.122123565119608
2015-11-04,2.125474766184472
2015-11-05,2.131260812635921
2015-11-06,2.1343655943717117
2015-11-09,2.1197582209976535
2015-11-10,2.119968036157505
2015-11-11,2.117584721637142
2015-11-12,2.0933927844956552
2015-11-13,2.0741599393107446
2015-11-16,2.079217766837509
2015-11-17,2.0862016689091716
2015-11-18,2.103673834044672
2015-11-19,2.1083981996219947
2015-11-20,2.1167279300079036
2015-11-23,2.120415481570878
2015-11-24,2.12656427232762
2015-11-25,2.130034304114414
2015-11-27,2.1351600277020433
2015-11-30,2.1357101043971563
2015-12-01,2.1404315047351767
2015-12-02,2.134063581561411
2015-12-03,2.1085769623744337
2015-12-04,2.1160093539794724
2015-12-07,2.111238986434394
2015-12-08,2.0978772736403677
2015-12-09,2.084850066241274
2015-12-10,2.0822324655893585
2015-12-11,2.064605787172527
2015-12-14,2.0535833728896993
2015-12-15,2.0732244858694084
2015-12-16,2.100626646786199
2015-12-17,2.094814875875113
2015-12-18,2.0663942262344137
2015-12-21,2.062251351453945
2015-12-22,2.0800471406742536
2015-12-23,2.0970366580285367
2015-12-24,2.103942433081906
2015-12-28,2.100249836374738
2015-12-29,2.1120201560088763
2015-12-30,2.1106327916456182
2015-12-31,2.088536416603656
2016-01-04,2.0528818790567587
2016-01-05,2.0490463139188813
2016-01-06,2.0429709902585658
2016-01-07,2.0089285657217184
2016-01-08,1.973863940346852
2016-01-11,1.9701856620880407
2016-01-12,1.970412207780465
2016-01-13,1.9438825924109309
2016-01-14,1.9413560333336852
2016-01-15,1.9308589140697923
2016-01-19,1.9102766607146329
2016-01-20,1.9069675579571155
2016-01-21,1.8966529795726719
2016-01-22,1.9212144605126746
2016-01-25,1.9122173593844547
2016-01-26,1.92641033247257
2016-01-27,1.9239734388827818
2016-01-28,1.9257563657244576
2016-01-29,1.9590541596855449
2016-02-01,1.9682054785802965
2016-02-02,1.947071815987666
2016-02-03,1.9363073255913057
2016-02-04,1.9368518372661967
2016-02-05,1.916704378183757
2016-02-08,1.9001398386832977
2016-02-09,1.8872091080217022
2016-02-10,1.8860013920004088
2016-02-11,1.868781044260519
2016-02-12,1.8803808236433417
2016-02-16,1.9114982262891753
2016-02-17,1.9350811543292983
2016-02-18,1.9396995785533067
2016-02-19,1.9433904642776638
2016-02-22,1.9535488032315103
2016-02-23,1.952216756112411
2016-02-24,1.9509098142494095
2016-02-25,1.9721680094922363
2016-02-26,1.984034420893495
2016-02-29,1.9741175200086047
2016-03-01,1.9892076641674046
2016-03-02,2.0114884506698503
2016-03-03,2.0231821247957376
2016-03-04,2.029165885391241
2016-03-07,2.041917771758855
2016-03-08,2.0282508035847595
2016-03-09,2.024595225188895
2016-03-10,2.025363818570248
2016-03-11,2.0456563846466302
2016-03-14,2.052280731734603
2016-03-15,2.0438118807025725
2016-03-16,2.0461715833599206
2016-03-17,2.06806326103269
2016-03-18,2.079564963849977
2016-03-21,2.079215937094122
2016-03-22,2.0799437823061337
2016-03-23,2.0655515547984438
2016-03-24,2.063408054322264
2016-03-28,2.0630499982172052
2016-03-29,2.0827726274853955
2016-03-30,2.0936113512008663
2016-03-31,2.0917365484561854
2016-04-01,2.0938188273519325
2016-04-04,2.0899304503306775
2016-04-05,2.076594495193833
2016-04-06,2.0769220925373606
2016-04-07,2.0706550657356884
2016-04-08,2.067963080654523
2016-04-11,2.070132462125141
2016-04-12,2.0787298311210867
2016-04-13,2.1048549569391075
2016-04-14,2.1120904038940775
2016-04-15,2.112158994327441
2016-04-18,2.1181081178803325
2016-04-19,2.129687630082004
2016-04-20,2.131743802041793
2016-04-21,2.1248982753529875
2016-04-22,2.127829302649592
2016-04-25,2.124943404016688
2016-04-26,2.1295515761576422
2016-04-27,2.1340476954890093
2016-04-28,2.126753944337244
2016-04-29,2.1179274848343117
2016-05-02,2.123748298314192
2016-05-03,2.1171956585106777
2016-05-04,2.108774213520195
2016-05-05,2.10309134647913
2016-05-06,2.1077380577333313
2016-05-09,2.110418581977176
2016-05-10,2.1214776657125416
2016-05-11,2.119845883102168
2016-05-12,2.112560241234727
2016-05-13,2.105109816712594
2016-05-16,2.107154276514226
2016-05-17,2.095421254682598
2016-05-18,2.097440546519848
2016-05-19,2.088199475298925
2016-05-20,2.09581544425731
2016-05-23,2.1010116272468267
2016-05-24,2.1203382222550555
2016-05-25,2.132391918483835
2016-05-26,2.1346944578556655
2016-05-27,2.1432641958302643
2016-05-31,2.14258864480423
2016-06-01,2.144994716570629
2016-06-02,2.149832246638211
2016-06-03,2.146244472323431
2016-06-06,2.1522758120181784
2016-06-07,2.156033202602612
2016-06-08,2.1650264186151444
2016-06-09,2.161474014128846
2016-06-10,2.1518509812784874
2016-06-13,2.1297593139017628
2016-06-14,2.1209735116557695
2016-06-15,2.1175670630818324
2016-06-16,2.117314165303653
2016-06-17,2.116140078500378
2016-06-20,2.1242646743472227
2016-06-21,2.131412991604325
2016-06-22,2.130501659608285
2016-06-23,2.148635262261484
2016-06-24,2.1149237291334577
2016-06-27,2.0612589470772535
2016-06-28,2.057198888266229
2016-06-29,2.0873092640598347
2016-06-30,2.1208704154384583
2016-07-01,2.1291249595999417
2016-07-05,2.119696430755181
2016-07-06,2.1190506256981916
2016-07-07,2.126455999828871
2016-07-08,2.1491177799853447
2016-07-11,2.1741604036307383
2016-07-12,2.1905899679198635
2016-07-13,2.1975696340870403
2016-07-14,2.20089108435206
2016-07-15,2.209544638100774
2016-07-18,2.2042972186206518
2016-07-19,2.204919559303757
2016-07-20,2.2066549518649015
2016-07-21,2.2029613302084465
2016-07-22,2.2115216476633686
2016-07-25,2.2114639002828422
2016-07-26,2.2128930050649496
2016-07-27,2.2153018553584993
2016-07-28,2.2153635305122634
2016-07-29,2.216826063090838
2016-08-01,2.2139041168897213
2016-08-02,2.2063599130206386
2016-08-03,2.2055293398745546
2016-08-04,2.2092255714932074
2016-08-05,2.227810822646104
2016-08-08,2.2331357432211068
2016-08-09,2.233491507986075
2016-08-10,2.2311722225933974
2016-08-11,2.2313845316483514
2016-08-12,2.235899681284377
2016-08-15,2.2422938461236765
2016-08-16,2.2409775236079152
2016-08-17,2.2346752431641668
2016-08-18,2.243563798693147
2016-08-19,2.2442990625949033
2016-08-22,2.2452063775992688
2016-08-23,2.249378554514342
2016-08-24,2.2515952670938475
2016-08-25,2.249704545765188
2016-08-26,2.249642807591094
2016-08-29,2.2505906847203208
2016-08-30,2.2630654756676094
2016-08-31,2.2565950961050127
2016-09-01,2.2525041412579228
2016-09-02,2.25899455182663
2016-09-06,2.2612995329233083
2016-09-07,2.2710087760407465
2016-09-08,2.2705861983958915
2016-09-09,2.24652215725422
2016-09-12,2.2264091016664613
2016-09-13,2.2276498029948
2016-09-14,2.2081766524871296
2016-09-15,2.2145491963315758
2016-09-16,2.222525236588153
2016-09-19,2.222951117762264
2016-09-20,2.221011531794118
2016-09-21,2.227538531544549
2016-09-22,2.252633959651776
2016-09-23,2.2544974146236765
2016-09-26,2.2357012220004284
2016-09-27,2.2325866030813355
2016-09-28,2.2472913943168233
2016-09-29,2.2394510252946427
2016-09-30,2.238696921339219
2016-10-03,2.2395566084108536
2016-10-04,2.2362969663487946
2016-10-05,2.237071245611826
2016-10-06,2.2415606304870734
2016-10-07,2.2380684036918477
2016-10-10,2.2417648768572915
2016-10-11,2.2367966533170773
2016-10-12,2.228402788658647
2016-10-13,2.215670399483178
2016-10-14,2.21679844383612
2016-10-17,2.215629374447769
2016-10-18,2.2136663409318516
2016-10-19,2.2244342828114316
2016-10-20,2.22155806324103
2016-10-21,2.2217271297998638
2016-10-24,2.2308361188889747
2016-10-25,2.230413457810252
2016-10-26,2.2210603876046493
2016-10-27,2.218680473953824
2016-10-28,2.212585605817716
2016-10-31,2.2108642396559555
2016-11-01,2.1990510324980717
2016-11-02,2.1833316338810462
2016-11-03,2.1828149016118408
2016-11-04,2.1802052277937944
2016-11-07,2.198076910926254
2016-11-08,2.2219499880755826
2016-11-09,2.2629917289687587
2016-11-10,2.294289677865806
2016-11-11,2.3260890129025467
2016-11-14,2.3302443003107376
2016-11-15,2.332784194979336
2016-11-16,2.3444913263260077
2016-11-17,2.3477353625081214
2016-11-18,2.3653139038155464
2016-11-21,2.3653467059840114
2016-11-22,2.3885289571643935
2016-11-23,2.3912276481762893
2016-11-25,2.3960226163101206
2016-11-28,2.3891830667841605
2016-11-29,2.386613699421546
2016-11-30,2.3896098573348503
2016-12-01,2.391311583102971
2016-12-02,2.38389370801728
2016-12-05,2.4048343448071883
2016-12-06,2.4255336789171644
2016-12-07,2.4413018011050407
2016-12-08,2.4757903109757144
2016-12-09,2.484849045059592
2016-12-12,2.4788630335624693
2016-12-13,2.472313098852301
2016-12-14,2.468884568609039
2016-12-15,2.46795522723394
2016-12-16,2.4757415289635176
2016-12-19,2.48247480003692
2016-12-20,2.4956060428725015
2016-12-21,2.50129233159501
2016-12-22,2.495603836761795
2016-12-23,2.496424131434316
2016-12-27,2.5027499824698687
2016-12-28,2.4983127081927012
2016-12-29,2.4888399925789453
2016-12-30,2.480375238929885
2017-01-03,2.4830913390862204
2017-01-04,2.5020871741235093
2017-01-05,2.4949615863150925
2017-01-06,2.4935235758818943
2017-01-09,2.4824066107232987
2017-01-10,2.4905038769949255
2017-01-11,2.495444376783421
2017-01-12,2.4822599790178588
2017-01-13,2.4867063869817985
2017-01-17,2.473980741976601
2017-01-18,2.475256124753109
2017-01-19,2.4637021697335757
2017-01-20,2.4651376827892886
2017-01-23,2.468150687663063
2017-01-24,2.4808352791017634
2017-01-25,2.494782580858386
2017-01-26,2.501320893448969
2017-01-27,2.4968208803864957
2017-01-30,2.4775145719701808
2017-01-31,2.4724481605625197
2017-02-01,2.469441253972151
2017-02-02,2.4656580399791768
2017-02-03,2.486784652470657
2017-02-06,2.4721517813445946
2017-02-07,2.470624194730068
2017-02-08,2.4623409672048657
2017-02-09,2.47518769422621
2017-02-10,2.4912932113927893
2017-02-13,2.505106455758154
2017-02-14,2.512349285096999
2017-02-15,2.5222136985975956
2017-02-16,2.527201145928259
2017-02-17,2.525213875518638
2017-02-21,2.532627884148363
2017-02-22,2.537321146909294
2017-02-23,2.5385910480535196
2017-02-24,2.5359626685766985
2017-02-27,2.539035220855907
2017-02-28,2.5310829393543126
2017-03-01,2.5463662485025873
2017-03-02,2.549614790349117
2017-03-03,2.5467718162827637
2017-03-06,2.540754342594886
2017-03-07,2.53616157536817
2017-03-08,2.5250648469224473
2017-03-09,2.521987133079148
2017-03-10,2.5262347405600067
2017-03-13,2.5286289499955843
2017-03-14,2.5250929299129687
2017-03-15,2.5313670557802674
2017-03-16,2.546667453466651
2017-03-17,2.5534484827357833
2017-03-20,2.541774124368231
2017-03-21,2.513189486760191
2017-03-22,2.494268381978057
2017-03-23,2.5067544392250904
2017-03-24,2.5068296021173553
2017-03-27,2.5076285693606413
2017-03-28,2.513210102276724
2017-03-29,2.5218258205117268
2017-03-30,2.5365932141823073
2017-03-31,2.5374073240805717
2017-04-03,2.5266073733282193
2017-04-04,2.5248534438196564
2017-04-05,2.5141094251106
2017-04-06,2.519612328640311
2017-04-07,2.5252636498455265
2017-04-10,2.5240386120393206
2017-04-11,2.532187478607384
2017-04-12,2.5201955343016085
2017-04-13,2.505019888797473
2017-04-17,2.508640300950663
2017-04-18,2.523007570696488
2017-04-19,2.52403527055951
2017-04-20,2.5337746601454953
2017-04-21,2.546141433061839
2017-04-24,2.5540860786118564
2017-04-25,2.574027715849989
2017-04-26,2.5910957683329032
2017-04-27,2.5874696001937223
2017-04-28,2.5751952879958613
2017-05-01,2.5800500814454344
2017-05-02,2.5781597736039776
2017-05-03,2.5736675625580556
2017-05-04,2.5716868018375467
2017-05-05,2.581189469089067
2017-05-08,2.583591559233101
2017-05-09,2.5807701653899606
2017-05-10,2.5805740282853895
2017-05-11,2.5740782686739805
2017-05-12,2.56498274332779
2017-05-15,2.5709258209248675
2017-05-16,2.5786526166014374
2017-05-17,2.5578619346964593
2017-05-18,2.533793671661706
2017-05-19,2.539312466142449
2017-05-22,2.5555012496596414
2017-05-23,2.5658691871148367
2017-05-24,2.5733092893719562
2017-05-25,2.576217719788065
2017-05-26,2.581166811613021
2017-05-30,2.5746963756312717
2017-05-31,2.575137835960251
2017-06-01,2.5892722690294754
2017-06-02,2.6063154685232375
2017-06-05,2.603572535761703
2017-06-06,2.5995131442183594
2017-06-07,2.5972653423039036
2017-06-08,2.614274360327932
2017-06-09,2.628992937260954
2017-06-12,2.6258181182438163
2017-06-13,2.6304245554840016
2017-06-14,2.6367541524665272
2017-06-15,2.6316219627168107
2017-06-16,2.629379941707195
2017-06-19,2.6256315398813115
2017-06-20,2.6316871444380086
2017-06-21,2.613987347113045
2017-06-22,2.612901420709562
2017-06-23,2.621103770905037
2017-06-26,2.6244968373090636
2017-06-27,2.6199794611390397
2017-06-28,2.6196930594373304
2017-06-29,2.63097676695929
2017-06-30,2.6115282652947167
2017-07-03,2.624678153684693
2017-07-05,2.621934554118495
2017-07-06,2.617037800194094
2017-07-07,2.6140642033329637
2017-07-10,2.6170830596711117
2017-07-11,2.6185129049104523
2017-07-12,2.624113030936872
2017-07-13,2.63240434049771
2017-07-14,2.6366395708802433
2017-07-17,2.6464374606732592
2017-07-18,2.643305962019999
2017-07-19,2.6510100813482635
2017-07-20,2.6588515898550744
2017-07-21,2.657563550919029
2017-07-24,2.6571218738100564
2017-07-25,2.661891602986274
2017-07-26,2.6637066174181063
2017-07-27,2.6563269346262253
2017-07-28,2.6545645288944693
2017-07-31,2.6592896485591586
2017-08-01,2.660374105369179
2017-08-02,2.6554015573735748
2017-08-03,2.6496356375107344
2017-08-04,2.652554635919934
2017-08-07,2.6558953455391547
2017-08-08,2.6638936774963264
2017-08-09,2.6534983081350716
2017-08-10,2.6384679336125876
2017-08-11,2.616084742700096
2017-08-14,2.6359163818226863
2017-08-15,2.6432503873994855
2017-08-16,2.6455306001098498
2017-08-17,2.6299736339361877
2017-08-18,2.6108321511415826
2017-08-21,2.610715638234381
2017-08-22,2.6166359383194218
2017-08-23,2.626585359218339
2017-08-24,2.6259603849412274
2017-08-25,2.6263007459148557
2017-08-28,2.6260493898145114
2017-08-29,2.6229142122613753
2017-08-30,2.628365335758194
2017-08-31,2.6453825007785903
2017-09-01,2.657267627431341
2017-09-05,2.6423205892172468
2017-09-06,2.6359589746151277
2017-09-07,2.6355268458718424
2017-09-08,2.6414622464011854
2017-09-11,2.6554798316776544
2017-09-12,2.6741276975382986
2017-09-13,2.6791703184916353
2017-09-14,2.677727607690987
2017-09-15,2.680890655095167
2017-09-18,2.6893315977712016
2017-09-19,2.6949447354947553
2017-09-20,2.6997950429805084
2017-09-21,2.702134270796834
2017-09-22,2.7068404710240737
2017-09-25,2.7056878923400065
2017-09-26,2.710251927676535
2017-09-27,2.7303842235618205
2017-09-28,2.7413891635698056
2017-09-29,2.735662507095856
2017-10-02,2.7559662057524896
2017-10-03,2.76115049940794
2017-10-04,2.7580511954266744
2017-10-05,2.767206079588472
2017-10-06,2.775359130934427
2017-10-09,2.771658345144695
2017-10-10,2.778186621483168
2017-10-11,2.7816033239720377
2017-10-12,2.7815516567641687
2017-10-13,2.7796152711891065
2017-10-16,2.782356641947999
2017-10-17,2.784853332182049
2017-10-18,2.7918786708806973
2017-10-19,2.7933241344711575
2017-10-20,2.800319305983159
2017-10-23,2.796622315778453
2017-10-24,2.7933902037188245
2017-10-25,2.7933820455741634
2017-10-26,2.787907830793137
2017-10-27,2.7995870947273724
2017-10-30,2.787133222365185
2017-10-31,2.7932513508303742
2017-11-01,2.787989913356035
2017-11-02,2.7997596946421606
2017-11-03,2.7902472155740803
2017-11-06,2.790225766998031
2017-11-07,2.7742983886599677
2017-11-08,2.768657601251404
2017-11-09,2.7668463995402615
2017-11-10,2.7619613707531396
2017-11-13,2.7655017312865438
2017-11-14,2.7702104093854185
2017-11-15,2.7625218527538737
2017-11-16,2.773257962626481
2017-11-17,2.7902845866669304
2017-11-20,2.794329565476374
2017-11-21,2.8074372091222353
2017-11-22,2.8128906340758766
2017-11-24,2.8116005201227923
2017-11-27,2.814198893369679
2017-11-28,2.829312552338016
2017-11-29,2.8521552719148415
2017-11-30,2.8482682383406672
2017-12-01,2.8534292150791654
2017-12-04,2.853779015521639
2017-12-05,2.840579695087252
2017-12-06,2.83054862612041
2017-12-07,2.8327011655647816
2017-12-08,2.833065767672311
2017-12-11,2.8344010853166743
2017-12-12,2.840022483568915
2017-12-13,2.846991330072796
2017-12-14,2.8353860413145915
2017-12-15,2.8547710236832184
2017-12-18,2.8757050242562343
2017-12-19,2.865048844670207
2017-12-20,2.860235166678484
2017-12-21,2.8637412199338876
2017-12-22,2.8611954945397837
2017-12-26,2.857223237445396
2017-12-27,2.8550334959581267
2017-12-28,2.86190895954773
2017-12-29,2.8505570147617294
2018-01-02,2.849479991172324
2018-01-03,2.8576613926458694
2018-01-04,2.8651979049541394
2018-01-05,2.8731244511002876
2018-01-08,2.881604475782172
2018-01-09,2.883407235285425
2018-01-10,2.888406564114158
2018-01-11,2.9043693533610737
2018-01-12,2.916487045398676
2018-01-16,2.9149002072830585
2018-01-17,2.925665239346043
2018-01-18,2.926517146288208
2018-01-19,2.9374485124541114
2018-01-22,2.944865765011695
2018-01-23,2.956381717546852
2018-01-24,2.9532501947503658
2018-01-25,2.9551676225122767
2018-01-26,2.955293429031501
2018-01-29,2.9550618298963354
2018-01-30,2.940254373127427
2018-01-31,2.923306532126337
2018-02-01,2.9252412449516774
2018-02-02,2.8996603892990014
2018-02-05,2.8153510102151227
2018-02-06,2.787043698771342
2018-02-07,2.802874081118177
2018-02-08,2.753819455063871
2018-02-09,2.7450477315271824
2018-02-12,2.7680492983614373
2018-02-13,2.784222680406704
2018-02-14,2.803121819919313
2018-02-15,2.829983799461333
2018-02-16,2.8465975199185714
2018-02-20,2.8339067609526047
2018-02-21,2.8302018890759104
2018-02-22,2.822702377424501
2018-02-23,2.8465620653535173
2018-02-26,2.8731267253425887
2018-02-27,2.8552166874528977
2018-02-28,2.8313336274214533
2018-03-01,2.817649347361033
2018-03-02,2.8282020477290346
2018-03-05,2.8393443743436615
2018-03-06,2.8604179117660893
2018-03-07,2.8710933451852543
2018-03-08,2.874588483280064
2018-03-09,2.907544490725787
2018-03-12,2.9270850384190457
2018-03-13,2.918696843338634
2018-03-14,2.907405795687289
2018-03-15,2.9030893779746734
2018-03-16,2.912905577915618
2018-03-19,2.900599968912639
2018-03-20,2.885483275457897
2018-03-21,2.88829029538422
2018-03-22,2.848753593393783
2018-03-23,2.7892654253454316
2018-03-26,2.8154367912328455
2018-03-27,2.8147273863909223
2018-03-28,2.808285997508025
2018-03-29,2.815832561964804
2018-04-02,2.794739146310791
2018-04-03,2.8010647893683873
2018-04-04,2.8251699209410726
2018-04-05,2.8461031711670848
2018-04-06,2.819437392335737
2018-04-09,2.8051195991708493
2018-04-10,2.832946245005572
2018-04-11,2.838546977779261
2018-04-12,2.84161127517686
2018-04-13,2.83873695578887
2018-04-16,2.8579293723181545
2018-04-17,2.87647165215507
2018-04-18,2.884919579005198
2018-04-19,2.8820644728124374
2018-04-20,2.8711824328082187
2018-04-23,2.863667186362398
2018-04-24,2.857493212820671
2018-04-25,2.8440951554657903
2018-04-26,2.8554223363863716
2018-04-27,2.8621175606969618
2018-04-30,2.8476732973516614
2018-05-01,2.852035946847135
2018-05-02,2.844559434481081
2018-05-03,2.833797177074644
2018-05-04,2.8539790727566188
2018-05-07,2.8702939274155486
2018-05-08,2.8775164767063846
2018-05-09,2.8921486387830706
2018-05-10,2.911881141947296
2018-05-11,2.9220924154248227
2018-05-14,2.9154627991836275
2018-05-15,2.9119347462991643
2018-05-16,2.9200612239561523
2018-05-17,2.928960705447995
2018-05-18,2.9291868228296396
2018-05-21,2.942767367344958
2018-05-22,2.9499968745237215
2018-05-23,2.953950282828411
2018-05-24,2.9523067116067008
2018-05-25,2.948008604610637
2018-05-29,2.9341955409423206
2018-05-30,2.9508106412775517
2018-05-31,2.9507876003558504
2018-06-01,2.960544485976496
2018-06-04,2.9815874619081484
2018-06-05,2.9894329324086133
2018-06-06,3.006263346879475
2018-06-07,3.0119379784461717
2018-06-08,3.013086791073957
2018-06-11,3.011799578784747
2018-06-12,3.011849592845854
2018-06-13,3.006329329057844
2018-06-14,3.0122240437763503
2018-06-15,3.0140642312575006
2018-06-18,3.018393909016366
2018-06-19,3.0187346499146868
2018-06-20,3.0226668153446714
2018-06-21,3.0177850993543047
2018-06-22,3.0192418215678085
2018-06-25,2.9994842102267687
2018-06-26,2.9933276048683712
2018-06-27,2.9685134338596217
2018-06-28,2.9704651066476226
2018-06-29,2.968602670120368
2018-07-02,2.9816877394083963
2018-07-03,2.9865903507592657
2018-07-05,3.000512843039655
2018-07-06,3.01708087789427
2018-07-09,3.0364391983046315
2018-07-10,3.0335175195833424
2018-07-11,3.025714254448019
2018-07-12,3.0206105368390785
2018-07-13,3.0238558115359764
2018-07-16,3.0281944674063643
2018-07-17,3.0237729968566214
2018-07-18,3.0309047056074796
2018-07-19,3.0321741426252937
2018-07-20,3.0308076784418487
2018-07-23,3.0365328781434586
2018-07-24,3.035140270442447
2018-07-25,3.0414054446905405
2018-07-26,3.051400265071189
2018-07-27,3.023979615295847
2018-07-30,3.0080259403582295
2018-07-31,3.010962819718826
2018-08-01,3.0163371546093565
2018-08-02,3.0259886027297638
2018-08-03,3.0230862130305396
2018-08-06,3.0300901678035768
2018-08-07,3.031832562846632
2018-08-08,3.0422867517682386
2018-08-09,3.0403893947609575
2018-08-10,3.0302654067622106
2018-08-13,3.0204285576723753
2018-08-14,3.0337751485278703
2018-08-15,3.0225605917145844
2018-08-16,3.0361667034545237
2018-08-17,3.0464109990262207
2018-08-20,3.050921278200226
2018-08-21,3.0666652214446466
2018-08-22,3.0685789038428157
2018-08-23,3.063155661520023
2018-08-24,3.066906550761795
2018-08-27,3.0735561915959297
2018-08-28,3.0751145631979266
2018-08-29,3.0810033590670525
2018-08-30,3.081163568083205
2018-08-31,3.0827165964033396
2018-09-04,3.077748760273417
2018-09-05,3.076816408827787
2018-09-06,3.0702719810587897
2018-09-07,3.067098059540573
2018-09-10,3.0661890387664954
2018-09-11,3.069417358666231
2018-09-12,3.065534869726255
2018-09-13,3.0658112495628265
2018-09-14,3.075723164413941
2018-09-17,3.0661301376585968
2018-09-18,3.064326804032727
2018-09-19,3.0678294034747102
2018-09-20,3.0863018671187996
2018-09-21,3.0875768432151456
2018-09-24,3.0673585447859075
2018-09-25,3.0598932779304384
2018-09-26,3.041818600902351
2018-09-27,3.0382706462908535
2018-09-28,3.0416134779650807
2018-10-01,3.030735083835567
2018-10-02,3.0212912299191257
2018-10-03,3.0324597253060115
2018-10-04,3.0180753260311697
2018-10-05,3.002708913927493
2018-10-08,3.008233980560386
2018-10-09,3.0085368977334586
2018-10-10,2.959020184103677
2018-10-11,2.8968577202671435
2018-10-12,2.8802559080384778
2018-10-15,2.8883866103428533
2018-10-16,2.9233352756814712
2018-10-17,2.929971500344983
2018-10-18,2.9022102058101718
2018-10-19,2.8875364340516154
2018-10-22,2.873864442089804
2018-10-23,2.865053541018107
2018-10-24,2.8026609465755605
2018-10-25,2.8261254253582777
2018-10-26,2.80986737395055
2018-10-29,2.8066432724334143
2018-10-30,2.8232553677899963
2018-10-31,2.837415000169784
2018-11-01,2.855639817718833
2018-11-02,2.8608796038318816
2018-11-05,2.8628531184274344
2018-11-06,2.8750891807288284
2018-11-07,2.907289680266925
2018-11-08,2.9226612333307536
2018-11-09,2.904485664660715
2018-11-12,2.8787994864446804
2018-11-13,2.8689635344253714
2018-11-14,2.8493961932868164
2018-11-15,2.863399386799915
2018-11-16,2.8716684746179526
2018-11-19,2.8540464354455235
2018-11-20,2.8135957118810135
2018-11-21,2.810832254586286
2018-11-23,2.8126863413427623
2018-11-26,2.8216167080125643
2018-11-27,2.8314645150338915
2018-11-28,2.8721646156485354
2018-11-29,2.879450192799975
2018-11-30,2.8877620747444874
2018-12-03,2.904147341749889
2018-12-04,2.8328717320783783
2018-12-06,2.8119751840097527
2018-12-07,2.7912857477712296
2018-12-10,2.7701847824687924
2018-12-11,2.765797382796124
2018-12-12,2.777990014825381
2018-12-13,2.768957237640131
2018-12-14,2.743974486914051
2018-12-17,2.6971456680515953
2018-12-18,2.6815220134161257
2018-12-19,2.646515469585485
2018-12-20,2.6164883507572503
2018-12-21,2.586601569860381
2018-12-24,2.5239671588862147
2018-12-26,2.579871120191844
2018-12-27,2.597393191128093
2018-12-28,2.6043666169039805
2018-12-31,2.604244103794805
2019-01-02,2.624579794138206
2019-01-03,2.607515731449971
2019-01-04,2.6413297637951083
2019-01-07,2.6805536777823145
2019-01-08,2.7089435412719256
2019-01-09,2.7250350812308173
2019-01-10,2.7298434286862254
2019-01-11,2.7353256594286934
2019-01-14,2.72644939862369
2019-01-15,2.7308941662632362
2019-01-16,2.7515774773280386
2019-01-17,2.7633056050462512
2019-01-18,2.788232318816241
2019-01-22,2.7808719718212744
2019-01-23,2.7734983612641635
2019-01-24,2.778835458702478
2019-01-25,2.7908802974123823
2019-01-28,2.7908246526187495
2019-01-29,2.784070197672575
2019-01-30,2.8020937163596975
2019-01-31,2.8259553795760515
2019-02-01,2.840538784902484
2019-02-04,2.855102461089767
2019-02-05,2.8666431134757513
2019-02-06,2.8685633593548285
2019-02-07,2.865252377807473
2019-02-08,2.858536012401105
2019-02-11,2.866652169070132
2019-02-12,2.883492747532392
2019-02-13,2.8984743620827498
2019-02-14,2.896803627143826
2019-02-15,2.913622544315152
2019-02-19,2.9268904029025293
2019-02-20,2.9267385609468173
2019-02-21,2.9265812953036416
2019-02-22,2.9202945535822336
2019-02-25,2.921891796070496
2019-02-26,2.9229837294365186
2019-02-27,2.9200264484916394
2019-02-28,2.9206895948632186
2019-03-01,2.9256482609609753
2019-03-04,2.9262033417592566
2019-03-05,2.9170253461083964
2019-03-06,2.895525646713321
2019-03-07,2.8753898995601004
2019-03-08,2.868530259222265
2019-03-11,2.8938016347012914
2019-03-12,2.9079047740103663
2019-03-13,2.9191615235011374
2019-03-14,2.9235034657005308
2019-03-15,2.924569753343032
2019-03-18,2.9413172380329535
2019-03-19,2.938742141187698
2019-03-20,2.923721951462076
2019-03-21,2.934738145843971
2019-03-22,2.901776163021335
2019-03-25,2.890730597341953
2019-03-26,2.9105392205253846
2019-03-27,2.917823014112881
2019-03-28,2.9221162592756595
2019-03-29,2.9262342983483784
2019-04-01,2.9521816048358094
2019-04-02,2.9582694657712234
2019-04-03,2.9610963613066534
2019-04-04,2.9724007515057806
2019-04-05,2.989050053764146
2019-04-08,2.991952805500838
2019-04-09,2.972569648494348
2019-04-10,2.985097035887199
2019-04-11,2.9907184009057928
2019-04-12,2.9986402878558316
2019-04-15,3.001103656179912
2019-04-16,3.0045286252559835
2019-04-17,3.002434963603285
2019-04-18,2.9988052206275704
2019-04-22,2.9911844654659534
2019-04-23,3.0170757520140397
2019-04-24,3.0275028664408827
2019-04-25,3.014964104492895
2019-04-26,3.027893926673004
2019-04-29,3.039154695219626
2019-04-30,3.0410388497040275
2019-05-01,3.0291569197326824
2019-05-02,3.0272637705616736
2019-05-03,3.0503201816119128
2019-05-06,3.0556323451303244
2019-05-07,3.0249125052351875
2019-05-08,2.9996702607436725
2019-05-09,2.9979162725600323
2019-05-10,3.0052804040900947
2019-05-13,2.96490649560004
2019-05-14,2.9593281269988974
2019-05-15,2.9715044677887272
2019-05-16,2.9872331915291164
2019-05-17,2.9843115148236423
2019-05-20,2.9767534706935956
2019-05-21,2.9853325715260253
2019-05-22,2.9917275720097347
2019-05-23,2.9621241125021003
2019-05-24,2.9615254435953515
2019-05-28,2.9564919898839075
2019-05-29,2.936430700977796
2019-05-30,2.9266477554111634
2019-05-31,2.912137381394812
2019-06-03,2.903209195414813
2019-06-04,2.931616074783345
2019-06-05,2.9562772064581777
2019-06-06,2.96780214304398
2019-06-07,2.9801166130113375
2019-06-10,2.998892068751523
2019-06-11,3.0034489909056594
2019-06-12,3.002893094109642
2019-06-13,3.0120502598519483
2019-06-14,3.013189295964022
2019-06-17,3.015217881044361
2019-06-18,3.0304314995260784
2019-06-19,3.042492957211885
2019-06-20,3.0527857228385407
2019-06-21,3.053611469223229
2019-06-24,3.0395265311846886
2019-06-25,3.0313088200427396
2019-06-26,3.0186167442623946
2019-06-27,3.037798200370565
2019-06-28,3.0595440214272376
2019-07-01,3.070867747224651
2019-07-02,3.0782370627461413
2019-07-03,3.0917713045245616
2019-07-05,3.106609311173419
2019-07-08,3.0944769144831956
2019-07-09,3.0909181278644056
2019-07-10,3.0938020557791077
2019-07-11,3.100665210043407
2019-07-12,3.1135931142538045
2019-07-15,3.111821076309735
2019-07-16,3.113171284986599
2019-07-17,3.099857637205268
2019-07-18,3.096753839336599
2019-07-19,3.0903553025288693
2019-07-22,3.0865137834254863
2019-07-23,3.0975716026294027
2019-07-24,3.124080831123319
2019-07-25,3.11849727068468
2019-07-26,3.134128460311433
2019-07-29,3.133325982689464
2019-07-30,3.140587142704807
2019-07-31,3.123807341201341
2019-08-01,3.093778367898945
2019-08-02,3.069591956723669
2019-08-05,3.014287723797121
2019-08-06,3.003255496044169
2019-08-07,3.012469529452756
2019-08-08,3.0395188031797256
2019-08-09,3.054228453194307
2019-08-12,3.031757052588416
2019-08-13,3.0351373029730424
2019-08-14,3.0057923365491126
2019-08-15,2.9758280176028493
2019-08-16,3.0062285821557793
2019-08-19,3.0380583647008095
2019-08-20,3.03550591482818
2019-08-21,3.0366151192163504
2019-08-22,3.041068837163972
2019-08-23,2.9957864675105337
2019-08-26,2.9919652592854113
2019-08-27,2.9855516098980113
2019-08-28,2.994682631374406
2019-08-29,3.0197865780232043
2019-08-30,3.0314389708037677
2019-09-03,3.014723947557799
2019-09-04,3.024605867654185
2019-09-05,3.0581077184265446
2019-09-06,3.0666929857165446
2019-09-09,3.0907218931576255
2019-09-10,3.1049750952228505
2019-09-11,3.1323646267667944
2019-09-12,3.1454947534499818
2019-09-13,3.157302546963816
2019-09-16,3.1525811548685327
2019-09-17,3.148794061740805
2019-09-18,3.146491678306475
2019-09-19,3.1442516697783067
2019-09-20,3.1451906916174432
2019-09-23,3.139908919332481
2019-09-24,3.1197506415870246
2019-09-25,3.132359349323637
2019-09-26,3.1279276391427766
2019-09-27,3.12040565124917
2019-09-30,3.11475526450267
2019-10-01,3.088632667969488
2019-10-02,3.05881226941971
2019-10-03,3.0436034871518607
2019-10-04,3.066863198239674
2019-10-07,3.0742296984719877
2019-10-08,3.0458990461566655
2019-10-09,3.042156360318973
2019-10-10,3.0564091610894746
2019-10-11,3.082151783168307
2019-10-14,3.0863792754476655
2019-10-15,3.1020845530143295
2019-10-16,3.1091838518030857
2019-10-17,3.1175985918687434
2019-10-18,3.117608832826525
2019-10-21,3.1339302038797037
2019-10-22,3.1418911796752127
2019-10-23,3.1465670128643595
2019-10-24,3.1515046272696616
2019-10-25,3.156698715859166
2019-10-28,3.1716664380869766
2019-10-29,3.186114272851751
2019-10-30,3.1851318723765463
2019-10-31,3.186116053171345
2019-11-01,3.201352889503123
2019-11-04,3.2220221126272492
2019-11-05,3.229583130647927
2019-11-06,3.2382851264253603
2019-11-07,3.2409783612983247
2019-11-08,3.23541819030394
2019-11-11,3.2309343114078874
2019-11-12,3.2311963210415424
2019-11-13,3.227396934649179
2019-11-14,3.2312715017840037
2019-11-15,3.2396391742736874
2019-11-18,3.2525907573392576
2019-11-19,3.25403688861367
2019-11-20,3.2430754442996976
2019-11-21,3.2350586786337896
2019-11-22,3.234953705242862
2019-11-25,3.255382583270892
2019-11-26,3.2631033473168776
2019-11-27,3.274673753903331
2019-11-29,3.2736649189631724
2019-12-02,3.2543542249164106
2019-12-03,3.230344506944059
2019-12-04,3.2334886836162093
2019-12-05,3.2412599151768426
2019-12-06,3.261465832357257
2019-12-09,3.26623893847249
2019-12-10,3.264352560101241
2019-12-11,3.264872638724821
2019-12-12,3.2759327115818575
2019-12-13,3.2863266713589416
2019-12-16,3.2974157658421386
2019-12-17,3.308570310923643
2019-12-18,3.3125098269832076
2019-12-19,3.3211705176337114
2019-12-20,3.328197793403056
2019-12-23,3.329871898650838
2019-12-24,3.3321829949002915
2019-12-26,3.3338951401593384
2019-12-27,3.3345719232217657
2019-12-30,3.3318345919012815
2019-12-31,3.3280747131008863
2020-01-02,3.337002345435293
2020-01-03,3.3375800348863955
2020-01-06,3.3297137771999146
2020-01-07,3.3195556139440745
2020-01-08,3.323044013849502
2020-01-09,3.3324902548325577
2020-01-10,3.3326391894173444
2020-01-13,3.3428726200191403
2020-01-14,3.3455195943106446
2020-01-15,3.348543601072953
2020-01-16,3.368370520673194
2020-01-17,3.380961086393887
2020-01-21,3.376819212521408
2020-01-22,3.375306746061881
2020-01-23,3.371373183199489
2020-01-24,3.3462882324008105
2020-01-27,3.3224067457398325
2020-01-28,3.3182072478246587
2020-01-29,3.3174584053358247
2020-01-30,3.326023417300574
2020-01-31,3.294970073474948
2020-02-03,3.29760032037336
2020-02-04,3.321865608623684
2020-02-05,3.360537195831861
2020-02-06,3.367216919308561
2020-02-07,3.354892494351237
2020-02-10,3.35879577780641
2020-02-11,3.37411058952066
2020-02-12,3.382914842745464
2020-02-13,3.3968158758910647
2020-02-14,3.3895204411864084
2020-02-18,3.3850293946093304
2020-02-19,3.384710437251532
2020-02-20,3.3937154870989796
2020-02-21,3.3771503738946915
2020-02-24,3.3210346445798935
2020-02-25,3.230997630060652
2020-02-26,3.190037195765318
2020-02-27,3.0881376720726275
2020-02-28,3.0531360807290424
2020-03-02,3.1190714030720645
2020-03-03,3.0793180515520193
2020-03-04,3.1397335533881003
2020-03-05,3.0874425991433547
2020-03-06,3.0600769561253816
2020-03-09,2.9372434550687423
2020-03-10,3.007663567715449
2020-03-11,2.9351622338936125
2020-03-12,2.7982887809128467
2020-03-13,2.906320504005966
2020-03-16,2.7536985777362952
2020-03-17,2.820014234717454
2020-03-18,2.7532919864411562
2020-03-19,2.756282718910315
2020-03-20,2.702963205707543
2020-03-23,2.672316814557277
2020-03-24,2.7772269527409117
2020-03-25,2.7968846699099816
2020-03-26,2.8720261532238296
2020-03-27,2.8321393935612935
2020-03-30,2.8747004526186997
2020-03-31,2.863365955139028
2020-04-01,2.778549651509153
2020-04-02,2.7433130353617674
2020-04-03,2.7150163076812217
2020-04-06,2.7731770238471016
2020-04-07,2.865446647048192
2020-04-08,2.9205640922241223
2020-04-09,3.0365744427563026
2020-04-13,3.0070273530279596
2020-04-14,3.008068411768575
2020-04-15,2.979166783755307
2020-04-16,2.9362499770515105
2020-04-17,3.0005753679600042
2020-04-20,3.014242795677309
2020-04-21,2.964856832453211
2020-04-22,2.935364134307214
2020-04-23,2.978846599829934
2020-04-24,2.991264175750377
2020-04-27,3.0753026143550812
2020-04-28,3.1368488878073544
2020-04-29,3.2092572446147134
2020-04-30,3.1963913075954986
2020-05-01,3.139155543585419
2020-05-04,3.081446152102668
2020-05-05,3.0678156559610423
2020-05-06,3.055028637043294
2020-05-07,3.078099720873565
2020-05-08,3.145193889013913
2020-05-11,3.1390880935130823
2020-05-12,3.08013900343958
2020-05-13,3.0125583004736893
2020-05-14,3.0046214727649883
2020-05-15,3.0237803404828467
2020-05-18,3.113472919100803
2020-05-19,3.1242014298052503
2020-05-20,3.154724910527804
2020-05-21,3.1704963327123736
2020-05-22,3.1670363884205313
2020-05-26,3.21066570163866
2020-05-27,3.2723005242110554
2020-05-28,3.2566058184947515
2020-05-29,3.242277093295222
2020-06-01,3.2557078437769027
2020-06-02,3.2799914222820723
2020-06-03,3.3316573867534434
2020-06-04,3.3512669407688964
2020-06-05,3.4093675615433217
2020-06-08,3.4748563756484323
2020-06-09,3.4618332482311587
2020-06-10,3.41008777678765
2020-06-11,3.283078577961157
2020-06-12,3.2355247841086814
2020-06-15,3.271479850507948
2020-06-16,3.319794249916735
2020-06-17,3.3132142182384454
2020-06-18,3.308156312206634
2020-06-19,3.2946784434793868
2020-06-22,3.2992917979229963
2020-06-23,3.304565426230829
2020-06-24,3.2632974255265994
2020-06-25,3.25734061570497
2020-06-26,3.2295152384763197
2020-06-29,3.245311549781423
2020-06-30,3.2758777915805903
2020-07-01,3.2740767816064964
2020-07-02,3.2881639654246797
2020-07-06,3.3075369652659123
2020-07-07,3.2977029078365128
2020-07-08,3.279362416808395
2020-07-09,3.2584166387991265
2020-07-10,3.276804430737754
2020-07-13,3.2788923961114387
2020-07-14,3.290900392550474
2020-07-15,3.3574922359425234
2020-07-16,3.3601180416368415
2020-07-17,3.3645892479520434
2020-07-20,3.3628717029357604
2020-07-21,3.4025762649235225
2020-07-22,3.394216268749049
2020-07-23,3.4179804321924037
2020-07-24,3.3780857837338383
2020-07-27,3.3853565254150144
2020-07-28,3.384112333070933
2020-07-29,3.3946825267159744
2020-07-30,3.409056588483401
2020-07-31,3.3988472031371737
2020-08-03,3.441109288390124
2020-08-04,3.4627256801544783
2020-08-05,3.493554509000643
2020-08-06,3.494026582026465
2020-08-07,3.5329283164978107
2020-08-10,3.5548323826735744
2020-08-11,3.559374289648713
2020-08-12,3.5589961900533815
2020-08-13,3.575237489637776
2020-08-14,3.5762816532463226
2020-08-17,3.5831434579222354
2020-08-18,3.57055164886594
2020-08-19,3.5699699690445206
2020-08-20,3.5539902264795145
2020-08-21,3.5461748983343693
2020-08-24,3.5675882918764046
2020-08-25,3.587110003979763
2020-08-26,3.585137109336466
2020-08-27,3.621567674170886
2020-08-28,3.638147412596043
2020-08-31,3.6252210615014535
2020-09-01,3.621721177960809
2020-09-02,3.645756387095666
2020-09-03,3.6266084765682356
2020-09-04,3.565128888368611
2020-09-08,3.5240709567711224
2020-09-09,3.4924315954923584
2020-09-10,3.5004870998978426
2020-09-11,3.4713070527276164
2020-09-14,3.498837567148336
2020-09-15,3.522373728282302
2020-09-16,3.543210560967471
2020-09-17,3.5218542669352466
2020-09-18,3.5166974361045256
2020-09-21,3.4383487392566385
2020-09-22,3.420635157663872
2020-09-23,3.3939541474148154
2020-09-24,3.361454992221385
2020-09-25,3.396088911156538
2020-09-28,3.4541153589174654
2020-09-29,3.4791266659734896
2020-09-30,3.459525889342325
2020-10-01,3.492878626377341
2020-10-02,3.497578398614483
2020-10-05,3.506118705425237
2020-10-06,3.5251769678405296
2020-10-07,3.5237639537373022
2020-10-08,3.566946348865242
2020-10-09,3.5946564469586804
2020-10-12,3.6302031287610106
2020-10-13,3.642260819269252
2020-10-14,3.6202958445474804
2020-10-15,3.6263484672167925
2020-10-16,3.621017174022577
2020-10-19,3.624114203565717
2020-10-20,3.6092640052011498
2020-10-21,3.6135107476438586
2020-10-22,3.630072869678252
2020-10-23,3.645637712904924
2020-10-26,3.625119532065015
2020-10-27,3.5893027609281365
2020-10-28,3.5423496401490837
2020-10-29,3.510376072818622
2020-10-30,3.515031817949928
2020-11-02,3.524063381850249
2020-11-03,3.5682862329033527
2020-11-04,3.596185184560464
2020-11-05,3.662337511578097
2020-11-06,3.6722111844622862
2020-11-09,3.7148975558943134
2020-11-10,3.753182489563019
2020-11-11,3.755841327352591
2020-11-12,3.738489657633175
2020-11-13,3.7497518117384763
2020-11-16,3.8103485451764163
2020-11-17,3.8222929600797557
2020-11-18,3.785839521973177
2020-11-19,3.7744138769705633
2020-11-20,3.7785962941806455
2020-11-23,3.7887391857450172
2020-11-24,3.8377513273435744
2020-11-25,3.8537076551876543
2020-11-27,3.8562673886231202
2020-11-30,3.8320429907736084
2020-12-01,3.8416950757343082
2020-12-02,3.8598496397358084
2020-12-03,3.8767177937899
2020-12-04,3.9170630301928933
2020-12-07,3.927293445717116
2020-12-08,3.940433468226151
2020-12-09,3.941797575188157
2020-12-10,3.934050610380785
2020-12-11,3.9365543014121895
2020-12-14,3.9211866507259083
2020-12-15,3.941223882056228
2020-12-16,3.954892593328676
2020-12-17,3.9777380698967786
2020-12-18,3.9695819314928746
2020-12-21,3.9447754108188526
2020-12-22,3.9452026831880014
2020-12-23,3.95532121458041
2020-12-24,3.95691835100386
2020-12-28,3.9755208491785776
2020-12-29,3.974511732859476
2020-12-30,3.9964772034548335
2020-12-31,3.996511315048403
2021-01-04,3.991651734832975
2021-01-05,4.000139816242926
2021-01-06,4.073618987539164
2021-01-07,4.103516764570441
2021-01-08,4.107417811016617
2021-01-11,4.106616061135614
2021-01-12,4.117776094254364
2021-01-13,4.11104328559226
2021-01-14,4.131568587941125
2021-01-15,4.124320392595948
2021-01-19,4.129295879148614
2021-01-20,4.1592854418300504
2021-01-21,4.157608071043889
2021-01-22,4.169999155530217
2021-01-25,4.157823536980294
2021-01-26,4.154691132078909
2021-01-27,4.084475221399348
2021-01-28,4.062916379701614
2021-01-29,4.038861686521936
2021-02-01,4.058592416265643
2021-02-02,4.112621458586654
2021-02-03,4.12261416305397
2021-02-04,4.155914000724863
2021-02-05,4.190932100996269
2021-02-08,4.234492967489863
2021-02-09,4.260322160237971
2021-02-10,4.263570109968435
2021-02-11,4.269684551487535
2021-02-12,4.286470178770935
2021-02-16,4.284152854948228
2021-02-17,4.283214506409738
2021-02-18,4.270107306659679
2021-02-19,4.28926074189674
2021-02-22,4.299684033745655
2021-02-23,4.281041248584238
2021-02-24,4.322849027434592
2021-02-25,4.291482688303523
2021-02-26,4.239037183214375
2021-03-01,4.284545846094165
2021-03-02,4.305796174686366
2021-03-03,4.2990504292655825
2021-03-04,4.232567397003791
2021-03-05,4.252171033879861
2021-03-08,4.314829000067325
2021-03-09,4.327002443763904
2021-03-10,4.377826779923257
2021-03-11,4.40319957428737
2021-03-12,4.4327344596592795
2021-03-15,4.433036415639393
2021-03-16,4.417871325443683
2021-03-17,4.425453762452989
2021-03-18,4.403265247529511
2021-03-19,4.384015109554003
2021-03-22,4.369621068992116
2021-03-23,4.326817831430498
2021-03-24,4.294262261425109
2021-03-25,4.306205966000292
2021-03-26,4.356521339333462
2021-03-29,4.358476826445993
2021-03-30,4.375738309424454
2021-03-31,4.36664152335735
2021-04-01,4.4028983470517655
2021-04-05,4.445218683885199
2021-04-06,4.466147379518194
2021-04-07,4.447153696778201
2021-04-08,4.463295486565692
2021-04-09,4.47917643399317
2021-04-12,4.495007978125758
2021-04-13,4.490022840733921
2021-04-14,4.50944355393282
2021-04-15,4.515259829553258
2021-04-16,4.548620283742559
2021-04-19,4.531331992075215
2021-04-20,4.492640915431423
2021-04-21,4.510768433671746
2021-04-22,4.509750552739757
2021-04-23,4.52761451637314
2021-04-26,4.543297107765763
2021-04-27,4.538447807295028
2021-04-28,4.53684560350722
2021-04-29,4.541141036378783
2021-04-30,4.5327719384831004
2021-05-03,4.55889401526086
2021-05-04,4.539566655103588
2021-05-05,4.542439558317874
2021-05-06,4.553171150689559
2021-05-07,4.585277862459024
2021-05-10,4.576640331370397
2021-05-11,4.544068796758912
2021-05-12,4.475852189811013
2021-05-13,4.48516906214781
2021-05-14,4.535781792626064
2021-05-17,4.563442241278222
2021-05-18,4.539624912071901
2021-05-19,4.517210003339893
2021-05-20,4.52198030144752
2021-05-21,4.547209823276473
2021-05-24,4.5603934329492715
2021-05-25,4.546750756469201
2021-05-26,4.559893139292668
2021-05-27,4.5696734810022335
2021-05-28,4.569039699768138
2021-06-01,4.586816426005681
2021-06-02,4.573570031388991
2021-06-03,4.569663717214534
2021-06-04,4.5773008736239404
2021-06-07,4.601155526091203
2021-06-08,4.594124151039933
2021-06-09,4.595628045969731
2021-06-10,4.583149532448335
2021-06-11,4.616395369978777
2021-06-14,4.621821826881591
2021-06-15,4.578364003619425
2021-06-16,4.579636384595281
2021-06-17,4.553675104402626
2021-06-18,4.515378574969604
2021-06-21,4.538272692634439
2021-06-22,4.570179634109073
2021-06-23,4.579531098451847
2021-06-24,4.609196042355775
2021-06-25,4.6120225579417085
2021-06-28,4.611714467869241
2021-06-29,4.608974345126368
2021-06-30,4.6132693664877
2021-07-01,4.631291729360196
2021-07-02,4.6392520335495355
2021-07-06,4.634518978734439
2021-07-07,4.629459912883917
2021-07-08,4.609628164281505
2021-07-09,4.643719118841247
2021-07-12,4.667798335563042
2021-07-13,4.6487875722241725
2021-07-14,4.640917373379555
2021-07-15,4.659229975695856
2021-07-16,4.63762613622324
2021-07-19,4.583201082940244
2021-07-20,4.604322272175008
2021-07-21,4.6463088403400725
2021-07-22,4.638795857630106
2021-07-23,4.658931074240785
2021-07-26,4.687604426084959
2021-07-27,4.677169096157308
2021-07-28,4.680860413712774
2021-07-29,4.6950076468132576
2021-07-30,4.68606414982842
2021-08-02,4.668613243289598
2021-08-03,4.678720412933744
2021-08-04,4.681477549945177
2021-08-05,4.701033185630022
2021-08-06,4.729107592955758
2021-08-09,4.7269987896491426
2021-08-10,4.736807997792457
2021-08-11,4.75411449615711
2021-08-12,4.766066497848556
2021-08-13,4.763152605621054
2021-08-16,4.7641427263678615
2021-08-17,4.7386401025449185
2021-08-18,4.6986715326333535
2021-08-19,4.683363629661217
2021-08-20,4.698592751600442
2021-08-23,4.720440505432591
2021-08-24,4.741529322411251
2021-08-25,4.75078508755232
2021-08-26,4.739088464303078
2021-08-27,4.773077506471587
2021-08-30,4.77127687435763
2021-08-31,4.786322609932369
2021-09-01,4.78599014648535
2021-09-02,4.794522476236338
2021-09-03,4.8102368881450985
2021-09-07,4.790199143333078
2021-09-08,4.789417295487339
2021-09-09,4.772470582741889
2021-09-10,4.748064743736186
2021-09-13,4.73974183812131
2021-09-14,4.716729304066725
2021-09-15,4.723265189663689
2021-09-16,4.734121949583928
2021-09-17,4.738044014281139
2021-09-20,4.686365306308561
2021-09-21,4.654643176031055
2021-09-22,4.669620851233733
2021-09-23,4.710021235349627
2021-09-24,4.731429980459413
2021-09-27,4.748422721323643
2021-09-28,4.709043110320351
2021-09-29,4.688186539322016
2021-09-30,4.657890932103801
2021-10-01,4.669535805716659
2021-10-04,4.67505100492685
2021-10-05,4.6720552885020865
2021-10-06,4.686973291742444
2021-10-07,4.711424222028615
2021-10-08,4.722513418402681
2021-10-11,4.705749831513957
2021-10-12,4.6993614544197335
2021-10-13,4.692407803459818
2021-10-14,4.723118221271285
2021-10-15,4.734579401151631
2021-10-18,4.749491159686387
2021-10-19,4.761051758832579
2021-10-20,4.79209942403816
2021-10-21,4.798793842316017
2021-10-22,4.805294236493647
2021-10-25,4.816525958514079
2021-10-26,4.818632304952544
2021-10-27,4.805203702485425
2021-10-28,4.825381975418724
2021-10-29,4.843871010411496
2021-11-01,4.8707177892015086
2021-11-02,4.869919732927968
2021-11-03,4.90431748246098
2021-11-04,4.915761562813802
2021-11-05,4.9567460439905355
2021-11-08,4.959668920737075
2021-11-09,4.955039824581992
2021-11-10,4.945050438676841
2021-11-11,4.937907099119341
2021-11-12,4.938902201438882
2021-11-15,4.949060663931037
2021-11-16,4.947756750124938
2021-11-17,4.940489299608268
2021-11-18,4.939182464320659
2021-11-19,4.930122123813911
2021-11-22,4.941639732271264
2021-11-23,4.939822802298677
2021-11-24,4.941290306663152
2021-11-26,4.8629293826243485
2021-11-29,4.845464175788983
2021-11-30,4.8184496125546605
2021-12-01,4.781747103653345
2021-12-02,4.8208925068609165
2021-12-03,4.812859600585841
2021-12-06,4.850999126791894
2021-12-07,4.890853847596418
2021-12-08,4.924619077267085
2021-12-09,4.9079464302880815
2021-12-10,4.9120095261654555
2021-12-13,4.908447288988996
2021-12-14,4.884443276245042
2021-12-15,4.9151760936966244
2021-12-16,4.9235240218912875
2021-12-17,4.890440204341804
2021-12-20,4.850545452288859
2021-12-21,4.879846802856745
2021-12-22,4.9207408599469655
2021-12-23,4.952931250385317
2021-12-27,4.999833864884222
2021-12-28,5.014024865584406
2021-12-29,5.014652063377868
2021-12-30,5.008580768982492
2021-12-31,5.00823232145287
2022-01-03,5.032082322309974
2022-01-04,5.064310313090013
2022-01-05,5.038067610822691
2022-01-06,5.022489987870975
2022-01-07,5.020696080804467
2022-01-10,5.00560506682794
2022-01-11,5.012717270212308
2022-01-12,5.023668976810499
2022-01-13,5.035692111822496
2022-01-14,5.014579771043094
2022-01-18,4.9732558616808475
2022-01-19,4.910433282025959
2022-01-20,4.851356280969575
2022-01-21,4.812130666140935
2022-01-24,4.793696792357892
2022-01-25,4.786985060323163
2022-01-26,4.7406143104063965
2022-01-27,4.706353844029929
2022-01-28,4.734424217308122
2022-01-31,4.807859719941167
2022-02-01,4.844649287501254
2022-02-02,4.859724725841517
2022-02-03,4.844195418299432
2022-02-04,4.815914211506266
2022-02-07,4.822832875391784
2022-02-08,4.852841392933275
2022-02-09,4.866733226534912
2022-02-10,4.853949956174453
2022-02-11,4.805970508516687
2022-02-14,4.769341523422224
2022-02-15,4.809281197836736
2022-02-16,4.84015152229019
2022-02-17,4.795664972191892
2022-02-18,4.768648973623673
2022-02-22,4.734591713794151
2022-02-23,4.680162997858483
2022-02-24,4.659506532630106
2022-02-25,4.737188240353983
2022-02-28,4.749015816032423
2022-03-01,4.692500131845932
2022-03-02,4.740668614168575
2022-03-03,4.767834793538954
2022-03-04,4.732024519393857
2022-03-07,4.65873607730027
2022-03-08,4.60446448885793
2022-03-09,4.64674445041362
2022-03-10,4.674006702877989
2022-03-11,4.648303611875253
2022-03-14,4.623161131595664
2022-03-15,4.632252172955431
2022-03-16,4.711071505894133
2022-03-17,4.75583896234531
2022-03-18,4.78581227902429
2022-03-21,4.797040020686568
2022-03-22,4.816284827281551
2022-03-23,4.785842342274351
2022-03-24,4.768995104843605
2022-03-25,4.804154242720919
2022-03-28,4.812521590333764
2022-03-29,4.865510864910223
2022-03-30,4.8436745334055935
2022-03-31,4.804666566500252
2022-04-01,4.794964562031604
2022-04-04,4.807206128521704
2022-04-05,4.777220238509049
2022-04-06,4.735358219288871
2022-04-07,4.718512936462118
2022-04-08,4.714871433971759
2022-04-11,4.6785912657444
2022-04-12,4.661089110549225
2022-04-13,4.688945839339696
2022-04-14,4.677972277846141
2022-04-18,4.661308710575138
2022-04-19,4.705599384072366
2022-04-20,4.733834095535636
2022-04-21,4.6938704967711224
2022-04-22,4.615958772105595
2022-04-25,4.594346237550598
2022-04-26,4.528309757445641
2022-04-27,4.502914810821018
2022-04-28,4.557889811448339
2022-04-29,4.49343112748441
2022-05-02,4.468893049315021
2022-05-03,4.497744291251933
2022-05-04,4.560959541690021
2022-05-05,4.501202818110725
2022-05-06,4.445975767955983
2022-05-09,4.375230800157333
2022-05-10,4.344051028538651
2022-05-11,4.320595050991038
2022-05-12,4.302654940334836
2022-05-13,4.34149178234108
2022-05-16,4.358672953069055
2022-05-17,4.414873784748693
2022-05-18,4.347773384870619
2022-05-19,4.2910756339353675
2022-05-20,4.296721627045655
2022-05-23,4.3330328862097325
2022-05-24,4.345386547419058
2022-05-25,4.360845723062601
2022-05-26,4.4165724364798375
2022-05-27,4.485246940422003
2022-05-31,4.498393059345355
2022-06-01,4.482322118472032
2022-06-02,4.514782303860689
2022-06-03,4.493486789961244
2022-06-06,4.492731353260938
2022-06-07,4.513605495081913
2022-06-08,4.493239351384473
2022-06-09,4.428436001866831
2022-06-10,4.345971380711509
2022-06-13,4.223809796858996
2022-06-14,4.1912013199638185
2022-06-15,4.223996848342354
2022-06-16,4.13710515200795
2022-06-17,4.134696320665524
2022-06-21,4.183135911949714
2022-06-22,4.187603310145032
2022-06-23,4.20311987844466
2022-06-24,4.270102212733535
2022-06-27,4.273442441140759
2022-06-28,4.234325883907227
2022-06-29,4.221653405228625
2022-06-30,4.209709629968584
2022-07-01,4.237759551803695
2022-07-05,4.246663475352987
2022-07-06,4.243165438814534
2022-07-07,4.27052333304049
2022-07-08,4.276106465200236
2022-07-11,4.251737695245198
2022-07-12,4.2366038190186455
2022-07-13,4.20784250824694
2022-07-14,4.191039139448346
2022-07-15,4.246832017170208
2022-07-18,4.250176376570464
2022-07-19,4.313582903491762
2022-07-20,4.353524504986849
2022-07-21,4.376549995125887
2022-07-22,4.366519064470998
2022-07-25,4.371332391745421
2022-07-26,4.3632731336860715
2022-07-27,4.413208116006793
2022-07-28,4.462076579584548
2022-07-29,4.501364678560012
2022-08-01,4.5149985394460765
2022-08-02,4.483683933366981
2022-08-03,4.511736153189712
2022-08-04,4.505483557777312
2022-08-05,4.502253760446694
2022-08-08,4.505896571991279
2022-08-09,4.503391887794196
2022-08-10,4.549186788497575
2022-08-11,4.577344285572532
2022-08-12,4.622179958863171
2022-08-15,4.651426725639167
2022-08-16,4.664729010645559
2022-08-17,4.64376257735223
2022-08-18,4.646702549529629
2022-08-19,4.608450826135612
2022-08-22,4.537316633162528
2022-08-23,4.505939191688972
2022-08-24,4.504324716160204
2022-08-25,4.544222798475275
2022-08-26,4.478637116475089
2022-08-29,4.4225593994245
2022-08-30,4.3996518770378135
2022-08-31,4.366997018184987
2022-09-01,4.362491245300591
2022-09-02,4.343305621446824
2022-09-06,4.316899492836479
2022-09-07,4.356384074833977
2022-09-08,4.384452086070834
2022-09-09,4.425885354202202
2022-09-12,4.46651385326104
2022-09-13,4.366854123325921
2022-09-14,4.345316469394885
2022-09-15,4.3359059542712
2022-09-16,4.323553442764023
2022-09-19,4.337940502441699
2022-09-20,4.320431484637496
2022-09-21,4.279410906577093
2022-09-22,4.232686103251536
2022-09-23,4.189802412122724
2022-09-26,4.144350713389617
2022-09-27,4.1300185604873665
2022-09-28,4.1704306170557395
2022-09-29,4.130184721564365
2022-09-30,4.091352091203598
2022-10-03,4.140731003880267
2022-10-04,4.224529051563188
2022-10-05,4.223185694771683
2022-10-06,4.197404162172377
2022-10-07,4.13177638616355
2022-10-10,4.112732444730923
2022-10-11,4.100323067633697
2022-10-12,4.091413379722533
2022-10-13,4.15621370880619
2022-10-14,4.119886190221646
2022-10-17,4.165596364638036
2022-10-18,4.195084415123262
2022-10-19,4.184944744802866
2022-10-20,4.151809685174481
2022-10-21,4.197052518590322
2022-10-24,4.2308092484707185
2022-10-25,4.261608206823196
2022-10-26,4.250161013033026
2022-10-27,4.242869296482025
2022-10-28,4.295782690331018
2022-10-31,4.294014151120213
2022-11-01,4.284709941784122
2022-11-02,4.225370118839023
2022-11-03,4.191317902134539
2022-11-04,4.226363585381292
2022-11-07,4.249957846257043
2022-11-08,4.260476969689702
2022-11-09,4.22233450048361
2022-11-10,4.331861355174363
2022-11-11,4.36928680014179
2022-11-14,4.354370550587135
2022-11-15,4.372481301507598
2022-11-16,4.353667366782945
2022-11-17,4.3405784450506175
2022-11-18,4.351012254394927
2022-11-21,4.34513179386798
2022-11-22,4.369553124531929
2022-11-23,4.385548886919862
2022-11-25,4.391471062864908
2022-11-28,4.3520087394710885
2022-11-29,4.346024558014518
2022-11-30,4.411366799933839
2022-12-01,4.42489674676802
2022-12-02,4.422480237593895
2022-12-05,4.373386183286566
2022-12-06,4.3388140661123575
2022-12-07,4.332081854108603
2022-12-08,4.345608728600965
2022-12-09,4.335011371939435
2022-12-12,4.359209674763749
2022-12-13,4.377764296088196
2022-12-14,4.356888981236985
2022-12-15,4.298276991280111
2022-12-16,4.266246755270876
2022-12-19,4.2468266777356245
2022-12-20,4.247336191912127
2022-12-21,4.2826939185023
2022-12-22,4.261956072114716
2022-12-23,4.26845022244262
2022-12-27,4.263300923255696
2022-12-28,4.2350829472357265
2022-12-29,4.269945907430057
2022-12-30,4.26827407455283
2023-01-03,4.269023371992327
2023-01-04,4.288862620783866
2023-01-05,4.272046440913183
2023-01-06,4.317055924173497
2023-01-09,4.327125456289627
2023-01-10,4.3480994238960715
2023-01-11,4.377487709759058
2023-01-12,4.39917034747304
2023-01-13,4.407393884481115
2023-01-17,4.4079898487765
2023-01-18,4.36680127077703
2023-01-19,4.345779377192451
2023-01-20,4.375677265330433
2023-01-23,4.412434956165749
2023-01-24,4.420303585447527
2023-01-25,4.418288048820274
2023-01-26,4.433764000371917
2023-01-27,4.448489797907662
2023-01-30,4.427893579033025
2023-01-31,4.462030589370368
2023-02-01,4.490304503894118
2023-02-02,4.526558790730997
2023-02-03,4.52226479253553
2023-02-06,4.494869195535732
2023-02-07,4.5146280534553505
2023-02-08,4.508720864429209
2023-02-09,4.479654367192989
2023-02-10,4.477502272033489
2023-02-13,4.507530135079291
2023-02-14,4.5103764425561845
2023-02-15,4.520519325037865
2023-02-16,4.514744027230954
2023-02-17,4.501454150515261
2023-02-21,4.449838218525938
2023-02-22,4.430719192167695
2023-02-23,4.432904650910489
2023-02-24,4.413735051671727
2023-02-27,4.406113549669719
2023-02-28,4.39972768074089
2023-03-01,4.392099867745895
2023-03-02,4.397949959566326
2023-03-03,4.430972758845809
2023-03-06,4.436070060952222
2023-03-07,4.40163378971552
2023-03-08,4.391629409538355
2023-03-09,4.315153372547943
2023-03-10,4.2559446537691645
2023-03-13,4.208887515377862
2023-03-14,4.244586389812853
2023-03-15,4.240060825596267
2023-03-16,4.273181231945051
2023-03-17,4.246774326873681
2023-03-20,4.265004639944845
2023-03-21,4.303785912629353
2023-03-22,4.2665539357307685
2023-03-23,4.254238080627391
2023-03-24,4.274881180137678
2023-03-27,4.286051643161111
2023-03-28,4.28180980212151
2023-03-29,4.305668642706896
2023-03-30,4.320545387171159
2023-03-31,4.3446577464252965
2023-04-03,4.37374650878321
2023-04-04,4.34180557531705
2023-04-05,4.3204301177196855
2023-04-06,4.3236738634910274
2023-04-10,4.339358296117371
2023-04-11,4.348065741492973
2023-04-12,4.35889808826192
2023-04-13,4.376588693388526
2023-04-14,4.37671732652826
2023-04-17,4.386650281554047
2023-04-18,4.380725362939888
2023-04-19,4.3851113998305795
2023-04-20,4.383455460716916
2023-04-21,4.377396397922254
2023-04-24,4.376783438654256
2023-04-25,4.333199734698341
2023-04-26,4.289375831367836
2023-04-27,4.310302112495819
2023-04-28,4.340715951235264
2023-05-01,4.3389906137955006
2023-05-02,4.297126879764386
2023-05-03,4.267406848793522
2023-05-04,4.225315109399948
2023-05-05,4.262039082717735
2023-05-08,4.2695803751131685
2023-05-09,4.2603760650858895
2023-05-10,4.25288496876737
2023-05-11,4.242447149866967
2023-05-12,4.238781279365786
2023-05-15,4.254288227301011
2023-05-16,4.242216211805244
2023-05-17,4.268445075033544
2023-05-18,4.299519457698259
2023-05-19,4.297510470306736
2023-05-22,4.29823325516114
2023-05-23,4.2963019671016145
2023-05-24,4.271868584967325
2023-05-25,4.257606844810812
2023-05-26,4.292773411192364
2023-05-30,4.312002421298132
2023-05-31,4.302882472584136
2023-06-01,4.339782215462387
2023-06-02,4.417518332536717
2023-06-05,4.400624052865954
2023-06-06,4.431189349607994
2023-06-07,4.475829095810473
2023-06-08,4.470096535839264
2023-06-09,4.46427639038783
2023-06-12,4.490378340662105
2023-06-13,4.541618682724868
2023-06-14,4.546556148574754
2023-06-15,4.576414219743941
2023-06-16,4.640903033125875
2023-06-20,4.612731819108987
2023-06-21,4.60330420800853
2023-06-22,4.562943104384525
2023-06-23,4.5272155942356385
2023-06-26,4.519004927621674
2023-06-27,4.5511344711040485
2023-06-28,4.560318643700512
2023-06-29,4.576851540934102
2023-06-30,4.590360879309115
2023-07-03,4.621854327337167
2023-07-05,4.613656834349123
2023-07-06,4.586408523497973
2023-07-07,4.596222789923421
2023-07-10,4.6138140078139
2023-07-11,4.64591365789241
2023-07-12,4.67213093111306
2023-07-13,4.697611444019635
2023-07-14,4.717057709076526
2023-07-17,4.7156079506636654
2023-07-18,4.741476586352222
2023-07-19,4.763577731758283
2023-07-20,4.778159237983943
2023-07-21,4.758910248250646
2023-07-24,4.779158657133738
2023-07-25,4.784839337332674
2023-07-26,4.799035043239522
2023-07-27,4.765984139025763
2023-07-28,4.7551027035785065
2023-07-31,4.787078708800813
2023-08-01,4.787371683739724
2023-08-02,4.737264498360217
2023-08-03,4.705741227271908
2023-08-04,4.703214521601325
2023-08-07,4.7178736800100545
2023-08-08,4.7135012244385965
2023-08-09,4.66915748414349
2023-08-10,4.649593798802332
2023-08-11,4.656681474700138
2023-08-14,4.644658250177376
2023-08-15,4.629879025883531
2023-08-16,4.59819953632324
2023-08-17,4.593435381964181
2023-08-18,4.586255341171196
2023-08-21,4.57675960048689
2023-08-22,4.573493896501468
2023-08-23,4.5922289608370495
2023-08-24,4.58688749709931
2023-08-25,4.569201561899896
2023-08-28,4.59591288356069
2023-08-29,4.632274037488105
2023-08-30,4.667042399204653
2023-08-31,4.666651620506677
2023-09-01,4.682548573389266
2023-09-05,4.647095805599542
2023-09-06,4.638344867548927
2023-09-07,4.6161821035924016
2023-09-08,4.606479997358142
2023-09-11,4.664127311349778
2023-09-12,4.675421179424562
2023-09-13,4.645281168749219
2023-09-14,4.6846830620328115
2023-09-15,4.680303842005097
2023-09-18,4.652942071649894
2023-09-19,4.634884141971843
2023-09-20,4.627109949552143
2023-09-21,4.606531661523501
2023-09-22,4.5721420716361845
2023-09-25,4.577402026234118
2023-09-26,4.553886526927618
2023-09-27,4.548765421539985
2023-09-28,4.549020577740473
2023-09-29,4.5446350548167445
2023-10-02,4.532286903138458
2023-10-03,4.501961478715308
2023-10-04,4.491868916289205
2023-10-05,4.537296684049221
2023-10-06,4.55303077636035
2023-10-09,4.587316536912828
2023-10-10,4.609840165435714
2023-10-11,4.622994195756802
2023-10-12,4.606397410072491
2023-10-13,4.582101138274256
2023-10-16,4.596196661330687
2023-10-17,4.633409930484611
2023-10-18,4.5955528225128734
2023-10-19,4.552227340774694
2023-10-20,4.512129447511134
2023-10-23,4.521389466397162
2023-10-24,4.527226603160596
2023-10-25,4.5185809962968335
2023-10-26,4.495887221477723
2023-10-27,4.427730518026284
2023-10-30,4.438987279430587
2023-10-31,4.471589188915832
2023-11-01,4.467647423851955
2023-11-02,4.547082689004018
2023-11-03,4.605521455200993
2023-11-06,4.624981524791804
2023-11-07,4.631357480431346
2023-11-08,4.621955969373797
2023-11-09,4.62065560769733
2023-11-10,4.644661959599924
2023-11-13,4.660279180822885
2023-11-14,4.742752307801281
2023-11-15,4.769434586658354
2023-11-16,4.749416408468281
2023-11-17,4.762081727464617
2023-11-20,4.779932873330693
2023-11-21,4.790965493645441
2023-11-22,4.8029485138584835
2023-11-24,4.822605422532357
2023-11-27,4.813530337647958
2023-11-28,4.801778011295667
2023-11-29,4.809673418504865
2023-11-30,4.82037007643638
2023-12-01,4.863630220884366
2023-12-04,4.880318856324388
2023-12-05,4.857695861340641
2023-12-06,4.845806517825732
2023-12-07,4.859364701457585
2023-12-08,4.88850854076466
2023-12-11,4.88993175758268
2023-12-12,4.901203095189328
2023-12-13,4.960166779982311
2023-12-14,5.000530049046249
2023-12-15,4.991808163797438
2023-12-18,5.004700594846056
2023-12-19,5.042292280233646
2023-12-20,5.025421584328492
2023-12-21,5.033893390485217
2023-12-22,5.061972890172967
2023-12-26,5.088698582983742
2023-12-27,5.101338338921151
2023-12-28,5.103886318495105
2023-12-29,5.084216363120344
2024-01-02,5.0822024776950885
2024-01-03,5.028512077902729
2024-01-04,5.016756050027331
2024-01-05,4.997786600728596
2024-01-08,5.01697516508272
2024-01-09,5.008352935715367
2024-01-10,5.015817805164335
2024-01-11,5.015959828257729
2024-01-12,5.011177215379124
2024-01-16,4.989884507967262
2024-01-17,4.962780888874732
2024-01-18,4.9664408013939525
2024-01-19,5.004910445731096
2024-01-22,5.059176002483338
2024-01-23,5.054385364860986
2024-01-24,5.058160939410876
2024-01-25,5.074008232872567
2024-01-26,5.0684791872415484
2024-01-29,5.087334144910974
2024-01-30,5.085026137963064
2024-01-31,5.019790411987015
2024-02-01,5.025275591759174
2024-02-02,5.037281356083936
2024-02-05,5.021319092783077
2024-02-06,5.0263831477342
2024-02-07,5.0243470845797145
2024-02-08,5.054303221235639
2024-02-09,5.0737097194713705
2024-02-12,5.10914795587961
2024-02-13,5.019439367983835
2024-02-14,5.057776502473967
2024-02-15,5.089077340371321
2024-02-16,5.088185318245955
2024-02-20,5.0693812963110885
2024-02-21,5.0571033013065145
2024-02-22,5.061802227770349
2024-02-23,5.101267554967765
2024-02-26,5.082092600730665
2024-02-27,5.078629560642779
2024-02-28,5.0760136324675855
2024-02-29,5.083471627783987
2024-03-01,5.107807439513308
2024-03-04,5.11853286379602
2024-03-05,5.094439829648496
2024-03-06,5.091664978212242
2024-03-07,5.11485641460438
2024-03-08,5.132126459581526
2024-03-11,5.120494221069816
2024-03-12,5.12608097702711
2024-03-13,5.132233678592253
2024-03-14,5.093633015162232
2024-03-15,5.102139897518441
2024-03-18,5.092751009616247
2024-03-19,5.126031021862943
2024-03-20,5.163509076468625
2024-03-21,5.188339813020006
2024-03-22,5.171288372577864
2024-03-25,5.163422835299077
2024-03-26,5.141971774747278
2024-03-27,5.1877540338450245
2024-03-28,5.208276485423975
2024-04-01,5.194284525026769
2024-04-02,5.165650744382986
2024-04-03,5.154333906325549
2024-04-04,5.134756192435898
2024-04-05,5.118101601589352
2024-04-08,5.153112696584211
2024-04-09,5.153342787071025
2024-04-10,5.1242699271479
2024-04-11,5.117903977689003
2024-04-12,5.114502089279566
2024-04-15,5.067932548684642
2024-04-16,5.042847076810091
2024-04-17,5.023568932672463
2024-04-18,5.008267871981601
2024-04-19,5.015913919611699
2024-04-22,5.008024679086855
2024-04-23,5.053009016871139
2024-04-24,5.068405171248662
2024-04-25,5.049160006159102
2024-04-26,5.049884691102777
2024-04-29,5.074825071621358
2024-04-30,5.04928917292529
2024-05-01,5.035547532695917
2024-05-02,5.044929888068003
2024-05-03,5.078675736960347
2024-05-06,5.12210879755637
2024-05-07,5.127035283073846
2024-05-08,5.136293106918631
2024-05-09,5.142724176497099
2024-05-10,5.148767937381486
2024-05-13,5.152023435719091
2024-05-14,5.161975101999923
2024-05-15,5.184831488598983
2024-05-16,5.207462261414255
2024-05-17,5.191908902142972
2024-05-20,5.19022583898956
2024-05-21,5.186510123050118
2024-05-22,5.175383973578048
2024-05-23,5.144449717094862
2024-05-24,5.144214009990017
2024-05-28,5.150890507941316
2024-05-29,5.122573309448704
2024-05-30,5.12907202041212
2024-05-31,5.148992223913503
2024-06-03,5.167778394398249
2024-06-04,5.1607163501546545
2024-06-05,5.176664862783749
2024-06-06,5.191570841100582
2024-06-07,5.172155523325133
2024-06-10,5.168860164664947
2024-06-11,5.169109450350966
2024-06-12,5.201900049150486
2024-06-13,5.204998592324422
2024-06-14,5.178523424112777
2024-06-17,5.1961243246246624
2024-06-18,5.19883225152004
2024-06-20,5.213924916114193
2024-06-21,5.206053986667937
2024-06-24,5.20654246579439
2024-06-25,5.198887160486371
2024-06-26,5.206402285339106
2024-06-27,5.227622107210195
2024-06-28,5.237862610393629
2024-07-01,5.213951692589271
2024-07-02,5.24150337683467
2024-07-03,5.239187199543059
2024-07-05,5.240487561273218
2024-07-08,5.256063499051903
2024-07-09,5.251378930574814
2024-07-10,5.2803964065186
2024-07-11,5.3391446917712315
2024-07-12,5.358141558544596
2024-07-15,5.389987673626539
2024-07-16,5.462957487629994
2024-07-17,5.473658851980474
2024-07-18,5.492535344198435
2024-07-19,5.456002147091356
2024-07-22,5.488200126761899
2024-07-23,5.523350956000202
2024-07-24,5.4563027135368225
2024-07-25,5.45833810345969
2024-07-26,5.497524999302444
2024-07-29,5.503041398092307
2024-07-30,5.523868211556071
2024-07-31,5.532974432047882
2024-08-01,5.498779068780296
2024-08-02,5.446371518419642
2024-08-05,5.32092654114468
2024-08-06,5.3156208484596235
2024-08-07,5.3064658875869055
2024-08-08,5.338126057612643
2024-08-09,5.369936290119011
2024-08-12,5.355358566051294
2024-08-13,5.4101661375116095
2024-08-14,5.436683134319821
2024-08-15,5.506006302214434
2024-08-16,5.536847256554082
2024-08-19,5.564294110285097
2024-08-20,5.562666744984432
2024-08-21,5.574982012022584
2024-08-22,5.556607063543847
2024-08-23,5.6091722925532626
2024-08-26,5.6242383167691985
2024-08-27,5.592808122647108
2024-08-28,5.581232673214834
2024-08-29,5.580600731540114
2024-08-30,5.6083587600038864
2024-09-03,5.559128581700445
2024-09-04,5.539260644344645
2024-09-05,5.520404617582054
2024-09-06,5.461270553164553
2024-09-09,5.458549814936388
2024-09-10,5.471049428889714
2024-09-11,5.47338750980793
2024-09-12,5.522940911651522
2024-09-13,5.576343599439886
2024-09-16,5.593358807077152
2024-09-17,5.608877283936588
2024-09-18,5.604701977475294
2024-09-19,5.657641362176058
2024-09-20,5.645971286307546
2024-09-23,5.651554942617652
2024-09-24,5.659236686994625
2024-09-25,5.639786580698381
2024-09-26,5.660018938123628
2024-09-27,5.664954821385759
2024-09-30,5.680207585465996
2024-10-01,5.65355919876275
2024-10-02,5.626028156021345
2024-10-03,5.60777625849636
2024-10-04,5.633474960126348
2024-10-07,5.60975163243703
2024-10-08,5.617069163536704
2024-10-09,5.649126299021166
2024-10-10,5.648688231780878
2024-10-11,5.682776824051581
2024-10-14,5.711093991788214
2024-10-15,5.733110654299992
2024-10-16,5.750764844738982
2024-10-17,5.758173533741958
2024-10-18,5.770388434161987
2024-10-21,5.740748977602678
2024-10-22,5.741752847574219
2024-10-23,5.705552979902274
2024-10-24,5.693162346620017
2024-10-25,5.681538891803232
2024-10-28,5.703009002920218
2024-10-29,5.7062642452762695
2024-10-30,5.708976786986126
2024-10-31,5.639799433796566
2024-11-01,5.62600229557161
2024-11-04,5.635546194218752
2024-11-05,5.67553670038834
2024-11-06,5.813175496622237
2024-11-07,5.842815101067233
2024-11-08,5.843528827226085
2024-11-11,5.8754579883547375
2024-11-12,5.863886262284704
2024-11-13,5.850218254765325
2024-11-14,5.822476609518242
2024-11-15,5.786041497772735
2024-11-18,5.7646742121378
2024-11-19,5.776869172774646
2024-11-20,5.7770412913383815
2024-11-21,5.79810428697183
2024-11-22,5.824470883735395
2024-11-25,5.851832790199481
2024-11-26,5.854116538189014
2024-11-27,5.8577908813049895
2024-11-29,5.8608361167033465
2024-12-02,5.8717093725101295
2024-12-03,5.864865617091628
2024-12-04,5.880827767958014
2024-12-05,5.8833297949019725
2024-12-06,5.87961769974249
2024-12-09,5.89153066341794
2024-12-10,5.881765276087579
2024-12-11,5.885444449279748
2024-12-12,5.885351704125352
2024-12-13,5.8738143401393685
2024-12-16,5.878059023833318
2024-12-17,5.8589247756358365
2024-12-18,5.763656492131613
2024-12-19,5.721535937413057
2024-12-20,5.757753945500967
2024-12-23,5.771822808076783
2024-12-24,5.8089107067359596
2024-12-26,5.829725274715754
2024-12-27,5.7979564975864655
2024-12-30,5.759855781734129
2024-12-31,5.735251935135046
