,portfolio_value
2010-10-19,1.0000793650793651
2010-10-20,1.0001587364575462
2010-10-21,1.000238114135043
2010-10-22,1.0003174981123553
2010-10-25,1.0003968883899832
2010-10-26,1.000476284968427
2010-10-27,1.0005556878481865
2010-10-28,1.0006350970297617
2010-10-29,1.000714512513653
2010-11-01,1.0007939343003605
2010-11-02,1.0008733623903843
2010-11-03,1.0009527967842249
2010-11-04,1.0010322374823823
2010-11-05,1.0011116844853571
2010-11-08,1.0011911377936498
2010-11-09,1.0012705974077605
2010-11-10,1.0013500633281898
2010-11-11,1.0014295355554381
2010-11-12,1.001509014090006
2010-11-15,1.0015884989323942
2010-11-16,1.0016679900831031
2010-11-17,1.0017474875426335
2010-11-18,1.0018269913114861
2010-11-19,1.0019065013901616
2010-11-22,1.0019860177791609
2010-11-23,1.0020655404789847
2010-11-24,1.002145069490134
2010-11-26,1.0022246048131094
2010-11-29,1.0023041464484121
2010-11-30,1.002383694396543
2010-12-01,1.002463248658003
2010-12-02,1.0025428092332933
2010-12-03,1.002622376122915
2010-12-06,1.0027019493273692
2010-12-07,1.002781528847157
2010-12-08,1.00286111468278
2010-12-09,1.002940706834739
2010-12-10,1.0030203053035354
2010-12-13,1.0030999100896707
2010-12-14,1.003179521193646
2010-12-15,1.003259138615963
2010-12-16,1.003338762357123
2010-12-17,1.0034183924176276
2010-12-20,1.0034980287979782
2010-12-21,1.0035776714986766
2010-12-22,1.0036573205202242
2010-12-23,1.0037369758631227
2010-12-27,1.0038166375278739
2010-12-28,1.0038963055149792
2010-12-29,1.0039759798249408
2010-12-30,1.0040556604582602
2010-12-31,1.0041353474154395
2011-01-03,1.0042150406969805
2011-01-04,1.004294740303385
2011-01-05,1.0043744462351551
2011-01-06,1.0044541584927928
2011-01-07,1.0045338770768002
2011-01-10,1.0046136019876795
2011-01-11,1.0046933332259325
2011-01-12,1.0047730707920615
2011-01-13,1.0048528146865687
2011-01-14,1.0049325649099565
2011-01-18,1.0050123214627271
2011-01-19,1.005092084345383
2011-01-20,1.0051718535584264
2011-01-21,1.0052516291023597
2011-01-24,1.0053314109776852
2011-01-25,1.0054111991849057
2011-01-26,1.0054909937245236
2011-01-27,1.0055707945970414
2011-01-28,1.0056506018029618
2011-01-31,1.0057304153427875
2011-02-01,1.005810235217021
2011-02-02,1.0058900614261652
2011-02-03,1.005969893970723
2011-02-04,1.0060497328511968
2011-02-07,1.00612957806809
2011-02-08,1.0062094296219048
2011-02-09,1.0062892875131448
2011-02-10,1.0063691517423126
2011-02-11,1.0064490223099112
2011-02-14,1.0065288992164438
2011-02-15,1.0066087824624135
2011-02-16,1.0066886720483232
2011-02-17,1.0067685679746763
2011-02-18,1.006848470241976
2011-02-22,1.0069283788507255
2011-02-23,1.007008293801428
2011-02-24,1.0070882150945868
2011-02-25,1.0071681427307055
2011-02-28,1.0072480767102874
2011-03-01,1.007328017033836
2011-03-02,1.0074079637018545
2011-03-03,1.0074879167148467
2011-03-04,1.0075678760733162
2011-03-07,1.0076478417777666
2011-03-08,1.0077278138287014
2011-03-09,1.0078077922266244
2011-03-10,1.0078877769720394
2011-03-11,1.00796776806545
2011-03-14,1.0080477655073599
2011-03-15,1.008127769298273
2011-03-16,1.0082077794386937
2011-03-17,1.0082877959291254
2011-03-18,1.0083678187700722
2011-03-21,1.008447847962038
2011-03-22,1.0085278835055271
2011-03-23,1.0086079254010434
2011-03-24,1.008687973649091
2011-03-25,1.0087680282501743
2011-03-28,1.0088480892047973
2011-03-29,1.0089281565134645
2011-03-30,1.0090082301766798
2011-03-31,1.009088310194948
2011-04-01,1.009168396568773
2011-04-04,1.0092484892986595
2011-04-05,1.0093285883851117
2011-04-06,1.0094086938286344
2011-04-07,1.009488805629732
2011-04-08,1.009568923788909
2011-04-11,1.00964904830667
2011-04-12,1.00972917918352
2011-04-13,1.009809316419963
2011-04-14,1.0098894600165045
2011-04-15,1.0099696099736486
2011-04-18,1.0100497662919006
2011-04-19,1.0101299289717651
2011-04-20,1.010210098013747
2011-04-21,1.0102902734183512
2011-04-25,1.0103704551860828
2011-04-26,1.010450643317447
2011-04-27,1.0105308378129483
2011-04-28,1.0106110386730922
2011-04-29,1.0106912458983837
2011-05-02,1.010771459489328
2011-05-03,1.0108516794464304
2011-05-04,1.010931905770196
2011-05-05,1.0110121384611301
2011-05-06,1.0110923775197382
2011-05-09,1.0111726229465257
2011-05-10,1.0112528747419975
2011-05-11,1.0113331329066597
2011-05-12,1.0114133974410173
2011-05-13,1.0114936683455762
2011-05-16,1.0115739456208417
2011-05-17,1.0116542292673196
2011-05-18,1.0117345192855154
2011-05-19,1.011814815675935
2011-05-20,1.0118951184390839
2011-05-23,1.011975427575468
2011-05-24,1.012055743085593
2011-05-25,1.0121360649699649
2011-05-26,1.0122163932290895
2011-05-27,1.012296727863473
2011-05-31,1.0123770688736209
2011-06-01,1.0124574162600395
2011-06-02,1.0125377700232348
2011-06-03,1.012618130163713
2011-06-06,1.0126984966819799
2011-06-07,1.012778869578542
2011-06-08,1.0128592488539054
2011-06-09,1.0129396345085764
2011-06-10,1.0130200265430613
2011-06-13,1.0131004249578663
2011-06-14,1.0131808297534979
2011-06-15,1.0132612409304624
2011-06-16,1.0133416584892665
2011-06-17,1.0134220824304165
2011-06-20,1.013502512754419
2011-06-21,1.0135829494617805
2011-06-22,1.0136633925530076
2011-06-23,1.0137438420286071
2011-06-24,1.0138242978890857
2011-06-27,1.01390476013495
2011-06-28,1.0139852287667068
2011-06-29,1.014065703784863
2011-06-30,1.0141461851899254
2011-07-01,1.0142266729824008
2011-07-05,1.0143071671627963
2011-07-06,1.0143876677316188
2011-07-07,1.0144681746893753
2011-07-08,1.014548688036573
2011-07-11,1.014629207773719
2011-07-12,1.01470973390132
2011-07-13,1.0147902664198836
2011-07-14,1.014870805329917
2011-07-15,1.0149513506319272
2011-07-18,1.0150319023264218
2011-07-19,1.0151124604139081
2011-07-20,1.0151930248948935
2011-07-21,1.0152735957698853
2011-07-22,1.015354173039391
2011-07-25,1.015434756703918
2011-07-26,1.015515346763974
2011-07-27,1.0155959432200663
2011-07-28,1.0156765460727029
2011-07-29,1.0157571553223912
2011-08-01,1.0158377709696391
2011-08-02,1.0417060936502844
2011-08-03,1.0359753048578162
2011-08-04,1.084417187533878
2011-08-05,1.0859506296398556
2011-08-08,1.1565818750823436
2011-08-09,1.1027070636022334
2011-08-10,1.1513316974690402
2011-08-11,1.0995606874565491
2011-08-12,1.0920673631033448
2011-08-15,1.068863838100643
2011-08-16,1.0779035573310256
2011-08-17,1.0770932220424234
2011-08-18,1.1234480576767052
2011-08-19,1.1417018892936435
2011-08-22,1.1406961261788757
2011-08-23,1.1030614598021427
2011-08-24,1.0874343728695808
2011-08-25,1.1039222499924584
2011-08-26,1.0877869076802462
2011-08-29,1.0564390559659926
2011-08-30,1.0535662854803756
2011-08-31,1.048803392196164
2011-09-01,1.0597014301229035
2011-09-02,1.0866893356704717
2011-09-06,1.094531146285036
2011-09-07,1.0635659828958581
2011-09-08,1.0745313566388752
2011-09-09,1.1026054649503474
2011-09-12,1.0953813049930163
2011-09-13,1.0852452796051038
2011-09-14,1.070131785092895
2011-09-15,1.0515768188333006
2011-09-16,1.0452663118010248
2011-09-19,1.055589152433921
2011-09-20,1.056730958759991
2011-09-21,1.0877724682119936
2011-09-22,1.1228451783246391
2011-09-23,1.1159870929701532
2011-09-26,1.089357197861092
2011-09-27,1.0770846388302124
2011-09-28,1.0989885009029077
2011-09-29,1.0902127111281106
2011-09-30,1.117366497009341
2011-10-03,1.149072999352844
2011-10-04,1.1237878105298824
2011-10-05,1.1028878704563099
2011-10-06,1.0828439872608149
2011-10-07,1.090005982973958
2011-10-10,1.0534599032500378
2011-10-11,1.0523166213266277
2011-10-12,1.0429993419287664
2011-10-13,1.0449868685553332
2011-10-14,1.0270371686102693
2011-10-17,1.0465601366551593
2011-10-18,1.0260183302488932
2011-10-19,1.0380706985993304
2011-10-20,1.0334440334919506
2011-10-21,1.013735978738355
2011-10-24,1.0012237192238835
2011-10-25,1.0206090830806152
2011-10-26,1.0101574339242643
2011-10-27,1.010237605149179
2011-10-28,1.0103177827368894
2011-10-31,1.0345900610592997
2011-11-01,1.0633579568505978
2011-11-02,1.0459255050938867
2011-11-03,1.0267755073654874
2011-11-04,1.0329529689027217
2011-11-07,1.0264467145527014
2011-11-08,1.0265281785776659
2011-11-09,1.0643329319397008
2011-11-10,1.054220046848523
2011-11-11,1.0543037151062093
2011-11-14,1.0614893679276434
2011-11-15,1.056156914283123
2011-11-16,1.072823754863065
2011-11-17,1.0897692014884046
2011-11-18,1.090839114080151
2011-11-21,1.1114972370567973
2011-11-22,1.1157711061847986
2011-11-23,1.1402998876719013
2011-11-25,1.1423578911934775
2011-11-28,1.1091742589571838
2011-11-29,1.1059326001213587
2011-11-30,1.0603331607237396
2011-12-01,1.0604152362932175
2011-12-02,1.0612612420862095
2011-12-05,1.060871158867662
2011-12-06,1.0609553549913817
2011-12-07,1.0610395577973335
2011-12-08,1.0842280190020666
2011-12-09,1.0792425834958879
2011-12-12,1.0949081195546602
2011-12-13,1.1050432085905129
2011-12-14,1.1167164532727274
2011-12-15,1.11258835384982
2011-12-16,1.1108467261913197
2011-12-19,1.1226313769595504
2011-12-20,1.0885683517281464
2011-12-21,1.0863714231530288
2011-12-22,1.0864576431072475
2011-12-23,1.0865438699043195
2011-12-27,1.086630103544788
2011-12-28,1.0867163440291965
2011-12-29,1.0868025913580877
2011-12-30,1.086888845532005
2012-01-03,1.0869751065514917
2012-01-04,1.087061374417091
2012-01-05,1.0871476491293464
2012-01-06,1.087233930688801
2012-01-09,1.0873202190959985
2012-01-10,1.0874065143514824
2012-01-11,1.087492816455796
2012-01-12,1.087579125409483
2012-01-13,1.087665441213087
2012-01-17,1.0877517638671517
2012-01-18,1.0878380933722205
2012-01-19,1.0879244297288373
2012-01-20,1.088010772937546
2012-01-23,1.0880971229988903
2012-01-24,1.088183479913414
2012-01-25,1.0882698436816611
2012-01-26,1.0883562143041756
2012-01-27,1.0884425917815015
2012-01-30,1.0885289761141825
2012-01-31,1.088615367302763
2012-02-01,1.088701765347787
2012-02-02,1.0887881702497988
2012-02-03,1.0888745820093424
2012-02-06,1.0889610006269623
2012-02-07,1.0890474261032026
2012-02-08,1.0891338584386077
2012-02-09,1.089220297633722
2012-02-10,1.0893067436890898
2012-02-13,1.0893931966052557
2012-02-14,1.089479656382764
2012-02-15,1.0895661230221596
2012-02-16,1.0896525965239867
2012-02-17,1.0897390768887902
2012-02-21,1.0898255641171148
2012-02-22,1.0899120582095052
2012-02-23,1.089998559166506
2012-02-24,1.0900850669886621
2012-02-27,1.0901715816765185
2012-02-28,1.0902581032306198
2012-02-29,1.090344631651511
2012-03-01,1.0904311669397375
2012-03-02,1.090517709095844
2012-03-05,1.0906042581203754
2012-03-06,1.0906908140138771
2012-03-07,1.0907773767768942
2012-03-08,1.0908639464099719
2012-03-09,1.0909505229136554
2012-03-12,1.0910371062884898
2012-03-13,1.0911236965350206
2012-03-14,1.0912102936537933
2012-03-15,1.0912968976453532
2012-03-16,1.0913835085102457
2012-03-19,1.0914701262490163
2012-03-20,1.0915567508622106
2012-03-21,1.0916433823503744
2012-03-22,1.091730020714053
2012-03-23,1.0918166659537922
2012-03-26,1.0919033180701379
2012-03-27,1.0919899770636354
2012-03-28,1.092076642934831
2012-03-29,1.0921633156842703
2012-03-30,1.0922499953124993
2012-04-02,1.092336681820064
2012-04-03,1.09242337520751
2012-04-04,1.0925100754753838
2012-04-05,1.092596782624231
2012-04-09,1.0926834966545982
2012-04-10,1.092770217567031
2012-04-11,1.0928569453620762
2012-04-12,1.0929436800402796
2012-04-13,1.0930304216021876
2012-04-16,1.0931171700483464
2012-04-17,1.0932039253793027
2012-04-18,1.0932906875956026
2012-04-19,1.0933774566977927
2012-04-20,1.0934642326864197
2012-04-23,1.0935510155620298
2012-04-24,1.0936378053251696
2012-04-25,1.093724601976386
2012-04-26,1.0938114055162254
2012-04-27,1.0938982159452346
2012-04-30,1.0939850332639605
2012-05-01,1.0940718574729498
2012-05-02,1.0941586885727492
2012-05-03,1.094245526563906
2012-05-04,1.0943323714469666
2012-05-07,1.0944192232224783
2012-05-08,1.094506081890988
2012-05-09,1.094592947453043
2012-05-10,1.09467981990919
2012-05-11,1.0947666992599765
2012-05-14,1.0948535855059496
2012-05-15,1.0949404786476564
2012-05-16,1.0950273786856444
2012-05-17,1.0951142856204608
2012-05-18,1.095201199452653
2012-05-21,1.0952881201827682
2012-05-22,1.0953750478113542
2012-05-23,1.0954619823389584
2012-05-24,1.0955489237661282
2012-05-25,1.0956358720934114
2012-05-29,1.0957228273213553
2012-05-30,1.0958097894505079
2012-05-31,1.0958967584814168
2012-06-01,1.0959837344146297
2012-06-04,1.0960707172506945
2012-06-05,1.096157706990159
2012-06-06,1.096244703633571
2012-06-07,1.0963317071814784
2012-06-08,1.0964187176344293
2012-06-11,1.0965057349929719
2012-06-12,1.0965927592576539
2012-06-13,1.0966797904290235
2012-06-14,1.096766828507629
2012-06-15,1.0968538734940185
2012-06-18,1.0969409253887403
2012-06-19,1.0970279841923427
2012-06-20,1.097115049905374
2012-06-21,1.0972021225283823
2012-06-22,1.0972892020619165
2012-06-25,1.0973762885065246
2012-06-26,1.0974633818627553
2012-06-27,1.097550482131157
2012-06-28,1.0976375893122785
2012-06-29,1.0977247034066684
2012-07-02,1.0978118244148753
2012-07-03,1.097898952337448
2012-07-05,1.0979860871749352
2012-07-06,1.0980732289278856
2012-07-09,1.0981603775968483
2012-07-10,1.0982475331823718
2012-07-11,1.0983346956850053
2012-07-12,1.0984218651052977
2012-07-13,1.0985090414437981
2012-07-16,1.0985962247010557
2012-07-17,1.0986834148776192
2012-07-18,1.0987706119740381
2012-07-19,1.0988578159908615
2012-07-20,1.0989450269286387
2012-07-23,1.0990322447879188
2012-07-24,1.0991194695692512
2012-07-25,1.0992067012731854
2012-07-26,1.0992939399002706
2012-07-27,1.0993811854510565
2012-07-30,1.0994684379260924
2012-07-31,1.099555697325928
2012-08-01,1.0996429636511127
2012-08-02,1.0997302369021962
2012-08-03,1.0998175170797282
2012-08-06,1.0999048041842583
2012-08-07,1.0999920982163365
2012-08-08,1.1000793991765123
2012-08-09,1.1001667070653358
2012-08-10,1.100254021883357
2012-08-13,1.1003413436311256
2012-08-14,1.1004286723091916
2012-08-15,1.100516007918105
2012-08-16,1.100603350458416
2012-08-17,1.1006906999306747
2012-08-20,1.1007780563354312
2012-08-21,1.1008654196732357
2012-08-22,1.1009527899446383
2012-08-23,1.1010401671501895
2012-08-24,1.1011275512904395
2012-08-27,1.1012149423659388
2012-08-28,1.1013023403772377
2012-08-29,1.1013897453248869
2012-08-30,1.1014771572094366
2012-08-31,1.1015645760314374
2012-09-04,1.10165200179144
2012-09-05,1.101739434489995
2012-09-06,1.101826874127653
2012-09-07,1.1019143207049646
2012-09-10,1.102001774222481
2012-09-11,1.1020892346807527
2012-09-12,1.1021767020803306
2012-09-13,1.1022641764217656
2012-09-14,1.1023516577056085
2012-09-17,1.1024391459324105
2012-09-18,1.1025266411027226
2012-09-19,1.102614143217096
2012-09-20,1.1027016522760815
2012-09-21,1.1027891682802304
2012-09-24,1.102876691230094
2012-09-25,1.1029642211262234
2012-09-26,1.1030517579691699
2012-09-27,1.103139301759485
2012-09-28,1.10322685249772
2012-10-01,1.1033144101844263
2012-10-02,1.1034019748201553
2012-10-03,1.1034895464054586
2012-10-04,1.1035771249408877
2012-10-05,1.103664710426994
2012-10-08,1.1037523028643297
2012-10-09,1.103839902253446
2012-10-10,1.1039275085948947
2012-10-11,1.1040151218892278
2012-10-12,1.1041027421369969
2012-10-15,1.1041903693387538
2012-10-16,1.1042780034950506
2012-10-17,1.1043656446064392
2012-10-18,1.1044532926734714
2012-10-19,1.1045409476966994
2012-10-22,1.1046286096766753
2012-10-23,1.1047162786139513
2012-10-24,1.1048039545090793
2012-10-25,1.1048916373626119
2012-10-26,1.104979327175101
2012-10-31,1.105067023947099
2012-11-01,1.1051547276791582
2012-11-02,1.1052424383718313
2012-11-05,1.1053301560256705
2012-11-06,1.1054178806412283
2012-11-07,1.105505612219057
2012-11-08,1.1055933507597093
2012-11-09,1.105681096263738
2012-11-12,1.1057688487316955
2012-11-13,1.1058566081641346
2012-11-14,1.1206936045058762
2012-11-15,1.1224981326638186
2012-11-16,1.1168639229364732
2012-11-19,1.1169525629303572
2012-11-20,1.1170412099591611
2012-11-21,1.1171298640234437
2012-11-23,1.1172185251237632
2012-11-26,1.1173071932606777
2012-11-27,1.117395868434746
2012-11-28,1.1174845506465265
2012-11-29,1.1175732398965779
2012-11-30,1.1176619361854585
2012-12-03,1.1177506395137273
2012-12-04,1.1178393498819428
2012-12-05,1.1179280672906635
2012-12-06,1.1180167917404484
2012-12-07,1.1181055232318564
2012-12-10,1.1181942617654463
2012-12-11,1.1182830073417769
2012-12-12,1.1183717599614071
2012-12-13,1.1184605196248962
2012-12-14,1.118549286332803
2012-12-17,1.1186380600856867
2012-12-18,1.1187268408841062
2012-12-19,1.1188156287286208
2012-12-20,1.1189044236197898
2012-12-21,1.1189932255581725
2012-12-24,1.119082034544328
2012-12-26,1.1191708505788156
2012-12-27,1.119259673662195
2012-12-28,1.1193485037950253
2012-12-31,1.1194373409778662
2013-01-02,1.1195261852112772
2013-01-03,1.119615036495818
2013-01-04,1.119703894832048
2013-01-07,1.1197927602205267
2013-01-08,1.119881632661814
2013-01-09,1.1199705121564698
2013-01-10,1.1200593987050538
2013-01-11,1.1201482923081256
2013-01-14,1.1202371929662454
2013-01-15,1.120326100679973
2013-01-16,1.1204150154498682
2013-01-17,1.1205039372764913
2013-01-18,1.1205928661604023
2013-01-22,1.1206818021021612
2013-01-23,1.120770745102328
2013-01-24,1.1208596951614633
2013-01-25,1.120948652280127
2013-01-28,1.1210376164588796
2013-01-29,1.1211265876982812
2013-01-30,1.1212155659988923
2013-01-31,1.1213045513612732
2013-02-01,1.1213935437859843
2013-02-04,1.1214825432735864
2013-02-05,1.12157154982464
2013-02-06,1.1216605634397054
2013-02-07,1.1217495841193437
2013-02-08,1.121838611864115
2013-02-11,1.1219276466745804
2013-02-12,1.1220166885513008
2013-02-13,1.1221057374948367
2013-02-14,1.122194793505749
2013-02-15,1.1222838565845987
2013-02-19,1.1223729267319467
2013-02-20,1.122462003948354
2013-02-21,1.1225510882343817
2013-02-22,1.1226401795905907
2013-02-25,1.1227292780175424
2013-02-26,1.1228183835157979
2013-02-27,1.1229074960859182
2013-02-28,1.1229966157284648
2013-03-01,1.1230857424439988
2013-03-04,1.1231748762330818
2013-03-05,1.1232640170962749
2013-03-06,1.1233531650341397
2013-03-07,1.1234423200472377
2013-03-08,1.1235314821361304
2013-03-11,1.1236206513013793
2013-03-12,1.1237098275435462
2013-03-13,1.1237990108631926
2013-03-14,1.1238882012608802
2013-03-15,1.1239773987371708
2013-03-18,1.1240666032926263
2013-03-19,1.1241558149278084
2013-03-20,1.1242450336432788
2013-03-21,1.1243342594395997
2013-03-22,1.124423492317333
2013-03-25,1.1245127322770407
2013-03-26,1.124601979319285
2013-03-27,1.1246912334446277
2013-03-28,1.1247804946536313
2013-04-01,1.1248697629468578
2013-04-02,1.1249590383248695
2013-04-03,1.1250483207882287
2013-04-04,1.1251376103374977
2013-04-05,1.1252269069732388
2013-04-08,1.1253162106960144
2013-04-09,1.1254055215063872
2013-04-10,1.1254948394049196
2013-04-11,1.125584164392174
2013-04-12,1.1256734964687132
2013-04-15,1.1257628356350997
2013-04-16,1.1258521818918963
2013-04-17,1.1259415352396656
2013-04-18,1.1260308956789704
2013-04-19,1.1261202632103735
2013-04-22,1.126209637834438
2013-04-23,1.1262990195517264
2013-04-24,1.126388408362802
2013-04-25,1.1264778042682275
2013-04-26,1.1265672072685664
2013-04-29,1.1266566173643815
2013-04-30,1.126746034556236
2013-05-01,1.1268354588446927
2013-05-02,1.1269248902303153
2013-05-03,1.127014328713667
2013-05-06,1.127103774295311
2013-05-07,1.1271932269758107
2013-05-08,1.1272826867557295
2013-05-09,1.1273721536356307
2013-05-10,1.127461627616078
2013-05-13,1.1275511086976349
2013-05-14,1.127640596880865
2013-05-15,1.1277300921663318
2013-05-16,1.127819594554599
2013-05-17,1.1279091040462303
2013-05-20,1.1279986206417896
2013-05-21,1.1280881443418405
2013-05-22,1.128177675146947
2013-05-23,1.128267213057673
2013-05-24,1.1283567580745824
2013-05-28,1.1284463101982392
2013-05-29,1.1285358694292074
2013-05-30,1.128625435768051
2013-05-31,1.1287150092153342
2013-06-03,1.1288045897716212
2013-06-04,1.128894177437476
2013-06-05,1.1289837722134632
2013-06-06,1.1290733741001469
2013-06-07,1.1291629830980914
2013-06-10,1.129252599207861
2013-06-11,1.1293422224300205
2013-06-12,1.129431852765134
2013-06-13,1.129521490213766
2013-06-14,1.1296111347764815
2013-06-17,1.1297007864538446
2013-06-18,1.1297904452464205
2013-06-19,1.1298801111547734
2013-06-20,1.1299697841794683
2013-06-21,1.1300594643210697
2013-06-24,1.130149151580143
2013-06-25,1.1302388459572525
2013-06-26,1.1303285474529634
2013-06-27,1.1304182560678406
2013-06-28,1.1305079718024493
2013-07-01,1.1305976946573544
2013-07-02,1.1306874246331209
2013-07-03,1.130777161730314
2013-07-05,1.130866905949499
2013-07-08,1.130956657291241
2013-07-09,1.1310464157561055
2013-07-10,1.1311361813446577
2013-07-11,1.1312259540574627
2013-07-12,1.1313157338950863
2013-07-15,1.131405520858094
2013-07-16,1.131495314947051
2013-07-17,1.131585116162523
2013-07-18,1.1316749245050757
2013-07-19,1.1317647399752746
2013-07-22,1.1318545625736853
2013-07-23,1.1319443923008738
2013-07-24,1.1320342291574057
2013-07-25,1.1321240731438469
2013-07-26,1.1322139242607632
2013-07-29,1.1323037825087203
2013-07-30,1.1323936478882846
2013-07-31,1.1324835204000219
2013-08-01,1.132573400044498
2013-08-02,1.1326632868222795
2013-08-05,1.1327531807339322
2013-08-06,1.1328430817800221
2013-08-07,1.1329329899611158
2013-08-08,1.1330229052777794
2013-08-09,1.1331128277305793
2013-08-12,1.1332027573200818
2013-08-13,1.1332926940468533
2013-08-14,1.1333826379114602
2013-08-15,1.133472588914469
2013-08-16,1.1335625470564463
2013-08-19,1.1336525123379588
2013-08-20,1.133742484759573
2013-08-21,1.1338324643218556
2013-08-22,1.1339224510253731
2013-08-23,1.1340124448706927
2013-08-26,1.134102445858381
2013-08-27,1.1341924539890047
2013-08-28,1.1342824692631308
2013-08-29,1.1343724916813263
2013-08-30,1.1344625212441581
2013-09-03,1.1345525579521933
2013-09-04,1.1346426018059992
2013-09-05,1.1347326528061425
2013-09-06,1.1348227109531908
2013-09-09,1.134912776247711
2013-09-10,1.1350028486902703
2013-09-11,1.1350929282814364
2013-09-12,1.1351830150217763
2013-09-13,1.1352731089118575
2013-09-16,1.1353632099522475
2013-09-17,1.1354533181435136
2013-09-18,1.1355434334862233
2013-09-19,1.1356335559809445
2013-09-20,1.1357236856282447
2013-09-23,1.1358138224286913
2013-09-24,1.1359039663828523
2013-09-25,1.1359941174912955
2013-09-26,1.1360842757545886
2013-09-27,1.1361744411732992
2013-09-30,1.1362646137479955
2013-10-01,1.1363547934792453
2013-10-02,1.1364449803676167
2013-10-03,1.1365351744136776
2013-10-04,1.1366253756179963
2013-10-07,1.1367155839811407
2013-10-08,1.1368057995036789
2013-10-09,1.1368960221861792
2013-10-10,1.13698625202921
2013-10-11,1.1370764890333394
2013-10-14,1.1371667331991357
2013-10-15,1.1372569845271674
2013-10-16,1.137347243018003
2013-10-17,1.1374375086722108
2013-10-18,1.1375277814903595
2013-10-21,1.1376180614730176
2013-10-22,1.1377083486207535
2013-10-23,1.1377986429341362
2013-10-24,1.1378889444137343
2013-10-25,1.1379792530601165
2013-10-28,1.1380695688738516
2013-10-29,1.1381598918555083
2013-10-30,1.1382502220056556
2013-10-31,1.1383405593248626
2013-11-01,1.138430903813698
2013-11-04,1.1385212554727309
2013-11-05,1.1386116143025304
2013-11-06,1.1387019803036655
2013-11-07,1.1387923534767055
2013-11-08,1.1388827338222196
2013-11-11,1.138973121340777
2013-11-12,1.139063516032947
2013-11-13,1.1391539178992989
2013-11-14,1.139244326940402
2013-11-15,1.139334743156826
2013-11-18,1.13942516654914
2013-11-19,1.1395155971179138
2013-11-20,1.139606034863717
2013-11-21,1.1396964797871187
2013-11-22,1.1397869318886893
2013-11-25,1.1398773911689979
2013-11-26,1.1399678576286145
2013-11-27,1.140058331268109
2013-11-29,1.140148812088051
2013-12-02,1.1402393000890103
2013-12-03,1.1403297952715572
2013-12-04,1.1404202976362614
2013-12-05,1.140510807183693
2013-12-06,1.140601323914422
2013-12-09,1.1406918478290184
2013-12-10,1.1407823789280525
2013-12-11,1.1408729172120944
2013-12-12,1.1409634626817144
2013-12-13,1.1410540153374829
2013-12-16,1.14114457517997
2013-12-17,1.1412351422097462
2013-12-18,1.141325716427382
2013-12-19,1.1414162978334477
2013-12-20,1.1415068864285138
2013-12-23,1.1415974822131512
2013-12-24,1.14168808518793
2013-12-26,1.1417786953534212
2013-12-27,1.1418693127101953
2013-12-30,1.1419599372588232
2013-12-31,1.1420505689998754
2014-01-02,1.142141207933923
2014-01-03,1.1422318540615368
2014-01-06,1.1423225073832879
2014-01-07,1.142413167899747
2014-01-08,1.142503835611485
2014-01-09,1.1425945105190731
2014-01-10,1.1426851926230825
2014-01-13,1.1427758819240845
2014-01-14,1.14286657842265
2014-01-15,1.14295728211935
2014-01-16,1.1430479930147563
2014-01-17,1.1431387111094402
2014-01-21,1.1432294364039728
2014-01-22,1.1433201688989256
2014-01-23,1.14341090859487
2014-01-24,1.1435016554923776
2014-01-27,1.1435924095920198
2014-01-28,1.1436831708943684
2014-01-29,1.143773939399995
2014-01-30,1.1438647151094712
2014-01-31,1.1439554980233688
2014-02-03,1.1440462881422597
2014-02-04,1.1441370854667154
2014-02-05,1.1442278899973082
2014-02-06,1.1443187017346097
2014-02-07,1.1444095206791918
2014-02-10,1.1445003468316266
2014-02-11,1.1445911801924864
2014-02-12,1.144682020762343
2014-02-13,1.1447728685417686
2014-02-14,1.1448637235313355
2014-02-18,1.1449545857316157
2014-02-19,1.1450454551431817
2014-02-20,1.145136331766606
2014-02-21,1.1452272156024605
2014-02-24,1.1453181066513178
2014-02-25,1.1454090049137506
2014-02-26,1.1454999103903312
2014-02-27,1.145590823081632
2014-02-28,1.145681742988226
2014-03-03,1.1457726701106854
2014-03-04,1.1458636044495831
2014-03-05,1.1459545460054918
2014-03-06,1.1460454947789844
2014-03-07,1.1461364507706335
2014-03-10,1.1462274139810122
2014-03-11,1.1463183844106932
2014-03-12,1.1464093620602496
2014-03-13,1.1465003469302544
2014-03-14,1.1465913390212807
2014-03-17,1.1466823383339015
2014-03-18,1.14677334486869
2014-03-19,1.1468643586262195
2014-03-20,1.1469553796070628
2014-03-21,1.1470464078117937
2014-03-24,1.147137443240985
2014-03-25,1.1472284858952106
2014-03-26,1.1473195357750436
2014-03-27,1.1474105928810576
2014-03-28,1.147501657213826
2014-03-31,1.1475927287739223
2014-04-01,1.1476838075619202
2014-04-02,1.1477748935783934
2014-04-03,1.1478659868239156
2014-04-04,1.1479570872990603
2014-04-07,1.1480481950044015
2014-04-08,1.148139309940513
2014-04-09,1.1482304321079686
2014-04-10,1.1483215615073423
2014-04-11,1.148412698139208
2014-04-14,1.1485038420041398
2014-04-15,1.1485949931027115
2014-04-16,1.1486861514354976
2014-04-17,1.148777317003072
2014-04-21,1.1488684898060089
2014-04-22,1.1489596698448825
2014-04-23,1.149050857120267
2014-04-24,1.149142051632737
2014-04-25,1.1492332533828666
2014-04-28,1.1493244623712304
2014-04-29,1.1494156785984029
2014-04-30,1.1495069020649584
2014-05-01,1.1495981327714715
2014-05-02,1.149689370718517
2014-05-05,1.1497806159066692
2014-05-06,1.1498718683365032
2014-05-07,1.1499631280085936
2014-05-08,1.150054394923515
2014-05-09,1.1501456690818421
2014-05-12,1.1502369504841503
2014-05-13,1.1503282391310141
2014-05-14,1.1504195350230086
2014-05-15,1.150510838160709
2014-05-16,1.15060214854469
2014-05-19,1.150693466175527
2014-05-20,1.150784791053795
2014-05-21,1.150876123180069
2014-05-22,1.1509674625549247
2014-05-23,1.151058809178937
2014-05-27,1.1511501630526815
2014-05-28,1.1512415241767333
2014-05-29,1.151332892551668
2014-05-30,1.1514242681780609
2014-06-02,1.1515156510564877
2014-06-03,1.1516070411875239
2014-06-04,1.1516984385717453
2014-06-05,1.151789843209727
2014-06-06,1.1518812551020454
2014-06-09,1.1519726742492757
2014-06-10,1.152064100651994
2014-06-11,1.152155534310776
2014-06-12,1.1522469752261977
2014-06-13,1.1523384233988347
2014-06-16,1.1524298788292633
2014-06-17,1.1525213415180593
2014-06-18,1.152612811465799
2014-06-19,1.1527042886730583
2014-06-20,1.1527957731404133
2014-06-23,1.1528872648684403
2014-06-24,1.1529787638577156
2014-06-25,1.1530702701088154
2014-06-26,1.153161783622316
2014-06-27,1.153253304398794
2014-06-30,1.1533448324388258
2014-07-01,1.1534363677429877
2014-07-02,1.1535279103118563
2014-07-03,1.1536194601460081
2014-07-07,1.1537110172460199
2014-07-08,1.153802581612468
2014-07-09,1.1538941532459293
2014-07-10,1.1539857321469806
2014-07-11,1.1540773183161988
2014-07-14,1.1541689117541605
2014-07-15,1.1542605124614427
2014-07-16,1.1543521204386222
2014-07-17,1.1544437356862762
2014-07-18,1.1545353582049815
2014-07-21,1.1546269879953153
2014-07-22,1.1547186250578547
2014-07-23,1.1548102693931768
2014-07-24,1.1549019210018587
2014-07-25,1.154993579884478
2014-07-28,1.1550852460416117
2014-07-29,1.1551769194738373
2014-07-30,1.155268600181732
2014-07-31,1.1553602881658736
2014-08-01,1.155451983426839
2014-08-04,1.1555436859652064
2014-08-05,1.1556353957815528
2014-08-06,1.1557271128764561
2014-08-07,1.155818837250494
2014-08-08,1.1559105689042442
2014-08-11,1.1560023078382842
2014-08-12,1.156094054053192
2014-08-13,1.1561858075495455
2014-08-14,1.1562775683279225
2014-08-15,1.156369336388901
2014-08-18,1.1564611117330588
2014-08-19,1.1565528943609742
2014-08-20,1.1566446842732252
2014-08-21,1.1567364814703898
2014-08-22,1.156828285953046
2014-08-25,1.1569200977217726
2014-08-26,1.1570119167771473
2014-08-27,1.1571037431197488
2014-08-28,1.1571955767501552
2014-08-29,1.157287417668945
2014-09-02,1.1573792658766966
2014-09-03,1.1574711213739886
2014-09-04,1.1575629841613992
2014-09-05,1.1576548542395073
2014-09-08,1.1577467316088914
2014-09-09,1.1578386162701302
2014-09-10,1.1579305082238025
2014-09-11,1.158022407470487
2014-09-12,1.1581143140107626
2014-09-15,1.1582062278452079
2014-09-16,1.158298148974402
2014-09-17,1.1583900773989237
2014-09-18,1.1584820131193523
2014-09-19,1.1585739561362665
2014-09-22,1.1586659064502456
2014-09-23,1.1587578640618688
2014-09-24,1.158849828971715
2014-09-25,1.1589418011803636
2014-09-26,1.159033780688394
2014-09-29,1.159125767496385
2014-09-30,1.1592177616049166
2014-10-01,1.159309763014568
2014-10-02,1.1594017717259184
2014-10-03,1.1594937877395475
2014-10-06,1.1595858110560349
2014-10-07,1.15967784167596
2014-10-08,1.1597698795999027
2014-10-09,1.1598619248284425
2014-10-10,1.1599539773621592
2014-10-13,1.1789133606603726
2014-10-14,1.176991621148976
2014-10-15,1.1848588649115477
2014-10-16,1.185778098467609
2014-10-17,1.1716757776984623
2014-10-20,1.1690419020695109
2014-10-21,1.1691346831728497
2014-10-22,1.1692274716397684
2014-10-23,1.169320267470851
2014-10-24,1.169413070666682
2014-10-27,1.1695058812278463
2014-10-28,1.1695986991549279
2014-10-29,1.1696915244485115
2014-10-30,1.1697843571091822
2014-10-31,1.1698771971375241
2014-11-03,1.1699700445341223
2014-11-04,1.1700628992995616
2014-11-05,1.1701557614344267
2014-11-06,1.1702486309393025
2014-11-07,1.1703415078147739
2014-11-10,1.170434392061426
2014-11-11,1.1705272836798435
2014-11-12,1.1706201826706117
2014-11-13,1.1707130890343158
2014-11-14,1.1708060027715408
2014-11-17,1.170898923882872
2014-11-18,1.1709918523688945
2014-11-19,1.1710847882301936
2014-11-20,1.1711777314673548
2014-11-21,1.1712706820809633
2014-11-24,1.1713636400716048
2014-11-25,1.1714566054398645
2014-11-26,1.171549578186328
2014-11-28,1.171642558311581
2014-12-01,1.171735545816209
2014-12-02,1.1718285407007978
2014-12-03,1.1719215429659329
2014-12-04,1.1720145526122001
2014-12-05,1.1721075696401853
2014-12-08,1.1722005940504743
2014-12-09,1.172293625843653
2014-12-10,1.1723866650203072
2014-12-11,1.172479711581023
2014-12-12,1.1725727655263867
2014-12-15,1.172665826856984
2014-12-16,1.1727588955734014
2014-12-17,1.1728519716762247
2014-12-18,1.1729450551660403
2014-12-19,1.1730381460434345
2014-12-22,1.1731312443089936
2014-12-23,1.173224349963304
2014-12-24,1.1733174630069518
2014-12-26,1.173410583440524
2014-12-29,1.1735037112646065
2014-12-30,1.1735968464797863
2014-12-31,1.17368998908665
2015-01-02,1.1737831390857838
2015-01-05,1.1738762964777747
2015-01-06,1.1739694612632094
2015-01-07,1.174062633442675
2015-01-08,1.1741558130167578
2015-01-09,1.1742489999860448
2015-01-12,1.1743421943511232
2015-01-13,1.1744353961125797
2015-01-14,1.1745286052710013
2015-01-15,1.1746218218269753
2015-01-16,1.1747150457810887
2015-01-20,1.1748082771339285
2015-01-21,1.174901515886082
2015-01-22,1.1749947620381365
2015-01-23,1.1750880155906793
2015-01-26,1.1751812765442977
2015-01-27,1.1752745448995792
2015-01-28,1.175367820657111
2015-01-29,1.1754611038174807
2015-01-30,1.1755543943812758
2015-02-02,1.175647692349084
2015-02-03,1.1757409977214928
2015-02-04,1.1758343104990898
2015-02-05,1.1759276306824629
2015-02-06,1.1760209582721997
2015-02-09,1.176114293268888
2015-02-10,1.1762076356731157
2015-02-11,1.1763009854854707
2015-02-12,1.176394342706541
2015-02-13,1.1764877073369147
2015-02-17,1.1765810793771796
2015-02-18,1.1766744588279239
2015-02-19,1.1767678456897357
2015-02-20,1.1768612399632032
2015-02-23,1.1769546416489147
2015-02-24,1.1770480507474583
2015-02-25,1.1771414672594225
2015-02-26,1.1772348911853956
2015-02-27,1.1773283225259659
2015-03-02,1.177421761281722
2015-03-03,1.1775152074532522
2015-03-04,1.1776086610411454
2015-03-05,1.17770212204599
2015-03-06,1.1777955904683746
2015-03-09,1.177889066308888
2015-03-10,1.1779825495681189
2015-03-11,1.1780760402466561
2015-03-12,1.1781695383450885
2015-03-13,1.178263043864005
2015-03-16,1.1783565568039942
2015-03-17,1.1784500771656454
2015-03-18,1.1785436049495475
2015-03-19,1.1786371401562896
2015-03-20,1.1787306827864608
2015-03-23,1.1788242328406502
2015-03-24,1.1789177903194472
2015-03-25,1.179011355223441
2015-03-26,1.1791049275532206
2015-03-27,1.1791985073093756
2015-03-30,1.1792920944924954
2015-03-31,1.1793856891031695
2015-04-01,1.1794792911419874
2015-04-02,1.1795729006095383
2015-04-06,1.1796665175064123
2015-04-07,1.1797601418331984
2015-04-08,1.1798537735904868
2015-04-09,1.1799474127788672
2015-04-10,1.180041059398929
2015-04-13,1.1801347134512623
2015-04-14,1.1802283749364568
2015-04-15,1.1803220438551025
2015-04-16,1.1804157202077894
2015-04-17,1.1805094039951076
2015-04-20,1.180603095217647
2015-04-21,1.1806967938759976
2015-04-22,1.1807904999707497
2015-04-23,1.1808842135024935
2015-04-24,1.1809779344718192
2015-04-27,1.181071662879317
2015-04-28,1.1811653987255772
2015-04-29,1.1812591420111904
2015-04-30,1.181352892736747
2015-05-01,1.1814466509028372
2015-05-04,1.1815404165100518
2015-05-05,1.1816341895589813
2015-05-06,1.1817279700502161
2015-05-07,1.181821757984347
2015-05-08,1.181915553361965
2015-05-11,1.1820093561836604
2015-05-12,1.1821031664500243
2015-05-13,1.1821969841616473
2015-05-14,1.1822908093191205
2015-05-15,1.1823846419230348
2015-05-18,1.182478481973981
2015-05-19,1.1825723294725505
2015-05-20,1.182666184419334
2015-05-21,1.1827600468149229
2015-05-22,1.1828539166599081
2015-05-26,1.1829477939548811
2015-05-27,1.1830416787004332
2015-05-28,1.1831355708971556
2015-05-29,1.1832294705456396
2015-06-01,1.1833233776464767
2015-06-02,1.1834172922002582
2015-06-03,1.1835112142075757
2015-06-04,1.1836051436690207
2015-06-05,1.183699080585185
2015-06-08,1.1837930249566602
2015-06-09,1.1838869767840376
2015-06-10,1.1839809360679094
2015-06-11,1.1840749028088673
2015-06-12,1.184168877007503
2015-06-15,1.1842628586644084
2015-06-16,1.1843568477801754
2015-06-17,1.184450844355396
2015-06-18,1.1845448483906624
2015-06-19,1.1846388598865665
2015-06-22,1.1847328788437004
2015-06-23,1.1848269052626563
2015-06-24,1.1849209391440265
2015-06-25,1.1850149804884031
2015-06-26,1.1851090292963784
2015-06-29,1.185203085568545
2015-06-30,1.185297149305495
2015-07-01,1.1853912205078208
2015-07-02,1.1854852991761151
2015-07-06,1.1855793853109704
2015-07-07,1.1856734789129793
2015-07-08,1.1857675799827343
2015-07-09,1.1858616885208282
2015-07-10,1.1859558045278538
2015-07-13,1.1860499280044037
2015-07-14,1.1861440589510708
2015-07-15,1.186238197368448
2015-07-16,1.186332343257128
2015-07-17,1.186426496617704
2015-07-20,1.186520657450769
2015-07-21,1.1866148257569158
2015-07-22,1.1867090015367379
2015-07-23,1.186803184790828
2015-07-24,1.1868973755197798
2015-07-27,1.1869915737241863
2015-07-28,1.1870857794046406
2015-07-29,1.1871799925617361
2015-07-30,1.1872742131960665
2015-07-31,1.187368441308225
2015-08-03,1.187462676898805
2015-08-04,1.1875569199684002
2015-08-05,1.187651170517604
2015-08-06,1.1877454285470102
2015-08-07,1.1878396940572122
2015-08-10,1.187933967048804
2015-08-11,1.1880282475223793
2015-08-12,1.1881225354785319
2015-08-13,1.1882168309178556
2015-08-14,1.1883111338409444
2015-08-17,1.1884054442483922
2015-08-18,1.188499762140793
2015-08-19,1.1885940875187406
2015-08-20,1.2133159868123653
2015-08-21,1.2497398320527622
2015-08-24,1.3022598997093566
2015-08-25,1.3174776713013097
2015-08-26,1.2667867757071385
2015-08-27,1.2353483681266484
2015-08-28,1.2351851154547995
2015-08-31,1.245062114727887
2015-09-01,1.2821224989809579
2015-09-02,1.25768054274581
2015-09-03,1.2566762754617462
2015-09-04,1.2755949788501921
2015-09-08,1.2434330120987438
2015-09-09,1.259958406976764
2015-09-10,1.2529980061401655
2015-09-11,1.2472011022927978
2015-09-14,1.2517261974829728
2015-09-15,1.2359776192742906
2015-09-16,1.2251641134916413
2015-09-17,1.2278177509147592
2015-09-18,1.247778536423509
2015-09-21,1.2412275133634587
2015-09-22,1.2572367558419733
2015-09-23,1.2591433636992193
2015-09-24,1.2635922628081355
2015-09-25,1.2638159096448756
2015-09-28,1.2954304168848776
2015-09-29,1.294565904070165
2015-09-30,1.270305697059587
2015-10-01,1.2668862382363033
2015-10-02,1.247857753751372
2015-10-05,1.2255501062406904
2015-10-06,1.229647800362918
2015-10-07,1.219475661195808
2015-10-08,1.2083676660657832
2015-10-09,1.207547448028906
2015-10-12,1.206308823601425
2015-10-13,1.2138117473552656
2015-10-14,1.2195314911359947
2015-10-15,1.200705562434468
2015-10-16,1.1951478472685078
2015-10-19,1.194461693622717
2015-10-20,1.195890628130239
2015-10-21,1.2032107410132507
2015-10-22,1.200575675976858
2015-10-23,1.2006709597606657
2015-10-26,1.2007662511066786
2015-10-27,1.2008615500154967
2015-10-28,1.2009568564877202
2015-10-29,1.2010521705239494
2015-10-30,1.2011474921247847
2015-11-02,1.2012428212908264
2015-11-03,1.201338158022675
2015-11-04,1.2014335023209308
2015-11-05,1.2015288541861944
2015-11-06,1.2016242136190662
2015-11-09,1.2017195806201473
2015-11-10,1.201814955190038
2015-11-11,1.2019103373293387
2015-11-12,1.21858952052719
2015-11-13,1.232172542263469
2015-11-16,1.2275244631527285
2015-11-17,1.2276218857291692
2015-11-18,1.2277193160375603
2015-11-19,1.2278167540785159
2015-11-20,1.227914199852649
2015-11-23,1.2280116533605738
2015-11-24,1.2281091146029042
2015-11-25,1.2282065835802536
2015-11-27,1.2283040602932362
2015-11-30,1.2284015447424659
2015-12-01,1.2284990369285567
2015-12-02,1.2285965368521226
2015-12-03,1.2286940445137775
2015-12-04,1.2287915599141357
2015-12-07,1.2288890830538115
2015-12-08,1.228986613933419
2015-12-09,1.2290841525535725
2015-12-10,1.2291816989148863
2015-12-11,1.2529033713660918
2015-12-14,1.2464702082589416
2015-12-15,1.2332822672529704
2015-12-16,1.2333801467979906
2015-12-17,1.241749811326425
2015-12-18,1.2637720636137662
2015-12-21,1.2532432434392367
2015-12-22,1.2417677564612135
2015-12-23,1.241866309457758
2015-12-24,1.241964870275969
2015-12-28,1.242063438916467
2015-12-29,1.2421620153798731
2015-12-30,1.2422605996668081
2015-12-31,1.254585581441876
2016-01-04,1.2720211888509985
2016-01-05,1.2697646784705219
2016-01-06,1.2856779802264955
2016-01-07,1.3164176936141965
2016-01-08,1.330758609835919
2016-01-11,1.3293324265201603
2016-01-12,1.3184978253697
2016-01-13,1.3512729189848096
2016-01-14,1.3289783917369773
2016-01-15,1.3573969957068162
2016-01-19,1.3554790697231698
2016-01-20,1.3727379683644616
2016-01-21,1.364934815332267
2016-01-22,1.3368209951575425
2016-01-25,1.356919562923213
2016-01-26,1.338295240705373
2016-01-27,1.3527503384131674
2016-01-28,1.3455922816168295
2016-01-29,1.3126798589354745
2016-02-01,1.313046196266425
2016-02-02,1.3366021701096866
2016-02-03,1.3284791659214241
2016-02-04,1.3262867323913394
2016-02-05,1.3514436347890237
2016-02-08,1.3695244362112622
2016-02-09,1.3693382782940995
2016-02-10,1.3704073946393522
2016-02-11,1.3881208351235101
2016-02-12,1.3593877092641706
2016-02-16,1.3363324820375697
2016-02-17,1.3143934264303403
2016-02-18,1.3196688832459167
2016-02-19,1.320178936847137
2016-02-22,1.3009557698969476
2016-02-23,1.3172788084923215
2016-02-24,1.3111436733784199
2016-02-25,1.2951549080747482
2016-02-26,1.298029270681216
2016-02-29,1.3081027996296126
2016-03-01,1.2772452821610065
2016-03-02,1.271402385647455
2016-03-03,1.266314286484804
2016-03-04,1.262090727916619
2016-03-07,1.260979386959614
2016-03-08,1.2746424179554323
2016-03-09,1.268242145780302
2016-03-10,1.2671200558605167
2016-03-11,1.267220620944315
2016-03-14,1.2673211940094695
2016-03-15,1.2674217750566132
2016-03-16,1.2675223640863797
2016-03-17,1.2676229610994025
2016-03-18,1.2677235660963153
2016-03-21,1.2678241790777516
2016-03-22,1.267924800044345
2016-03-23,1.2680254289967297
2016-03-24,1.268126065935539
2016-03-28,1.268226710861407
2016-03-29,1.2683273637749675
2016-03-30,1.2684280246768544
2016-03-31,1.2685286935677018
2016-04-01,1.2686293704481437
2016-04-04,1.2687300553188143
2016-04-05,1.2688307481803476
2016-04-06,1.2689314490333778
2016-04-07,1.2690321578785393
2016-04-08,1.2691328747164663
2016-04-11,1.269233599547793
2016-04-12,1.269334332373154
2016-04-13,1.2694350731931838
2016-04-14,1.2695358220085167
2016-04-15,1.2696365788197872
2016-04-18,1.26973734362763
2016-04-19,1.26983811643268
2016-04-20,1.2699388972355714
2016-04-21,1.2700396860369394
2016-04-22,1.2701404828374185
2016-04-25,1.2702412876376439
2016-04-26,1.27034210043825
2016-04-27,1.2704429212398722
2016-04-28,1.2705437500431453
2016-04-29,1.2706445868487044
2016-05-02,1.2707454316571845
2016-05-03,1.2708462844692208
2016-05-04,1.2709471452854486
2016-05-05,1.271048014106503
2016-05-06,1.2711488909330195
2016-05-09,1.2712497757656334
2016-05-10,1.2713506686049798
2016-05-11,1.2714515694516946
2016-05-12,1.271552478306413
2016-05-13,1.2716533951697706
2016-05-16,1.271754320042403
2016-05-17,1.2718552529249463
2016-05-18,1.2719561938180357
2016-05-19,1.272057142722307
2016-05-20,1.272158099638396
2016-05-23,1.272259064566939
2016-05-24,1.2723600375085713
2016-05-25,1.2724610184639291
2016-05-26,1.2725620074336486
2016-05-27,1.2726630044183656
2016-05-31,1.2727640094187163
2016-06-01,1.2728650224353368
2016-06-02,1.2729660434688634
2016-06-03,1.2730670725199325
2016-06-06,1.27316810958918
2016-06-07,1.2732691546772428
2016-06-08,1.2733702077847568
2016-06-09,1.2734712689123588
2016-06-10,1.2735723380606854
2016-06-13,1.2736734152303728
2016-06-14,1.2737745004220578
2016-06-15,1.273875593636377
2016-06-16,1.2739766948739673
2016-06-17,1.2740778041354652
2016-06-20,1.2741789214215078
2016-06-21,1.2742800467327318
2016-06-22,1.2743811800697742
2016-06-23,1.274482321433272
2016-06-24,1.274583470823862
2016-06-27,1.2973060624411794
2016-06-28,1.297409023239786
2016-06-29,1.2975119922098843
2016-06-30,1.2976149693521233
2016-07-01,1.2977179546671513
2016-07-05,1.297820948155617
2016-07-06,1.2979239498181692
2016-07-07,1.2980269596554563
2016-07-08,1.2981299776681274
2016-07-11,1.2982330038568313
2016-07-12,1.2983360382222169
2016-07-13,1.298439080764933
2016-07-14,1.2985421314856287
2016-07-15,1.298645190384953
2016-07-18,1.298748257463555
2016-07-19,1.2988513327220839
2016-07-20,1.2989544161611888
2016-07-21,1.2990575077815192
2016-07-22,1.299160607583724
2016-07-25,1.299263715568453
2016-07-26,1.2993668317363554
2016-07-27,1.2994699560880805
2016-07-28,1.299573088624278
2016-07-29,1.2996762293455975
2016-08-01,1.2997793782526885
2016-08-02,1.2998825353462007
2016-08-03,1.2999857006267839
2016-08-04,1.3000888740950876
2016-08-05,1.3001920557517619
2016-08-08,1.3002952455974566
2016-08-09,1.3003984436328215
2016-08-10,1.3005016498585067
2016-08-11,1.3006048642751622
2016-08-12,1.300708086883438
2016-08-15,1.3008113176839844
2016-08-16,1.3009145566774514
2016-08-17,1.3010178038644893
2016-08-18,1.3011210592457485
2016-08-19,1.3012243228218792
2016-08-22,1.3013275945935316
2016-08-23,1.3014308745613565
2016-08-24,1.3015341627260044
2016-08-25,1.3016374590881257
2016-08-26,1.3017407636483709
2016-08-29,1.3018440764073906
2016-08-30,1.3019473973658358
2016-08-31,1.3020507265243568
2016-09-01,1.3021540638836049
2016-09-02,1.3022574094442305
2016-09-06,1.302360763206885
2016-09-07,1.3024641251722189
2016-09-08,1.3025674953408835
2016-09-09,1.3026708737135295
2016-09-12,1.3027742602908083
2016-09-13,1.3028776550733712
2016-09-14,1.302981058061869
2016-09-15,1.3030844692569534
2016-09-16,1.3031878886592754
2016-09-19,1.3032913162694866
2016-09-20,1.303394752088238
2016-09-21,1.3034981961161816
2016-09-22,1.3036016483539685
2016-09-23,1.3037051088022507
2016-09-26,1.3038085774616794
2016-09-27,1.3039120543329066
2016-09-28,1.3040155394165838
2016-09-29,1.304119032713363
2016-09-30,1.3042225342238958
2016-10-03,1.3043260439488342
2016-10-04,1.3044295618888302
2016-10-05,1.3045330880445356
2016-10-06,1.3046366224166026
2016-10-07,1.3047401650056833
2016-10-10,1.30484371581243
2016-10-11,1.3049472748374944
2016-10-12,1.3050508420815292
2016-10-13,1.3051544175451866
2016-10-14,1.3052580012291188
2016-10-17,1.3053615931339784
2016-10-18,1.3054651932604175
2016-10-19,1.3055688016090892
2016-10-20,1.3056724181806456
2016-10-21,1.3057760429757395
2016-10-24,1.3058796759950233
2016-10-25,1.30598331723915
2016-10-26,1.3060869667087722
2016-10-27,1.306190624404543
2016-10-28,1.3062942903271149
2016-10-31,1.3063979644771408
2016-11-01,1.306501646855274
2016-11-02,1.3066053374621673
2016-11-03,1.306709036298474
2016-11-04,1.3068127433648469
2016-11-07,1.3069164586619393
2016-11-08,1.3070201821904046
2016-11-09,1.3071239139508959
2016-11-10,1.3072276539440666
2016-11-11,1.3073314021705702
2016-11-14,1.30743515863106
2016-11-15,1.3075389233261894
2016-11-16,1.3076426962566121
2016-11-17,1.3077464774229817
2016-11-18,1.3078502668259517
2016-11-21,1.307954064466176
2016-11-22,1.3080578703443082
2016-11-23,1.3081616844610022
2016-11-25,1.3082655068169118
2016-11-28,1.308369337412691
2016-11-29,1.3084731762489936
2016-11-30,1.3085770233264737
2016-12-01,1.3086808786457855
2016-12-02,1.308784742207583
2016-12-05,1.30888861401252
2016-12-06,1.3089924940612512
2016-12-07,1.3090963823544306
2016-12-08,1.3092002788927128
2016-12-09,1.309304183676752
2016-12-12,1.3094080967072026
2016-12-13,1.309512017984719
2016-12-14,1.309615947509956
2016-12-15,1.309719885283568
2016-12-16,1.3098238313062096
2016-12-19,1.3099277855785356
2016-12-20,1.3100317481012007
2016-12-21,1.3101357188748597
2016-12-22,1.3102396979001674
2016-12-23,1.3103436851777785
2016-12-27,1.3104476807083483
2016-12-28,1.3105516844925316
2016-12-29,1.3106556965309835
2016-12-30,1.310759716824359
2017-01-03,1.3108637453733134
2017-01-04,1.3109677821785017
2017-01-05,1.3110718272405795
2017-01-06,1.3111758805602018
2017-01-09,1.3112799421380241
2017-01-10,1.3113840119747018
2017-01-11,1.3114880900708903
2017-01-12,1.3115921764272451
2017-01-13,1.311696271044422
2017-01-17,1.3118003739230764
2017-01-18,1.311904485063864
2017-01-19,1.3120086044674404
2017-01-20,1.3121127321344617
2017-01-23,1.3122168680655835
2017-01-24,1.3123210122614617
2017-01-25,1.3124251647227523
2017-01-26,1.3125293254501114
2017-01-27,1.3126334944441949
2017-01-30,1.3127376717056587
2017-01-31,1.3128418572351592
2017-02-01,1.3129460510333526
2017-02-02,1.313050253100895
2017-02-03,1.3131544634384427
2017-02-06,1.313258682046652
2017-02-07,1.3133629089261796
2017-02-08,1.3134671440776817
2017-02-09,1.313571387501815
2017-02-10,1.3136756391992357
2017-02-13,1.3137798991706007
2017-02-14,1.3138841674165667
2017-02-15,1.3139884439377902
2017-02-16,1.3140927287349282
2017-02-17,1.3141970218086374
2017-02-21,1.3143013231595746
2017-02-22,1.3144056327883968
2017-02-23,1.3145099506957612
2017-02-24,1.3146142768823244
2017-02-27,1.3147186113487437
2017-02-28,1.3148229540956762
2017-03-01,1.314927305123779
2017-03-02,1.3150316644337097
2017-03-03,1.3151360320261252
2017-03-06,1.3152404079016828
2017-03-07,1.3153447920610402
2017-03-08,1.3154491845048546
2017-03-09,1.3155535852337836
2017-03-10,1.3156579942484847
2017-03-13,1.3157624115496156
2017-03-14,1.315866837137834
2017-03-15,1.3159712710137974
2017-03-16,1.3160757131781637
2017-03-17,1.3161801636315906
2017-03-20,1.316284622374736
2017-03-21,1.316389089408258
2017-03-22,1.3164935647328142
2017-03-23,1.316598048349063
2017-03-24,1.3167025402576622
2017-03-27,1.31680704045927
2017-03-28,1.3169115489545447
2017-03-29,1.3170160657441443
2017-03-30,1.3171205908287273
2017-03-31,1.3172251242089519
2017-04-03,1.3173296658854765
2017-04-04,1.3174342158589596
2017-04-05,1.3175387741300595
2017-04-06,1.317643340699435
2017-04-07,1.3177479155677445
2017-04-10,1.3178524987356468
2017-04-11,1.3179570902038005
2017-04-12,1.3180616899728643
2017-04-13,1.3181662980434972
2017-04-17,1.3182709144163578
2017-04-18,1.3183755390921053
2017-04-19,1.3184801720713983
2017-04-20,1.318584813354896
2017-04-21,1.3186894629432577
2017-04-24,1.318794120837142
2017-04-25,1.3188987870372086
2017-04-26,1.3190034615441164
2017-04-27,1.3191081443585246
2017-04-28,1.3192128354810928
2017-05-01,1.3193175349124802
2017-05-02,1.3194222426533464
2017-05-03,1.3195269587043508
2017-05-04,1.3196316830661527
2017-05-05,1.319736415739412
2017-05-08,1.3198411567247883
2017-05-09,1.319945906022941
2017-05-10,1.3200506636345302
2017-05-11,1.3201554295602156
2017-05-12,1.320260203800657
2017-05-15,1.3203649863565143
2017-05-16,1.3204697772284475
2017-05-17,1.3205745764171164
2017-05-18,1.3206793839231814
2017-05-19,1.3207841997473024
2017-05-22,1.3208890238901396
2017-05-23,1.3209938563523531
2017-05-24,1.3210986971346033
2017-05-25,1.3212035462375504
2017-05-26,1.321308403661855
2017-05-30,1.3214132694081775
2017-05-31,1.321518143477178
2017-06-01,1.3216230258695176
2017-06-02,1.3217279165858566
2017-06-05,1.3218328156268555
2017-06-06,1.3219377229931752
2017-06-07,1.3220426386854764
2017-06-08,1.3221475627044197
2017-06-09,1.3222524950506662
2017-06-12,1.3223574357248766
2017-06-13,1.322462384727712
2017-06-14,1.3225673420598332
2017-06-15,1.3226723077219014
2017-06-16,1.3227772817145778
2017-06-19,1.3228822640385234
2017-06-20,1.3229872546943995
2017-06-21,1.3230922536828673
2017-06-22,1.3231972610045883
2017-06-23,1.3233022766602236
2017-06-26,1.3234073006504348
2017-06-27,1.3235123329758833
2017-06-28,1.3236173736372308
2017-06-29,1.3237224226351385
2017-06-30,1.3238274799702683
2017-07-03,1.3239325456432818
2017-07-05,1.324037619654841
2017-07-06,1.3241427020056071
2017-07-07,1.3242477926962426
2017-07-10,1.324352891727409
2017-07-11,1.3244579990997685
2017-07-12,1.3245631148139827
2017-07-13,1.324668238870714
2017-07-14,1.3247733712706244
2017-07-17,1.3248785120143762
2017-07-18,1.3249836611026313
2017-07-19,1.3250888185360523
2017-07-20,1.3251939843153013
2017-07-21,1.3252991584410407
2017-07-24,1.3254043409139329
2017-07-25,1.3255095317346404
2017-07-26,1.3256147309038258
2017-07-27,1.3257199384221514
2017-07-28,1.3258251542902801
2017-07-31,1.3259303785088747
2017-08-01,1.3260356110785978
2017-08-02,1.3261408520001121
2017-08-03,1.3262461012740805
2017-08-04,1.3263513589011657
2017-08-07,1.3264566248820309
2017-08-08,1.326561899217339
2017-08-09,1.3266671819077531
2017-08-10,1.3267724729539363
2017-08-11,1.3268777723565517
2017-08-14,1.3269830801162625
2017-08-15,1.327088396233732
2017-08-16,1.3271937207096238
2017-08-17,1.3272990535446008
2017-08-18,1.3274043947393266
2017-08-21,1.3275097442944648
2017-08-22,1.3276151022106786
2017-08-23,1.327720468488632
2017-08-24,1.3278258431289882
2017-08-25,1.3279312261324112
2017-08-28,1.3280366174995646
2017-08-29,1.3281420172311122
2017-08-30,1.328247425327718
2017-08-31,1.3283528417900456
2017-09-01,1.3284582666187592
2017-09-05,1.3285636998145227
2017-09-06,1.328669141378
2017-09-07,1.3287745913098554
2017-09-08,1.3288800496107531
2017-09-11,1.3289855162813573
2017-09-12,1.329090991322332
2017-09-13,1.3291964747343419
2017-09-14,1.329301966518051
2017-09-15,1.329407466674124
2017-09-18,1.329512975203225
2017-09-19,1.329618492106019
2017-09-20,1.3297240173831704
2017-09-21,1.3298295510353437
2017-09-22,1.3299350930632037
2017-09-25,1.330040643467415
2017-09-26,1.3301462022486426
2017-09-27,1.3302517694075513
2017-09-28,1.3303573449448058
2017-09-29,1.3304629288610714
2017-10-02,1.3305685211570129
2017-10-03,1.3306741218332951
2017-10-04,1.3307797308905835
2017-10-05,1.330885348329543
2017-10-06,1.3309909741508392
2017-10-09,1.331096608355137
2017-10-10,1.3312022509431019
2017-10-11,1.331307901915399
2017-10-12,1.331413561272694
2017-10-13,1.3315192290156523
2017-10-16,1.3316249051449394
2017-10-17,1.3317305896612208
2017-10-18,1.3318362825651622
2017-10-19,1.3319419838574293
2017-10-20,1.332047693538688
2017-10-23,1.3321534116096039
2017-10-24,1.3322591380708428
2017-10-25,1.3323648729230708
2017-10-26,1.3324706161669537
2017-10-27,1.3325763678031575
2017-10-30,1.3326821278323482
2017-10-31,1.332787896255192
2017-11-01,1.332893673072355
2017-11-02,1.3329994582845037
2017-11-03,1.333105251892304
2017-11-06,1.3332110538964226
2017-11-07,1.3333168642975255
2017-11-08,1.3334226830962794
2017-11-09,1.3335285102933505
2017-11-10,1.3336343458894055
2017-11-13,1.3337401898851111
2017-11-14,1.3338460422811338
2017-11-15,1.3339519030781404
2017-11-16,1.3340577722767974
2017-11-17,1.3341636498777718
2017-11-20,1.3342695358817305
2017-11-21,1.3343754302893402
2017-11-22,1.334481333101268
2017-11-24,1.3345872443181808
2017-11-27,1.3346931639407458
2017-11-28,1.33479909196963
2017-11-29,1.3349050284055006
2017-11-30,1.335010973249025
2017-12-01,1.3351169265008702
2017-12-04,1.3352228881617036
2017-12-05,1.3353288582321927
2017-12-06,1.335434836713005
2017-12-07,1.3355408236048076
2017-12-08,1.3356468189082684
2017-12-11,1.335752822624055
2017-12-12,1.3358588347528346
2017-12-13,1.3359648552952754
2017-12-14,1.336070884252045
2017-12-15,1.336176921623811
2017-12-18,1.3362829674112415
2017-12-19,1.3363890216150043
2017-12-20,1.3364950842357675
2017-12-21,1.336601155274199
2017-12-22,1.3367072347309668
2017-12-26,1.3368133226067391
2017-12-27,1.3369194189021842
2017-12-28,1.3370255236179702
2017-12-29,1.3371316367547654
2018-01-02,1.337237758313238
2018-01-03,1.3373438882940565
2018-01-04,1.3374500266978895
2018-01-05,1.3375561735254053
2018-01-08,1.3376623287772724
2018-01-09,1.3377684924541595
2018-01-10,1.3378746645567352
2018-01-11,1.3379808450856683
2018-01-12,1.3380870340416275
2018-01-16,1.3381932314252818
2018-01-17,1.3382994372372998
2018-01-18,1.3384056514783504
2018-01-19,1.3385118741491027
2018-01-22,1.3386181052502257
2018-01-23,1.3387243447823884
2018-01-24,1.33883059274626
2018-01-25,1.3389368491425098
2018-01-26,1.3390431139718069
2018-01-29,1.3391493872348206
2018-01-30,1.3392556689322201
2018-01-31,1.339361959064675
2018-02-01,1.339468257632855
2018-02-02,1.339574564637429
2018-02-05,1.339680880079067
2018-02-06,1.3397872039584384
2018-02-07,1.339893536276213
2018-02-08,1.3399998770330603
2018-02-09,1.3401062262296504
2018-02-12,1.3402125838666528
2018-02-13,1.3403189499447374
2018-02-14,1.3404253244645743
2018-02-15,1.3405317074268335
2018-02-16,1.3406380988321849
2018-02-20,1.3407444986812986
2018-02-21,1.3408509069748449
2018-02-22,1.3409573237134937
2018-02-23,1.3410637488979156
2018-02-26,1.3411701825287805
2018-02-27,1.3412766246067591
2018-02-28,1.3413830751325215
2018-03-01,1.3414895341067385
2018-03-02,1.3415960015300805
2018-03-05,1.3417024774032178
2018-03-06,1.3418089617268212
2018-03-07,1.3419154545015615
2018-03-08,1.3420219557281092
2018-03-09,1.3421284654071353
2018-03-12,1.3422349835393106
2018-03-13,1.3423415101253058
2018-03-14,1.342448045165792
2018-03-15,1.3425545886614403
2018-03-16,1.3426611406129214
2018-03-19,1.3427677010209067
2018-03-20,1.3428742698860672
2018-03-21,1.342980847209074
2018-03-22,1.3430874329905986
2018-03-23,1.3431940272313123
2018-03-26,1.3433006299318864
2018-03-27,1.343407241092992
2018-03-28,1.343513860715301
2018-03-29,1.3436204887994847
2018-04-02,1.3437271253462149
2018-04-03,1.3438337703561631
2018-04-04,1.343940423830001
2018-04-05,1.3440470857684004
2018-04-06,1.344153756172033
2018-04-09,1.3442604350415703
2018-04-10,1.3443671223776847
2018-04-11,1.344473818181048
2018-04-12,1.3445805224523324
2018-04-13,1.3446872351922097
2018-04-16,1.344793956401352
2018-04-17,1.3449006860804316
2018-04-18,1.3450074242301207
2018-04-19,1.3451141708510914
2018-04-20,1.3452209259440162
2018-04-23,1.3453276895095674
2018-04-24,1.3454344615484175
2018-04-25,1.345541242061239
2018-04-26,1.3456480310487042
2018-04-27,1.345754828511486
2018-04-30,1.3458616344502567
2018-05-01,1.3459684488656893
2018-05-02,1.3460752717584565
2018-05-03,1.3461821031292311
2018-05-04,1.346288942978686
2018-05-07,1.3463957913074938
2018-05-08,1.3465026481163278
2018-05-09,1.3466095134058609
2018-05-10,1.3467163871767662
2018-05-11,1.3468232694297169
2018-05-14,1.346930160165386
2018-05-15,1.3470370593844467
2018-05-16,1.3471439670875724
2018-05-17,1.3472508832754366
2018-05-18,1.3473578079487125
2018-05-21,1.3474647411080736
2018-05-22,1.3475716827541933
2018-05-23,1.3476786328877453
2018-05-24,1.347785591509403
2018-05-25,1.3478925586198403
2018-05-29,1.3479995342197308
2018-05-30,1.3481065183097483
2018-05-31,1.3482135108905666
2018-06-01,1.3483205119628596
2018-06-04,1.3484275215273012
2018-06-05,1.3485345395845654
2018-06-06,1.3486415661353262
2018-06-07,1.3487486011802576
2018-06-08,1.348855644720034
2018-06-11,1.3489626967553292
2018-06-12,1.3490697572868178
2018-06-13,1.349176826315174
2018-06-14,1.349283903841072
2018-06-15,1.3493909898651864
2018-06-18,1.3494980843881916
2018-06-19,1.3496051874107622
2018-06-20,1.3497122989335726
2018-06-21,1.3498194189572976
2018-06-22,1.3499265474826116
2018-06-25,1.3500336845101897
2018-06-26,1.3501408300407065
2018-06-27,1.3502479840748367
2018-06-28,1.3503551466132555
2018-06-29,1.3504623176566375
2018-07-02,1.3505694972056579
2018-07-03,1.3506766852609917
2018-07-05,1.350783881823314
2018-07-06,1.3508910868933
2018-07-09,1.3509983004716248
2018-07-10,1.3511055225589639
2018-07-11,1.3512127531559923
2018-07-12,1.3513199922633856
2018-07-13,1.3514272398818192
2018-07-16,1.3515344960119686
2018-07-17,1.3516417606545093
2018-07-18,1.3517490338101168
2018-07-19,1.351856315479467
2018-07-20,1.3519636056632351
2018-07-23,1.3520709043620973
2018-07-24,1.3521782115767293
2018-07-25,1.352285527307807
2018-07-26,1.352392851556006
2018-07-27,1.3525001843220026
2018-07-30,1.3526075256064727
2018-07-31,1.3527148754100924
2018-08-01,1.3528222337335376
2018-08-02,1.3529296005774847
2018-08-03,1.35303697594261
2018-08-06,1.3531443598295896
2018-08-07,1.3532517522390999
2018-08-08,1.3533591531718174
2018-08-09,1.3534665626284184
2018-08-10,1.3535739806095795
2018-08-13,1.353681407115977
2018-08-14,1.353788842148288
2018-08-15,1.3538962857071888
2018-08-16,1.354003737793356
2018-08-17,1.3541111984074667
2018-08-20,1.3542186675501975
2018-08-21,1.3543261452222253
2018-08-22,1.3544336314242271
2018-08-23,1.3545411261568798
2018-08-24,1.3546486294208606
2018-08-27,1.3547561412168465
2018-08-28,1.3548636615455145
2018-08-29,1.354971190407542
2018-08-30,1.3550787278036063
2018-08-31,1.3551862737343845
2018-09-04,1.355293828200554
2018-09-05,1.3554013912027922
2018-09-06,1.3555089627417767
2018-09-07,1.3556165428181848
2018-09-10,1.3557241314326942
2018-09-11,1.3558317285859827
2018-09-12,1.3559393342787276
2018-09-13,1.356046948511607
2018-09-14,1.3561545712852983
2018-09-17,1.3562622026004796
2018-09-18,1.356369842457829
2018-09-19,1.3564774908580242
2018-09-20,1.3565851478017432
2018-09-21,1.356692813289664
2018-09-24,1.3568004873224648
2018-09-25,1.3569081699008239
2018-09-26,1.3570158610254193
2018-09-27,1.3571235606969292
2018-09-28,1.3572312689160322
2018-10-01,1.3573389856834066
2018-10-02,1.3574467109997308
2018-10-03,1.357554444865683
2018-10-04,1.3576621872819423
2018-10-05,1.357769938249187
2018-10-08,1.3578776977680957
2018-10-09,1.3579854658393473
2018-10-10,1.3580932424636203
2018-10-11,1.3878957501397586
2018-10-12,1.380583675677162
2018-10-15,1.3806932458101522
2018-10-16,1.3808028246391848
2018-10-17,1.3809124121649499
2018-10-18,1.3810220083881377
2018-10-19,1.3811316133094385
2018-10-22,1.3812412269295424
2018-10-23,1.3881591579339831
2018-10-24,1.430104147450701
2018-10-25,1.4043301448555108
2018-10-26,1.428912731047603
2018-10-29,1.4367120524383756
2018-10-30,1.4153042007659107
2018-10-31,1.4000711818667186
2018-11-01,1.3850566093941608
2018-11-02,1.3931466249195263
2018-11-05,1.3853464896400591
2018-11-06,1.3854564377741576
2018-11-07,1.3855663946342984
2018-11-08,1.3856763602211741
2018-11-09,1.3857863345354775
2018-11-12,1.4115661013047482
2018-11-13,1.4140913729207545
2018-11-14,1.4236427943913417
2018-11-15,1.4086676842923362
2018-11-16,1.4048888884425976
2018-11-19,1.428536041983999
2018-11-20,1.4548556782192046
2018-11-21,1.4497781745678826
2018-11-23,1.4593418558033033
2018-11-26,1.4356617891134533
2018-11-27,1.430713696775662
2018-11-28,1.4308272454817554
2018-11-29,1.4338361124911492
2018-11-30,1.4316673726102582
2018-12-03,1.4317809970049098
2018-12-04,1.4780567843544086
2018-12-06,1.4801774375759649
2018-12-07,1.5144490627917255
2018-12-10,1.5114515198861291
2018-12-11,1.5109842686900288
2018-12-12,1.5032513801063272
2018-12-13,1.5036378426812504
2018-12-14,1.5312786893786712
2018-12-17,1.5611936899857397
2018-12-18,1.5627770556244056
2018-12-19,1.5860524585516012
2018-12-20,1.6117397806413525
2018-12-21,1.644628191693037
2018-12-24,1.6879489036405608
2018-12-26,1.6025266816494363
2018-12-27,1.5900920091202901
2018-12-28,1.5920127616363198
2018-12-31,1.5779377059902884
2019-01-02,1.5761663300670694
2019-01-03,1.6136483937407342
2019-01-04,1.559465389311391
2019-01-07,1.5470412406573177
2019-01-08,1.5323790174332887
2019-01-09,1.5250920634702008
2019-01-10,1.5195865531007353
2019-01-11,1.5188750381331995
2019-01-14,1.5280166092975667
2019-01-15,1.5103784631469341
2019-01-16,1.5065999514136958
2019-01-17,1.4950454036144638
2019-01-18,1.4750238367409896
2019-01-22,1.4948307739133317
2019-01-23,1.4915802244976848
2019-01-24,1.4906644775525977
2019-01-25,1.477929295565298
2019-01-28,1.4890404180055357
2019-01-29,1.490893959637283
2019-01-30,1.4671694167341127
2019-01-31,1.4541630107718178
2019-02-01,1.4533431130916277
2019-02-04,1.4502221914868563
2019-02-05,1.4503372884861807
2019-02-06,1.4504523946201877
2019-02-07,1.4641604415154803
2019-02-08,1.4622515263544027
2019-02-11,1.4613202941506709
2019-02-12,1.461436271951794
2019-02-13,1.4615522589575045
2019-02-14,1.461668255168533
2019-02-15,1.46178426058561
2019-02-19,1.461900275209466
2019-02-20,1.462016299040832
2019-02-21,1.4621323320804385
2019-02-22,1.4622483743290164
2019-02-25,1.4623644257872965
2019-02-26,1.46248048645601
2019-02-27,1.4625965563358874
2019-02-28,1.46271263542766
2019-03-01,1.4628287237320592
2019-03-04,1.4629448212498157
2019-03-05,1.463060927981661
2019-03-06,1.4631770439283265
2019-03-07,1.463293169090543
2019-03-08,1.4634093034690423
2019-03-11,1.4635254470645558
2019-03-12,1.463641599877815
2019-03-13,1.4637577619095514
2019-03-14,1.4638739331604966
2019-03-15,1.4639901136313824
2019-03-18,1.4641063033229404
2019-03-19,1.4642225022359026
2019-03-20,1.4643387103710006
2019-03-21,1.4644549277289667
2019-03-22,1.4645711543105326
2019-03-25,1.4646873901164303
2019-03-26,1.464803635147392
2019-03-27,1.46491988940415
2019-03-28,1.465036152887436
2019-03-29,1.4651524255979826
2019-04-01,1.4652687075365223
2019-04-02,1.4653849987037872
2019-04-03,1.4655012991005099
2019-04-04,1.4656176087274226
2019-04-05,1.4657339275852581
2019-04-08,1.465850255674749
2019-04-09,1.4659665929966281
2019-04-10,1.466082939551628
2019-04-11,1.4661992953404812
2019-04-12,1.466315660363921
2019-04-15,1.46643203462268
2019-04-16,1.4665484181174915
2019-04-17,1.466664810849088
2019-04-18,1.4667812128182032
2019-04-22,1.4668976240255698
2019-04-23,1.467014044471921
2019-04-24,1.4671304741579902
2019-04-25,1.4672469130845107
2019-04-26,1.467363361252216
2019-04-29,1.4674798186618392
2019-04-30,1.467596285314114
2019-05-01,1.467712761209774
2019-05-02,1.4678292463495526
2019-05-03,1.4679457407341836
2019-05-06,1.4680622443644007
2019-05-07,1.4681787572409377
2019-05-08,1.4682952793645283
2019-05-09,1.4684118107359065
2019-05-10,1.4685283513558063
2019-05-13,1.4686449012249616
2019-05-14,1.4687614603441066
2019-05-15,1.4688780287139753
2019-05-16,1.4689946063353019
2019-05-17,1.4691111932088206
2019-05-20,1.4692277893352657
2019-05-21,1.4693443947153717
2019-05-22,1.469461009349873
2019-05-23,1.469577633239504
2019-05-24,1.4696942663849994
2019-05-28,1.4698109087870936
2019-05-29,1.4699275604465212
2019-05-30,1.470044221364017
2019-05-31,1.489732251164101
2019-06-03,1.4933984317225886
2019-06-04,1.493516955407646
2019-06-05,1.493635488499345
2019-06-06,1.4937540309984323
2019-06-07,1.4938725829056545
2019-06-10,1.4939911442217582
2019-06-11,1.49410971494749
2019-06-12,1.494228295083597
2019-06-13,1.4943468846308259
2019-06-14,1.4944654835899236
2019-06-17,1.494584091961637
2019-06-18,1.4947027097467136
2019-06-19,1.4948213369458998
2019-06-20,1.4949399735599431
2019-06-21,1.4950586195895907
2019-06-24,1.49517727503559
2019-06-25,1.4952959398986883
2019-06-26,1.4954146141796327
2019-06-27,1.4955332978791709
2019-06-28,1.4956519909980504
2019-07-01,1.4957706935370185
2019-07-02,1.495889405496823
2019-07-03,1.4960081268782117
2019-07-05,1.4961268576819322
2019-07-08,1.4962455979087323
2019-07-09,1.49636434755936
2019-07-10,1.4964831066345632
2019-07-11,1.4966018751350898
2019-07-12,1.496720653061688
2019-07-15,1.4968394404151055
2019-07-16,1.496958237196091
2019-07-17,1.4970770434053924
2019-07-18,1.497195859043758
2019-07-19,1.497314684111936
2019-07-22,1.497433518610675
2019-07-23,1.4975523625407237
2019-07-24,1.49767121590283
2019-07-25,1.497790078697743
2019-07-26,1.4979089509262111
2019-07-29,1.498027832588983
2019-07-30,1.4981467236868076
2019-07-31,1.4982656242204335
2019-08-01,1.49838453419061
2019-08-02,1.4985034535980855
2019-08-05,1.4986223824436091
2019-08-06,1.49874132072793
2019-08-07,1.4988602684517975
2019-08-08,1.4989792256159604
2019-08-09,1.4990981922211681
2019-08-12,1.4992171682681699
2019-08-13,1.499336153757715
2019-08-14,1.499455148690553
2019-08-15,1.4995741530674331
2019-08-16,1.4996931668891051
2019-08-19,1.4998121901563186
2019-08-20,1.4999312228698232
2019-08-21,1.5000502650303684
2019-08-22,1.5001693166387042
2019-08-23,1.5002883776955804
2019-08-26,1.5004074482017469
2019-08-27,1.5005265281579534
2019-08-28,1.50064561756495
2019-08-29,1.500764716423487
2019-08-30,1.5008838247343144
2019-09-03,1.5010029424981823
2019-09-04,1.501122069715841
2019-09-05,1.5012412063880407
2019-09-06,1.501360352515532
2019-09-09,1.501479508099065
2019-09-10,1.5015986731393904
2019-09-11,1.5017178476372588
2019-09-12,1.5018370315934206
2019-09-13,1.5019562250086265
2019-09-16,1.5020754278836272
2019-09-17,1.5021946402191737
2019-09-18,1.5023138620160166
2019-09-19,1.5024330932749068
2019-09-20,1.5025523339965954
2019-09-23,1.5026715841818332
2019-09-24,1.5027908438313715
2019-09-25,1.5029101129459614
2019-09-26,1.503029391526354
2019-09-27,1.5031486795733005
2019-09-30,1.5032679770875523
2019-10-01,1.503387284069861
2019-10-02,1.5035066005209776
2019-10-03,1.503625926441654
2019-10-04,1.5037452618326415
2019-10-07,1.5038646066946917
2019-10-08,1.5039839610285564
2019-10-09,1.5041033248349873
2019-10-10,1.5042226981147362
2019-10-11,1.5043420808685548
2019-10-14,1.5044614730971952
2019-10-15,1.5045808748014093
2019-10-16,1.5047002859819492
2019-10-17,1.5048197066395668
2019-10-18,1.5049391367750145
2019-10-21,1.5050585763890443
2019-10-22,1.5051780254824085
2019-10-23,1.5052974840558595
2019-10-24,1.5054169521101497
2019-10-25,1.5055364296460316
2019-10-28,1.5056559166642576
2019-10-29,1.5057754131655803
2019-10-30,1.5058949191507522
2019-10-31,1.5060144346205262
2019-11-01,1.5061339595756549
2019-11-04,1.506253494016891
2019-11-05,1.5063730379449876
2019-11-06,1.5064925913606975
2019-11-07,1.5066121542647737
2019-11-08,1.5067317266579694
2019-11-11,1.5068513085410375
2019-11-12,1.5069708999147313
2019-11-13,1.5070905007798039
2019-11-14,1.5072101111370086
2019-11-15,1.507329730987099
2019-11-18,1.507449360330828
2019-11-19,1.5075689991689496
2019-11-20,1.507688647502217
2019-11-21,1.507808305331384
2019-11-22,1.507927972657204
2019-11-25,1.5080476494804307
2019-11-26,1.5081673358018182
2019-11-27,1.50828703162212
2019-11-29,1.5084067369420902
2019-12-02,1.5085264517624823
2019-12-03,1.5086461760840508
2019-12-04,1.5087659099075497
2019-12-05,1.508885653233733
2019-12-06,1.5090054060633546
2019-12-09,1.5091251683971694
2019-12-10,1.5092449402359311
2019-12-11,1.5093647215803945
2019-12-12,1.5094845124313137
2019-12-13,1.5096043127894432
2019-12-16,1.5097241226555376
2019-12-17,1.5098439420303515
2019-12-18,1.5099637709146398
2019-12-19,1.510083609309157
2019-12-20,1.5102034572146579
2019-12-23,1.5103233146318973
2019-12-24,1.51044318156163
2019-12-26,1.510563058004611
2019-12-27,1.5106829439615956
2019-12-30,1.5108028394333386
2019-12-31,1.5109227444205953
2020-01-02,1.5110426589241208
2020-01-03,1.5111625829446704
2020-01-06,1.5112825164829995
2020-01-07,1.5114024595398632
2020-01-08,1.5115224121160171
2020-01-09,1.511642374212217
2020-01-10,1.511762345829218
2020-01-13,1.511882326967776
2020-01-14,1.5120023176286463
2020-01-15,1.512122317812585
2020-01-16,1.512242327520348
2020-01-17,1.512362346752691
2020-01-21,1.5124823755103698
2020-01-22,1.5126024137941405
2020-01-23,1.5127224616047592
2020-01-24,1.512842518942982
2020-01-27,1.5129625858095648
2020-01-28,1.513082662205264
2020-01-29,1.5132027481308359
2020-01-30,1.5133228435870367
2020-01-31,1.513442948574623
2020-02-03,1.5135630630943513
2020-02-04,1.5136831871469778
2020-02-05,1.5138033207332593
2020-02-06,1.5139234638539525
2020-02-07,1.514043616509814
2020-02-10,1.5141637787016005
2020-02-11,1.514283950430069
2020-02-12,1.5144041316959762
2020-02-13,1.514524322500079
2020-02-14,1.5146445228431347
2020-02-18,1.5147647327259
2020-02-19,1.5148849521491323
2020-02-20,1.5150051811135887
2020-02-21,1.5151254196200263
2020-02-24,1.5152456676692025
2020-02-25,1.5153659252618747
2020-02-26,1.5154861923988003
2020-02-27,1.583424469702882
2020-02-28,1.5899473103353436
2020-03-02,1.5900734966298147
2020-03-03,1.6193103267447004
2020-03-04,1.6023861924753862
2020-03-05,1.6555201438328713
2020-03-06,1.6827517402806695
2020-03-09,1.814027248053196
2020-03-10,1.7200118544532463
2020-03-11,1.8037179047131082
2020-03-12,1.9761443247596047
2020-03-13,1.807049190422256
2020-03-16,2.004634590851689
2020-03-17,1.8962353334671724
2020-03-18,1.99209168579617
2020-03-19,1.9876944251338697
2020-03-20,2.073192857755132
2020-03-23,2.126030193774187
2020-03-24,1.9332299264465151
2020-03-25,1.9041298243748086
2020-03-26,1.7927924593303712
2020-03-27,1.846044259080417
2020-03-30,1.7859410504332232
2020-03-31,1.8124141740117745
2020-04-01,1.89383245512591
2020-04-02,1.8499762638353094
2020-04-03,1.8765636987485101
2020-04-06,1.7503683385340423
2020-04-07,1.7484397821696624
2020-04-08,1.6896037827959762
2020-04-09,1.6637535975839264
2020-04-13,1.6788070397990438
2020-04-14,1.6291564819876911
2020-04-15,1.6636388292045141
2020-04-16,1.6554760958708543
2020-04-17,1.6106172599080224
2020-04-20,1.6388604854133841
2020-04-21,1.6884869030976384
2020-04-22,1.6508725366019699
2020-04-23,1.6508555538778342
2020-04-24,1.627708950041159
2020-04-27,1.60410587565694
2020-04-28,1.6113508238766288
2020-04-29,1.5690354077191733
2020-04-30,1.5835152250403017
2020-05-01,1.625306027947191
2020-05-04,1.620689769525115
2020-05-05,1.6055822149272287
2020-05-06,1.616334032013377
2020-05-07,1.5966972252357954
2020-05-08,1.5701469740324432
2020-05-11,1.5696958396661715
2020-05-12,1.6008530192030839
2020-05-13,1.6290341298974627
2020-05-14,1.609405066892967
2020-05-15,1.6018742727855244
2020-05-18,1.5529498975006182
2020-05-19,1.5687730539095202
2020-05-20,1.5419937429186106
2020-05-21,1.552513165958853
2020-05-22,1.5494368688068956
2020-05-26,1.5495598399869597
2020-05-27,1.5496828209266413
2020-05-28,1.549805811626715
2020-05-29,1.5499288120879553
2020-06-01,1.550051822311137
2020-06-02,1.5501748422970347
2020-06-03,1.5502978720464236
2020-06-04,1.550420911560078
2020-06-05,1.5505439608387732
2020-06-08,1.5506670198832844
2020-06-09,1.5507900886943864
2020-06-10,1.5509131672728542
2020-06-11,1.5510362556194632
2020-06-12,1.5511593537349886
2020-06-15,1.5512824616202057
2020-06-16,1.5514055792758898
2020-06-17,1.5515287067028165
2020-06-18,1.5516518439017613
2020-06-19,1.5517749908734995
2020-06-22,1.551898147618807
2020-06-23,1.5520213141384593
2020-06-24,1.5521444904332322
2020-06-25,1.5522676765039016
2020-06-26,1.5523908723512432
2020-06-29,1.5525140779760331
2020-06-30,1.552637293379047
2020-07-01,1.5527605185610613
2020-07-02,1.552883753522852
2020-07-06,1.553006998265195
2020-07-07,1.553130252788867
2020-07-08,1.553253517094644
2020-07-09,1.5533767911833023
2020-07-10,1.5535000750556185
2020-07-13,1.553623368712369
2020-07-14,1.5537466721543305
2020-07-15,1.5538699853822793
2020-07-16,1.5539933083969921
2020-07-17,1.554116641199246
2020-07-20,1.5542399837898173
2020-07-21,1.5543633361694833
2020-07-22,1.5544866983390206
2020-07-23,1.5546100702992063
2020-07-24,1.5547334520508174
2020-07-27,1.554856843594631
2020-07-28,1.5549802449314243
2020-07-29,1.5551036560619744
2020-07-30,1.5552270769870589
2020-07-31,1.5553505077074548
2020-08-03,1.5554739482239395
2020-08-04,1.5555973985372906
2020-08-05,1.5557208586482858
2020-08-06,1.5558443285577024
2020-08-07,1.5559678082663182
2020-08-10,1.5560912977749108
2020-08-11,1.5562147970842581
2020-08-12,1.556338306195138
2020-08-13,1.556461825108328
2020-08-14,1.5565853538246064
2020-08-17,1.5567088923447512
2020-08-18,1.5568324406695404
2020-08-19,1.5569559987997523
2020-08-20,1.557079566736165
2020-08-21,1.5572031444795569
2020-08-24,1.557326732030706
2020-08-25,1.5574503293903912
2020-08-26,1.5575739365593906
2020-08-27,1.5576975535384827
2020-08-28,1.557821180328446
2020-08-31,1.5579448169300596
2020-09-01,1.5580684633441018
2020-09-02,1.5581921195713513
2020-09-03,1.558315785612587
2020-09-04,1.5584394614685881
2020-09-08,1.5585631471401333
2020-09-09,1.5586868426280016
2020-09-10,1.5588105479329721
2020-09-11,1.558934263055824
2020-09-14,1.5590579879973365
2020-09-15,1.5591817227582887
2020-09-16,1.55930546733946
2020-09-17,1.55942922174163
2020-09-18,1.5595529859655777
2020-09-21,1.5596767600120829
2020-09-22,1.5598005438819251
2020-09-23,1.559924337575884
2020-09-24,1.5600481410947393
2020-09-25,1.5601719544392707
2020-09-28,1.560295777610258
2020-09-29,1.5604196106084811
2020-09-30,1.56054345343472
2020-10-01,1.5606673060897547
2020-10-02,1.560791168574365
2020-10-05,1.5609150408893313
2020-10-06,1.5610389230354338
2020-10-07,1.5611628150134524
2020-10-08,1.561286716824168
2020-10-09,1.5614106284683604
2020-10-12,1.5615345499468103
2020-10-13,1.5616584812602983
2020-10-14,1.5617824224096046
2020-10-15,1.5619063733955103
2020-10-16,1.5620303342187958
2020-10-19,1.5621543048802418
2020-10-20,1.5622782853806292
2020-10-21,1.5624022757207388
2020-10-22,1.5625262759013516
2020-10-23,1.5626502859232487
2020-10-26,1.562774305787211
2020-10-27,1.5628983354940196
2020-10-28,1.5630223750444556
2020-10-29,1.5631464244393005
2020-10-30,1.5632704836793354
2020-11-02,1.5633945527653417
2020-11-03,1.563518631698101
2020-11-04,1.5636427204783945
2020-11-05,1.563766819107004
2020-11-06,1.563890927584711
2020-11-09,1.5640150459122972
2020-11-10,1.5641391740905444
2020-11-11,1.564263312120234
2020-11-12,1.5643874600021483
2020-11-13,1.5645116177370693
2020-11-16,1.5646357853257786
2020-11-17,1.5647599627690585
2020-11-18,1.564884150067691
2020-11-19,1.5650083472224585
2020-11-20,1.565132554234143
2020-11-23,1.5652567711035268
2020-11-24,1.5653809978313922
2020-11-25,1.5655052344185216
2020-11-27,1.5656294808656979
2020-11-30,1.5657537371737031
2020-12-01,1.5658780033433202
2020-12-02,1.5660022793753317
2020-12-03,1.5661265652705203
2020-12-04,1.5662508610296688
2020-12-07,1.5663751666535601
2020-12-08,1.5664994821429772
2020-12-09,1.566623807498703
2020-12-10,1.5667481427215204
2020-12-11,1.5668724878122127
2020-12-14,1.5669968427715628
2020-12-15,1.5671212076003542
2020-12-16,1.5672455822993703
2020-12-17,1.5673699668693941
2020-12-18,1.5674943613112091
2020-12-21,1.5676187656255989
2020-12-22,1.567743179813347
2020-12-23,1.567867603875237
2020-12-24,1.5679920378120527
2020-12-28,1.5681164816245774
2020-12-29,1.5682409353135953
2020-12-30,1.56836539887989
2020-12-31,1.5684898723242455
2021-01-04,1.568614355647446
2021-01-05,1.5687388488502751
2021-01-06,1.5688633519335173
2021-01-07,1.5689878648979565
2021-01-08,1.5691123877443771
2021-01-11,1.5692369204735632
2021-01-12,1.5693614630862993
2021-01-13,1.5694860155833696
2021-01-14,1.569610577965559
2021-01-15,1.5697351502336514
2021-01-19,1.569859732388432
2021-01-20,1.569984324430685
2021-01-21,1.5701089263611954
2021-01-22,1.570233538180748
2021-01-25,1.5703581598901275
2021-01-26,1.570482791490119
2021-01-27,1.5706074329815072
2021-01-28,1.5707320843650772
2021-01-29,1.570856745641614
2021-02-01,1.5709814168119032
2021-02-02,1.5711060978767295
2021-02-03,1.5712307888368786
2021-02-04,1.5713554896931357
2021-02-05,1.571480200446286
2021-02-08,1.5716049210971152
2021-02-09,1.5717296516464088
2021-02-10,1.5718543920949521
2021-02-11,1.5719791424435312
2021-02-12,1.5721039026929315
2021-02-16,1.572228672843939
2021-02-17,1.5723534528973393
2021-02-18,1.5724782428539186
2021-02-19,1.5726030427144626
2021-02-22,1.5727278524797574
2021-02-23,1.5728526721505893
2021-02-24,1.5729775017277443
2021-02-25,1.5731023412120084
2021-02-26,1.5732271906041682
2021-03-01,1.5733520499050098
2021-03-02,1.5734769191153197
2021-03-03,1.5736017982358845
2021-03-04,1.5737266872674907
2021-03-05,1.5738515862109246
2021-03-08,1.5739764950669732
2021-03-09,1.574101413836423
2021-03-10,1.5742263425200609
2021-03-11,1.5743512811186737
2021-03-12,1.5744762296330483
2021-03-15,1.5746011880639716
2021-03-16,1.5747261564122308
2021-03-17,1.5748511346786127
2021-03-18,1.5749761228639048
2021-03-19,1.575101120968894
2021-03-22,1.5752261289943679
2021-03-23,1.5753511469411134
2021-03-24,1.5754761748099184
2021-03-25,1.5756012126015702
2021-03-26,1.575726260316856
2021-03-29,1.5758513179565639
2021-03-30,1.575976385521481
2021-03-31,1.5761014630123955
2021-04-01,1.576226550430095
2021-04-05,1.5763516477753672
2021-04-06,1.5764767550490002
2021-04-07,1.5766018722517818
2021-04-08,1.5767269993845003
2021-04-09,1.5768521364479435
2021-04-12,1.5769772834429
2021-04-13,1.5771024403701572
2021-04-14,1.577227607230504
2021-04-15,1.5773527840247288
2021-04-16,1.5774779707536197
2021-04-19,1.5776031674179654
2021-04-20,1.5777283740185541
2021-04-21,1.5778535905561748
2021-04-22,1.5779788170316158
2021-04-23,1.578104053445666
2021-04-26,1.5782292997991143
2021-04-27,1.5783545560927492
2021-04-28,1.5784798223273597
2021-04-29,1.578605098503735
2021-04-30,1.578730384622664
2021-05-03,1.5788556806849356
2021-05-04,1.5789809866913393
2021-05-05,1.5791063026426642
2021-05-06,1.5792316285396995
2021-05-07,1.5793569643832344
2021-05-10,1.5794823101740585
2021-05-11,1.5796076659129612
2021-05-12,1.579733031600732
2021-05-13,1.5798584072381607
2021-05-14,1.5799837928260367
2021-05-17,1.58010918836515
2021-05-18,1.58023459385629
2021-05-19,1.580360009300247
2021-05-20,1.5804854346978106
2021-05-21,1.5806108700497707
2021-05-24,1.5807363153569176
2021-05-25,1.5808617706200412
2021-05-26,1.5809872358399317
2021-05-27,1.5811127110173795
2021-05-28,1.5812381961531745
2021-06-01,1.5813636912481073
2021-06-02,1.5814891963029682
2021-06-03,1.581614711318548
2021-06-04,1.5817402362956368
2021-06-07,1.5818657712350255
2021-06-08,1.5819913161375045
2021-06-09,1.5821168710038647
2021-06-10,1.5822424358348968
2021-06-11,1.5823680106313918
2021-06-14,1.5824935953941404
2021-06-15,1.5826191901239337
2021-06-16,1.5827447948215627
2021-06-17,1.5828704094878185
2021-06-18,1.5829960341234923
2021-06-21,1.5831216687293752
2021-06-22,1.5832473133062586
2021-06-23,1.5833729678549338
2021-06-24,1.5834986323761922
2021-06-25,1.5836243068708253
2021-06-28,1.5837499913396247
2021-06-29,1.5838756857833818
2021-06-30,1.5840013902028884
2021-07-01,1.5841271045989365
2021-07-02,1.5842528289723175
2021-07-06,1.5843785633238232
2021-07-07,1.5845043076542458
2021-07-08,1.5846300619643772
2021-07-09,1.5847558262550094
2021-07-12,1.5848816005269346
2021-07-13,1.5850073847809447
2021-07-14,1.5851331790178322
2021-07-15,1.5852589832383892
2021-07-16,1.585384797443408
2021-07-19,1.5855106216336814
2021-07-20,1.5856364558100016
2021-07-21,1.585762299973161
2021-07-22,1.5858881541239527
2021-07-23,1.586014018263169
2021-07-26,1.5861398923916026
2021-07-27,1.5862657765100465
2021-07-28,1.5863916706192933
2021-07-29,1.586517574720136
2021-07-30,1.586643488813368
2021-08-02,1.5867694128997818
2021-08-03,1.5868953469801708
2021-08-04,1.587021291055328
2021-08-05,1.5871472451260469
2021-08-06,1.5872732091931205
2021-08-09,1.5873991832573422
2021-08-10,1.5875251673195054
2021-08-11,1.5876511613804039
2021-08-12,1.587777165440831
2021-08-13,1.5879031795015803
2021-08-16,1.5880292035634456
2021-08-17,1.5881552376272206
2021-08-18,1.5882812816936989
2021-08-19,1.5884073357636745
2021-08-20,1.5885333998379416
2021-08-23,1.588659473917294
2021-08-24,1.5887855580025254
2021-08-25,1.5889116520944304
2021-08-26,1.5890377561938032
2021-08-27,1.5891638703014377
2021-08-30,1.5892899944181282
2021-08-31,1.5894161285446695
2021-09-01,1.5895422726818558
2021-09-02,1.5896684268304815
2021-09-03,1.5897945909913411
2021-09-07,1.5899207651652294
2021-09-08,1.590046949352941
2021-09-09,1.5901731435552706
2021-09-10,1.5902993477730132
2021-09-13,1.5904255620069634
2021-09-14,1.5905517862579164
2021-09-15,1.590678020526667
2021-09-16,1.5908042648140106
2021-09-17,1.590930519120742
2021-09-20,1.5910567834476563
2021-09-21,1.591183057795549
2021-09-22,1.5913093421652154
2021-09-23,1.5914356365574507
2021-09-24,1.5915619409730506
2021-09-27,1.5916882554128104
2021-09-28,1.5918145798775258
2021-09-29,1.5919409143679923
2021-09-30,1.5920672588850058
2021-10-01,1.5921936134293617
2021-10-04,1.5923199780018562
2021-10-05,1.592446352603285
2021-10-06,1.592572737234444
2021-10-07,1.5926991318961294
2021-10-08,1.592825536589137
2021-10-11,1.5929519513142631
2021-10-12,1.593078376072304
2021-10-13,1.5932048108640557
2021-10-14,1.593331255690315
2021-10-15,1.5934577105518777
2021-10-18,1.5935841754495406
2021-10-19,1.5937106503841
2021-10-20,1.593837135356353
2021-10-21,1.5939636303670957
2021-10-22,1.5940901354171249
2021-10-25,1.5942166505072375
2021-10-26,1.5943431756382302
2021-10-27,1.5944697108109
2021-10-28,1.5945962560260438
2021-10-29,1.5947228112844587
2021-11-01,1.5948493765869416
2021-11-02,1.5949759519342899
2021-11-03,1.5951025373273007
2021-11-04,1.5952291327667711
2021-11-05,1.5953557382534986
2021-11-08,1.5954823537882807
2021-11-09,1.5956089793719148
2021-11-10,1.5957356150051984
2021-11-11,1.595862260688929
2021-11-12,1.5959889164239043
2021-11-15,1.596115582210922
2021-11-16,1.5962422580507802
2021-11-17,1.5963689439442763
2021-11-18,1.5964956398922086
2021-11-19,1.5966223458953748
2021-11-22,1.5967490619545728
2021-11-23,1.596875788070601
2021-11-24,1.5970025242442576
2021-11-26,1.5971292704763405
2021-11-29,1.597256026767648
2021-11-30,1.597382793118979
2021-12-01,1.5975095695311314
2021-12-02,1.5976363560049038
2021-12-03,1.5977631525410947
2021-12-06,1.5978899591405027
2021-12-07,1.5980167758039265
2021-12-08,1.598143602532165
2021-12-09,1.5982704393260168
2021-12-10,1.5983972861862807
2021-12-13,1.598524143113756
2021-12-14,1.5986510101092413
2021-12-15,1.5987778871735356
2021-12-16,1.5989047743074383
2021-12-17,1.5990316715117485
2021-12-20,1.5991585787872653
2021-12-21,1.5992854961347882
2021-12-22,1.5994124235551164
2021-12-23,1.5995393610490494
2021-12-27,1.5996663086173866
2021-12-28,1.5997932662609278
2021-12-29,1.5999202339804723
2021-12-30,1.60004721177682
2021-12-31,1.6001741996507708
2022-01-03,1.600301197603124
2022-01-04,1.60042820563468
2022-01-05,1.6005552237462384
2022-01-06,1.6006822519385993
2022-01-07,1.6008092902125628
2022-01-10,1.600936338568929
2022-01-11,1.601063397008498
2022-01-12,1.6011904655320701
2022-01-13,1.6013175441404457
2022-01-14,1.6014446328344252
2022-01-18,1.601571731614809
2022-01-19,1.6016988404823975
2022-01-20,1.6018259594379913
2022-01-21,1.633139162780376
2022-01-24,1.6332687769996443
2022-01-25,1.6364247958919298
2022-01-26,1.6403958302653203
2022-01-27,1.648361038976782
2022-01-28,1.628014749653938
2022-01-31,1.628143957173752
2022-02-01,1.628273174948131
2022-02-02,1.6284024029778887
2022-02-03,1.6285316412638395
2022-02-04,1.6286608898067971
2022-02-07,1.6287901486075755
2022-02-08,1.628919417666989
2022-02-09,1.6290486969858515
2022-02-10,1.6291779865649774
2022-02-11,1.6611693539975732
2022-02-14,1.6664636991573374
2022-02-15,1.66659595818108
2022-02-16,1.6667282277015707
2022-02-17,1.7012526253982314
2022-02-18,1.7121283294619742
2022-02-22,1.7303615317910757
2022-02-23,1.7609137254407203
2022-02-24,1.7342688210600654
2022-02-25,1.6958610959719433
2022-02-28,1.700060591411665
2022-03-01,1.7258132672673527
2022-03-02,1.6939231667893309
2022-03-03,1.7022171356920734
2022-03-04,1.7159072057750955
2022-03-07,1.7663496669853078
2022-03-08,1.779596144223184
2022-03-09,1.7317377792116522
2022-03-10,1.7394150512480862
2022-03-11,1.7613889183392515
2022-03-14,1.7741170497937242
2022-03-15,1.7349575517386262
2022-03-16,1.6963436829860148
2022-03-17,1.6749811201119387
2022-03-18,1.6751140551214714
2022-03-21,1.6752470006814018
2022-03-22,1.6753799567925671
2022-03-23,1.6755129234558046
2022-03-24,1.675645900671952
2022-03-25,1.6757788884418465
2022-03-28,1.675911886766326
2022-03-29,1.6760448956462282
2022-03-30,1.6761779150823906
2022-03-31,1.676310945075651
2022-04-01,1.6764439856268476
2022-04-04,1.676577036736818
2022-04-05,1.6767100984064003
2022-04-06,1.6768431706364326
2022-04-07,1.676976253427753
2022-04-08,1.6771093467811997
2022-04-11,1.7056372996224671
2022-04-12,1.7118167258446348
2022-04-13,1.6920695709388218
2022-04-14,1.712999716515398
2022-04-18,1.71215456443441
2022-04-19,1.6843753016136245
2022-04-20,1.6854855848554424
2022-04-21,1.710551315390067
2022-04-22,1.7573469030403437
2022-04-25,1.7470138824735713
2022-04-26,1.7974653613675093
2022-04-27,1.7922633563350254
2022-04-28,1.7468445932372847
2022-04-29,1.8112569035986739
2022-05-02,1.8002052593027138
2022-05-03,1.7918049063155699
2022-05-04,1.7370919114363166
2022-05-05,1.7986901161470705
2022-05-06,1.8092787570631006
2022-05-09,1.8670583835275765
2022-05-10,1.8625905546981472
2022-05-11,1.8920270717584182
2022-05-12,1.8938468509640456
2022-05-13,1.8484133164205179
2022-05-16,1.855761254352637
2022-05-17,1.8174349435321642
2022-05-18,1.8905492886123605
2022-05-19,1.9019729258854416
2022-05-20,1.9009861275345485
2022-05-23,1.8652622554667073
2022-05-24,1.8793479922955298
2022-05-25,1.86258963565717
2022-05-26,1.8252198053280257
2022-05-27,1.7802620781073943
2022-05-31,1.7901046444581799
2022-06-01,1.8044369492548133
2022-06-02,1.7699256711121616
2022-06-03,1.7988273308183615
2022-06-06,1.7932028457631024
2022-06-07,1.7758546220664821
2022-06-08,1.7950156645891693
2022-06-09,1.8375591920362062
2022-06-10,1.890689195600756
2022-06-13,1.9623197670274137
2022-06-14,1.968071478586788
2022-06-15,1.9398522576296218
2022-06-16,2.003894102639583
2022-06-17,1.9994106916764565
2022-06-21,1.9489139303114087
2022-06-22,1.9522872627000896
2022-06-23,1.9329892859623632
2022-06-24,1.8713730494083856
2022-06-27,1.878367508291687
2022-06-28,1.9165933081639812
2022-06-29,1.9179963831024673
2022-06-30,1.9334215747280215
2022-07-01,1.9128133656108848
2022-07-05,1.909043602762648
2022-07-06,1.9024397440107936
2022-07-07,1.8737899917141632
2022-07-08,1.8751772967294638
2022-07-11,1.8964444719690876
2022-07-12,1.9130701561013523
2022-07-13,1.9229597426484166
2022-07-14,1.927471282680447
2022-07-15,1.890488659156993
2022-07-18,1.9059428040377335
2022-07-19,1.8542892792374155
2022-07-20,1.8423189621792206
2022-07-21,1.823407264794593
2022-07-22,1.8401749102476872
2022-07-25,1.8377879758689486
2022-07-26,1.859379938003123
2022-07-27,1.8109457629612893
2022-07-28,1.788083077186373
2022-07-29,1.7618679732333697
2022-08-01,1.7669407386345308
2022-08-02,1.7784525999434864
2022-08-03,1.7504567872400152
2022-08-04,1.751495456451813
2022-08-05,1.7543120539400352
2022-08-08,1.7562040402394716
2022-08-09,1.7630338337342477
2022-08-10,1.7258580248373638
2022-08-11,1.7257161734928566
2022-08-12,1.6963596588389447
2022-08-15,1.6892298805067587
2022-08-16,1.689363946370291
2022-08-17,1.7012161532821661
2022-08-18,1.6961319684618266
2022-08-19,1.7187850845768653
2022-08-22,1.7544333491344342
2022-08-23,1.7585335657540395
2022-08-24,1.7527598122996002
2022-08-25,1.7278708696805496
2022-08-26,1.78621553751553
2022-08-29,1.7978796842984839
2022-08-30,1.8174685870559386
2022-08-31,1.831148688868695
2022-09-01,1.825252378078107
2022-09-02,1.8443483507258818
2022-09-06,1.8511558804335926
2022-09-07,1.8177475929147193
2022-09-08,1.8057171076723544
2022-09-09,1.7775162051773614
2022-09-12,1.7582661105270212
2022-09-13,1.8345753463098726
2022-09-14,1.8274244059825169
2022-09-15,1.8480214447476198
2022-09-16,1.861965760043341
2022-09-19,1.8473731243928628
2022-09-20,1.8684264233282486
2022-09-21,1.900865671729232
2022-09-22,1.916676346713545
2022-09-23,1.9486326196970274
2022-09-26,1.9677493728602757
2022-09-27,1.9726110178747516
2022-09-28,1.9336347535999205
2022-09-29,1.973867471696096
2022-09-30,2.004228229053413
2022-10-03,1.951149620191684
2022-10-04,1.8905292468683668
2022-10-05,1.8947755404470021
2022-10-06,1.9141660589750706
2022-10-07,1.9674022386316226
2022-10-10,1.982262312356817
2022-10-11,1.9946530357199246
2022-10-12,2.0010683058994574
2022-10-13,1.9480935519871487
2022-10-14,1.9923281367756382
2022-10-17,1.9409677038050388
2022-10-18,1.9180022057162511
2022-10-19,1.9314368204601458
2022-10-20,1.9474735522302236
2022-10-21,1.8999873321210567
2022-10-24,1.8765815932669254
2022-10-25,1.8464614606237686
2022-10-26,1.8602209452231337
2022-10-27,1.8700013598871548
2022-10-28,1.8253592005895007
2022-10-31,1.838394007946415
2022-11-01,1.846287773480405
2022-11-02,1.8924706784319443
2022-11-03,1.911802059252858
2022-11-04,1.8841280543866188
2022-11-07,1.865950280032296
2022-11-08,1.8557291935627394
2022-11-09,1.8938083649283504
2022-11-10,1.7895803038957547
2022-11-11,1.772112623025307
2022-11-14,1.7870418171371825
2022-11-15,1.7716534243374793
2022-11-16,1.7850231057209047
2022-11-17,1.7903383365196168
2022-11-18,1.7820624446511715
2022-11-21,1.7883957693260335
2022-11-22,1.7641820444181733
2022-11-23,1.7529200482187348
2022-11-25,1.7531681829907162
2022-11-28,1.7809993178029484
2022-11-29,1.7839118077943459
2022-11-30,1.7819898694096439
2022-12-01,1.7821312971770573
2022-12-02,1.7822727361688968
2022-12-05,1.8141881857054059
2022-12-06,1.8401899515248874
2022-12-07,1.8431697822652358
2022-12-08,1.828578643640225
2022-12-09,1.8420881432494374
2022-12-12,1.815378912882832
2022-12-13,1.8155229905743306
2022-12-14,1.8243540377692486
2022-12-15,1.8688310888226172
2022-12-16,1.890739199925604
2022-12-19,1.9066168960420264
2022-12-20,1.9038507853016453
2022-12-21,1.8752270939616345
2022-12-22,1.9018252191389182
2022-12-23,1.89072916169551
2022-12-27,1.8980297472253884
2022-12-28,1.9214625802896075
2022-12-29,1.8867178303096268
2022-12-30,1.8915323114016
2023-01-03,1.8993398827489756
2023-01-04,1.8845207066720453
2023-01-05,1.9058744806257606
2023-01-06,1.8620118496871518
2023-01-09,1.8629145852300342
2023-01-10,1.8496970382193976
2023-01-11,1.8498438395716372
2023-01-12,1.849990652574778
2023-01-13,1.8501374772297443
2023-01-17,1.8502843135374611
2023-01-18,1.8768917250696169
2023-01-19,1.890401104840523
2023-01-20,1.8905511366742405
2023-01-23,1.8907011804152465
2023-01-24,1.8908512360644858
2023-01-25,1.8910013036229036
2023-01-26,1.8911513830914453
2023-01-27,1.8913014744710557
2023-01-30,1.8914515777626804
2023-01-31,1.8916016929672648
2023-02-01,1.8917518200857544
2023-02-02,1.8919019591190946
2023-02-03,1.8920521100682313
2023-02-06,1.8922022729341097
2023-02-07,1.892352447717676
2023-02-08,1.8925026344198759
2023-02-09,1.8926528330416552
2023-02-10,1.8928030435839602
2023-02-13,1.8929532660477368
2023-02-14,1.8931035004339312
2023-02-15,1.8932537467434896
2023-02-16,1.8934040049773582
2023-02-17,1.8935542751364833
2023-02-21,1.8937045572218116
2023-02-22,1.8938548512342896
2023-02-23,1.894005157174864
2023-02-24,1.8941554750444811
2023-02-27,1.894305804844088
2023-02-28,1.8944561465746312
2023-03-01,1.8946065002370578
2023-03-02,1.8947568658323148
2023-03-03,1.8949072433613492
2023-03-06,1.895057632825108
2023-03-07,1.8952080342245388
2023-03-08,1.8953584475605885
2023-03-09,1.8955088728342044
2023-03-10,1.9227039895266218
2023-03-13,1.9252862401714788
2023-03-14,1.9254390406667306
2023-03-15,1.9373230074793852
2023-03-16,1.9374767632736296
2023-03-17,1.937630531270715
2023-03-20,1.9377843114716096
2023-03-21,1.937938103877282
2023-03-22,1.938091908488701
2023-03-23,1.938245725306835
2023-03-24,1.938399554332653
2023-03-27,1.9385533955671241
2023-03-28,1.938707249011217
2023-03-29,1.9388611146659005
2023-03-30,1.9390149925321438
2023-03-31,1.9391688826109164
2023-04-03,1.939322784903187
2023-04-04,1.9394766994099255
2023-04-05,1.939630626132101
2023-04-06,1.939784565070683
2023-04-10,1.9399385162266412
2023-04-11,1.9400924796009449
2023-04-12,1.9402464551945642
2023-04-13,1.9404004430084687
2023-04-14,1.9405544430436281
2023-04-17,1.9407084553010125
2023-04-18,1.940862479781592
2023-04-19,1.9410165164863367
2023-04-20,1.9411705654162166
2023-04-21,1.9413246265722022
2023-04-24,1.9414786999552636
2023-04-25,1.9416327855663713
2023-04-26,1.9417868834064957
2023-04-27,1.9419409934766074
2023-04-28,1.9420951157776771
2023-05-01,1.9422492503106754
2023-05-02,1.9424033970765733
2023-05-03,1.9425575560763413
2023-05-04,1.9427117273109507
2023-05-05,1.9428659107813722
2023-05-08,1.943020106488577
2023-05-09,1.9431743144335365
2023-05-10,1.9433285346172218
2023-05-11,1.943482767040604
2023-05-12,1.943637011704655
2023-05-15,1.943791268610346
2023-05-16,1.9439455377586485
2023-05-17,1.9440998191505343
2023-05-18,1.944254112786975
2023-05-19,1.9444084186689423
2023-05-22,1.944562736797408
2023-05-23,1.9447170671733445
2023-05-24,1.9448714097977233
2023-05-25,1.9450257646715168
2023-05-26,1.9451801317956972
2023-05-30,1.9453345111712366
2023-05-31,1.9454889027991074
2023-06-01,1.945643306680282
2023-06-02,1.945797722815733
2023-06-05,1.9459521512064328
2023-06-06,1.946106591853354
2023-06-07,1.9462610447574695
2023-06-08,1.946415509919752
2023-06-09,1.9465699873411744
2023-06-12,1.9467244770227095
2023-06-13,1.9468789789653305
2023-06-14,1.9470334931700104
2023-06-15,1.9471880196377225
2023-06-16,1.94734255836944
2023-06-20,1.947497109366136
2023-06-21,1.9476516726287842
2023-06-22,1.947806248158358
2023-06-23,1.947960835955831
2023-06-26,1.9481154360221766
2023-06-27,1.948270048358369
2023-06-28,1.9484246729653818
2023-06-29,1.9485793098441886
2023-06-30,1.9487339589957635
2023-07-03,1.9488886204210807
2023-07-05,1.9490432941211142
2023-07-06,1.9491979800968382
2023-07-07,1.949352678349227
2023-07-10,1.949507388879255
2023-07-11,1.9496621116878963
2023-07-12,1.9498168467761257
2023-07-13,1.9499715941449176
2023-07-14,1.9501263537952467
2023-07-17,1.9502811257280877
2023-07-18,1.9504359099444153
2023-07-19,1.9505907064452046
2023-07-20,1.9507455152314306
2023-07-21,1.950900336304068
2023-07-24,1.9510551696640923
2023-07-25,1.9512100153124785
2023-07-26,1.9513648732502018
2023-07-27,1.9515197434782376
2023-07-28,1.9516746259975615
2023-07-31,1.9518295208091487
2023-08-01,1.9519844279139749
2023-08-02,1.9521393473130157
2023-08-03,1.952294279007247
2023-08-04,1.9524492229976445
2023-08-07,1.952604179285184
2023-08-08,1.9527591478708417
2023-08-09,1.9529141287555933
2023-08-10,1.9530691219404153
2023-08-11,1.9532241274262836
2023-08-14,1.9533791452141747
2023-08-15,1.9535341753050648
2023-08-16,1.9536892176999303
2023-08-17,1.9538442723997478
2023-08-18,1.953999339405494
2023-08-21,1.9541544187181452
2023-08-22,1.9543095103386785
2023-08-23,1.9544646142680706
2023-08-24,1.9546197305072983
2023-08-25,1.9547748590573386
2023-08-28,1.9549299999191687
2023-08-29,1.9550851530937656
2023-08-30,1.9552403185821066
2023-08-31,1.9553954963851687
2023-09-01,1.9555506865039296
2023-09-05,1.9557058889393666
2023-09-06,1.9558611036924571
2023-09-07,1.956016330764179
2023-09-08,1.9561715701555096
2023-09-11,1.9563268218674268
2023-09-12,1.9564820859009084
2023-09-13,1.9566373622569324
2023-09-14,1.9567926509364768
2023-09-15,1.9569479519405195
2023-09-18,1.9571032652700386
2023-09-19,1.9572585909260125
2023-09-20,1.9574139289094195
2023-09-21,1.9575692792212378
2023-09-22,1.9577246418624459
2023-09-25,1.9578800168340222
2023-09-26,1.9580354041369457
2023-09-27,1.9581908037721947
2023-09-28,1.958346215740748
2023-09-29,1.9585016400435846
2023-10-02,1.9586570766816833
2023-10-03,1.9588125256560232
2023-10-04,1.9589679869675833
2023-10-05,1.9591234606173427
2023-10-06,1.9592789466062805
2023-10-09,1.9594344449353764
2023-10-10,1.9595899556056096
2023-10-11,1.9597454786179593
2023-10-12,1.9599010139734052
2023-10-13,1.960056561672927
2023-10-16,1.9602121217175044
2023-10-17,1.960367694108117
2023-10-18,1.9605232788457447
2023-10-19,1.9606788759313676
2023-10-20,1.9608344853659654
2023-10-23,1.9609901071505182
2023-10-24,1.9611457412860065
2023-10-25,1.9891310140898903
2023-10-26,2.012786528143257
2023-10-27,2.0217447003072166
2023-10-30,1.99740701381299
2023-10-31,1.9846986882788389
2023-11-01,1.98485620404775
2023-11-02,1.9850137323179127
2023-11-03,1.985171273090319
2023-11-06,1.9853288263659612
2023-11-07,1.9854863921458317
2023-11-08,1.9856439704309228
2023-11-09,1.9858015612222268
2023-11-10,1.9859591645207366
2023-11-13,1.9861167803274447
2023-11-14,1.9862744086433437
2023-11-15,1.9864320494694265
2023-11-16,1.9865897028066861
2023-11-17,1.9867473686561152
2023-11-20,1.986905047018707
2023-11-21,1.9870627378954546
2023-11-22,1.987220441287351
2023-11-24,1.98737815719539
2023-11-27,1.9875358856205643
2023-11-28,1.9876936265638676
2023-11-29,1.9878513800262934
2023-11-30,1.9880091460088352
2023-12-01,1.9881669245124867
2023-12-04,1.9883247155382417
2023-12-05,1.988482519087094
2023-12-06,1.9886403351600375
2023-12-07,1.988798163758066
2023-12-08,1.988956004882174
2023-12-11,1.9891138585333552
2023-12-12,1.989271724712604
2023-12-13,1.9894296034209145
2023-12-14,1.9895874946592813
2023-12-15,1.9897453984286988
2023-12-18,1.9899033147301615
2023-12-19,1.9900612435646639
2023-12-20,1.9902191849332007
2023-12-21,1.990377138836767
2023-12-22,1.9905351052763574
2023-12-26,1.9906930842529666
2023-12-27,1.99085107576759
2023-12-28,1.9910090798212223
2023-12-29,1.9911670964148591
2024-01-02,1.9913251255494953
2024-01-03,1.9914831672261262
2024-01-04,1.9916412214457473
2024-01-05,1.9917992882093543
2024-01-08,1.9919573675179423
2024-01-09,1.9921154593725072
2024-01-10,1.9922735637740447
2024-01-11,1.9924316807235507
2024-01-12,1.992589810222021
2024-01-16,1.9927479522704514
2024-01-17,1.9929061068698382
2024-01-18,1.993064274021177
2024-01-19,1.9932224537254646
2024-01-22,1.993380645983697
2024-01-23,1.9935388507968703
2024-01-24,1.9936970681659814
2024-01-25,1.9938552980920263
2024-01-26,1.994013540576002
2024-01-29,1.994171795618905
2024-01-30,1.9943300632217318
2024-01-31,1.9944883433854796
2024-02-01,1.9946466361111452
2024-02-02,1.9948049413997255
2024-02-05,1.9949632592522177
2024-02-06,1.9951215896696188
2024-02-07,1.995279932652926
2024-02-08,1.9954382882031367
2024-02-09,1.9955966563212482
2024-02-12,1.995755037008258
2024-02-13,1.9959134302651635
2024-02-14,1.9960718360929623
2024-02-15,1.9962302544926525
2024-02-16,1.9963886854652313
2024-02-20,1.996547129011697
2024-02-21,1.996705585133047
2024-02-22,1.99686405383028
2024-02-23,1.9970225351043935
2024-02-26,1.997181028956386
2024-02-27,1.9973395353872556
2024-02-28,1.9974980543980008
2024-02-29,1.9976565859896198
2024-03-01,1.997815130163111
2024-03-04,1.9979736869194733
2024-03-05,1.998132256259705
2024-03-06,1.998290838184805
2024-03-07,1.9984494326957722
2024-03-08,1.9986080397936052
2024-03-11,1.9987666594793032
2024-03-12,1.9989252917538651
2024-03-13,1.9990839366182902
2024-03-14,1.9992425940735774
2024-03-15,1.9994012641207262
2024-03-18,1.999559946760736
2024-03-19,1.9997186419946058
2024-03-20,1.9998773498233355
2024-03-21,2.000036070247925
2024-03-22,2.0001948032693733
2024-03-25,2.0003535488886803
2024-03-26,2.0005123071068462
2024-03-27,2.0006710779248706
2024-03-28,2.0008298613437536
2024-04-01,2.0009886573644953
2024-04-02,2.0011474659880957
2024-04-03,2.001306287215555
2024-04-04,2.0014651210478736
2024-04-05,2.001623967486052
2024-04-08,2.0017828265310906
2024-04-09,2.00194169818399
2024-04-10,2.0021005824457507
2024-04-11,2.0022594793173734
2024-04-12,2.002418388799859
2024-04-15,2.002577310894208
2024-04-16,2.002736245601422
2024-04-17,2.0028951929225016
2024-04-18,2.003054152858448
2024-04-19,2.003213125410262
2024-04-22,2.0033721105789453
2024-04-23,2.0035311083654994
2024-04-24,2.0036901187709253
2024-04-25,2.0038491417962248
2024-04-26,2.0040081774423992
2024-04-29,2.00416722571045
2024-04-30,2.00432628660138
2024-05-01,2.0044853601161896
2024-05-02,2.0046444462558815
2024-05-03,2.004803545021457
2024-05-06,2.004962656413919
2024-05-07,2.0051217804342696
2024-05-08,2.0052809170835104
2024-05-09,2.005440066362644
2024-05-10,2.005599228272673
2024-05-13,2.0057584028145996
2024-05-14,2.0059175899894264
2024-05-15,2.006076789798156
2024-05-16,2.0062360022417907
2024-05-17,2.0063952273213337
2024-05-20,2.006554465037788
2024-05-21,2.006713715392156
2024-05-22,2.0068729783854415
2024-05-23,2.0070322540186467
2024-05-24,2.0071915422927753
2024-05-28,2.0073508432088305
2024-05-29,2.0075101567678155
2024-05-30,2.0076694829707336
2024-05-31,2.0078288218185887
2024-06-03,2.007988173312384
2024-06-04,2.0081475374531235
2024-06-05,2.0083069142418104
2024-06-06,2.0084663036794486
2024-06-07,2.0086257057670425
2024-06-10,2.0087851205055953
2024-06-11,2.0089445478961117
2024-06-12,2.0091039879395955
2024-06-13,2.009263440637051
2024-06-14,2.009422905989483
2024-06-17,2.009582383997895
2024-06-18,2.0097418746632916
2024-06-20,2.0099013779866777
2024-06-21,2.0100608939690576
2024-06-24,2.0102204226114364
2024-06-25,2.0103799639148185
2024-06-26,2.0105395178802086
2024-06-27,2.010699084508612
2024-06-28,2.0108586638010335
2024-07-01,2.011018255758478
2024-07-02,2.011177860381951
2024-07-03,2.0113374776724577
2024-07-05,2.011497107631003
2024-07-08,2.011656750258593
2024-07-09,2.0118164055562326
2024-07-10,2.0119760735249277
2024-07-11,2.012135754165684
2024-07-12,2.0122954474795067
2024-07-15,2.012455153467402
2024-07-16,2.0126148721303756
2024-07-17,2.012774603469434
2024-07-18,2.012934347485582
2024-07-19,2.013094104179827
2024-07-22,2.013253873553175
2024-07-23,2.0134136556066315
2024-07-24,2.0135734503412035
2024-07-25,2.0137332577578975
2024-07-26,2.0138930778577198
2024-07-29,2.0140529106416767
2024-07-30,2.0142127561107754
2024-07-31,2.0143726142660223
2024-08-01,2.0145324851084245
2024-08-02,2.014692368638989
2024-08-05,2.0148522648587224
2024-08-06,2.015012173768632
2024-08-07,2.0151720953697247
2024-08-08,2.015332029663008
2024-08-09,2.015491976649489
2024-08-12,2.0156519363301757
2024-08-13,2.015811908706075
2024-08-14,2.0159718937781945
2024-08-15,2.016131891547542
2024-08-16,2.0162919020151255
2024-08-19,2.0164519251819524
2024-08-20,2.0166119610490303
2024-08-21,2.016772009617368
2024-08-22,2.0169320708879726
2024-08-23,2.0170921448618526
2024-08-26,2.0172522315400165
2024-08-27,2.0174123309234724
2024-08-28,2.0175724430132282
2024-08-29,2.017732567810293
2024-08-30,2.017892705315675
2024-09-03,2.0180528555303825
2024-09-04,2.0182130184554246
2024-09-05,2.01837319409181
2024-09-06,2.018533382440548
2024-09-09,2.0186935835026465
2024-09-10,2.018853797279115
2024-09-11,2.019014023770963
2024-09-12,2.019174262979199
2024-09-13,2.0193345149048323
2024-09-16,2.0194947795488725
2024-09-17,2.019655056912329
2024-09-18,2.019815346996211
2024-09-19,2.019975649801528
2024-09-20,2.0201359653292905
2024-09-23,2.020296293580507
2024-09-24,2.0204566345561883
2024-09-25,2.0206169882573435
2024-09-26,2.020777354684983
2024-09-27,2.0209377338401167
2024-09-30,2.021098125723755
2024-10-01,2.0212585303369077
2024-10-02,2.0214189476805853
2024-10-03,2.021579377755798
2024-10-04,2.021739820563557
2024-10-07,2.0219002761048714
2024-10-08,2.022060744380753
2024-10-09,2.0222212253922116
2024-10-10,2.0223817191402587
2024-10-11,2.0225422256259047
2024-10-14,2.022702744850161
2024-10-15,2.022863276814038
2024-10-16,2.023023821518547
2024-10-17,2.0231843789646997
2024-10-18,2.0233449491535067
2024-10-21,2.0235055320859794
2024-10-22,2.0236661277631294
2024-10-23,2.023826736185968
2024-10-24,2.0239873573555065
2024-10-25,2.024147991272757
2024-10-28,2.024308637938731
2024-10-29,2.0244692973544405
2024-10-30,2.0246299695208974
2024-10-31,2.0247906544391134
2024-11-01,2.024951352110101
2024-11-04,2.0251120625348715
2024-11-05,2.0252727857144377
2024-11-06,2.025433521649812
2024-11-07,2.0255942703420065
2024-11-08,2.0257550317920336
2024-11-11,2.025915806000906
2024-11-12,2.0260765929696363
2024-11-13,2.026237392699237
2024-11-14,2.0263982051907212
2024-11-15,2.0265590304451013
2024-11-18,2.026719868463391
2024-11-19,2.0268807192466025
2024-11-20,2.027041582795749
2024-11-21,2.027202459111844
2024-11-22,2.027363348195901
2024-11-25,2.0275242500489323
2024-11-26,2.027685164671952
2024-11-27,2.0278460920659738
2024-11-29,2.028007032232011
2024-12-02,2.028167985171077
2024-12-03,2.0283289508841857
2024-12-04,2.028489929372351
2024-12-05,2.0286509206365873
2024-12-06,2.0288119246779077
2024-12-09,2.0289729414973268
2024-12-10,2.0291339710958582
2024-12-11,2.029295013474517
2024-12-12,2.0294560686343166
2024-12-13,2.0296171365762716
2024-12-16,2.0297782173013967
2024-12-17,2.0299393108107067
2024-12-18,2.0301004171052157
2024-12-19,2.0302615361859386
2024-12-20,2.03042266805389
2024-12-23,2.030583812710085
2024-12-24,2.0307449701555385
2024-12-26,2.030906140391265
2024-12-27,2.0310673234182803
2024-12-30,2.031228519237599
2024-12-31,2.0313897278502373
2025-01-02,2.0315509492572095
2025-01-03,2.0317121834595318
2025-01-06,2.031873430458219
2025-01-07,2.032034690254287
2025-01-08,2.0321959628487516
2025-01-10,2.0323572482426284
2025-01-13,2.0325185464369335
2025-01-14,2.0326798574326825
2025-01-15,2.0328411812308915
2025-01-16,2.0330025178325766
2025-01-17,2.0331638672387538
2025-01-21,2.0333252294504396
2025-01-22,2.03348660446865
2025-01-23,2.0336479922944015
2025-01-24,2.0338093929287107
2025-01-27,2.033970806372594
2025-01-28,2.0341322326270683
2025-01-29,2.03429367169315
2025-01-30,2.0344551235718558
2025-01-31,2.034616588264203
2025-02-03,2.0347780657712082
2025-02-04,2.0349395560938888
2025-02-05,2.0351010592332615
2025-02-06,2.0352625751903437
2025-02-07,2.0354241039661525
2025-02-10,2.0355856455617056
2025-02-11,2.03574719997802
2025-02-12,2.035908767216114
2025-02-13,2.036070347277004
2025-02-14,2.036231940161709
2025-02-18,2.0363935458712454
2025-02-19,2.036555164406632
2025-02-20,2.036716795768887
2025-02-21,2.0368784399590276
2025-02-24,2.037040096978072
2025-02-25,2.037201766827039
2025-02-26,2.037363449506946
2025-02-27,2.0375251450188117
2025-02-28,2.0376868533636543
2025-03-03,2.0378485745424926
2025-03-04,2.0380103085563452
2025-03-05,2.0381720554062306
2025-03-06,2.038333815093168
2025-03-07,2.038495587618175
2025-03-10,2.0926247797070014
2025-03-11,2.109848414516006
2025-03-12,2.0984790607654724
2025-03-13,2.126279943600842
2025-03-14,2.082185321281322
2025-03-17,2.0659577624947203
2025-03-18,2.088117969813218
2025-03-19,2.0652047822803508
2025-03-20,2.071007207135678
2025-03-21,2.0701552980329705
2025-03-24,2.070319596072497
2025-03-25,2.0704839071515506
2025-03-26,2.093666479221516
2025-03-27,2.099054433071249
2025-03-28,2.141153281613472
2025-03-31,2.126604257956103
2025-04-01,2.120422685827568
2025-04-02,2.1068296477770607
2025-04-03,2.2104828040855304
2025-04-04,2.339709383633047
2025-04-07,2.3436845515440576
2025-04-08,2.380200711349852
2025-04-09,2.1300378639400512
2025-04-10,2.2231990559341086
2025-04-11,2.183348086063417
2025-04-14,2.161986751569054
2025-04-15,2.1678643706560257
2025-04-16,2.215873839367512
2025-04-17,2.2125300785236233
2025-04-21,2.265012251379912
2025-04-22,2.2058955387943575
2025-04-23,2.171532874004031
2025-04-24,2.125646274597848
2025-04-25,2.1101128714498025
2025-04-28,2.109134628941335
2025-04-29,2.0956750957034016
2025-04-30,2.094671280930747
2025-05-01,2.0796543239177305
2025-05-02,2.0486125601243814
2025-05-05,2.0601917954575852
2025-05-06,2.077242297758659
2025-05-07,2.0683356912557667
2025-05-08,2.053753836399991
2025-05-09,2.056201932401833
2025-05-12,2.0563651230313886
2025-05-13,2.0565283266125816
2025-05-14,2.0566915431464396
2025-05-15,2.056854772633991
2025-05-16,2.0570180150762636
2025-05-19,2.0571812704742856
2025-05-20,2.0573445388290854
2025-05-21,2.057507820141691
2025-05-22,2.057671114413131
2025-05-23,2.0578344216444338
2025-05-27,2.057997741836628
2025-05-28,2.058161074990742
2025-05-29,2.058324421107805
2025-05-30,2.0584877801888455
2025-06-02,2.0586511522348925
2025-06-03,2.058814537246975
2025-06-04,2.0589779352261215
2025-06-05,2.059141346173362
2025-06-06,2.059304770089725
2025-06-09,2.05946820697624
2025-06-10,2.0596316568339366
2025-06-11,2.059795119663844
2025-06-12,2.059958595466992
2025-06-13,2.0601220842444103
2025-06-16,2.060285585997128
2025-06-17,2.0604491007261756
2025-06-18,2.0606126284325827
2025-06-20,2.060776169117379
2025-06-23,2.060939722781595
2025-06-24,2.06110328942626
2025-06-25,2.061266869052405
2025-06-26,2.06143046166106
2025-06-27,2.0615940672532553
2025-06-30,2.0617576858300217
2025-07-01,2.061921317392389
2025-07-02,2.062084961941389
2025-07-03,2.062248619478051
2025-07-07,2.0624122900034063
2025-07-08,2.062575973518486
2025-07-09,2.062739670024321
2025-07-10,2.0629033795219422
2025-07-11,2.0630671020123805
2025-07-14,2.0632308374966675
2025-07-15,2.063394585975834
2025-07-16,2.063558347450911
2025-07-17,2.063722121922931
2025-07-18,2.063885909392925
2025-07-21,2.0640497098619246
2025-07-22,2.0642135233309613
2025-07-23,2.064377349801067
2025-07-24,2.0645411892732737
2025-07-25,2.064705041748613
2025-07-28,2.064868907228117
2025-07-29,2.0650327857128175
2025-07-30,2.065196677203747
2025-07-31,2.065360581701938
2025-08-01,2.065524499208422
2025-08-04,2.0656884297242324
2025-08-05,2.0658523732504013
2025-08-06,2.066016329787961
2025-08-07,2.066180299337944
2025-08-08,2.0663442819013835
2025-08-11,2.066508277479312
2025-08-12,2.066672286072763
2025-08-13,2.066836307682769
2025-08-14,2.067000342310363
2025-08-15,2.067164389956578
2025-08-18,2.0673284506224476
2025-08-19,2.067492524309005
2025-08-20,2.067656611017284
2025-08-21,2.067820710748317
2025-08-22,2.067984823503138
2025-08-25,2.068148949282781
2025-08-26,2.06831308808828
2025-08-27,2.0684772399206683
2025-08-28,2.06864140478098
2025-08-29,2.0688055826702483
2025-09-02,2.068969773589508
2025-09-03,2.069133977539793
2025-09-04,2.0692981945221374
2025-09-05,2.069462424537576
2025-09-08,2.0696266675871424
2025-09-09,2.0697909236718717
2025-09-10,2.069955192792798
2025-09-11,2.0701194749509564
2025-09-12,2.0702837701473813
2025-09-15,2.0704480783831074
2025-09-16,2.0706123996591694
2025-09-17,2.070776733976603
2025-09-18,2.0709410813364424
2025-09-19,2.071105441739723
2025-09-22,2.07126981518748
2025-09-23,2.071434201680749
2025-09-24,2.071598601220565
2025-09-25,2.071763013807964
2025-09-26,2.0719274394439804
2025-09-29,2.0720918781296507
2025-09-30,2.0722563298660104
2025-10-01,2.072420794654095
2025-10-02,2.072585272494941
2025-10-03,2.0727497633895835
2025-10-06,2.072914267339059
2025-10-07,2.0730787843444034
2025-10-08,2.073243314406653
2025-10-09,2.0734078575268438
2025-10-10,2.0735724137060125
2025-10-13,2.0737369829451957
2025-10-14,2.0739015652454293
2025-10-15,2.0740661606077504
2025-10-16,2.0742307690331954
2025-10-17,2.074395390522801
2025-10-20,2.074560025077605
2025-10-21,2.074724672698643
2025-10-22,2.0748893333869525
2025-10-23,2.0750540071435704
2025-10-24,2.0752186939695343
2025-10-27,2.075383393865881
2025-10-28,2.0755481068336485
2025-10-29,2.0757128328738736
2025-10-30,2.075877571987594
2025-10-31,2.076042324175847
2025-11-03,2.076207089439671
2025-11-04,2.076371867780103
2025-11-05,2.076536659198181
2025-11-06,2.076701463694943
2025-11-07,2.0768662812714265
2025-11-10,2.07703111192867
2025-11-11,2.077195955667712
2025-11-12,2.077360812489591
2025-11-13,2.077525682395344
2025-11-14,2.07769056538601
2025-11-17,2.077855461462628
2025-11-18,2.0780203706262363
2025-11-19,2.0781852928778735
2025-11-20,2.078350228218578
2025-11-21,2.0785151766493892
2025-11-24,2.078680138171346
2025-11-25,2.0788451127854866
2025-11-26,2.0790101004928507
2025-11-28,2.079175101294477
2025-12-01,2.079340115191405
2025-12-02,2.0795051421846744
2025-12-03,2.0796701822753243
2025-12-04,2.079835235464394
2025-12-05,2.0800003017529227
2025-12-08,2.080165381141951
2025-12-09,2.0803304736325177
2025-12-10,2.080495579225663
2025-12-11,2.080660697922427
2025-12-12,2.0808258297238496
2025-12-15,2.0809909746309705
2025-12-16,2.0811561326448302
2025-12-17,2.081321303766469
2025-12-18,2.0814864879969264
2025-12-19,2.0816516853372438
2025-12-22,2.081816895788461
2025-12-23,2.081982119351619
2025-12-24,2.082147356027758
2025-12-26,2.082312605817919
2025-12-29,2.0824778687231427
2025-12-30,2.08264314474447
2025-12-31,2.082808433882942
