date,ticker,ret,gross_ret,type,cost
2010-12-31,AXAS,0.5876109222282997,0.5876109222282997,rebalance_exit,3846.4590964590966
2010-12-31,MDCI,0.04778660037358806,0.05252084385588063,rebalance_exit,3846.4590964590966
2010-12-31,ZIOP,0.21739182983847183,0.23067834105094653,rebalance_exit,3846.4590964590966
2010-12-31,FFCH,0.0332136332276558,0.0332136332276558,rebalance_exit,3846.4590964590966
2010-12-31,BOFI,0.2980505923559089,0.3021910951563498,rebalance_exit,3846.4590964590966
2010-12-31,ESSA,0.10855900016721654,0.1116196143760646,rebalance_exit,3846.4590964590966
2010-12-31,MDTH,0.3681193831349008,0.3738047903027717,rebalance_exit,3846.4590964590966
2010-12-31,PCBK,0.11282350335808689,0.11282350335808711,rebalance_exit,3846.4590964590966
2010-12-31,LTXC,0.1766493738219157,0.18022330428682687,rebalance_exit,3846.4590964590966
2010-12-31,XNPT,0.18603305131910286,0.18603305131910286,rebalance_exit,3846.4590964590966
2010-12-31,SRDX,-0.025333802368630032,-0.010055678546221025,rebalance_exit,3846.4590964590966
2010-12-31,HW,0.2701088560310734,0.27222223473183926,rebalance_exit,3846.4590964590966
2010-12-31,FHCO,0.10566904794396947,0.10666336713122182,rebalance_exit,3846.4590964590966
2010-12-31,DRL,-0.17832592532649916,-0.17832592532649916,rebalance_exit,3846.4590964590966
2010-12-31,ALBO,-0.6624067108651897,-0.6607326465109338,rebalance_exit,3846.4590964590966
2010-12-31,NED,-0.21056157317188418,-0.2089552862868843,rebalance_exit,3846.4590964590966
2010-12-31,KEYN,0.2619630694430528,0.2641521814981218,rebalance_exit,3846.4590964590966
2010-12-31,FLOW1,0.5551330701965911,0.5551330701965911,rebalance_exit,3846.4590964590966
2010-12-31,IQNT,0.19042616083882224,0.203423175677234,rebalance_exit,3846.4590964590966
2010-12-31,DRLCQ,-0.17832592532649916,-0.17832592532649916,rebalance_exit,3846.4590964590966
2011-03-31,OPAY,-0.0072202097704794355,-0.0072202097704795465,rebalance_exit,3846.4590964590966
2011-03-31,ROCM,0.047803133294733735,0.047803133294733735,rebalance_exit,3846.4590964590966
2011-03-31,ASFI,0.1155515592443963,0.12062475964497388,rebalance_exit,3846.4590964590966
2011-03-31,SYMSQ,-0.1246718928520607,-0.1246718928520607,rebalance_exit,3846.4590964590966
2011-03-31,ARSD,-0.09779542756542914,-0.0894324186612131,rebalance_exit,1173.1481131564085
2011-03-31,CYTR,-0.14334928324872032,-0.13539226928806225,rebalance_exit,1173.1481131564085
2011-03-31,UTRA,-0.31682582352418975,-0.30079414753749245,rebalance_exit,1173.1481131564085
2011-03-31,TREC,-0.09778129449852346,-0.08941815458747393,rebalance_exit,1173.1481131564085
2011-03-31,LOJN,-0.28968450875368157,-0.2803838620164477,rebalance_exit,1173.1481131564085
2011-03-31,ORBC,0.2634873365601418,0.2657025978817731,rebalance_exit,1173.1481131564085
2011-03-31,PTXTQ,0.8986254547973695,0.9145173818395991,rebalance_exit,1173.1481131564085
2011-03-31,CSKI,-0.5314391218588868,-0.5225379111706859,rebalance_exit,1173.1481131564085
2011-03-31,EPRSQ,0.5373134266881885,0.5379746662260718,rebalance_exit,1173.1481131564085
2011-03-31,LOCM,-0.41840261130945056,-0.40567127725508456,rebalance_exit,1173.1481131564085
2011-03-31,ONP,-0.28523959664788534,-0.2841014882023206,rebalance_exit,1173.1481131564085
2011-03-31,LOCMQ,-0.41840261130945056,-0.40567127725508456,rebalance_exit,1173.1481131564085
2011-03-31,LMST,-0.2356502293018211,-0.23377871889030155,rebalance_exit,1173.1481131564085
2011-03-31,VTSS,0.1368571839566579,0.14614074557171608,rebalance_exit,1173.1481131564085
2011-03-31,EMAN,0.18101795363649198,0.18683700058370256,rebalance_exit,1173.1481131564085
2011-03-31,XOHO,0.05532818803375883,0.06975413319957302,rebalance_exit,1173.1481131564085
2011-03-31,CCIX_old,0.3956019528785526,0.4031065547575874,rebalance_exit,1173.1481131564085
2011-03-31,VLOV,-0.09999999999999998,-0.09999999999999998,rebalance_exit,1173.1481131564085
2011-03-31,PCTI,0.2420877758672284,0.2685460705203715,rebalance_exit,1173.1481131564085
2011-03-31,FOFN,-0.1282905970942133,-0.12829059709421342,rebalance_exit,1173.1481131564085
2011-03-31,GENTY,0.36233949770614804,0.36233949770614804,rebalance_exit,1173.1481131564085
2011-03-31,NEWN,-0.35963780115767174,-0.35963780115767174,rebalance_exit,1173.1481131564085
2011-03-31,GRMS,-0.6240000009536744,-0.6240000009536744,rebalance_exit,373.24835266113286
2011-03-31,NGSX,-0.37286411015796106,-0.37286411015796106,rebalance_exit,1173.1481131564085
2011-03-31,FESLQ,0.4243243774261609,0.44366198188136274,rebalance_exit,1173.1481131564085
2011-03-31,AFOP,-0.29334775026964655,-0.2882685391595061,rebalance_exit,1173.1481131564085
2011-03-31,BREW_old,0.22278547465054643,0.22278547465054643,rebalance_exit,1173.1481131564085
2011-03-31,CLSP,-0.179104480267527,-0.179104480267527,rebalance_exit,1173.1481131564085
2011-03-31,MPG1,0.3238089516520659,0.33480475531361154,rebalance_exit,1173.1481131564085
2011-03-31,HGSH,-0.12800017322212864,-0.12389239797835372,rebalance_exit,1088.5391201782227
2011-03-31,TSTC,-0.3709981261466879,-0.3709981261466878,rebalance_exit,1173.1481131564085
2011-03-31,LVLT,0.49396979212821956,0.49982424363936606,rebalance_exit,1173.1481131564085
2011-03-31,PNSN,0.3721881843259429,0.3721881843259429,rebalance_exit,1173.1481131564085
2011-03-31,HDNG,0.39017815208786866,0.3965121319866809,rebalance_exit,1173.1481131564085
2011-03-31,SPMD1,-0.30807790660470924,-0.30807790660470924,rebalance_exit,1173.1481131564085
2011-03-31,LNETQ,-0.17062988134145674,-0.1577146309194939,rebalance_exit,1173.1481131564085
2011-03-31,PBIB,-0.23640442225568947,-0.23453475848561556,rebalance_exit,1173.1481131564085
2011-03-31,IGOI,-0.27394176667523085,-0.2706448302000728,rebalance_exit,1173.1481131564085
2011-03-31,ADGE,-0.2304239945573895,-0.2232452300493485,rebalance_exit,1173.1481131564085
2011-03-31,APPCQ,-0.43367296285510415,-0.42667567523975636,rebalance_exit,1173.1481131564085
2011-03-31,UCCC,0.4500000476837158,0.4500000476837158,rebalance_exit,1173.1481131564085
2011-03-31,ASTID,-0.16002798390521267,-0.1500723360445233,rebalance_exit,1173.1481131564085
2011-03-31,HRZL,-0.805491990846682,-0.8054919908466819,rebalance_exit,1173.1481131564085
2011-03-31,CATG_old,-0.13599995963531597,-0.13599995963531597,rebalance_exit,17.552250108718873
2011-03-31,CNBC,0.1718272608464222,0.1718272608464222,rebalance_exit,1173.1481131564085
2011-03-31,LADXD,-0.14334923590916182,-0.1353922215087895,rebalance_exit,12.5456498336792
2011-06-30,WWAY,0.2659388028688998,0.28055303885663463,rebalance_exit,1173.1481131564085
2011-06-30,SAAS,0.43764472883244965,0.43764472883244965,rebalance_exit,1173.1481131564085
2011-06-30,PTSI,-0.13128244341100448,-0.12432410530944926,rebalance_exit,1173.1481131564085
2011-06-30,SRSL,0.07254291048415085,0.08236676027600942,rebalance_exit,1173.1481131564085
2011-06-30,LCAV,-0.1712604200148573,-0.1686956156855044,rebalance_exit,1173.1481131564085
2011-06-30,BBNK,0.2630646637504148,0.27356323754240974,rebalance_exit,1173.1481131564085
2011-06-30,ENVE,0.24259602920154277,0.24259602920154277,rebalance_exit,1173.1481131564085
2011-06-30,MKTY,-0.17737746796818032,-0.17737746796818032,rebalance_exit,360.7209716796875
2011-06-30,ZN,0.23438073124605419,0.2343807312460544,rebalance_exit,1173.1481131564085
2011-06-30,GTXI,0.766665124995421,0.7750212579369176,rebalance_exit,1173.1481131564085
2011-06-30,LDWY,-0.21186402568074658,-0.21186402568074658,rebalance_exit,1173.1481131564085
2011-06-30,JCS,0.2514637293644677,0.2710820811421495,rebalance_exit,1173.1481131564085
2011-06-30,ONCT,0.7667774755547965,0.7750212579369176,rebalance_exit,25.168150177001955
2011-06-30,SUMR,0.06481970311386398,0.07124011321296586,rebalance_exit,1173.1481131564085
2011-06-30,FGH,-0.401794797788684,-0.3999607881262929,rebalance_exit,1173.1481131564085
2011-06-30,JADE_old,-0.19100147318382332,-0.17994859352348513,rebalance_exit,1173.1481131564085
2011-06-30,BTN,-0.401794797788684,-0.3999607881262929,rebalance_exit,1173.1481131564085
2011-06-30,CHCC,-0.8529411805954771,-0.8529411805954771,rebalance_exit,1173.1481131564085
2011-06-30,TBOW,-0.41717319029701916,-0.41717319029701916,rebalance_exit,1336.8092963482197
2011-06-30,TSRX,0.3765977875823894,0.3765977875823894,rebalance_exit,1336.8092963482197
2011-06-30,SCEI,-0.7986516882100316,-0.7915358837296188,rebalance_exit,1336.8092963482197
2011-06-30,CHP,0.11521805890210346,0.11778236352116567,rebalance_exit,1336.8092963482197
2011-06-30,UQM,-0.2578816803897849,-0.2449664477856115,rebalance_exit,1336.8092963482197
2011-06-30,HOKU,-0.20006916941351405,-0.20006916941351416,rebalance_exit,1336.8092963482197
2011-06-30,UNTKQ,-0.13411181104988068,-0.13059364713709332,rebalance_exit,1336.8092963482197
2011-06-30,ALXA,0.07058828017290897,0.07058828017290897,rebalance_exit,1336.8092963482197
2011-06-30,PCMI,-0.25340375087697864,-0.25340375087697875,rebalance_exit,1336.8092963482197
2011-06-30,NWK,-0.41773831278855234,-0.41644560774160944,rebalance_exit,1336.8092963482197
2011-06-30,CVUA,-0.10445080198775458,-0.10328945490296837,rebalance_exit,1336.8092963482197
2011-06-30,GSI,-0.38449768251022753,-0.37916668256123864,rebalance_exit,1336.8092963482197
2011-06-30,ROSG,-0.45969212727779507,-0.4528301886792453,rebalance_exit,1336.8092963482197
2011-06-30,UGNEQ,-0.16337349168158088,-0.163373491681581,rebalance_exit,1336.8092963482197
2011-06-30,BTUI,-0.36252231369437304,-0.36252231369437293,rebalance_exit,1336.8092963482197
2011-06-30,FFNW,-0.10963798079140818,-0.1096379807914083,rebalance_exit,1336.8092963482197
2011-06-30,EVTND,-0.09090907777308088,-0.09090907777308088,rebalance_exit,1336.8092963482197
2011-06-30,GPHG,0.09230769936149663,0.09230769936149663,rebalance_exit,1297.7331231689454
2011-06-30,PEER,-0.6456285690831348,-0.6290322580645161,rebalance_exit,1336.8092963482197
2011-06-30,ENG,-0.3388381561474447,-0.3388381561474447,rebalance_exit,1336.8092963482197
2011-06-30,BIOL,0.03804738552172493,0.0517345222315746,rebalance_exit,23.965950374603274
2011-06-30,TST,-0.09796073980179565,-0.08772802879092378,rebalance_exit,1336.8092963482197
2011-06-30,PGTI,-0.24426059900476815,-0.24120986380446086,rebalance_exit,1336.8092963482197
2011-06-30,MTSN,-0.2330263934513237,-0.2330263934513237,rebalance_exit,1336.8092963482197
2011-06-30,ENGCQ,-0.3388342392508432,-0.3388342392508432,rebalance_exit,1336.8092963482197
2011-06-30,MATR,-0.2469047529237841,-0.2469047529237841,rebalance_exit,1336.8092963482197
2011-06-30,CLUBQ,0.5049406832473442,0.504940683247344,rebalance_exit,1336.8092963482197
2011-06-30,RNWK,-0.0988627393838627,-0.09508129956046385,rebalance_exit,1336.8092963482197
2011-06-30,GLA,-0.1661314794374562,-0.15752474274159667,rebalance_exit,1336.8092963482197
2011-06-30,CLUB_old,0.504970725063516,0.504970725063516,rebalance_exit,1336.8092963482197
2011-06-30,MRT1,0.0034108184800889507,0.005547844887849429,rebalance_exit,1336.8092963482197
2011-06-30,ENGC,-0.3388342392508432,-0.3388342392508432,rebalance_exit,1336.8092963482197
2011-06-30,DUSA1,0.19085628802964716,0.19370468940821994,rebalance_exit,1336.8092963482197
2011-06-30,PRTK,0.3318185641295659,0.3369968414514808,rebalance_exit,1336.8092963482197
2011-06-30,PALT,-0.6456285690831349,-0.6290322580645161,rebalance_exit,843.4341943359376
2011-06-30,HNSN,0.5429863296614716,0.5429863296614714,rebalance_exit,1336.8092963482197
2011-06-30,FDEF,0.022141999285885783,0.02441332684447972,rebalance_exit,1336.8092963482197
2011-06-30,PFC,0.022139088878738056,0.024410409970042624,rebalance_exit,1336.8092963482197
2011-09-30,DRJ,-0.2883608878317587,-0.2612923576442332,rebalance_exit,1173.1481131564085
2011-09-30,CBNJ,-0.16828843401796467,-0.16828843401796478,rebalance_exit,1173.1481131564085
2011-09-30,CUTRQ,-0.15045106767085237,-0.14407855916956125,rebalance_exit,1173.1481131564085
2011-09-30,STAR,-0.26217993298222986,-0.25832544558648585,rebalance_exit,1173.1481131564085
2011-09-30,CUTR,-0.15045106767085237,-0.14407855916956125,rebalance_exit,1173.1481131564085
2011-09-30,SIFI_old,-0.06723756227030886,-0.06376519303072581,rebalance_exit,1336.8092963482197
2011-09-30,YDKN,-0.2709674972525612,-0.2633241686259933,rebalance_exit,1336.8092963482197
2011-09-30,FCAL1,-0.2112791133201437,-0.19626668294270833,rebalance_exit,1336.8092963482197
2011-09-30,ECTE,-0.3006951996971846,-0.28571204735148725,rebalance_exit,1336.8092963482197
2011-09-30,PDII,-0.18268294476471414,-0.18125770653514184,rebalance_exit,1336.8092963482197
2011-09-30,TPGI,-0.31940297423983255,-0.31940297423983255,rebalance_exit,1336.8092963482197
2011-09-30,SOMX,-0.696816389261127,-0.696816389261127,rebalance_exit,1336.8092963482197
2011-09-30,ATSC_old,-0.3034220980483646,-0.3015521207305103,rebalance_exit,1336.8092963482197
2011-09-30,ROHIQ,-0.5469157771148898,-0.5469157771148898,rebalance_exit,1336.8092963482197
2011-09-30,REDF,-0.12399997711181643,-0.12399997711181643,rebalance_exit,1336.8092963482197
2011-09-30,MDCI,-0.3869831255223751,-0.3812059516001981,rebalance_exit,1192.9780650845435
2011-09-30,SUBK,-0.4084715628817267,-0.4040114848073738,rebalance_exit,1192.9780650845435
2011-09-30,REIS,-0.1277486189976984,-0.1086471285810564,rebalance_exit,1192.9780650845435
2011-09-30,UREE,0.007462715247501972,0.007462715247501972,rebalance_exit,727.6659423828125
2011-09-30,OCUP,-0.1986049541299979,-0.19657184376545844,rebalance_exit,182.2741540527344
2011-09-30,BBI,-0.4057420839071285,-0.3987960420352057,rebalance_exit,280.26538024902345
2011-09-30,AMNL,-0.30416234250649765,-0.29616144890746554,rebalance_exit,1192.9780650845435
2011-09-30,TRIDQ,-0.25140606656140907,-0.25140606656140896,rebalance_exit,1192.9780650845435
2011-09-30,EMAN,-0.586447922128424,-0.5768617424632788,rebalance_exit,1192.9780650845435
2011-09-30,QBAKD,0.0773480827940376,0.0773480827940376,rebalance_exit,1192.9780650845435
2011-09-30,XOHO,0.9436620238564659,0.9436620238564659,rebalance_exit,1192.9780650845435
2011-09-30,GEPC,-0.6250000194025536,-0.6250000194025535,rebalance_exit,907.4879040527344
2011-09-30,SPA,-0.3949421692480438,-0.3855185865240597,rebalance_exit,1192.9780650845435
2011-09-30,BSF,-0.14357292971209634,-0.1435232801996592,rebalance_exit,1192.9780650845435
2011-09-30,BOBS_old,-0.19716605944503884,-0.19716208182468442,rebalance_exit,1192.9780650845435
2011-09-30,DEXO,-0.7810459890216026,-0.7810459890216026,rebalance_exit,1192.9780650845435
2011-09-30,GRO_old,0.25,0.25,rebalance_exit,1192.9780650845435
2011-09-30,TIGR1,-0.3566486052661697,-0.35225879966485263,rebalance_exit,1192.9780650845435
2011-09-30,GEOKQ,-0.6987327593110405,-0.69447555213019,rebalance_exit,1192.9780650845435
2011-09-30,LBIO,-0.32016342933918984,-0.32016342933918984,rebalance_exit,121.27000000000001
2011-09-30,VRSZQ,-0.3889960940480771,-0.37686570317688306,rebalance_exit,1192.9780650845435
2011-09-30,CSHZ,-0.5878962721159855,-0.5878962721159855,rebalance_exit,1192.9780650845435
2011-09-30,RNN,-0.1986049541299978,-0.19657184376545844,rebalance_exit,1192.9780650845435
2011-09-30,OBQI,-0.3765785234822072,-0.3727022122922452,rebalance_exit,1192.9780650845435
2011-09-30,SCNB,-0.40846619230010317,-0.4040060737319855,rebalance_exit,1192.9780650845435
2011-09-30,ROCM,-0.19305234866686483,-0.17643322453014776,rebalance_exit,1192.9780650845435
2011-09-30,POWR_old,-0.3517166122804326,-0.3448753245811478,rebalance_exit,1192.9780650845435
2011-09-30,PVSW,-0.07830410777694441,-0.06637555355096447,rebalance_exit,1192.9780650845435
2011-09-30,HGSH,-0.4358611661980434,-0.4342655793206731,rebalance_exit,252.45189880371095
2011-09-30,CDMO,-0.4274119633578889,-0.41703122052558983,rebalance_exit,1192.9780650845435
2011-09-30,PNSN,-0.5954831633320101,-0.5954831633320101,rebalance_exit,1192.9780650845435
2011-09-30,HDNG,-0.2468076944755988,-0.2468076944755988,rebalance_exit,1192.9780650845435
2011-09-30,TDCH,1.0,1.0,rebalance_exit,1192.9780650845435
2011-09-30,FEEC,-0.4062499941792338,-0.4062499941792338,rebalance_exit,1192.9780650845435
2011-09-30,LWLW,-0.11111111111111127,-0.1111111044883728,rebalance_exit,1192.9780650845435
2011-09-30,FFCH,-0.5652959764399157,-0.5546930127111718,rebalance_exit,1192.9780650845435
2011-09-30,DGAS,-0.012083848158884192,-0.01119363046352495,rebalance_exit,1192.9780650845435
2011-09-30,CVVT,-0.32955065543556594,-0.31916305213114526,rebalance_exit,1192.9780650845435
2011-09-30,PPHM,-0.42741438613575755,-0.41703368722724377,rebalance_exit,1192.9780650845435
2011-09-30,CRLRQ,-0.4237633115216156,-0.40624834652532493,rebalance_exit,1192.9780650845435
2011-09-30,CBLI,-0.2664743342985315,-0.2664743342985315,rebalance_exit,1192.9780650845435
2011-12-30,MBRG,-0.18895854969668724,-0.18895854969668735,rebalance_exit,1336.8092963482197
2011-12-30,DTLK,0.17111667082606985,0.1884892741824713,rebalance_exit,1192.9780650845435
2011-12-30,ORBC,-0.051536046602600916,-0.04700467216742776,rebalance_exit,1192.9780650845435
2011-12-30,GNMK,-0.30292726833409167,-0.30189414875102716,rebalance_exit,1192.9780650845435
2011-12-30,VITC,0.2413336033157658,0.26007347936078684,rebalance_exit,1192.9780650845435
2011-12-30,CGA,-0.4044365920205395,-0.4044365920205395,rebalance_exit,1192.9780650845435
2011-12-30,KBXRF,-0.4852632695995409,-0.4805571052231745,rebalance_exit,1192.9780650845435
2011-12-30,FFBH,-0.33858295760346624,-0.33333330880467305,rebalance_exit,1192.9780650845435
2011-12-30,MSL,-0.05203738153024484,-0.03561486541446446,rebalance_exit,1192.9780650845435
2011-12-30,WWAY,0.3124113454891839,0.3223306488853419,rebalance_exit,679.1956401696247
2011-12-30,LIWA,0.08880177407242562,0.09057442875520949,rebalance_exit,679.1956401696247
2011-12-30,AOI,0.1969697287150547,0.1969697287150547,rebalance_exit,679.1956401696247
2011-12-30,PQ,-0.18670884344922012,-0.18670884344922012,rebalance_exit,679.1956401696247
2011-12-30,FVE,10.75006910661449,10.789887768418138,rebalance_exit,679.1956401696247
2011-12-30,OPXT,-0.3731862512428106,-0.36914079425078894,rebalance_exit,679.1956401696247
2011-12-30,EVLV_old,-0.2409212089697783,-0.22236029591066098,rebalance_exit,679.1956401696247
2011-12-30,GHMP,-0.41530303439198635,-0.41530303439198635,rebalance_exit,679.1956401696247
2011-12-30,CHP,0.3113206795404986,0.3113206795404986,rebalance_exit,679.1956401696247
2011-12-30,SRSL,-0.20997878899330924,-0.20130283442908425,rebalance_exit,679.1956401696247
2011-12-30,UDRL,0.29171146911322543,0.30683950866806087,rebalance_exit,679.1956401696247
2011-12-30,PRGX,0.23547294701124577,0.24229016696024241,rebalance_exit,679.1956401696247
2011-12-30,URZ,0.3005611087770095,0.3181229591893857,rebalance_exit,679.1956401696247
2011-12-30,MITL,0.48488845633139444,0.5000001124616,rebalance_exit,679.1956401696247
2011-12-30,SYMSQ,0.24172477351488908,0.24172477351488908,rebalance_exit,679.1956401696247
2011-12-30,BSTC,0.028825255060801913,0.02973986788951266,rebalance_exit,679.1956401696247
2011-12-30,VOG,0.22380948228900932,0.22380948228900932,rebalance_exit,679.1956401696247
2011-12-30,IMBI,-0.24092128386080125,-0.22236037263291109,rebalance_exit,679.1956401696247
2011-12-30,ENVE,0.14285367857420472,0.14285367857420495,rebalance_exit,679.1956401696247
2011-12-30,MPX,0.413910536815437,0.413910536815437,rebalance_exit,679.1956401696247
2011-12-30,ATS_old,0.048951087426345685,0.048951029777526855,rebalance_exit,679.1956401696247
2011-12-30,ADY,-0.5331924568348161,-0.520370394735506,rebalance_exit,679.1956401696247
2011-12-30,EBTX,0.25613877251885997,0.25613877251885975,rebalance_exit,679.1956401696247
2011-12-30,PACR,0.39900360123804757,0.4051408652491342,rebalance_exit,679.1956401696247
2011-12-30,LCRY,0.02515445402033145,0.03867352265955093,rebalance_exit,679.1956401696247
2011-12-30,PWOD,0.17949248518412242,0.18508063294368227,rebalance_exit,679.1956401696247
2011-12-30,WCAA,0.5190225003129543,0.5190225003129543,rebalance_exit,679.1956401696247
2011-12-30,BKMU,0.2160409309958864,0.22210067836491532,rebalance_exit,679.1956401696247
2011-12-30,CBK_old,-0.3247532962122103,-0.3247532962122103,rebalance_exit,679.1956401696247
2011-12-30,WMTM,0.21350070291008882,0.21861494124257175,rebalance_exit,679.1956401696247
2011-12-30,HSON,0.3612658356116629,0.36932139567031363,rebalance_exit,679.1956401696247
2011-12-30,AEPI,0.23639989259851868,0.2430968922967196,rebalance_exit,679.1956401696247
2011-12-30,APEX,-0.08931034441906349,-0.08931034441906349,rebalance_exit,679.1956401696247
2011-12-30,COCO_old,0.39754214595481874,0.4000000922910658,rebalance_exit,679.1956401696247
2011-12-30,DVOXQ,0.005773103208168706,0.011111167036458314,rebalance_exit,679.1956401696247
2011-12-30,UPI,-0.14959140107565394,-0.13243017898129328,rebalance_exit,679.1956401696247
2011-12-30,CPGI,0.27245956009590255,0.276206689020023,rebalance_exit,679.1956401696247
2011-12-30,NRF,0.4578395824605377,0.4578395824605377,rebalance_exit,679.1956401696247
2011-12-30,PCBK,0.2545450520436383,0.25454505204363853,rebalance_exit,679.1956401696247
2011-12-30,TAYC,0.4865774320779692,0.49236341997000266,rebalance_exit,679.1956401696247
2011-12-30,NICK,0.2964721211132504,0.31430368279433996,rebalance_exit,679.1956401696247
2011-12-30,IMBIQ,-0.24092128386080125,-0.22236037263291109,rebalance_exit,679.1956401696247
2011-12-30,CBKC,-0.3247532962122103,-0.3247532962122103,rebalance_exit,679.1956401696247
2011-12-30,FDEF,0.1076938680738786,0.10769386807387837,rebalance_exit,679.1956401696247
2011-12-30,INDT,0.03186490183291646,0.03413888830314682,rebalance_exit,679.1956401696247
2011-12-30,CHKE,-0.08931034441906349,-0.08931034441906349,rebalance_exit,679.1956401696247
2011-12-30,PFC,0.10770013715816273,0.10770013715816273,rebalance_exit,679.1956401696247
2011-12-30,GRIF,0.03196409705067649,0.03423830212373202,rebalance_exit,679.1956401696247
2012-03-30,MOFG,0.3413180669798179,0.34915125238269384,rebalance_exit,3846.4590964590966
2012-03-30,MSSR,-0.042496389720211525,-0.042496389720211636,rebalance_exit,1173.1481131564085
2012-03-30,HTBK,0.41912171484770466,0.4203145177125429,rebalance_exit,1173.1481131564085
2012-03-30,PNNW,0.06067250768934751,0.06067250768934751,rebalance_exit,1173.1481131564085
2012-03-30,RLOG,0.14170932422333715,0.14969051626444863,rebalance_exit,1336.8092963482197
2012-03-30,RLOGQ,0.14169595786283784,0.1496770564655514,rebalance_exit,1336.8092963482197
2012-03-30,ELLI,0.9375006133680768,0.9375006133680766,rebalance_exit,1192.9780650845435
2012-03-30,METR,0.3435951247100022,0.3514438019133397,rebalance_exit,679.1956401696247
2012-03-30,LPHI,-0.33828495434308037,-0.33828495434308037,rebalance_exit,679.1956401696247
2012-03-30,IHC,0.5098264097104026,0.5155060527794555,rebalance_exit,679.1956401696247
2012-03-30,MILL,0.5791404036065475,0.5902183234023728,rebalance_exit,679.1956401696247
2012-03-30,RLH,11.190846029549844,11.190846029549844,rebalance_exit,679.1956401696247
2012-03-30,MTOX,0.2678351676973343,0.2738236778365801,rebalance_exit,679.1956401696247
2012-03-30,CRY_old,0.1593756533267432,0.16210909240998062,rebalance_exit,679.1956401696247
2012-03-30,DYAX,0.22900758535767207,0.23809520205312462,rebalance_exit,679.1956401696247
2012-03-30,FHCO,0.35521047225442737,0.3552104722544276,rebalance_exit,679.1956401696247
2012-03-30,FFNW,0.3340827401826909,0.33930856711954793,rebalance_exit,679.1956401696247
2012-03-30,GKNT,-0.30412012370049124,-0.30109885831460426,rebalance_exit,679.1956401696247
2012-03-30,MAXD,-0.5050587428090241,-0.4897959282973168,rebalance_exit,679.1956401696247
2012-03-30,SRCI,0.17082014545491675,0.17543860236179953,rebalance_exit,679.1956401696247
2012-03-30,BREW_old,0.36155019693746904,0.3615501969374688,rebalance_exit,679.1956401696247
2012-03-30,AACC,0.37807394339666467,0.3972355295496006,rebalance_exit,679.1956401696247
2012-03-30,FRP,-0.14318807568493686,-0.1255814363532205,rebalance_exit,679.1956401696247
2012-03-30,LUB,0.46504963963397494,0.47003742679776006,rebalance_exit,679.1956401696247
2012-03-30,TESS,0.9522645977420805,0.9522645977420805,rebalance_exit,679.1956401696247
2012-03-30,MPR,0.21979332034060928,0.23076929061969054,rebalance_exit,679.1956401696247
2012-03-30,TOX,0.2678351676973343,0.2738236778365801,rebalance_exit,679.1956401696247
2012-03-30,EGT,0.9559590132177711,0.9590399842765103,rebalance_exit,843.6362847373707
2012-03-30,ISH,0.2499275107636929,0.2499275107636929,rebalance_exit,843.6362847373707
2012-03-30,ISHC,0.2283329876322604,0.22833298763226018,rebalance_exit,843.6362847373707
2012-03-30,TA,0.465984914933947,0.4757720390262694,rebalance_exit,843.6362847373707
2012-03-30,WOFA,-0.4470155427115481,-0.44701554271154786,rebalance_exit,843.6362847373707
2012-03-30,OKSB,0.546996185285828,0.546996185285828,rebalance_exit,843.6362847373707
2012-03-30,OGXI,0.1194243847194787,0.12625981921528928,rebalance_exit,843.6362847373707
2012-03-30,JST,0.06389698523930631,0.06981900822740439,rebalance_exit,843.6362847373707
2012-03-30,LPIH,0.2722795724610936,0.284503677830374,rebalance_exit,843.6362847373707
2012-03-30,AMR_old,-0.3142857179349784,-0.3142857179349783,rebalance_exit,843.6362847373707
2012-03-30,ZLC,-0.19985245875771207,-0.18897638830014307,rebalance_exit,843.6362847373707
2012-03-30,RACK_old,-0.3684210332827723,-0.3684210332827723,rebalance_exit,10.711301350593567
2012-03-30,PLXT,0.3947923971423284,0.4006969133183116,rebalance_exit,843.6362847373707
2012-03-30,FNRG,-0.658098665298956,-0.658098665298956,rebalance_exit,843.6362847373707
2012-03-30,ESIC,0.2788945045715865,0.27889450457158627,rebalance_exit,843.6362847373707
2012-03-30,DRL,0.5947957008821381,0.6108785504789469,rebalance_exit,843.6362847373707
2012-03-30,ECYT,0.31400959544240137,0.32446809353845696,rebalance_exit,843.6362847373707
2012-03-30,MRT1,0.0012359357292111017,0.0012359357292111017,rebalance_exit,843.6362847373707
2012-03-30,DUSA1,0.42922375920551525,0.42922375920551525,rebalance_exit,843.6362847373707
2012-03-30,PRTK,0.34355077979609705,0.34355077979609705,rebalance_exit,843.6362847373707
2012-03-30,TPGI,0.37525715235558743,0.37837845578072704,rebalance_exit,843.6362847373707
2012-03-30,CYTX,0.12828626350048333,0.13181818181818183,rebalance_exit,843.6362847373707
2012-03-30,FFCH,0.2064721742838702,0.2186513285961642,rebalance_exit,843.6362847373707
2012-03-30,ACFND,0.7931035612940738,0.7931035612940738,rebalance_exit,843.6362847373707
2012-03-30,NHLD,-0.07749996185302743,-0.07749998569488525,rebalance_exit,843.6362847373707
2012-03-30,CXPO,0.4249225376989312,0.42512288627295347,rebalance_exit,843.6362847373707
2012-03-30,APRI,-0.4774520669972495,-0.4669160149991112,rebalance_exit,843.6362847373707
2012-03-30,XNPT,0.16213098825502947,0.16853650116448082,rebalance_exit,843.6362847373707
2012-03-30,TWER,1.1772846571440971,1.1772846571440976,rebalance_exit,74.77544891357422
2012-03-30,CBLI,-0.139860137994671,-0.139860137994671,rebalance_exit,843.6362847373707
2012-03-30,DRLCQ,0.5947957008821381,0.6108785504789469,rebalance_exit,843.6362847373707
2012-06-29,QUMU,-0.37068832434086374,-0.3688608801402019,rebalance_exit,1192.9780650845435
2012-06-29,FES,-0.07843139271514354,-0.07843139271514354,rebalance_exit,679.1956401696247
2012-06-29,FESLQ,-0.07843139271514354,-0.07843139271514354,rebalance_exit,679.1956401696247
2012-06-29,JCS,-0.1486367342654431,-0.148636734265443,rebalance_exit,679.1956401696247
2012-06-29,SUMR,-0.5089715537756422,-0.505786959188643,rebalance_exit,679.1956401696247
2012-06-29,ALSK,-0.28265209917132283,-0.27563451184571996,rebalance_exit,843.6362847373707
2012-06-29,CAMP_old,0.7023255552371757,0.7023255552371757,rebalance_exit,843.6362847373707
2012-06-29,JAXB,-0.5213854483503946,-0.5213854483503945,rebalance_exit,843.6362847373707
2012-06-29,CAMPQ,0.7023255552371757,0.7023255552371757,rebalance_exit,843.6362847373707
2012-06-29,DCIX,-0.003580050622743469,-0.00358005062274358,rebalance_exit,843.6362847373707
2012-06-29,WRLS1,0.23199996948242174,0.23199996948242196,rebalance_exit,843.6362847373707
2012-06-29,PTE,-0.19943780944736977,-0.19264880960603314,rebalance_exit,174.67569580078126
2012-06-29,MIFI,-0.21945179027657014,-0.2044728362469862,rebalance_exit,843.6362847373707
2012-06-29,NJMCD,-0.2749999978712627,-0.2749999978712626,rebalance_exit,843.6362847373707
2012-06-29,NPTN,0.06119276399734552,0.06555455094672746,rebalance_exit,843.6362847373707
2012-06-29,TKLSD,-0.534883741561369,-0.534883741561369,rebalance_exit,843.6362847373707
2012-06-29,DALN,-0.13851071577029994,-0.1327429619491025,rebalance_exit,843.6362847373707
2012-06-29,CRED1,0.4119604126064873,0.4119604126064873,rebalance_exit,843.6362847373707
2012-06-29,ATTU,0.8207237265049174,0.8309859036689851,rebalance_exit,843.6362847373707
2012-06-29,BFIN,0.3629229122686837,0.3629229122686837,rebalance_exit,843.6362847373707
2012-06-29,PARL,0.12007498814243966,0.12007498814243966,rebalance_exit,843.6362847373707
2012-06-29,PQ,-0.10952450311795614,-0.10952450311795614,rebalance_exit,1288.216059110766
2012-06-29,ENZ,-0.40300819937190413,-0.3848358650265359,rebalance_exit,1288.216059110766
2012-06-29,DRJ,0.189655149734262,0.189655149734262,rebalance_exit,1288.216059110766
2012-06-29,UDRL,-0.20438340670382593,-0.20149153998579705,rebalance_exit,1288.216059110766
2012-06-29,EWSI,-0.9805112048965634,-0.9805112048965634,rebalance_exit,1288.216059110766
2012-06-29,ALIM,-0.1393362869080933,-0.12624320231685027,rebalance_exit,1288.216059110766
2012-06-29,SNMX,-0.1544429230877279,-0.15444292308772778,rebalance_exit,1288.216059110766
2012-06-29,LMST,-0.30920905415370525,-0.30920905415370536,rebalance_exit,558.8989038085938
2012-06-29,BRNE,-0.07928044682044344,-0.07928044682044344,rebalance_exit,1288.216059110766
2012-06-29,LCAV,-0.33789892853497827,-0.32523765038133146,rebalance_exit,1288.216059110766
2012-06-29,CVUA,-0.26841962826010357,-0.26841962826010357,rebalance_exit,1288.216059110766
2012-06-29,ABCD,-0.6529669917272425,-0.645652147540694,rebalance_exit,1288.216059110766
2012-06-29,BSF,0.1400289538099444,0.17444236746689556,rebalance_exit,1288.216059110766
2012-06-29,ENVE,0.062116335268531664,0.06722538376945386,rebalance_exit,1288.216059110766
2012-06-29,NEPHD,0.9017008729090319,0.9047618364153811,rebalance_exit,1288.216059110766
2012-06-29,GENTY,0.05544965399206192,0.05544965399206214,rebalance_exit,1288.216059110766
2012-06-29,ONVO,0.5962513615132912,0.6124145331539659,rebalance_exit,1288.216059110766
2012-06-29,CGA,-0.17209194833985608,-0.17209194833985608,rebalance_exit,1288.216059110766
2012-06-29,WMTM,-0.17542705214929644,-0.17542705214929644,rebalance_exit,1288.216059110766
2012-06-29,POWR_old,-0.18168682307793294,-0.18168682307793282,rebalance_exit,1288.216059110766
2012-06-29,CECE,0.02414177766563519,0.02414177766563519,rebalance_exit,1288.216059110766
2012-06-29,BXG_old,0.13888589160438802,0.1397722325647337,rebalance_exit,1288.216059110766
2012-06-29,DGAS,1.3018485077991766,1.3018485077991766,rebalance_exit,1288.216059110766
2012-06-29,BYON,0.31026267519899786,0.31026267519899764,rebalance_exit,1288.216059110766
2012-06-29,OSTK,0.31026267519899786,0.31026267519899764,rebalance_exit,1288.216059110766
2012-06-29,FFBH,0.1400846589112501,0.17445520767775524,rebalance_exit,1288.216059110766
2012-06-29,REDF,-0.4244136745966379,-0.40741852132200607,rebalance_exit,1288.216059110766
2012-06-29,INDT,0.04255910757997494,0.04255910757997494,rebalance_exit,1288.216059110766
2012-06-29,GRIF,0.04256248652829986,0.04256248652829986,rebalance_exit,1288.216059110766
2012-09-28,CFI,0.19878592461148803,0.20252095756958322,rebalance_exit,3846.4590964590966
2012-09-28,FBRC,0.2943905315481239,0.29439053154812367,rebalance_exit,679.1956401696247
2012-09-28,MPG1,0.5525819531126985,0.5640470526586028,rebalance_exit,679.1956401696247
2012-09-28,SUBK,0.34248537191752604,0.34608194560753125,rebalance_exit,843.6362847373707
2012-09-28,BBI,-0.03270905257951284,-0.026221794622734662,rebalance_exit,323.929281616211
2012-09-28,CCF,0.3045133556057549,0.3045133556057551,rebalance_exit,843.6362847373707
2012-09-28,SCNB,0.3424865385384239,0.34608311535385483,rebalance_exit,843.6362847373707
2012-09-28,MEDW,0.7023437741345882,0.7034794853933155,rebalance_exit,843.6362847373707
2012-09-28,VTNC,-0.26500664690729403,-0.2593358351548851,rebalance_exit,1288.216059110766
2012-09-28,OPXT,-0.40179414013083203,-0.40179414013083203,rebalance_exit,1288.216059110766
2012-09-28,BFGCD,-0.6799999872843425,-0.6799999872843425,rebalance_exit,1288.216059110766
2012-09-28,BEES,-0.9370696090181555,-0.9367291390611912,rebalance_exit,1288.216059110766
2012-09-28,VLNCQ,-0.9835675801358119,-0.9829615184393372,rebalance_exit,1288.216059110766
2012-09-28,EPRSQ,-0.3832500245836046,-0.3832500245836046,rebalance_exit,1288.216059110766
2012-09-28,JMBA,0.05880189841826189,0.07153983568427758,rebalance_exit,1288.216059110766
2012-09-28,VOG,-0.5011093626463073,-0.5011093626463075,rebalance_exit,1288.216059110766
2012-09-28,RDMPQ,-0.2052980333215061,-0.2052980333215061,rebalance_exit,1288.216059110766
2012-09-28,ANCX,0.3106239843146785,0.3106239843146785,rebalance_exit,1288.216059110766
2012-09-28,ROCM,0.19751304391347801,0.20387358964844426,rebalance_exit,1288.216059110766
2012-09-28,HEOP,0.12448089652648386,0.1316274229155141,rebalance_exit,1288.216059110766
2012-09-28,CTFO,0.1829054448318388,0.18350513071876473,rebalance_exit,1288.216059110766
2012-09-28,HDYN,-0.13659230015513324,-0.13659230015513313,rebalance_exit,1103.581835806686
2012-09-28,BFX,-0.2102607413247477,-0.2102607413247478,rebalance_exit,1103.581835806686
2012-09-28,KERX,0.5452936904291861,0.5539604513031742,rebalance_exit,1103.581835806686
2012-09-28,CCLP,0.39478472595443526,0.39478472595443526,rebalance_exit,1103.581835806686
2012-09-28,SRSL,-0.18622024467388643,-0.18622024467388631,rebalance_exit,1103.581835806686
2012-09-28,USU,-0.2538982781460726,-0.23357404921510938,rebalance_exit,1103.581835806686
2012-09-28,LPIH,0.346152393927073,0.3461523939270732,rebalance_exit,1103.581835806686
2012-09-28,MOSY,0.21692110960063715,0.24132521386882955,rebalance_exit,1103.581835806686
2012-09-28,GRO_old,-0.2867183948717045,-0.27973782909124223,rebalance_exit,1103.581835806686
2012-09-28,BFXXQ,-0.2102607413247477,-0.2102607413247478,rebalance_exit,1103.581835806686
2012-09-28,ANAD,-0.22777776526816063,-0.22777776526816063,rebalance_exit,1103.581835806686
2012-09-28,FNRG,0.16332869562468133,0.16332869562468155,rebalance_exit,1103.581835806686
2012-09-28,MTSN,-0.4532568289832378,-0.4457142693655831,rebalance_exit,1103.581835806686
2012-09-28,NLS,-0.2102607413247477,-0.2102607413247478,rebalance_exit,1103.581835806686
2012-09-28,PVSW,0.13674901436179177,0.138229475437448,rebalance_exit,1103.581835806686
2012-09-28,PCXCQ,-0.9076766775538581,-0.905604801326851,rebalance_exit,1103.581835806686
2012-09-28,HSON,0.056191481707058566,0.06954438645147154,rebalance_exit,1103.581835806686
2012-09-28,DUSA1,0.2893751128374238,0.30076632849897766,rebalance_exit,1103.581835806686
2012-09-28,GSKNF,0.1882187312659429,0.1990023116132107,rebalance_exit,1103.581835806686
2012-09-28,ETRM,-0.021649386064815035,0.0,rebalance_exit,79.10975158691406
2012-09-28,BDSI,0.35098291418818217,0.378395020948606,rebalance_exit,1103.581835806686
2012-09-28,GRNL,-0.892123113067687,-0.8901073941168662,rebalance_exit,1103.581835806686
2012-12-31,STVI,-0.6790953602497101,-0.6790953602497101,rebalance_exit,1053.0975
2012-12-31,ASFI,0.1439798527178764,0.1439798527178764,rebalance_exit,1192.9780650845435
2012-12-31,CLCT,-0.23517468850079426,-0.2325394973442605,rebalance_exit,1192.9780650845435
2012-12-31,ESSA,296.8264814053647,296.8264814053647,rebalance_exit,679.1956401696247
2012-12-31,FMD,-0.261918446527989,-0.2619184465279891,rebalance_exit,679.1956401696247
2012-12-31,AMNL,0.18375676585286804,0.21014561185317127,rebalance_exit,843.6362847373707
2012-12-31,LCI,0.1108843302392466,0.11358736441658945,rebalance_exit,843.6362847373707
2012-12-31,AVDL,-0.43085813012119767,-0.43085813012119767,rebalance_exit,843.6362847373707
2012-12-31,KFFG,3.544296832583033,3.544296832583033,rebalance_exit,843.6362847373707
2012-12-31,EVLV_old,-0.130434777600954,-0.1304347776009539,rebalance_exit,1288.216059110766
2012-12-31,VSB,0.19220786137290702,0.19220786137290702,rebalance_exit,1288.216059110766
2012-12-31,CPAH,-0.33423977168429486,-0.31976187229156494,rebalance_exit,1288.216059110766
2012-12-31,BSTC,-0.07561998315260998,-0.05772156401296025,rebalance_exit,1288.216059110766
2012-12-31,IMBI,-0.13043481465824092,-0.13043481465824092,rebalance_exit,1288.216059110766
2012-12-31,IMBIQ,-0.13043481465824092,-0.13043481465824092,rebalance_exit,1288.216059110766
2012-12-31,REIS,0.3461423066895315,0.35588107261752655,rebalance_exit,1103.581835806686
2012-12-31,RMTR,0.011687353341722106,0.011687353341721884,rebalance_exit,1103.581835806686
2012-12-31,ARCP,0.3046178437755913,0.3129139915633756,rebalance_exit,1103.581835806686
2012-12-31,SPA,0.4005816446936079,0.40101014343454944,rebalance_exit,1103.581835806686
2012-12-31,ABKI,0.3658536670464696,0.3658536670464694,rebalance_exit,1103.581835806686
2012-12-31,WMIH,0.6566323501241669,0.6799999872843425,rebalance_exit,1103.581835806686
2012-12-31,COOP,0.6566190211441165,0.6799864702922871,rebalance_exit,1103.581835806686
2012-12-31,MEA,-0.11839877687523104,-0.10909091106131052,rebalance_exit,1103.581835806686
2012-12-31,MATR,-0.3938895946101305,-0.38461284211735425,rebalance_exit,1103.581835806686
2012-12-31,PENX,-0.18504320653546458,-0.18379132675993437,rebalance_exit,1103.581835806686
2012-12-31,IRLD,-0.1781556312901047,-0.17324803583482962,rebalance_exit,1103.581835806686
2012-12-31,MPR,0.050606449233100426,0.05211721392488755,rebalance_exit,1103.581835806686
2012-12-31,CRLRQ,-0.14566924847083573,-0.14566924847083573,rebalance_exit,1103.581835806686
2012-12-31,PERF_old,-0.41375724788077917,-0.4065138602010079,rebalance_exit,1103.581835806686
2012-12-31,ADNC,0.6568543894638055,0.6568543894638057,rebalance_exit,1063.2274548113644
2012-12-31,HEB,-0.6953795587670735,-0.6953795587670735,rebalance_exit,1063.2274548113644
2012-12-31,DWCH,-0.3232842690774764,-0.319699077013336,rebalance_exit,1063.2274548113644
2012-12-31,UDRL,0.009140702340938445,0.009140702340938667,rebalance_exit,1063.2274548113644
2012-12-31,RLH,0.2623999786376954,0.2623999786376954,rebalance_exit,1063.2274548113644
2012-12-31,LMST,-0.6386541767422813,-0.6386541767422812,rebalance_exit,1063.2274548113644
2012-12-31,WNRP,-0.09090889020014803,-0.09090888500213623,rebalance_exit,1063.2274548113644
2012-12-31,FABU,-0.3825801323398368,-0.38048635469275716,rebalance_exit,1063.2274548113644
2012-12-31,BFED,0.013618710793710243,0.013618710793710243,rebalance_exit,1063.2274548113644
2012-12-31,MAXD,-0.19047615668670814,-0.19047615668670825,rebalance_exit,1063.2274548113644
2012-12-31,RSYS,-0.18047921145959223,-0.17906579561367542,rebalance_exit,1063.2274548113644
2012-12-31,CBK_old,0.550108756742451,0.5527065025848716,rebalance_exit,1063.2274548113644
2012-12-31,DRRX,-0.3743393573255055,-0.3700163967130059,rebalance_exit,1063.2274548113644
2012-12-31,AMRI,0.5031168745742174,0.5121515145580089,rebalance_exit,1063.2274548113644
2012-12-31,POWR_old,0.2968539627370441,0.30383977315605715,rebalance_exit,1063.2274548113644
2012-12-31,DRL,-0.23184536030907432,-0.23184536030907443,rebalance_exit,1063.2274548113644
2012-12-31,CDMO,0.25992055636625055,0.25992055636625055,rebalance_exit,1063.2274548113644
2012-12-31,TKLSD,-0.20000000000000007,-0.19999998807907104,rebalance_exit,1063.2274548113644
2012-12-31,SANPD,-0.8735294117647059,-0.8735294342041016,rebalance_exit,1063.2274548113644
2012-12-31,HNSN,0.05073133257771234,0.0659431519280056,rebalance_exit,1063.2274548113644
2012-12-31,FRBK,-0.033272588771695366,-0.033272588771695366,rebalance_exit,1063.2274548113644
2012-12-31,PPHM,0.25993071318735916,0.25993071318735916,rebalance_exit,1063.2274548113644
2012-12-31,BMTI,0.7517615834100941,0.7615570647019274,rebalance_exit,1063.2274548113644
2012-12-31,CBKC,0.550108756742451,0.5527065025848716,rebalance_exit,1063.2274548113644
2012-12-31,UCFC,-0.18154609794025,-0.17191582737552913,rebalance_exit,1063.2274548113644
2012-12-31,DRLCQ,-0.23184536030907432,-0.23184536030907443,rebalance_exit,1063.2274548113644
2013-03-28,EIHI,0.5697238960891138,0.5735771470202253,rebalance_exit,1173.1481131564085
2013-03-28,CUTRQ,0.7003976565859309,0.7079424715547258,rebalance_exit,843.6362847373707
2013-03-28,CUTR,0.7003969113988782,0.7079424715547258,rebalance_exit,843.6362847373707
2013-03-28,EMKR,0.2006969659535658,0.21228616188706484,rebalance_exit,1288.216059110766
2013-03-28,HDNG,0.4467323874186566,0.4521695219077213,rebalance_exit,1288.216059110766
2013-03-28,MNTG,-0.349717045790639,-0.349717045790639,rebalance_exit,1288.216059110766
2013-03-28,URZ,-0.1292358161108279,-0.12413797299161544,rebalance_exit,1103.581835806686
2013-03-28,ADY,0.059941496822479845,0.059941496822479845,rebalance_exit,1103.581835806686
2013-03-28,GKNT,-0.25479310367392694,-0.25479310367392694,rebalance_exit,1103.581835806686
2013-03-28,PDII,-0.29390423471629445,-0.29390423471629457,rebalance_exit,1103.581835806686
2013-03-28,SNAK,0.234920630835862,0.23492063083586223,rebalance_exit,1103.581835806686
2013-03-28,ADGE,-0.07610098087739592,-0.07467527907747484,rebalance_exit,1103.581835806686
2013-03-28,LIWA,0.4265676493054975,0.43425952527797484,rebalance_exit,1063.2274548113644
2013-03-28,OME,0.5531623988298104,0.5586560696622858,rebalance_exit,1063.2274548113644
2013-03-28,NVIV,0.541935483870968,0.5419354838709678,rebalance_exit,1063.2274548113644
2013-03-28,TEAR,0.7733244460123099,0.7777951093768825,rebalance_exit,1063.2274548113644
2013-03-28,GNOM2,0.007260412382911863,0.007260412382911863,rebalance_exit,1063.2274548113644
2013-03-28,STAR,0.31521989540281403,0.31521989540281403,rebalance_exit,1063.2274548113644
2013-03-28,DAKP,0.5354331314722669,0.5354331314722667,rebalance_exit,1063.2274548113644
2013-03-28,PACR,0.25691816391647615,0.25691816391647637,rebalance_exit,1063.2274548113644
2013-03-28,CLSP,0.324898259793035,0.324898259793035,rebalance_exit,1063.2274548113644
2013-03-28,JRCCQ,-0.40766698287244296,-0.39687262083259134,rebalance_exit,1063.2274548113644
2013-03-28,DAKPQ,0.5354331314722669,0.5354331314722667,rebalance_exit,1063.2274548113644
2013-03-28,DGAS,0.13698788118286487,0.1411589417097885,rebalance_exit,1063.2274548113644
2013-03-28,BFX,1.0207574953686027,1.054115478216577,rebalance_exit,4468.781659444149
2013-03-28,IKGH,0.3788957678044411,0.3788957678044411,rebalance_exit,4468.781659444149
2013-03-28,ENZ,-0.08010866423073837,-0.08010866423073837,rebalance_exit,4468.781659444149
2013-03-28,DOLNQ,-0.39191354369574993,-0.38560410271170176,rebalance_exit,4468.781659444149
2013-03-28,PLMT,0.39255708135815115,0.39255708135815137,rebalance_exit,4468.781659444149
2013-03-28,TA,1.0205579842588306,1.023357323041369,rebalance_exit,4468.781659444149
2013-03-28,YDKN,0.3418297230388392,0.3448258069437864,rebalance_exit,4468.781659444149
2013-03-28,PTIE,0.2198975213812997,0.24423348708845327,rebalance_exit,4468.781659444149
2013-03-28,AXDX,0.7890834924386818,0.789083492438682,rebalance_exit,655.3265969848634
2013-03-28,GSEHQ,0.3076627290890537,0.3103602001585817,rebalance_exit,4468.781659444149
2013-03-28,CRTX1,0.4657142985571965,0.48816139441031803,rebalance_exit,4468.781659444149
2013-03-28,BYRND,-0.125,-0.125,rebalance_exit,4468.781659444149
2013-03-28,MOSY,0.3514290720686284,0.35344827586206895,rebalance_exit,4468.781659444149
2013-03-28,MLND,0.07526881720430101,0.07526881720430101,rebalance_exit,4468.781659444149
2013-03-28,IMH,-0.28002123123815614,-0.28002123123815625,rebalance_exit,4468.781659444149
2013-03-28,JRJCY,0.16369306206772416,0.16369306206772438,rebalance_exit,388.5589024353028
2013-03-28,IMPM,-0.28001391991606606,-0.28001391991606617,rebalance_exit,4468.781659444149
2013-03-28,NEPHD,-0.35723284351849893,-0.35723284351849893,rebalance_exit,4468.781659444149
2013-03-28,AXDXQ,0.7890837148810879,0.7890837148810876,rebalance_exit,654.7007266235352
2013-03-28,BFXXQ,1.0207574953686027,1.054115478216577,rebalance_exit,4468.781659444149
2013-03-28,HXWWF,-5.551115123125783e-16,-6.661338147750939e-16,rebalance_exit,4468.781659444149
2013-03-28,LINUF,0.378880382376271,0.37888038237627075,rebalance_exit,4468.781659444149
2013-03-28,TLRA,0.8834563745538966,0.9053793937507661,rebalance_exit,4468.781659444149
2013-03-28,AACC,0.4680024079483476,0.4680024079483476,rebalance_exit,4468.781659444149
2013-03-28,NLS,1.0207574953686027,1.054115478216577,rebalance_exit,4468.781659444149
2013-03-28,ANCX,0.25564224724602225,0.2684874882437003,rebalance_exit,4468.781659444149
2013-03-28,ROCM,0.43545900890383726,0.43545900890383726,rebalance_exit,4468.781659444149
2013-03-28,DSHK,0.8001332170233206,0.8001332170233206,rebalance_exit,2442.8700146484375
2013-03-28,HEK,0.044895585135492855,0.05617206031805089,rebalance_exit,4468.781659444149
2013-03-28,UNXLQ,1.1779679065668498,1.238860522862932,rebalance_exit,4468.781659444149
2013-03-28,GACR,-0.6188095163927325,-0.6188095211982727,rebalance_exit,4468.781659444149
2013-03-28,PGNX,0.7894110745030622,0.8026539701848632,rebalance_exit,4468.781659444149
2013-03-28,OVAS,0.07526881720430101,0.07526881720430101,rebalance_exit,4468.781659444149
2013-03-28,EDG,0.022282617685340345,0.024079331114982283,rebalance_exit,4468.781659444149
2013-03-28,ETRM,-0.01959120898913791,-0.012608044553030329,rebalance_exit,53.49355003356934
2013-03-28,RRM,0.235037603878401,0.235037603878401,rebalance_exit,3349.4400000000005
2013-03-28,EOX,0.33225790915177766,0.3336536282636655,rebalance_exit,4468.781659444149
2013-03-28,APFC,0.47645532025931625,0.49676173823949377,rebalance_exit,4468.781659444149
2013-03-28,MGHLD,-0.44999999999999996,-0.44999999999999996,rebalance_exit,4468.781659444149
2013-03-28,APPCQ,1.1269418836129512,1.1269418836129508,rebalance_exit,4468.781659444149
2013-03-28,GOGL_old,0.5990994439530635,0.5990994439530635,rebalance_exit,4468.781659444149
2013-03-28,SBFC,0.23493973065710105,0.23493973065710105,rebalance_exit,4468.781659444149
2013-03-28,TROV,-0.10989934117798161,-0.09668107876484544,rebalance_exit,4468.781659444149
2013-03-28,INDT,0.11296522003849052,0.11296522003849052,rebalance_exit,4468.781659444149
2013-03-28,GRIF,0.11296140107126518,0.11296140107126518,rebalance_exit,4468.781659444149
2013-06-28,PCTI,0.3311320672841811,0.3515964595137797,rebalance_exit,1192.9780650845435
2013-06-28,HBOS,0.26870802399689286,0.26870802399689264,rebalance_exit,843.6362847373707
2013-06-28,ISH,0.3058363627701295,0.31030059852350167,rebalance_exit,1103.581835806686
2013-06-28,ISHC,0.23279496927803112,0.23700949993082565,rebalance_exit,1103.581835806686
2013-06-28,PMBC,-0.16787262996055574,-0.16787262996055574,rebalance_exit,1103.581835806686
2013-06-28,TAST,0.07224467698879589,0.08755317700015408,rebalance_exit,1103.581835806686
2013-06-28,RLOG,-0.338384676652129,-0.3187251033859554,rebalance_exit,1063.2274548113644
2013-06-28,RLOGQ,-0.338384676652129,-0.3187251033859554,rebalance_exit,1063.2274548113644
2013-06-28,TWMC,0.49678852465278944,0.5011086329774048,rebalance_exit,1063.2274548113644
2013-06-28,KSPN,0.5202600147998173,0.5246478677512154,rebalance_exit,102.88305633544923
2013-06-28,CUNB,0.353503294688164,0.3620689371678274,rebalance_exit,1063.2274548113644
2013-06-28,LPRIQ,-0.7894416056018445,-0.7894416056018445,rebalance_exit,1063.2274548113644
2013-06-28,CHOP,-0.007709113384840149,-0.007709113384840149,rebalance_exit,3400.9250097656254
2013-06-28,LSCG,-0.39462520223558706,-0.3928571428571429,rebalance_exit,4468.781659444149
2013-06-28,ENVE,0.08499756810932002,0.08499756810932002,rebalance_exit,4468.781659444149
2013-06-28,ZLC,1.17752018561516,1.1920988864349904,rebalance_exit,4468.781659444149
2013-06-28,BREW_old,0.24153396768311897,0.2557681570809087,rebalance_exit,4468.781659444149
2013-06-28,OSHC,-0.08487426398889986,-0.08067011247077072,rebalance_exit,4468.781659444149
2013-06-28,TEUM,-0.4181647460929573,-0.4181647460929573,rebalance_exit,847.6773974609376
2013-06-28,FCFC,0.02334714380636993,0.02334714380636993,rebalance_exit,4468.781659444149
2013-06-28,ATMS,0.23636363636363633,0.23636363636363633,rebalance_exit,4468.781659444149
2013-06-28,SOBRD,0.4750000238418579,0.4750000238418579,rebalance_exit,4928.713659960824
2013-06-28,PMFG,0.12155591421815548,0.12155591421815548,rebalance_exit,4928.713659960824
2013-06-28,VSB,0.10561609073385436,0.10961562553675885,rebalance_exit,2180.450002441406
2013-06-28,BSTC,-0.09142707839235553,-0.08504392495449775,rebalance_exit,4928.713659960824
2013-06-28,OAKS,-0.08234412538622704,-0.07514634249148966,rebalance_exit,4928.713659960824
2013-06-28,SPA,0.27089750940832213,0.27342522367263955,rebalance_exit,4928.713659960824
2013-06-28,END,0.28446098182741686,0.28446098182741664,rebalance_exit,4928.713659960824
2013-06-28,TTNP,-0.7291529183839365,-0.7273929244971422,rebalance_exit,14.477069492340087
2013-06-28,VELTF,-0.32222186458692503,-0.3209565933094205,rebalance_exit,4928.713659960824
2013-06-28,AVDL,0.3718447597094938,0.3933762737396904,rebalance_exit,4928.713659960824
2013-06-28,WMIH,0.11914895504401857,0.1278911996005645,rebalance_exit,4928.713659960824
2013-06-28,ROICW,-0.010758512327134206,-0.005472106507345753,rebalance_exit,4928.713659960824
2013-06-28,OCZTQ,-0.2124814508845576,-0.20550274409088332,rebalance_exit,4928.713659960824
2013-06-28,COOP,0.1215876991168292,0.12996315839084938,rebalance_exit,923.1599719238283
2013-06-28,CSCD,-0.07715210544385065,-0.07638885117607253,rebalance_exit,4928.713659960824
2013-06-28,CHTP,0.07807355505221869,0.10582941977381966,rebalance_exit,4928.713659960824
2013-06-28,AFOP,0.5230966556476417,0.5325089853830027,rebalance_exit,4928.713659960824
2013-06-28,IBCA_old,0.13223337228777887,0.13223337228777865,rebalance_exit,4928.713659960824
2013-06-28,MCPI,-0.9786363638287856,-0.9786363840103149,rebalance_exit,4928.713659960824
2013-06-28,ATNY,0.1218443270069447,0.12575542198363476,rebalance_exit,4928.713659960824
2013-06-28,HSON,-0.38672534128914704,-0.38178308722574106,rebalance_exit,2315.9908813476563
2013-06-28,PENX,0.20829056992904316,0.2175614636277443,rebalance_exit,4928.713659960824
2013-06-28,STVVY,-0.16314669665012227,-0.15959770631066927,rebalance_exit,4928.713659960824
2013-06-28,GSKNF,-0.43984111660835856,-0.4340278019231769,rebalance_exit,4928.713659960824
2013-06-28,FMD,0.1082400999879487,0.14584919615091696,rebalance_exit,4928.713659960824
2013-06-28,TTPH,-0.017508135472134256,-0.009434822342392013,rebalance_exit,4928.713659960824
2013-06-28,ACFND,0.14705383776519088,0.14705383776519088,rebalance_exit,4928.713659960824
2013-06-28,HNSN,-0.29120871602948517,-0.29120871602948517,rebalance_exit,4928.713659960824
2013-06-28,ZLTQ,0.6455445094940717,0.6688257266701609,rebalance_exit,4928.713659960824
2013-06-28,UCBB,-0.7712944700537081,-0.766131086351261,rebalance_exit,4928.713659960824
2013-06-28,CXEE,0.10937496856786355,0.10937496856786355,rebalance_exit,46.885000000000005
2013-06-28,STV,-0.16314669665012227,-0.15959770631066927,rebalance_exit,4928.713659960824
2013-06-28,FFKT,0.14956064081875042,0.14956064081875042,rebalance_exit,4928.713659960824
2013-09-30,SIFI_old,0.14689769569230582,0.15228425806174273,rebalance_exit,843.6362847373707
2013-09-30,IVAC,0.2613762280591623,0.2613762280591623,rebalance_exit,4468.781659444149
2013-09-30,CXPO,0.08278863808140136,0.09110008848007745,rebalance_exit,4468.781659444149
2013-09-30,MEIP,0.5579430108545218,0.5579430108545218,rebalance_exit,1176.1400842285157
2013-09-30,VTNC,-0.20654998790065138,-0.19991776322910793,rebalance_exit,4928.713659960824
2013-09-30,MASC,-0.13148148622368905,-0.13148148622368905,rebalance_exit,4928.713659960824
2013-09-30,CTIC,0.394655677922777,0.40956513778023096,rebalance_exit,4928.713659960824
2013-09-30,WMGIZ,-0.8599133252376747,-0.8598291734109971,rebalance_exit,4928.713659960824
2013-09-30,FBMI,0.36103690483957673,0.3644878561541889,rebalance_exit,4928.713659960824
2013-09-30,ESSX,-0.2537218333708464,-0.2503972110274011,rebalance_exit,4928.713659960824
2013-09-30,OCLR,0.36508886559162645,0.39167993454504924,rebalance_exit,4928.713659960824
2013-09-30,GENTY,2.216973658643284,2.216973658643284,rebalance_exit,4928.713659960824
2013-09-30,YGYI,-0.2605331455733899,-0.2533890395878222,rebalance_exit,378.84860488891604
2013-09-30,RSYS,-0.3481638339766173,-0.34756097797361274,rebalance_exit,4928.713659960824
2013-09-30,BIOL,-0.5247469639797615,-0.5247469639797615,rebalance_exit,11.738750171661378
2013-09-30,CTRCQ,-0.37525041503081236,-0.3723702169384133,rebalance_exit,4928.713659960824
2013-09-30,HEAR,-0.3824512963956893,-0.375062333677766,rebalance_exit,4928.713659960824
2013-09-30,CTRC,-0.3752504578302599,-0.37237025993517336,rebalance_exit,4519.824047851563
2013-09-30,OPAY,0.20216019679192176,0.20301228831922202,rebalance_exit,3977.6217741919895
2013-09-30,BAXS,-0.4357368891658504,-0.4208333623078123,rebalance_exit,3977.6217741919895
2013-09-30,DWCH,0.5314343815254892,0.5368196383663184,rebalance_exit,3977.6217741919895
2013-09-30,NRCIA,0.0363348493629887,0.03891780285403135,rebalance_exit,3977.6217741919895
2013-09-30,MNTX,-0.0018264387614357336,-0.0018264387614357336,rebalance_exit,3977.6217741919895
2013-09-30,HTCH,-0.2623678503283774,-0.2623678503283775,rebalance_exit,3977.6217741919895
2013-09-30,GSEHQ,-0.6419868404961215,-0.6419868404961215,rebalance_exit,3977.6217741919895
2013-09-30,BYRND,0.009938361632130688,0.009938361632130688,rebalance_exit,3977.6217741919895
2013-09-30,BSF,0.17605718129883607,0.18029429693377175,rebalance_exit,3977.6217741919895
2013-09-30,BIOA_old,-0.2896439288748758,-0.2869963134170801,rebalance_exit,3977.6217741919895
2013-09-30,LPDX,-0.29423443401442906,-0.28525112383747564,rebalance_exit,3977.6217741919895
2013-09-30,KONA_old,-0.01495676082592734,-0.0085324555623989,rebalance_exit,3977.6217741919895
2013-09-30,LLEN,-0.6487229945147648,-0.6450704204541922,rebalance_exit,3977.6217741919895
2013-09-30,DAKP,-0.22474695996062466,-0.22474695996062466,rebalance_exit,3977.6217741919895
2013-09-30,BTFL_old,0.0,0.0,rebalance_exit,3977.6217741919895
2013-09-30,KONA,-0.014951541455997419,-0.0085324555623989,rebalance_exit,3977.6217741919895
2013-09-30,MTSN,0.07617990191089774,0.07951238047945397,rebalance_exit,3977.6217741919895
2013-09-30,MCBC,0.05177395900713444,0.05177395900713444,rebalance_exit,3977.6217741919895
2013-09-30,KONAQ,-0.014951541455997419,-0.0085324555623989,rebalance_exit,3977.6217741919895
2013-09-30,MIFI,-0.3531803973537585,-0.3531803973537585,rebalance_exit,3977.6217741919895
2013-09-30,BLUF,-0.6163636529150085,-0.6163636529150085,rebalance_exit,3977.6217741919895
2013-09-30,ANCX,0.08167311858924631,0.09646498542215332,rebalance_exit,3977.6217741919895
2013-09-30,PCYG,0.13734882157568218,0.1373488215756824,rebalance_exit,3977.6217741919895
2013-09-30,DAKPQ,-0.22474695996062466,-0.22474695996062466,rebalance_exit,3977.6217741919895
2013-09-30,OLBK,0.018868240353707044,0.018868240353707044,rebalance_exit,3977.6217741919895
2013-09-30,BIOAQ,-0.2896872158550552,-0.2869963134170801,rebalance_exit,3977.6217741919895
2013-09-30,AMBI_old,1.1719638848684957,1.1733643035822499,rebalance_exit,3977.6217741919895
2013-09-30,LSBG,-0.0517313968715456,-0.04608481612807125,rebalance_exit,3977.6217741919895
2013-09-30,OTEL,-0.18433093133748546,-0.18433093133748546,rebalance_exit,3977.6217741919895
2013-09-30,VSCP,-0.8791415886265611,-0.8791415886265611,rebalance_exit,3977.6217741919895
2013-12-31,QBAKD,-0.417525772351229,-0.4175257723512291,rebalance_exit,1288.216059110766
2013-12-31,PVFC,0.05555550203847881,0.05555550203847881,rebalance_exit,4928.713659960824
2013-12-31,CBMX,-0.3279607467372976,-0.31812295722847805,rebalance_exit,4928.713659960824
2013-12-31,HIL,0.308428827443362,0.308428827443362,rebalance_exit,4928.713659960824
2013-12-31,DRRX,0.26658473773618496,0.2795900599056502,rebalance_exit,4928.713659960824
2013-12-31,GFN,0.30989686525211435,0.33713371740506237,rebalance_exit,4928.713659960824
2013-12-31,HILI,0.308428827443362,0.308428827443362,rebalance_exit,4928.713659960824
2013-12-31,MDCI,0.09325763965961587,0.09823824048471286,rebalance_exit,3977.6217741919895
2013-12-31,PTXTQ,-0.31681932546318015,-0.31061098842626456,rebalance_exit,3977.6217741919895
2013-12-31,CUTRQ,0.14471059265678798,0.14940799676888972,rebalance_exit,3977.6217741919895
2013-12-31,PTIE,1.1787143515552887,1.1787143515552887,rebalance_exit,3977.6217741919895
2013-12-31,GTT,0.6404637909457414,0.6535334815656342,rebalance_exit,3977.6217741919895
2013-12-31,GRO_old,0.24449865763811207,0.2717383409620038,rebalance_exit,3413.3715234375
2013-12-31,NSLP,0.12875757274850508,0.14558829785493388,rebalance_exit,3977.6217741919895
2013-12-31,HILL,0.5057190185854561,0.5087793041913882,rebalance_exit,3977.6217741919895
2013-12-31,CLCT,0.3366444468074046,0.3367968791061158,rebalance_exit,3977.6217741919895
2013-12-31,CUTR,0.14471059265678798,0.14940799676888972,rebalance_exit,3977.6217741919895
2013-12-31,KBIO,-0.21908123755252784,-0.21908123755252795,rebalance_exit,3977.6217741919895
2013-12-31,GTTN,0.6404637909457414,0.6535334815656342,rebalance_exit,3977.6217741919895
2013-12-31,GTTNQ,0.6400909852966936,0.6531577057477105,rebalance_exit,3977.6217741919895
2013-12-31,HGEN,-0.21908123755252784,-0.21908123755252795,rebalance_exit,435.6172518920898
2013-12-31,NVIV,0.5607558230572371,0.6055944055944056,rebalance_exit,1.9891000390052795
2013-12-31,ALSK,-0.1836305719828787,-0.175127231178539,rebalance_exit,3713.266604523528
2013-12-31,HBOS,0.08733671289538458,0.09792126513435995,rebalance_exit,3713.266604523528
2013-12-31,FES,-0.31273533959863986,-0.307605728520299,rebalance_exit,3713.266604523528
2013-12-31,BODY_old,-0.36643136027440715,-0.35984758583510634,rebalance_exit,3713.266604523528
2013-12-31,ALIM,0.228163496440837,0.2438055293227197,rebalance_exit,1193.7109130859376
2013-12-31,RBIZ,-0.6533333460489908,-0.653333346048991,rebalance_exit,3713.266604523528
2013-12-31,ARDMQ,-0.14121870322123198,-0.13521963688507466,rebalance_exit,3713.266604523528
2013-12-31,EQUR,-0.6062500088475642,-0.6062500088475643,rebalance_exit,3713.266604523528
2013-12-31,GEGSQ,-0.4273119412273567,-0.41661004433103876,rebalance_exit,3713.266604523528
2013-12-31,EMKR,0.12371875666139509,0.14131719090560968,rebalance_exit,3713.266604523528
2013-12-31,MBVX,-0.01528430338825748,-0.006075283572963608,rebalance_exit,3534.0348681640626
2013-12-31,ABKI,-0.39264471055441763,-0.3715381805901714,rebalance_exit,3713.266604523528
2013-12-31,GQMNF,-0.3368740490411093,-0.3304347853128762,rebalance_exit,3713.266604523528
2013-12-31,PLPM,0.09448819415007148,0.09448819415007148,rebalance_exit,3713.266604523528
2013-12-31,LBMH,1.0278097446727497,1.0600987269885964,rebalance_exit,3713.266604523528
2013-12-31,GDEN,-0.055669626032458064,-0.05261543801466528,rebalance_exit,3713.266604523528
2013-12-31,DCIX,0.0,0.0,rebalance_exit,3713.266604523528
2013-12-31,FCSC,-0.07313465899591132,-0.07313465899591132,rebalance_exit,3713.266604523528
2013-12-31,FESLQ,-0.3122627366184706,-0.307605728520299,rebalance_exit,3713.266604523528
2013-12-31,CSCD,0.021807955551666813,0.03742724994536739,rebalance_exit,3713.266604523528
2013-12-31,OSHC,-0.07063913882545503,-0.06356059258260405,rebalance_exit,3713.266604523528
2013-12-31,NYNY_old,0.23201101967074833,0.2583972427247685,rebalance_exit,3713.266604523528
2013-12-31,IDRA,1.6605592456481868,1.6605592456481868,rebalance_exit,3713.266604523528
2013-12-31,EGAS,-0.20513192595635021,-0.20136503356269864,rebalance_exit,3713.266604523528
2013-12-31,GACR,-0.2555636376857682,-0.1923076878990646,rebalance_exit,3713.266604523528
2013-12-31,ERMS,0.0,0.0,rebalance_exit,3713.266604523528
2013-12-31,TDCH,-0.3571428571428571,-0.3571428656578064,rebalance_exit,3713.266604523528
2013-12-31,SWSH,-0.17675866303963705,-0.15234958854024694,rebalance_exit,3713.266604523528
2013-12-31,ACFND,-0.34708424298244034,-0.31016947358067604,rebalance_exit,3713.266604523528
2013-12-31,HLWD,-0.6541298130075857,-0.6491228342056274,rebalance_exit,3713.266604523528
2013-12-31,GBCSD,-0.02912466683056858,-0.02912466683056847,rebalance_exit,3713.266604523528
2013-12-31,ACGN,1.6605288206519648,1.6605288206519648,rebalance_exit,1162.0652465820312
2013-12-31,MNTG,0.08480969824608908,0.08724029438560477,rebalance_exit,3713.266604523528
2014-03-31,BLMT,0.5267818253471457,0.5307790211848589,rebalance_exit,1288.216059110766
2014-03-31,GNI,-0.7477835180241796,-0.7477835180241796,rebalance_exit,1103.581835806686
2014-03-31,AMNL,-0.4890118964536536,-0.4860714160726993,rebalance_exit,4928.713659960824
2014-03-31,NOVB,0.358882173290364,0.3661016532724821,rebalance_exit,4928.713659960824
2014-03-31,HPOL,0.111948892372012,0.111948892372012,rebalance_exit,3977.6217741919895
2014-03-31,SLI_old,-0.026609304185177263,-0.021935947941201905,rebalance_exit,3977.6217741919895
2014-03-31,DAVE_old,0.5702372868914134,0.5702372868914132,rebalance_exit,3977.6217741919895
2014-03-31,BBQ,0.5702372868914134,0.5702372868914132,rebalance_exit,3977.6217741919895
2014-03-31,OIG,0.9284738857765498,0.9609062780839734,rebalance_exit,787.1065020751953
2014-03-31,CUI,0.92847388577655,0.9609062780839734,rebalance_exit,3977.6217741919895
2014-03-31,OEG,0.92847388577655,0.9609062780839734,rebalance_exit,3977.6217741919895
2014-03-31,SBFC,0.10769232725485778,0.10769236087799072,rebalance_exit,3977.6217741919895
2014-03-31,INLBD,1.2666666666666666,1.2666666666666666,rebalance_exit,3713.266604523528
2014-03-31,OGXI,0.2406040849086284,0.2666417743683631,rebalance_exit,3713.266604523528
2014-03-31,VYNT,-0.3024395021224704,-0.3024395021224703,rebalance_exit,3713.266604523528
2014-03-31,GKNT,-0.17174786761639715,-0.1703155147540628,rebalance_exit,3713.266604523528
2014-03-31,ZIPR,-0.4003656129436798,-0.4003656129436798,rebalance_exit,3713.266604523528
2014-03-31,DRL,-0.563162718726289,-0.5480145472904607,rebalance_exit,3713.266604523528
2014-03-31,ORM,2.056942378076207,2.056942378076207,rebalance_exit,3713.266604523528
2014-03-31,RTRX,2.091308232484438,2.1336076834940556,rebalance_exit,3713.266604523528
2014-03-31,DRLCQ,-0.563162718726289,-0.5480145472904607,rebalance_exit,3713.266604523528
2014-03-31,NWBOW,0.5885914724523156,0.588591476854841,rebalance_exit,3702.220550868666
2014-03-31,VTNC,0.00039297846873553866,0.0003929784687353166,rebalance_exit,3702.220550868666
2014-03-31,ENZ,0.42459786905151886,0.42459786905151864,rebalance_exit,3702.220550868666
2014-03-31,DXM,0.32353112895925507,0.32353112895925507,rebalance_exit,3702.220550868666
2014-03-31,MASC,0.0787467670159192,0.0787467670159192,rebalance_exit,3702.220550868666
2014-03-31,CTHR,-0.4422044566837148,-0.4371734344523952,rebalance_exit,3702.220550868666
2014-03-31,URZ,0.3426726435501941,0.3593750378349805,rebalance_exit,3702.220550868666
2014-03-31,CIDM,0.24318065943244238,0.25076847316937156,rebalance_exit,3702.220550868666
2014-03-31,BSTC,0.189268350490146,0.189268350490146,rebalance_exit,3702.220550868666
2014-03-31,BIOA_old,0.5282099442285713,0.5282099442285713,rebalance_exit,3702.220550868666
2014-03-31,DWOG,-0.3763121789989582,-0.35757948388207705,rebalance_exit,3702.220550868666
2014-03-31,TRCH,0.14717756003251425,0.15791333000320185,rebalance_exit,3702.220550868666
2014-03-31,DAKP,-0.25315765654194544,-0.25315765654194544,rebalance_exit,3702.220550868666
2014-03-31,INOC,0.001222262650677708,0.0012222626506774859,rebalance_exit,3702.220550868666
2014-03-31,RGDO,1.6247379339429147,1.6247379339429147,rebalance_exit,3702.220550868666
2014-03-31,LFGR,-0.17029341521465513,-0.17029341521465524,rebalance_exit,3702.220550868666
2014-03-31,BIOL,-0.1441519174736945,-0.1441519174736945,rebalance_exit,14.652100052833559
2014-03-31,DXMMQ,0.3233911974432122,0.3233911974432122,rebalance_exit,3702.220550868666
2014-03-31,FNRG,-0.03649730546782215,-0.02807139202304121,rebalance_exit,3702.220550868666
2014-03-31,CGA,-0.20415504490908243,-0.20415504490908254,rebalance_exit,3245.2653125
2014-03-31,GMOL,-0.2681661136284985,-0.26119404113698974,rebalance_exit,3702.220550868666
2014-03-31,OTIV,-0.23819838194105114,-0.23228315237639074,rebalance_exit,3702.220550868666
2014-03-31,PHOT,2.8377483443708607,2.837748344370861,rebalance_exit,10.441437478065492
2014-03-31,GMO,-0.2681661136284985,-0.26119404113698974,rebalance_exit,3702.220550868666
2014-03-31,NJMCD,0.1797752550992584,0.1797752550992584,rebalance_exit,3702.220550868666
2014-03-31,UNXLQ,-0.2387289344567205,-0.23476526750611604,rebalance_exit,3702.220550868666
2014-03-31,GMOLQ,-0.2681661136284985,-0.26119404113698974,rebalance_exit,3702.220550868666
2014-03-31,STVVY,0.7341118530634501,0.7341118530634501,rebalance_exit,3702.220550868666
2014-03-31,CARO,0.312919264313714,0.3186646024205724,rebalance_exit,3702.220550868666
2014-03-31,GSKNF,-0.30030370499620196,-0.30030370499620196,rebalance_exit,3702.220550868666
2014-03-31,DAKPQ,-0.25315765654194544,-0.25315765654194544,rebalance_exit,3702.220550868666
2014-03-31,BIOAQ,0.5282099442285713,0.5282099442285713,rebalance_exit,3702.220550868666
2014-03-31,FONR,-0.1870084957067275,-0.1710675324441726,rebalance_exit,3702.220550868666
2014-03-31,OTIVF,-0.23819838194105114,-0.23228315237639074,rebalance_exit,3702.220550868666
2014-03-31,APPCQ,-0.5998944278328614,-0.5967981345623328,rebalance_exit,3702.220550868666
2014-03-31,TSH,0.5639293315304443,0.5727988671102915,rebalance_exit,3702.220550868666
2014-03-31,STV,0.7341118530634501,0.7341118530634501,rebalance_exit,3702.220550868666
2014-03-31,WFBI,0.021475894697437603,0.021475894697437603,rebalance_exit,3702.220550868666
2014-03-31,ARDM,0.39314191140721544,0.4043210248561233,rebalance_exit,3702.220550868666
2014-06-30,MBRG,0.31023348034800646,0.31023348034800646,rebalance_exit,1288.216059110766
2014-06-30,PRSS,-0.14388550839188086,-0.141645359694482,rebalance_exit,4928.713659960824
2014-06-30,PRSC,0.23334608023911807,0.24325323643650143,rebalance_exit,3977.6217741919895
2014-06-30,MDWCQ,-0.05469095585287731,-0.042553214424603025,rebalance_exit,3977.6217741919895
2014-06-30,MODV,0.23334608023911807,0.24325323643650143,rebalance_exit,3977.6217741919895
2014-06-30,TROV,-0.5003034422281553,-0.4995629738367082,rebalance_exit,3977.6217741919895
2014-06-30,SYNL,-0.00440312672636145,0.012382298219740129,rebalance_exit,3713.266604523528
2014-06-30,TOFC,0.019359367172923303,0.019359367172923303,rebalance_exit,3713.266604523528
2014-06-30,ARQL,-0.27906982159859317,-0.27906982159859317,rebalance_exit,3702.220550868666
2014-06-30,PRGNF,-0.22303359333391237,-0.2123075752738819,rebalance_exit,54.89825080871582
2014-06-30,PRGN,-0.2152015833650618,-0.20881248462683977,rebalance_exit,3702.220550868666
2014-06-30,ERBA,-0.28468833005990535,-0.27838827294997137,rebalance_exit,3702.220550868666
2014-06-30,CPRX,0.2916278752418209,0.29730997232284473,rebalance_exit,3702.220550868666
2014-06-30,APTS,0.13194299898739859,0.138784940492511,rebalance_exit,3702.220550868666
2014-06-30,SGLB,-0.41810241274135307,-0.4087752936197101,rebalance_exit,3702.220550868666
2014-06-30,AFH,0.02628636676331153,0.02989127529901281,rebalance_exit,3702.220550868666
2014-06-30,ATV,0.1529766364643712,0.15297663646437099,rebalance_exit,3628.681491699219
2014-06-30,ICAD,-0.4552168246442465,-0.45212030155695304,rebalance_exit,3702.220550868666
2014-06-30,AFHIF,0.02628636676331153,0.02989127529901281,rebalance_exit,3702.220550868666
2014-06-30,EGT,-0.14620578603741918,-0.12759512179674293,rebalance_exit,3676.539006347656
2014-06-30,MDCI,0.9577169737559192,0.9610808499026533,rebalance_exit,4594.858610026064
2014-06-30,NVIV,-0.4254029138983485,-0.4131774672071461,rebalance_exit,0.605399992465973
2014-06-30,UQM,-0.14777123234437384,-0.14506935293847267,rebalance_exit,4594.858610026064
2014-06-30,VRML,-0.1386805366568734,-0.12542371157198973,rebalance_exit,4594.858610026064
2014-06-30,JST,-0.10539734609624773,-0.09984503958511848,rebalance_exit,4594.858610026064
2014-06-30,MERU,-0.19832625878862753,-0.1952962803512669,rebalance_exit,4594.858610026064
2014-06-30,LCAV,0.0003192424780722458,0.0003192424780722458,rebalance_exit,4594.858610026064
2014-06-30,OROE,0.34210525490240373,0.34210526943206787,rebalance_exit,4594.858610026064
2014-06-30,CORV,-0.020330402077332388,-0.0075853279313489175,rebalance_exit,4594.858610026064
2014-06-30,QBAKD,-0.16030331080985938,-0.152942598260162,rebalance_exit,2008.1939880371094
2014-06-30,OAKS,0.04281883778781803,0.043768353858729014,rebalance_exit,4594.858610026064
2014-06-30,USFCQ,-0.5199999809265137,-0.5199999809265137,rebalance_exit,4594.858610026064
2014-06-30,TECUA,-0.11449274651219532,-0.11449274651219543,rebalance_exit,4594.858610026064
2014-06-30,SBID,-0.5250000059604645,-0.5250000059604645,rebalance_exit,4594.858610026064
2014-06-30,DCIX,-0.0033404915373560495,-0.0033404915373561606,rebalance_exit,4594.858610026064
2014-06-30,INTX,-0.17122956650317123,-0.17122956650317123,rebalance_exit,4594.858610026064
2014-06-30,VTNR,0.48677102769524483,0.5054264070208174,rebalance_exit,4594.858610026064
2014-06-30,ESES,-0.15584413493377236,-0.15584415197372437,rebalance_exit,4594.858610026064
2014-06-30,CNFND,-0.3370165745856354,-0.3370165745856354,rebalance_exit,17.377699769735337
2014-06-30,WSTI,-0.21599998474121096,-0.21599996089935303,rebalance_exit,4594.858610026064
2014-06-30,MJNE,-0.1366666687859429,-0.1366666555404663,rebalance_exit,4594.858610026064
2014-06-30,TECU,-0.2558479475088744,-0.2558479475088745,rebalance_exit,4594.858610026064
2014-06-30,SAJA,-0.7781065163886669,-0.7781065163886669,rebalance_exit,4594.858610026064
2014-06-30,ARTX,-0.28937472017274257,-0.282958169037245,rebalance_exit,4594.858610026064
2014-06-30,PKPH,-0.49385659145982264,-0.49385659145982264,rebalance_exit,4594.858610026064
2014-06-30,MYHI,-0.5791986631719934,-0.5760000228881836,rebalance_exit,4594.858610026064
2014-06-30,COCO_old,-0.7882011781631262,-0.7882011781631262,rebalance_exit,4594.858610026064
2014-06-30,AMCO,-0.3322688017305361,-0.3178838888727591,rebalance_exit,4080.7949609375
2014-06-30,VTNRQ,0.48677102769524483,0.5054264070208174,rebalance_exit,4594.858610026064
2014-06-30,VAPE_old,-0.8955024278688015,-0.8955024278688015,rebalance_exit,4594.858610026064
2014-06-30,ALQA,-0.36445378470728274,-0.3475682021947797,rebalance_exit,4594.858610026064
2014-06-30,ESSI,-0.8837209353903422,-0.8837209343910217,rebalance_exit,4594.858610026064
2014-06-30,GMAN1,-0.2253524547017257,-0.21952369367212354,rebalance_exit,4594.858610026064
2014-06-30,NICK,-0.08849033449449062,-0.08849033449449062,rebalance_exit,4594.858610026064
2014-06-30,GMANQ,-0.22534038476257878,-0.21951153291387904,rebalance_exit,4594.858610026064
2014-06-30,MBTF,0.10416638300997572,0.10447695786001798,rebalance_exit,4594.858610026064
2014-09-30,APEX,0.3850528450750783,0.3861024268076858,rebalance_exit,1103.581835806686
2014-09-30,CHKE,0.38505327405865697,0.38610285611634465,rebalance_exit,1103.581835806686
2014-09-30,MFSF,0.5892957067445568,0.5892957067445568,rebalance_exit,4928.713659960824
2014-09-30,CETC,1.8819516821529438,2.055194345735068,rebalance_exit,4256.73501953125
2014-09-30,ONCT,-0.6462956671647924,-0.6336633663366337,rebalance_exit,236.9714974975586
2014-09-30,AUTO,-0.4442689291715295,-0.4343939815995975,rebalance_exit,3702.220550868666
2014-09-30,CVUA,-0.3502136421100679,-0.34507976020924525,rebalance_exit,3702.220550868666
2014-09-30,RELYQ,-0.2511627729548964,-0.2511627729548964,rebalance_exit,3702.220550868666
2014-09-30,ETRM,-0.019684838938863747,-0.006682114816508933,rebalance_exit,592.504299621582
2014-09-30,HBP,-0.211539285383475,-0.2115392853834751,rebalance_exit,4594.858610026064
2014-09-30,LOJN,-0.3294391402788811,-0.32068453689362264,rebalance_exit,4594.858610026064
2014-09-30,DZSI,-0.3667122194644483,-0.3601895850269339,rebalance_exit,4594.858610026064
2014-09-30,RSYS,-0.2815177960553744,-0.27097462952809104,rebalance_exit,4594.858610026064
2014-09-30,USMD_old,-0.31576089352200465,-0.3137254901960784,rebalance_exit,2580.2968554687504
2014-09-30,JCS,-0.13560571448318448,-0.13197030787210795,rebalance_exit,4424.537812500001
2014-09-30,MRVC,-0.12696448706082375,-0.1269020369418441,rebalance_exit,4594.858610026064
2014-09-30,HSTOQ,-0.2656304545686552,-0.2503041256503413,rebalance_exit,2343.740073242188
2014-09-30,HSTO,-0.2651782477535366,-0.24984248125651232,rebalance_exit,2345.611005859375
2014-09-30,PERF_old,-0.07185904127131215,-0.0708515161694957,rebalance_exit,4594.858610026064
2014-09-30,CERU,-0.27241380187286734,-0.27241380187286723,rebalance_exit,2217.982888183594
2014-09-30,SLI_old,0.6506533078785939,0.6549152438923465,rebalance_exit,4103.267512227587
2014-09-30,CNAB,-0.6674197326549811,-0.6674197326549811,rebalance_exit,4103.267512227587
2014-09-30,VRS_old,0.48727420212420736,0.5238096157169168,rebalance_exit,4103.267512227587
2014-09-30,PFSW,0.3108416966484586,0.3108416966484586,rebalance_exit,4103.267512227587
2014-09-30,SES_old,-0.39894984786208376,-0.39894984786208376,rebalance_exit,4103.267512227587
2014-09-30,VYNT,-0.20990320677399343,-0.2067994040216864,rebalance_exit,4103.267512227587
2014-09-30,EMKR,0.3604695481331821,0.3786382587900605,rebalance_exit,4103.267512227587
2014-09-30,JGW,0.09630511864188618,0.09630511864188618,rebalance_exit,4103.267512227587
2014-09-30,BETS_old,-0.3380952380952381,-0.3380952380952381,rebalance_exit,4103.267512227587
2014-09-30,MSLP,0.08913006117136213,0.09090904075341855,rebalance_exit,4103.267512227587
2014-09-30,DIGP,0.9344633704854115,0.99966672261556,rebalance_exit,4103.267512227587
2014-09-30,NCBS,-0.07421501753513204,-0.07421501753513204,rebalance_exit,4103.267512227587
2014-09-30,VRSZQ,0.48727420212420736,0.5238096157169168,rebalance_exit,4103.267512227587
2014-09-30,PTE,-0.555130993314715,-0.534604707884168,rebalance_exit,4103.267512227587
2014-09-30,GMOL,-0.35261930183440504,-0.35217389546630473,rebalance_exit,4103.267512227587
2014-09-30,SYMX,-0.39894984786208376,-0.39894984786208376,rebalance_exit,4103.267512227587
2014-09-30,GMO,-0.35261930183440504,-0.35217389546630473,rebalance_exit,4103.267512227587
2014-09-30,TWGP,0.23888893230461905,0.23888893230461905,rebalance_exit,4103.267512227587
2014-09-30,ASBB,-0.039151787692979445,-0.03910346789100805,rebalance_exit,4103.267512227587
2014-09-30,TEUM,0.06471033573377527,0.08057757071198646,rebalance_exit,541.9801525878906
2014-09-30,NLTX,-0.2987614488060458,-0.29393579469012976,rebalance_exit,814.7377325439453
2014-09-30,OCRX,-0.36125177409647136,-0.35863871976460726,rebalance_exit,4103.267512227587
2014-09-30,CHMD,0.633663421114945,0.633663421114945,rebalance_exit,4103.267512227587
2014-09-30,GMOLQ,-0.35261930183440504,-0.35217389546630473,rebalance_exit,4103.267512227587
2014-09-30,EKSO,-0.4665868287066727,-0.4476974587835184,rebalance_exit,23.193846101760865
2014-09-30,ROX,0.4719100717251501,0.4719100717251501,rebalance_exit,4103.267512227587
2014-09-30,MSLPQ,0.08913006117136213,0.09090904075341855,rebalance_exit,4103.267512227587
2014-09-30,CBMG,0.5031817470450235,0.5131383384739747,rebalance_exit,4103.267512227587
2014-09-30,FRBK,-0.24275568666562042,-0.23613039059814223,rebalance_exit,4103.267512227587
2014-09-30,MEIP,0.08485185015313812,0.08832814877011219,rebalance_exit,4103.267512227587
2014-09-30,TWER,-0.2427046017712099,-0.23711340206185572,rebalance_exit,89.70955314636231
2014-09-30,CREXD,-0.28428835416242526,-0.273972602739726,rebalance_exit,4103.267512227587
2014-09-30,AMBI_old,1.2286541184653985,1.2286541184653985,rebalance_exit,4103.267512227587
2014-09-30,AQXP,-0.2987614488060458,-0.29393579469012976,rebalance_exit,4103.267512227587
2014-09-30,IMIID,-0.20792072941817819,-0.2079207294181783,rebalance_exit,4103.267512227587
2014-09-30,OHGI,-0.43481392455228185,-0.4255813956260681,rebalance_exit,4103.267512227587
2014-09-30,RMGN,-0.29793904211604183,-0.27498173884634836,rebalance_exit,4103.267512227587
2014-12-31,PEOP,0.4328769263825014,0.4328769263825014,rebalance_exit,1288.216059110766
2014-12-31,BBI,-0.09793816835541802,-0.09793816835541802,rebalance_exit,134.90841796875
2014-12-31,PULB,0.4650128469181687,0.4650128469181687,rebalance_exit,4468.781659444149
2014-12-31,SAEX,-0.583624585947742,-0.583624585947742,rebalance_exit,3713.266604523528
2014-12-31,RLOG,-0.3154245995249644,-0.3154245995249644,rebalance_exit,3702.220550868666
2014-12-31,AMOT,0.2660328241742116,0.26921256927159254,rebalance_exit,3702.220550868666
2014-12-31,RLOGQ,-0.3154245995249644,-0.3154245995249644,rebalance_exit,3702.220550868666
2014-12-31,PFBI,-0.23403275949344804,-0.2337723589055768,rebalance_exit,3702.220550868666
2014-12-31,PQ,-0.3314145930533007,-0.33141459305330057,rebalance_exit,4594.858610026064
2014-12-31,GDEN,-0.33165246623622135,-0.33165246623622135,rebalance_exit,4594.858610026064
2014-12-31,LNBB,0.5788091564091007,0.5788091564091005,rebalance_exit,4594.858610026064
2014-12-31,IMI,-0.3128493330596076,-0.31071429270870843,rebalance_exit,4594.858610026064
2014-12-31,ATTU,0.14467054140204483,0.15219722271229075,rebalance_exit,4594.858610026064
2014-12-31,BTH,0.17609246423859304,0.17609246423859304,rebalance_exit,4103.267512227587
2014-12-31,THRD_old,-0.04641487696201607,-0.04641487696201607,rebalance_exit,4103.267512227587
2014-12-31,QTNT,1.060698617481683,1.1360344708148085,rebalance_exit,4103.267512227587
2014-12-31,NJMCD,-0.3090908851646048,-0.3090908851646048,rebalance_exit,4103.267512227587
2014-12-31,SDPI,-0.373106926061488,-0.3609831488244609,rebalance_exit,4103.267512227587
2014-12-31,CDXC,-0.3483931147654675,-0.3336989017579366,rebalance_exit,3720.41287109375
2014-12-31,IKGH,-0.4618051170980658,-0.43461508191513776,rebalance_exit,3671.919760064041
2014-12-31,ESI1,1.2232580608479768,1.2232580608479764,rebalance_exit,3671.919760064041
2014-12-31,CYTR,0.07610749634328773,0.07874020872451815,rebalance_exit,3671.919760064041
2014-12-31,OMSH,-0.14285714285714302,-0.14285714285714302,rebalance_exit,3671.919760064041
2014-12-31,KWKAQ,-0.6828362206090451,-0.6716417847746405,rebalance_exit,3671.919760064041
2014-12-31,TEAR,-0.23236342496369167,-0.2272655868904161,rebalance_exit,3671.919760064041
2014-12-31,ONE2,0.680227880362533,0.680227880362533,rebalance_exit,3671.919760064041
2014-12-31,PHMD,-0.7591948771976107,-0.7532258033752441,rebalance_exit,3671.919760064041
2014-12-31,RVLT,-0.22868044715506897,-0.2197065539093067,rebalance_exit,3671.919760064041
2014-12-31,WMGIZ,1.2058158305957645,1.2165979676548924,rebalance_exit,3671.919760064041
2014-12-31,VGEN,-0.3982631042138335,-0.37142855780465267,rebalance_exit,3671.919760064041
2014-12-31,GLAE,0.28103288348686895,0.28103288348686895,rebalance_exit,17.696849880218505
2014-12-31,WGBS,-0.31034482758620696,-0.31034482758620685,rebalance_exit,3671.919760064041
2014-12-31,FNCB,-0.11322093063547667,-0.1111111044883728,rebalance_exit,3671.919760064041
2014-12-31,GQMNF,-0.24368621491256448,-0.24137929262644275,rebalance_exit,3671.919760064041
2014-12-31,PCTI,0.13425909763916843,0.14196847979558558,rebalance_exit,3671.919760064041
2014-12-31,MOSY,-0.24349353264666695,-0.2272727272727273,rebalance_exit,3671.919760064041
2014-12-31,DAKP,-0.2856353621407701,-0.2668453826672338,rebalance_exit,3671.919760064041
2014-12-31,TRCH,-0.7386723342547922,-0.7323125164103257,rebalance_exit,3671.919760064041
2014-12-31,CBMX,0.006266978701013004,0.02569268605682895,rebalance_exit,3671.919760064041
2014-12-31,ICOR,1.0964285662587807,1.0964285662587807,rebalance_exit,3671.919760064041
2014-12-31,HPJ,-0.39076690667867975,-0.37405544655229017,rebalance_exit,3671.919760064041
2014-12-31,VPCO,-0.18793795255718382,-0.18793795255718382,rebalance_exit,3671.919760064041
2014-12-31,LINUF,-0.4566742220381189,-0.4292249699402182,rebalance_exit,2885.7711206054687
2014-12-31,BIOL,0.04857554387604068,0.04857554387604068,rebalance_exit,4.727349934577942
2014-12-31,KWK,-0.6823751096291106,-0.6712010642217292,rebalance_exit,3671.919760064041
2014-12-31,TLRA,0.21428265379919664,0.2264957225769464,rebalance_exit,3671.919760064041
2014-12-31,QTET,-0.042797479193872445,-0.042797479193872445,rebalance_exit,3671.919760064041
2014-12-31,ALYE,-0.3506493613726239,-0.350649356842041,rebalance_exit,3671.919760064041
2014-12-31,GADS,-0.7591948771976107,-0.7532258033752441,rebalance_exit,3671.919760064041
2014-12-31,GTXI,-0.05032199397132242,-0.0427140892786404,rebalance_exit,1267.4371875000002
2014-12-31,SRNA,-0.6819739096171975,-0.6768107585115732,rebalance_exit,2847.2102270507817
2014-12-31,SRNEQ,1.1350283215434462,1.1898664027222554,rebalance_exit,3671.919760064041
2014-12-31,HDNG,0.08921099174984626,0.08921099174984626,rebalance_exit,3671.919760064041
2014-12-31,OMNT,-0.2053330243442606,-0.1785714285714286,rebalance_exit,3671.919760064041
2014-12-31,CEAD,-0.6819739187091416,-0.6768107677511249,rebalance_exit,1.5839550012350083
2014-12-31,DAKPQ,-0.2855149927145938,-0.2668453826672338,rebalance_exit,3671.919760064041
2014-12-31,DGAS,0.07707439050562237,0.08358847874956066,rebalance_exit,3671.919760064041
2014-12-31,KAYSD,-0.33188297765510466,-0.3181818083298107,rebalance_exit,831.825
2014-12-31,WFD,0.04686733364596307,0.04686733364596307,rebalance_exit,3671.919760064041
2014-12-31,ALYED,-0.35064933456444025,-0.350649356842041,rebalance_exit,3671.919760064041
2015-03-31,SMPL1,0.33853356130266277,0.33853356130266254,rebalance_exit,843.6362847373707
2015-03-31,SLD,0.02229604239425953,0.02482631320519224,rebalance_exit,3713.266604523528
2015-03-31,PMBC,0.13650838332732107,0.15029532848604732,rebalance_exit,3713.266604523528
2015-03-31,HSON,-0.16259224163097208,-0.15740830190577226,rebalance_exit,2840.5649169921876
2015-03-31,PMFG,-0.23432998373187353,-0.22742319183414927,rebalance_exit,4594.858610026064
2015-03-31,ADEP,-0.4398442461980463,-0.4276388454143807,rebalance_exit,4103.267512227587
2015-03-31,ARDMQ,-0.28586763734923837,-0.28586763734923826,rebalance_exit,4103.267512227587
2015-03-31,ARDM,-0.28587571759948227,-0.28587571759948227,rebalance_exit,4103.267512227587
2015-03-31,COSMD,-0.3582929321942794,-0.3582929321942794,rebalance_exit,249.23594985961915
2015-03-31,NPTN,0.6225962133626282,0.6225962133626282,rebalance_exit,4103.267512227587
2015-03-31,SYN,0.20652942205107538,0.25305077592435743,rebalance_exit,4103.267512227587
2015-03-31,ISH,-0.30958508875479607,-0.3054648898164578,rebalance_exit,3671.919760064041
2015-03-31,ISHC,-0.32910622642644116,-0.32516238205615555,rebalance_exit,3671.919760064041
2015-03-31,PMCBD,-0.26974012364900635,-0.25728240053250706,rebalance_exit,3671.919760064041
2015-03-31,DWCH,-0.33756097933141205,-0.33756097933141194,rebalance_exit,3671.919760064041
2015-03-31,NBTF,0.011201691829943794,0.011201691829943794,rebalance_exit,3671.919760064041
2015-03-31,GLYC,0.1719810925245251,0.182611036499837,rebalance_exit,3671.919760064041
2015-03-31,HTCH,-0.2845231233688785,-0.2845231233688785,rebalance_exit,3671.919760064041
2015-03-31,FHCO,-0.19920108185515606,-0.19289332524580982,rebalance_exit,3671.919760064041
2015-03-31,RLOC,-0.21722987515518044,-0.20987866505694674,rebalance_exit,3671.919760064041
2015-03-31,CBDS,-0.5579073343991593,-0.5529051219850502,rebalance_exit,3671.919760064041
2015-03-31,CHYR,-0.07172399737681401,-0.07172399737681401,rebalance_exit,3671.919760064041
2015-03-31,ICEL,1.3087219009488869,1.30982540157301,rebalance_exit,3671.919760064041
2015-03-31,FCSC,0.5523771165012366,0.5551724488707794,rebalance_exit,3671.919760064041
2015-03-31,HHWW,-0.5872776261992643,-0.5777777830759685,rebalance_exit,3671.919760064041
2015-03-31,ONCS,-0.2872340425531915,-0.2872340425531915,rebalance_exit,14.438074684143068
2015-03-31,BBLUQ,-0.22509172829209878,-0.21702197124241196,rebalance_exit,3314.0266994497383
2015-03-31,ICDI,0.32758191688658833,0.32758191688658833,rebalance_exit,2860.226962890625
2015-03-31,CERU,0.44855294186336137,0.44855294186336137,rebalance_exit,1011.3067152404785
2015-03-31,MOCO,-0.07513016464542122,-0.0723599110007419,rebalance_exit,3314.0266994497383
2015-03-31,CYNI,0.54116259336126,0.5564679635942511,rebalance_exit,3314.0266994497383
2015-03-31,HSKA,0.39709877043728103,0.41897267148938755,rebalance_exit,3314.0266994497383
2015-03-31,SMPR,0.017592813293865195,0.017592813293865195,rebalance_exit,3314.0266994497383
2015-03-31,GNKWF,-0.602339185974853,-0.6023391859748531,rebalance_exit,1312.862416381836
2015-03-31,MDWCQ,-0.5991057443834095,-0.5710043838886476,rebalance_exit,3314.0266994497383
2015-03-31,ICDIQ,0.3275819168865881,0.32758191688658833,rebalance_exit,2856.8547802734374
2015-03-31,JST,-0.30947183355319086,-0.30643924882536644,rebalance_exit,3314.0266994497383
2015-03-31,EMKR,0.019683737325589146,0.022641336929627,rebalance_exit,3314.0266994497383
2015-03-31,BYRND,0.3076923923379604,0.3076923923379602,rebalance_exit,3314.0266994497383
2015-03-31,NKA,-0.4012110289010905,-0.3952702909512096,rebalance_exit,3314.0266994497383
2015-03-31,PYX,-0.3318306003610292,-0.3142849887013891,rebalance_exit,3314.0266994497383
2015-03-31,PGLC,0.21873954627872494,0.22844623182018253,rebalance_exit,288.1403924560547
2015-03-31,MSLP,-0.47112358911655083,-0.47058823529411764,rebalance_exit,3314.0266994497383
2015-03-31,COVS,-0.25092782111156475,-0.24251074828876862,rebalance_exit,3314.0266994497383
2015-03-31,DCIX,-0.009597798163693327,0.0,rebalance_exit,3314.0266994497383
2015-03-31,BLTA,-0.5,-0.5,rebalance_exit,3314.0266994497383
2015-03-31,NSLP,-0.34547386486372944,-0.33558330763704836,rebalance_exit,3314.0266994497383
2015-03-31,BKFGD,-0.041379336653084575,-0.041379336653084575,rebalance_exit,3314.0266994497383
2015-03-31,ERBA,0.08853333793198104,0.10725549084743435,rebalance_exit,3314.0266994497383
2015-03-31,ESSA,0.07401699083663238,0.07580461239228331,rebalance_exit,3314.0266994497383
2015-03-31,LUB,0.13458459994786032,0.13458459994786032,rebalance_exit,3314.0266994497383
2015-03-31,HEAR,-0.4245530888937634,-0.4222271970615913,rebalance_exit,3314.0266994497383
2015-03-31,TEUM,-0.559098546790777,-0.555997894101095,rebalance_exit,537.446410522461
2015-03-31,OCRX,-0.27616256785245175,-0.2605965270384639,rebalance_exit,3314.0266994497383
2015-03-31,RELYQ,-0.15408382601858794,-0.14302618301991643,rebalance_exit,3314.0266994497383
2015-03-31,PRTX,0.24470131942347617,0.2589134564057287,rebalance_exit,3314.0266994497383
2015-03-31,NAME,0.5074164349480126,0.5104166570577826,rebalance_exit,3314.0266994497383
2015-03-31,ICD,0.3275819168865881,0.32758191688658833,rebalance_exit,2860.550961914063
2015-03-31,ERMS,-0.11764705882352944,-0.11764705882352944,rebalance_exit,3314.0266994497383
2015-03-31,BTU_old,-0.3643410566169598,-0.3643410566169598,rebalance_exit,3314.0266994497383
2015-03-31,WRES,-0.452742524970725,-0.44720498274093845,rebalance_exit,3314.0266994497383
2015-03-31,ZONX,0.5291005392976278,0.5291005392976278,rebalance_exit,3314.0266994497383
2015-03-31,ONCT,-0.07668799696864048,-0.07668799696864048,rebalance_exit,17.046100101470948
2015-03-31,ATV,-0.49028373590232066,-0.49028373590232066,rebalance_exit,1782.6756604003906
2015-03-31,EKSO,0.1156311283085869,0.12968647728867588,rebalance_exit,29.248949737548827
2015-03-31,MSLPQ,-0.47112358911655083,-0.47058823529411764,rebalance_exit,3314.0266994497383
2015-03-31,JMI,-0.24532642394511894,-0.2438792876379099,rebalance_exit,3314.0266994497383
2015-03-31,TWER,0.147106175437284,0.1655361587285431,rebalance_exit,20.433499927520753
2015-06-30,CBNJ,0.2709162142687844,0.276439553486012,rebalance_exit,843.6362847373707
2015-06-30,RLH,0.0702444194143772,0.07735579515746727,rebalance_exit,4928.713659960824
2015-06-30,QUMU,-0.3452466298625363,-0.33601934952187185,rebalance_exit,3713.266604523528
2015-06-30,BAGR,-0.22383661295554547,-0.22012577704713843,rebalance_exit,3702.220550868666
2015-06-30,SAUC,-0.22383661295554547,-0.22012577704713843,rebalance_exit,3702.220550868666
2015-06-30,MATR,-0.18141092320581675,-0.159844275139578,rebalance_exit,4594.858610026064
2015-06-30,URZ,-0.29607114885253605,-0.29607114885253605,rebalance_exit,4103.267512227587
2015-06-30,CORI,0.7501788609983493,0.7501788609983491,rebalance_exit,4103.267512227587
2015-06-30,CIDM,-0.548308018767174,-0.548308018767174,rebalance_exit,3671.919760064041
2015-06-30,FNRG,-0.9887096770239546,-0.9887096770239546,rebalance_exit,3671.919760064041
2015-06-30,ATNY,0.06129913603279724,0.063805465903078,rebalance_exit,3671.919760064041
2015-06-30,MBTF,0.20083711615844302,0.20083711615844324,rebalance_exit,3671.919760064041
2015-06-30,VBTX,0.03918507015878481,0.040391625778620766,rebalance_exit,3314.0266994497383
2015-06-30,VTNR,-0.4402684892521207,-0.4402684892521207,rebalance_exit,3314.0266994497383
2015-06-30,PETVD,0.34285027109655175,0.34290626782819467,rebalance_exit,3314.0266994497383
2015-06-30,CHMD,-0.009999983236193222,-0.009999983236193333,rebalance_exit,3314.0266994497383
2015-06-30,CARO,0.18987163176976396,0.18987163176976396,rebalance_exit,3314.0266994497383
2015-06-30,HBNK,0.04420188231170297,0.04420188231170297,rebalance_exit,3314.0266994497383
2015-06-30,VTNRQ,-0.4402684892521207,-0.4402684892521207,rebalance_exit,3314.0266994497383
2015-06-30,RRM,0.05479381998408073,0.060344554616328594,rebalance_exit,3314.0266994497383
2015-06-30,IKGH,0.32114158320410024,0.362118540853114,rebalance_exit,3719.5951980924915
2015-06-30,ENZ,0.016173067724615464,0.016173067724615464,rebalance_exit,3719.5951980924915
2015-06-30,KIN,-0.04481788526723418,-0.04481788526723418,rebalance_exit,3719.5951980924915
2015-06-30,JRVS,-0.628950637278438,-0.617073149031503,rebalance_exit,3719.5951980924915
2015-06-30,AUTO,0.06233590769530961,0.06233590769530961,rebalance_exit,3719.5951980924915
2015-06-30,SVBLD,-0.04166665890564536,-0.04166665890564514,rebalance_exit,1157.6000000000001
2015-06-30,ONE2,0.21762731670790103,0.22609471398032155,rebalance_exit,3719.5951980924915
2015-06-30,WGBS,-0.3329641937135317,-0.32306875912393773,rebalance_exit,3719.5951980924915
2015-06-30,HELI,-0.35202191975556885,-0.3362796397624478,rebalance_exit,3719.5951980924915
2015-06-30,QBAKD,-0.22665978120438834,-0.22665978120438823,rebalance_exit,1542.6218970489504
2015-06-30,CVUA,-0.18226662496258006,-0.18226662496257995,rebalance_exit,3719.5951980924915
2015-06-30,STDY,-0.3809582197871566,-0.37411762686336747,rebalance_exit,3719.5951980924915
2015-06-30,IMH,0.45028670414447114,0.5070222582977459,rebalance_exit,3719.5951980924915
2015-06-30,DAKP,-0.367493929681342,-0.3674939296813421,rebalance_exit,3719.5951980924915
2015-06-30,IMPM,0.45024237638630993,0.5069761964273454,rebalance_exit,3719.5951980924915
2015-06-30,ICOR,-0.8399999976158142,-0.8399999976158142,rebalance_exit,971.6599995422363
2015-06-30,JRVSD,-0.6290812415312538,-0.617073149031503,rebalance_exit,3719.5951980924915
2015-06-30,LINUF,0.3297899035184011,0.37103510028709685,rebalance_exit,3608.595068359375
2015-06-30,ONFC,0.032758483466260646,0.034223109343865854,rebalance_exit,3719.5951980924915
2015-06-30,LAYN,0.7414764658743478,0.7771537017563748,rebalance_exit,3719.5951980924915
2015-06-30,TLRA,0.23627454679672644,0.24358982588412803,rebalance_exit,3719.5951980924915
2015-06-30,MFRI,-0.2997147810335903,-0.2966692285182698,rebalance_exit,3719.5951980924915
2015-06-30,CCAN,-0.22944779410083493,-0.22944779410083493,rebalance_exit,3719.5951980924915
2015-06-30,TRGT,-0.06060608249941013,-0.06060608249941013,rebalance_exit,3719.5951980924915
2015-06-30,USMD_old,-0.18773947480130193,-0.18773947480130182,rebalance_exit,3719.5951980924915
2015-06-30,PCNT,-0.400023974414322,-0.4000239744143219,rebalance_exit,3719.5951980924915
2015-06-30,MCP,-0.7832082621036477,-0.7662337511541627,rebalance_exit,3719.5951980924915
2015-06-30,DAKPQ,-0.367493929681342,-0.3674939296813421,rebalance_exit,3719.5951980924915
2015-06-30,CYTX,-0.534479121368511,-0.534479121368511,rebalance_exit,3719.5951980924915
2015-06-30,DGAS,0.032911468334863025,0.036304035550941194,rebalance_exit,3719.5951980924915
2015-06-30,HNSN,0.02101989902372825,0.05172411714146308,rebalance_exit,3719.5951980924915
2015-06-30,HSGX,-0.36815148585297597,-0.36815148585297586,rebalance_exit,3719.5951980924915
2015-06-30,NICK,-0.09821646553784302,-0.09461872495070467,rebalance_exit,3719.5951980924915
2015-06-30,COSI,-0.24856931970855478,-0.24856931970855478,rebalance_exit,3719.5951980924915
2015-06-30,APPCQ,-0.3072103460462171,-0.30159185155234935,rebalance_exit,3719.5951980924915
2015-06-30,NVEE,0.45817083074735954,0.47929062356407126,rebalance_exit,3719.5951980924915
2015-06-30,GOGL_old,-0.25398004353483716,-0.2539800435348373,rebalance_exit,3719.5951980924915
2015-06-30,ZSANQ,-0.2837137034014374,-0.28288822947576653,rebalance_exit,38.35619998931885
2015-06-30,MSON,-0.2875941861160086,-0.2720306619807764,rebalance_exit,3719.5951980924915
2015-09-30,EGAS,-0.05262433782080955,-0.05262433782080944,rebalance_exit,4594.858610026064
2015-09-30,PLPM,0.39999705279624265,0.4297538815095281,rebalance_exit,3671.919760064041
2015-09-30,ADNC,0.09898929092208242,0.09898929092208242,rebalance_exit,3314.0266994497383
2015-09-30,OCUP,-0.2819926494960392,-0.257142838977632,rebalance_exit,130.93755630493166
2015-09-30,LEAF,-0.33327200456777695,-0.3210911880708355,rebalance_exit,3314.0266994497383
2015-09-30,LFGR,-0.33327200456777695,-0.3210911880708355,rebalance_exit,3314.0266994497383
2015-09-30,NCBS,0.2799999999999998,0.28,rebalance_exit,3314.0266994497383
2015-09-30,RNN,-0.2819926494960391,-0.257142838977632,rebalance_exit,3314.0266994497383
2015-09-30,HSTOQ,-0.3689420768256966,-0.3689420768256966,rebalance_exit,958.0742578125
2015-09-30,HSTO,-0.3689420768256966,-0.3689420768256966,rebalance_exit,958.8267114257814
2015-09-30,SYNL,-0.3773575845426079,-0.3773575845426078,rebalance_exit,3719.5951980924915
2015-09-30,PQ,-0.20794944805246462,-0.20407817914949156,rebalance_exit,3719.5951980924915
2015-09-30,PRGX,-0.06218905502143346,-0.06218905502143335,rebalance_exit,3719.5951980924915
2015-09-30,VGEN,-0.39240720577572563,-0.39240720577572563,rebalance_exit,3719.5951980924915
2015-09-30,MOSY,-0.3041098238592539,-0.2960754295893846,rebalance_exit,3719.5951980924915
2015-09-30,GDEN,0.043328623243213515,0.05498969671342224,rebalance_exit,3719.5951980924915
2015-09-30,BIOL,-0.5675281617309105,-0.5565738349741465,rebalance_exit,3.2319500625133517
2015-09-30,NJMCD,-0.6008837105166283,-0.5999999893563135,rebalance_exit,3719.5951980924915
2015-09-30,HGSH,-0.34768399366170066,-0.34768399366170066,rebalance_exit,3472.134714355469
2015-09-30,FRBK,-0.003602121450627105,0.023654259489860552,rebalance_exit,3719.5951980924915
2015-09-30,BINDQ,-0.20753483531338968,-0.19607402195908608,rebalance_exit,3719.5951980924915
2015-09-30,AROPQ,-0.6172839488003462,-0.6172839488003461,rebalance_exit,3437.7553481718655
2015-09-30,CALL,0.19096526512416823,0.19919247015708486,rebalance_exit,3437.7553481718655
2015-09-30,BBLUQ,-0.3874066165787916,-0.37614680153283453,rebalance_exit,3437.7553481718655
2015-09-30,PQUE,-0.4182432947150444,-0.4182432947150444,rebalance_exit,3437.7553481718655
2015-09-30,ADEP,0.7583918569365071,0.7590707882605345,rebalance_exit,3437.7553481718655
2015-09-30,BTH,-0.06029473484737813,-0.05984253860597588,rebalance_exit,3437.7553481718655
2015-09-30,TCPI,-0.36514574834688807,-0.36377836992446255,rebalance_exit,3437.7553481718655
2015-09-30,MNTX,-0.301196326089302,-0.2809616738821735,rebalance_exit,3437.7553481718655
2015-09-30,ARO,-0.6172839488003462,-0.6172839488003461,rebalance_exit,3437.7553481718655
2015-09-30,LENS_old,-0.3419733109028218,-0.3333333526697949,rebalance_exit,3437.7553481718655
2015-09-30,SES_old,-0.32070883660597904,-0.32070883660597915,rebalance_exit,3437.7553481718655
2015-09-30,VYNT,-0.3558020408158413,-0.3558020408158412,rebalance_exit,3437.7553481718655
2015-09-30,OAKS,-0.21459364090675548,-0.21459364090675548,rebalance_exit,3437.7553481718655
2015-09-30,PGLC,-0.32460735206335267,-0.32460735206335256,rebalance_exit,3437.7553481718655
2015-09-30,TCPIF,-0.365136152435374,-0.363783477022915,rebalance_exit,3437.7553481718655
2015-09-30,LENSF,-0.3419732765482687,-0.333333317864163,rebalance_exit,3437.7553481718655
2015-09-30,COVS,-0.3746730494157513,-0.3591130082049109,rebalance_exit,3437.7553481718655
2015-09-30,CTRV,-0.6041564815050597,-0.5996543440931692,rebalance_exit,3437.7553481718655
2015-09-30,COSMD,-0.3859404263647873,-0.32512497901916504,rebalance_exit,302.8957449340821
2015-09-30,ZQKSQ,-0.9699780489003802,-0.9698340875913196,rebalance_exit,3437.7553481718655
2015-09-30,NWDVW,-0.784810120215281,-0.784810120215281,rebalance_exit,3437.7553481718655
2015-09-30,CNFND,-0.7522685279862087,-0.7484717572567244,rebalance_exit,16.872449979782104
2015-09-30,WLMS,-0.5451336715940595,-0.5334678217694697,rebalance_exit,3437.7553481718655
2015-09-30,YTEN,-0.6240266655815973,-0.6240266655815971,rebalance_exit,3437.7553481718655
2015-09-30,SYMX,-0.32070883660597904,-0.32070883660597915,rebalance_exit,3437.7553481718655
2015-09-30,WLMSQ,-0.5451336715940595,-0.5334678217694697,rebalance_exit,3437.7553481718655
2015-09-30,IMPHP,-0.3900000095367432,-0.38999998569488525,rebalance_exit,3437.7553481718655
2015-09-30,TEHG,-0.5454545553065526,-0.5454545553065526,rebalance_exit,3437.7553481718655
2015-09-30,NAME,0.10055147336193015,0.11373707283543233,rebalance_exit,3437.7553481718655
2015-09-30,GDPM,-0.696197060198786,-0.6920155543457556,rebalance_exit,3437.7553481718655
2015-09-30,OGES,1.1111111405455043,1.1111111405455043,rebalance_exit,3437.7553481718655
2015-09-30,HSHS,-0.9743529416363957,-0.9743529558181763,rebalance_exit,3437.7553481718655
2015-09-30,KAYSD,-0.0653100082376773,0.025854328646013336,rebalance_exit,3437.7553481718655
2015-09-30,CGWB,0.010676146619453597,0.010676146619453597,rebalance_exit,3437.7553481718655
2015-09-30,ZQK,-0.31351840149482846,-0.31351840149482835,rebalance_exit,3437.7553481718655
2015-09-30,GMAN1,-0.43183367752607316,-0.42903753105081066,rebalance_exit,3437.7553481718655
2015-09-30,TWER,-0.4249810367595598,-0.4224369355001143,rebalance_exit,10.684625053405762
2015-09-30,GMANQ,-0.43183367752607316,-0.42903753105081066,rebalance_exit,3437.7553481718655
2015-09-30,LATX,-0.9633776533033851,-0.9633776533033851,rebalance_exit,3437.7553481718655
2015-09-30,SKIS,-0.027866377318251367,-0.019121109996549923,rebalance_exit,3437.7553481718655
2015-09-30,OHGI,-0.6505645437331511,-0.6474958467841806,rebalance_exit,3437.7553481718655
2015-09-30,ATLS,-0.524630916565014,-0.5246309165650139,rebalance_exit,3437.7553481718655
2015-09-30,RMGN,-0.03652398467815787,-0.02521940620705998,rebalance_exit,3437.7553481718655
2015-12-31,MNRK,0.991806343670897,0.991806343670897,rebalance_exit,4928.713659960824
2015-12-31,ASFI,-0.17817303159830677,-0.17399788169203323,rebalance_exit,4928.713659960824
2015-12-31,CVLY,0.10950159715255792,0.11547440930196662,rebalance_exit,4594.858610026064
2015-12-31,NEOT,-0.8181006028205046,-0.8141711253809518,rebalance_exit,3314.0266994497383
2015-12-31,BYLK,0.19526124168107195,0.19824986810630651,rebalance_exit,3314.0266994497383
2015-12-31,EVFMD,-0.8181005913119395,-0.8141711136237733,rebalance_exit,4.872179927825928
2015-12-31,ICBK,-0.002997764432121408,-0.002997764432121297,rebalance_exit,3719.5951980924915
2015-12-31,AXN,-0.6046745699366315,-0.6046745699366314,rebalance_exit,3719.5951980924915
2015-12-31,OIG,0.17899788147018403,0.19207296604481394,rebalance_exit,1546.3396484375
2015-12-31,CUI,0.1789978814701838,0.19207296604481394,rebalance_exit,3719.5951980924915
2015-12-31,AVNU,0.13134955888244892,0.14443726568461646,rebalance_exit,3719.5951980924915
2015-12-31,OEG,0.1789978814701838,0.19207296604481394,rebalance_exit,3719.5951980924915
2015-12-31,CERU,-0.4059783098015731,-0.4059783098015731,rebalance_exit,3437.7553481718655
2015-12-31,ALSK,-0.2517100018932138,-0.24196444385163507,rebalance_exit,3437.7553481718655
2015-12-31,ARDMQ,-0.49613920775475284,-0.4753141829950135,rebalance_exit,3437.7553481718655
2015-12-31,SLD,-0.07341527260760028,-0.07224113240470187,rebalance_exit,3437.7553481718655
2015-12-31,PCTI,-0.36596202640201303,-0.35938618290418023,rebalance_exit,3437.7553481718655
2015-12-31,LBMH,0.5005589710871676,0.5018404951954991,rebalance_exit,3437.7553481718655
2015-12-31,SCTL,-0.3142434069621802,-0.31000699746463123,rebalance_exit,3437.7553481718655
2015-12-31,JCAP_old,-0.2358211334399133,-0.2358211334399133,rebalance_exit,3437.7553481718655
2015-12-31,EKSO,-0.10623222825287404,-0.09958733675560705,rebalance_exit,68.98321960449219
2015-12-31,REPH,-0.31421832308657416,-0.30998175862796484,rebalance_exit,3437.7553481718655
2015-12-31,ARDM,-0.49613920775475284,-0.4753141829950135,rebalance_exit,3437.7553481718655
2015-12-31,DRYS,-0.13555024789902015,-0.059298791874747514,rebalance_exit,2460.340957556429
2015-12-31,NEUL,0.07009179539355781,0.08000004291534424,rebalance_exit,2460.340957556429
2015-12-31,KIN,-0.3578343185264784,-0.35423334029741316,rebalance_exit,2460.340957556429
2015-12-31,EPRS,-0.31048317986622076,-0.30366511788452344,rebalance_exit,2460.340957556429
2015-12-31,FCFP,0.11213510239180335,0.11213510239180335,rebalance_exit,2460.340957556429
2015-12-31,CNXC_old,-0.15525103518171168,-0.14574361593762564,rebalance_exit,2460.340957556429
2015-12-31,AMOT,1.1697284192113608,1.2140317795391815,rebalance_exit,2460.340957556429
2015-12-31,VRML,-0.1210671051981218,-0.1165430510715193,rebalance_exit,2460.340957556429
2015-12-31,EPRSQ,-0.31031621993690317,-0.30366511788452344,rebalance_exit,2460.340957556429
2015-12-31,SLOT,0.0,0.0,rebalance_exit,2460.340957556429
2015-12-31,LMST,-0.7966823822013218,-0.7966823822013218,rebalance_exit,2460.340957556429
2015-12-31,AIQ_old,-0.06441428303472407,-0.05942622029758937,rebalance_exit,2460.340957556429
2015-12-31,PFMT,-0.28461903990617277,-0.27092136408947987,rebalance_exit,2460.340957556429
2015-12-31,ACRX,0.21722439997700604,0.22280091617805886,rebalance_exit,2460.340957556429
2015-12-31,PHLT,-0.28461903990617277,-0.27092136408947987,rebalance_exit,2460.340957556429
2015-12-31,YECO_old,1.0213354377313242,1.074418533680051,rebalance_exit,2460.340957556429
2015-12-31,RNDY,0.5431046191743469,0.5431046191743469,rebalance_exit,2460.340957556429
2015-12-31,ACW,-0.4164920121426162,-0.40539373476745577,rebalance_exit,2460.340957556429
2015-12-31,ZYNE,-0.3501096897465972,-0.33099169076454193,rebalance_exit,2460.340957556429
2015-12-31,TRCH,-0.47216933470508105,-0.4663988029116303,rebalance_exit,2460.340957556429
2015-12-31,CBIO_old,-0.34911499490321385,-0.34911499490321385,rebalance_exit,168.66011955261231
2015-12-31,AAMC,-0.28350674507877716,-0.28350674507877716,rebalance_exit,2460.340957556429
2015-12-31,CCR,-0.15422929900716686,-0.144710380401054,rebalance_exit,2460.340957556429
2015-12-31,PETVD,-0.2535207760147319,-0.25352078676223755,rebalance_exit,2460.340957556429
2015-12-31,HWCC,-0.17529639066919478,-0.1657650770985788,rebalance_exit,2460.340957556429
2015-12-31,MIFI,-0.25292722955817937,-0.24847644804677038,rebalance_exit,2460.340957556429
2015-12-31,ATNY,-0.40072418777103613,-0.37652056341756956,rebalance_exit,2258.021013183594
2015-12-31,HEAR,-0.20012901746075573,-0.18648284509653312,rebalance_exit,2460.340957556429
2015-12-31,CLCT,0.040245138782535994,0.04946599307481003,rebalance_exit,2460.340957556429
2015-12-31,APEX,0.06982234967974743,0.08169677647112761,rebalance_exit,2460.340957556429
2015-12-31,ONCT,-0.07894736842105254,-0.07894736842105265,rebalance_exit,4.350850157737732
2015-12-31,NICK,-0.11215234670474028,-0.10658531356810685,rebalance_exit,2460.340957556429
2015-12-31,CHKE,0.06982234967974743,0.08169677647112761,rebalance_exit,2460.340957556429
2016-03-31,PCMI,-0.1768239671306805,-0.1645833188460939,rebalance_exit,3977.6217741919895
2016-03-31,MBRG,0.2620895400127736,0.2620895400127734,rebalance_exit,3671.919760064041
2016-03-31,CDXC,0.0839695054755889,0.0839695054755889,rebalance_exit,3719.5951980924915
2016-03-31,FTCY,0.043945144545923354,0.07893582561696566,rebalance_exit,3437.7553481718655
2016-03-31,SMED,-0.21647959018809781,-0.21647959018809781,rebalance_exit,3437.7553481718655
2016-03-31,HDNG,0.27022822827013027,0.27409495048526455,rebalance_exit,3437.7553481718655
2016-03-31,IVAC,-0.03636288475740057,-0.02175122046907374,rebalance_exit,2460.340957556429
2016-03-31,DEST,-0.2291661967133125,-0.22916619671331262,rebalance_exit,2460.340957556429
2016-03-31,AMBR_old,0.22521719250572714,0.2365219206777931,rebalance_exit,2460.340957556429
2016-03-31,HGG,-0.5729411735036924,-0.5667351242958818,rebalance_exit,2460.340957556429
2016-03-31,SLI_old,-0.00028471335199176107,0.0,rebalance_exit,2460.340957556429
2016-03-31,FENX,-0.3248736610261356,-0.31667090842351975,rebalance_exit,2460.340957556429
2016-03-31,PME,-0.21240798219632462,-0.21240798219632462,rebalance_exit,2011.196726074219
2016-03-31,NKA,0.15310264567165754,0.15358378559737096,rebalance_exit,2460.340957556429
2016-03-31,ATXS,-0.41573045119784113,-0.4056380508926053,rebalance_exit,1162.454005126953
2016-03-31,LAYN,0.0882578686238713,0.09579305142964434,rebalance_exit,2460.340957556429
2016-03-31,CATB,-0.4157260406860108,-0.4056335641956459,rebalance_exit,2460.340957556429
2016-03-31,ASBB,-0.03233530900647763,-0.03233530900647763,rebalance_exit,2460.340957556429
2016-03-31,ZEUS,0.6876554197072067,0.7198902500409825,rebalance_exit,2460.340957556429
2016-03-31,HGGGQ,-0.5729411735036924,-0.5667351242958818,rebalance_exit,2460.340957556429
2016-03-31,DESTQ,-0.2291748725197149,-0.2291748725197148,rebalance_exit,2460.340957556429
2016-03-31,MHGC,-0.5996231843714555,-0.5874233153954369,rebalance_exit,2460.340957556429
2016-03-31,JNP,-0.45736092597875233,-0.4478339469989414,rebalance_exit,2460.340957556429
2016-03-31,CTG,-0.17098687655812772,-0.1650505880509946,rebalance_exit,2460.340957556429
2016-03-31,MSL,-0.34299470811697486,-0.3408919135019912,rebalance_exit,2460.340957556429
2016-03-31,EVLV_old,-0.3514546792150096,-0.3514546792150097,rebalance_exit,2654.7444291902316
2016-03-31,LOJN,0.1582734035067257,0.1582734035067257,rebalance_exit,2654.7444291902316
2016-03-31,MCF,0.7832566343077241,0.8345126186841463,rebalance_exit,2654.7444291902316
2016-03-31,SZMK,-0.22171918259586376,-0.20547944668601448,rebalance_exit,2654.7444291902316
2016-03-31,ALIM,-0.285856054502744,-0.285856054502744,rebalance_exit,2654.7444291902316
2016-03-31,JADG,-0.9524604513010714,-0.9523809552192688,rebalance_exit,2654.7444291902316
2016-03-31,CTLP,0.3987808437721141,0.3987808437721141,rebalance_exit,2654.7444291902316
2016-03-31,ALPN,-0.46924734628272124,-0.4612402842885971,rebalance_exit,2654.7444291902316
2016-03-31,CFRX,-0.3113698487598998,-0.28496607618468095,rebalance_exit,2654.7444291902316
2016-03-31,BYRND,-0.006400003051758363,-0.006400003051758363,rebalance_exit,2654.7444291902316
2016-03-31,PLXP,-0.16391866906650443,-0.15789866355238924,rebalance_exit,2654.7444291902316
2016-03-31,PYX,0.5113558663225843,0.5113558663225843,rebalance_exit,2654.7444291902316
2016-03-31,IMBI,-0.35145464862555054,-0.35145464862555054,rebalance_exit,2654.7444291902316
2016-03-31,COVS,-0.20000000000000007,-0.19999999999999996,rebalance_exit,2654.7444291902316
2016-03-31,STML,-0.2819515435244663,-0.2660171258640336,rebalance_exit,2654.7444291902316
2016-03-31,MIRN,-0.3221571145599854,-0.3221571145599854,rebalance_exit,2654.7444291902316
2016-03-31,COSMD,-0.05174785597142062,-0.05000001192092918,rebalance_exit,2654.7444291902316
2016-03-31,SOCB,-0.1666666463670854,-0.1666666463670855,rebalance_exit,2654.7444291902316
2016-03-31,RSYS,0.4164433221876449,0.42599280681674,rebalance_exit,2654.7444291902316
2016-03-31,FBRC,-0.08859601784462667,-0.08859601784462667,rebalance_exit,2654.7444291902316
2016-03-31,TLRA,-0.18296799901632288,-0.14563104885891243,rebalance_exit,2654.7444291902316
2016-03-31,VVUSQ,0.3180709498806571,0.3530005045193165,rebalance_exit,2654.7444291902316
2016-03-31,VVUS,0.3180709723272721,0.3530005275607784,rebalance_exit,2654.7444291902316
2016-03-31,PFWI,-0.9360160100960893,-0.936016001701355,rebalance_exit,2654.7444291902316
2016-03-31,LUB,0.08063319767296662,0.0850112152744924,rebalance_exit,2654.7444291902316
2016-03-31,HSON,-0.17505913010749785,-0.17505913010749796,rebalance_exit,888.2698706054688
2016-03-31,USAT,0.3987808437721141,0.3987808437721141,rebalance_exit,2654.7444291902316
2016-03-31,SDOC,-0.7340828210910253,-0.7340828210910252,rebalance_exit,2654.7444291902316
2016-03-31,CHMD,-0.3043477943973416,-0.3043477943973416,rebalance_exit,2654.7444291902316
2016-03-31,ENOC,0.8952083592669011,0.9243066064089751,rebalance_exit,2654.7444291902316
2016-03-31,IVTY,-0.21335824534562675,-0.1991638130509481,rebalance_exit,2654.7444291902316
2016-03-31,IMBIQ,-0.35145464862555054,-0.35145464862555054,rebalance_exit,2654.7444291902316
2016-03-31,FONR,-0.12599841797442757,-0.1153012144869775,rebalance_exit,2654.7444291902316
2016-03-31,NVLS,-0.46924734628272124,-0.4612402842885971,rebalance_exit,2654.7444291902316
2016-03-31,AEZ,-0.30916353564662946,-0.30371568611666677,rebalance_exit,2654.7444291902316
2016-03-31,RMGN,-0.6100000143051147,-0.6100000143051147,rebalance_exit,2654.7444291902316
2016-06-30,LSBG,0.21113264303249357,0.21864844845879206,rebalance_exit,3702.220550868666
2016-06-30,ARQL,-0.16497885418606584,-0.15838952620703162,rebalance_exit,3719.5951980924915
2016-06-30,HFFC,0.3689952232452538,0.368995223245254,rebalance_exit,3719.5951980924915
2016-06-30,LMIA,-0.20391286740981662,-0.20391286740981673,rebalance_exit,3437.7553481718655
2016-06-30,MRIN,-0.2500371198762008,-0.2492014839549288,rebalance_exit,1029.8946435546875
2016-06-30,ICDI,0.04189728397376369,0.05953528779688799,rebalance_exit,1125.8538989257813
2016-06-30,GLYC,0.298214304416764,0.2982143044167638,rebalance_exit,2460.340957556429
2016-06-30,ICDIQ,0.04189728397376369,0.05953528779688799,rebalance_exit,1121.8617480468752
2016-06-30,ICD,0.04189728397376369,0.05953528779688799,rebalance_exit,1126.1338525390627
2016-06-30,PVBC,0.23172003530902896,0.2340742414528001,rebalance_exit,2460.340957556429
2016-06-30,INDT,0.25212849807599946,0.25212849807599946,rebalance_exit,2460.340957556429
2016-06-30,GRIF,0.2525229977857446,0.2525229977857444,rebalance_exit,2460.340957556429
2016-06-30,VOXX,-0.4804018719561993,-0.4695817793821424,rebalance_exit,2654.7444291902316
2016-06-30,AXAS,0.05120578370540807,0.06603771547865533,rebalance_exit,2654.7444291902316
2016-06-30,EMESZ,1.4035852290699777,1.4203153237074124,rebalance_exit,2654.7444291902316
2016-06-30,EMGCQ,-0.09783070276717298,-0.08943093685836168,rebalance_exit,2654.7444291902316
2016-06-30,IMI,-0.3887314223874876,-0.36928683958224484,rebalance_exit,2654.7444291902316
2016-06-30,NJMCD,0.15515915720188556,0.1555555408383591,rebalance_exit,2654.7444291902316
2016-06-30,EMES_old,1.4061678728264178,1.4229159438908736,rebalance_exit,2654.7444291902316
2016-06-30,STVVY,-0.32771517958824137,-0.3275862352459664,rebalance_exit,2654.7444291902316
2016-06-30,FCCY,-0.02294216024960316,-0.02294216024960316,rebalance_exit,2654.7444291902316
2016-06-30,STV,-0.32771517958824137,-0.3275862352459664,rebalance_exit,2654.7444291902316
2016-06-30,HOFSQ,-0.07432662037977278,-0.0736101426763367,rebalance_exit,2654.7444291902316
2016-06-30,SSRG,0.33088552125875603,0.33164306000246246,rebalance_exit,2560.05068316053
2016-06-30,GIG1,-0.28056947654519493,-0.2740740727658789,rebalance_exit,2560.05068316053
2016-06-30,AVGR,-0.009438734382503977,0.0,rebalance_exit,1.4434999942779543
2016-06-30,ADHD,0.16783460883332668,0.16783460883332668,rebalance_exit,2560.05068316053
2016-06-30,NETI,-0.17611206229400644,-0.16274767092100784,rebalance_exit,2560.05068316053
2016-06-30,PACD,0.3959649669669072,0.39684373305581344,rebalance_exit,2560.05068316053
2016-06-30,CVRS,0.4251716950181055,0.44371528127134763,rebalance_exit,2560.05068316053
2016-06-30,NVLN,-0.30183910944140235,-0.2882790187404698,rebalance_exit,2560.05068316053
2016-06-30,MAVTD,-0.8964419209631231,-0.8964419209631231,rebalance_exit,2560.05068316053
2016-06-30,OHRP,-0.18709379452411512,-0.16829800733740252,rebalance_exit,2560.05068316053
2016-06-30,ICBK,0.010768491891689047,0.020550637596642884,rebalance_exit,2560.05068316053
2016-06-30,FNCB,-0.08244611273532243,-0.08244609832763672,rebalance_exit,2560.05068316053
2016-06-30,EMKR,0.17930046912760167,0.17930046912760167,rebalance_exit,2560.05068316053
2016-06-30,MEP,0.6709323320234184,0.7253288303726957,rebalance_exit,2560.05068316053
2016-06-30,EIGR,0.17917982510047858,0.18187236785888672,rebalance_exit,2560.05068316053
2016-06-30,BIOA_old,-0.304119157122565,-0.29908908921171573,rebalance_exit,2560.05068316053
2016-06-30,PGLC,0.05729573339123162,0.07039549752055141,rebalance_exit,2560.05068316053
2016-06-30,RWLK,-0.32200815265308047,-0.31589389967276615,rebalance_exit,2560.05068316053
2016-06-30,FCSC,-0.5516016697361643,-0.5460424831478412,rebalance_exit,2560.05068316053
2016-06-30,PFCF,0.03809747842707423,0.03809747842707423,rebalance_exit,2560.05068316053
2016-06-30,ORIG,1.932864594026967,1.9328645940269666,rebalance_exit,2560.05068316053
2016-06-30,LINDW,-0.2264566812208384,-0.22645668122083829,rebalance_exit,2560.05068316053
2016-06-30,FSYS,-0.023508157234848115,-0.023508157234848115,rebalance_exit,2560.05068316053
2016-06-30,HWCC,-0.2522590858629544,-0.24579672138713815,rebalance_exit,2560.05068316053
2016-06-30,PRTO_old,-0.03430128295068713,0.026257032296123306,rebalance_exit,2560.05068316053
2016-06-30,ATNY,0.01266470601122549,0.01266470601122549,rebalance_exit,2560.05068316053
2016-06-30,NBSE,-0.187093794524115,-0.16829800733740252,rebalance_exit,250.24594970703126
2016-06-30,PATAF,0.028073026638788967,0.02807307243347168,rebalance_exit,2560.05068316053
2016-06-30,SESN,4.078751780268611,4.151717867780054,rebalance_exit,2560.05068316053
2016-06-30,SXCL,0.08075768898879754,0.08075768898879754,rebalance_exit,2560.05068316053
2016-06-30,PRTX,-0.33335553275214314,-0.33335553275214314,rebalance_exit,2560.05068316053
2016-06-30,USMD_old,0.7432557926621548,0.7432557344436646,rebalance_exit,2560.05068316053
2016-06-30,RBNC,-0.053876064174956384,-0.05387606417495627,rebalance_exit,2560.05068316053
2016-06-30,PIP,0.27020870064851077,0.270208700648511,rebalance_exit,2560.05068316053
2016-06-30,NAO,0.036961267321420355,0.03776388263230612,rebalance_exit,2560.05068316053
2016-06-30,SNAK,0.36474567783059997,0.36474567783059997,rebalance_exit,2560.05068316053
2016-06-30,BIOAQ,-0.304119157122565,-0.29908908921171573,rebalance_exit,2560.05068316053
2016-06-30,ATTU,0.29029831596594224,0.29029831596594224,rebalance_exit,2560.05068316053
2016-06-30,CCXI_old,0.69972516046651,0.7467844453669459,rebalance_exit,2560.05068316053
2016-06-30,NM,-0.33431482010199576,-0.3146758951352838,rebalance_exit,2560.05068316053
2016-06-30,DFFN,-0.21818181818181825,-0.2181817889213562,rebalance_exit,2560.05068316053
2016-06-30,GOGL_old,-0.06040931441285491,-0.04433697205257148,rebalance_exit,2560.05068316053
2016-06-30,DRNA,-0.4576596522620173,-0.44711009039803473,rebalance_exit,2560.05068316053
2016-09-30,XELAU,-0.003873500943167074,-0.0038735270500183105,rebalance_exit,3719.5951980924915
2016-09-30,OSHC,0.4233092289998559,0.42700597895637693,rebalance_exit,2460.340957556429
2016-09-30,HTCH,0.10263550850707337,0.10342365710667134,rebalance_exit,2654.7444291902316
2016-09-30,WMGIZ,0.2868368705196249,0.2868368705196249,rebalance_exit,2654.7444291902316
2016-09-30,SIENQ,0.4996622816256471,0.5185810872853629,rebalance_exit,2654.7444291902316
2016-09-30,BBRG,-0.4749480954199472,-0.46888886557685006,rebalance_exit,2654.7444291902316
2016-09-30,AFCO,0.15303342190441072,0.15303342190441072,rebalance_exit,2654.7444291902316
2016-09-30,CLD,1.6153847388261915,1.615384738826192,rebalance_exit,2654.7444291902316
2016-09-30,FVE,-0.17882186164326996,-0.16941354731980585,rebalance_exit,2560.05068316053
2016-09-30,SIEN,0.29795325246633597,0.31432742259761914,rebalance_exit,2560.05068316053
2016-09-30,GIFI,0.16624954688342397,0.17502211091895448,rebalance_exit,2560.05068316053
2016-09-30,PTIE,-0.5594250892320975,-0.552897019573132,rebalance_exit,2560.05068316053
2016-09-30,TKAI,-0.7359917429579259,-0.7291854836401477,rebalance_exit,2560.05068316053
2016-09-30,SNMX,0.6332240706983114,0.6332240706983114,rebalance_exit,2560.05068316053
2016-09-30,TGLSW,-0.09777779049343527,-0.09777779049343538,rebalance_exit,2560.05068316053
2016-09-30,SLD,-0.04001826716963974,-0.03600720516293243,rebalance_exit,2560.05068316053
2016-09-30,QPACU,0.015186278615030524,0.015186278615030524,rebalance_exit,2560.05068316053
2016-09-30,NVUS,-0.7359917429579259,-0.7291854836401477,rebalance_exit,172.72690063476563
2016-09-30,GI,0.5035944515285986,0.5054833874712914,rebalance_exit,2560.05068316053
2016-09-30,EGLTQ,0.5171156952975444,0.5171156952975442,rebalance_exit,3301.985486502969
2016-09-30,FCTY,-0.0006519139283444053,-0.0006519139283444053,rebalance_exit,3301.985486502969
2016-09-30,UNRV,0.0662153180088878,0.09333773962094716,rebalance_exit,48.23703102111816
2016-09-30,CBRIQ,-0.23333334922790516,-0.23333334922790527,rebalance_exit,3301.985486502969
2016-09-30,TRTC,0.06621544036474791,0.0933378650893002,rebalance_exit,3301.985486502969
2016-09-30,MNTX,-0.20490615218344288,-0.20490615218344288,rebalance_exit,3301.985486502969
2016-09-30,AMRSQ,0.18818411107943267,0.18818411107943267,rebalance_exit,3301.985486502969
2016-09-30,CBR,-0.23401653814225742,-0.23333334922790527,rebalance_exit,3301.985486502969
2016-09-30,ACRX,0.38816147432793535,0.4168909550650224,rebalance_exit,3301.985486502969
2016-09-30,PLXP,0.4121919688315836,0.4568629796057899,rebalance_exit,3301.985486502969
2016-09-30,CRDSQ,0.04864876441419996,0.04864876441419974,rebalance_exit,3301.985486502969
2016-09-30,GQMNF,-0.30679937308826744,-0.30679937308826744,rebalance_exit,3301.985486502969
2016-09-30,SQNM,1.5411841070936,1.5411841070935997,rebalance_exit,3301.985486502969
2016-09-30,NDMT,-0.3877551139567801,-0.3877551139567801,rebalance_exit,3301.985486502969
2016-09-30,KONA_old,0.16134966317878918,0.17257456918964809,rebalance_exit,3301.985486502969
2016-09-30,BETS_old,-0.6183737273823502,-0.5706704344197144,rebalance_exit,1479.681240234375
2016-09-30,NEPHD,0.4230769265602832,0.4230769265602832,rebalance_exit,317.79000152587895
2016-09-30,STML,0.5480782495759347,0.5910210701017984,rebalance_exit,3301.985486502969
2016-09-30,BDE,0.2253824397185984,0.23122148985422908,rebalance_exit,3301.985486502969
2016-09-30,CYBE,0.6181597227711559,0.6408545176788814,rebalance_exit,3301.985486502969
2016-09-30,FLUXD,-0.20000000000000007,-0.19999998807907104,rebalance_exit,3301.985486502969
2016-09-30,KONA,0.16132858895757596,0.17257456918964809,rebalance_exit,3301.985486502969
2016-09-30,FBRC,-0.10864698382448124,-0.10661111201614837,rebalance_exit,3301.985486502969
2016-09-30,EGLT,0.5171156952975444,0.5171156952975442,rebalance_exit,3301.985486502969
2016-09-30,QUESD,-0.556599012725931,-0.5511120167306771,rebalance_exit,3301.985486502969
2016-09-30,KONAQ,0.16132858895757596,0.17257456918964809,rebalance_exit,3301.985486502969
2016-09-30,NLTX,0.9990513966401104,0.9990513966401102,rebalance_exit,3301.985486502969
2016-09-30,WAYS,-0.016393442622950727,-0.016393423080444336,rebalance_exit,3301.985486502969
2016-09-30,AMRS,0.18818411107943267,0.18818411107943267,rebalance_exit,3301.985486502969
2016-09-30,UBIQ,-0.4242106345559118,-0.38663947459158154,rebalance_exit,3301.985486502969
2016-09-30,VHUBD,0.624577412427928,0.7248157783673665,rebalance_exit,3301.985486502969
2016-09-30,ROX,0.14892380018366191,0.158443784106987,rebalance_exit,3301.985486502969
2016-09-30,IVTY,0.42469719038797393,0.42469719038797393,rebalance_exit,3301.985486502969
2016-09-30,HVST,-0.04249289922391264,-0.04249289922391264,rebalance_exit,3301.985486502969
2016-09-30,CASC,0.6885140052715137,0.7389461010349421,rebalance_exit,3301.985486502969
2016-09-30,AQXP,0.9990513966401104,0.9990513966401102,rebalance_exit,3301.985486502969
2016-09-30,BDSI,0.08706226521212113,0.10315691322455645,rebalance_exit,3301.985486502969
2016-09-30,CRDS,0.048648859266009925,0.048648859266009925,rebalance_exit,3301.985486502969
2016-12-30,YGYI,-0.17697333470864984,-0.1732392961206084,rebalance_exit,129.94542205810546
2016-12-30,MLVF,0.34905121003381656,0.35110917103293193,rebalance_exit,2460.340957556429
2016-12-30,UFAB,0.3790649391179013,0.3790649391179013,rebalance_exit,2460.340957556429
2016-12-30,CFCB,0.2800480780252337,0.2800480780252339,rebalance_exit,2654.7444291902316
2016-12-30,GFN,0.37144440510805543,0.38144639366682087,rebalance_exit,2654.7444291902316
2016-12-30,KAYSD,1.9357777545831363,1.9742291088827564,rebalance_exit,775.1940017700196
2016-12-30,MATR,-0.09739471965282465,-0.07832558163172643,rebalance_exit,2560.05068316053
2016-12-30,IVAC,0.5030969669043497,0.5030969669043497,rebalance_exit,3301.985486502969
2016-12-30,PTSI,0.6075254678155224,0.6131783460664353,rebalance_exit,3301.985486502969
2016-12-30,SPNE,-0.266043706134234,-0.2614350636845322,rebalance_exit,3301.985486502969
2016-12-30,TTNP,-0.27925977696063287,-0.27925977696063287,rebalance_exit,103.69949920654297
2016-12-30,OIG,52.886698881722175,53.324567117193304,rebalance_exit,2355.6720703125
2016-12-30,XRM,-0.14352482160572977,-0.12117598351186187,rebalance_exit,3301.985486502969
2016-12-30,CUI,0.3471675675417085,0.3581142377369835,rebalance_exit,3301.985486502969
2016-12-30,OGES,-0.40052902917437727,-0.35975013303509273,rebalance_exit,3146.521772155762
2016-12-30,SIAF,-0.32323211981964317,-0.32323211981964317,rebalance_exit,3301.985486502969
2016-12-30,OEG,0.3471675675417085,0.3581142377369835,rebalance_exit,3301.985486502969
2016-12-30,MSL,0.35156223018253163,0.37557172995282007,rebalance_exit,3301.985486502969
2016-12-30,EVLV_old,-0.3566308384230934,-0.3486675278284852,rebalance_exit,3630.138129550869
2016-12-30,AVGR,-0.25173817832222256,-0.23764405388881749,rebalance_exit,0.8974999976158142
2016-12-30,CTIC,0.05173603463981369,0.07599378747640939,rebalance_exit,3630.138129550869
2016-12-30,FUEL,-0.35552653090037445,-0.35227273856148533,rebalance_exit,3630.138129550869
2016-12-30,GEMP,-0.31752933474139533,-0.31752933474139533,rebalance_exit,3630.138129550869
2016-12-30,ALPN,-0.7314362549993383,-0.727613759116466,rebalance_exit,3630.138129550869
2016-12-30,ARDMQ,-0.7788538289186907,-0.7735775530874551,rebalance_exit,3630.138129550869
2016-12-30,SES_old,-0.1910378820137809,-0.19023230474197472,rebalance_exit,3630.138129550869
2016-12-30,CFRX,-0.3082375691171153,-0.3082375691171153,rebalance_exit,3630.138129550869
2016-12-30,NVLN,-0.2136104636718178,-0.20419820708665237,rebalance_exit,3630.138129550869
2016-12-30,ARQL,-0.30561409429361186,-0.30561409429361197,rebalance_exit,3630.138129550869
2016-12-30,ICBK,0.3424155439788579,0.3424155439788579,rebalance_exit,3630.138129550869
2016-12-30,BIOA_old,0.2971698813440151,0.2971698813440151,rebalance_exit,3630.138129550869
2016-12-30,ACW,0.0066960558752142685,0.0066960558752142685,rebalance_exit,3630.138129550869
2016-12-30,ZYNE,0.1685712210719401,0.17155166754400475,rebalance_exit,3630.138129550869
2016-12-30,IMBI,5.433691260337986,5.513324721715149,rebalance_exit,3630.138129550869
2016-12-30,ATXS,-0.44876731476163034,-0.42961815262133707,rebalance_exit,3630.138129550869
2016-12-30,SBBP,-0.544854417663643,-0.544854417663643,rebalance_exit,3630.138129550869
2016-12-30,PGLC,-0.2802950315886017,-0.27814573300762446,rebalance_exit,3630.138129550869
2016-12-30,SCTL,-0.10197569870105405,-0.08824082733650696,rebalance_exit,3630.138129550869
2016-12-30,ESES,-0.5598844431150887,-0.5598844431150887,rebalance_exit,3630.138129550869
2016-12-30,BIOL,-0.20955724878531656,-0.20636785865424068,rebalance_exit,1.6052499818801882
2016-12-30,SYMX,-0.1910378820137809,-0.19023230474197472,rebalance_exit,3630.138129550869
2016-12-30,CATB,-0.44876731476163034,-0.42961815262133707,rebalance_exit,3630.138129550869
2016-12-30,NEOS,-0.1109422534251836,-0.11094225342518371,rebalance_exit,3630.138129550869
2016-12-30,HGSH,-0.23300866176477508,-0.19734146137563724,rebalance_exit,3558.8317761230473
2016-12-30,CDMO,-0.29079457766783656,-0.29079457766783656,rebalance_exit,3630.138129550869
2016-12-30,OLBGD,0.16666666666666674,0.16666662693023682,rebalance_exit,3630.138129550869
2016-12-30,JCAP_old,0.09777547898999828,0.10383145474657374,rebalance_exit,3630.138129550869
2016-12-30,HPPI,-0.025000050291418274,-0.025000050291418274,rebalance_exit,3630.138129550869
2016-12-30,ONCT,-0.33011034285493324,-0.33011034285493324,rebalance_exit,38.988399801254275
2016-12-30,FCCY,0.34555206390743143,0.35776643291540244,rebalance_exit,3630.138129550869
2016-12-30,LLPP,0.2073170547326495,0.20731711387634277,rebalance_exit,3630.138129550869
2016-12-30,EKSO,-0.17430958586821577,-0.16459569702963373,rebalance_exit,798.6693078613282
2016-12-30,SGM,0.3034934256856565,0.3034934256856565,rebalance_exit,3630.138129550869
2016-12-30,HLWD,0.1764705552361836,0.17647051811218262,rebalance_exit,3630.138129550869
2016-12-30,CORI,-0.3007310254379829,-0.300731025437983,rebalance_exit,3630.138129550869
2016-12-30,BIOAQ,0.2971698813440151,0.2971698813440151,rebalance_exit,3630.138129550869
2016-12-30,IMBIQ,-0.3566308384230934,-0.3486675278284851,rebalance_exit,3630.138129550869
2016-12-30,NRBO,-0.31752933474139533,-0.31752933474139533,rebalance_exit,6.025699939727783
2016-12-30,PPHM,-0.290784285038851,-0.290784285038851,rebalance_exit,3630.138129550869
2016-12-30,REPH,-0.10196677637799523,-0.08824082733650696,rebalance_exit,3630.138129550869
2016-12-30,NVLS,-0.7314362549993383,-0.727613759116466,rebalance_exit,3630.138129550869
2016-12-30,DRNA,-0.5190517538957571,-0.5190517538957571,rebalance_exit,3630.138129550869
2016-12-30,ARDM,-0.7788538289186907,-0.7735775530874551,rebalance_exit,3630.138129550869
2017-03-31,TWMC,-0.5434752499698823,-0.5367616572956319,rebalance_exit,4594.858610026064
2017-03-31,KSPN,-0.5434752499698823,-0.5367616572956319,rebalance_exit,848.7165521240236
2017-03-31,EVBN,0.6810424013481866,0.6818951715586499,rebalance_exit,3314.0266994497383
2017-03-31,ENFC,0.518844381137705,0.5227394982002203,rebalance_exit,3719.5951980924915
2017-03-31,LEAF,0.3246690236878318,0.35333651161342994,rebalance_exit,2654.7444291902316
2017-03-31,LFGR,0.3246690236878318,0.35333651161342994,rebalance_exit,2654.7444291902316
2017-03-31,PRGX,0.3559322838672343,0.3559322838672343,rebalance_exit,2560.05068316053
2017-03-31,ASFI,-0.08722328084668052,-0.08557298855742024,rebalance_exit,2560.05068316053
2017-03-31,SHLO,0.8428385588293166,0.8615326318795651,rebalance_exit,3301.985486502969
2017-03-31,RVLT,0.20564622819261813,0.20564622819261813,rebalance_exit,3301.985486502969
2017-03-31,EVEPQ,-0.35644879920919503,-0.35644879920919503,rebalance_exit,3301.985486502969
2017-03-31,EVEP,-0.35644879920919503,-0.35644879920919503,rebalance_exit,3301.985486502969
2017-03-31,OPOF,0.47139724919530535,0.47139724919530557,rebalance_exit,3630.138129550869
2017-03-31,EVBS,0.2996170522668784,0.3037616119993052,rebalance_exit,3630.138129550869
2017-03-31,WBB,0.050332488959116795,0.05565990011862021,rebalance_exit,3630.138129550869
2017-03-31,LUB,-0.2852991843424929,-0.28067418670170674,rebalance_exit,3630.138129550869
2017-03-31,IPAS,-0.29450791267406273,-0.2885822393141956,rebalance_exit,3630.138129550869
2017-03-31,ITI,0.471175290340923,0.4792934086099203,rebalance_exit,3630.138129550869
2017-03-31,ATTU,0.19277111981115547,0.19277111981115524,rebalance_exit,3630.138129550869
2017-03-31,FONR,-0.14556969548168264,-0.14556969548168264,rebalance_exit,3630.138129550869
2017-03-31,HBMD,0.23841061526644336,0.23841061526644336,rebalance_exit,5069.469185996642
2017-03-31,CALL,0.2481752277036684,0.2481752277036684,rebalance_exit,5069.469185996642
2017-03-31,BOCH,0.12005357770590708,0.12941908387791012,rebalance_exit,5069.469185996642
2017-03-31,ABWND,0.834638977222635,0.852874132246803,rebalance_exit,5069.469185996642
2017-03-31,INCTD,-0.9184519179989823,-0.9141616341463553,rebalance_exit,5069.469185996642
2017-03-31,PMCBD,-0.35125946804991615,-0.351039620403404,rebalance_exit,5069.469185996642
2017-03-31,APEN,0.029605313722777415,0.029605313722777638,rebalance_exit,5069.469185996642
2017-03-31,KLRE,-0.005539596084218501,-0.00553959608421839,rebalance_exit,5069.469185996642
2017-03-31,RGLS,-0.28476906022161297,-0.2666666666666667,rebalance_exit,1508.297646484375
2017-03-31,PME,1.7115271095181144,1.7175645779286897,rebalance_exit,5069.469185996642
2017-03-31,VRAY,1.7188498139725774,1.7188498139725774,rebalance_exit,5069.469185996642
2017-03-31,SOL,-0.2496482235709625,-0.2496482235709625,rebalance_exit,5069.469185996642
2017-03-31,DLCR,-0.38613816366164966,-0.3604662582777951,rebalance_exit,766.6753973388672
2017-03-31,ALBO,0.34301195540184004,0.35363793681028044,rebalance_exit,5069.469185996642
2017-03-31,AGFS,0.6490565012425658,0.6490565012425655,rebalance_exit,5069.469185996642
2017-03-31,SLCT,0.11457196539758652,0.11457196539758652,rebalance_exit,5069.469185996642
2017-03-31,WMGIZ,0.15265444592411015,0.15265444592411037,rebalance_exit,5069.469185996642
2017-03-31,ROSEQ,-0.005539596084218501,-0.00553959608421839,rebalance_exit,5069.469185996642
2017-03-31,PFMT,0.15959385153351424,0.20701686247776152,rebalance_exit,5069.469185996642
2017-03-31,PN_old,-0.3935484138909532,-0.3935484138909532,rebalance_exit,5069.469185996642
2017-03-31,SBCP,0.21740922855872857,0.221703691932694,rebalance_exit,5069.469185996642
2017-03-31,ACRX,0.19982976530154573,0.21153846153846145,rebalance_exit,5069.469185996642
2017-03-31,SSI,-0.3719177820036027,-0.3719177820036028,rebalance_exit,5069.469185996642
2017-03-31,PHLT,0.15959385153351424,0.20701686247776152,rebalance_exit,5069.469185996642
2017-03-31,TVIA,-0.40789988203804695,-0.38730851968263047,rebalance_exit,5069.469185996642
2017-03-31,KONA_old,-0.5062452907977607,-0.5015986930083056,rebalance_exit,5069.469185996642
2017-03-31,GV_old,0.09066528452742384,0.10599907197282166,rebalance_exit,5069.469185996642
2017-03-31,KONA,-0.5062452907977607,-0.5015986930083056,rebalance_exit,5069.469185996642
2017-03-31,LMIA,0.5962860105302592,0.5986078788767222,rebalance_exit,5069.469185996642
2017-03-31,ROSE_old,-0.005539596084218501,-0.00553959608421839,rebalance_exit,5069.469185996642
2017-03-31,SWKH,0.004808321964766105,0.004808321964766327,rebalance_exit,5069.469185996642
2017-03-31,KONAQ,-0.5062452907977607,-0.5015986930083056,rebalance_exit,5069.469185996642
2017-03-31,IMPHP,0.08823529411764719,0.08823529411764697,rebalance_exit,5069.469185996642
2017-03-31,NWIN,0.010301128993642994,0.01030111312866211,rebalance_exit,5069.469185996642
2017-03-31,TRCB,0.18700065490275386,0.18700065490275386,rebalance_exit,5069.469185996642
2017-03-31,FSBN,-0.9184519179989823,-0.9141616341463553,rebalance_exit,5069.469185996642
2017-03-31,ASBB,0.14304921972482498,0.1430492401123047,rebalance_exit,5069.469185996642
2017-03-31,EGAS,0.014064391346547245,0.015207803679770704,rebalance_exit,5069.469185996642
2017-03-31,CHMD,-0.27777773178653775,-0.27777773178653753,rebalance_exit,5069.469185996642
2017-03-31,TTEN,-0.24389931902677686,-0.24389931902677697,rebalance_exit,5069.469185996642
2017-03-31,AEEX,-0.1000104593225285,-0.10000003467906604,rebalance_exit,909.6442285156251
2017-03-31,SOL_old,-0.2496482235709625,-0.2496482235709625,rebalance_exit,5069.469185996642
2017-03-31,FGH,-0.2596520178158481,-0.25288066511069796,rebalance_exit,5069.469185996642
2017-03-31,ROX,0.992433410608837,1.0290427040498344,rebalance_exit,5069.469185996642
2017-03-31,DMTX,-0.6046186992843878,-0.6046186992843878,rebalance_exit,5069.469185996642
2017-03-31,BTN,-0.2592650398296059,-0.25249014775581147,rebalance_exit,5069.469185996642
2017-03-31,INCT,-0.9184519179989823,-0.9141616341463553,rebalance_exit,5069.469185996642
2017-03-31,MCOA,-0.35645423030192624,-0.3209876685334786,rebalance_exit,5069.469185996642
2017-03-31,VTNL,-0.8834760293531502,-0.8823529411764706,rebalance_exit,5069.469185996642
2017-06-30,HWCC,-0.16948787186454928,-0.16750267394281948,rebalance_exit,3630.138129550869
2017-06-30,ECYT,-0.5256650038676824,-0.5145630933121734,rebalance_exit,3630.138129550869
2017-06-30,CDXC,0.2655566993518381,0.2818791640244609,rebalance_exit,3630.138129550869
2017-06-30,VOXX,0.695416479337247,0.7390682272671802,rebalance_exit,5069.469185996642
2017-06-30,FVE,-0.4734819707636776,-0.4444444444444444,rebalance_exit,5069.469185996642
2017-06-30,NVIV,-0.372321572159797,-0.36623887276204226,rebalance_exit,5069.469185996642
2017-06-30,MOCO,0.5526516361911176,0.5526516361911176,rebalance_exit,5069.469185996642
2017-06-30,AIQ_old,0.38187108431844274,0.38335332801993105,rebalance_exit,5069.469185996642
2017-06-30,CBDS,-0.23226686785679207,-0.19757496733039148,rebalance_exit,5069.469185996642
2017-06-30,CLACU,0.06310675791200149,0.06310675791200149,rebalance_exit,5069.469185996642
2017-06-30,AERO_old,-0.1879495602910053,-0.18794956029100518,rebalance_exit,5069.469185996642
2017-06-30,VAPE,-0.4125,-0.4125,rebalance_exit,7.881474475860596
2017-06-30,APEX,-0.34391936536275514,-0.3398352242735011,rebalance_exit,5069.469185996642
2017-06-30,CHKE,-0.34391936536275514,-0.3398352242735011,rebalance_exit,5069.469185996642
2017-06-30,SYNL,-0.08651281552904144,-0.07673329034277021,rebalance_exit,4916.728167820621
2017-06-30,EGLTQ,-0.5400403378683587,-0.5367721340412508,rebalance_exit,4916.728167820621
2017-06-30,CTIC,-0.21736603252318498,-0.21736603252318498,rebalance_exit,4916.728167820621
2017-06-30,BAGR,-0.10526315789473684,-0.10526315789473684,rebalance_exit,4916.728167820621
2017-06-30,GLYC,1.0251715948658964,1.0542910557967953,rebalance_exit,4916.728167820621
2017-06-30,NIHD,-0.3815384234479179,-0.3815384234479179,rebalance_exit,4916.728167820621
2017-06-30,LLEX,0.21832575238324048,0.21832575238324048,rebalance_exit,4916.728167820621
2017-06-30,OCUP,-0.43930795463832517,-0.4392156982519648,rebalance_exit,671.4730320739747
2017-06-30,PFSW,0.23574799873420837,0.2502090777721897,rebalance_exit,4916.728167820621
2017-06-30,SGY,-0.18106358936064693,-0.16599678371786342,rebalance_exit,4916.728167820621
2017-06-30,SBBX,-0.003764324684916387,-0.003764324684916498,rebalance_exit,4916.728167820621
2017-06-30,QPWRD,0.6667670596285227,0.7,rebalance_exit,4916.728167820621
2017-06-30,LONEQ,-0.18055077205815018,-0.15019758115396287,rebalance_exit,4916.728167820621
2017-06-30,DZSI,-0.04648866149907649,-0.03923136750180234,rebalance_exit,4916.728167820621
2017-06-30,STDY,0.08532213366176356,0.08532213366176356,rebalance_exit,4916.728167820621
2017-06-30,NWY,-0.29982710229067355,-0.2923077120583434,rebalance_exit,4916.728167820621
2017-06-30,LLEXQ,0.21832575238324048,0.21832575238324048,rebalance_exit,4916.728167820621
2017-06-30,CELP,-0.1614966228262451,-0.161496622826245,rebalance_exit,4916.728167820621
2017-06-30,IMUCD,-0.746844489118426,-0.7361671495305546,rebalance_exit,4916.728167820621
2017-06-30,CTRV,-0.6723163841807909,-0.672316384180791,rebalance_exit,4916.728167820621
2017-06-30,COSMD,-0.20958088585489765,-0.20958088585489765,rebalance_exit,145.26893058776855
2017-06-30,BHLLD,1.8404441299899932,1.8404441299899932,rebalance_exit,4916.728167820621
2017-06-30,RNN,-0.43930795463832517,-0.4392156982519648,rebalance_exit,4916.728167820621
2017-06-30,FBRC,-0.03223459730027611,-0.03223459730027611,rebalance_exit,4916.728167820621
2017-06-30,EGLT,-0.5400403378683587,-0.5367721340412508,rebalance_exit,4916.728167820621
2017-06-30,MATR,-0.2812705033608941,-0.2772368999578848,rebalance_exit,4916.728167820621
2017-06-30,MIHI,-0.7368420980396032,-0.7368420980396032,rebalance_exit,4916.728167820621
2017-06-30,PIRS,0.9162011456644952,0.916201145664495,rebalance_exit,1428.7177111816409
2017-06-30,SSC,0.3249043885552081,0.32490438855520787,rebalance_exit,4916.728167820621
2017-06-30,NBEV,0.242130743895965,0.242130743895965,rebalance_exit,4916.728167820621
2017-06-30,IRNC,1.1151515514944759,1.1151515514944763,rebalance_exit,4916.728167820621
2017-06-30,WEYL,-0.26803448251715434,-0.26803448251715434,rebalance_exit,4916.728167820621
2017-06-30,UFAB,-0.21632699199683492,-0.20451313221393042,rebalance_exit,4916.728167820621
2017-06-30,CVLBD,-0.41848150600430434,-0.411764694882649,rebalance_exit,4916.728167820621
2017-06-30,TBLZ,-0.4125000238418579,-0.4125000238418579,rebalance_exit,4916.728167820621
2017-06-30,PLXPQ,-0.4305555306731156,-0.4305555306731156,rebalance_exit,4916.728167820621
2017-06-30,RTW,-0.29982710229067355,-0.2923077120583434,rebalance_exit,4916.728167820621
2017-06-30,CORI,0.7519830125953875,0.7846890776337696,rebalance_exit,4916.728167820621
2017-06-30,OPHT,-0.30679400330387374,-0.30679400330387374,rebalance_exit,4916.728167820621
2017-06-30,MBCN,0.10995280991053402,0.12199997901916504,rebalance_exit,4916.728167820621
2017-06-30,BDSI,0.4526399580019411,0.4736842039219229,rebalance_exit,4916.728167820621
2017-06-30,NOVN,-0.37331260437985003,-0.368338562398433,rebalance_exit,4916.728167820621
2017-06-30,ISEE,-0.30679400330387374,-0.30679400330387374,rebalance_exit,4916.728167820621
2017-06-30,MSON,-0.19306902609253218,-0.19067796301958173,rebalance_exit,4916.728167820621
2017-09-29,NIOBF,-0.3582089084855524,-0.3582089084855523,rebalance_exit,3301.985486502969
2017-09-29,MNTX,0.30087412722881823,0.3090378086677734,rebalance_exit,5069.469185996642
2017-09-29,ADVM,0.2254463348594531,0.23838548852274877,rebalance_exit,5069.469185996642
2017-09-29,TLRA,0.7394518395981136,0.7394518395981138,rebalance_exit,5069.469185996642
2017-09-29,TRMR,0.46816116739021396,0.46816116739021396,rebalance_exit,5069.469185996642
2017-09-29,AOI,-0.15175102763043036,-0.15175102763043036,rebalance_exit,4916.728167820621
2017-09-29,IDTY,-0.5663333608176964,-0.5663333535194397,rebalance_exit,4916.728167820621
2017-09-29,PTSI,0.46899932229998376,0.46899932229998376,rebalance_exit,4916.728167820621
2017-09-29,IDEX,0.17892456124346667,0.2582404647513836,rebalance_exit,4916.728167820621
2017-09-29,SVBLD,0.04938265932685826,0.04938265932685848,rebalance_exit,2360.080000610352
2017-09-29,OAKS,-0.07324867662425738,-0.07324867662425738,rebalance_exit,4916.728167820621
2017-09-29,PYX,-0.15175102763043036,-0.15175102763043036,rebalance_exit,4916.728167820621
2017-09-29,XRM,-0.2780652557199782,-0.2582982235613146,rebalance_exit,4916.728167820621
2017-09-29,IDGS,-0.5663333608176964,-0.5663333535194397,rebalance_exit,4916.728167820621
2017-09-29,ABEOW,3.2935152344993144,3.293515205383301,rebalance_exit,4916.728167820621
2017-09-29,WCST,-0.11685760078789897,-0.11685760078789875,rebalance_exit,4916.728167820621
2017-09-29,IDTYD,-0.5663333204057481,-0.5663332939147949,rebalance_exit,4916.728167820621
2017-09-29,GBCSD,-0.09090911061310525,-0.09090911061310525,rebalance_exit,4916.728167820621
2017-09-29,NEUL,0.020408143405366452,0.020408143405366452,rebalance_exit,5250.858746862537
2017-09-29,UNRV,0.17208324278096643,0.17208324278096665,rebalance_exit,27.409412879943847
2017-09-29,FUEL,-0.054545489224520516,-0.05454548922452063,rebalance_exit,5250.858746862537
2017-09-29,BBOX,-0.6227048861079543,-0.6227048861079543,rebalance_exit,5250.858746862537
2017-09-29,TRTC,0.1720830856775004,0.1720830856775004,rebalance_exit,5250.858746862537
2017-09-29,OMED,0.3238602963626609,0.33462949983305124,rebalance_exit,5250.858746862537
2017-09-29,RT,0.062330181436091925,0.0646766741580711,rebalance_exit,5250.858746862537
2017-09-29,GSB,-0.27510326626242243,-0.2740272123972781,rebalance_exit,5250.858746862537
2017-09-29,PFMT,-0.15395895259755288,-0.13591105528734948,rebalance_exit,5250.858746862537
2017-09-29,PHLT,-0.15395895259755288,-0.13591105528734948,rebalance_exit,5250.858746862537
2017-09-29,FLDM,0.23004858152244645,0.23004858152244645,rebalance_exit,5250.858746862537
2017-09-29,GV_old,0.14545458013361157,0.14545458013361157,rebalance_exit,5250.858746862537
2017-09-29,COVS,-0.005832761670097164,-0.005832761670097164,rebalance_exit,5250.858746862537
2017-09-29,SCTL,0.238322098018938,0.24999365694488107,rebalance_exit,5250.858746862537
2017-09-29,TOGL,0.737326283736959,0.7373262837369592,rebalance_exit,5250.858746862537
2017-09-29,INTX,-0.2887359283052524,-0.2887359283052524,rebalance_exit,5250.858746862537
2017-09-29,YGYI,-0.2802064027853046,-0.2760868220867615,rebalance_exit,5250.858746862537
2017-09-29,LINDW,-0.13342221577962254,-0.13342219591140747,rebalance_exit,5250.858746862537
2017-09-29,TRXC,0.9578783494180709,0.976463974769618,rebalance_exit,5250.858746862537
2017-09-29,PTE,0.16161813579638196,0.16471021853080714,rebalance_exit,5250.858746862537
2017-09-29,CLUBQ,0.4756603845566223,0.4756603845566223,rebalance_exit,5250.858746862537
2017-09-29,EGAS,0.015501449934108402,0.015501449934108402,rebalance_exit,5250.858746862537
2017-09-29,PRTG,0.4936370566486812,0.4936370566486812,rebalance_exit,4.751789937019349
2017-09-29,CLUB_old,0.4756603845566223,0.4756603845566223,rebalance_exit,5250.858746862537
2017-09-29,HPPI,0.39953345114569117,0.39953345114569117,rebalance_exit,5250.858746862537
2017-09-29,HLIX,-0.27079586138009704,-0.2707958613800969,rebalance_exit,5250.858746862537
2017-09-29,QHC,0.23333232313808683,0.24139629290533127,rebalance_exit,5250.858746862537
2017-09-29,IVTY,0.20996852862819293,0.2180776677608367,rebalance_exit,5250.858746862537
2017-09-29,VTL,0.7413793103448274,0.7413793103448276,rebalance_exit,5250.858746862537
2017-09-29,CBMG,0.21426501701069522,0.21426501701069522,rebalance_exit,5250.858746862537
2017-09-29,PTGEF,0.493636984619793,0.493636984619793,rebalance_exit,5250.858746862537
2017-09-29,ASXC,0.953890504423146,0.972409422016209,rebalance_exit,5250.858746862537
2017-09-29,REPH,0.238322098018938,0.24999365694488107,rebalance_exit,5250.858746862537
2017-09-29,JMDA,-0.2601725874192894,-0.26017260551452637,rebalance_exit,5250.858746862537
2017-12-29,VVUSQ,-0.568477464200345,-0.5579579317686305,rebalance_exit,3301.985486502969
2017-12-29,VVUS,-0.5684774652494402,-0.5579579328433003,rebalance_exit,3301.985486502969
2017-12-29,TESS,0.5868182802070283,0.5868182802070283,rebalance_exit,3301.985486502969
2017-12-29,ACFC,0.38262862923210683,0.38400452545283037,rebalance_exit,5069.469185996642
2017-12-29,GEMP,-0.2519772068321947,-0.24695402160826885,rebalance_exit,4916.728167820621
2017-12-29,CDTX,-0.13494841775806488,-0.13494841775806488,rebalance_exit,2717.45375
2017-12-29,SYNC,-0.4470958665649163,-0.4470958665649163,rebalance_exit,4916.728167820621
2017-12-29,NRBO,-0.25201484047297606,-0.24699190796962256,rebalance_exit,4916.728167820621
2017-12-29,ALSK,0.21007206379505505,0.21007206379505483,rebalance_exit,5250.858746862537
2017-12-29,KSHB,0.9390844138953067,1.0505203259218812,rebalance_exit,5250.858746862537
2017-12-29,RVLT,-0.514094127472102,-0.5063383225006712,rebalance_exit,5250.858746862537
2017-12-29,LTMP,-0.7399092817826521,-0.7338709592136956,rebalance_exit,5250.858746862537
2017-12-29,FOFN,0.010568197263006729,0.010568197263006729,rebalance_exit,5250.858746862537
2017-12-29,STND,0.08080460189690952,0.08080458641052246,rebalance_exit,5250.858746862537
2017-12-29,NEPHD,0.7904811481572331,0.9366871083126251,rebalance_exit,5250.858746862537
2017-12-29,NVTR,-0.4372515726585908,-0.42316552875252045,rebalance_exit,5250.858746862537
2017-12-29,GFN,0.2815483317189704,0.2815483317189704,rebalance_exit,5250.858746862537
2017-12-29,NVTRQ,-0.4372515726585908,-0.42316552875252045,rebalance_exit,5250.858746862537
2017-12-29,NWIN,0.11375216885778938,0.11375212669372559,rebalance_exit,5250.858746862537
2017-12-29,CFBI,-0.1426445510559925,-0.14264452457427979,rebalance_exit,5250.858746862537
2017-12-29,ATTU,-0.04200463466625015,-0.03749938645145001,rebalance_exit,5250.858746862537
2017-12-29,ICDI,0.030414642357019073,0.03698679212581091,rebalance_exit,2387.8889404296874
2017-12-29,LPAD,0.18892782003787745,0.18892782003787745,rebalance_exit,5966.616350664381
2017-12-29,ARTHD,-0.4847871900560188,-0.4701221193980146,rebalance_exit,80.99393524169922
2017-12-29,RGLS,-0.16799997965494795,-0.16799997965494795,rebalance_exit,759.0626574707031
2017-12-29,EWLUD,0.2799999713897705,0.2799999713897705,rebalance_exit,5966.616350664381
2017-12-29,ICDIQ,0.030414642357019073,0.03698679212581091,rebalance_exit,2382.9520166015623
2017-12-29,IO,1.0376180675775473,1.059732420574437,rebalance_exit,5966.616350664381
2017-12-29,SBBX,0.13420002812166754,0.13420002812166754,rebalance_exit,5966.616350664381
2017-12-29,NVLN,-0.5609608920106326,-0.5583492047187938,rebalance_exit,5966.616350664381
2017-12-29,SLCT,0.07143986954544146,0.07557631918116092,rebalance_exit,5966.616350664381
2017-12-29,AMRSQ,0.16602233487074858,0.17187498253770195,rebalance_exit,5966.616350664381
2017-12-29,DZSI,0.3406969730354654,0.35578335758710056,rebalance_exit,5966.616350664381
2017-12-29,LEAF,0.42260820626857076,0.4347825335795288,rebalance_exit,5966.616350664381
2017-12-29,NWY,0.35397168516097977,0.3607516065707299,rebalance_exit,5966.616350664381
2017-12-29,EGRN,-0.8690476102623536,-0.8690476102623536,rebalance_exit,5966.616350664381
2017-12-29,ZYNE,0.4759928284208854,0.4976077717615426,rebalance_exit,5966.616350664381
2017-12-29,PTNT_old2,0.2860458902675018,0.295475113122172,rebalance_exit,177.58155746459963
2017-12-29,ARTH,-0.48484711132012037,-0.4701837462671692,rebalance_exit,80.99393524169922
2017-12-29,LFGR,0.42260820626857076,0.4347825335795288,rebalance_exit,5966.616350664381
2017-12-29,WBB,-0.009854501389385595,-0.009854501389385484,rebalance_exit,5966.616350664381
2017-12-29,NBEV,-0.37498445952563375,-0.37498445952563375,rebalance_exit,5966.616350664381
2017-12-29,SQFL,0.0,0.0,rebalance_exit,5966.616350664381
2017-12-29,AMRS,0.16602233487074858,0.17187498253770195,rebalance_exit,5966.616350664381
2017-12-29,CDMO,0.2122802249137279,0.21597334932846013,rebalance_exit,5966.616350664381
2017-12-29,ICD,0.030414642357019073,0.03698679212581091,rebalance_exit,2386.5329687500002
2017-12-29,SRNEQ,1.2352940268995054,1.2352940268995054,rebalance_exit,5966.616350664381
2017-12-29,ARTX,-0.17921975059270467,-0.16446445664760723,rebalance_exit,5966.616350664381
2017-12-29,IOGPQ,1.0376072346338607,1.0597214700603654,rebalance_exit,5966.616350664381
2017-12-29,SYN,-0.4675729611088959,-0.46009859193183855,rebalance_exit,5966.616350664381
2017-12-29,USAK,0.28558150428149975,0.2903913818251942,rebalance_exit,5966.616350664381
2017-12-29,RTW,0.35397168516097977,0.3607516065707299,rebalance_exit,5966.616350664381
2017-12-29,AKTS_old,-0.07076920877601034,-0.04990480592657953,rebalance_exit,5966.616350664381
2017-12-29,PNTR,0.08773700038089194,0.09734510585615652,rebalance_exit,5966.616350664381
2017-12-29,PPHM,0.212272518434226,0.2159656193717232,rebalance_exit,5966.616350664381
2017-12-29,ESESQ,-0.18969700015392366,-0.18181816774388515,rebalance_exit,5966.616350664381
2017-12-29,DRNA,0.5319647616475125,0.5704347361689028,rebalance_exit,5966.616350664381
2018-03-29,AMRK,-0.22092794216215617,-0.21969716813729256,rebalance_exit,3301.985486502969
2018-03-29,FNCB,0.5610829176253207,0.5610829176253207,rebalance_exit,5069.469185996642
2018-03-29,VRML,-0.36160103943940414,-0.35826156156775224,rebalance_exit,4916.728167820621
2018-03-29,ALJJ,-0.44154663344364653,-0.44154663344364653,rebalance_exit,4916.728167820621
2018-03-29,CALL,0.1579268795662203,0.16294842866465875,rebalance_exit,5250.858746862537
2018-03-29,FLUXD,0.0,0.0,rebalance_exit,5250.858746862537
2018-03-29,CTIC,0.21325494757656682,0.21325494757656704,rebalance_exit,5966.616350664381
2018-03-29,KTEC_old,0.4061768617796584,0.4061768617796584,rebalance_exit,5966.616350664381
2018-03-29,MCF,-0.3102198172096339,-0.303525769442589,rebalance_exit,5966.616350664381
2018-03-29,BYBK,0.17486680478609107,0.17486680478609107,rebalance_exit,5966.616350664381
2018-03-29,OPHT,-0.037503905218302824,-0.03734445512223494,rebalance_exit,5966.616350664381
2018-03-29,ACER,0.016483541920391698,0.032137138672622356,rebalance_exit,5966.616350664381
2018-03-29,ISEE,-0.037503905218302824,-0.03734445512223494,rebalance_exit,5966.616350664381
2018-03-29,HSTO,0.2517224826888165,0.2517224826888165,rebalance_exit,778.7500109863281
2018-03-29,AOI,0.9660376782687208,0.9660376782687206,rebalance_exit,4970.995704486154
2018-03-29,NEUL,0.9878048895725815,0.9878048895725817,rebalance_exit,4970.995704486154
2018-03-29,MYT,-0.02595358541420567,-0.023727202703607397,rebalance_exit,4970.995704486154
2018-03-29,ARC,-0.15623347075727045,-0.1486695294836139,rebalance_exit,4970.995704486154
2018-03-29,CNAB,-0.5170885278659225,-0.5131375845835207,rebalance_exit,4970.995704486154
2018-03-29,AUTO,-0.6775327195410199,-0.670803818080094,rebalance_exit,4970.995704486154
2018-03-29,ADXS_old,-0.4126523042727964,-0.4083636065387033,rebalance_exit,4970.995704486154
2018-03-29,VERO,0.3543469217078037,0.35434692170780346,rebalance_exit,14.350100040435791
2018-03-29,ARDMQ,-0.8234705988730637,-0.8179104383073049,rebalance_exit,4970.995704486154
2018-03-29,SPNE,-0.023611813612799737,-0.010314068162627144,rebalance_exit,4970.995704486154
2018-03-29,QPWRD,-0.47653990101820354,-0.44999998807907104,rebalance_exit,4970.995704486154
2018-03-29,OHRP,-0.8891100896954798,-0.887475440827338,rebalance_exit,4970.995704486154
2018-03-29,CNABQ,-0.5170885278659225,-0.5131375845835207,rebalance_exit,4970.995704486154
2018-03-29,PCMI,-0.17790819379506417,-0.16923471157830927,rebalance_exit,4970.995704486154
2018-03-29,BYRND,0.05875619471111082,0.07142858967489141,rebalance_exit,269.5011642932892
2018-03-29,PYX,0.9660376782687208,0.9660376782687206,rebalance_exit,4970.995704486154
2018-03-29,GV_old,-0.22396793804229964,-0.22007820914940723,rebalance_exit,4970.995704486154
2018-03-29,CBDS,-0.4390619388013529,-0.4224127639963754,rebalance_exit,4970.995704486154
2018-03-29,QPAGD,-0.27038073902898396,-0.26359632275920974,rebalance_exit,1675.2099940490725
2018-03-29,CBIO_old,-0.05626736875558802,-0.037180905972434175,rebalance_exit,4970.995704486154
2018-03-29,LIFE_old1,-0.2428571739975287,-0.2428571739975287,rebalance_exit,4970.995704486154
2018-03-29,ZN,1.0004319990296358,1.1582614208055695,rebalance_exit,4970.995704486154
2018-03-29,DRRX,1.2952831641911313,1.2952831641911313,rebalance_exit,4970.995704486154
2018-03-29,KSIX,0.290835386153816,0.290835386153816,rebalance_exit,4970.995704486154
2018-03-29,AAU,-0.206639122097256,-0.19632067297617406,rebalance_exit,4970.995704486154
2018-03-29,RXNRP,-0.5805084975208913,-0.5805084975208914,rebalance_exit,4970.995704486154
2018-03-29,IIN,-0.013135037058026433,0.0010202855485306195,rebalance_exit,4970.995704486154
2018-03-29,NEWA,1.1013529780005071,1.1480875768667422,rebalance_exit,4970.995704486154
2018-03-29,NBSE,-0.8891100896954798,-0.887475440827338,rebalance_exit,971.7064831542968
2018-03-29,GTXI,0.35720913101060825,0.3820153882385766,rebalance_exit,4970.995704486154
2018-03-29,ADXSD,-0.41265229331801057,-0.40836359550392787,rebalance_exit,221.1367016601563
2018-03-29,APYPD,-0.4327779741888109,-0.42875940094753695,rebalance_exit,870.77508102417
2018-03-29,CORVF,0.2595532901136308,0.2644478098313665,rebalance_exit,4058.3942785644535
2018-03-29,NTEC,0.2157841452536413,0.21762718656151825,rebalance_exit,4970.995704486154
2018-03-29,MDTR,-0.5465124899729397,-0.5398730409363925,rebalance_exit,4970.995704486154
2018-03-29,OBLN,-0.4859221795539971,-0.48108925869894104,rebalance_exit,4970.995704486154
2018-03-29,EKSO,-0.25861410047085964,-0.25861410047085964,rebalance_exit,1564.5529040527344
2018-03-29,IVTY,-0.3846232212438748,-0.38262565539433024,rebalance_exit,4970.995704486154
2018-03-29,BLBX,-0.4752475241292198,-0.47524750232696533,rebalance_exit,4970.995704486154
2018-03-29,LXRP,-0.3977832895684712,-0.38690193934957984,rebalance_exit,4970.995704486154
2018-03-29,EYES_old,-0.022703997992168712,-0.004170315371136768,rebalance_exit,4970.995704486154
2018-03-29,TGA,-0.08191152179367112,-0.06876600200575489,rebalance_exit,4970.995704486154
2018-03-29,MCOA,-0.6010586295225206,-0.591501139996746,rebalance_exit,4970.995704486154
2018-03-29,HSTOQ,0.2517224826888165,0.2517224826888165,rebalance_exit,778.7337121582032
2018-03-29,NIOBF,-0.22152078745923232,-0.2021611730495374,rebalance_exit,4970.995704486154
2018-03-29,SNSS,-0.2795809554674984,-0.26878085818946507,rebalance_exit,4970.995704486154
2018-03-29,EGI,-0.40794407985054304,-0.3998091863676867,rebalance_exit,4970.995704486154
2018-03-29,ARDM,-0.8234705988730637,-0.8179104383073049,rebalance_exit,4970.995704486154
2018-06-29,GDP,-0.007364435083457521,-0.007364435083457632,rebalance_exit,5250.858746862537
2018-06-29,SYNL,0.5991105884761272,0.6101667945276739,rebalance_exit,5966.616350664381
2018-06-29,JMBA,0.23263879575663515,0.23263879575663515,rebalance_exit,5966.616350664381
2018-06-29,BCRHF,-0.3007275136173012,-0.29294673178185804,rebalance_exit,5966.616350664381
2018-06-29,AKTSQ,0.09466372943315737,0.10869855885158786,rebalance_exit,5966.616350664381
2018-06-29,VSI,0.28877538259293467,0.28877538259293467,rebalance_exit,5966.616350664381
2018-06-29,BCRH,-0.3007442942903614,-0.29296369917291265,rebalance_exit,5966.616350664381
2018-06-29,KALV,-0.17618959711755466,-0.1699241047588318,rebalance_exit,4970.995704486154
2018-06-29,CYRN,0.18246765538298626,0.18515874647275488,rebalance_exit,4970.995704486154
2018-06-29,ACRX,0.6295773012443224,0.6566429465395387,rebalance_exit,4970.995704486154
2018-06-29,IMPHO,-0.09090909090909105,-0.09090906381607056,rebalance_exit,4970.995704486154
2018-06-29,AUG,-0.34964550307631403,-0.34964550307631403,rebalance_exit,4970.995704486154
2018-06-29,CERC,0.3234692585326038,0.3562500211927626,rebalance_exit,4970.995704486154
2018-06-29,AADI,-0.153118417971163,-0.12631577253341675,rebalance_exit,4970.995704486154
2018-06-29,HWCC,0.18055558682959827,0.1805555868295985,rebalance_exit,4970.995704486154
2018-06-29,MACK,-0.5213004515785071,-0.5213004515785071,rebalance_exit,4970.995704486154
2018-06-29,TEHG,-0.2571209462617674,-0.2571209462617674,rebalance_exit,4970.995704486154
2018-06-29,WEYL,-0.6585939438247632,-0.6458752678435843,rebalance_exit,4970.995704486154
2018-06-29,ARPO,-0.153118417971163,-0.12631577253341675,rebalance_exit,4970.995704486154
2018-06-29,IDTY,-0.22129526368685393,-0.19508773019549386,rebalance_exit,5002.208598378451
2018-06-29,FTNW,-0.02426700874227139,-0.02426700874227139,rebalance_exit,5002.208598378451
2018-06-29,HTM,0.01623670805102484,0.01623670805102484,rebalance_exit,5002.208598378451
2018-06-29,APEN,0.09865688466736278,0.09865688466736255,rebalance_exit,5002.208598378451
2018-06-29,OMED,-0.3026381187790699,-0.29589919263966524,rebalance_exit,5002.208598378451
2018-06-29,DTSSD,2.0375424627141423,2.0375424627141423,rebalance_exit,3771.1779296875
2018-06-29,ARLZ,-0.7667159263055691,-0.7667159263055691,rebalance_exit,5002.208598378451
2018-06-29,CFRX,0.35176406554852657,0.3598326002348531,rebalance_exit,5002.208598378451
2018-06-29,OPOF,0.09851919957477628,0.09851919957477628,rebalance_exit,5002.208598378451
2018-06-29,LONEQ,0.9274052243350679,0.9447002957708721,rebalance_exit,5002.208598378451
2018-06-29,UGHL,0.6837233387181954,0.7736291398996817,rebalance_exit,5002.208598378451
2018-06-29,GRWCD,0.9575927048025563,1.0700418392757576,rebalance_exit,1740.7000048828127
2018-06-29,CKPT,-0.3448365668614697,-0.32118455122390954,rebalance_exit,5002.208598378451
2018-06-29,ONVO,0.348021832444795,0.34802183244479523,rebalance_exit,5002.208598378451
2018-06-29,C-WS-A,-0.7534038402706454,-0.7534038402706454,rebalance_exit,3164.3027355957033
2018-06-29,UMRX,0.2681599458832744,0.29162919521331787,rebalance_exit,5002.208598378451
2018-06-29,NXEN,0.41071432676850606,0.4107142686843872,rebalance_exit,5002.208598378451
2018-06-29,SITOQ,-0.3843737491111635,-0.37354233982236595,rebalance_exit,5002.208598378451
2018-06-29,DUOTD,0.17948718172648248,0.1794872283935547,rebalance_exit,5002.208598378451
2018-06-29,XRM,1.0142394628507456,1.0142394628507452,rebalance_exit,5002.208598378451
2018-06-29,EVFMD,-0.573228346456693,-0.573228346456693,rebalance_exit,4.960799942016602
2018-06-29,IRNC,-0.6688659548815925,-0.6688659548815924,rebalance_exit,5002.208598378451
2018-06-29,WTRH,0.00877206090595517,0.008793559315795507,rebalance_exit,5002.208598378451
2018-06-29,ORM,0.1552759554316674,0.15750252825659272,rebalance_exit,5002.208598378451
2018-06-29,ANTE,-0.28097491370218,-0.2777204460190903,rebalance_exit,2119.1114489746096
2018-06-29,IDTYD,-0.2212952739689854,-0.19508774082367342,rebalance_exit,5002.208598378451
2018-06-29,AMCN,-0.2809749137021801,-0.2777204460190903,rebalance_exit,5002.208598378451
2018-06-29,GEENQ,0.6738508248550343,0.6738508248550343,rebalance_exit,5002.208598378451
2018-06-29,FSNNQ,-0.47091033774934343,-0.45786032355246864,rebalance_exit,5002.208598378451
2018-06-29,EGC,1.2424897328188118,1.2596131827370272,rebalance_exit,5002.208598378451
2018-06-29,SITO,-0.3843737491111635,-0.37354233982236595,rebalance_exit,5002.208598378451
2018-06-29,JNP,-0.1428571294345623,-0.1428571294345623,rebalance_exit,5002.208598378451
2018-06-29,ZYXI,-0.08554741121915777,-0.08554741121915777,rebalance_exit,5002.208598378451
2018-06-29,VEND,0.021326919232472097,0.022097390002155715,rebalance_exit,5002.208598378451
2018-06-29,GBCSD,-0.17500001192092884,-0.17500001192092896,rebalance_exit,5002.208598378451
2018-06-29,AKTS_old,0.23121275512435746,0.24699829778129212,rebalance_exit,5002.208598378451
2018-06-29,PNTR,-0.17525774277024764,-0.17525774277024753,rebalance_exit,5002.208598378451
2018-06-29,BDSI,0.29884592518167996,0.31111113230387377,rebalance_exit,5002.208598378451
2018-06-29,ARLZQ,-0.7667159263055691,-0.7667159263055691,rebalance_exit,5002.208598378451
2018-06-29,JMDA,0.3599429082387511,0.3599429082387511,rebalance_exit,5002.208598378451
2018-06-29,HYGS,-0.0899519021294547,-0.08995190212945481,rebalance_exit,5002.208598378451
2018-06-29,NTVA,0.41071432676850606,0.4107142686843872,rebalance_exit,5002.208598378451
2018-09-28,PMD,0.004694426841759691,0.007090890626218593,rebalance_exit,3630.138129550869
2018-09-28,DWCH,0.3835580003521857,0.38632766047100575,rebalance_exit,4916.728167820621
2018-09-28,PCTI,-0.3181607580088728,-0.3151310411303475,rebalance_exit,4916.728167820621
2018-09-28,XONE_old,0.11518551004268596,0.1285714253276382,rebalance_exit,4970.995704486154
2018-09-28,IMUCD,-0.36619457677155987,-0.35736148649114596,rebalance_exit,4970.995704486154
2018-09-28,INFIQ,0.33497540706449525,0.33497540706449525,rebalance_exit,4970.995704486154
2018-09-28,PETVD,-0.6086066307600813,-0.6086066307600813,rebalance_exit,4970.995704486154
2018-09-28,INFI,0.33497540706449525,0.33497540706449525,rebalance_exit,4970.995704486154
2018-09-28,DMKPQ,-0.03199030855477614,-0.03199030855477614,rebalance_exit,3880.958881835938
2018-09-28,GIFI,0.39081442938702704,0.39081442938702704,rebalance_exit,5002.208598378451
2018-09-28,ALPN,-0.20875000953674316,-0.20875000953674316,rebalance_exit,5002.208598378451
2018-09-28,EIGR,0.19308017892454954,0.19440927791909024,rebalance_exit,5002.208598378451
2018-09-28,DMK,-0.03199030855477625,-0.03199030855477614,rebalance_exit,3881.800708007813
2018-09-28,MIFI,1.1044527989386212,1.1393741662032362,rebalance_exit,5002.208598378451
2018-09-28,TEUM,0.19938480163273864,0.19965750089390388,rebalance_exit,5002.208598378451
2018-09-28,FTD,-0.296110220241833,-0.28576697462080136,rebalance_exit,5002.208598378451
2018-09-28,NM,-0.2415735725034731,-0.22375127844033948,rebalance_exit,5002.208598378451
2018-09-28,SOBRD,-0.5,-0.5,rebalance_exit,6403.819837308746
2018-09-28,SSFN,-0.08758327776705721,-0.08758327776705721,rebalance_exit,6403.819837308746
2018-09-28,RNDB,-0.02050536068756237,-0.02050536068756237,rebalance_exit,6403.819837308746
2018-09-28,TA,0.601540383641173,0.6119289114627189,rebalance_exit,6403.819837308746
2018-09-28,RENB,0.7590361501156877,0.7590361501156875,rebalance_exit,6403.819837308746
2018-09-28,MOXC,-0.5890815412801467,-0.5890815412801467,rebalance_exit,6403.819837308746
2018-09-28,IDEX,0.9977061419220858,0.9977061419220858,rebalance_exit,6403.819837308746
2018-09-28,STDY,0.04423072638842762,0.04423072638842762,rebalance_exit,6403.819837308746
2018-09-28,ANFI,-0.25684310097020624,-0.2524156487632122,rebalance_exit,6403.819837308746
2018-09-28,SCTL,0.37491269560565454,0.3829511313175784,rebalance_exit,6403.819837308746
2018-09-28,RADA,-0.06124394826219148,-0.0487012534624881,rebalance_exit,6403.819837308746
2018-09-28,TBIO_old,-0.23160613997071489,-0.22896898990101067,rebalance_exit,6403.819837308746
2018-09-28,RYCE,-0.25684310097020624,-0.2524156487632122,rebalance_exit,6403.819837308746
2018-09-28,CATS,0.8836121085094839,0.8940392881189538,rebalance_exit,6403.819837308746
2018-09-28,LINDW,0.607212745813656,0.607212745813656,rebalance_exit,6403.819837308746
2018-09-28,RYCFF,-0.2568430430711597,-0.2524155905192246,rebalance_exit,6403.819837308746
2018-09-28,SWKH,-0.04599183220351366,-0.04599183220351366,rebalance_exit,6403.819837308746
2018-09-28,SSC,0.9977061268817631,0.9977061268817629,rebalance_exit,6403.819837308746
2018-09-28,ACETQ,-0.3397891064915841,-0.3397891064915841,rebalance_exit,6403.819837308746
2018-09-28,MAMS,-0.12376099410399333,-0.10984656505173174,rebalance_exit,6403.819837308746
2018-09-28,BKEP,-0.3742743976574714,-0.3713130019596287,rebalance_exit,6403.819837308746
2018-09-28,CTG,-0.3284387485422823,-0.32558140251242673,rebalance_exit,6403.819837308746
2018-09-28,OTRK,0.8836117893687887,0.8940389672115803,rebalance_exit,473.4155526733399
2018-09-28,EYES_old,0.12472761786881081,0.13447202578900197,rebalance_exit,6403.819837308746
2018-09-28,REPH,0.3749212696378452,0.3829597554779025,rebalance_exit,6403.819837308746
2018-09-28,HSTOQ,0.3532934442916271,0.3532934442916271,rebalance_exit,2062.7403149414063
2018-09-28,SQTX,0.05494500096186172,0.05494499206542969,rebalance_exit,6403.819837308746
2018-09-28,APTO,-0.3401015228426395,-0.3401015228426396,rebalance_exit,6403.819837308746
2018-09-28,HSTO,0.35369582445647363,0.35369582445647363,rebalance_exit,2063.4298144531253
2018-09-28,MSON,0.4578751870354314,0.4665029140524837,rebalance_exit,6403.819837308746
2018-12-31,CDOR,-0.2586706269878276,-0.2538559773745943,rebalance_exit,4916.728167820621
2018-12-31,PHH_old,0.5315960939767488,0.5315960939767488,rebalance_exit,5250.858746862537
2018-12-31,BKJ,-0.13903058065922036,-0.13903058065922036,rebalance_exit,5250.858746862537
2018-12-31,VOXX,-0.3015587319820455,-0.3015587319820455,rebalance_exit,4970.995704486154
2018-12-31,RNWK,-0.34244751095272663,-0.32456143530769943,rebalance_exit,4970.995704486154
2018-12-31,BAYK,-0.24226803616922987,-0.24226803616922976,rebalance_exit,5002.208598378451
2018-12-31,CWAY,0.034432254957045494,0.034432254957045494,rebalance_exit,5002.208598378451
2018-12-31,ZYNE,-0.6609654371472282,-0.6586388495606946,rebalance_exit,5002.208598378451
2018-12-31,MJNE,-0.39250767731607394,-0.34161494822281535,rebalance_exit,1417.3571350097657
2018-12-31,AFH,-0.23136306860496747,-0.22679913609620672,rebalance_exit,5002.208598378451
2018-12-31,GFED,-0.058345805175665455,-0.05675538215025555,rebalance_exit,5002.208598378451
2018-12-31,LPTX,-0.7727390355080527,-0.7605185175299508,rebalance_exit,5002.208598378451
2018-12-31,AFHIF,-0.23136306860496747,-0.22679913609620672,rebalance_exit,5002.208598378451
2018-12-31,CALL,0.01701754149852852,0.01701754149852852,rebalance_exit,6403.819837308746
2018-12-31,HBP,-0.6216569305015682,-0.6216569305015681,rebalance_exit,6403.819837308746
2018-12-31,SMRT_old,-0.569383530410319,-0.569383530410319,rebalance_exit,6403.819837308746
2018-12-31,MYT,-0.9871058327797377,-0.987035341506706,rebalance_exit,6403.819837308746
2018-12-31,SMRTQ,-0.569383530410319,-0.569383530410319,rebalance_exit,6403.819837308746
2018-12-31,VERO,-0.8772813926107157,-0.8772813926107157,rebalance_exit,16.270000190734862
2018-12-31,LTN,0.03921569978291872,0.039215683937072754,rebalance_exit,6403.819837308746
2018-12-31,HFBC,-0.19085690111804343,-0.1897885633224643,rebalance_exit,6403.819837308746
2018-12-31,GV_old,-0.4778597332102389,-0.4726953312565698,rebalance_exit,6403.819837308746
2018-12-31,TST,-0.0790637175824096,-0.07847018059321764,rebalance_exit,6403.819837308746
2018-12-31,SCPH,-0.3385885297245115,-0.3385885297245115,rebalance_exit,6403.819837308746
2018-12-31,HPPI,-0.8124413956765486,-0.8124413956765486,rebalance_exit,6403.819837308746
2018-12-31,CLSH,-0.3942442383770033,-0.37363654339524177,rebalance_exit,4165.60505859375
2018-12-31,STNN,-0.4750000238418579,-0.4750000238418579,rebalance_exit,6558.802716069984
2018-12-31,WECT,-0.200000029802322,-0.20000004768371582,rebalance_exit,6558.802716069984
2018-12-31,CSS,-0.36794168783708703,-0.3580541491676038,rebalance_exit,6558.802716069984
2018-12-31,FTNW,-0.8110736281251341,-0.8043735046491884,rebalance_exit,6558.802716069984
2018-12-31,CTIC,-0.6641766556262221,-0.6641766556262221,rebalance_exit,6558.802716069984
2018-12-31,ARC,-0.28234328888036253,-0.28234328888036253,rebalance_exit,6558.802716069984
2018-12-31,ATIS,-0.39674982642834955,-0.3677023649065968,rebalance_exit,6558.802716069984
2018-12-31,INLBD,-0.9545454545454546,-0.9545454382896423,rebalance_exit,6558.802716069984
2018-12-31,EROS,-0.31606873744925124,-0.31606873744925124,rebalance_exit,6558.802716069984
2018-12-31,PFSW,-0.3067552937372089,-0.3067552937372089,rebalance_exit,6558.802716069984
2018-12-31,CDTX,-0.501657352934479,-0.46590909090909094,rebalance_exit,2104.9899743652345
2018-12-31,FRAN,-0.7395169123474632,-0.7395169123474632,rebalance_exit,6558.802716069984
2018-12-31,BYRND,-0.07142858967489174,0.0,rebalance_exit,6558.802716069984
2018-12-31,SKLV,-0.47500002384185835,-0.4750000238418579,rebalance_exit,6558.802716069984
2018-12-31,SPA,0.2519878390211425,0.25204005066292035,rebalance_exit,6558.802716069984
2018-12-31,EMESZ,-0.6270588370486718,-0.6140350982024614,rebalance_exit,6558.802716069984
2018-12-31,ETTX,-0.6495531656151557,-0.6495531656151556,rebalance_exit,6558.802716069984
2018-12-31,BLPGD,-0.6277482416911682,-0.5925926109890871,rebalance_exit,4074.7332275390627
2018-12-31,SRRA,-0.22604315456965018,-0.22428967444340397,rebalance_exit,6558.802716069984
2018-12-31,SBFGP,-0.10819313097572636,-0.10819315910339355,rebalance_exit,6558.802716069984
2018-12-31,AADI,-0.47151083756305046,-0.4629962024822202,rebalance_exit,3007.437133178711
2018-12-31,PIXY,-0.07630539128381897,-0.01369673161474494,rebalance_exit,6558.802716069984
2018-12-31,FNJN,-0.4253913303843534,-0.4176334051539349,rebalance_exit,6558.802716069984
2018-12-31,LRAD,-0.1764705790688741,-0.1764705790688741,rebalance_exit,6558.802716069984
2018-12-31,HWCC,-0.35552758292614894,-0.3473353790984156,rebalance_exit,6558.802716069984
2018-12-31,EMWP,-0.31606873744925124,-0.31606873744925124,rebalance_exit,6558.802716069984
2018-12-31,NEOS,-0.6789660272916422,-0.6607052607889303,rebalance_exit,6558.802716069984
2018-12-31,FPFID,-0.6250000000000004,-0.6250000000000002,rebalance_exit,6558.802716069984
2018-12-31,EMES_old,-0.6270588370486718,-0.6140350982024614,rebalance_exit,6558.802716069984
2018-12-31,AJIA,-0.7307692307692308,-0.7307692170143127,rebalance_exit,6558.802716069984
2018-12-31,VAPE,-0.4956477247439012,-0.4956477247439012,rebalance_exit,4.1904365348815915
2018-12-31,RESN,-0.6724137779162616,-0.6724137779162616,rebalance_exit,6558.802716069984
2018-12-31,ARPO,-0.47151083756305034,-0.4629962024822202,rebalance_exit,6558.802716069984
2018-12-31,ORM,0.12271545524853722,0.1228195998990338,rebalance_exit,6558.802716069984
2018-12-31,CCGN,-0.06666666666666654,-0.06666666666666665,rebalance_exit,6558.802716069984
2018-12-31,EKSO,-0.47336236089907624,-0.47336236089907624,rebalance_exit,510.3244519042969
2018-12-31,LXRP,-0.5301267360667383,-0.5205068093479206,rebalance_exit,6558.802716069984
2018-12-31,WECTD,-0.200000029802322,-0.20000004768371582,rebalance_exit,6558.802716069984
2018-12-31,JMDA,-0.14222591616488756,-0.11764708357286224,rebalance_exit,6558.802716069984
2018-12-31,CLSHD,-0.3942442383770032,-0.37363654339524177,rebalance_exit,4165.55345703125
2019-03-29,ZYXIQ,0.44690717112250655,0.4498974925041732,rebalance_exit,4970.995704486154
2019-03-29,IVAC,0.2639174279992129,0.2639174279992129,rebalance_exit,6403.819837308746
2019-03-29,BKGM,0.1814741030189071,0.18147408962249756,rebalance_exit,6403.819837308746
2019-03-29,BKGMF,0.2033610532654202,0.20336103439331055,rebalance_exit,6403.819837308746
2019-03-29,NWIN,-0.018212355479822584,-0.014499841611479436,rebalance_exit,6403.819837308746
2019-03-29,CLCT,0.2284228189331048,0.2284228189331048,rebalance_exit,6403.819837308746
2019-03-29,TKLSD,0.6232982902971134,0.6458334148240605,rebalance_exit,6403.819837308746
2019-03-29,NBGV,-0.7000308250246214,-0.6949000060558319,rebalance_exit,6558.802716069984
2019-03-29,SHSP,0.13990326442916756,0.13990326442916756,rebalance_exit,6558.802716069984
2019-03-29,CCLP,0.2288092405363793,0.2288092405363793,rebalance_exit,3832.54749433118
2019-03-29,CNST,2.2611680377285146,2.379052223773363,rebalance_exit,3832.54749433118
2019-03-29,SDLPF,-0.5145784867265016,-0.5098103269459603,rebalance_exit,3832.54749433118
2019-03-29,GIFI,0.2320925845829196,0.24511012942817856,rebalance_exit,3832.54749433118
2019-03-29,MNTX,0.33576509187218706,0.3468310434095605,rebalance_exit,3832.54749433118
2019-03-29,QES,0.2221878596348439,0.2315718847276842,rebalance_exit,3832.54749433118
2019-03-29,IDEX,0.5260558226345027,0.5636132259399596,rebalance_exit,3832.54749433118
2019-03-29,BRQS,0.49374995653828146,0.4937499565382817,rebalance_exit,3832.54749433118
2019-03-29,ZOM,-0.724520811211482,-0.7174941945363853,rebalance_exit,3832.54749433118
2019-03-29,VXELD,0.0,0.0,rebalance_exit,3832.54749433118
2019-03-29,ZXAIY,-0.09516131420165252,-0.09516131420165252,rebalance_exit,3832.54749433118
2019-03-29,MHLD,-0.5691331998298654,-0.5595184655186167,rebalance_exit,3832.54749433118
2019-03-29,XONE_old,0.2594263552266345,0.2716462193232403,rebalance_exit,3832.54749433118
2019-03-29,AGE,0.32042319294417587,0.35451508777754315,rebalance_exit,3832.54749433118
2019-03-29,SDLP,-0.5185859156779031,-0.5138571197513051,rebalance_exit,3832.54749433118
2019-03-29,ALNA,0.22858952196260085,0.2524100476777189,rebalance_exit,3832.54749433118
2019-03-29,CERC,0.8080493756966711,0.8080493756966711,rebalance_exit,3832.54749433118
2019-03-29,PYX,0.9543509461256787,0.9782100877405773,rebalance_exit,3832.54749433118
2019-03-29,MLND,0.8342887994066484,0.8342887994066484,rebalance_exit,3832.54749433118
2019-03-29,JRJCY,0.618337261712758,0.618337261712758,rebalance_exit,1032.3355001831055
2019-03-29,HWGC,0.0,0.0,rebalance_exit,3832.54749433118
2019-03-29,GRWCD,0.3488055856332868,0.4331059033310407,rebalance_exit,1420.6000219726564
2019-03-29,GRIN_old,-0.1634601789599638,-0.1634601789599638,rebalance_exit,3832.54749433118
2019-03-29,CBIO_old,0.3037262973415724,0.31573396644128593,rebalance_exit,3832.54749433118
2019-03-29,REXN,-0.47709679382242065,-0.4729623826988365,rebalance_exit,3832.54749433118
2019-03-29,JRJC,0.6183372617127583,0.618337261712758,rebalance_exit,3832.54749433118
2019-03-29,TLRA,1.266614223452458,1.2895106587999514,rebalance_exit,3832.54749433118
2019-03-29,JAX,0.18570389076471172,0.1931956550456675,rebalance_exit,3832.54749433118
2019-03-29,TRCB,0.04115996296760649,0.04115996296760627,rebalance_exit,3832.54749433118
2019-03-29,PHXM,0.11903396368544672,0.11903396368544694,rebalance_exit,3832.54749433118
2019-03-29,GPLDF,0.3253521089869771,0.32535210898697686,rebalance_exit,3832.54749433118
2019-03-29,LAAC,0.19246435930796602,0.19246435930796602,rebalance_exit,3832.54749433118
2019-03-29,SESN,-0.28118000726576065,-0.28118000726576065,rebalance_exit,3832.54749433118
2019-03-29,PCYG,0.3383659761474651,0.3383659761474651,rebalance_exit,3832.54749433118
2019-03-29,PFNX,0.886376635343602,0.924066443346848,rebalance_exit,3832.54749433118
2019-03-29,ITI,0.09039633358491583,0.09665107847818577,rebalance_exit,3832.54749433118
2019-03-29,GPL,0.3253521089869771,0.32535210898697686,rebalance_exit,3832.54749433118
2019-03-29,PIHPP,0.27049980011526187,0.27049980011526187,rebalance_exit,3832.54749433118
2019-03-29,FSNNQ,-0.22335022598259102,-0.22023810495257135,rebalance_exit,3832.54749433118
2019-03-29,FPTAD,-0.7758943113084438,-0.7287013312564838,rebalance_exit,748.2146563720703
2019-03-29,CCRD,1.4396647003172092,1.4655930609753929,rebalance_exit,3832.54749433118
2019-03-29,USAK,-0.05190458603324777,-0.05190458603324777,rebalance_exit,3832.54749433118
2019-03-29,RMED,-0.5733520402277807,-0.5733520402277807,rebalance_exit,3832.54749433118
2019-03-29,FSNN,-0.22155548060881747,-0.22023810495257135,rebalance_exit,3832.54749433118
2019-03-29,FONR,0.011363613875358336,0.011363613875358336,rebalance_exit,3832.54749433118
2019-03-29,TGA,0.030283992187382758,0.030283992187382758,rebalance_exit,3832.54749433118
2019-03-29,INS,1.4403147455610101,1.466250014794591,rebalance_exit,3832.54749433118
2019-03-29,NFEC,-0.5594298225080567,-0.5594298225080567,rebalance_exit,3832.54749433118
2019-03-29,VSI,0.43211578746463974,0.4573779152018531,rebalance_exit,3832.54749433118
2019-03-29,JNCE,0.8397626171540828,0.8397626171540828,rebalance_exit,3832.54749433118
2019-06-28,PFMT,-0.5143457795130553,-0.5143457795130553,rebalance_exit,3400.070307617188
2019-06-28,EMKR,-0.3562013121841716,-0.3562013121841716,rebalance_exit,6403.819837308746
2019-06-28,PHLT,-0.5143436337197271,-0.5143436337197271,rebalance_exit,3400.2250683593757
2019-06-28,ONVO,-0.551452674077227,-0.5491326958200411,rebalance_exit,6558.802716069984
2019-06-28,NES,-0.6485831481075897,-0.634033178295431,rebalance_exit,6558.802716069984
2019-06-28,TESS,0.19970335459596056,0.2075950019287962,rebalance_exit,6558.802716069984
2019-06-28,EVFMD,0.6233319730421802,0.6395061728395062,rebalance_exit,30.249549236297607
2019-06-28,INAP,-0.29198231541105635,-0.2756567520634029,rebalance_exit,3832.54749433118
2019-06-28,ENZ,0.173599516640341,0.1913843069097505,rebalance_exit,3832.54749433118
2019-06-28,CMRX,0.6503997235187262,0.6503997235187262,rebalance_exit,3832.54749433118
2019-06-28,DMKPQ,-0.4374589074721372,-0.4374589074721372,rebalance_exit,1949.543349609375
2019-06-28,MCF,-0.4738018743039536,-0.46988870228114465,rebalance_exit,3832.54749433118
2019-06-28,QTRH,0.09688718019111553,0.10929677656651005,rebalance_exit,3832.54749433118
2019-06-28,SSUP,-0.2642285561380737,-0.2642285561380737,rebalance_exit,3832.54749433118
2019-06-28,SURF,-0.359724091573562,-0.35142416560615264,rebalance_exit,3832.54749433118
2019-06-28,APHE,-0.07692307692307698,-0.07692307692307687,rebalance_exit,3832.54749433118
2019-06-28,GPIC,0.05709912357301028,0.05709912357301028,rebalance_exit,3832.54749433118
2019-06-28,SUP,-0.2642285561380737,-0.2642285561380737,rebalance_exit,3832.54749433118
2019-06-28,IMMY,-0.2091388480234514,-0.20913884802345128,rebalance_exit,3832.54749433118
2019-06-28,UMRX,-0.404545493460883,-0.404545493460883,rebalance_exit,3832.54749433118
2019-06-28,SWKH,0.03094004038959719,0.03094004038959719,rebalance_exit,3832.54749433118
2019-06-28,DMK,-0.4374589074721372,-0.4374589074721372,rebalance_exit,1949.704489746094
2019-06-28,AXU,0.172743789661834,0.19097255366725796,rebalance_exit,3832.54749433118
2019-06-28,UPLC,-0.7148535035831861,-0.7081176862121209,rebalance_exit,5674.017240809994
2019-06-28,KIRK,-0.6808182481766119,-0.678520636840085,rebalance_exit,5674.017240809994
2019-06-28,BTBT_old,-0.5606619640581568,-0.5583902694886972,rebalance_exit,5674.017240809994
2019-06-28,NHIQ,-0.43158840352418026,-0.43158840352418026,rebalance_exit,4504.779755859376
2019-06-28,ARC,-0.09426533187622788,-0.08520799383274902,rebalance_exit,5674.017240809994
2019-06-28,UPL,-0.7148535035831861,-0.7081176862121209,rebalance_exit,5674.017240809994
2019-06-28,CYRN,-0.21117036800057976,-0.21117036800057987,rebalance_exit,5674.017240809994
2019-06-28,LLEX,-0.5007716203196724,-0.48608795553627404,rebalance_exit,5674.017240809994
2019-06-28,PFSW,-0.2354701048090152,-0.2258821748861618,rebalance_exit,5674.017240809994
2019-06-28,ALPN,-0.39029939924245494,-0.3870077087442899,rebalance_exit,5674.017240809994
2019-06-28,CSU,0.24235573040101865,0.24235573040101865,rebalance_exit,5674.017240809994
2019-06-28,GSB,0.6602827194557523,0.6829138379791333,rebalance_exit,5674.017240809994
2019-06-28,FWP,-0.21126980294087438,-0.21126980294087438,rebalance_exit,1592.5417132568361
2019-06-28,CORV,-0.32397389798531107,-0.32397389798531107,rebalance_exit,5674.017240809994
2019-06-28,SOLO,-0.3074051491080648,-0.30050767481915364,rebalance_exit,5674.017240809994
2019-06-28,AUG,0.16873295906727948,0.17029285801925842,rebalance_exit,5674.017240809994
2019-06-28,TTNP,-0.30118007085825793,-0.28117394358884307,rebalance_exit,135.55255004882812
2019-06-28,SOLY,0.8076353965314611,0.8148147057985515,rebalance_exit,5674.017240809994
2019-06-28,ANCN,-0.35163630341705365,-0.3494761020509519,rebalance_exit,5674.017240809994
2019-06-28,ZYNE,1.4581307069660427,1.4581307069660427,rebalance_exit,5674.017240809994
2019-06-28,LLEXQ,-0.5007716203196724,-0.48608795553627404,rebalance_exit,5674.017240809994
2019-06-28,SRRA,-0.6788526604002458,-0.6788526604002458,rebalance_exit,5674.017240809994
2019-06-28,CRRT,-0.6242575808856251,-0.6150298853713436,rebalance_exit,5674.017240809994
2019-06-28,SCTL,0.7273914505226882,0.7355012687592,rebalance_exit,5674.017240809994
2019-06-28,HWCC,-0.17896628052105212,-0.17350512365960846,rebalance_exit,5674.017240809994
2019-06-28,NEOS,-0.531241507974445,-0.5117039531916789,rebalance_exit,5674.017240809994
2019-06-28,RNWK,-0.39378645745723273,-0.38906751117443383,rebalance_exit,5674.017240809994
2019-06-28,PRTG,-0.14990109907854954,-0.11920621380814223,rebalance_exit,5674.017240809994
2019-06-28,APOP,-0.5118968824494936,-0.49584484300816944,rebalance_exit,5674.017240809994
2019-06-28,DNJR,-0.5614605248856304,-0.5591929594517036,rebalance_exit,5674.017240809994
2019-06-28,DRVD,-0.6724258727515922,-0.6501111163013755,rebalance_exit,1205.8962149047852
2019-06-28,ZYXI,0.9744217055635624,0.993678915484359,rebalance_exit,5674.017240809994
2019-06-28,ROX,-0.35368720478107696,-0.3372909325528508,rebalance_exit,5674.017240809994
2019-06-28,NMPRG,-0.2764705770155963,-0.2764705770155963,rebalance_exit,5674.017240809994
2019-06-28,PTGEF,-0.14990106069230436,-0.11920617403586864,rebalance_exit,5674.017240809994
2019-06-28,PNTR,-0.028161902202197275,-0.025490475459967854,rebalance_exit,5674.017240809994
2019-06-28,APPO,4.662551378957097,4.662551403045654,rebalance_exit,5674.017240809994
2019-06-28,REPH,0.7273914505226882,0.7355012687592,rebalance_exit,5674.017240809994
2019-06-28,CRR,-0.6252545973124792,-0.6150298853713436,rebalance_exit,5674.017240809994
2019-06-28,HYGS,0.8313745213946708,0.8524594041533604,rebalance_exit,5674.017240809994
2019-09-30,SHLO,-0.30793685981857943,-0.29747564735831533,rebalance_exit,3832.54749433118
2019-09-30,VOXX,0.00809565495043496,0.00809565495043496,rebalance_exit,5674.017240809994
2019-09-30,HFBC,0.003452823724396481,0.003452823724396703,rebalance_exit,5674.017240809994
2019-09-30,TRCH,-0.29025957533826896,-0.29025957533826896,rebalance_exit,5674.017240809994
2019-09-30,RADA,0.6090634151358665,0.6100740397858542,rebalance_exit,5674.017240809994
2019-09-30,INFIQ,-0.4612202664601103,-0.46122026646011016,rebalance_exit,5674.017240809994
2019-09-30,DRRX,1.880256148741518,1.880256148741518,rebalance_exit,2659.959326171875
2019-09-30,INFI,-0.4612202664601103,-0.46122026646011016,rebalance_exit,5674.017240809994
2019-09-30,MAMS,0.41241223436334407,0.4124122343633443,rebalance_exit,5674.017240809994
2019-09-30,MDFID,0.08910886975623145,0.08910886975623145,rebalance_exit,5674.017240809994
2019-09-30,ONCT,-0.25536014318586064,-0.25536014318586064,rebalance_exit,1532.048210449219
2019-09-30,ASNAQ,-0.6040441888175176,-0.5876767748916465,rebalance_exit,5532.202443499534
2019-09-30,TAXA,0.23605716271942612,0.23605716271942612,rebalance_exit,5532.202443499534
2019-09-30,MPO,0.06513604762036729,0.06513604762036729,rebalance_exit,5532.202443499534
2019-09-30,CMFN,-0.07894383779141367,-0.07894383779141367,rebalance_exit,5532.202443499534
2019-09-30,GNC,0.4114854309550795,0.4114854309550795,rebalance_exit,5532.202443499534
2019-09-30,ICDI,-0.2622138534039302,-0.2500784846152415,rebalance_exit,1913.3758081054686
2019-09-30,EOSSD,0.03448272460139279,0.03448272460139301,rebalance_exit,5532.202443499534
2019-09-30,CCGN,-0.02512560405862707,-0.02512560405862696,rebalance_exit,5532.202443499534
2019-09-30,MTAFF,0.22146536186925192,0.2300255336680892,rebalance_exit,5532.202443499534
2019-09-30,RTW,-0.2335919174225115,-0.20749054580012738,rebalance_exit,5532.202443499534
2019-09-30,AXGT,0.01773822494926991,0.01773822494926991,rebalance_exit,5532.202443499534
2019-09-30,LKSD,-0.6397927619537267,-0.6298262611101514,rebalance_exit,5532.202443499534
2019-09-30,AGE,-0.46753822659658595,-0.46753822659658595,rebalance_exit,5532.202443499534
2019-09-30,HX,-0.3631986472895745,-0.36005556473109845,rebalance_exit,5532.202443499534
2019-09-30,REPR,0.3641881563325755,0.3641881563325755,rebalance_exit,5532.202443499534
2019-09-30,TRCB,0.4508073000140853,0.4508073000140853,rebalance_exit,5532.202443499534
2019-09-30,LKSDQ,-0.6397927619537267,-0.6298262611101514,rebalance_exit,5532.202443499534
2019-09-30,CLDB,-0.06502049535999466,-0.06502049535999477,rebalance_exit,5532.202443499534
2019-09-30,GIFI,-0.2558787141772747,-0.24813542927977628,rebalance_exit,5532.202443499534
2019-09-30,NTRP_old,-0.901871219535296,-0.8990024992330176,rebalance_exit,5532.202443499534
2019-09-30,GTXI,0.0,0.0,rebalance_exit,5532.202443499534
2019-09-30,SOLI,-0.7705421308271432,-0.7658002626024805,rebalance_exit,5532.202443499534
2019-09-30,FRG,0.2360591601106361,0.2360591601106361,rebalance_exit,5532.202443499534
2019-09-30,PYX,-0.15336433214983303,-0.15336433214983303,rebalance_exit,5532.202443499534
2019-09-30,AVDL,0.3877979590072653,0.4190292233095423,rebalance_exit,5532.202443499534
2019-09-30,CIC,-0.7001166314558077,-0.7001166314558077,rebalance_exit,5532.202443499534
2019-09-30,HLAB,0.0,0.0,rebalance_exit,5532.202443499534
2019-09-30,ZVO,-0.45573699715157423,-0.4544095973479273,rebalance_exit,5532.202443499534
2019-09-30,ICD,-0.2622138534039302,-0.2500784846152415,rebalance_exit,1913.4207104492189
2019-09-30,HGEN,-0.35947752720841986,-0.3581595627183123,rebalance_exit,99.91190819978715
2019-09-30,GFED,0.045446817010078355,0.04544681701007813,rebalance_exit,5532.202443499534
2019-09-30,ICDIQ,-0.2622138534039302,-0.2500784846152415,rebalance_exit,1913.3463012695313
2019-09-30,ASNA,-0.6040441888175176,-0.5876767748916465,rebalance_exit,5532.202443499534
2019-09-30,IOTC,-0.43258524573329826,-0.42162815625011796,rebalance_exit,3503.1712011718755
2019-12-31,IDSY,-0.16257596512985462,-0.16257596512985462,rebalance_exit,5966.616350664381
2019-12-31,OPOF,0.28337776492653277,0.28491620398455786,rebalance_exit,3832.54749433118
2019-12-31,ICBK,0.46400103686540795,0.4743172065522736,rebalance_exit,3832.54749433118
2019-12-31,NIOBF,0.324138420557621,0.33444284938895397,rebalance_exit,3556.8639233398444
2019-12-31,MOBQD,-0.5809787955835279,-0.5547046348590934,rebalance_exit,4647.507329101562
2019-12-31,PRTK,0.010025112826065108,0.010025112826065108,rebalance_exit,5532.202443499534
2019-12-31,IVAC,0.455256768280065,0.4552567682800648,rebalance_exit,5532.202443499534
2019-12-31,TYME,0.14754093715305938,0.14754093715305938,rebalance_exit,5532.202443499534
2019-12-31,LRAD,0.0699088211976584,0.0699088211976584,rebalance_exit,5532.202443499534
2019-12-31,SSFN,0.02060001378388221,0.02060001378388221,rebalance_exit,5532.202443499534
2019-12-31,LTDH,-0.12234043598768662,-0.12234043598768674,rebalance_exit,5532.202443499534
2019-12-31,PBPB,-0.18716993507088053,-0.18064514445295488,rebalance_exit,5532.202443499534
2019-12-31,BKGMF,-0.05274484402477919,-0.05274486541748047,rebalance_exit,5532.202443499534
2019-12-31,PCYG,-0.07895451504584505,-0.06953672727021509,rebalance_exit,5532.202443499534
2019-12-31,ICAD,0.20115733760072407,0.2077615015915748,rebalance_exit,5532.202443499534
2019-12-31,NK,2.564416676088618,2.6854768705584724,rebalance_exit,5532.202443499534
2019-12-31,FRTM,-0.584705437105766,-0.584705437105766,rebalance_exit,5253.78714001023
2019-12-31,PHAS,0.4029369713338211,0.42021735621562883,rebalance_exit,5253.78714001023
2019-12-31,VFRMD,-0.6440129273797821,-0.6440129273797821,rebalance_exit,5253.78714001023
2019-12-31,RLMDD,0.07317073170731714,0.07317078113555908,rebalance_exit,5253.78714001023
2019-12-31,BANM,-0.9956284782553845,-0.9956284782553845,rebalance_exit,5253.78714001023
2019-12-31,SCON,-0.707031443866581,-0.707031443866581,rebalance_exit,4386.090161132813
2019-12-31,MR,1.0806940376255283,1.0807880298140522,rebalance_exit,5253.78714001023
2019-12-31,LIVX,-0.24296874965780724,-0.23749437301339116,rebalance_exit,5253.78714001023
2019-12-31,PLIN,-0.17407634567375962,-0.16536605089732126,rebalance_exit,5253.78714001023
2019-12-31,DCACD,-0.8091857354296773,-0.8091857354296773,rebalance_exit,5253.78714001023
2019-12-31,ASDND,-0.4591543341331962,-0.45123080837467855,rebalance_exit,1245.0965771484375
2019-12-31,KSHB,0.10810808416175721,0.10810808416175743,rebalance_exit,5253.78714001023
2019-12-31,TESS,-0.21030297204750537,-0.21030297204750548,rebalance_exit,5253.78714001023
2019-12-31,BKGM,0.043811035731261994,0.04381108283996582,rebalance_exit,5253.78714001023
2019-12-31,EYES_old,-0.13720955201896978,-0.11935227059240061,rebalance_exit,5253.78714001023
2019-12-31,CERC,0.6065212464833976,0.6065212464833978,rebalance_exit,5253.78714001023
2019-12-31,AXLA,-0.32685958624405576,-0.30164912515743036,rebalance_exit,5253.78714001023
2019-12-31,SVBLD,0.0,0.0,rebalance_exit,1921.0000146484374
2019-12-31,IMRNW,-0.3902438971203469,-0.39024388790130615,rebalance_exit,5253.78714001023
2019-12-31,SBFGP,0.1472742557406328,0.14727425575256348,rebalance_exit,5253.78714001023
2019-12-31,SCOND,-0.7096760452274093,-0.7096760452274093,rebalance_exit,4388.632707519531
2019-12-31,AFI,-0.3437727392382004,-0.33176837712909846,rebalance_exit,5253.78714001023
2019-12-31,EVTVD,0.8595209444638328,0.8965052320820457,rebalance_exit,5253.78714001023
2019-12-31,APTO,1.7194244604316546,1.7194244604316546,rebalance_exit,5253.78714001023
2019-12-31,JNCE,1.5964235002811615,1.621621544219273,rebalance_exit,5253.78714001023
2019-12-31,YGYI,-0.24729439076462112,-0.23849570523556263,rebalance_exit,5253.78714001023
2019-12-31,CSU,-0.30234935392234474,-0.29452033041774883,rebalance_exit,5253.78714001023
2020-03-31,SVBI,-0.241068421415076,-0.2410684214150759,rebalance_exit,6403.819837308746
2020-03-31,BAYK,-0.29090906839021635,-0.29090906839021624,rebalance_exit,5674.017240809994
2020-03-31,STND,-0.20128399545911724,-0.1942987338202471,rebalance_exit,5674.017240809994
2020-03-31,CXDC,-0.6057502343561613,-0.6057502343561612,rebalance_exit,4813.176049804688
2020-03-31,CDOR,-0.5250124840124814,-0.5250124840124814,rebalance_exit,5674.017240809994
2020-03-31,SYNL,-0.44995631212388554,-0.4411011775802034,rebalance_exit,5532.202443499534
2020-03-31,APTX,-0.3916357729887191,-0.36155806239530175,rebalance_exit,5532.202443499534
2020-03-31,IOGPQ,-0.8525828484563243,-0.8470588691318979,rebalance_exit,5532.202443499534
2020-03-31,MDCL,-0.5709876599989183,-0.5709876599989183,rebalance_exit,5532.202443499534
2020-03-31,MNTX,-0.3240589158440186,-0.3240589158440186,rebalance_exit,5532.202443499534
2020-03-31,APYPD,-2.220446049250313e-16,-2.220446049250313e-16,rebalance_exit,302.8133462524414
2020-03-31,BKJ,0.2870503511236824,0.28705035112368216,rebalance_exit,5532.202443499534
2020-03-31,IO,-0.8525828484563243,-0.8470588691318979,rebalance_exit,5532.202443499534
2020-03-31,HMNF,-0.1466060092604764,-0.14285712937925665,rebalance_exit,5532.202443499534
2020-03-31,CCLP,-0.7934269593323947,-0.7837259937064086,rebalance_exit,5253.78714001023
2020-03-31,MWK,-0.7918375967380604,-0.7886549489169918,rebalance_exit,5253.78714001023
2020-03-31,CMRX,-0.39239907049025446,-0.3872339933368599,rebalance_exit,5253.78714001023
2020-03-31,SHSP,-0.3851403193303772,-0.38097666025787047,rebalance_exit,5253.78714001023
2020-03-31,ADMS,-0.4349950666229636,-0.4349950666229636,rebalance_exit,5253.78714001023
2020-03-31,LEAF,-0.6826422286577472,-0.6813437834489174,rebalance_exit,5253.78714001023
2020-03-31,PRGX,-0.48633014013813236,-0.46660274262203527,rebalance_exit,5253.78714001023
2020-03-31,CELP,-0.4845199837857186,-0.48270342549845136,rebalance_exit,5253.78714001023
2020-03-31,SESN,-0.5381022294929463,-0.5270384776527753,rebalance_exit,5253.78714001023
2020-03-31,GDP,-0.6035898857195163,-0.5992473957648786,rebalance_exit,5253.78714001023
2020-03-31,TKLSD,-0.5581395477781814,-0.5581395477781814,rebalance_exit,5253.78714001023
2020-03-31,SCPH,0.20744856246700327,0.23581102863189063,rebalance_exit,5253.78714001023
2020-03-31,AGFS,-0.4140789375758507,-0.3931700992540146,rebalance_exit,5253.78714001023
2020-03-31,SBOW,-0.749003200903286,-0.749003200903286,rebalance_exit,5253.78714001023
2020-03-31,NHIQ,0.48432461160126183,0.5159716224972699,rebalance_exit,1231.326042480469
2020-03-31,SIOX,-0.5309654447170088,-0.5309654447170088,rebalance_exit,4925.648833072068
2020-03-31,MMMMD,-0.99375,-0.99375,rebalance_exit,4925.648833072068
2020-03-31,FTMRQ,-0.4598338475897412,-0.4021739363670349,rebalance_exit,4925.648833072068
2020-03-31,RNET,-0.7272727305567298,-0.7272727305567298,rebalance_exit,4925.648833072068
2020-03-31,IDEX,0.56596935945327,0.56596935945327,rebalance_exit,4925.648833072068
2020-03-31,ATAI_old,-0.5369553458330127,-0.5287356388775198,rebalance_exit,4925.648833072068
2020-03-31,EPIX,-0.2893184930023799,-0.2727272727272727,rebalance_exit,4925.648833072068
2020-03-31,PEGY,-0.3195602177981842,-0.2838718609196247,rebalance_exit,146.82053741455078
2020-03-31,FLHI,0.16129035979478323,0.16129040718078613,rebalance_exit,4925.648833072068
2020-03-31,MDR,-0.003027797061394888,-0.003027797061394999,rebalance_exit,4925.648833072068
2020-03-31,ZYNE,-0.38382109957192045,-0.36589404836170913,rebalance_exit,4925.648833072068
2020-03-31,IMH,-0.5618423743894042,-0.5497495130213392,rebalance_exit,4925.648833072068
2020-03-31,JRJCY,-0.5001925846530098,-0.5001925846530098,rebalance_exit,1033.975644683838
2020-03-31,IMPM,-0.5616458594110346,-0.5495475743592284,rebalance_exit,4925.648833072068
2020-03-31,FTMR,-0.4611324632695689,-0.4021739109308373,rebalance_exit,4925.648833072068
2020-03-31,GRIN_old,-0.5704379924009204,-0.5577802658081055,rebalance_exit,4925.648833072068
2020-03-31,JRJC,-0.5001925846530098,-0.5001925846530098,rebalance_exit,4925.648833072068
2020-03-31,BTTR,-0.5794101293251932,-0.5794101293251932,rebalance_exit,3.36529997587204
2020-03-31,WEBK,-0.39026686847953795,-0.39026686847953795,rebalance_exit,4925.648833072068
2020-03-31,SAQNU,-0.0708661690789496,-0.0708661675453186,rebalance_exit,4925.648833072068
2020-03-31,AXGT,-0.5309654447170088,-0.5309654447170088,rebalance_exit,4925.648833072068
2020-03-31,CTRCQ,-0.4918718834665966,-0.4918718834665966,rebalance_exit,4925.648833072068
2020-03-31,NMPRH,-0.6156112430637175,-0.6156112430637175,rebalance_exit,4925.648833072068
2020-03-31,PHXM,-0.275932182699947,-0.275932182699947,rebalance_exit,4925.648833072068
2020-03-31,HEAR,-0.3396825505752674,-0.3396825505752674,rebalance_exit,4925.648833072068
2020-03-31,CTRC,-0.4918718834665966,-0.4918718834665966,rebalance_exit,4925.648833072068
2020-03-31,LAAC,-0.16089612216832416,-0.16089612216832416,rebalance_exit,4925.648833072068
2020-03-31,RYESF,0.1651802768057824,0.1651802768057824,rebalance_exit,4925.648833072068
2020-03-31,GFED,-0.40793089295713614,-0.4059613347053528,rebalance_exit,4925.648833072068
2020-03-31,CLSD,-0.42831734079676786,-0.4137931034482759,rebalance_exit,4925.648833072068
2020-03-31,IMVTW,0.10472727719977404,0.15500005304813413,rebalance_exit,4925.648833072068
2020-03-31,RYESD,0.2697279616980077,0.2697279616980077,rebalance_exit,4925.648833072068
2020-03-31,NMPRG,-0.6691086474976179,-0.6691086474976178,rebalance_exit,4925.648833072068
2020-03-31,TGA,-0.7536889729133481,-0.7408230376218468,rebalance_exit,4925.648833072068
2020-03-31,HLAB,0.08695652549493671,0.08695650100708008,rebalance_exit,4925.648833072068
2020-03-31,GRNF,-0.35908038078725635,-0.3388122951885838,rebalance_exit,1311.2091357421878
2020-03-31,GRNFD,-0.35920362563136166,-0.33893943745909805,rebalance_exit,1311.4865576171876
2020-06-30,CYBE,0.9645359099887303,0.9645359099887303,rebalance_exit,5966.616350664381
2020-06-30,XONE_old,-0.049601744088222044,-0.045477206115298485,rebalance_exit,5253.78714001023
2020-06-30,SBBP,0.5815898767675269,0.5815898767675269,rebalance_exit,5253.78714001023
2020-06-30,VERO,-0.2574470153186007,-0.2574470153186007,rebalance_exit,492.3774425506592
2020-06-30,CDTX,-0.04593972422048831,-0.039062498447795746,rebalance_exit,4015.940026855469
2020-06-30,MLND,-0.7458058412150502,-0.7415026058394592,rebalance_exit,4925.648833072068
2020-06-30,RELI,-0.4416215410112151,-0.4265155185633567,rebalance_exit,7.110482578277588
2020-06-30,ANTE,-0.2307213915838512,-0.2307213915838512,rebalance_exit,283.45638458251955
2020-06-30,AMCN,-0.2307213915838512,-0.2307213915838512,rebalance_exit,1134.80650390625
2020-06-30,SLNO,-0.2448979503570332,-0.2448979503570332,rebalance_exit,4925.648833072068
2020-06-30,PBBI,0.009486734798731522,0.009486734798731744,rebalance_exit,4925.648833072068
2020-06-30,MBII,0.15739904682655115,0.15739904682655093,rebalance_exit,4925.648833072068
2020-06-30,OAS,1.1070632745874471,1.1279505597799222,rebalance_exit,4003.9872251783136
2020-06-30,SILED,1.262411702544632,1.2624117025446324,rebalance_exit,2733.1350048828126
2020-06-30,ICBK,0.13496668906708664,0.13496668906708664,rebalance_exit,4003.9872251783136
2020-06-30,TCS,0.325238402030676,0.3582203297534574,rebalance_exit,4003.9872251783136
2020-06-30,VERY,0.33213768829454726,0.33475638046598677,rebalance_exit,4003.9872251783136
2020-06-30,TCSGQ,0.325238402030676,0.3582203297534574,rebalance_exit,4003.9872251783136
2020-06-30,PCOM,0.08543533043208784,0.10692590077614961,rebalance_exit,4003.9872251783136
2020-06-30,RFP,0.6345602695964754,0.6345602695964754,rebalance_exit,4003.9872251783136
2020-06-30,SAQN,0.023326789781602297,0.024464845657348633,rebalance_exit,4003.9872251783136
2020-06-30,GMDA,0.44585295028788696,0.4609038230225806,rebalance_exit,4003.9872251783136
2020-06-30,FRGI,0.5511186876535785,0.5671611610366694,rebalance_exit,4003.9872251783136
2020-06-30,ANH,0.5443246070737839,0.5630827436269483,rebalance_exit,4003.9872251783136
2020-06-30,NEPT,1.2990091963374284,1.349971365098669,rebalance_exit,4003.9872251783136
2020-06-30,FRBK,0.11415524815889722,0.114155248158897,rebalance_exit,4003.9872251783136
2020-06-30,PIRS,0.33719444285948286,0.34754338354980874,rebalance_exit,1817.93025390625
2020-06-30,RTIX,0.8211802103167629,0.8211802103167627,rebalance_exit,4003.9872251783136
2020-06-30,HOME,2.2094894710893005,2.2128712041578313,rebalance_exit,4003.9872251783136
2020-06-30,NBSE,0.22683766773998437,0.23314616313232084,rebalance_exit,3859.885727539063
2020-06-30,GLOP,0.8064133174206283,0.8444854518563052,rebalance_exit,4003.9872251783136
2020-06-30,ECA,0.6064257398232098,0.60642573982321,rebalance_exit,4003.9872251783136
2020-06-30,MBCN,0.31258818784317777,0.31806644982174004,rebalance_exit,4003.9872251783136
2020-06-30,TRIL_old,0.9360546868874886,1.002475304202045,rebalance_exit,4003.9872251783136
2020-06-30,NBEV,0.0424288808538229,0.0638436056530296,rebalance_exit,4003.9872251783136
2020-06-30,BKGMF,-0.0892531496441874,-0.08925312757492065,rebalance_exit,4003.9872251783136
2020-06-30,WMC,0.1660434804174895,0.19650065625935587,rebalance_exit,4003.9872251783136
2020-06-30,CORVF,1.3719512725161849,1.3719512725161849,rebalance_exit,4003.9872251783136
2020-06-30,FFNW,-0.029960155096479757,-0.029960155096479757,rebalance_exit,4003.9872251783136
2020-06-30,TACO_old2,0.7010768040484436,0.7256756955126071,rebalance_exit,4003.9872251783136
2020-06-30,AJIA,-0.24000000953674316,-0.24000000953674316,rebalance_exit,4003.9872251783136
2020-06-30,CYADY,0.4031145992220888,0.4035184871903754,rebalance_exit,4003.9872251783136
2020-06-30,SASI,-0.12274412182141425,-0.10174808154336512,rebalance_exit,4003.9872251783136
2020-06-30,NIOBF,0.29645830818423335,0.33088885413275815,rebalance_exit,4003.9872251783136
2020-06-30,OASPQ,1.1073180924529225,1.1282079036509014,rebalance_exit,4003.9872251783136
2020-06-30,GPX,0.28722136920589647,0.29611195197438467,rebalance_exit,4003.9872251783136
2020-06-30,SRGA,0.8211802103167629,0.8211802103167627,rebalance_exit,4003.9872251783136
2020-06-30,CYAD,0.4031145992220888,0.4035184871903754,rebalance_exit,4003.9872251783136
2020-06-30,OBSV,1.2730837058530509,1.3845999404373863,rebalance_exit,4003.9872251783136
2020-06-30,BCOM,1.1359394304516548,1.1868131342695456,rebalance_exit,609.3654733276368
2020-06-30,CONN,1.3543839630461814,1.4138757337217998,rebalance_exit,4003.9872251783136
2020-06-30,LOGC_old1,0.6360334791275528,0.6630814036772157,rebalance_exit,4003.9872251783136
2020-06-30,ADES,-0.3208865645921939,-0.31220978654473,rebalance_exit,4003.9872251783136
2020-06-30,AFMD,1.7860207163441277,1.830710224170962,rebalance_exit,4003.9872251783136
2020-06-30,GMDAQ,0.44532290276813224,0.4603682578754893,rebalance_exit,4003.9872251783136
2020-06-30,JCP,-0.5120049508679372,-0.5120049508679372,rebalance_exit,4003.9872251783136
2020-09-30,DS,-0.2631578823536055,-0.2631578823536055,rebalance_exit,4003.9872251783136
2020-09-30,CPPRQ,-0.36177834205780157,-0.358819040183326,rebalance_exit,4003.9872251783136
2020-09-30,RMRM,-0.10702823041974108,-0.09101550832820038,rebalance_exit,4003.9872251783136
2020-09-30,DSHK,-0.26315789473684215,-0.26315789473684215,rebalance_exit,1262.3865002441407
2020-09-30,RIF,-0.11603205106461556,-0.10018078500411642,rebalance_exit,4003.9872251783136
2020-09-30,IINX,-0.9519230744432239,-0.9519230744432239,rebalance_exit,123.2882012939453
2020-09-30,CCR,-0.19691843394388464,-0.1881216472594287,rebalance_exit,6156.179386682814
2020-09-30,CVLBD,4.3166666229565935,4.316666622956593,rebalance_exit,6156.179386682814
2020-09-30,MQMNW,1.615384738826192,1.615384738826192,rebalance_exit,6156.179386682814
2020-09-30,WLL,14.010116533527508,14.300356629152217,rebalance_exit,6156.179386682814
2020-09-30,IVAC,-0.003895859357385123,-0.0022749187968282847,rebalance_exit,6156.179386682814
2020-09-30,FVE,0.29381905954356946,0.30000001222659356,rebalance_exit,6156.179386682814
2020-09-30,XELAU,0.7331021511229208,0.7331022024154663,rebalance_exit,6156.179386682814
2020-09-30,SGOC,-0.3050426965692654,-0.29508197201864905,rebalance_exit,6156.179386682814
2020-09-30,EOSSD,0.0,0.0,rebalance_exit,6156.179386682814
2020-09-30,GTXOD,-0.5136743356329438,-0.4947262319756037,rebalance_exit,1249.5003717041018
2020-09-30,TFFP,2.1966060534488263,2.1966060534488263,rebalance_exit,2360.5187915039064
2020-09-30,BYU,0.3122448643552529,0.3320183632618863,rebalance_exit,103.99089950561525
2020-09-30,ASDND,-0.44006227122931385,-0.43808367355030753,rebalance_exit,3786.570559082031
2020-09-30,JCPNQ,-0.2993324000037523,-0.2977022572175295,rebalance_exit,6156.179386682814
2020-09-30,AXGT,0.589974586740249,0.6249678367932496,rebalance_exit,6156.179386682814
2020-09-30,TA,0.2688312597109128,0.2688312597109128,rebalance_exit,6156.179386682814
2020-09-30,SIOX,0.589974586740249,0.6249678367932496,rebalance_exit,6156.179386682814
2020-09-30,SHSP,0.2440241440873434,0.2440241440873434,rebalance_exit,6156.179386682814
2020-09-30,ODP,-0.1775222265110884,-0.1775222265110883,rebalance_exit,6156.179386682814
2020-09-30,IEC,-0.12394671423176573,-0.12038979920185644,rebalance_exit,6156.179386682814
2020-09-30,REPH,-0.5446000944386653,-0.5422854834957309,rebalance_exit,6156.179386682814
2020-09-30,STND,0.42055705883231,0.42055705883231,rebalance_exit,6156.179386682814
2020-09-30,GLG,0.31073743206879034,0.3304882163041929,rebalance_exit,6156.179386682814
2020-09-30,SCTL,-0.5445923538905173,-0.5422854834957309,rebalance_exit,6156.179386682814
2020-09-30,AAIC,-0.05517239362123738,-0.05270730377214328,rebalance_exit,6156.179386682814
2020-09-30,RESN,-0.05408331208348616,0.014449237929765824,rebalance_exit,6156.179386682814
2020-09-30,CALB,-0.24754282500813185,-0.24754282500813185,rebalance_exit,6156.179386682814
2020-09-30,CORRQ,-0.4032639373091499,-0.3915836325507076,rebalance_exit,6156.179386682814
2020-09-30,DTIID,-0.1684565949482122,-0.12,rebalance_exit,1440.8775
2020-09-30,AI_old1,-0.05345176558704523,-0.0516082691482076,rebalance_exit,6156.179386682814
2020-09-30,CKPT,0.34105780435388944,0.34105780435388966,rebalance_exit,5753.782944335938
2020-09-30,TROV,1.7785839837576423,1.7785839837576423,rebalance_exit,6156.179386682814
2020-09-30,PEGY,-0.2699658042203106,-0.2610456804623328,rebalance_exit,9.896100444793703
2020-09-30,KLR,0.8580273383995038,0.8647930269635751,rebalance_exit,6156.179386682814
2020-09-30,AGS,0.01229214479647478,0.01229214479647478,rebalance_exit,6156.179386682814
2020-12-31,MESA,0.967892919338069,0.967892919338069,rebalance_exit,4003.9872251783136
2020-12-31,IIN,0.5108772841096496,0.5207593687795016,rebalance_exit,4003.9872251783136
2020-12-31,NWIN,0.16489310437891724,0.16489310437891724,rebalance_exit,4003.9872251783136
2020-12-31,ZEUS,0.2844001269451586,0.2944683966843804,rebalance_exit,4003.9872251783136
2020-12-31,EVBN,0.15785021907128804,0.16223755506098647,rebalance_exit,4003.9872251783136
2020-12-31,FCCY,0.27662323822581847,0.27662323822581847,rebalance_exit,6156.179386682814
2020-12-31,MHLD,1.0080645083760866,1.0080645083760866,rebalance_exit,6156.179386682814
2020-12-31,BOCH,0.317485323749763,0.32385301640759967,rebalance_exit,6156.179386682814
2020-12-31,DTRCD,0.21748480090150935,0.25640751877665857,rebalance_exit,2251.820358886719
2020-12-31,CATB,-0.6676768773668782,-0.6671850818251536,rebalance_exit,6156.179386682814
2020-12-31,PRGX,0.622623247887687,0.6234043455490901,rebalance_exit,6156.179386682814
2020-12-31,ATXS,-0.6676004563483513,-0.6671850818251536,rebalance_exit,6156.179386682814
2020-12-31,LEVL,0.21214525997656475,0.2154503054390855,rebalance_exit,6156.179386682814
2020-12-31,SRRA,0.31573894172385053,0.32479340341131646,rebalance_exit,6156.179386682814
2020-12-31,WSTG,-0.24620453047415747,-0.24620453047415747,rebalance_exit,6156.179386682814
2020-12-31,SMED,0.31957322408664157,0.33507367917426834,rebalance_exit,6156.179386682814
2020-12-31,PTNT_old2,0.30203103744270154,0.3092188045323112,rebalance_exit,212.34518035888675
2020-12-31,CDTX,-0.3114099297084285,-0.30213649141739984,rebalance_exit,4059.6582836914067
2020-12-31,KSMTU,-0.17776040535563176,-0.17776040535563187,rebalance_exit,9178.235066181971
2020-12-31,PHAS,-0.08179670612375711,-0.06194126177268988,rebalance_exit,9178.235066181971
2020-12-31,CTAC_old,-0.05650869822328819,-0.05650869822328819,rebalance_exit,9178.235066181971
2020-12-31,GMGID,0.22473905804581173,0.22558731706719137,rebalance_exit,9178.235066181971
2020-12-31,LUMO,1.4728774520700028,1.5619989968756118,rebalance_exit,9178.235066181971
2020-12-31,GRTSQ,0.4416622121389919,0.46763423397262316,rebalance_exit,9178.235066181971
2020-12-31,INNT,-0.10510603477658775,-0.10510603477658775,rebalance_exit,9178.235066181971
2020-12-31,EVOK,-0.4732560460593396,-0.4590345954427474,rebalance_exit,862.303817138672
2020-12-31,KAYSD,-0.20375474415502648,-0.18752175402150972,rebalance_exit,265.03950073242186
2020-12-31,CMLS,0.6116460792406466,0.6238362109612878,rebalance_exit,9178.235066181971
2020-12-31,KIRK,1.0961089640883541,1.1153242127041936,rebalance_exit,9178.235066181971
2020-12-31,LPI,0.9645465923099616,0.9912749358440571,rebalance_exit,9178.235066181971
2020-12-31,QSAMD,1.4285714934472353,1.4285714934472353,rebalance_exit,204.30879959106448
2020-12-31,ELVT,0.5000830742117062,0.5308186325639668,rebalance_exit,9178.235066181971
2020-12-31,EVOA,-0.23529411764705876,-0.23529410362243652,rebalance_exit,9178.235066181971
2020-12-31,ALSK,0.8198763679857131,0.825525741448601,rebalance_exit,9178.235066181971
2020-12-31,QLGN,-0.4039234923736005,-0.39994344532758486,rebalance_exit,824.1177172851563
2020-12-31,GMGI,0.22473912138716012,0.22558738045241022,rebalance_exit,3233.47765625
2020-12-31,FRBK,0.42169022929322875,0.43274695903312543,rebalance_exit,9178.235066181971
2020-12-31,PTGEF,0.9609610211627875,0.9609609842300415,rebalance_exit,9178.235066181971
2020-12-31,GRTS,0.4416622121389919,0.46763423397262316,rebalance_exit,9178.235066181971
2020-12-31,LAZY,0.2618540402485814,0.2645087716092387,rebalance_exit,9178.235066181971
2020-12-31,SPI,0.08423915856691333,0.09583330154418945,rebalance_exit,9178.235066181971
2020-12-31,CHS,0.6055775160637775,0.6055775160637775,rebalance_exit,9178.235066181971
2020-12-31,MBCN,0.160229358688744,0.16681942428346086,rebalance_exit,9178.235066181971
2020-12-31,PRTG,0.9609608699128684,0.960960865020752,rebalance_exit,9178.235066181971
2020-12-31,ACND,0.026894416948679334,0.028393242009169484,rebalance_exit,9178.235066181971
2020-12-31,GV_old,0.6376550907506675,0.6376550907506675,rebalance_exit,9178.235066181971
2020-12-31,WMC,0.6495332497195345,0.6671018590871842,rebalance_exit,9178.235066181971
2020-12-31,PME,0.15476915519619872,0.1720332201790269,rebalance_exit,9178.235066181971
2020-12-31,VTLE,0.9644731744559261,0.9912749358440571,rebalance_exit,9178.235066181971
2020-12-31,GORV,0.2618540908646827,0.26450882233182793,rebalance_exit,5202.708237304688
2020-12-31,SNWVD,-0.16241815006730664,-0.14489002323199018,rebalance_exit,11.737915172576905
2020-12-31,LSYN,0.3500321756796385,0.4275051862839949,rebalance_exit,5108.15798828125
2020-12-31,VVPR,-0.023263543133780984,-0.013997716875526534,rebalance_exit,9178.235066181971
2020-12-31,ESCU,0.0,0.0,rebalance_exit,9178.235066181971
2021-03-31,ENZ,0.30796478802280824,0.30796478802280824,rebalance_exit,4925.648833072068
2021-03-31,DBCP,0.11122759280303662,0.11122759280303662,rebalance_exit,4003.9872251783136
2021-03-31,FNCB,0.29720998510332564,0.3277309103678001,rebalance_exit,6156.179386682814
2021-03-31,AERO_old,-0.7244288987926539,-0.7244288987926539,rebalance_exit,6156.179386682814
2021-03-31,BFIN,0.2735365220072965,0.2735365220072965,rebalance_exit,6156.179386682814
2021-03-31,ICBK,0.2863086382272808,0.28630863822728103,rebalance_exit,9178.235066181971
2021-03-31,PIRS,0.19281767631413982,0.20308526817923256,rebalance_exit,1460.5394531250001
2021-03-31,ADMS,0.12361804358959216,0.14782890732443077,rebalance_exit,9178.235066181971
2021-03-31,SMTX,0.6467952908218402,0.64679529082184,rebalance_exit,9178.235066181971
2021-03-31,PIHPP,0.029116993459415097,0.029116993459415097,rebalance_exit,9178.235066181971
2021-03-31,NWGI,-0.1637042160644141,-0.1637042160644141,rebalance_exit,7369.072080899283
2021-03-31,OCG_old,0.11224483738636803,0.11224483738636803,rebalance_exit,7369.072080899283
2021-03-31,GTXOD,1.5303926461311246,1.5303926461311246,rebalance_exit,2952.9595147705077
2021-03-31,BFGCD,0.10271689023327868,0.11616162467569646,rebalance_exit,6157.634741210938
2021-03-31,SIOX,-0.07738565467644554,-0.07738565467644543,rebalance_exit,7369.072080899283
2021-03-31,KSHB,0.4944220523389702,0.5375000009313227,rebalance_exit,7369.072080899283
2021-03-31,RENB,0.17326848110496296,0.17857245362854823,rebalance_exit,3343.9991552734377
2021-03-31,HTBX,0.358208960535054,0.358208960535054,rebalance_exit,7369.072080899283
2021-03-31,MNTX,0.5050097564567413,0.5050097564567415,rebalance_exit,7369.072080899283
2021-03-31,MVEN,0.49741634137099533,0.5095324727296837,rebalance_exit,1246.6440692138674
2021-03-31,RNET,0.4526538961076363,0.45830832208628824,rebalance_exit,7369.072080899283
2021-03-31,GLG,0.20688384722398268,0.22356035810613162,rebalance_exit,7369.072080899283
2021-03-31,COOLU,-0.03825231469275303,-0.036536090419652,rebalance_exit,7369.072080899283
2021-03-31,VACQW,0.8499259104806833,0.85494159840681,rebalance_exit,7369.072080899283
2021-03-31,BAYK,0.06901694198033126,0.06901694198033126,rebalance_exit,7369.072080899283
2021-03-31,PFSW,-0.00729936210581017,-0.00729936210581017,rebalance_exit,7369.072080899283
2021-03-31,SSUP,0.3281347037721736,0.36181455603820045,rebalance_exit,7369.072080899283
2021-03-31,CFRX,-0.052154764259258024,-0.052154764259258024,rebalance_exit,7369.072080899283
2021-03-31,NGACW,0.17969068707700875,0.19811876825107344,rebalance_exit,7369.072080899283
2021-03-31,EMAN,1.2058911468404023,1.2058911468404019,rebalance_exit,7369.072080899283
2021-03-31,CDR,0.42709042613316095,0.46116055687126023,rebalance_exit,7369.072080899283
2021-03-31,SUNW,1.8048341468126923,1.8048341468126923,rebalance_exit,7369.072080899283
2021-03-31,CRSAW,-0.27136735218186947,-0.2560676518780184,rebalance_exit,3583.351489257813
2021-03-31,ACRX,0.3604097242998685,0.3604097242998685,rebalance_exit,7369.072080899283
2021-03-31,BYU,0.20688384722398245,0.22356035810613162,rebalance_exit,956.5407965087891
2021-03-31,AUG,-0.031332422446256114,-0.031332422446256,rebalance_exit,7369.072080899283
2021-03-31,GBOKD,0.185733828590126,0.18573382859012577,rebalance_exit,7369.072080899283
2021-03-31,SUP,0.3281347037721736,0.36181455603820045,rebalance_exit,7369.072080899283
2021-03-31,XSPA,0.48908608943484166,0.48908608943484144,rebalance_exit,7369.072080899283
2021-03-31,GLFW,0.40298505763111003,0.40298505763111003,rebalance_exit,7369.072080899283
2021-03-31,FFNW,0.2484651856292186,0.24846518562921838,rebalance_exit,7369.072080899283
2021-03-31,RIF,0.03173704941987454,0.03173704941987476,rebalance_exit,7369.072080899283
2021-03-31,TRCH,1.6142858201143708,1.6142858201143713,rebalance_exit,7369.072080899283
2021-03-31,GEHI,0.5796982329256428,0.5887100952639948,rebalance_exit,931.0325024414062
2021-03-31,CYAD,-0.10725245694338403,-0.10558580508057802,rebalance_exit,7369.072080899283
2021-03-31,RWBYF,0.8076228394739939,0.8989904099098751,rebalance_exit,7369.072080899283
2021-03-31,HIL,0.6666667287548398,0.6666667287548398,rebalance_exit,7369.072080899283
2021-03-31,HYRE,0.3392853818682515,0.36344031189742276,rebalance_exit,7369.072080899283
2021-03-31,WETHD,0.19402985074626855,0.19402985074626855,rebalance_exit,7369.072080899283
2021-03-31,INFIQ,0.4879123933408478,0.49476727647928853,rebalance_exit,7369.072080899283
2021-03-31,PBTS,0.26417815937158107,0.26417815937158107,rebalance_exit,7369.072080899283
2021-03-31,PBPB,0.332493695990832,0.3431817543900717,rebalance_exit,7369.072080899283
2021-03-31,MLVF,0.19912078816240308,0.20017305618609815,rebalance_exit,7369.072080899283
2021-03-31,AXGT,-0.0950602428475702,-0.0950602428475702,rebalance_exit,7369.072080899283
2021-03-31,SCPXD,0.35820895522388074,0.3582089552238805,rebalance_exit,7369.072080899283
2021-03-31,BASI,0.6104822387755238,0.6260162349481313,rebalance_exit,7369.072080899283
2021-03-31,JAX,0.3161935028129945,0.3164459082385367,rebalance_exit,7369.072080899283
2021-03-31,WINS,-0.3433578105497932,-0.3433578105497932,rebalance_exit,916.5635656738282
2021-03-31,BOMH,-0.5871083835161385,-0.5605263215683174,rebalance_exit,1850.3542022705078
2021-03-31,INFI,0.4879123933408478,0.49476727647928853,rebalance_exit,7369.072080899283
2021-03-31,CYADY,-0.10725245694338403,-0.10558580508057802,rebalance_exit,7369.072080899283
2021-03-31,CALB,0.14083806356663464,0.14460147722676675,rebalance_exit,7369.072080899283
2021-03-31,YGMZ,-0.54822832465327,-0.54822832465327,rebalance_exit,7369.072080899283
2021-03-31,MDTR,1.000490228020305,1.000490228020305,rebalance_exit,7369.072080899283
2021-03-31,XTKG,0.2641657723769224,0.2641657723769224,rebalance_exit,7369.072080899283
2021-03-31,GWHP,-0.18067370689203932,-0.16376095544724845,rebalance_exit,7369.072080899283
2021-03-31,NRBO,-0.1783546103143634,-0.16190476190476188,rebalance_exit,85.25025039672852
2021-03-31,CURIW,0.8353724236732929,0.8353724236732929,rebalance_exit,7369.072080899283
2021-03-31,NOTV,0.6104822387755238,0.6260162349481313,rebalance_exit,7369.072080899283
2021-03-31,OBSV,0.5625000573121604,0.5625000573121606,rebalance_exit,7369.072080899283
2021-03-31,METX,0.1609015195999537,0.16090151959995347,rebalance_exit,7369.072080899283
2021-06-30,PTRS,0.4083485333424086,0.41412402849076346,rebalance_exit,4003.9872251783136
2021-06-30,LPTX,-0.21721198964678357,-0.21531100871457565,rebalance_exit,6156.179386682814
2021-06-30,LMNL,-0.0799919896062884,-0.07380948747907368,rebalance_exit,7369.072080899283
2021-06-30,CGRN,-0.4775002592134341,-0.477500259213434,rebalance_exit,7369.072080899283
2021-06-30,EVLVU,0.027774975924725664,0.027774975924725664,rebalance_exit,7369.072080899283
2021-06-30,FSRVW,0.09703392979575165,0.09703392979575165,rebalance_exit,7369.072080899283
2021-06-30,MN,0.2463683545902322,0.2463683545902322,rebalance_exit,7369.072080899283
2021-06-30,ADES,0.3237810385154394,0.3323576448642016,rebalance_exit,7369.072080899283
2021-06-30,GLOP,0.3375152628644409,0.361780045076304,rebalance_exit,7369.072080899283
2021-06-30,CFIVU,-0.028806114782855996,-0.028806114782855996,rebalance_exit,7369.072080899283
2021-06-30,QUMU,-0.6395494121474956,-0.6395494121474956,rebalance_exit,7369.072080899283
2021-06-30,GDP,0.4715098436212337,0.4796828621797913,rebalance_exit,7369.072080899283
2021-06-30,IQSTD,-0.28269895613638374,-0.2691489186854634,rebalance_exit,3551.6667675781255
2021-06-30,CCNC,-0.4169513101296789,-0.4169513101296789,rebalance_exit,8393.625648035475
2021-06-30,ACTCU,0.0653266919260973,0.0653266919260973,rebalance_exit,8393.625648035475
2021-06-30,HBP,0.5599630582742678,0.5792349929676293,rebalance_exit,8393.625648035475
2021-06-30,AUGX,0.16999998092651358,0.16999995708465576,rebalance_exit,8393.625648035475
2021-06-30,CYTR,-0.6561463424361123,-0.6515679303571826,rebalance_exit,8393.625648035475
2021-06-30,GRAY,-0.08739896077646736,-0.042632725483003564,rebalance_exit,8393.625648035475
2021-06-30,RGLS,-0.47878209190412446,-0.47878209190412446,rebalance_exit,8393.625648035475
2021-06-30,FWBI,-0.39210446504440677,-0.3880597948196267,rebalance_exit,8393.625648035475
2021-06-30,VERO,0.2802871602397097,0.29855189525626025,rebalance_exit,628.7730004882814
2021-06-30,SNPXD,0.08632477810171424,0.08632477810171424,rebalance_exit,7133.140024414062
2021-06-30,PEGY,0.1904810625425737,0.20469808588582938,rebalance_exit,59.35826625823975
2021-06-30,AZRX,-0.39210446504440677,-0.3880597948196267,rebalance_exit,8393.625648035475
2021-06-30,PFMT,0.6796590609825521,0.6796590609825521,rebalance_exit,8393.625648035475
2021-06-30,NSTB-UN,0.02549021899448123,0.02549021899448123,rebalance_exit,8393.625648035475
2021-06-30,TRIRW,-0.03636360221001034,-0.036363602210010226,rebalance_exit,8393.625648035475
2021-06-30,PHLT,0.6796590609825521,0.6796590609825521,rebalance_exit,8393.625648035475
2021-06-30,RYB,0.14692944292833676,0.14692944292833654,rebalance_exit,8393.625648035475
2021-06-30,NTBL,0.17740523841939004,0.17740523841939004,rebalance_exit,1967.6070336914063
2021-06-30,VBLT,0.17740523841939027,0.17740523841939004,rebalance_exit,8393.625648035475
2021-06-30,AACQW,0.34788990029087175,0.34788990029087197,rebalance_exit,8393.625648035475
2021-06-30,RWLK,-0.3081519652749113,-0.3016529190821442,rebalance_exit,8393.625648035475
2021-06-30,ADNWW,-0.2919276325977236,-0.2739130470838349,rebalance_exit,8393.625648035475
2021-06-30,GIGU,0.00836164577062104,0.008361645770621262,rebalance_exit,8393.625648035475
2021-06-30,TRITW,-0.03636360221001034,-0.036363602210010226,rebalance_exit,8393.625648035475
2021-06-30,EXTN,0.38755647767661716,0.39778680071078654,rebalance_exit,8393.625648035475
2021-06-30,OBELF,1.3586206647076882,1.3586206647076882,rebalance_exit,8393.625648035475
2021-06-30,THMAW,0.5570545946633201,0.5577894449234009,rebalance_exit,8393.625648035475
2021-06-30,CCRC,0.06567385681047755,0.06567385681047755,rebalance_exit,8393.625648035475
2021-06-30,APGB-UN,0.00153272529284032,0.001871076751701617,rebalance_exit,8393.625648035475
2021-06-30,DTRCD,1.318399141317788,1.325039900309135,rebalance_exit,2480.166085205078
2021-06-30,NUGX,-0.3516345838185786,-0.3516345838185786,rebalance_exit,8393.625648035475
2021-06-30,ACTC,-0.052572632596739055,-0.052572632596739055,rebalance_exit,8393.625648035475
2021-06-30,PTRAQ,-0.04802993296917535,-0.043064797905842056,rebalance_exit,8393.625648035475
2021-06-30,ENTO,-0.3917880909364787,-0.3880597014925373,rebalance_exit,6.6376749134063715
2021-06-30,ALLM,-0.34565024589476456,-0.34565024589476456,rebalance_exit,8393.625648035475
2021-06-30,WLLAW,0.8475708246629265,0.8475708246629265,rebalance_exit,4957.804997558594
2021-06-30,SLBG,0.07732521519419433,0.07837836705828538,rebalance_exit,8393.625648035475
2021-06-30,CFIV,-0.012345293458276174,-0.010853220778006767,rebalance_exit,8393.625648035475
2021-06-30,PAVMW,0.4502019513831155,0.4507042288993044,rebalance_exit,8393.625648035475
2021-06-30,SLNO,-0.11824089643524283,-0.10211662646560749,rebalance_exit,8393.625648035475
2021-06-30,NSTB,-0.004379441190789368,-0.003999996185302779,rebalance_exit,8393.625648035475
2021-06-30,HEC,-0.10826132068791272,-0.10826132068791272,rebalance_exit,8393.625648035475
2021-06-30,THCBU,0.08093848269011117,0.08093845844268799,rebalance_exit,8393.625648035475
2021-06-30,MBCN,0.11915435673518826,0.1316035502994397,rebalance_exit,8393.625648035475
2021-06-30,TGA,0.21001519686959624,0.219586038095813,rebalance_exit,8393.625648035475
2021-06-30,INPX,-0.025000000000000022,-0.025000000000000022,rebalance_exit,8393.625648035475
2021-06-30,WLLBW,0.8559610406033984,0.9037233210360278,rebalance_exit,2636.654975585938
2021-06-30,STMHD,-0.44995411185346057,-0.4407510487773577,rebalance_exit,209.2853375244141
2021-06-30,MATN,-0.22222224981696415,-0.22222224981696403,rebalance_exit,4795.285424804688
2021-06-30,MMMB,-0.16894736096780116,-0.16697204822437195,rebalance_exit,8393.625648035475
2021-06-30,LADXD,-0.656446705408823,-0.6519163709899689,rebalance_exit,326.51391906738286
2021-09-30,RMRM,0.004814260845966034,0.014441545772816866,rebalance_exit,7369.072080899283
2021-09-30,MINM,-0.493539219227235,-0.48810877213461223,rebalance_exit,7369.072080899283
2021-09-30,OBCI,-0.2912032903261542,-0.2892444739827965,rebalance_exit,7369.072080899283
2021-09-30,AIMI,-0.12292978345589223,-0.11013182039952107,rebalance_exit,2461.9551904296877
2021-09-30,ACST,-0.5835249572640413,-0.5833333222954359,rebalance_exit,8393.625648035475
2021-09-30,ARAV,-0.44912353408909667,-0.4355083547077936,rebalance_exit,8393.625648035475
2021-09-30,ISUN,-0.387332704454046,-0.37827715355805247,rebalance_exit,8393.625648035475
2021-09-30,CSCW,-0.6921348171934842,-0.6921348171934842,rebalance_exit,8393.625648035475
2021-09-30,AFI,-0.3719745213665536,-0.35991815952943484,rebalance_exit,8393.625648035475
2021-09-30,ENG,-0.4699804937605786,-0.40929201602637033,rebalance_exit,8393.625648035475
2021-09-30,BIOL,-0.2656996632533606,-0.2548943991939875,rebalance_exit,263.71300109863284
2021-09-30,ENGCQ,-0.4699804937605786,-0.40929201602637033,rebalance_exit,8393.625648035475
2021-09-30,AVCT,-0.5119187035204668,-0.509621886843524,rebalance_exit,8393.625648035475
2021-09-30,ENGC,-0.4699804937605786,-0.40929201602637033,rebalance_exit,8393.625648035475
2021-09-30,ADD,-0.6921348314606741,-0.6921348314606741,rebalance_exit,62.47177842617035
2021-09-30,IEC,0.27242522785410217,0.27325581165090607,rebalance_exit,8393.625648035475
2021-09-30,OBLG,-0.5808784620268039,-0.5783132530120482,rebalance_exit,202.9488916015625
2021-09-30,ZSANQ,-0.4193548415450403,-0.4193548415450402,rebalance_exit,8393.625648035475
2021-09-30,ZSAN,-0.41959677596565015,-0.41959677596565015,rebalance_exit,8393.625648035475
2021-09-30,VRTYD,-0.2668277401885061,-0.2668277401885061,rebalance_exit,12762.075261813865
2021-09-30,MRIN,-0.23532267453044486,-0.1947180602651798,rebalance_exit,12762.075261813865
2021-09-30,ONCS,-0.25371198271610285,-0.2419928689473151,rebalance_exit,12762.075261813865
2021-09-30,AVGR,-0.41413583987506464,-0.41413583987506464,rebalance_exit,1208.538125
2021-09-30,DTEA,-0.43681665189621566,-0.4314467494952462,rebalance_exit,12762.075261813865
2021-09-30,VIHDD,0.10673936605479306,0.10673940181732178,rebalance_exit,12762.075261813865
2021-09-30,CMPI,-0.3466331713138395,-0.3413578805576395,rebalance_exit,12762.075261813865
2021-09-30,LXAM,0.47058819404522967,0.47058819404522967,rebalance_exit,12762.075261813865
2021-09-30,PSAC,-0.11901130805252846,-0.11901130805252846,rebalance_exit,12762.075261813865
2021-09-30,CSU,-0.2537924037868964,-0.24640142259482922,rebalance_exit,12762.075261813865
2021-09-30,VRTY,-0.2668277401885061,-0.2668277401885061,rebalance_exit,12762.075261813865
2021-09-30,VYNT,-0.3843022786825352,-0.38168554304887503,rebalance_exit,12762.075261813865
2021-09-30,VIHD,0.10673936605479306,0.10673940181732178,rebalance_exit,12762.075261813865
2021-09-30,ETTX,0.22083322789387183,0.2509362616967974,rebalance_exit,12762.075261813865
2021-09-30,MTCR,-0.1287331192770501,-0.09736839215841286,rebalance_exit,12762.075261813865
2021-09-30,ISDR,-0.046703043836184066,-0.041601624146324956,rebalance_exit,12762.075261813865
2021-09-30,RDGC,0.030437784279433888,0.030437784279433888,rebalance_exit,12762.075261813865
2021-09-30,SCTL,-0.1448480535087704,-0.1362407975787132,rebalance_exit,12762.075261813865
2021-09-30,VENGD,0.10673924443595717,0.10673928260803223,rebalance_exit,12762.075261813865
2021-09-30,FATBW,-0.34552741822735533,-0.34552741822735533,rebalance_exit,7690.050136718751
2021-09-30,IPA,0.026200604516958492,0.03322255978385491,rebalance_exit,12762.075261813865
2021-09-30,ARHHD,2.518535976845451,2.588095328380736,rebalance_exit,8743.911015625
2021-09-30,KNWND,-0.33508468867452323,-0.32543286400871296,rebalance_exit,636.8217626953125
2021-09-30,ASLEW,1.0815005457822213,1.1050492230308606,rebalance_exit,12116.984448242189
2021-09-30,EMPR,0.14016289967299622,0.1516853849810491,rebalance_exit,1217.8675024414063
2021-09-30,ARHH,2.518535976845451,2.588095328380736,rebalance_exit,8743.911015625
2021-09-30,BNMV,-0.13078270349877918,-0.10865872823906231,rebalance_exit,1121.2455529785157
2021-09-30,KNW,-0.33508468867452323,-0.32543286400871296,rebalance_exit,636.8217626953125
2021-09-30,THCB,-0.41699077108118277,-0.41699077108118277,rebalance_exit,12762.075261813865
2021-09-30,TRKAQ,-0.5851026234598349,-0.5810807624154263,rebalance_exit,8750.650864257812
2021-09-30,IONM,2.518536014980971,2.588095367270172,rebalance_exit,8743.089540405274
2021-09-30,ROI,-0.13078270349877918,-0.10865872823906231,rebalance_exit,1121.2902465820314
2021-09-30,REPH,-0.14479367177411973,-0.13618586848226333,rebalance_exit,12762.075261813865
2021-09-30,FFIE,-0.40119062522779225,-0.3973526707693358,rebalance_exit,147.0343019104004
2021-09-30,METX,-0.6293280933222356,-0.6293280933222356,rebalance_exit,12762.075261813865
2021-09-30,HMNF,0.08767161941089219,0.08767161941089197,rebalance_exit,12762.075261813865
2021-12-31,MTBC,-0.23763568145437064,-0.23763568145437064,rebalance_exit,6156.179386682814
2021-12-31,RNDB,0.07677325820303471,0.07677325820303471,rebalance_exit,7369.072080899283
2021-12-31,HPKER,-0.5071428504525397,-0.5071428418159485,rebalance_exit,8393.625648035475
2021-12-31,CDTX,-0.53091744358186,-0.5225564049949301,rebalance_exit,7565.971289062501
2021-12-31,MKTY,-0.1597090300654922,-0.1597090300654922,rebalance_exit,8393.625648035475
2021-12-31,ELVT,-0.009340084527163395,0.0044329667082534385,rebalance_exit,8393.625648035475
2021-12-31,LUB,-0.1350205010319382,-0.1350205010319382,rebalance_exit,8393.625648035475
2021-12-31,WSTG,0.41440386680779584,0.4191371292382404,rebalance_exit,8393.625648035475
2021-12-31,YMTX,-0.7572349817784444,-0.7492875691105965,rebalance_exit,12762.075261813865
2021-12-31,LONE,0.5609756097560976,0.5609755516052246,rebalance_exit,12762.075261813865
2021-12-31,CLDB,0.09314908474307182,0.0931490847430716,rebalance_exit,12762.075261813865
2021-12-31,GLYC,-0.38326243794015946,-0.37931030230346263,rebalance_exit,12762.075261813865
2021-12-31,NTWN,0.3238209246678434,0.3238209246678434,rebalance_exit,12762.075261813865
2021-12-31,APGTQ,0.47849411624409743,0.4784941162440972,rebalance_exit,12762.075261813865
2021-12-31,GFED,0.34691592924599246,0.34691592924599246,rebalance_exit,12762.075261813865
2021-12-31,APGT,0.47849411624409743,0.4784941162440972,rebalance_exit,12762.075261813865
2021-12-31,LBPH,-0.4776099105105943,-0.46588257147359646,rebalance_exit,12762.075261813865
2021-12-31,PHX,-0.42359468081178686,-0.4122440779903923,rebalance_exit,12762.075261813865
2021-12-31,SYNL,0.48712101786606077,0.48712101786606077,rebalance_exit,10769.933368927243
2021-12-31,NGAB-U,0.02033590367428384,0.02033590367428384,rebalance_exit,10769.933368927243
2021-12-31,NGAB,-0.11379660326765495,-0.11379660326765495,rebalance_exit,10769.933368927243
2021-12-31,ARC,0.17258561647813142,0.17258561647813142,rebalance_exit,10769.933368927243
2021-12-31,MVEN,0.6689409824499639,0.6790609252141149,rebalance_exit,10769.933368927243
2021-12-31,AXLA,-0.3141546092094123,-0.30282805284430303,rebalance_exit,10769.933368927243
2021-12-31,WBBA,0.06717046187945108,0.06717046187945108,rebalance_exit,31.35080680847168
2021-12-31,OPGN,-0.6654297020705164,-0.6606567981207716,rebalance_exit,2603.835131835938
2021-12-31,CRXT,-0.5528831037942178,-0.5528831037942177,rebalance_exit,10769.933368927243
2021-12-31,GCEHQ,0.39384653573355277,0.4077036376267362,rebalance_exit,6438.624443359375
2021-12-31,ACRX,-0.4507842802680573,-0.4507842802680573,rebalance_exit,10769.933368927243
2021-12-31,VWEWQ,0.3197360376034857,0.3197360376034857,rebalance_exit,10769.933368927243
2021-12-31,LPTV,-0.10895753119085816,-0.08159517031302588,rebalance_exit,10769.933368927243
2021-12-31,WBBAD,0.06717046187945108,0.06717046187945108,rebalance_exit,31.35080680847168
2021-12-31,LCI,-0.46104252712300664,-0.45999999841054284,rebalance_exit,10769.933368927243
2021-12-31,BSPOW,0.3197360376034857,0.3197360376034857,rebalance_exit,10769.933368927243
2021-12-31,ATXS,-0.4069597525003117,-0.39027151884067723,rebalance_exit,10769.933368927243
2021-12-31,OPNT,0.2762149820616562,0.29349810102296736,rebalance_exit,10769.933368927243
2021-12-31,LPTVD,-0.10895753119085816,-0.08159517031302588,rebalance_exit,10769.933368927243
2021-12-31,BTTR,-0.1698149631554533,-0.12937995589875217,rebalance_exit,1511.8468481445314
2021-12-31,WLMS,-0.3094933364709146,-0.302620171804308,rebalance_exit,10769.933368927243
2021-12-31,SLGG,-0.2707038548281506,-0.25317001553423213,rebalance_exit,10769.933368927243
2021-12-31,AYRO,-0.5531573267273231,-0.5388266402321902,rebalance_exit,1797.7149707031251
2021-12-31,WLMSQ,-0.3119496589066243,-0.3119496589066242,rebalance_exit,10769.933368927243
2021-12-31,ALF_old,-0.6493902481130587,-0.6493902481130587,rebalance_exit,10769.933368927243
2021-12-31,CATB,-0.20022623873013745,-0.20022623873013734,rebalance_exit,10769.933368927243
2021-12-31,NBSE,-0.22946724308120636,-0.22946724308120647,rebalance_exit,2319.616433105469
2021-12-31,EVFMD,-0.5014719931236724,-0.5009409174182367,rebalance_exit,105.81159637451172
2021-12-31,GCEH,0.39384653573355277,0.4077036376267362,rebalance_exit,6438.624443359375
2021-12-31,GSMG,-0.30117229702055126,-0.29634701574439215,rebalance_exit,10769.933368927243
2021-12-31,TKLSD,0.1266667048136394,0.12666666507720947,rebalance_exit,10769.933368927243
2021-12-31,LBPSW,-0.23389382037533069,-0.23014174634349793,rebalance_exit,1722.8777872085573
2021-12-31,EMBK,-0.1426733013921323,-0.12588116430857177,rebalance_exit,1598.0041918945315
2021-12-31,ARCH_old,-0.2984908417059463,-0.29426418355893014,rebalance_exit,10769.933368927243
2021-12-31,ECRD,-0.09663785145698123,-0.09663785145698145,rebalance_exit,10769.933368927243
2021-12-31,EZFL,-0.6815156243577288,-0.6757254019165162,rebalance_exit,10769.933368927243
2021-12-31,CTG,0.2441158730642068,0.2441158730642068,rebalance_exit,10769.933368927243
2021-12-31,WEJO,-0.30978806681070903,-0.30978806681070903,rebalance_exit,10769.933368927243
2021-12-31,RGBPD,-0.5390073954975416,-0.5390073954975416,rebalance_exit,179.7548861694336
2021-12-31,INPX,-0.2907709169740339,-0.280544771795203,rebalance_exit,10769.933368927243
2021-12-31,CDOR,0.14654063261342687,0.14654063261342687,rebalance_exit,10769.933368927243
2021-12-31,VVPR,-0.47646031215351403,-0.4610146845806269,rebalance_exit,10769.933368927243
2022-03-31,PCTI,-0.26792989541309276,-0.25991687140823583,rebalance_exit,4003.9872251783136
2022-03-31,AGFS,-0.16512114513807608,-0.1629955981838176,rebalance_exit,7369.072080899283
2022-03-31,EYEN,-0.41834471451587474,-0.41134255492150773,rebalance_exit,802.1232958984375
2022-03-31,IMBI,-0.23190031344461925,-0.2306999745378785,rebalance_exit,8393.625648035475
2022-03-31,IMBIQ,-0.23190031344461925,-0.2306999745378785,rebalance_exit,8393.625648035475
2022-03-31,IVAC,0.08972508092201714,0.10272262471509275,rebalance_exit,10769.933368927243
2022-03-31,UNRV,-0.3660802372233569,-0.3389550526557601,rebalance_exit,148.15019989013672
2022-03-31,HIL,-0.22572962104462357,-0.2230148664984999,rebalance_exit,10769.933368927243
2022-03-31,FCRD,0.028093453189535378,0.032585620888473166,rebalance_exit,10769.933368927243
2022-03-31,IQSTD,-0.2936594705820439,-0.29051329567092843,rebalance_exit,1092.1231976318359
2022-03-31,TLMD,1.262935468844777,1.2675211172341485,rebalance_exit,9830.613325254557
2022-03-31,VRAR,-0.37893572927072716,-0.35850772278556153,rebalance_exit,9830.613325254557
2022-03-31,MICT,-0.2636144731283224,-0.26361447312832254,rebalance_exit,9830.613325254557
2022-03-31,TLIS,-0.6554702336489115,-0.6554702336489115,rebalance_exit,5870.794521484375
2022-03-31,AMPED,-0.19325142932943407,-0.19172758310569882,rebalance_exit,9830.613325254557
2022-03-31,MNTX,0.1446540970095187,0.14465409700951892,rebalance_exit,9830.613325254557
2022-03-31,FHSEY,-0.07612281041561508,-0.0761228104156152,rebalance_exit,9830.613325254557
2022-03-31,OPTN,0.5210922240357043,0.5246913744982613,rebalance_exit,4527.770761718751
2022-03-31,RCOR,-0.449970477543288,-0.449970477543288,rebalance_exit,9830.613325254557
2022-03-31,VERO,-0.1705231068054911,-0.15904396866026727,rebalance_exit,509.25676086425784
2022-03-31,ENVIW,-0.49543619736275535,-0.49543619736275535,rebalance_exit,2453.764944152832
2022-03-31,ONCR,-0.6688606950726519,-0.6688606950726519,rebalance_exit,9830.613325254557
2022-03-31,DS,0.03922078326159273,0.05584013898541862,rebalance_exit,9830.613325254557
2022-03-31,BFI,-0.2797476086478423,-0.2756731965446648,rebalance_exit,9830.613325254557
2022-03-31,BFICQ,-0.27978349788195045,-0.2757271919957379,rebalance_exit,9830.613325254557
2022-03-31,FRPRF,-0.3188405790841772,-0.31884056329727173,rebalance_exit,9830.613325254557
2022-03-31,ETTX,-0.16382109216134078,-0.15501988590527116,rebalance_exit,9830.613325254557
2022-03-31,DGHI,-0.32709596163049237,-0.29021257901681174,rebalance_exit,9830.613325254557
2022-03-31,VIEWW,-0.49039214013402865,-0.49039214013402865,rebalance_exit,1747.3762353515624
2022-03-31,DBTX,-0.3555031827351809,-0.3462365807515507,rebalance_exit,9830.613325254557
2022-03-31,ZYNE,-0.29392125516905077,-0.29392125516905065,rebalance_exit,9830.613325254557
2022-03-31,GNTW,0.05794028925536798,0.05794028925536798,rebalance_exit,9830.613325254557
2022-03-31,GEHI,-0.5413587010559859,-0.5372739312594081,rebalance_exit,281.96035247802735
2022-03-31,KLR,-0.4043824510895879,-0.4043824510895878,rebalance_exit,9830.613325254557
2022-03-31,HYRE,-0.5004526526551951,-0.4984254441750523,rebalance_exit,9830.613325254557
2022-03-31,FATBW,-0.33353079137879527,-0.33353079137879527,rebalance_exit,9830.613325254557
2022-03-31,PHAS,-0.49912208843971395,-0.49912208843971395,rebalance_exit,9830.613325254557
2022-03-31,TYME,-0.4385568605804885,-0.4259279572938752,rebalance_exit,9830.613325254557
2022-03-31,BHSE,0.008719890080100878,0.009000015258789018,rebalance_exit,9830.613325254557
2022-03-31,BTTX,-0.5840949373441643,-0.5741935530181894,rebalance_exit,9830.613325254557
2022-03-31,ACRDF,0.17521371832025756,0.17521371832025756,rebalance_exit,9830.613325254557
2022-03-31,RVI_old,-0.036939951978171015,-0.02901174058189282,rebalance_exit,9830.613325254557
2022-03-31,NRXPW,-0.5188648698282903,-0.5188648698282903,rebalance_exit,4852.84306640625
2022-03-31,DSHK,0.03922077088549125,0.05584012641139724,rebalance_exit,2655.5808593750003
2022-03-31,HSSHD,-0.15208027267379776,-0.15208027267379776,rebalance_exit,9830.613325254557
2022-03-31,FHS,-0.07611395790104847,-0.07611395790104847,rebalance_exit,9830.613325254557
2022-03-31,WTRH,-0.5,-0.5,rebalance_exit,9830.613325254557
2022-03-31,RESN,1.568269530907099,1.568269530907099,rebalance_exit,9830.613325254557
2022-03-31,SCPH,0.12039547620155222,0.12837889199792296,rebalance_exit,9830.613325254557
2022-03-31,ELEV,-0.5813953506792751,-0.5813953506792751,rebalance_exit,9830.613325254557
2022-03-31,ONCT,-0.40823294177328284,-0.40410318929028677,rebalance_exit,7611.867968750001
2022-03-31,TIO,-0.2636144731283224,-0.26361447312832254,rebalance_exit,9830.613325254557
2022-03-31,VERY,-0.10552888202481159,-0.10552888202481159,rebalance_exit,1956.519501953125
2022-03-31,MBII,0.42790194910882207,0.4484663172861354,rebalance_exit,9830.613325254557
2022-03-31,CNCG_old,-0.38339574144069366,-0.379966656366984,rebalance_exit,9830.613325254557
2022-03-31,OTRK,-0.646796954105956,-0.646796954105956,rebalance_exit,4170.06537109375
2022-03-31,VEV,-0.3202037010938863,-0.31980118310354866,rebalance_exit,9830.613325254557
2022-03-31,NH,-0.30861607566742144,-0.3001053105284316,rebalance_exit,9830.613325254557
2022-03-31,LEJU,-0.2800359444941354,-0.2588784337219392,rebalance_exit,5376.902314453126
2022-03-31,FLGC,0.06259249301419745,0.07728937396980995,rebalance_exit,181.10939849853517
2022-03-31,VIRX,0.24712126918679322,0.26070548367278756,rebalance_exit,9830.613325254557
2022-03-31,HMNF,0.010526359748495695,0.010526359748495473,rebalance_exit,4370.789079589844
2022-06-30,LJPC,-0.18829516462256624,-0.18829516462256612,rebalance_exit,4925.648833072068
2022-06-30,OPOF,0.1043883674372521,0.1043883674372521,rebalance_exit,7491.209157714845
2022-06-30,PCYG,-0.29284773568499134,-0.2867537245047773,rebalance_exit,8393.625648035475
2022-06-30,BMTX,-0.3536365023446102,-0.3444257726070471,rebalance_exit,10769.933368927243
2022-06-30,PTNT_old2,-0.384355593182358,-0.36966562459779984,rebalance_exit,40.43754524230957
2022-06-30,ADES,-0.2817364981431869,-0.274294297574198,rebalance_exit,10769.933368927243
2022-06-30,LNKB,-0.2917075128621852,-0.29135684884175106,rebalance_exit,10769.933368927243
2022-06-30,NYMX,-0.6726776859186014,-0.6653846012770066,rebalance_exit,9830.613325254557
2022-06-30,AUGX,-0.4373535484510699,-0.4373535484510698,rebalance_exit,9830.613325254557
2022-06-30,CMPOW,-0.5228625747787392,-0.5228625747787392,rebalance_exit,3489.2580310058593
2022-06-30,GECCN,-0.010039831974569813,-0.004152466692310064,rebalance_exit,5860.947147216797
2022-06-30,GRAMF,-0.5661352696707879,-0.5450204414969958,rebalance_exit,9830.613325254557
2022-06-30,ISDR,-0.15693748262715002,-0.15306430396453374,rebalance_exit,9830.613325254557
2022-06-30,SMED,-0.6024649168223549,-0.592194475917438,rebalance_exit,9830.613325254557
2022-06-30,IMV,-0.48356964877078246,-0.4759771218134402,rebalance_exit,9830.613325254557
2022-06-30,APTO,-0.46817163299915165,-0.46817163299915165,rebalance_exit,9830.613325254557
2022-06-30,EQOS,-0.6259375092134412,-0.6259375092134412,rebalance_exit,9605.240541931036
2022-06-30,SDIG,-0.7179223231643941,-0.7162393097184663,rebalance_exit,9605.240541931036
2022-06-30,INFIQ,-0.45842351951078053,-0.45277671026027844,rebalance_exit,9605.240541931036
2022-06-30,PLXPQ,-0.4287969051865972,-0.4018462159009937,rebalance_exit,9605.240541931036
2022-06-30,BWAQ,0.006072820369170451,0.006072820369170451,rebalance_exit,9605.240541931036
2022-06-30,SSHI,-0.12727269259366114,-0.12727269259366125,rebalance_exit,9605.240541931036
2022-06-30,FSRDQ,-0.5833226440202521,-0.5833226440202521,rebalance_exit,9605.240541931036
2022-06-30,KIRK,-0.6210979552873541,-0.6210979552873541,rebalance_exit,9605.240541931036
2022-06-30,VWEWQ,-0.2790628628178278,-0.2790628628178278,rebalance_exit,4609.054136657715
2022-06-30,QTNTF,-0.8060047119704785,-0.8060047119704785,rebalance_exit,9605.240541931036
2022-06-30,EMCF,-0.07670684517231408,-0.07670684517231408,rebalance_exit,9605.240541931036
2022-06-30,PLXP,-0.4287969051865972,-0.4018462159009937,rebalance_exit,9605.240541931036
2022-06-30,ADTHW,-0.7027734856289413,-0.7027734856289413,rebalance_exit,9605.240541931036
2022-06-30,WTERD,-0.5728257507965813,-0.5728257507965813,rebalance_exit,4830.568681640625
2022-06-30,PEARW,-0.8514028821085707,-0.8514028821085707,rebalance_exit,9605.240541931036
2022-06-30,IRNWQ,-0.6990125389019912,-0.691413267563557,rebalance_exit,4581.070341796875
2022-06-30,STSA,0.06525695017776023,0.08323983471277518,rebalance_exit,9605.240541931036
2022-06-30,HYMCW,-0.6609204414359442,-0.6309671820800499,rebalance_exit,9605.240541931036
2022-06-30,XSPA,-0.38893804484446626,-0.38893804484446626,rebalance_exit,9605.240541931036
2022-06-30,SHCRW,-0.3633333598242855,-0.3633333598242855,rebalance_exit,638.5942218017578
2022-06-30,ADN,0.04244942787924999,0.05510362314059747,rebalance_exit,9605.240541931036
2022-06-30,HOFV,-0.4657657868051308,-0.4657657868051309,rebalance_exit,7899.718447265626
2022-06-30,SONXD,-0.5719436295247149,-0.5719436295247149,rebalance_exit,9605.240541931036
2022-06-30,FHLD,-0.8798798841128207,-0.8798798841128207,rebalance_exit,9605.240541931036
2022-06-30,NJMC,-0.38284910964638075,-0.38284910964638064,rebalance_exit,9605.240541931036
2022-06-30,TLLTF,-0.4618053650447269,-0.45374449361451674,rebalance_exit,6418.833134765625
2022-06-30,WMC,-0.2518878321893081,-0.2518878321893081,rebalance_exit,9605.240541931036
2022-06-30,REPH,-0.5655775066082402,-0.5655775066082402,rebalance_exit,9605.240541931036
2022-06-30,ALJJ,-0.2748814314638449,-0.26548610890109303,rebalance_exit,9605.240541931036
2022-06-30,HSON,-0.23519725430822835,-0.22793211132951074,rebalance_exit,9605.240541931036
2022-06-30,INFI,-0.45842351951078053,-0.45277671026027844,rebalance_exit,9605.240541931036
2022-06-30,SESN,0.2885276819305047,0.3258005069611609,rebalance_exit,9605.240541931036
2022-06-30,HGSH,-0.5118306925051402,-0.5118306925051401,rebalance_exit,9605.240541931036
2022-06-30,ATSPT,-0.17795094408708756,-0.17795094408708756,rebalance_exit,9605.240541931036
2022-06-30,OPNT,-0.46083391415189456,-0.45046349691109633,rebalance_exit,9605.240541931036
2022-06-30,SCTL,-0.5755719923278393,-0.5628279998532112,rebalance_exit,9605.240541931036
2022-06-30,FSRD,-0.5835872055520177,-0.5835872055520177,rebalance_exit,9605.240541931036
2022-06-30,QTNTQ,-0.8060047119704785,-0.8060047119704785,rebalance_exit,9605.240541931036
2022-06-30,NNMX,-0.746938778489195,-0.746938778489195,rebalance_exit,9605.240541931036
2022-06-30,SBTX,0.1916434063899779,0.20797714605080686,rebalance_exit,9605.240541931036
2022-06-30,BMNRD,-0.26181820956143464,-0.26181820956143464,rebalance_exit,9605.240541931036
2022-06-30,OBSV,0.04634171312253743,0.06459647310355843,rebalance_exit,9605.240541931036
2022-06-30,PHUNW,-0.77892811707887,-0.7328244203607291,rebalance_exit,3184.9697998046877
2022-06-30,LVTX,-0.3419686057945739,-0.3419686057945739,rebalance_exit,3510.198510742188
2022-09-30,NTBL,-0.9253541144152454,-0.9246242638476369,rebalance_exit,1589.6364819335938
2022-09-30,VBLT,-0.9253541144152454,-0.9246242638476369,rebalance_exit,10769.933368927243
2022-09-30,SSUP,-0.3325867305996093,-0.3304840651566491,rebalance_exit,9830.613325254557
2022-09-30,SUP,-0.3325867305996093,-0.3304840651566491,rebalance_exit,9830.613325254557
2022-09-30,TBCPU,-0.005050428180518485,-0.005050428180518374,rebalance_exit,9605.240541931036
2022-09-30,TAST,-0.28181405924958014,-0.28181405924958014,rebalance_exit,9605.240541931036
2022-09-30,TBCP,0.0030550598348102476,0.0030550598348104696,rebalance_exit,9605.240541931036
2022-09-30,TCRR,-0.3534710685265072,-0.3534710685265072,rebalance_exit,9605.240541931036
2022-09-30,LAX,0.018292713656964832,0.018292713656964832,rebalance_exit,9605.240541931036
2022-09-30,RGBAD,0.28284309516188766,0.28563114186920835,rebalance_exit,1.7291615033149719
2022-09-30,ICAD,-0.5469992070313503,-0.5369389600515728,rebalance_exit,9605.240541931036
2022-09-30,AUGG,-0.26727736522916534,-0.23664118803073164,rebalance_exit,8139.452087151848
2022-09-30,PRTK,0.30960807805245216,0.31925991915293794,rebalance_exit,8139.452087151848
2022-09-30,SMFRW,-0.4231230776160644,-0.3456460731833265,rebalance_exit,533.1282426071167
2022-09-30,MDVLQ,-0.4956387723557102,-0.4928104674894046,rebalance_exit,8139.452087151848
2022-09-30,VLDRW,-0.1876298080304324,-0.1876298080304324,rebalance_exit,695.3141918945313
2022-09-30,FIXX,-0.20102412405528003,-0.20102412405528003,rebalance_exit,8139.452087151848
2022-09-30,DPLSD,-0.0395668153608455,-0.002424501629185616,rebalance_exit,152.37608047485352
2022-09-30,CYT,-0.3740839052423198,-0.3740839052423198,rebalance_exit,8139.452087151848
2022-09-30,MDVL,-0.4956387723557102,-0.4928104674894046,rebalance_exit,8139.452087151848
2022-09-30,DRRX,0.1902591448080544,0.19025914480805461,rebalance_exit,8139.452087151848
2022-09-30,EMKR,-0.46383798275972266,-0.4560260472990142,rebalance_exit,8139.452087151848
2022-09-30,BBQ,0.6545105225421333,0.6545105225421333,rebalance_exit,8139.452087151848
2022-09-30,GLSH,-0.34822092275591454,-0.31924325927486463,rebalance_exit,8139.452087151848
2022-09-30,RVLP,0.5265810845142356,0.5350910574702148,rebalance_exit,8139.452087151848
2022-09-30,GLS,-0.34822092275591454,-0.31924325927486463,rebalance_exit,8139.452087151848
2022-09-30,ETTX,-0.009070239107381362,-0.00907023910738125,rebalance_exit,8139.452087151848
2022-09-30,OYST,0.25192246480114866,0.25192246480114866,rebalance_exit,8139.452087151848
2022-09-30,FUSN,0.18810943049212314,0.20883533290558431,rebalance_exit,5575.846530761719
2022-09-30,ARC,-0.12486590555465993,-0.12447159106077188,rebalance_exit,8139.452087151848
2022-09-30,DBTX,-0.1896157958264859,-0.17814726679435178,rebalance_exit,8139.452087151848
2022-09-30,KNWND,-0.27375694654750415,-0.24093853728959314,rebalance_exit,294.8888729858399
2022-09-30,ADVM,-0.22294735107330643,-0.22294735107330643,rebalance_exit,8139.452087151848
2022-09-30,GCEH,-0.2688302667973961,-0.2688302667973961,rebalance_exit,5842.843586425782
2022-09-30,AXLA,-0.17327901518429556,-0.17327901518429556,rebalance_exit,8139.452087151848
2022-09-30,CYTT,-0.3740839052423198,-0.3740839052423198,rebalance_exit,8139.452087151848
2022-09-30,LPTX,-0.2577441906769875,-0.2379937095029484,rebalance_exit,7747.24462890625
2022-09-30,KNW,-0.27375694654750415,-0.24093853728959314,rebalance_exit,294.8888729858399
2022-09-30,CDXC,-0.28634523373402676,-0.2693062180947041,rebalance_exit,8139.452087151848
2022-09-30,GCEHQ,-0.2688302667973961,-0.2688302667973961,rebalance_exit,5842.843586425782
2022-09-30,MYNZ,-0.2915002711834499,-0.2545946275865709,rebalance_exit,662.3764056396485
2022-09-30,CFRX,-0.945772088196488,-0.945772088196488,rebalance_exit,8139.452087151848
2022-09-30,OBCI,0.011645933012228493,0.011645933012228493,rebalance_exit,8139.452087151848
2022-12-30,MLVF,0.039445266602814,0.039545829106415686,rebalance_exit,9105.41783203125
2022-12-30,FAT,-0.3214630785833841,-0.30484064291123614,rebalance_exit,9605.240541931036
2022-12-30,PHX,0.2718199015205567,0.28646633056217463,rebalance_exit,9605.240541931036
2022-12-30,GMDAQ,-0.27556175882423695,-0.27556175882423695,rebalance_exit,8139.452087151848
2022-12-30,ENZ,-0.31734151994950166,-0.31734151994950166,rebalance_exit,8139.452087151848
2022-12-30,IVAC,0.3160090242151097,0.3248454896826163,rebalance_exit,8139.452087151848
2022-12-30,SNCR,-0.4875098312448293,-0.46655010328808477,rebalance_exit,3499.7895068359376
2022-12-30,ACRDF,-0.28282831141126696,-0.28282831141126696,rebalance_exit,2150.972010498047
2022-12-30,GMDA,-0.27556175882423695,-0.27556175882423695,rebalance_exit,8139.452087151848
2022-12-30,RENB,-0.4663212125440691,-0.4663212125440691,rebalance_exit,8139.452087151848
2022-12-30,WEJO,-0.6011012233239532,-0.6011012233239531,rebalance_exit,8139.452087151848
2022-12-30,WEJOQ,-0.6011012233239532,-0.6011012233239531,rebalance_exit,8139.452087151848
2022-12-30,HMNF,-0.07426750753728129,-0.07422598566045502,rebalance_exit,4873.149061889649
2022-12-30,TNFA,-0.5654108192347476,-0.5654108192347476,rebalance_exit,17.822699890136718
2022-12-30,TRML,-0.6302998957225425,-0.6162181244296223,rebalance_exit,3421.703505859375
2022-12-30,LNKB,0.25592095677559956,0.25593743692195003,rebalance_exit,8654.295122934787
2022-12-30,IMPL,-0.25163475089783405,-0.25163475089783405,rebalance_exit,8654.295122934787
2022-12-30,XL,0.0006715124685243712,0.017487764231237435,rebalance_exit,8654.295122934787
2022-12-30,INFIQ,-0.5387349236514608,-0.5354340691498107,rebalance_exit,8654.295122934787
2022-12-30,HEXO,-0.5929584627763358,-0.5892601184700234,rebalance_exit,8654.295122934787
2022-12-30,PFMT,0.9205770117194509,0.9224652207946007,rebalance_exit,8654.295122934787
2022-12-30,VORBW,-0.48166552063506884,-0.40957038530206535,rebalance_exit,8654.295122934787
2022-12-30,ICVX,1.4372356680868732,1.4700884344894156,rebalance_exit,8654.295122934787
2022-12-30,TFFP,-0.7413793103448276,-0.7413793103448276,rebalance_exit,2004.1344970703126
2022-12-30,SIRCD,-0.6605916505664067,-0.6581632478510966,rebalance_exit,8654.295122934787
2022-12-30,MYMD,-0.5654108127245898,-0.5654108127245898,rebalance_exit,1796.3927392578125
2022-12-30,TALS,-0.6302526175823672,-0.6162219155990243,rebalance_exit,8654.295122934787
2022-12-30,CEI,-0.7928205147767678,-0.7928205147767678,rebalance_exit,8654.295122934787
2022-12-30,VORWQ,-0.48166552063506884,-0.40957038530206535,rebalance_exit,8654.295122934787
2022-12-30,WESTW,0.5655171767426466,0.5655171767426466,rebalance_exit,6622.9643087005625
2022-12-30,MNTX,-0.30191972309159243,-0.30191972309159243,rebalance_exit,4072.726606445313
2022-12-30,ATXS,0.6109742914797749,0.6109742914797749,rebalance_exit,8654.295122934787
2022-12-30,DMTK,-0.5609933470784496,-0.5551804417420645,rebalance_exit,8654.295122934787
2022-12-30,PRTG,-0.26974030266440985,-0.22447212306370545,rebalance_exit,570.5005374145508
2022-12-30,ASXC,-0.22368315342420175,-0.22368315342420175,rebalance_exit,8654.295122934787
2022-12-30,BFIN,0.1242584050476121,0.12425840504761232,rebalance_exit,8654.295122934787
2022-12-30,INFI,-0.5387349236514608,-0.5354340691498107,rebalance_exit,8654.295122934787
2022-12-30,WSTG,0.17703219576908036,0.17703219576908036,rebalance_exit,8654.295122934787
2022-12-30,GHL,0.7257093346532038,0.7366630537851506,rebalance_exit,8654.295122934787
2022-12-30,SEEL,-0.3663188658456422,-0.35883831410595857,rebalance_exit,32.69874984741211
2022-12-30,BRLI,0.013245065975858727,0.013245065975858727,rebalance_exit,8654.295122934787
2022-12-30,JNCE,-0.5487029500583331,-0.5374433661788884,rebalance_exit,8654.295122934787
2023-03-31,ITI,0.5593682806383877,0.5636489308951653,rebalance_exit,9605.240541931036
2023-03-31,VERY,0.09256659702927106,0.09256659702927106,rebalance_exit,8139.452087151848
2023-03-31,ATHA,-0.1803278688524591,-0.180327868852459,rebalance_exit,8139.452087151848
2023-03-31,PRST,-0.26868042408040593,-0.26868042408040604,rebalance_exit,8654.295122934787
2023-03-31,PRDS,-0.29719538600261775,-0.28648646732940586,rebalance_exit,8654.295122934787
2023-03-31,REGX,0.07973422269008235,0.079734206199646,rebalance_exit,8654.295122934787
2023-03-31,HEAR,0.4217814775569959,0.4534783810531542,rebalance_exit,8654.295122934787
2023-03-31,PRTK,0.3455435823749944,0.3455435823749944,rebalance_exit,7612.619946453179
2023-03-31,AUGG,-0.2299217922554232,-0.2265126470275799,rebalance_exit,4042.2550000000006
2023-03-31,VTAQ,0.032085258894823276,0.032085258894823276,rebalance_exit,7612.619946453179
2023-03-31,AVMR,-0.20792077279724308,-0.20792078971862793,rebalance_exit,7612.619946453179
2023-03-31,MICT,0.11578317380951741,0.11578317380951741,rebalance_exit,7612.619946453179
2023-03-31,TIO,0.26231664132142396,0.26506020895090865,rebalance_exit,7612.619946453179
2023-03-31,TDW-WT,0.36249993791183077,0.36249993791183077,rebalance_exit,7612.619946453179
2023-03-31,BWAQ,0.02647063360907298,0.02647063360907298,rebalance_exit,7612.619946453179
2023-03-31,AVMRD,-0.20792082199546869,-0.2079208493232727,rebalance_exit,7612.619946453179
2023-03-31,CMLS,-0.4079886363972939,-0.40579709588511803,rebalance_exit,7612.619946453179
2023-03-31,DBDQQ,-0.1985546320249808,-0.15492951834492508,rebalance_exit,7612.619946453179
2023-03-31,DBD_old,-0.1985546320249808,-0.15492951834492508,rebalance_exit,7612.619946453179
2023-03-31,JOAN,-0.4540406861799454,-0.442105232777687,rebalance_exit,7612.619946453179
2023-03-31,PRMFF,0.1180790141756074,0.1180790141756074,rebalance_exit,7612.619946453179
2023-03-31,FCRD,0.07734508308380006,0.07734508308379984,rebalance_exit,7612.619946453179
2023-03-31,ROC_old1,0.020507816683675628,0.020507816683675628,rebalance_exit,7612.619946453179
2023-03-31,EQRXW,-0.4265815494708516,-0.3887419994816631,rebalance_exit,3007.5403405380252
2023-03-31,PYR,0.07441306738756226,0.07441306738756226,rebalance_exit,4520.838037109375
2023-03-31,MNKTQ,-0.05934192288306461,-0.0593419228830645,rebalance_exit,7612.619946453179
2023-03-31,CZOO,-0.2519210876507251,-0.21666702374868518,rebalance_exit,17.947612686157225
2023-03-31,ARC,0.07970355869770862,0.09376364723598263,rebalance_exit,7612.619946453179
2023-03-31,SUP,0.1508496086586022,0.16824614769717572,rebalance_exit,7612.619946453179
2023-03-31,AMCI_old1,-0.007687514536319329,-0.00768751453631944,rebalance_exit,7612.619946453179
2023-03-31,SVMBD,0.05263157894736836,0.05263161659240723,rebalance_exit,7612.619946453179
2023-03-31,GLT,0.11262349234020275,0.13088023524600256,rebalance_exit,7612.619946453179
2023-03-31,OPNT,0.01728876464963447,0.01728876464963469,rebalance_exit,7612.619946453179
2023-03-31,ATMS,-0.484482752419255,-0.4844827651977539,rebalance_exit,7612.619946453179
2023-03-31,PET,-0.27272725161582767,-0.2727272516158278,rebalance_exit,7612.619946453179
2023-03-31,EPIX,0.17279751791100995,0.17857144884511733,rebalance_exit,7612.619946453179
2023-03-31,SSUP,0.1508496086586022,0.16824614769717572,rebalance_exit,7612.619946453179
2023-03-31,MNK,-0.05934192288306461,-0.0593419228830645,rebalance_exit,7612.619946453179
2023-03-31,MYNZ,-0.1383336846576243,-0.12037098658079848,rebalance_exit,370.45135253906255
2023-03-31,FAZE,-0.7514368256290634,-0.7514368256290634,rebalance_exit,7612.619946453179
2023-03-31,MNKA,-0.484482752419255,-0.4844827651977539,rebalance_exit,7612.619946453179
2023-06-30,AVPTW,0.43487137640089046,0.43487137640089046,rebalance_exit,2793.6161059570313
2023-06-30,RVLP,-0.5415356704970583,-0.520456224122992,rebalance_exit,7612.619946453179
2023-06-30,XYLO,0.00018627576271645907,0.00018627576271623703,rebalance_exit,5696.9233593750005
2023-06-30,TRLED,-0.1436121419057208,-0.13535234573019217,rebalance_exit,3517.4292480468753
2023-06-30,SCTL,-0.2810973838084201,-0.26174495516690666,rebalance_exit,7612.619946453179
2023-06-30,NOTV,-0.06193242557567624,-0.055791769157816695,rebalance_exit,7612.619946453179
2023-06-30,TTCF,-0.5588044587709933,-0.5560975647577803,rebalance_exit,7612.619946453179
2023-06-30,OPOF,-0.26591716302116963,-0.26591716302116963,rebalance_exit,8743.058420994075
2023-06-30,CELL,-0.5849351083577791,-0.5775861865204093,rebalance_exit,8743.058420994075
2023-06-30,LIFE_old1,0.01714499751586529,0.02857151615376763,rebalance_exit,8743.058420994075
2023-06-30,ENZ,-0.2613600776257502,-0.25312524821029103,rebalance_exit,8743.058420994075
2023-06-30,LNKB,-0.08248297865233378,-0.07379028955296896,rebalance_exit,8743.058420994075
2023-06-30,PACI,0.013422759880358237,0.013422759880358237,rebalance_exit,8743.058420994075
2023-06-30,VIEWQ,-0.7586616700261362,-0.7579999923706054,rebalance_exit,677.6986437988281
2023-06-30,ESPR,-0.15066189634749283,-0.12578619087116272,rebalance_exit,8743.058420994075
2023-06-30,FXLV,-0.5777283879696671,-0.5689655048385099,rebalance_exit,8743.058420994075
2023-06-30,CIVII,0.0,0.0,rebalance_exit,8743.058420994075
2023-06-30,LMNL,0.6526316548978863,0.6526316548978863,rebalance_exit,8743.058420994075
2023-06-30,SONXD,-0.3368985323015913,-0.3368985323015913,rebalance_exit,8743.058420994075
2023-06-30,DMTK,-0.3145476745355461,-0.304424220128506,rebalance_exit,8743.058420994075
2023-06-30,BLI,-0.30172411578305347,-0.30172411578305347,rebalance_exit,8743.058420994075
2023-06-30,PCYG,0.5880309954072604,0.6072335046590502,rebalance_exit,8743.058420994075
2023-06-30,NIRLQ,-0.47766667514600514,-0.46566722672911054,rebalance_exit,8743.058420994075
2023-06-30,FREE,0.561816369297413,0.561816369297413,rebalance_exit,8743.058420994075
2023-06-30,AMRLF,-0.3935648115692598,-0.3935648202896118,rebalance_exit,8743.058420994075
2023-06-30,ARAV,-0.38057708459145145,-0.37118889802192256,rebalance_exit,8743.058420994075
2023-06-30,NIR,-0.47765309522965516,-0.46565333484433347,rebalance_exit,8743.058420994075
2023-06-30,INKA,-0.17557938410335638,-0.17557938410335638,rebalance_exit,8743.058420994075
2023-06-30,AFMD,-0.2448684273539975,-0.21537836638275698,rebalance_exit,6777.1441015625
2023-09-29,CTG,0.533732552429981,0.5341267017181672,rebalance_exit,8654.295122934787
2023-09-29,CDTX,-0.2664891490312,-0.25826769938833427,rebalance_exit,8743.058420994075
2023-09-29,CASSQ,-0.3526988523835908,-0.3322834624235418,rebalance_exit,8743.058420994075
2023-09-29,DTOC,1.5091785851380504,1.5091785851380504,rebalance_exit,8743.058420994075
2023-09-29,DRRX,-0.45713990768862245,-0.45713990768862256,rebalance_exit,8743.058420994075
2023-09-29,MLVF,0.11681471893249729,0.11681471893249729,rebalance_exit,8743.058420994075
2023-09-29,CMRX,-0.24767120635886497,-0.24572145506109733,rebalance_exit,8743.058420994075
2023-09-29,LLFLQ,-0.16580478688568911,-0.16578944313889354,rebalance_exit,8743.058420994075
2023-09-29,MNTX,-0.1117179859244134,-0.10864672552635868,rebalance_exit,8743.058420994075
2023-09-29,CASA,-0.35308653222381425,-0.33267713468171867,rebalance_exit,8743.058420994075
2023-09-29,LL,-0.1673886085383316,-0.16578944313889354,rebalance_exit,8743.058420994075
2023-09-29,BYN-UN,0.01819928560290629,0.01819928560290629,rebalance_exit,9049.589909359778
2023-09-29,MESA,-0.6719845619767115,-0.663137248918122,rebalance_exit,5277.623544921876
2023-09-29,LUXHQ,0.46828060605055066,0.46828060605055066,rebalance_exit,9049.589909359778
2023-09-29,EAR,-0.5679157804118193,-0.5596348723309571,rebalance_exit,9049.589909359778
2023-09-29,HWKZ,0.000975632086032796,0.0009756088256835938,rebalance_exit,9049.589909359778
2023-09-29,HMST,0.30479628728527364,0.30479628728527364,rebalance_exit,9049.589909359778
2023-09-29,PRDS,0.1749771388494885,0.1749771388494885,rebalance_exit,9049.589909359778
2023-09-29,TYGOW,-0.9961827957034473,-0.9961827957034473,rebalance_exit,6775.145388183595
2023-09-29,LUXH,0.46828075352683474,0.46828075352683496,rebalance_exit,602.9633620834351
2023-09-29,ZFOX,-0.13746533888349066,-0.13343851095209025,rebalance_exit,9049.589909359778
2023-09-29,NBRWF,0.27826085297957714,0.27826085297957714,rebalance_exit,2096.8781845092776
2023-09-29,SUP,-0.1789884752752774,-0.1682995526853064,rebalance_exit,9049.589909359778
2023-09-29,GLYC,-0.17093905161667655,-0.14160342730427056,rebalance_exit,9049.589909359778
2023-09-29,PTRS,0.2588044954388151,0.2588044954388149,rebalance_exit,9049.589909359778
2023-09-29,EPIX,0.12758910307916027,0.13755077012270567,rebalance_exit,9049.589909359778
2023-09-29,PFSW,0.6279212157639382,0.628350792952677,rebalance_exit,9049.589909359778
2023-09-29,MMMB,0.4228983449761967,0.444856233672587,rebalance_exit,9049.589909359778
2023-09-29,SSUP,-0.1789884752752774,-0.1682995526853064,rebalance_exit,9049.589909359778
2023-09-29,ATHA,-0.32331381815478977,-0.32331381815478977,rebalance_exit,9049.589909359778
2023-09-29,AZRE,-0.7481270795005729,-0.7481270795005729,rebalance_exit,9049.589909359778
2023-12-29,FNCB,0.1456197533022796,0.14561975330227983,rebalance_exit,8743.058420994075
2023-12-29,INVZW,-0.4459946070861338,-0.4376165759018623,rebalance_exit,447.7786265957356
2023-12-29,THRX,0.4874098757640075,0.4874098757640075,rebalance_exit,10675.95724163644
2023-12-29,OMGA,0.3408061623913967,0.34385652291155266,rebalance_exit,10675.95724163644
2023-12-29,CRGE,-0.7733597469864084,-0.7709957871660493,rebalance_exit,10675.95724163644
2023-12-29,LBPH,0.08148031816075818,0.08453242299744468,rebalance_exit,10675.95724163644
2023-12-29,LNKB,0.17120261723873686,0.17810690754591185,rebalance_exit,8179.382120971681
2023-12-29,ESPR,1.8976831916139454,2.0405674617711997,rebalance_exit,10675.95724163644
2023-12-29,GMDA,-0.6019440445469504,-0.6019440445469504,rebalance_exit,10675.95724163644
2023-12-29,GMGI,-0.19850045757635304,-0.19240204629453062,rebalance_exit,995.0308099365235
2023-12-29,LGVC,0.0074837119289674625,0.0074837119289674625,rebalance_exit,10675.95724163644
2023-12-29,LAZY,-0.07714461686171392,-0.07714461686171392,rebalance_exit,10675.95724163644
2023-12-29,CUTRQ,-0.45834011436197253,-0.4224327156345864,rebalance_exit,10675.95724163644
2023-12-29,MVNCD,-0.3333333627677254,-0.3333333627677254,rebalance_exit,10675.95724163644
2023-12-29,GORV,-0.07714465340949639,-0.07714465340949639,rebalance_exit,2784.4405688476563
2023-12-29,AAIC,0.13084110171214602,0.13084110171214602,rebalance_exit,10675.95724163644
2023-12-29,CRGEQ,-0.7733597469864084,-0.7709957871660493,rebalance_exit,10675.95724163644
2023-12-29,CUTR,-0.459005932371496,-0.42325077932857824,rebalance_exit,10675.95724163644
2023-12-29,AADI,-0.5826446451976983,-0.5826446451976983,rebalance_exit,10675.95724163644
2023-12-29,BONZ,-0.4444444085137891,-0.4444444085137891,rebalance_exit,10675.95724163644
2023-12-29,TMNA,-0.3186372245795406,-0.31863722457954047,rebalance_exit,10675.95724163644
2023-12-29,GMDAQ,-0.6045349086480603,-0.6045349086480603,rebalance_exit,10675.95724163644
2024-03-28,CDXC,1.0297088366542626,1.0297088366542626,rebalance_exit,7612.619946453179
2024-03-28,FAT,0.1542395702114432,0.15905100061884236,rebalance_exit,6291.960419921876
2024-03-28,BFIN,0.2508297991072277,0.2508297991072277,rebalance_exit,8743.058420994075
2024-03-28,FFNW,0.6674033500084176,0.6745233406659026,rebalance_exit,8743.058420994075
2024-03-28,CYT,0.06063675559919646,0.060636755599196235,rebalance_exit,10675.95724163644
2024-03-28,TCS,-0.4933333220305266,-0.4933333220305266,rebalance_exit,5692.994062500001
2024-03-28,TCSGQ,-0.4933333220305266,-0.4933333220305266,rebalance_exit,5692.575888671876
2024-03-28,ARKOW,-0.5660356931460087,-0.5425735676163409,rebalance_exit,10675.95724163644
2024-03-28,ADTH,1.3552182536222124,1.39895728865078,rebalance_exit,10675.95724163644
2024-03-28,CYTT,0.05712471668927632,0.05712471668927632,rebalance_exit,10675.95724163644
2024-03-28,CCLDP,-0.16787950304751853,-0.1642621807468937,rebalance_exit,10420.040874572114
2024-03-28,ARCH_old,0.12708171324403938,0.13307940673681062,rebalance_exit,10420.040874572114
2024-03-28,CCRD,-0.20399675084409952,-0.20101227391953802,rebalance_exit,10420.040874572114
2024-03-28,CCLDO,-0.07256311961339901,-0.07256311961339912,rebalance_exit,10420.040874572114
2024-03-28,ZFOX,0.22279086249968705,0.22590834489630307,rebalance_exit,10420.040874572114
2024-03-28,LLFLQ,-0.5307692312394845,-0.5307692312394844,rebalance_exit,10420.040874572114
2024-03-28,CIVIW,0.6845793197057026,0.7063492949527355,rebalance_exit,10420.040874572114
2024-03-28,SEQL,-0.27707462289401275,-0.27707462289401275,rebalance_exit,10420.040874572114
2024-03-28,SQL,-0.2263005906915201,-0.2263005906915201,rebalance_exit,10420.040874572114
2024-03-28,LL,-0.5309240414070897,-0.5309240414070897,rebalance_exit,10420.040874572114
2024-03-28,LPTX,-0.37110728726131303,-0.37110728726131315,rebalance_exit,10420.040874572114
2024-03-28,BCOV,-0.2593650071175283,-0.2566768761099517,rebalance_exit,10420.040874572114
2024-03-28,VIGL,0.008875730879888577,0.008875730879888577,rebalance_exit,10420.040874572114
2024-03-28,CONN,-0.2898220369354684,-0.2690479251712661,rebalance_exit,10420.040874572114
2024-03-28,GBIO,1.4666667129054214,1.4666667129054214,rebalance_exit,10420.040874572114
2024-03-28,HMNF,-0.07911756880275755,-0.07911756880275778,rebalance_exit,10420.040874572114
2024-06-28,KNTE,0.11814355414717559,0.11814355414717559,rebalance_exit,10420.040874572114
2024-06-28,IOBT,-0.3985412695038887,-0.3985412695038887,rebalance_exit,10420.040874572114
2024-06-28,DNMR,-0.441509804212025,-0.4173379985467929,rebalance_exit,3498.4813671875004
2024-06-28,DNMRQ,-0.441509804212025,-0.4173379985467929,rebalance_exit,3498.4813671875004
2024-06-28,VLD,-0.7961736636245033,-0.7919799545546702,rebalance_exit,11153.293359375
2024-06-28,BIG,-0.6081896002740163,-0.6004618823196708,rebalance_exit,12252.837216647833
2024-06-28,FNCB,0.1293989447704722,0.1293989447704722,rebalance_exit,12252.837216647833
2024-06-28,LGVC,-0.5331655722164965,-0.5331655722164965,rebalance_exit,12252.837216647833
2024-06-28,GMGI,-0.1728924933717233,-0.14409316728970045,rebalance_exit,930.1766503906251
2024-06-28,CAMP_old,-0.9542984196344017,-0.9542984196344017,rebalance_exit,12252.837216647833
2024-06-28,VLDXD,-0.796173656964939,-0.7919799477580861,rebalance_exit,743.5537561035158
2024-06-28,HFUSD,0.0,0.0,rebalance_exit,12252.837216647833
2024-06-28,ARBKF,-0.4570441342396868,-0.45330661488621826,rebalance_exit,2125.045997924805
2024-06-28,RNLX,-0.7378779027924367,-0.7323005160101516,rebalance_exit,12252.837216647833
2024-06-28,CAMPQ,-0.9242727719504348,-0.9242727719504348,rebalance_exit,12252.837216647833
2024-06-28,ALLK,-0.2197219236698602,-0.21243677541392691,rebalance_exit,12252.837216647833
2024-06-28,COOL,0.009090943769975102,0.009090943769975102,rebalance_exit,12252.837216647833
2024-06-28,SCTL,0.01583959830349313,0.01583959830349313,rebalance_exit,12252.837216647833
2024-06-28,CLSD,-0.17710903622108165,-0.17710903622108176,rebalance_exit,8018.380830078126
2024-06-28,VLDX,-0.7959947122351414,-0.7917973212561009,rebalance_exit,743.6805200195313
2024-09-30,IVAC,-0.12481269779494064,-0.12481269779494053,rebalance_exit,12252.837216647833
2024-09-30,ARC,0.2583407952908321,0.26020781255961345,rebalance_exit,12252.837216647833
2024-09-30,GIFI,-0.24847948940477038,-0.2424724411654965,rebalance_exit,12252.837216647833
2024-09-30,ATHA,-0.8402480092366045,-0.8402480092366045,rebalance_exit,12252.837216647833
2024-09-30,AKYA,0.1447739897335576,0.16239321725608535,rebalance_exit,13525.9081095565
2024-09-30,OMGA,-0.42361544760303604,-0.41850038181498506,rebalance_exit,13525.9081095565
2024-09-30,GTHX,2.114969960104611,2.114969960104611,rebalance_exit,13525.9081095565
2024-09-30,RAPT,-0.3741582932705434,-0.35321233789339956,rebalance_exit,13525.9081095565
2024-09-30,SNCR,0.5717504450428201,0.6010752728969764,rebalance_exit,13525.9081095565
2024-09-30,AGBA,-0.24197307594454598,-0.22549718912246708,rebalance_exit,13525.9081095565
2024-09-30,PNST,-0.7307642094668936,-0.7226292682969238,rebalance_exit,13525.9081095565
2024-09-30,LSB,-0.02686059665189544,0.025687430971368386,rebalance_exit,270.9074465179444
2024-09-30,BCOV,-0.09513759546579215,-0.08860751471253958,rebalance_exit,13525.9081095565
2024-09-30,CONX_old,-0.16777404572171328,-0.1677740216255188,rebalance_exit,13525.9081095565
2024-12-31,PHX,0.35604076245895877,0.35789688592713964,rebalance_exit,9049.589909359778
2024-12-31,PRMLD,-0.5984985653973914,-0.5984985653973915,rebalance_exit,184.63575500488284
2024-12-31,PNRLF,-0.598525480146979,-0.598525480146979,rebalance_exit,3693.898439941406
2024-12-31,BCSA,0.04324320051714925,0.04324320051714925,rebalance_exit,2330.3561596679688
2024-12-31,CCRD,0.555860214224402,0.555860214224402,rebalance_exit,13525.9081095565
2024-12-31,OPI,-0.5185870055086084,-0.5158161429737554,rebalance_exit,13525.9081095565
2024-12-31,HMNF,0.2273351766526115,0.22733517665261171,rebalance_exit,12104.751103515626
2024-12-31,MONDQ,-0.9829511468975874,-0.9741007202728263,rebalance_exit,16804.525867577282
2024-12-31,AUGX,0.0,0.0,rebalance_exit,16804.525867577282
2024-12-31,MPLN,0.9345549726782916,0.934554934501648,rebalance_exit,16804.525867577282
2024-12-31,MNTX,0.02817760645959777,0.02817760645959777,rebalance_exit,16804.525867577282
2024-12-31,OPTN,-0.39468168855881525,-0.39468168855881525,rebalance_exit,2744.7521142578125
2024-12-31,CKPT,0.41017139585469176,0.410171395854692,rebalance_exit,16804.525867577282
2024-12-31,MOND,-0.9829511468975874,-0.9741007202728263,rebalance_exit,16804.525867577282
2024-12-31,BLUE,-0.24126941208391428,-0.21401270751494328,rebalance_exit,16804.525867577282
