date,portfolio_value
2010-09-30,10006702.027077522
2010-10-01,9934073.320388684
2010-10-04,9955629.14079603
2010-10-05,9904362.124162352
2010-10-06,10027704.458047759
2010-10-07,10024471.670004325
2010-10-08,9998783.261939231
2010-10-11,10026394.86161147
2010-10-12,10009949.961584782
2010-10-13,10059501.255894827
2010-10-14,10142283.545107206
2010-10-15,10085706.347011983
2010-10-18,10126175.73904058
2010-10-19,10140138.512183156
2010-10-20,10055409.090323856
2010-10-21,10139783.555690791
2010-10-22,10171015.316988226
2010-10-25,10189461.382039733
2010-10-26,10194470.255237073
2010-10-27,10206396.473964918
2010-10-28,10173256.923772205
2010-10-29,10179062.056859277
2010-11-01,10156877.357082253
2010-11-02,10225724.754929278
2010-11-03,10256068.603879318
2010-11-04,10291667.097182274
2010-11-05,10441589.47452269
2010-11-08,10449446.471606513
2010-11-09,10423335.4858854
2010-11-10,10383090.051724344
2010-11-11,10394705.44985231
2010-11-12,10390806.908391941
2010-11-15,10316623.293273602
2010-11-16,10275451.654950095
2010-11-17,10157414.271334026
2010-11-18,10125521.294412035
2010-11-19,10227853.91733464
2010-11-22,10285021.823328914
2010-11-23,10319750.232137298
2010-11-24,10223358.83096918
2010-11-26,10380041.60717902
2010-11-29,10230249.365756305
2010-11-30,10220629.02355819
2010-12-01,10106434.200393304
2010-12-02,10246821.644934746
2010-12-03,10304700.040761337
2010-12-06,10319555.174920332
2010-12-07,10337122.527157335
2010-12-08,10328727.22165928
2010-12-09,10332651.580960562
2010-12-10,10413119.988121461
2010-12-13,10450640.720158791
2010-12-14,10469618.391173141
2010-12-15,10445705.068306534
2010-12-16,10434714.239590595
2010-12-17,10440523.111239998
2010-12-20,10414633.962952496
2010-12-21,10412145.872282982
2010-12-22,10464550.10944253
2010-12-23,10500325.95734855
2010-12-27,10499652.679859428
2010-12-28,10499440.469998814
2010-12-29,10494588.122017272
2010-12-30,10502465.008856133
2010-12-31,10424701.530237945
2011-01-03,10441639.051270109
2011-01-04,10436208.423484249
2011-01-05,10417000.050145997
2011-01-06,10471665.831986804
2011-01-07,10448414.32310852
2011-01-10,10444945.017719662
2011-01-11,10427676.372644553
2011-01-12,10443982.061740628
2011-01-13,10547488.136103794
2011-01-14,10547464.923704976
2011-01-18,10594377.889738336
2011-01-19,10526101.910483027
2011-01-20,10424293.944652878
2011-01-21,10370177.449139412
2011-01-24,10418318.075659273
2011-01-25,10527145.997019906
2011-01-26,10570641.26026366
2011-01-27,10623656.517320104
2011-01-28,10588963.59706608
2011-01-31,10383969.636232026
2011-02-01,10441911.447827073
2011-02-02,10586568.826834913
2011-02-03,10572934.919842139
2011-02-04,10541832.397130268
2011-02-07,10578914.703731444
2011-02-08,10613027.071898235
2011-02-09,10623470.189575016
2011-02-10,10594150.87720196
2011-02-11,10619591.705924753
2011-02-14,10653236.033442609
2011-02-15,10674758.175137077
2011-02-16,10634390.287422733
2011-02-17,10705917.414107775
2011-02-18,10752614.310865087
2011-02-22,10784372.115976835
2011-02-23,10528504.189100683
2011-02-24,10495965.746547882
2011-02-25,10563269.12672794
2011-02-28,10632798.891720667
2011-03-01,10718199.426126279
2011-03-02,10569688.71485386
2011-03-03,10572475.775915703
2011-03-04,10728474.707777917
2011-03-07,10633992.845288718
2011-03-08,10614446.15369585
2011-03-09,10728495.177079074
2011-03-10,10692254.909925759
2011-03-11,10445721.975814411
2011-03-14,10500964.114934327
2011-03-15,10444514.096511142
2011-03-16,10402224.132025372
2011-03-17,10156778.204888506
2011-03-18,10325715.521093696
2011-03-21,10379393.598075014
2011-03-22,10540625.356054988
2011-03-23,10476239.97588513
2011-03-24,10438021.47647372
2011-03-25,10544823.185036603
2011-03-28,10550204.954095867
2011-03-29,10504872.504894745
2011-03-30,10581868.289848194
2011-03-31,10730865.463541005
2011-04-01,10736649.969495127
2011-04-04,10814360.335551841
2011-04-05,10811505.353748398
2011-04-06,10816827.92843063
2011-04-07,10810395.958225308
2011-04-08,10721947.324326167
2011-04-11,10703271.318674348
2011-04-12,10655010.652602602
2011-04-13,10569202.82463398
2011-04-14,10609143.737740587
2011-04-15,10648845.728418969
2011-04-18,10665607.754662143
2011-04-19,10531435.647347558
2011-04-20,10564483.558856921
2011-04-21,10660197.033583285
2011-04-25,10692434.861425158
2011-04-26,10715952.269316943
2011-04-27,10777253.671244008
2011-04-28,10902544.086055292
2011-04-29,10932717.631335838
2011-05-02,10903989.983112859
2011-05-03,10900256.511581197
2011-05-04,10856127.175547047
2011-05-05,10860645.071364565
2011-05-06,10752505.255846921
2011-05-09,10813404.543130701
2011-05-10,10876759.441041294
2011-05-11,10913702.038372047
2011-05-12,10856049.40357397
2011-05-13,10829348.534618756
2011-05-16,10747364.151597649
2011-05-17,10670085.484550672
2011-05-18,10689020.895421565
2011-05-19,10776425.973320657
2011-05-20,10821374.790586514
2011-05-23,10728042.880003152
2011-05-24,10574361.861708127
2011-05-25,10608817.577238252
2011-05-26,10655217.02347739
2011-05-27,10699795.667205313
2011-05-31,10795509.91045515
2011-06-01,10867643.283194484
2011-06-02,10647698.94348052
2011-06-03,10639125.789335234
2011-06-06,10595892.368029587
2011-06-07,10534780.768358462
2011-06-08,10574800.76542496
2011-06-09,10473979.846418267
2011-06-10,10566005.801554821
2011-06-13,10447832.360442908
2011-06-14,10466717.708582573
2011-06-15,10614453.314966468
2011-06-16,10502615.358197035
2011-06-17,10498765.72742681
2011-06-20,10545254.549269345
2011-06-21,10527543.928361854
2011-06-22,10661174.854986928
2011-06-23,10595429.014965398
2011-06-24,10674671.547104271
2011-06-27,10568003.191299869
2011-06-28,10599055.343118457
2011-06-29,10692943.53748293
2011-06-30,10736145.629085504
2011-07-01,10812689.401602512
2011-07-05,10997210.19185722
2011-07-06,11035871.403096914
2011-07-07,11043712.048988506
2011-07-08,11145919.082141487
2011-07-11,11105046.447867498
2011-07-12,10996947.73620496
2011-07-13,10976304.886378516
2011-07-14,10957993.838594448
2011-07-15,10881121.313699216
2011-07-18,10894920.307181267
2011-07-19,10808050.177380726
2011-07-20,10953173.514156887
2011-07-21,10893677.810120808
2011-07-22,10945634.980643023
2011-07-25,10887082.685332544
2011-07-26,10790668.719061762
2011-07-27,10727348.29575033
2011-07-28,10568938.594962459
2011-07-29,10565970.026913768
2011-08-01,10554466.884445693
2011-08-02,10522971.475055117
2011-08-03,10310451.01285597
2011-08-04,10130154.883924687
2011-08-05,9952395.12026503
2011-08-08,9876922.594992585
2011-08-09,9779643.50528475
2011-08-10,9919329.810805012
2011-08-11,9777027.830119682
2011-08-12,9888680.826880926
2011-08-15,9924757.15516893
2011-08-16,9988774.67763217
2011-08-17,9968106.164861469
2011-08-18,9980364.207523847
2011-08-19,9875008.98913775
2011-08-22,9839653.56738429
2011-08-23,9837744.126078071
2011-08-24,9921480.258099386
2011-08-25,9939862.098188015
2011-08-26,9892408.182435831
2011-08-29,9948310.506623212
2011-08-30,10036232.196039835
2011-08-31,10038598.286645982
2011-09-01,10025644.195067642
2011-09-02,9986009.682147117
2011-09-06,9925102.096365076
2011-09-07,9904968.759054475
2011-09-08,9991645.685480542
2011-09-09,9973140.377532538
2011-09-12,9888454.833419342
2011-09-13,9912302.638598517
2011-09-14,9935985.66278715
2011-09-15,9957569.03439844
2011-09-16,10011058.785834832
2011-09-19,10022705.757742915
2011-09-20,9973499.889059182
2011-09-21,9948605.41245802
2011-09-22,9906937.428713389
2011-09-23,9830020.174419492
2011-09-26,9826644.014469225
2011-09-27,9911755.856338205
2011-09-28,9912365.69176687
2011-09-29,9912801.689266553
2011-09-30,10056854.370721713
2011-10-03,9737181.54921581
2011-10-04,9685229.121840378
2011-10-05,9817449.709716324
2011-10-06,9998250.025909353
2011-10-07,10050778.274961261
2011-10-10,9970789.72311791
2011-10-11,10281972.280693714
2011-10-12,10302683.632314984
2011-10-13,10356893.1989219
2011-10-14,10286164.723933859
2011-10-17,10369254.070535608
2011-10-18,10221282.573870732
2011-10-19,10412978.962257016
2011-10-20,10303007.849574339
2011-10-21,10388102.828332147
2011-10-24,10655942.519756446
2011-10-25,10770187.906899022
2011-10-26,10593522.502514787
2011-10-27,11123639.92923503
2011-10-28,11391510.480667407
2011-10-31,11477837.807869794
2011-11-01,11218416.001711296
2011-11-02,10880419.781527072
2011-11-03,11047483.239786906
2011-11-04,11284334.475234888
2011-11-07,11134433.38056974
2011-11-08,11171023.878879713
2011-11-09,11373629.956004774
2011-11-10,10907928.993687265
2011-11-11,10996981.454159416
2011-11-14,11193149.520024806
2011-11-15,11117054.565638782
2011-11-16,11213625.44246348
2011-11-17,11115158.688743284
2011-11-18,10957802.640686098
2011-11-21,10979506.65893297
2011-11-22,10754577.922925828
2011-11-23,10748494.593572864
2011-11-25,10447559.891932474
2011-11-28,10421778.126384392
2011-11-29,10696985.552526345
2011-11-30,10681586.721764155
2011-12-01,11104152.563339047
2011-12-02,11097691.397329623
2011-12-05,11166663.723463705
2011-12-06,11277975.446523713
2011-12-07,11249545.369623447
2011-12-08,11299075.947381737
2011-12-09,11044408.355815282
2011-12-12,11308585.070097858
2011-12-13,11132544.014660815
2011-12-14,11060890.844849046
2011-12-15,10999657.896288328
2011-12-16,11084702.996493349
2011-12-19,11125745.869436663
2011-12-20,10925167.874342214
2011-12-21,11325687.18722402
2011-12-22,11310490.803361963
2011-12-23,11350950.09925605
2011-12-27,11510859.51452762
2011-12-28,11517798.797047388
2011-12-29,11350929.582908016
2011-12-30,11445516.60717829
2012-01-03,11305347.566179603
2012-01-04,11401387.134176195
2012-01-05,11416686.40722144
2012-01-06,11462688.276126178
2012-01-09,11427695.534870753
2012-01-10,11449172.844089583
2012-01-11,11550918.003056325
2012-01-12,11556996.203005183
2012-01-13,11555705.945310753
2012-01-17,11488469.839012397
2012-01-18,11512111.862590013
2012-01-19,11623836.570486167
2012-01-20,11691840.88600902
2012-01-23,11765051.946329467
2012-01-24,11784576.824732145
2012-01-25,11752898.796328828
2012-01-26,11889957.914787702
2012-01-27,11874219.226095214
2012-01-30,11844608.1902519
2012-01-31,11822988.059099352
2012-02-01,11892117.439038264
2012-02-02,11971144.830503505
2012-02-03,11977141.371583898
2012-02-06,12091125.254235936
2012-02-07,12064221.611093957
2012-02-08,12071781.070918057
2012-02-09,12073954.836988254
2012-02-10,12063015.817915082
2012-02-13,12019805.212102061
2012-02-14,12070933.362824649
2012-02-15,12047516.673326064
2012-02-16,12009486.870332688
2012-02-17,12116424.097891258
2012-02-21,12103492.69728274
2012-02-22,12053676.216234747
2012-02-23,12082854.173402397
2012-02-24,12101946.56664313
2012-02-27,12121434.770835543
2012-02-28,12052057.917613678
2012-02-29,12028434.685194468
2012-03-01,11961972.333136981
2012-03-02,11924595.808956316
2012-03-05,11957840.192149755
2012-03-06,11927396.67147816
2012-03-07,11779600.016239906
2012-03-08,11832494.561314486
2012-03-09,12054131.145228129
2012-03-12,12083158.46683726
2012-03-13,11998719.78371447
2012-03-14,12136602.80351296
2012-03-15,12141872.639293427
2012-03-16,12174514.728090145
2012-03-19,12236143.311134456
2012-03-20,12255347.549842121
2012-03-21,12233908.580578744
2012-03-22,12246640.9645459
2012-03-23,12190191.645815916
2012-03-26,12212311.7765256
2012-03-27,12346798.306849971
2012-03-28,12332782.780139128
2012-03-29,12278400.967603844
2012-03-30,12192520.269918136
2012-04-02,12267164.871238258
2012-04-03,12323646.199817784
2012-04-04,12262858.809133703
2012-04-05,12136601.666954672
2012-04-09,12103516.920239648
2012-04-10,12000986.76004799
2012-04-11,11863016.37362565
2012-04-12,11901924.765738895
2012-04-13,12067277.737721495
2012-04-16,11994139.548968283
2012-04-17,11925909.12833968
2012-04-18,12049711.09428941
2012-04-19,12025129.35908099
2012-04-20,12020636.740625864
2012-04-23,12006227.125924934
2012-04-24,11959801.808145177
2012-04-25,11987229.236751765
2012-04-26,12111725.202670949
2012-04-27,12204335.771179667
2012-04-30,12184765.460684754
2012-05-01,12095427.376904607
2012-05-02,12204341.079761975
2012-05-03,12170159.67045892
2012-05-04,12111247.501256118
2012-05-07,11982291.54993867
2012-05-08,12039462.438183742
2012-05-09,12004191.5542846
2012-05-10,11981489.550029173
2012-05-11,12008991.899327083
2012-05-14,11995199.919547532
2012-05-15,11948579.188804958
2012-05-16,11900028.018225085
2012-05-17,11859310.801713163
2012-05-18,11712214.67046727
2012-05-21,11579896.861266362
2012-05-22,11685368.90355785
2012-05-23,11730568.323965326
2012-05-24,11728436.780004445
2012-05-25,11768104.7083737
2012-05-29,11695630.531916346
2012-05-30,11837991.439050624
2012-05-31,11728002.225376893
2012-06-01,11742896.718536604
2012-06-04,11518104.190576032
2012-06-05,11533831.543702453
2012-06-06,11548836.58167921
2012-06-07,11697961.831569849
2012-06-08,11717397.07352044
2012-06-11,11756831.302026503
2012-06-12,11617473.388950447
2012-06-13,11719144.518133216
2012-06-14,11657236.059109367
2012-06-15,11725068.770304611
2012-06-18,11785818.49618605
2012-06-19,11845576.92139391
2012-06-20,11916706.284087554
2012-06-21,11941430.400961995
2012-06-22,11769298.91561735
2012-06-25,11883412.568870153
2012-06-26,11716180.569754237
2012-06-27,11787569.5655709
2012-06-28,11925459.48678484
2012-06-29,11825316.940836256
2012-07-02,12163308.60061922
2012-07-03,12238758.625710664
2012-07-05,12312993.298245791
2012-07-06,12313611.445970858
2012-07-09,12226899.130251572
2012-07-10,12258956.950144812
2012-07-11,12162619.753948165
2012-07-12,12197958.345453171
2012-07-13,12119191.98583116
2012-07-16,12303453.095870383
2012-07-17,12260361.488400066
2012-07-18,12285166.359229518
2012-07-19,12283485.028383415
2012-07-20,12323958.524838291
2012-07-23,12232110.208137425
2012-07-24,12088437.601835426
2012-07-25,12026176.965223836
2012-07-26,11905847.9959114
2012-07-27,12061368.58192481
2012-07-30,12257410.309682747
2012-07-31,12287872.188889483
2012-08-01,12091495.150404466
2012-08-02,12104464.190575523
2012-08-03,12029213.992308209
2012-08-06,12213926.384459661
2012-08-07,12178821.140248034
2012-08-08,12220162.16787725
2012-08-09,12211184.058337964
2012-08-10,12197973.05802211
2012-08-13,12215603.26748403
2012-08-14,12187514.134591715
2012-08-15,12230210.013723183
2012-08-16,12233231.479198683
2012-08-17,12354838.917582609
2012-08-20,12354705.887718428
2012-08-21,12383183.33541163
2012-08-22,12312068.698029775
2012-08-23,12345015.729599962
2012-08-24,12233321.876023095
2012-08-27,12305013.32775754
2012-08-28,12351993.104650285
2012-08-29,12397487.139425853
2012-08-30,12388016.31230445
2012-08-31,12294154.53832509
2012-09-04,12464546.395480897
2012-09-05,12441320.853220021
2012-09-06,12380912.61399384
2012-09-07,12588241.214122776
2012-09-10,12691313.5833294
2012-09-11,12643941.433602344
2012-09-12,12678075.555932976
2012-09-13,12629068.66902454
2012-09-14,12836609.405316172
2012-09-17,12868472.572460486
2012-09-18,12848906.515139583
2012-09-19,12822293.846700436
2012-09-20,12801148.057447234
2012-09-21,12861727.032046331
2012-09-24,12864986.438374631
2012-09-25,12821687.298265984
2012-09-26,12732623.534600364
2012-09-27,12651774.774404846
2012-09-28,12678017.477183592
2012-10-01,12641288.63236605
2012-10-02,12685555.062031126
2012-10-03,12644626.337473378
2012-10-04,12700594.81320683
2012-10-05,12783290.924428016
2012-10-08,12778582.741079664
2012-10-09,12737343.46420857
2012-10-10,12706119.95767388
2012-10-11,12671645.871660125
2012-10-12,12630154.686160784
2012-10-15,12579580.653478714
2012-10-16,12623454.286353264
2012-10-17,12765331.000526516
2012-10-18,12807594.415942946
2012-10-19,12811964.201041793
2012-10-22,12688219.41472414
2012-10-23,12778366.42270868
2012-10-24,12714917.82027137
2012-10-25,12684636.626941111
2012-10-26,12655475.398277871
2012-10-31,12717747.36072723
2012-11-01,12786375.02896415
2012-11-02,12826751.454821141
2012-11-05,12759989.455305992
2012-11-06,12811123.500638504
2012-11-07,12792369.616923483
2012-11-08,12669728.133540604
2012-11-09,12549044.782235818
2012-11-12,12540081.798708921
2012-11-13,12490312.55183982
2012-11-14,12362447.402457556
2012-11-15,12214730.88842728
2012-11-16,12275798.301790072
2012-11-19,12330334.228604557
2012-11-20,12524783.097488327
2012-11-21,12528185.143507715
2012-11-23,12532923.730328813
2012-11-26,12685556.783773376
2012-11-27,12699886.785526225
2012-11-28,12636623.931754975
2012-11-29,12752458.23025001
2012-11-30,12820384.72250447
2012-12-03,12870304.139847301
2012-12-04,12850443.88162558
2012-12-05,12820541.689656788
2012-12-06,12816258.24373125
2012-12-07,12832564.116115414
2012-12-10,12889573.737160696
2012-12-11,12882198.269040497
2012-12-12,12865867.123605205
2012-12-13,12883348.374842474
2012-12-14,12845986.48227573
2012-12-17,12711506.94179705
2012-12-18,12829950.373701615
2012-12-19,12977972.578919277
2012-12-20,12950698.780032085
2012-12-21,13023914.653687231
2012-12-24,12922802.406110618
2012-12-26,12858058.711401498
2012-12-27,12837117.914140306
2012-12-28,12859068.344001073
2012-12-31,12746254.744141504
2013-01-02,12955655.33484311
2013-01-03,13213757.297676293
2013-01-04,13224830.59804472
2013-01-07,13254196.340798853
2013-01-08,13256872.454443526
2013-01-09,13245463.95842434
2013-01-10,13222352.479663674
2013-01-11,13271056.033985337
2013-01-14,13272669.280075595
2013-01-15,13296393.012161849
2013-01-16,13294372.730313374
2013-01-17,13318894.33667127
2013-01-18,13380962.369149776
2013-01-22,13466905.270596404
2013-01-23,13478642.50517798
2013-01-24,13531019.364247115
2013-01-25,13483376.940173278
2013-01-28,13570676.257150946
2013-01-29,13577643.436805833
2013-01-30,13567927.982006932
2013-01-31,13600472.317007734
2013-02-01,13534284.419715967
2013-02-04,13614339.794283973
2013-02-05,13488366.927498154
2013-02-06,13606004.326446617
2013-02-07,13557044.27211353
2013-02-08,13512082.893780963
2013-02-11,13566213.035993624
2013-02-12,13620239.548928734
2013-02-13,13692527.795147179
2013-02-14,13682915.25555524
2013-02-15,13727742.34639303
2013-02-19,13734273.85377564
2013-02-20,13764251.685380034
2013-02-21,13656132.797330331
2013-02-22,13622221.436429657
2013-02-25,13669888.171960277
2013-02-26,13489585.715184597
2013-02-27,13534875.185447328
2013-02-28,13683827.53965818
2013-03-01,13668856.819665443
2013-03-04,13669172.183385067
2013-03-05,13731426.892083341
2013-03-06,13835829.864635952
2013-03-07,13848471.274380375
2013-03-08,13889248.295980139
2013-03-11,13907364.301878871
2013-03-12,13948053.169833511
2013-03-13,13972028.454649236
2013-03-14,14034111.609014915
2013-03-15,14148155.344844619
2013-03-18,14130621.206331102
2013-03-19,14184049.001264865
2013-03-20,14177298.858024728
2013-03-21,14263245.277643602
2013-03-22,14145331.865103086
2013-03-25,14295564.775699066
2013-03-26,14241533.717111142
2013-03-27,14311709.024912039
2013-03-28,14286504.285793835
2013-04-01,14239904.526906114
2013-04-02,14096826.483253846
2013-04-03,14097887.349814983
2013-04-04,14043742.296745405
2013-04-05,14091124.774800552
2013-04-08,14080262.82116921
2013-04-09,14071514.04625961
2013-04-10,14118111.74474266
2013-04-11,14217605.562299881
2013-04-12,14271048.690441646
2013-04-15,14153738.38971168
2013-04-16,13948818.646586617
2013-04-17,14085677.691274203
2013-04-18,13969092.471133497
2013-04-19,13954724.842194552
2013-04-22,14010164.314759675
2013-04-23,14105567.305728951
2013-04-24,14265613.343959918
2013-04-25,14265262.608771538
2013-04-26,14265865.747657944
2013-04-29,14257016.358965551
2013-04-30,14380170.669484027
2013-05-01,14262131.142092304
2013-05-02,14185418.54480733
2013-05-03,14316657.346096138
2013-05-06,14458943.318172758
2013-05-07,14530631.74366881
2013-05-08,14546659.631030032
2013-05-09,14552071.41869833
2013-05-10,14533095.93965371
2013-05-13,14552586.087815465
2013-05-14,14529997.48812134
2013-05-15,14660991.509823734
2013-05-16,14778199.089473685
2013-05-17,14690449.26566904
2013-05-20,14809315.860303031
2013-05-21,14816946.29909353
2013-05-22,14790047.02240132
2013-05-23,14701308.75520317
2013-05-24,14676704.334264506
2013-05-28,14658896.192484738
2013-05-29,14631450.066951979
2013-05-30,14534165.927704459
2013-05-31,14587388.019794893
2013-06-03,14441837.021831468
2013-06-04,14465712.358800307
2013-06-05,14436332.940600261
2013-06-06,14311073.161455864
2013-06-07,14311644.741224835
2013-06-10,14495252.275793493
2013-06-11,14470293.069607487
2013-06-12,14353741.584103635
2013-06-13,14270259.42048192
2013-06-14,14440015.117930146
2013-06-17,14349528.24951062
2013-06-18,14454644.777441403
2013-06-19,14558261.28333245
2013-06-20,14427169.680439364
2013-06-21,14167636.494682606
2013-06-24,14214981.880934505
2013-06-25,14064374.672660291
2013-06-26,14124089.33237219
2013-06-27,14355528.397373928
2013-06-28,14441811.753120903
2013-07-01,14452757.596659718
2013-07-02,14581399.900946394
2013-07-03,14588167.600346126
2013-07-05,14607161.851208199
2013-07-08,14739668.847416863
2013-07-09,14863428.325330602
2013-07-10,14977513.964287668
2013-07-11,14922768.749589773
2013-07-12,15136998.195418278
2013-07-15,15184114.217523517
2013-07-16,15272916.228333963
2013-07-17,15209886.335114622
2013-07-18,15315170.346708061
2013-07-19,15376395.928605342
2013-07-22,15393932.692749798
2013-07-23,15495739.952205317
2013-07-24,15453787.747361273
2013-07-25,15500089.910374518
2013-07-26,15479162.763133394
2013-07-29,15446753.458698984
2013-07-30,15373797.03786829
2013-07-31,15332695.951494828
2013-08-01,15325745.966191692
2013-08-02,15437550.769659242
2013-08-05,15485546.61464265
2013-08-06,15423385.134430995
2013-08-07,15289869.884884952
2013-08-08,15237001.285884945
2013-08-09,15275228.243679918
2013-08-12,15268556.379883187
2013-08-13,15165333.329719719
2013-08-14,15247895.00775692
2013-08-15,15160014.985993372
2013-08-16,14974356.490140282
2013-08-19,14892164.43021229
2013-08-20,14945549.992628904
2013-08-21,14970451.08442115
2013-08-22,14898381.166446198
2013-08-23,15011047.944387855
2013-08-26,15038022.93153395
2013-08-27,14912745.349290652
2013-08-28,14674522.429433113
2013-08-29,14811026.932230188
2013-08-30,14688974.93227149
2013-09-03,14623139.849703183
2013-09-04,14634726.969476879
2013-09-05,14728582.583043536
2013-09-06,14739464.671832066
2013-09-09,14784527.493516665
2013-09-10,14917786.669369983
2013-09-11,14980793.48870082
2013-09-12,14993890.843892256
2013-09-13,14993040.034229523
2013-09-16,14968394.957501762
2013-09-17,15084811.15254293
2013-09-18,15128494.809432242
2013-09-19,15248663.251502732
2013-09-20,15363299.595952649
2013-09-23,15332965.26986257
2013-09-24,15289602.646051493
2013-09-25,15254250.888808787
2013-09-26,15165716.331432037
2013-09-27,15234825.171319155
2013-09-30,15221649.175359841
2013-10-01,15160387.305574074
2013-10-02,15177579.879231561
2013-10-03,15148370.909787036
2013-10-04,15015882.168425702
2013-10-07,15108153.879062466
2013-10-08,15075435.976438472
2013-10-09,14932656.6229281
2013-10-10,14911754.246453164
2013-10-11,15280287.497523213
2013-10-14,15385365.172487043
2013-10-15,15440760.866958544
2013-10-16,15252764.248843122
2013-10-17,15439696.189050186
2013-10-18,15547717.749881988
2013-10-21,15599861.608136326
2013-10-22,15575729.065387014
2013-10-23,15713583.189152684
2013-10-24,15668170.917871093
2013-10-25,15663054.167679917
2013-10-28,15714220.785669811
2013-10-29,15643420.678893665
2013-10-30,15685411.107171878
2013-10-31,15531174.873273939
2013-11-01,15428050.395298546
2013-11-04,15478345.62142696
2013-11-05,15565267.979162762
2013-11-06,15496625.625891186
2013-11-07,15562862.766360061
2013-11-08,15447948.705088317
2013-11-11,15582094.675025083
2013-11-12,15622082.591111775
2013-11-13,15576349.441382496
2013-11-14,15620817.891688248
2013-11-15,15653669.338237738
2013-11-18,15762158.843224848
2013-11-19,15704321.59225797
2013-11-20,15712714.986992221
2013-11-21,15792124.200062176
2013-11-22,15871488.53624199
2013-11-25,15973593.71195152
2013-11-26,16058398.35934222
2013-11-27,16150684.624501577
2013-11-29,16228878.180711381
2013-12-02,16093987.0119776
2013-12-03,16085894.17741141
2013-12-04,15975734.110025119
2013-12-05,16043641.518950617
2013-12-06,16011346.503398672
2013-12-09,16093347.863580637
2013-12-10,16047889.909066586
2013-12-11,15988355.288882468
2013-12-12,15908218.510553982
2013-12-13,15910033.609230792
2013-12-16,16006417.923634198
2013-12-17,16068341.947678162
2013-12-18,15990422.743866973
2013-12-19,16141404.591209276
2013-12-20,16285473.42604932
2013-12-23,16394138.785026448
2013-12-24,16476949.844610142
2013-12-26,16441942.70010709
2013-12-27,16531702.707648687
2013-12-30,16499722.970233064
2013-12-31,16439370.29125026
2014-01-02,16472691.629851725
2014-01-03,16384833.637622813
2014-01-06,16320424.06249912
2014-01-07,16282739.281593056
2014-01-08,16358887.466322105
2014-01-09,16369511.63742103
2014-01-10,16384297.566244375
2014-01-13,16490330.490844788
2014-01-14,16262531.443079006
2014-01-15,16413741.975225737
2014-01-16,16524569.071711248
2014-01-17,16522306.345334318
2014-01-21,16542963.506422203
2014-01-22,16593962.297835363
2014-01-23,16618928.432674723
2014-01-24,16558093.292660762
2014-01-27,16197752.40497031
2014-01-28,16089749.891959362
2014-01-29,16124928.73134176
2014-01-30,16027848.158074755
2014-01-31,16096749.737984682
2014-02-03,15979103.813940024
2014-02-04,15698380.783038804
2014-02-05,15728350.534421293
2014-02-06,15621955.118949119
2014-02-07,15718177.706280192
2014-02-10,15856945.217545124
2014-02-11,15868977.884713443
2014-02-12,16054317.497189006
2014-02-13,16111853.052921366
2014-02-14,16168852.756335428
2014-02-18,16279007.551294582
2014-02-19,16218135.11438409
2014-02-20,16180765.487251807
2014-02-21,16286294.68822054
2014-02-24,16276299.635831809
2014-02-25,16307419.304279866
2014-02-26,16407606.600142304
2014-02-27,16354030.740906145
2014-02-28,16404041.031006163
2014-03-03,16443177.365727117
2014-03-04,16485011.466174413
2014-03-05,16631471.906516764
2014-03-06,16642167.922012562
2014-03-07,16695589.639173323
2014-03-10,16709604.849993072
2014-03-11,16665280.705557305
2014-03-12,16643814.527285159
2014-03-13,16698150.255721949
2014-03-14,16635021.384499261
2014-03-17,16540661.579641126
2014-03-18,16715134.974283453
2014-03-19,16780552.3277373
2014-03-20,16721618.484765667
2014-03-21,16895013.79147001
2014-03-24,16830803.50087035
2014-03-25,16739367.822621385
2014-03-26,16702004.932464492
2014-03-27,16566920.274246065
2014-03-28,16517839.633054085
2014-03-31,16707724.116598362
2014-04-01,16816873.35090501
2014-04-02,16901596.23794886
2014-04-03,16900924.576493297
2014-04-04,16814753.027050056
2014-04-07,16710766.527479894
2014-04-08,16560435.683319448
2014-04-09,16550018.09005099
2014-04-10,16699104.536061315
2014-04-11,16408557.994197506
2014-04-14,16261027.313246328
2014-04-15,16264607.931680184
2014-04-16,16294085.875511467
2014-04-17,16464522.747976497
2014-04-21,16460400.003719436
2014-04-22,16545508.463654445
2014-04-23,16565722.86308307
2014-04-24,16490124.511208056
2014-04-25,16469012.611453095
2014-04-28,16320193.455050392
2014-04-29,16310076.913892994
2014-04-30,16372942.588938247
2014-05-01,16412956.400105996
2014-05-02,16447762.589121833
2014-05-05,16377197.981844883
2014-05-06,16372544.99822273
2014-05-07,16254102.338410057
2014-05-08,16288155.773278313
2014-05-09,16380022.91453287
2014-05-12,16512063.783798583
2014-05-13,16475884.80237473
2014-05-14,16356728.517628435
2014-05-15,16339520.527286632
2014-05-16,16284805.10366048
2014-05-19,16376138.95518585
2014-05-20,16368276.451763043
2014-05-21,16245731.316478953
2014-05-22,16417650.297843654
2014-05-23,16519912.04816246
2014-05-27,16628783.680885034
2014-05-28,16633122.726871977
2014-05-29,16554025.719664099
2014-05-30,16614202.280262804
2014-06-02,16591385.472028324
2014-06-03,16577805.440321974
2014-06-04,16601550.130999828
2014-06-05,16812587.695126824
2014-06-06,16927820.932907987
2014-06-09,17011530.954075616
2014-06-10,16975453.069526564
2014-06-11,16926156.216563568
2014-06-12,16898208.604196023
2014-06-13,16801199.011199687
2014-06-16,16814811.422275797
2014-06-17,16900749.229640212
2014-06-18,16910114.635987446
2014-06-19,16983925.04709862
2014-06-20,17020307.761123985
2014-06-23,16998738.59939003
2014-06-24,17021263.952296
2014-06-25,16932902.32840456
2014-06-26,16984170.348054357
2014-06-27,17057238.582857065
2014-06-30,17060535.77197554
2014-07-01,17056838.271373227
2014-07-02,17065408.204478823
2014-07-03,17057104.26961352
2014-07-07,17032815.0322994
2014-07-08,17048101.564886022
2014-07-09,16921949.791978803
2014-07-10,16951855.632454846
2014-07-11,16881459.191783633
2014-07-14,16896088.13738493
2014-07-15,16941454.641022187
2014-07-16,16856762.88103154
2014-07-17,16889041.46294644
2014-07-18,16799918.654622246
2014-07-21,16875010.61165799
2014-07-22,16843240.32532485
2014-07-23,16891173.861739155
2014-07-24,16916394.932223875
2014-07-25,16862742.54725953
2014-07-28,16785247.673270095
2014-07-29,16787295.16153347
2014-07-30,16721787.744408935
2014-07-31,16753666.329084782
2014-08-01,16547322.38616307
2014-08-04,16508431.644136712
2014-08-05,16623352.088744491
2014-08-06,16580868.455135882
2014-08-07,16639068.978508256
2014-08-08,16582320.071631726
2014-08-11,16773870.660765728
2014-08-12,16751655.972301079
2014-08-13,16738576.001110438
2014-08-14,16790779.57554934
2014-08-15,16837308.613841068
2014-08-18,16890848.433451075
2014-08-19,16956306.063350245
2014-08-20,16955101.954847675
2014-08-21,16999125.91865287
2014-08-22,17012291.72447413
2014-08-25,16956208.74215405
2014-08-26,17062347.560615677
2014-08-27,17046135.64301816
2014-08-28,17004031.349494405
2014-08-29,17029436.637948923
2014-09-02,17093928.324052207
2014-09-03,17055211.959049672
2014-09-04,17011714.22627124
2014-09-05,17002626.09171693
2014-09-08,17092341.420319285
2014-09-09,17021091.947218843
2014-09-10,16888295.026343994
2014-09-11,16974128.08132341
2014-09-12,16870480.520660408
2014-09-15,16720177.654710624
2014-09-16,16742907.64018146
2014-09-17,16807948.216899224
2014-09-18,16795245.64193313
2014-09-19,16812388.73187466
2014-09-22,16715300.168025745
2014-09-23,16583361.153331038
2014-09-24,16462432.450809466
2014-09-25,16610687.631794406
2014-09-26,16405292.485524602
2014-09-29,16474251.13622921
2014-09-30,16309373.399820033
2014-10-01,16377638.83174138
2014-10-02,16291159.110094352
2014-10-03,16233877.998657182
2014-10-06,16338614.016892932
2014-10-07,16366022.901963826
2014-10-08,16315061.645069774
2014-10-09,16500461.573727032
2014-10-10,16353645.210864332
2014-10-13,16517393.775096344
2014-10-14,16451485.89717824
2014-10-15,16516008.645136593
2014-10-16,16556673.958179895
2014-10-17,16420994.308571685
2014-10-20,16572530.645369548
2014-10-21,16639528.90529951
2014-10-22,16799283.85177036
2014-10-23,16699763.838427668
2014-10-24,16730252.152987288
2014-10-27,16855444.20396851
2014-10-28,17040627.86204362
2014-10-29,17115587.470183253
2014-10-30,17139879.444863167
2014-10-31,17255767.60148777
2014-11-03,17355758.75461591
2014-11-04,17372559.01481092
2014-11-05,17281348.16197318
2014-11-06,17302918.53304946
2014-11-07,17406118.344344687
2014-11-10,17466123.52500575
2014-11-11,17449425.6162037
2014-11-12,17518628.42659799
2014-11-13,17420460.71958973
2014-11-14,17374555.611483615
2014-11-17,17315470.73225189
2014-11-18,17272499.62776746
2014-11-19,17213315.529839296
2014-11-20,17308609.7525553
2014-11-21,17257176.564688195
2014-11-24,17428597.60412654
2014-11-25,17469885.581211586
2014-11-26,17495837.431984704
2014-11-28,17397382.934108485
2014-12-01,17318378.21815312
2014-12-02,17357175.91405984
2014-12-03,17467262.331043575
2014-12-04,17483921.06263219
2014-12-05,17475085.382304594
2014-12-08,17395415.10955183
2014-12-09,17574925.507253163
2014-12-10,17478791.897309717
2014-12-11,17336535.843026422
2014-12-12,17356051.939673424
2014-12-15,17064122.90469826
2014-12-16,17088956.070996452
2014-12-17,17126786.898802612
2014-12-18,17149728.11946548
2014-12-19,17468206.9143003
2014-12-22,17561219.539072353
2014-12-23,18357122.935274344
2014-12-24,18335269.008995276
2014-12-26,18392726.198514912
2014-12-29,18506985.000075728
2014-12-30,18549297.377173662
2014-12-31,18412821.364927486
2015-01-02,18324916.034647297
2015-01-05,18369620.757511247
2015-01-06,18126790.738897167
2015-01-07,17993619.76598129
2015-01-08,18053806.813714582
2015-01-09,18161811.99014283
2015-01-12,18115330.12294443
2015-01-13,18067787.314201348
2015-01-14,18037405.109872214
2015-01-15,17971366.432496633
2015-01-16,17957901.13842528
2015-01-20,17946495.54073135
2015-01-21,17877030.98953798
2015-01-22,18085810.629059575
2015-01-23,18198332.444076523
2015-01-26,18199793.79177223
2015-01-27,18286222.41065625
2015-01-28,18145224.09261569
2015-01-29,18062991.997861054
2015-01-30,18015858.289506525
2015-02-02,17895818.96233631
2015-02-03,18066356.289981596
2015-02-04,18182842.0145296
2015-02-05,18253555.13540484
2015-02-06,18301812.602014307
2015-02-09,18213019.51323055
2015-02-10,18090860.350058764
2015-02-11,18167389.084757358
2015-02-12,18261806.273504212
2015-02-13,18315348.96286663
2015-02-17,18336383.041835118
2015-02-18,18345412.142821677
2015-02-19,18316582.844185207
2015-02-20,18316835.871218912
2015-02-23,18410110.82779365
2015-02-24,18392889.670310948
2015-02-25,18427224.80652666
2015-02-26,18461277.173468612
2015-02-27,18524158.1839123
2015-03-02,18502271.92433363
2015-03-03,18567787.846116137
2015-03-04,18505767.970716875
2015-03-05,18479198.38978282
2015-03-06,18482971.45883876
2015-03-09,18367635.42968138
2015-03-10,18449487.570891693
2015-03-11,18316488.126676623
2015-03-12,18425290.0218423
2015-03-13,18586852.381104983
2015-03-16,18434509.746188432
2015-03-17,18639650.822387066
2015-03-18,18588577.536222775
2015-03-19,18724420.175498575
2015-03-20,18743496.597659625
2015-03-23,18874593.091871448
2015-03-24,18872110.68076237
2015-03-25,18774056.538031057
2015-03-26,18623761.987119693
2015-03-27,18638058.79689155
2015-03-30,18676789.170008846
2015-03-31,18834021.594870415
2015-04-01,18817556.16348924
2015-04-02,18809274.64935064
2015-04-06,18808254.445319183
2015-04-07,18828254.57631079
2015-04-08,18814170.864225093
2015-04-09,18716171.03900647
2015-04-10,18790995.85278054
2015-04-13,18908048.41349923
2015-04-14,18856975.086742043
2015-04-15,18906330.120366126
2015-04-16,18952865.845356997
2015-04-17,18911006.130394705
2015-04-20,18853261.018709898
2015-04-21,18913330.33374651
2015-04-22,18868472.884057898
2015-04-23,18923341.542218495
2015-04-24,18922052.95972783
2015-04-27,18961763.280205805
2015-04-28,18983044.395229373
2015-04-29,18941159.091939572
2015-04-30,18821087.13976319
2015-05-01,18619659.540550064
2015-05-04,18719017.867857814
2015-05-05,18742556.833316576
2015-05-06,18711805.765984934
2015-05-07,18687910.03692862
2015-05-08,18672415.581429165
2015-05-11,18832294.938452985
2015-05-12,18812617.68795786
2015-05-13,18765484.40270804
2015-05-14,18800385.000313982
2015-05-15,18857028.261395182
2015-05-18,18928477.596621215
2015-05-19,18967280.325090684
2015-05-20,18965620.823252317
2015-05-21,18902008.587828267
2015-05-22,18885017.152552128
2015-05-26,18867213.89957276
2015-05-27,18792386.387186788
2015-05-28,18896769.27932666
2015-05-29,18879559.78247483
2015-06-01,18820643.250730645
2015-06-02,18851028.46841084
2015-06-03,18879673.793206237
2015-06-04,18888769.06733387
2015-06-05,18859576.993761793
2015-06-08,18883135.843808405
2015-06-09,18830516.673641473
2015-06-10,18857647.953291677
2015-06-11,18972884.62261561
2015-06-12,19054421.47246119
2015-06-15,18977464.86022644
2015-06-16,18968369.28277931
2015-06-17,18967418.79454491
2015-06-18,19024502.330762595
2015-06-19,19195943.182323452
2015-06-22,19144067.142529454
2015-06-23,19229650.63127255
2015-06-24,19254623.531493925
2015-06-25,19189280.523958057
2015-06-26,19154441.53106014
2015-06-29,19084038.274913836
2015-06-30,18866716.059351224
2015-07-01,18978344.967682842
2015-07-02,19024058.78645537
2015-07-06,19102107.48556734
2015-07-07,19056946.67725576
2015-07-08,19199472.417547125
2015-07-09,19018990.526303533
2015-07-10,19062794.59614845
2015-07-13,19113994.98791612
2015-07-14,19232874.60184709
2015-07-15,19274672.024224896
2015-07-16,19247421.782681428
2015-07-17,19289595.903511208
2015-07-20,19261406.54055841
2015-07-21,19249259.67643628
2015-07-22,19304294.685813233
2015-07-23,19135440.678910833
2015-07-24,19073497.7927844
2015-07-27,19047530.49438504
2015-07-28,18930409.9006922
2015-07-29,19151766.85389831
2015-07-30,19216430.72230409
2015-07-31,19271362.200703274
2015-08-03,19314688.60079922
2015-08-04,19303750.116749723
2015-08-05,19248887.50729958
2015-08-06,19317329.42928879
2015-08-07,19215607.65738064
2015-08-10,19166727.04570873
2015-08-11,19322604.3904608
2015-08-12,19202518.74715519
2015-08-13,19217188.77192546
2015-08-14,19277892.539322
2015-08-17,19316859.105232388
2015-08-18,19434199.025306202
2015-08-19,19422906.30539329
2015-08-20,19395364.158007894
2015-08-21,19339648.15853441
2015-08-24,18799135.643606786
2015-08-25,18672560.69383637
2015-08-26,18595066.297143694
2015-08-27,18689389.270890422
2015-08-28,18771442.202626005
2015-08-31,18795762.072448257
2015-09-01,18779916.024065197
2015-09-02,18677718.482051823
2015-09-03,18738183.751720715
2015-09-04,18755340.264418904
2015-09-08,18696437.913410675
2015-09-09,18769960.677856777
2015-09-10,18729377.860025726
2015-09-11,18768985.673838813
2015-09-14,18791580.58927606
2015-09-15,18773538.52514786
2015-09-16,18801725.54569222
2015-09-17,18844011.485264685
2015-09-18,18854054.467789013
2015-09-21,18857512.260985706
2015-09-22,18883429.65159619
2015-09-23,18861372.43449197
2015-09-24,18869369.100070477
2015-09-25,18847247.398804042
2015-09-28,18872182.5621852
2015-09-29,18781910.36230744
2015-09-30,18607999.13730653
2015-10-01,18763081.258306023
2015-10-02,18745738.104058146
2015-10-05,19001439.85777145
2015-10-06,19147208.117227517
2015-10-07,19252723.89462813
2015-10-08,19396043.996064782
2015-10-09,19424619.550369274
2015-10-12,19511797.721155576
2015-10-13,19426880.57009965
2015-10-14,19271494.67595538
2015-10-15,19261944.31128325
2015-10-16,19376595.586395822
2015-10-19,19458228.748372674
2015-10-20,19538117.79434814
2015-10-21,19469322.77169943
2015-10-22,19445192.465555273
2015-10-23,19472504.956410848
2015-10-26,19583542.081122484
2015-10-27,19444380.050649107
2015-10-28,19523691.571347393
2015-10-29,19588155.91224308
2015-10-30,19550697.686591804
2015-11-02,19566728.441296995
2015-11-03,19665329.719601255
2015-11-04,19760146.289304674
2015-11-05,19859512.048905484
2015-11-06,19859493.3960698
2015-11-09,19770386.065333612
2015-11-10,19739109.92132288
2015-11-11,19786160.996346164
2015-11-12,19656433.75354803
2015-11-13,19532508.35838918
2015-11-16,19372251.822842002
2015-11-17,19482366.903500553
2015-11-18,19496263.250420455
2015-11-19,19556514.068672977
2015-11-20,19606329.781416606
2015-11-23,19655761.781254712
2015-11-24,19712865.215981465
2015-11-25,19791039.2621229
2015-11-27,19839970.550630294
2015-11-30,19888846.715783678
2015-12-01,19827858.723861486
2015-12-02,19896068.797620386
2015-12-03,19721914.854345817
2015-12-04,19514134.26592344
2015-12-07,19588070.68474978
2015-12-08,19480883.93182996
2015-12-09,19397576.31857548
2015-12-10,19311676.861993633
2015-12-11,19345779.778190207
2015-12-14,19058802.910079893
2015-12-15,19183368.991535652
2015-12-16,19372632.443740014
2015-12-17,19528395.950715143
2015-12-18,19358630.33258443
2015-12-21,19166066.09676327
2015-12-22,19294609.41736385
2015-12-23,19362438.213422403
2015-12-24,19497260.311219506
2015-12-28,19470026.254089873
2015-12-29,19478655.00587043
2015-12-30,19561335.578218523
2015-12-31,19403532.61181601
2016-01-04,19068009.54599643
2016-01-05,18946250.421582393
2016-01-06,19024780.2707528
2016-01-07,18868802.040507056
2016-01-08,18461436.131294653
2016-01-11,18380319.85068731
2016-01-12,18254747.775441077
2016-01-13,18209943.026499312
2016-01-14,17915357.075161174
2016-01-15,18117944.06939904
2016-01-19,17762047.012851514
2016-01-20,17874143.143585153
2016-01-21,17590815.42297187
2016-01-22,17689121.196305726
2016-01-25,17787265.92658467
2016-01-26,17797778.92817557
2016-01-27,17952606.970182262
2016-01-28,17882829.909467794
2016-01-29,18021715.2642004
2016-02-01,18211374.150257073
2016-02-02,18144375.743721757
2016-02-03,17880713.082467787
2016-02-04,17876055.034430668
2016-02-05,17867066.5697388
2016-02-08,17737848.503460467
2016-02-09,17500702.796311952
2016-02-10,17499005.87737319
2016-02-11,17427275.71457984
2016-02-12,17306914.104087632
2016-02-16,17562603.620522633
2016-02-17,17690923.349463098
2016-02-18,17848877.508211996
2016-02-19,17936664.110180344
2016-02-22,17875639.31990126
2016-02-23,18091206.982631706
2016-02-24,18008336.288806334
2016-02-25,18175297.349098857
2016-02-26,18428686.585823946
2016-02-29,18397765.540806487
2016-03-01,18277285.781371858
2016-03-02,18556497.995147858
2016-03-03,18672257.170297455
2016-03-04,18752106.063230157
2016-03-07,18893039.004972357
2016-03-08,18840864.487653516
2016-03-09,18679547.656822
2016-03-10,18679554.392539598
2016-03-11,18755048.63915916
2016-03-14,18896834.980230264
2016-03-15,18772041.321852047
2016-03-16,18717367.70195245
2016-03-17,18981722.722299073
2016-03-18,19077407.520224884
2016-03-21,19037949.585750256
2016-03-22,19070650.708052035
2016-03-23,18938607.29629829
2016-03-24,18892457.817619123
2016-03-28,18869669.68989934
2016-03-29,19048350.460944593
2016-03-30,19147099.425849494
2016-03-31,19173254.574533768
2016-04-01,19100017.08740999
2016-04-04,19100056.67372721
2016-04-05,19065368.915454842
2016-04-06,18865668.569449805
2016-04-07,18965718.946823098
2016-04-08,18867243.13826034
2016-04-11,18946475.324139524
2016-04-12,18918967.419288725
2016-04-13,19167239.67499426
2016-04-14,19294335.84489159
2016-04-15,19328458.660339788
2016-04-18,19298101.080549598
2016-04-19,19415523.189732954
2016-04-20,19418889.82432664
2016-04-21,19379782.44306227
2016-04-22,19446608.94492752
2016-04-25,19411641.301066507
2016-04-26,19488698.14770144
2016-04-27,19530222.826978523
2016-04-28,19577850.25994435
2016-04-29,19479104.739465784
2016-05-02,19404103.032217387
2016-05-03,19469867.171404198
2016-05-04,19404335.074817352
2016-05-05,19268739.875830088
2016-05-06,19277439.98037132
2016-05-09,19271785.033347275
2016-05-10,19251052.79735247
2016-05-11,19385469.68892491
2016-05-12,19253746.708116047
2016-05-13,19277272.149819423
2016-05-16,19152510.71926886
2016-05-17,19145601.231971856
2016-05-18,19134112.828322027
2016-05-19,19033518.056303818
2016-05-20,19057865.491877615
2016-05-23,19122793.829563644
2016-05-24,19230465.469516464
2016-05-25,19372900.29847567
2016-05-26,19374547.77433205
2016-05-27,19435724.596330892
2016-05-31,19481543.30087328
2016-06-01,19481679.619249504
2016-06-02,19503734.762469925
2016-06-03,19499252.357588507
2016-06-06,19505172.17201788
2016-06-07,19545285.52597022
2016-06-08,19651653.422308177
2016-06-09,19648597.582111552
2016-06-10,19647153.63446315
2016-06-13,19420633.094992317
2016-06-14,19307965.095985178
2016-06-15,19231171.057943374
2016-06-16,19152660.23438629
2016-06-17,19213064.424608935
2016-06-20,19207445.77809903
2016-06-21,19252661.31020091
2016-06-22,19240176.62192893
2016-06-23,19310993.101784185
2016-06-24,19364021.3527227
2016-06-27,18748351.09112152
2016-06-28,18379441.46433331
2016-06-29,18625363.21534046
2016-06-30,18913123.546927277
2016-07-01,19014841.566165738
2016-07-05,18981013.20306479
2016-07-06,18880984.56424182
2016-07-07,19011001.077950954
2016-07-08,19097251.489783242
2016-07-11,19408169.169151574
2016-07-12,19529604.122396246
2016-07-13,19649106.384010755
2016-07-14,19617998.139522806
2016-07-15,19760710.856432833
2016-07-18,19611008.192435782
2016-07-19,19645447.596487492
2016-07-20,19594835.465560116
2016-07-21,19595806.3091944
2016-07-22,19642793.067206014
2016-07-25,19695592.596278157
2016-07-26,19716152.41278516
2016-07-27,19792130.88292539
2016-07-28,19744245.449617106
2016-07-29,19750534.23031339
2016-08-01,19729951.93868457
2016-08-02,19728886.483839348
2016-08-03,19676462.64139601
2016-08-04,19725591.22723186
2016-08-05,19852266.871797763
2016-08-08,19960345.85493558
2016-08-09,19985066.315870196
2016-08-10,19980839.551332254
2016-08-11,19883431.41619868
2016-08-12,19951687.491439253
2016-08-15,20004896.585032765
2016-08-16,20088482.054430686
2016-08-17,19966626.282901242
2016-08-18,20057720.627181284
2016-08-19,20094557.34385184
2016-08-22,20094015.061042115
2016-08-23,20147842.849424664
2016-08-24,20264236.907758243
2016-08-25,20218793.69571112
2016-08-26,20241695.909247942
2016-08-29,20182937.573037032
2016-08-30,20393155.53246979
2016-08-31,20350065.070919342
2016-09-01,20265205.274970938
2016-09-02,20286429.80076577
2016-09-06,20242248.481251854
2016-09-07,20410239.908675585
2016-09-08,20439519.11290702
2016-09-09,20528029.662022166
2016-09-12,19962031.16989054
2016-09-13,20223586.22528757
2016-09-14,19915107.32177024
2016-09-15,19836111.070980176
2016-09-16,20021302.631530143
2016-09-19,19998583.64329721
2016-09-20,19957866.76798873
2016-09-21,19870081.74944416
2016-09-22,20135341.312494855
2016-09-23,20263966.479604132
2016-09-26,20126976.334633842
2016-09-27,19954904.046229538
2016-09-28,20079140.04947613
2016-09-29,20136681.867270038
2016-09-30,19982265.30119204
2016-10-03,20047490.59440979
2016-10-04,20056059.50910522
2016-10-05,19968581.603827387
2016-10-06,20052150.873023123
2016-10-07,20043703.60341878
2016-10-10,20020049.121304683
2016-10-11,20136060.892819937
2016-10-12,19974461.837310243
2016-10-13,19850274.480858237
2016-10-14,19846629.506883815
2016-10-17,19870755.746920113
2016-10-18,19746466.841413714
2016-10-19,19862526.984787725
2016-10-20,19847996.281077165
2016-10-21,19839965.259948857
2016-10-24,19891789.301229246
2016-10-25,19951342.118165
2016-10-26,19843181.27409076
2016-10-27,19807168.602411192
2016-10-28,19658098.105793368
2016-10-31,19659081.518097334
2016-11-01,19581082.128428407
2016-11-02,19398328.44684952
2016-11-03,19484655.119468506
2016-11-04,19485825.58445317
2016-11-07,19363386.31547247
2016-11-08,19686773.084254973
2016-11-09,20091688.62048534
2016-11-10,20533394.138560127
2016-11-11,21057392.93173321
2016-11-14,21105197.127691574
2016-11-15,21026695.76446208
2016-11-16,21248547.596639484
2016-11-17,21197297.31580535
2016-11-18,21482490.078503657
2016-11-21,21353717.374373313
2016-11-22,21647586.989244055
2016-11-23,21704195.52202655
2016-11-25,21684947.71946647
2016-11-28,21651256.056649245
2016-11-29,21552146.560263455
2016-11-30,21650734.302879386
2016-12-01,21693449.6213424
2016-12-02,21576888.263171908
2016-12-05,21779619.8279555
2016-12-06,22018811.955405105
2016-12-07,22025376.00101231
2016-12-08,22531086.115443595
2016-12-09,22526838.92691741
2016-12-12,22452044.65458751
2016-12-13,22237463.42780832
2016-12-14,22352640.836733446
2016-12-15,22221235.412549008
2016-12-16,22356975.62429653
2016-12-19,22410267.89691586
2016-12-20,22541714.88436015
2016-12-21,22671258.24736689
2016-12-22,22567114.166246008
2016-12-23,22577246.24021411
2016-12-27,22605008.996866964
2016-12-28,22694958.50266344
2016-12-29,22581600.075893026
2016-12-30,22535228.719156813
2017-01-03,22414240.551546045
2017-01-04,22617450.275718275
2017-01-05,22533363.499539014
2017-01-06,22437515.501268722
2017-01-09,22355040.990862455
2017-01-10,22447979.656454936
2017-01-11,22485945.821513735
2017-01-12,22357101.55823071
2017-01-13,22384011.552704282
2017-01-17,22267121.482335478
2017-01-18,22261521.35627379
2017-01-19,22211837.739848748
2017-01-20,22153083.920842987
2017-01-23,22230538.533461314
2017-01-24,22312181.183211006
2017-01-25,22340222.813811496
2017-01-26,22463360.834031418
2017-01-27,22415386.457844026
2017-01-30,22241186.7820869
2017-01-31,22161951.78823307
2017-02-01,22120996.874454398
2017-02-02,22063114.282485567
2017-02-03,22248052.722566333
2017-02-06,22308825.240209688
2017-02-07,22230518.82403224
2017-02-08,22093386.262349106
2017-02-09,22182029.573731605
2017-02-10,22318909.418422054
2017-02-13,22417055.114296984
2017-02-14,22458383.481419474
2017-02-15,22534484.95492475
2017-02-16,22627144.30932667
2017-02-17,22553527.060417127
2017-02-21,22544924.30142462
2017-02-22,22655835.233704828
2017-02-23,22658079.89690806
2017-02-24,22592378.56725541
2017-02-27,22612366.117319703
2017-02-28,22554773.259026937
2017-03-01,22532081.330616824
2017-03-02,22759465.724085134
2017-03-03,22682258.90584106
2017-03-06,22660717.296886962
2017-03-07,22672316.244943358
2017-03-08,22518162.66313485
2017-03-09,22417536.49723161
2017-03-10,22453027.941996977
2017-03-13,22522051.994530346
2017-03-14,22561853.722912
2017-03-15,22468009.956489153
2017-03-16,22769923.478511114
2017-03-17,22864895.552759666
2017-03-20,22723081.12026885
2017-03-21,22513731.34047145
2017-03-22,22130552.881200902
2017-03-23,22347763.483808722
2017-03-24,22348780.53095092
2017-03-27,22346848.405585002
2017-03-28,22271342.5579075
2017-03-29,22415613.573674116
2017-03-30,22588170.78274857
2017-03-31,22673038.562658988
2017-04-03,22508077.394048594
2017-04-04,22429036.455632318
2017-04-05,22316538.197596654
2017-04-06,22345535.60660137
2017-04-07,22456885.8533454
2017-04-10,22456670.6476206
2017-04-11,22557276.82455881
2017-04-12,22461704.45858591
2017-04-13,22357976.208619826
2017-04-17,22243726.455293432
2017-04-18,22522898.22507891
2017-04-19,22591971.68107792
2017-04-20,22572054.929449774
2017-04-21,22830570.252942927
2017-04-24,22719887.743962478
2017-04-25,22926085.090981588
2017-04-26,23211810.018360175
2017-04-27,23195203.98977981
2017-04-28,23065572.057677135
2017-05-01,23077932.999121703
2017-05-02,23030274.332212556
2017-05-03,22956806.15676813
2017-05-04,22916629.45522121
2017-05-05,22988226.133072402
2017-05-08,23011684.97461906
2017-05-09,23001192.28814317
2017-05-10,22952252.979008984
2017-05-11,22894309.479707465
2017-05-12,22783627.738335107
2017-05-15,22757650.78597746
2017-05-16,22910634.73605204
2017-05-17,22920736.268161945
2017-05-18,22468184.233782426
2017-05-19,22434118.993766315
2017-05-22,22569971.864234235
2017-05-23,22689154.976452895
2017-05-24,22775968.86531366
2017-05-25,22728007.448795173
2017-05-26,22805489.874761518
2017-05-30,22686797.913303692
2017-05-31,22711917.252061803
2017-06-01,22765387.56359289
2017-06-02,22941667.704278864
2017-06-05,22914873.53107011
2017-06-06,22915342.76050169
2017-06-07,22837268.15680178
2017-06-08,23093030.51453199
2017-06-09,23310944.546314597
2017-06-12,23290435.592377223
2017-06-13,23253468.42360568
2017-06-14,23363594.21143805
2017-06-15,23321216.317149147
2017-06-16,23239145.866793685
2017-06-19,23054466.116814494
2017-06-20,23286631.213404294
2017-06-21,23031155.087494932
2017-06-22,23051234.655016802
2017-06-23,23148741.261080593
2017-06-26,23186739.295980103
2017-06-27,23234696.364914704
2017-06-28,23063691.938715447
2017-06-29,23376116.95046529
2017-06-30,23045366.360194728
2017-07-03,23198932.382060394
2017-07-05,23142200.616508435
2017-07-06,23233448.756782066
2017-07-07,23063319.50843622
2017-07-10,23102043.74171347
2017-07-11,23150393.611829963
2017-07-12,23078500.98270052
2017-07-13,23161726.097487807
2017-07-14,23152591.17901481
2017-07-17,23309808.675290626
2017-07-18,23274644.225550447
2017-07-19,23292106.40592156
2017-07-20,23392383.848346185
2017-07-21,23383174.559228137
2017-07-24,23392855.936945394
2017-07-25,23433546.14352238
2017-07-26,23468552.658702575
2017-07-27,23393446.271343686
2017-07-28,23375505.039660797
2017-07-31,23453412.2991052
2017-08-01,23437059.76188552
2017-08-02,23331917.168507446
2017-08-03,23254285.938320994
2017-08-04,23248071.498439875
2017-08-07,23257664.183508847
2017-08-08,23439909.209677592
2017-08-09,23311206.301187232
2017-08-10,23348472.233978238
2017-08-11,22988319.67492994
2017-08-14,23092431.808714204
2017-08-15,23194134.81795822
2017-08-16,23206793.67931455
2017-08-17,23313963.76473272
2017-08-18,23002774.63900792
2017-08-21,23002632.060097907
2017-08-22,22855250.36520916
2017-08-23,23076711.90172597
2017-08-24,23102534.869556937
2017-08-25,23045444.571891896
2017-08-28,23041679.432919078
2017-08-29,22981000.11122643
2017-08-30,22989005.978563763
2017-08-31,23109815.922812514
2017-09-01,23250876.61195107
2017-09-05,23177324.300948218
2017-09-06,23016577.637188025
2017-09-07,23016953.354959566
2017-09-08,23129768.00038934
2017-09-11,23140793.683125786
2017-09-12,23352389.666613873
2017-09-13,23408747.622390784
2017-09-14,23411230.148453947
2017-09-15,23427503.36958492
2017-09-18,23508381.07506988
2017-09-19,23572813.874117177
2017-09-20,23623554.80817523
2017-09-21,23745921.711188592
2017-09-22,23820025.28227691
2017-09-25,23847499.413996
2017-09-26,23895399.14152336
2017-09-27,24102306.25770573
2017-09-28,24285086.61025884
2017-09-29,24196720.734464057
2017-10-02,24347106.075202215
2017-10-03,24376490.279713504
2017-10-04,24318303.045154054
2017-10-05,24312980.633201625
2017-10-06,24437916.360799942
2017-10-09,24422320.93315288
2017-10-10,24429754.41132458
2017-10-11,24441692.50473058
2017-10-12,24492906.73218209
2017-10-13,24418842.272565562
2017-10-16,24412942.614584073
2017-10-17,24502473.721417062
2017-10-18,24590147.895112798
2017-10-19,24621701.706826042
2017-10-20,24622261.784273777
2017-10-23,24663401.30138934
2017-10-24,24578809.950876553
2017-10-25,24613647.272781
2017-10-26,24494586.612017717
2017-10-27,24450192.892413266
2017-10-30,24377709.411775287
2017-10-31,24430774.91047205
2017-11-01,24348080.980455227
2017-11-02,24443674.84416343
2017-11-03,24236972.179224893
2017-11-06,24233663.51430286
2017-11-07,24090105.739333976
2017-11-08,23990593.083053526
2017-11-09,24042324.369675677
2017-11-10,23971920.313229054
2017-11-13,23991627.72725492
2017-11-14,24091540.329346616
2017-11-15,24099072.18101453
2017-11-16,24061173.76007868
2017-11-17,24359068.10362612
2017-11-20,24349865.877532583
2017-11-21,24397402.93751773
2017-11-22,24505332.69844211
2017-11-24,24454276.017323736
2017-11-27,24488311.44352819
2017-11-28,24483114.32485603
2017-11-29,24775834.002947442
2017-11-30,24582063.692402758
2017-12-01,24698572.531414095
2017-12-04,24748660.498121183
2017-12-05,24659369.130088337
2017-12-06,24516282.171431642
2017-12-07,24492121.142056108
2017-12-08,24404810.62965211
2017-12-11,24384591.27285818
2017-12-12,24419176.84748881
2017-12-13,24501950.866138507
2017-12-14,24433192.120729055
2017-12-15,24488745.293979917
2017-12-18,24632231.324546818
2017-12-19,24613567.236688767
2017-12-20,24578703.99076371
2017-12-21,24587114.509389814
2017-12-22,24554896.963662952
2017-12-26,24548405.032564808
2017-12-27,24507402.32015
2017-12-28,24549380.93883974
2017-12-29,24502321.35597691
2018-01-02,24382486.9026373
2018-01-03,24368766.275048018
2018-01-04,24363457.84218751
2018-01-05,24362532.49600984
2018-01-08,24447656.215824135
2018-01-09,24427466.51089235
2018-01-10,24534220.981529217
2018-01-11,24601218.3739465
2018-01-12,24645086.392091583
2018-01-16,24717753.326519944
2018-01-17,24663187.87963795
2018-01-18,24700022.78673625
2018-01-19,24765481.990757756
2018-01-22,24712079.440025043
2018-01-23,24841919.92375974
2018-01-24,24805552.092423942
2018-01-25,24836130.232265376
2018-01-26,24585597.54188096
2018-01-29,24718672.12730015
2018-01-30,24679099.535031397
2018-01-31,24428011.23529402
2018-02-01,24502172.147071756
2018-02-02,24613373.97576151
2018-02-05,24291083.30356934
2018-02-06,23530520.833197795
2018-02-07,23869325.18994013
2018-02-08,23952703.485230137
2018-02-09,23535812.054695155
2018-02-12,23545967.570131917
2018-02-13,23724854.618964445
2018-02-14,23754922.581038117
2018-02-15,23846821.000695154
2018-02-16,24064926.07048799
2018-02-20,24025748.27841883
2018-02-21,24067850.906616658
2018-02-22,23958892.80367397
2018-02-23,23949059.84186993
2018-02-26,24065178.47102008
2018-02-27,24069190.980381288
2018-02-28,23866198.225627102
2018-03-01,23982267.905305944
2018-03-02,24009371.50898675
2018-03-05,23934415.767189052
2018-03-06,24201397.466148447
2018-03-07,24356453.60718215
2018-03-08,24318994.221837703
2018-03-09,24404322.661051854
2018-03-12,24702345.77504579
2018-03-13,24725056.45193538
2018-03-14,24689477.020847883
2018-03-15,24644786.83415384
2018-03-16,24741949.147791117
2018-03-19,24811317.256173406
2018-03-20,24586019.935577746
2018-03-21,24648792.979286786
2018-03-22,24608818.50932872
2018-03-23,24209353.903945614
2018-03-26,24079338.447544914
2018-03-27,24401180.597084187
2018-03-28,24394232.50988492
2018-03-29,24229362.57255145
2018-04-02,24337781.19095464
2018-04-03,24181026.978599664
2018-04-04,24357116.439724635
2018-04-05,24524908.107357685
2018-04-06,24588859.01889478
2018-04-09,24245590.136427186
2018-04-10,24315459.756853145
2018-04-11,24548853.803167462
2018-04-12,24393507.667493653
2018-04-13,24453580.53821021
2018-04-16,24576392.968572956
2018-04-17,24637377.94925171
2018-04-18,24773507.101662803
2018-04-19,24804918.004705533
2018-04-20,24815796.55689488
2018-04-23,24694692.7822629
2018-04-24,24858221.60968419
2018-04-25,24618542.094316408
2018-04-26,24550554.757449258
2018-04-27,24602688.35863392
2018-04-30,24541134.096353058
2018-05-01,24513877.828090325
2018-05-02,24535070.874397255
2018-05-03,24437156.697823323
2018-05-04,24489313.022426568
2018-05-07,24653361.798862543
2018-05-08,24782307.155306008
2018-05-09,24772522.555530548
2018-05-10,24894297.639703505
2018-05-11,24981665.393927265
2018-05-14,24866130.12365921
2018-05-15,24968388.225345854
2018-05-16,24983326.00850113
2018-05-17,25128605.115163803
2018-05-18,25217344.819110606
2018-05-21,25260459.433514845
2018-05-22,25443540.513992365
2018-05-23,25465213.865534957
2018-05-24,25497260.4392409
2018-05-25,25481851.168434348
2018-05-29,25549216.619450632
2018-05-30,25514000.277924206
2018-05-31,25623040.330600493
2018-06-01,25543183.619722094
2018-06-04,25808095.134229273
2018-06-05,25934345.460352518
2018-06-06,25986516.177561287
2018-06-07,26132017.972552914
2018-06-08,26078269.08693797
2018-06-11,26044249.419581752
2018-06-12,26049668.972762134
2018-06-13,26010850.8317947
2018-06-14,26046968.873557728
2018-06-15,26088283.602612015
2018-06-18,26179758.839967016
2018-06-19,26232147.074293695
2018-06-20,26265901.922504462
2018-06-21,26310975.710770942
2018-06-22,26277930.759046227
2018-06-25,26272875.234342616
2018-06-26,26118247.001487717
2018-06-27,25946936.71682535
2018-06-28,25822955.39073764
2018-06-29,25797609.713324104
2018-07-02,25932226.78007285
2018-07-03,26046826.805841867
2018-07-05,26068912.61430949
2018-07-06,26132707.357376352
2018-07-09,26209853.56896231
2018-07-10,26081259.773901604
2018-07-11,26138624.47193264
2018-07-12,25916106.455170263
2018-07-13,25948992.36031639
2018-07-16,26011679.765483875
2018-07-17,25886570.210898913
2018-07-18,25949627.125963245
2018-07-19,26053502.946724154
2018-07-20,26075194.770395223
2018-07-23,26096139.381711822
2018-07-24,25990628.176808298
2018-07-25,25908568.196674425
2018-07-26,26098942.4944423
2018-07-27,25936791.25050677
2018-07-30,25845040.36447093
2018-07-31,25793636.712923843
2018-08-01,25866744.30410505
2018-08-02,25911919.48884436
2018-08-03,25818619.415676348
2018-08-06,25851041.233832173
2018-08-07,25798292.2488034
2018-08-08,25940769.761271216
2018-08-09,25961508.265136424
2018-08-10,25959044.104100663
2018-08-13,25906737.570401352
2018-08-14,25935417.71640115
2018-08-15,25915894.686213437
2018-08-16,25898861.511442564
2018-08-17,25967675.823103998
2018-08-20,25976326.754772127
2018-08-21,26118831.599422015
2018-08-22,26149679.85869732
2018-08-23,26094744.25045563
2018-08-24,26042040.99964516
2018-08-27,25992455.97621603
2018-08-28,26008506.79105376
2018-08-29,25975269.074677084
2018-08-30,26056609.02698868
2018-08-31,26065358.54505538
2018-09-04,26035316.428758197
2018-09-05,26096465.519233238
2018-09-06,26059152.169521295
2018-09-07,26035588.372811187
2018-09-10,25953486.674906477
2018-09-11,25954767.338845808
2018-09-12,25932708.625214726
2018-09-13,25831728.140861098
2018-09-14,25965826.67890224
2018-09-17,25941620.6222511
2018-09-18,25810458.73642512
2018-09-19,25811037.338783216
2018-09-20,25896215.331072867
2018-09-21,25942596.665395323
2018-09-24,25766285.777828623
2018-09-25,25686509.553943872
2018-09-26,25501131.64123616
2018-09-27,25419270.994789854
2018-09-28,25489765.4453619
2018-10-01,25356846.54388707
2018-10-02,25282102.12504106
2018-10-03,25391625.77218922
2018-10-04,25379114.89748717
2018-10-05,25289625.27044816
2018-10-08,25322498.634808026
2018-10-09,25332015.875211444
2018-10-10,25318463.63169113
2018-10-11,25031898.98788658
2018-10-12,24676656.66611134
2018-10-15,24847495.008089226
2018-10-16,24877377.926529508
2018-10-17,24949528.683773432
2018-10-18,24867310.980928864
2018-10-19,24724198.18742596
2018-10-22,24648933.000386003
2018-10-23,24642439.149462614
2018-10-24,24499643.482368503
2018-10-25,24465418.61053429
2018-10-26,24553148.528781384
2018-10-29,24545778.095031194
2018-10-30,24470616.586266845
2018-10-31,24520883.241669297
2018-11-01,24578355.563898686
2018-11-02,24729179.07859528
2018-11-05,24654558.64332784
2018-11-06,24652312.737117916
2018-11-07,24635042.755650923
2018-11-08,24810539.5723286
2018-11-09,24755856.233195927
2018-11-12,24715924.39830198
2018-11-13,24632698.984656207
2018-11-14,24589985.580797043
2018-11-15,24575892.105784345
2018-11-16,24590408.130502194
2018-11-19,24646300.10521858
2018-11-20,24493253.557452
2018-11-21,24409260.4374598
2018-11-23,24512965.19164482
2018-11-26,24408875.354501914
2018-11-27,24414597.076491218
2018-11-28,24465668.65733631
2018-11-29,24582590.910248194
2018-11-30,24572682.218972646
2018-12-03,24546000.535991073
2018-12-04,24324552.343440175
2018-12-06,24110592.797760036
2018-12-07,24202640.76485956
2018-12-10,23943710.7731961
2018-12-11,23904510.187010054
2018-12-12,23956735.83712371
2018-12-13,23883586.311961763
2018-12-14,23910982.369623035
2018-12-17,23701942.10204985
2018-12-18,23596943.564211056
2018-12-19,23475386.852506354
2018-12-20,23405917.799919244
2018-12-21,23339688.64586307
2018-12-24,23088782.08956788
2018-12-26,23021733.256371252
2018-12-27,23111349.521727033
2018-12-28,23177827.531581294
2018-12-31,23042349.609854423
2019-01-02,23224091.934042506
2019-01-03,23405093.484536987
2019-01-04,23317978.009526964
2019-01-07,23638903.39511958
2019-01-08,23811625.004068498
2019-01-09,23920935.301169273
2019-01-10,23937196.670528244
2019-01-11,24007814.05727928
2019-01-14,23988474.228514083
2019-01-15,23866476.718982965
2019-01-16,24048258.70546731
2019-01-17,24060949.432733092
2019-01-18,24131409.55814323
2019-01-22,24278019.06440223
2019-01-23,24183291.455004383
2019-01-24,24229534.835648473
2019-01-25,24247585.00118188
2019-01-28,24378602.727563452
2019-01-29,24322927.78530797
2019-01-30,24258427.045281567
2019-01-31,24357373.324622307
2019-02-01,24513681.21369591
2019-02-04,24558798.7851214
2019-02-05,24614954.927857857
2019-02-06,24656942.83686852
2019-02-07,24765251.987979047
2019-02-08,24661769.637497123
2019-02-11,24762236.5480162
2019-02-12,24746764.67747344
2019-02-13,24867524.298902314
2019-02-14,24886337.723136153
2019-02-15,24933455.28490151
2019-02-19,25068888.01585784
2019-02-20,25045294.635035332
2019-02-21,25090928.37359852
2019-02-22,24915076.33952562
2019-02-25,24935764.420120914
2019-02-26,24928636.03195098
2019-02-27,24905417.967306156
2019-02-28,24938037.038981885
2019-03-01,24881349.669471074
2019-03-04,24953945.269127015
2019-03-05,24873380.905557927
2019-03-06,24714887.110862788
2019-03-07,24615007.407664474
2019-03-08,24579199.53814481
2019-03-11,24614134.485205475
2019-03-12,24699059.30150613
2019-03-13,24726518.845802203
2019-03-14,24785639.83850665
2019-03-15,24707621.302689426
2019-03-18,24803509.25793756
2019-03-19,24712948.139814656
2019-03-20,24585550.06648488
2019-03-21,24538075.212693524
2019-03-22,24476421.891314797
2019-03-25,24352121.20224622
2019-03-26,24469711.177207142
2019-03-27,24620342.836591866
2019-03-28,24624943.07542068
2019-03-29,24563039.68119796
2019-04-01,24685216.911208462
2019-04-02,24780046.65935998
2019-04-03,24757501.653060406
2019-04-04,24845205.383753315
2019-04-05,24945229.884699266
2019-04-08,24966224.088932816
2019-04-09,24856250.068582762
2019-04-10,24926335.349698804
2019-04-11,24992590.345914047
2019-04-12,24970705.97567863
2019-04-15,25027523.446337815
2019-04-16,25054267.88165276
2019-04-17,25079729.872597937
2019-04-18,25006542.473298874
2019-04-22,24919938.639294405
2019-04-23,25074835.543888256
2019-04-24,25230406.84293206
2019-04-25,25100188.58084047
2019-04-26,25176755.66694617
2019-04-29,25272376.672527593
2019-04-30,25329208.844318707
2019-05-01,25341968.6561894
2019-05-02,25253509.201597013
2019-05-03,25342994.697525643
2019-05-06,25501745.225655444
2019-05-07,25516306.17206595
2019-05-08,25238775.566885855
2019-05-09,25258006.1861505
2019-05-10,25233646.498755343
2019-05-13,25191035.63910379
2019-05-14,24951540.60551085
2019-05-15,24960660.170689825
2019-05-16,24981507.383990973
2019-05-17,25092105.465205543
2019-05-20,25057446.401359327
2019-05-21,24965371.581117596
2019-05-22,25061861.987388946
2019-05-23,24955058.076645188
2019-05-24,24909077.98467083
2019-05-28,25012447.967738215
2019-05-29,24924912.449443404
2019-05-30,24758553.411382522
2019-05-31,24811965.926075526
2019-06-03,24788441.686573897
2019-06-04,24755945.615871795
2019-06-05,24901075.953810558
2019-06-06,24915768.736735553
2019-06-07,24899847.55982795
2019-06-10,25036304.10748347
2019-06-11,25075061.529953312
2019-06-12,25107286.5458349
2019-06-13,25149508.06386141
2019-06-14,25193810.878823504
2019-06-17,25195155.314358525
2019-06-18,25192678.795378365
2019-06-19,25279773.648028497
2019-06-20,25201599.436957445
2019-06-21,25240940.673540864
2019-06-24,25127436.574860476
2019-06-25,25197254.192424614
2019-06-26,25063291.43495164
2019-06-27,25187759.968270812
2019-06-28,25352576.286879346
2019-07-01,25316698.750403747
2019-07-02,25339155.428231414
2019-07-03,25335013.267455216
2019-07-05,25470357.330941796
2019-07-08,25450565.44356275
2019-07-09,25377539.598689277
2019-07-10,25336527.063731246
2019-07-11,25358271.897809416
2019-07-12,25420862.849455968
2019-07-15,25410238.435370304
2019-07-16,25457213.048665356
2019-07-17,25433804.251640454
2019-07-18,25345979.624982093
2019-07-19,25367211.17367278
2019-07-22,25294726.39369176
2019-07-23,25320454.798383567
2019-07-24,25472927.505121633
2019-07-25,25491191.64343822
2019-07-26,25507798.860155307
2019-07-29,25532177.699484337
2019-07-30,25635694.13167609
2019-07-31,25608118.78913328
2019-08-01,25468904.590999357
2019-08-02,25387757.087554265
2019-08-05,25305848.46303678
2019-08-06,25041047.92704283
2019-08-07,25121516.036089133
2019-08-08,25085260.068545666
2019-08-09,25269656.876711298
2019-08-12,25206642.354966074
2019-08-13,25021063.015088156
2019-08-14,25192126.70992921
2019-08-15,24900463.07750954
2019-08-16,24957476.776197072
2019-08-19,25074310.174316537
2019-08-20,25196789.92756849
2019-08-21,25119355.00762535
2019-08-22,25138600.120107897
2019-08-23,25097656.15237605
2019-08-26,24886847.800740715
2019-08-27,24914786.84224515
2019-08-28,24898313.058023047
2019-08-29,24952856.069118764
2019-08-30,25055148.59681896
2019-09-03,24977745.608168226
2019-09-04,24912321.021892954
2019-09-05,25035969.415139202
2019-09-06,25104426.013582997
2019-09-09,25293887.849503685
2019-09-10,25441972.18123673
2019-09-11,25583975.451009758
2019-09-12,25637089.687837794
2019-09-13,25762383.398406316
2019-09-16,25789055.50420356
2019-09-17,25724871.05141621
2019-09-18,25686448.78892377
2019-09-19,25667353.280064236
2019-09-20,25730282.493039843
2019-09-23,25667541.80157763
2019-09-24,25605210.288898285
2019-09-25,25623956.8238877
2019-09-26,25620910.630081307
2019-09-27,25623267.724029426
2019-09-30,25480092.955095295
2019-10-01,25436589.778703164
2019-10-02,25430838.781173963
2019-10-03,25126177.913459018
2019-10-04,25186291.72411734
2019-10-07,25314149.082932778
2019-10-08,25241176.92246494
2019-10-09,25035261.199328844
2019-10-10,25063539.371177193
2019-10-11,25138124.895610962
2019-10-14,25213551.19021764
2019-10-15,25204701.90749866
2019-10-16,25341761.045719
2019-10-17,25398074.109035622
2019-10-18,25495844.09173243
2019-10-21,25523480.74612373
2019-10-22,25592307.30472109
2019-10-23,25620275.846937757
2019-10-24,25660111.645086166
2019-10-25,25620092.37048058
2019-10-28,25707503.401498422
2019-10-29,25885494.103474546
2019-10-30,25813497.83615292
2019-10-31,25771709.709972225
2019-11-01,25803923.807317503
2019-11-04,25934583.09423737
2019-11-05,26101662.05193257
2019-11-06,26193713.24875578
2019-11-07,26150400.271235157
2019-11-08,26033343.479745515
2019-11-11,25985990.43886271
2019-11-12,25912398.474770248
2019-11-13,25843836.235669535
2019-11-14,25872932.78072649
2019-11-15,25828283.926103845
2019-11-18,25960767.836655386
2019-11-19,26019257.26559252
2019-11-20,25976052.945794765
2019-11-21,25907331.326591603
2019-11-22,25856829.465516217
2019-11-25,25955992.499815006
2019-11-26,25996309.79011511
2019-11-27,26042307.91763386
2019-11-29,26087090.318773903
2019-12-02,26076417.16987317
2019-12-03,26012745.369449016
2019-12-04,25988879.37804969
2019-12-05,26064728.18795627
2019-12-06,26071327.57427381
2019-12-09,26224151.515946098
2019-12-10,26204073.348277338
2019-12-11,26163596.995607544
2019-12-12,26131699.979664717
2019-12-13,26223034.950456943
2019-12-16,26225017.556716688
2019-12-17,26382881.51736218
2019-12-18,26424186.055940367
2019-12-19,26442633.008732274
2019-12-20,26517238.867472854
2019-12-23,26518155.786148667
2019-12-24,26538375.829213325
2019-12-26,26483844.12706953
2019-12-27,26494930.9578845
2019-12-30,26600342.85954472
2019-12-31,26478498.163962957
2020-01-02,26396703.309623744
2020-01-03,26597940.109686244
2020-01-06,26431106.47642196
2020-01-07,26398996.667271804
2020-01-08,26341691.088933352
2020-01-09,26317488.819281504
2020-01-10,26379312.562205065
2020-01-13,26359375.42095172
2020-01-14,26429182.129053596
2020-01-15,26435685.27050013
2020-01-16,26518472.678951208
2020-01-17,26582829.14899319
2020-01-21,26535234.400222596
2020-01-22,26559043.81508492
2020-01-23,26497977.928766835
2020-01-24,26437426.111614067
2020-01-27,26399604.58771971
2020-01-28,26175909.76012834
2020-01-29,26177322.868425045
2020-01-30,26204295.38044861
2020-01-31,26237514.89329228
2020-02-03,26105251.1974493
2020-02-04,26086493.909732267
2020-02-05,26359776.396666847
2020-02-06,26374686.853708114
2020-02-07,26357041.867877983
2020-02-10,26271056.23400865
2020-02-11,26414283.895646397
2020-02-12,26314485.185858708
2020-02-13,26464830.780395553
2020-02-14,26407175.072579496
2020-02-18,26411598.22466997
2020-02-19,26314085.830684338
2020-02-20,26471355.170930106
2020-02-21,26525052.361642204
2020-02-24,26554694.93396515
2020-02-25,26062178.3856914
2020-02-26,25687449.086387653
2020-02-27,25351011.39193656
2020-02-28,25023774.287696555
2020-03-02,25008016.548022136
2020-03-03,25053093.05325327
2020-03-04,25003964.03575938
2020-03-05,25010907.44776726
2020-03-06,24996052.19954884
2020-03-09,24965680.567317992
2020-03-10,24931801.36784165
2020-03-11,24929584.711675473
2020-03-12,24917206.98330396
2020-03-13,24899496.327156123
2020-03-16,24895487.48391468
2020-03-17,24889031.173985325
2020-03-18,24885001.326283854
2020-03-19,24889195.554956175
2020-03-20,24891709.468275838
2020-03-23,24890959.638534505
2020-03-24,24890104.364576064
2020-03-25,24899585.862749297
2020-03-26,24902032.91729484
2020-03-27,24908954.283435613
2020-03-30,24907187.25714608
2020-03-31,25001558.88505829
2020-04-01,24693606.53215428
2020-04-02,23902249.850872554
2020-04-03,23835545.43892787
2020-04-06,23492582.72511869
2020-04-07,24619429.093010686
2020-04-08,24687197.270173356
2020-04-09,25739547.82205401
2020-04-13,25590996.64410754
2020-04-14,25097175.594566677
2020-04-15,25140916.41322073
2020-04-16,24528874.520979155
2020-04-17,24811764.785229057
2020-04-20,25283082.18513149
2020-04-21,25166465.28426999
2020-04-22,24424011.466161195
2020-04-23,24900552.900529336
2020-04-24,24823160.504028924
2020-04-27,25504503.28787845
2020-04-28,26359274.84437683
2020-04-29,26636081.247596946
2020-04-30,26682027.280529078
2020-05-01,26438895.332774684
2020-05-04,25717362.836396236
2020-05-05,25508801.966959056
2020-05-06,25451116.201594565
2020-05-07,25467942.42622763
2020-05-08,25979034.18619286
2020-05-11,25860103.98764018
2020-05-12,25554763.776853938
2020-05-13,24894914.854153663
2020-05-14,24601413.983656023
2020-05-15,24756715.72339417
2020-05-18,25343934.308420565
2020-05-19,25640829.028178927
2020-05-20,25659401.726139523
2020-05-21,25997160.334107943
2020-05-22,25886968.501805086
2020-05-26,26254448.395671405
2020-05-27,26717167.0262157
2020-05-28,26622403.954382382
2020-05-29,26354527.208607268
2020-06-01,26516621.839428186
2020-06-02,26680312.67087278
2020-06-03,27026754.62991687
2020-06-04,27350289.084627796
2020-06-05,27512990.910146404
2020-06-08,28061577.863763917
2020-06-09,28015068.136035264
2020-06-10,27438379.114237096
2020-06-11,27106420.66649787
2020-06-12,26353341.28127694
2020-06-15,26561427.594334394
2020-06-16,26832770.36950782
2020-06-17,26863106.92881044
2020-06-18,26777152.43622052
2020-06-19,26693151.833703138
2020-06-22,26601251.97838848
2020-06-23,26593766.985975128
2020-06-24,26586749.320171855
2020-06-25,26285570.53503379
2020-06-26,26454642.31434846
2020-06-29,26324537.0068044
2020-06-30,26434670.7586817
2020-07-01,26337272.945899013
2020-07-02,26354915.81586051
2020-07-06,26266041.102803636
2020-07-07,26331789.567338616
2020-07-08,26026082.30578473
2020-07-09,25852767.104382526
2020-07-10,25917743.267649047
2020-07-13,26023156.44210038
2020-07-14,25901575.784620818
2020-07-15,26450597.34410912
2020-07-16,26526297.81695332
2020-07-17,26523073.69763591
2020-07-20,26326966.753189296
2020-07-21,26698638.403715998
2020-07-22,26579471.29532481
2020-07-23,26920923.187528614
2020-07-24,26581443.48901494
2020-07-27,26563320.64016885
2020-07-28,26741238.166136425
2020-07-29,26629658.630861055
2020-07-30,26871154.510188527
2020-07-31,26668120.752032474
2020-08-03,26972675.14539524
2020-08-04,27158902.042142134
2020-08-05,27358881.035690553
2020-08-06,27275049.154908538
2020-08-07,27651940.851296525
2020-08-10,27823088.063541837
2020-08-11,28048694.345962048
2020-08-12,27759798.947309576
2020-08-13,27902081.909240216
2020-08-14,27983085.374849655
2020-08-17,27927227.836848896
2020-08-18,27776420.67626047
2020-08-19,27858747.473269206
2020-08-20,27647515.726295207
2020-08-21,27587033.7571656
2020-08-24,27622949.248594936
2020-08-25,27725481.411977366
2020-08-26,27496004.50178452
2020-08-27,27913737.990697183
2020-08-28,27960793.440429773
2020-08-31,27885502.978178028
2020-09-01,27710206.772394862
2020-09-02,27721630.167918656
2020-09-03,28174751.741457164
2020-09-04,27666506.371299554
2020-09-08,27739406.0178953
2020-09-09,27043399.100787904
2020-09-10,27504855.823124383
2020-09-11,27168340.98368456
2020-09-14,27258257.272115476
2020-09-15,27368373.483263124
2020-09-16,27636906.093975622
2020-09-17,27564454.40009374
2020-09-18,27623411.609408427
2020-09-21,27058190.652802035
2020-09-22,26726019.967182763
2020-09-23,26885966.125661984
2020-09-24,26577742.924338073
2020-09-25,26704573.251493357
2020-09-28,27033525.106729716
2020-09-29,27374233.79841553
2020-09-30,26984301.12354502
2020-10-01,27237837.201729048
2020-10-02,27493559.792213257
2020-10-05,27212323.42929351
2020-10-06,27709461.874360334
2020-10-07,27312093.444049757
2020-10-08,27668312.908221304
2020-10-09,27840558.31753945
2020-10-12,27910938.482547387
2020-10-13,28200898.110835962
2020-10-14,28125655.48382575
2020-10-15,28213476.301249098
2020-10-16,28138650.266710274
2020-10-19,28280744.04526328
2020-10-20,28006643.45414276
2020-10-21,28117169.893738173
2020-10-22,28182742.486152392
2020-10-23,28284836.35359505
2020-10-26,28417507.499589775
2020-10-27,27989708.723947495
2020-10-28,28141528.545410763
2020-10-29,27620380.162366375
2020-10-30,27922960.34137921
2020-11-02,27812237.779500023
2020-11-03,27989299.431172404
2020-11-04,27825880.678726602
2020-11-05,28206964.223625295
2020-11-06,28266276.08594962
2020-11-09,28571165.25076713
2020-11-10,29056603.20780761
2020-11-11,28861370.525824584
2020-11-12,28850922.481755108
2020-11-13,28722667.78456037
2020-11-16,29164620.840525944
2020-11-17,29411208.461045958
2020-11-18,29249400.42051383
2020-11-19,28978465.0847689
2020-11-20,29164330.614632543
2020-11-23,29141242.510922093
2020-11-24,29401735.82752798
2020-11-25,29585817.54668323
2020-11-27,29545614.654523782
2020-11-30,29336823.209328007
2020-12-01,29203647.956610225
2020-12-02,29375664.95545188
2020-12-03,29652614.095386665
2020-12-04,29916728.284444485
2020-12-07,30083804.89789344
2020-12-08,30155614.62780457
2020-12-09,30419018.336125016
2020-12-10,30270158.30987836
2020-12-11,30310003.18634655
2020-12-14,30291715.68352395
2020-12-15,30246894.185921427
2020-12-16,30355330.21768565
2020-12-17,30459001.16059838
2020-12-18,30477252.420041785
2020-12-21,30190447.809617624
2020-12-22,30226365.048952796
2020-12-23,30349945.982513163
2020-12-24,30293912.91034982
2020-12-28,30333957.010644898
2020-12-29,30298959.631205257
2020-12-30,30402778.998689495
2020-12-31,30348723.098007232
2021-01-04,30530947.415708113
2021-01-05,30392482.90151547
2021-01-06,31018970.98828223
2021-01-07,31123913.30513468
2021-01-08,30998222.532206718
2021-01-11,31114469.239863154
2021-01-12,31280474.64551483
2021-01-13,31123924.603317738
2021-01-14,31483650.124798533
2021-01-15,31389267.037538435
2021-01-19,31273127.68933177
2021-01-20,31279731.46722508
2021-01-21,31325474.792050075
2021-01-22,31452611.50240388
2021-01-25,31190711.86663223
2021-01-26,31184717.06499177
2021-01-27,30998310.89619487
2021-01-28,30567720.212766208
2021-01-29,30688900.124323305
2021-02-01,30489458.74212734
2021-02-02,30806532.40338909
2021-02-03,30945508.037325405
2021-02-04,31027201.766009472
2021-02-05,31388251.579438716
2021-02-08,31689571.06022653
2021-02-09,32019582.028052144
2021-02-10,32069990.353397846
2021-02-11,32112917.537564605
2021-02-12,32296206.173364937
2021-02-16,32334847.43944266
2021-02-17,32352025.470154367
2021-02-18,32249867.761287842
2021-02-19,32547785.25481607
2021-02-22,32781238.6021824
2021-02-23,32496949.164065797
2021-02-24,32676579.080818266
2021-02-25,32818109.932606034
2021-02-26,32323452.884012852
2021-03-01,32377196.505735632
2021-03-02,32807101.131353278
2021-03-03,33035476.92643333
2021-03-04,32502560.725214247
2021-03-05,32270161.09151012
2021-03-08,33078548.885698274
2021-03-09,32957074.20531355
2021-03-10,33481213.335569046
2021-03-11,33484116.12198016
2021-03-12,33743952.59678779
2021-03-15,33614829.28842211
2021-03-16,33400244.837371882
2021-03-17,33451881.429681357
2021-03-18,33564684.17436556
2021-03-19,33486158.264176738
2021-03-22,33191229.27978852
2021-03-23,32799329.685171515
2021-03-24,32494350.595639
2021-03-25,32505548.33922095
2021-03-26,32720394.71232348
2021-03-29,32675992.308068845
2021-03-30,32896622.334026698
2021-03-31,32710069.095912557
2021-04-01,32836484.528316543
2021-04-05,32925304.14263086
2021-04-06,33207157.007930353
2021-04-07,32951744.30387051
2021-04-08,32962121.181909017
2021-04-09,32996326.247368906
2021-04-12,33176117.362834398
2021-04-13,33078033.907825656
2021-04-14,33326365.57907162
2021-04-15,33181561.495759495
2021-04-16,33449126.089356977
2021-04-19,33413426.58456555
2021-04-20,33195687.87089215
2021-04-21,33139612.16510312
2021-04-22,33371109.237593103
2021-04-23,33243161.6655964
2021-04-26,33410977.560017038
2021-04-27,33356121.439564884
2021-04-28,33355496.174865104
2021-04-29,33293478.945378806
2021-04-30,33316971.608734395
2021-05-03,33493215.46315728
2021-05-04,33447357.21669443
2021-05-05,33344239.982744407
2021-05-06,33204634.417999905
2021-05-07,33356674.59024514
2021-05-10,33504538.463750508
2021-05-11,33419354.39616067
2021-05-12,33194374.046280295
2021-05-13,33082357.490448587
2021-05-14,33191015.558947764
2021-05-17,33501822.222947165
2021-05-18,33470580.70866123
2021-05-19,33297466.867034003
2021-05-20,33106460.82375685
2021-05-21,33340140.94640921
2021-05-24,33199989.599729892
2021-05-25,33155028.622606907
2021-05-26,33195673.84066208
2021-05-27,33242269.65457301
2021-05-28,33208859.76339154
2021-06-01,33387270.896200564
2021-06-02,33226588.60895822
2021-06-03,33220787.95016889
2021-06-04,33089576.416463092
2021-06-07,33330226.857482854
2021-06-08,33445400.9731252
2021-06-09,33451411.436783098
2021-06-10,33311254.30488531
2021-06-11,33520971.351407126
2021-06-14,33479846.13911085
2021-06-15,33034286.75609758
2021-06-16,33125257.231471702
2021-06-17,32840056.215241194
2021-06-18,32845214.612592127
2021-06-21,32665663.08978323
2021-06-22,32874994.358462162
2021-06-23,33062577.733981267
2021-06-24,33127966.498117015
2021-06-25,33132766.458711226
2021-06-28,33057003.927537177
2021-06-29,32960087.098211735
2021-06-30,32954059.871647958
2021-07-01,32999170.910408057
2021-07-02,32839519.846584845
2021-07-06,32811250.209686518
2021-07-07,32620036.425662734
2021-07-08,32569663.758006684
2021-07-09,32721824.665351577
2021-07-12,32922457.785659872
2021-07-13,32724870.718779836
2021-07-14,32512757.264563408
2021-07-15,32662935.18501138
2021-07-16,32617890.648211613
2021-07-19,32363897.254340935
2021-07-20,32242497.97071245
2021-07-21,32542654.04063248
2021-07-22,31802039.585902944
2021-07-23,31780775.18338382
2021-07-26,32043678.155750528
2021-07-27,32103444.10624275
2021-07-28,32222794.667978812
2021-07-29,32283336.619451817
2021-07-30,32353160.254014105
2021-08-02,32114081.448025767
2021-08-03,32013641.466313243
2021-08-04,32126265.744452693
2021-08-05,32083333.529777944
2021-08-06,32387849.6122825
2021-08-09,32345053.708547164
2021-08-10,32548268.696973175
2021-08-11,32669632.7989178
2021-08-12,32615953.28772687
2021-08-13,32549455.74415768
2021-08-16,32483202.916959826
2021-08-17,32484956.99462811
2021-08-18,32376600.668135438
2021-08-19,32103486.674516547
2021-08-20,32204143.53145263
2021-08-23,32272856.11323435
2021-08-24,32402728.505304787
2021-08-25,32361354.500038017
2021-08-26,32367605.76443143
2021-08-27,32515978.381171495
2021-08-30,32450477.03745036
2021-08-31,32605248.556620292
2021-09-01,32637681.794968136
2021-09-02,32636607.28935397
2021-09-03,32666299.37650136
2021-09-07,32674017.7498798
2021-09-08,32548540.552114207
2021-09-09,32530073.031280365
2021-09-10,32437252.352375794
2021-09-13,32286379.167617157
2021-09-14,32151519.316748608
2021-09-15,32026415.038304757
2021-09-16,32162228.36803808
2021-09-17,32455348.615023453
2021-09-20,32267103.36011273
2021-09-21,31982270.163964756
2021-09-22,31907998.017708752
2021-09-23,32091038.76867057
2021-09-24,32303453.775264632
2021-09-27,32706576.55483509
2021-09-28,32799642.23893531
2021-09-29,32592884.61717214
2021-09-30,32470977.75100291
2021-10-01,32309990.809302155
2021-10-04,32640080.0951515
2021-10-05,32367657.598298937
2021-10-06,32454016.74101166
2021-10-07,32491880.927294903
2021-10-08,32627078.03809886
2021-10-11,32674287.16446747
2021-10-12,32670122.775402125
2021-10-13,32534444.56091695
2021-10-14,32440966.813884526
2021-10-15,32411851.850851424
2021-10-18,32482535.33251631
2021-10-19,32416852.68632112
2021-10-20,32614482.380965646
2021-10-21,32606600.21777609
2021-10-22,32673990.250542622
2021-10-25,32648641.467729155
2021-10-26,32648218.207440794
2021-10-27,32609068.834420525
2021-10-28,32570968.492910087
2021-10-29,32623499.313945286
2021-11-01,32809411.21409583
2021-11-02,32734504.42096319
2021-11-03,32918366.8030493
2021-11-04,32865469.75185453
2021-11-05,33173311.706636865
2021-11-08,33156923.722742144
2021-11-09,33171295.227448296
2021-11-10,33228925.055742286
2021-11-11,33189382.86072125
2021-11-12,33043469.81812781
2021-11-15,33135533.357469954
2021-11-16,33064182.240968216
2021-11-17,33077027.58911379
2021-11-18,32973769.70530521
2021-11-19,32929751.81577818
2021-11-22,33072381.190378822
2021-11-23,33018857.324368976
2021-11-24,32946594.045256898
2021-11-26,32822583.11248059
2021-11-29,32431616.554455154
2021-11-30,32598194.41910068
2021-12-01,32536009.23416567
2021-12-02,32556312.628261875
2021-12-03,32702691.454533827
2021-12-06,32851309.374499634
2021-12-07,32755999.00398958
2021-12-08,33013119.519287765
2021-12-09,33049929.067519248
2021-12-10,32861134.303239975
2021-12-13,33005896.109224405
2021-12-14,32935986.613084115
2021-12-15,32796824.13496827
2021-12-16,33057563.566065963
2021-12-17,33002652.38646398
2021-12-20,32910138.97865714
2021-12-21,32825224.741219416
2021-12-22,32956155.737654552
2021-12-23,33102061.155246038
2021-12-27,33187433.05091221
2021-12-28,33346631.264261466
2021-12-29,33327493.170367904
2021-12-30,33342135.66748421
2021-12-31,33340625.666745
2022-01-03,33434516.697289094
2022-01-04,33655160.08503515
2022-01-05,33820682.981907666
2022-01-06,33708339.62750602
2022-01-07,33787660.401551634
2022-01-10,33732577.09264567
2022-01-11,33556530.366965994
2022-01-12,33632973.512700945
2022-01-13,33933018.49393063
2022-01-14,33763066.62334503
2022-01-18,33789283.97720635
2022-01-19,33478328.434460714
2022-01-20,33213781.381172653
2022-01-21,33238219.89179853
2022-01-24,33005030.917562865
2022-01-25,33160445.66141357
2022-01-26,32863011.34086189
2022-01-27,32654684.130878888
2022-01-28,32484642.201378036
2022-01-31,32706178.004806027
2022-02-01,32827451.12690488
2022-02-02,32832286.513607014
2022-02-03,33056064.631910775
2022-02-04,32797377.96125737
2022-02-07,32934895.411292
2022-02-08,33009518.189440332
2022-02-09,32917808.72505966
2022-02-10,33164073.986355074
2022-02-11,33198867.462660052
2022-02-14,32983878.818179846
2022-02-15,33028019.71693248
2022-02-16,33276856.325242147
2022-02-17,33355400.66327572
2022-02-18,33221810.020465683
2022-02-22,33176740.164299935
2022-02-23,33062343.12693553
2022-02-24,32643690.59224578
2022-02-25,32854356.199759953
2022-02-28,33000397.9169623
2022-03-01,32860040.776323546
2022-03-02,32851575.72431991
2022-03-03,33117099.743343536
2022-03-04,33027553.252723783
2022-03-07,32964938.43044658
2022-03-08,32751887.951227054
2022-03-09,32611325.02038365
2022-03-10,32845651.419467527
2022-03-11,32837423.505049143
2022-03-14,32809659.74367051
2022-03-15,32545570.92987247
2022-03-16,32822365.247397747
2022-03-17,32986215.20709772
2022-03-18,33032349.30823229
2022-03-21,33101120.95885021
2022-03-22,33215705.282499388
2022-03-23,33143313.089882422
2022-03-24,32620558.55330216
2022-03-25,32966931.089870147
2022-03-28,32912204.49467173
2022-03-29,33101635.95938985
2022-03-30,33110050.09387097
2022-03-31,33059703.720505454
2022-04-01,32959007.16275598
2022-04-04,32854309.72395889
2022-04-05,32845002.771678604
2022-04-06,32728859.90122969
2022-04-07,32554099.707815748
2022-04-08,32562063.81158204
2022-04-11,32630504.71677239
2022-04-12,32575298.95490818
2022-04-13,32629620.830142926
2022-04-14,32758251.11121132
2022-04-18,32659653.539762642
2022-04-19,32712840.082239293
2022-04-20,32924797.89618876
2022-04-21,32876702.975315895
2022-04-22,32775987.85420722
2022-04-25,32549965.06489147
2022-04-26,32566118.115158908
2022-04-27,32337552.440065477
2022-04-28,32310956.732761327
2022-04-29,32456963.39213549
2022-05-02,32180523.14727633
2022-05-03,32282765.707908142
2022-05-04,32247659.67221546
2022-05-05,32429297.5575541
2022-05-06,32154640.717995156
2022-05-09,32108102.03578377
2022-05-10,31821364.41593984
2022-05-11,31897211.790007632
2022-05-12,31812395.509985466
2022-05-13,31729490.93072667
2022-05-16,31926824.976183254
2022-05-17,32011395.231550977
2022-05-18,32185145.013857357
2022-05-19,31867389.89101527
2022-05-20,31846630.58872174
2022-05-23,31829718.066141542
2022-05-24,31961284.17421459
2022-05-25,31944142.557055738
2022-05-26,32031354.701050643
2022-05-27,32129128.71423542
2022-05-31,32273476.56773488
2022-06-01,32271440.72261535
2022-06-02,32220735.050240863
2022-06-03,32307417.59767796
2022-06-06,32250601.76581383
2022-06-07,32277397.287024233
2022-06-08,32298750.578005794
2022-06-09,32252842.27669874
2022-06-10,32115155.014718935
2022-06-13,31850902.943214245
2022-06-14,31663179.016034387
2022-06-15,31634988.874461982
2022-06-16,31467373.299781326
2022-06-17,31439671.583666015
2022-06-21,31435849.492803607
2022-06-22,31500454.395216066
2022-06-23,31478434.2319729
2022-06-24,31521571.907532796
2022-06-27,31610727.61980948
2022-06-28,31630319.951028176
2022-06-29,31553910.172659606
2022-06-30,31578055.45984017
2022-07-01,31601248.70704926
2022-07-05,31620148.644480478
2022-07-06,31588608.710938584
2022-07-07,31566925.286391966
2022-07-08,31597922.372836366
2022-07-11,31605130.505515307
2022-07-12,31611508.868372574
2022-07-13,31549719.503379535
2022-07-14,31510671.030781846
2022-07-15,31549426.391887967
2022-07-18,31632953.115590286
2022-07-19,31645616.46931233
2022-07-20,31761102.59703225
2022-07-21,31766763.915383264
2022-07-22,31818705.348053325
2022-07-25,31814061.623843983
2022-07-26,31878106.2973508
2022-07-27,31833843.945724405
2022-07-28,31910056.50609525
2022-07-29,31952440.375486806
2022-08-01,32022507.012782842
2022-08-02,31989299.13054718
2022-08-03,31968493.273877457
2022-08-04,31901070.625604898
2022-08-05,31903538.35687141
2022-08-08,31951475.604374282
2022-08-09,31953710.25878106
2022-08-10,31936933.01474234
2022-08-11,32053571.330894537
2022-08-12,32081139.399356324
2022-08-15,32147964.55732045
2022-08-16,32180837.578906234
2022-08-17,32166668.486056697
2022-08-18,32158830.99891789
2022-08-19,32170033.797639627
2022-08-22,32083699.21587845
2022-08-23,31984342.79880323
2022-08-24,31956475.60423359
2022-08-25,31989262.034859385
2022-08-26,32062854.163340405
2022-08-29,31925653.919235766
2022-08-30,31918537.76839971
2022-08-31,31865849.740745313
2022-09-01,31816862.99878443
2022-09-02,31835186.6286139
2022-09-06,31784814.93224664
2022-09-07,31766007.505224343
2022-09-08,31814119.20582035
2022-09-09,31840381.820801593
2022-09-12,31896340.64762649
2022-09-13,31895526.74155113
2022-09-14,31738464.64219265
2022-09-15,31789512.809168134
2022-09-16,31824509.01910574
2022-09-19,31812450.736452263
2022-09-20,31824095.81665282
2022-09-21,31810589.853792842
2022-09-22,31677035.931222696
2022-09-23,31641138.761568137
2022-09-26,31491415.21682919
2022-09-27,31472646.70078084
2022-09-28,31471512.72188677
2022-09-29,31480726.657556165
2022-09-30,31481954.60211817
2022-10-03,31433840.608373873
2022-10-04,31544995.803622242
2022-10-05,31556002.602323193
2022-10-06,31531528.191835828
2022-10-07,31537635.981376138
2022-10-10,31499633.89269367
2022-10-11,31500507.35503167
2022-10-12,31465130.614942692
2022-10-13,31494709.552444894
2022-10-14,31597616.87345736
2022-10-17,31543176.984740205
2022-10-18,31610922.954011668
2022-10-19,31653947.789885465
2022-10-20,31530227.35181762
2022-10-21,31502571.66028052
2022-10-24,31572400.588248968
2022-10-25,31632274.049883638
2022-10-26,31724469.11933036
2022-10-27,31789924.796697613
2022-10-28,31780137.635738183
2022-10-31,31952646.047436316
2022-11-01,31985282.477753386
2022-11-02,31976399.593020525
2022-11-03,31948202.037617132
2022-11-04,31994115.9772305
2022-11-07,31995892.67669786
2022-11-08,31985013.10269258
2022-11-09,32048399.130973563
2022-11-10,31953584.50561236
2022-11-11,32084062.528770693
2022-11-14,32116979.203114536
2022-11-15,32097611.930674545
2022-11-16,32089228.871320803
2022-11-17,32031723.70901943
2022-11-18,32038930.48660735
2022-11-21,32084491.906158764
2022-11-22,32068225.97095573
2022-11-23,32073984.57023258
2022-11-25,32127380.06700354
2022-11-28,32116466.89672554
2022-11-29,32116232.79490916
2022-11-30,32057210.79705546
2022-12-01,32162379.063413113
2022-12-02,32163585.571984418
2022-12-05,32116252.485597484
2022-12-06,32086573.153677005
2022-12-07,32049203.330433186
2022-12-08,32022398.024640176
2022-12-09,32078183.900853865
2022-12-12,32014750.07360014
2022-12-13,32041012.392345745
2022-12-14,31878415.222630087
2022-12-15,31852532.78234592
2022-12-16,31824141.25988696
2022-12-19,31819606.484257806
2022-12-20,31808562.820969723
2022-12-21,31827078.81880268
2022-12-22,31909329.37966159
2022-12-23,31871102.616994053
2022-12-27,31909687.951948725
2022-12-28,31899369.44909861
2022-12-29,31859518.6731797
2022-12-30,31869466.318420112
2023-01-03,31931955.385964617
2023-01-04,31931259.10986401
2023-01-05,31981173.757099535
2023-01-06,31936191.900005743
2023-01-09,31997192.35317141
2023-01-10,32016573.195499737
2023-01-11,32021532.50602435
2023-01-12,32112290.53395972
2023-01-13,32114010.626289696
2023-01-17,32157672.328878358
2023-01-18,32108319.021458454
2023-01-19,32070730.657714173
2023-01-20,32039868.294601064
2023-01-23,32116454.52143068
2023-01-24,32169747.244541194
2023-01-25,32186822.78413476
2023-01-26,32183343.2596872
2023-01-27,32196471.713062372
2023-01-30,32242115.245302033
2023-01-31,32248575.540202845
2023-02-01,32291114.26656165
2023-02-02,32293338.244182568
2023-02-03,32402003.5038646
2023-02-06,32354929.973251853
2023-02-07,32319396.217354067
2023-02-08,32407206.56014139
2023-02-09,32356881.77386874
2023-02-10,32325211.316014577
2023-02-13,32361704.0185181
2023-02-14,32329931.864789873
2023-02-15,32363673.7694488
2023-02-16,32553286.996469237
2023-02-17,32522430.383535568
2023-02-21,32471586.573040795
2023-02-22,32386004.595477186
2023-02-23,32358639.9494371
2023-02-24,32382635.451070223
2023-02-27,32325436.237058744
2023-02-28,32328643.020559523
2023-03-01,32348562.620339226
2023-03-02,32312804.71200767
2023-03-03,32309185.51704865
2023-03-06,32320712.570862148
2023-03-07,32311004.57441505
2023-03-08,32263527.662089553
2023-03-09,32174738.39498863
2023-03-10,32010768.899509083
2023-03-13,31837452.611378193
2023-03-14,31841345.07306719
2023-03-15,31865785.09554037
2023-03-16,31823303.708372716
2023-03-17,31791885.759318426
2023-03-20,31819419.232480254
2023-03-21,31869542.750897862
2023-03-22,31892277.91029105
2023-03-23,31787350.22349216
2023-03-24,31824706.962942738
2023-03-27,31877792.196439564
2023-03-28,31901157.129909135
2023-03-29,31853667.416062955
2023-03-30,31877722.815487612
2023-03-31,31816836.48490202
2023-04-03,32008879.279485803
2023-04-04,31929315.092595916
2023-04-05,31830219.74310846
2023-04-06,31808553.08147816
2023-04-10,31897148.352749493
2023-04-11,31945351.670863822
2023-04-12,32054613.566491485
2023-04-13,31983770.860053048
2023-04-14,32013259.797596198
2023-04-17,32028953.285864763
2023-04-18,32009999.084428847
2023-04-19,32069099.796834942
2023-04-20,32122225.468387645
2023-04-21,32072656.974406112
2023-04-24,32047932.49610056
2023-04-25,32005315.981922753
2023-04-26,31758434.126145657
2023-04-27,31576571.478536937
2023-04-28,31655817.829929624
2023-05-01,31636061.71049143
2023-05-02,31551576.97652536
2023-05-03,31429449.816247538
2023-05-04,31201136.230856806
2023-05-05,31132727.037403967
2023-05-08,31179523.5511482
2023-05-09,31056476.262223
2023-05-10,30875764.74231444
2023-05-11,30747820.700161047
2023-05-12,30723011.831190486
2023-05-15,30788750.59111808
2023-05-16,30799696.469482638
2023-05-17,30749890.76397787
2023-05-18,30792888.4600437
2023-05-19,30807600.338461548
2023-05-22,30733583.23488575
2023-05-23,30894382.594806477
2023-05-24,30858442.963257458
2023-05-25,30612418.2576027
2023-05-26,30664562.433552008
2023-05-30,30832875.906112112
2023-05-31,30919411.27939647
2023-06-01,31112570.983027965
2023-06-02,31411777.261001367
2023-06-05,31286826.795216266
2023-06-06,31415443.600793168
2023-06-07,31788790.33757493
2023-06-08,31691982.069338836
2023-06-09,31625892.166085534
2023-06-12,31725725.189007726
2023-06-13,31997789.828887194
2023-06-14,32017812.54262025
2023-06-15,32067335.840546478
2023-06-16,32775064.423775956
2023-06-20,32680977.79261287
2023-06-21,32717650.00035016
2023-06-22,32289591.93114435
2023-06-23,32112481.128464274
2023-06-26,32163342.249862734
2023-06-27,32298278.087641478
2023-06-28,32363895.405444942
2023-06-29,32386302.58315932
2023-06-30,32273178.59678254
2023-07-03,32502400.701292213
2023-07-05,32451455.510723315
2023-07-06,32444617.3665386
2023-07-07,32618360.509028573
2023-07-10,32809272.298095897
2023-07-11,32971271.312156655
2023-07-12,33051606.17669824
2023-07-13,33076651.456144366
2023-07-14,33222590.39891935
2023-07-17,33082361.18270353
2023-07-18,33161203.279994294
2023-07-19,33341504.24540202
2023-07-20,33461622.509312563
2023-07-21,33348235.8829111
2023-07-24,33438360.25826965
2023-07-25,33380582.256732304
2023-07-26,33497414.80797761
2023-07-27,33273850.110514525
2023-07-28,33017806.53031468
2023-07-31,33230153.888924923
2023-08-01,33272212.37560325
2023-08-02,33044000.86246235
2023-08-03,32561190.38230616
2023-08-04,32811034.267486244
2023-08-07,32801581.94834834
2023-08-08,32890321.88421207
2023-08-09,32538574.9547339
2023-08-10,32380459.71859881
2023-08-11,32467087.999010395
2023-08-14,32288238.986872595
2023-08-15,32416679.125907663
2023-08-16,32288639.458886173
2023-08-17,32461984.37377052
2023-08-18,32369249.354850773
2023-08-21,32213605.242786452
2023-08-22,32315019.125909124
2023-08-23,32276709.42234442
2023-08-24,32400080.727016516
2023-08-25,32058269.483477566
2023-08-28,32203642.181531414
2023-08-29,32302053.4255771
2023-08-30,32563209.22595053
2023-08-31,32549478.187716804
2023-09-01,32639973.41160747
2023-09-05,32306868.769460674
2023-09-06,32348842.58917933
2023-09-07,32205922.14355891
2023-09-08,32018753.526257962
2023-09-11,32660328.52850231
2023-09-12,32845312.729054168
2023-09-13,32455737.93333918
2023-09-14,32694491.417736534
2023-09-15,32868938.326878887
2023-09-18,32518404.75934047
2023-09-19,32366047.74687236
2023-09-20,32503989.944226146
2023-09-21,32783963.66224144
2023-09-22,32532900.68552389
2023-09-25,32505634.916258644
2023-09-26,32671737.56283977
2023-09-27,32599186.351904754
2023-09-28,32434803.408843834
2023-09-29,32413348.17070879
2023-10-02,32323872.10254281
2023-10-03,32323792.919396583
2023-10-04,32185583.25164859
2023-10-05,32381525.913774244
2023-10-06,32333977.927763138
2023-10-09,32445667.85077309
2023-10-10,32497945.197900075
2023-10-11,32499705.636680767
2023-10-12,32453090.158783283
2023-10-13,32431692.060926195
2023-10-16,32389157.814429794
2023-10-17,32596361.15270424
2023-10-18,32582859.35237481
2023-10-19,32465731.36073792
2023-10-20,32439185.59995917
2023-10-23,32566400.093782954
2023-10-24,32600721.260317195
2023-10-25,32729979.796780244
2023-10-26,32698637.695358656
2023-10-27,32345669.068207044
2023-10-30,32275481.58407005
2023-10-31,32390045.6417645
2023-11-01,32285133.058016524
2023-11-02,32465010.576673184
2023-11-03,32673667.966609214
2023-11-06,32728398.923514124
2023-11-07,32696194.846115638
2023-11-08,32632071.83068542
2023-11-09,32731122.23101875
2023-11-10,32673910.08358618
2023-11-13,32799435.371166814
2023-11-14,32940292.649358567
2023-11-15,33027055.613568876
2023-11-16,32898425.49676647
2023-11-17,32929589.06609298
2023-11-20,32919767.463242475
2023-11-21,33055953.37402266
2023-11-22,33110824.197461933
2023-11-24,33214823.068900846
2023-11-27,33146574.298351023
2023-11-28,33089280.19319295
2023-11-29,33126798.460420262
2023-11-30,33175837.848469123
2023-12-01,33348409.08954108
2023-12-04,33448933.57085346
2023-12-05,33320010.79623478
2023-12-06,33300133.11895998
2023-12-07,33144737.22067914
2023-12-08,33285306.253510628
2023-12-11,33227730.35079071
2023-12-12,33263946.23540532
2023-12-13,33361029.131294236
2023-12-14,33506695.730038345
2023-12-15,33460687.90949166
2023-12-18,33482612.87442252
2023-12-19,33543329.90999343
2023-12-20,33624083.53042531
2023-12-21,33544218.158398226
2023-12-22,33665758.84756742
2023-12-26,33729947.634276636
2023-12-27,33769966.69766675
2023-12-28,33845154.38861162
2023-12-29,33780592.188039996
2024-01-02,33899959.30042235
2024-01-03,33827162.95884224
2024-01-04,33879724.95266687
2024-01-05,33787205.07980133
2024-01-08,33628633.85090045
2024-01-09,33635744.90021517
2024-01-10,33593213.902679995
2024-01-11,33617609.85477074
2024-01-12,33587790.42860067
2024-01-16,33590405.951285474
2024-01-17,33532028.117779907
2024-01-18,33458281.828883335
2024-01-19,33463922.006323323
2024-01-22,33663195.89717515
2024-01-23,33661872.71095849
2024-01-24,33611988.4320629
2024-01-25,33610155.614984944
2024-01-26,33583328.39028055
2024-01-29,33560334.67861271
2024-01-30,33516972.00364032
2024-01-31,33476129.12984073
2024-02-01,33361153.48451723
2024-02-02,33317760.12276708
2024-02-05,33339041.11951939
2024-02-06,33371605.721922547
2024-02-07,33268682.08937828
2024-02-08,33351428.0265241
2024-02-09,33338642.113409422
2024-02-12,33451082.226085257
2024-02-13,33261140.232118968
2024-02-14,33357677.057390533
2024-02-15,33348056.05552283
2024-02-16,33391207.008518536
2024-02-20,33364955.254221793
2024-02-21,33378600.615057897
2024-02-22,33236177.538946
2024-02-23,33467798.06113665
2024-02-26,33517372.181468844
2024-02-27,33469149.852409255
2024-02-28,33486884.18921999
2024-02-29,33442176.50773163
2024-03-01,33466098.282798003
2024-03-04,33547246.834727537
2024-03-05,33542058.87696513
2024-03-06,33484862.356318023
2024-03-07,33479616.474443734
2024-03-08,33683017.61124631
2024-03-11,33615855.967169896
2024-03-12,33496091.17466947
2024-03-13,33480421.529426776
2024-03-14,33367591.03236716
2024-03-15,33462643.89562705
2024-03-18,33347697.36996877
2024-03-19,33450529.707000576
2024-03-20,33492731.868405223
2024-03-21,33580201.20540592
2024-03-22,33570404.003737606
2024-03-25,33589658.72491633
2024-03-26,33552863.036306873
2024-03-27,33604641.62902557
2024-03-28,33672621.62788111
2024-04-01,33654656.47417536
2024-04-02,33595310.549377516
2024-04-03,33510853.960521437
2024-04-04,33538766.038464565
2024-04-05,33329895.630491864
2024-04-08,33462681.041133612
2024-04-09,33484761.92729019
2024-04-10,33512943.826573297
2024-04-11,33395840.926066354
2024-04-12,33527229.61554567
2024-04-15,33462579.181028694
2024-04-16,33320426.513074793
2024-04-17,33304072.735815983
2024-04-18,33224631.645069882
2024-04-19,33408609.27235441
2024-04-22,33252998.1771939
2024-04-23,33419077.52707895
2024-04-24,33406373.049082413
2024-04-25,33367651.66461255
2024-04-26,33266200.710070018
2024-04-29,33362584.18222806
2024-04-30,33431983.50601205
2024-05-01,33430682.404787023
2024-05-02,33351562.330851335
2024-05-03,33380837.653037816
2024-05-06,33485865.515511844
2024-05-07,33506614.942543413
2024-05-08,33101709.69247198
2024-05-09,32975838.720923193
2024-05-10,32866038.763119157
2024-05-13,32969749.811675627
2024-05-14,32944376.60142346
2024-05-15,32879340.37758685
2024-05-16,33019304.34154052
2024-05-17,32906928.32717962
2024-05-20,32950344.661375288
2024-05-21,32894464.908237785
2024-05-22,32917438.890356738
2024-05-23,32855737.68693721
2024-05-24,32734599.30746194
2024-05-28,32783507.95410907
2024-05-29,32712099.802808292
2024-05-30,32859948.074650373
2024-05-31,32877540.5652106
2024-06-03,32970751.36081691
2024-06-04,32909388.41663497
2024-06-05,32847879.5193055
2024-06-06,32952649.446498718
2024-06-07,32852109.649141565
2024-06-10,32842911.330415398
2024-06-11,32831680.036416553
2024-06-12,32831051.760797143
2024-06-13,32779965.7834017
2024-06-14,32658421.46398859
2024-06-17,32658720.019469902
2024-06-18,32659460.106115945
2024-06-20,32670593.13399283
2024-06-21,32681275.47136485
2024-06-24,32717308.726386886
2024-06-25,32660270.482970294
2024-06-26,32657382.57893928
2024-06-27,32762205.619464863
2024-06-28,32782097.7162572
2024-07-01,32684642.363734968
2024-07-02,32741947.42968857
2024-07-03,32687027.779737398
2024-07-05,32634736.521903124
2024-07-08,32693168.98817391
2024-07-09,32658405.66170067
2024-07-10,32678589.74991488
2024-07-11,33045117.609833386
2024-07-12,33066086.753525738
2024-07-15,33177404.1752587
2024-07-16,33432873.197703138
2024-07-17,33619414.00164324
2024-07-18,33666841.58234733
2024-07-19,33580270.78673271
2024-07-22,33577527.54229391
2024-07-23,33736844.051790334
2024-07-24,33705571.89099703
2024-07-25,33747972.59890505
2024-07-26,33818023.83133688
2024-07-29,33861661.06941496
2024-07-30,34039134.54696972
2024-07-31,33886629.71781003
2024-08-01,33922298.013297215
2024-08-02,33893858.13416672
2024-08-05,33692099.61000426
2024-08-06,33561947.19689732
2024-08-07,33564561.27912
2024-08-08,33437307.103003286
2024-08-09,33563846.925893046
2024-08-12,33483395.030872285
2024-08-13,33550714.98892961
2024-08-14,33633483.09638259
2024-08-15,33737499.960182026
2024-08-16,33837123.576045305
2024-08-19,33842959.93823416
2024-08-20,33873259.28712022
2024-08-21,33898395.51196744
2024-08-22,33914413.869382866
2024-08-23,34047359.112993
2024-08-26,34137360.42940001
2024-08-27,33911956.84344116
2024-08-28,33916168.72305561
2024-08-29,33919038.05436219
2024-08-30,33918760.60865398
2024-09-03,33925543.44793644
2024-09-04,33856816.50960825
2024-09-05,33821276.23771736
2024-09-06,33761445.94983419
2024-09-09,33598129.56149051
2024-09-10,33596338.14996811
2024-09-11,33492938.13775921
2024-09-12,33630581.392379895
2024-09-13,33816684.831483826
2024-09-16,33880180.33749075
2024-09-17,33953387.74951167
2024-09-18,33961675.8441943
2024-09-19,34004659.56201352
2024-09-20,33986766.58800736
2024-09-23,33962656.606955215
2024-09-24,33958095.95941779
2024-09-25,33890217.800359346
2024-09-26,33934328.53610017
2024-09-27,33993477.85842895
2024-09-30,34030289.32770569
2024-10-01,34021435.07602241
2024-10-02,33926123.56700967
2024-10-03,33867011.63903595
2024-10-04,33876445.06370599
2024-10-07,33863513.66356312
2024-10-08,33813560.81533646
2024-10-09,33844951.498604186
2024-10-10,33852400.29155067
2024-10-11,33919704.19669139
2024-10-14,33921975.47300665
2024-10-15,34043136.011007234
2024-10-16,34071794.779941514
2024-10-17,34108915.44967877
2024-10-18,34110318.62780399
2024-10-21,34027487.91451318
2024-10-22,34028120.93814012
2024-10-23,34023141.444470845
2024-10-24,33992120.883863896
2024-10-25,33971322.3771424
2024-10-28,34035731.13784386
2024-10-29,34021168.27382138
2024-10-30,34041747.87380132
2024-10-31,34000075.304215804
2024-11-01,33937342.49959907
2024-11-04,33986688.62290007
2024-11-05,34004321.15884661
2024-11-06,34263862.283028275
2024-11-07,34386505.6271168
2024-11-08,34377236.74046929
2024-11-11,34501758.00927628
2024-11-12,34519872.14413169
2024-11-13,34468491.26162392
2024-11-14,34435190.90439443
2024-11-15,34482291.494065545
2024-11-18,34384723.235140756
2024-11-19,34364685.82201424
2024-11-20,34378828.82628789
2024-11-21,34409943.557644896
2024-11-22,34476951.813014485
2024-11-25,34528261.59944063
2024-11-26,34469152.398849644
2024-11-27,34525659.417667456
2024-11-29,34480271.473350376
2024-12-02,34497811.01863127
2024-12-03,34472428.956472054
2024-12-04,34478724.19477796
2024-12-05,34519957.33357926
2024-12-06,34489055.80741987
2024-12-09,34576610.41669331
2024-12-10,34589475.76888439
2024-12-11,34539256.24039248
2024-12-12,34604635.38789211
2024-12-13,34568823.70563213
2024-12-16,34549288.021532275
2024-12-17,34511158.52913648
2024-12-18,34503202.085690685
2024-12-19,34393152.74400195
2024-12-20,34379151.836319976
2024-12-23,34374554.52057107
2024-12-24,34391052.20572011
2024-12-26,34447181.8760558
2024-12-27,34434470.132480964
2024-12-30,34424931.346662015
2024-12-31,34345495.9346489
