date,portfolio_value
2010-01-04,570654.875
2010-01-05,574596.4375
2010-01-06,576494.9375
2010-01-07,577860.8125
2010-01-08,580127.6875
2010-01-11,582699.7131861218
2010-01-12,581610.7676421546
2010-01-13,579861.1247815739
2010-01-14,582317.4362663699
2010-01-15,584151.1045017189
2010-01-19,580752.0894404065
2010-01-20,583919.8274384879
2010-01-21,581071.1446220997
2010-01-22,578561.8283844015
2010-01-25,569924.179585492
2010-01-26,570962.5316235168
2010-01-27,569140.281097921
2010-01-28,572086.1391141001
2010-01-29,570021.345227722
2010-02-01,565737.4868755635
2010-02-02,568818.3421341596
2010-02-03,572997.7265150164
2010-02-04,571388.2852486488
2010-02-05,564077.9674230159
2010-02-08,564814.7436280035
2010-02-09,562173.3167444842
2010-02-10,566103.542720544
2010-02-11,566722.0657837642
2010-02-12,571620.6755499286
2010-02-16,570809.2382819435
2010-02-17,575551.877014999
2010-02-18,575886.6749694261
2010-02-19,578730.4407953953
2010-02-22,580650.4997943541
2010-02-23,582420.1378928085
2010-02-24,577997.6843639603
2010-02-25,580921.5419008799
2010-02-26,580949.8570227051
2010-03-01,582716.7371910841
2010-03-02,587786.7662937904
2010-03-03,587816.092498799
2010-03-04,589253.546479853
2010-03-05,591246.4872913276
2010-03-08,597522.6195263858
2010-03-09,597029.810985602
2010-03-10,598820.8055473916
2010-03-11,601077.5692299766
2010-03-12,602558.6800166286
2010-03-15,601980.0978614633
2010-03-16,601496.0204358666
2010-03-17,603241.6862419987
2010-03-18,605797.5661462311
2010-03-19,604421.2507851428
2010-03-22,604078.538967407
2010-03-23,607332.2345070959
2010-03-24,610730.7690014718
2010-03-25,607846.2445493332
2010-03-26,607760.9178425835
2010-03-29,606993.1046896918
2010-03-30,607865.6211496283
2010-03-31,608519.0268817848
2010-04-01,608173.3094821676
2010-04-05,612999.7176976698
2010-04-06,617813.2696204846
2010-04-07,619827.2271843795
2010-04-08,618771.241150339
2010-04-09,619897.1673702248
2010-04-12,623704.2777665012
2010-04-13,624262.6552228166
2010-04-14,626509.3563155163
2010-04-15,631276.4186476846
2010-04-16,632862.9369403011
2010-04-19,626692.5942112999
2010-04-20,630494.213810507
2010-04-21,638603.0816006827
2010-04-22,639304.4176510572
2010-04-23,641061.1340078537
2010-04-26,646742.6263552087
2010-04-27,645570.5824965491
2010-04-28,636137.2734249308
2010-04-29,639712.0946782186
2010-04-30,643864.5464246167
2010-05-03,638135.3074465888
2010-05-04,641799.6456520897
2010-05-05,630917.7975776782
2010-05-06,628527.8132451375
2010-05-07,614885.1680016449
2010-05-10,608788.4909046977
2010-05-11,626271.2458187914
2010-05-12,629016.8142413229
2010-05-13,636570.2281562503
2010-05-14,632136.7059408068
2010-05-17,625865.5394113043
2010-05-18,625676.4992750221
2010-05-19,617421.9416476233
2010-05-20,612141.2407474264
2010-05-21,598619.8767878246
2010-05-24,605152.7107171754
2010-05-25,597786.7018285732
2010-05-26,601930.8750273887
2010-05-27,600308.9528471873
2010-05-28,615127.6802407127
2010-06-01,608372.8607736066
2010-06-02,600245.2157390129
2010-06-03,609307.2002085904
2010-06-04,611754.8481863019
2010-06-07,596762.9312925639
2010-06-08,587369.9465230464
2010-06-09,594221.2384080437
2010-06-10,590880.711909553
2010-06-11,601396.4716139467
2010-06-14,607357.9253270963
2010-06-15,605268.4914202709
2010-06-16,612289.9691886866
2010-06-17,611608.8574620881
2010-06-18,613148.5878234637
2010-06-21,610752.3245940362
2010-06-22,611032.7272608825
2010-06-23,605850.9674497691
2010-06-24,606188.9351414948
2010-06-25,603540.1959278566
2010-06-28,602901.5701988563
2010-06-29,600139.1869519266
2010-06-30,592140.1759427986
2010-07-01,587187.8723204262
2010-07-02,585153.0366511187
2010-07-06,577054.6378420376
2010-07-07,576989.0156559822
2010-07-08,586251.4186359177
2010-07-09,592132.1164960781
2010-07-12,590058.9333066511
2010-07-13,593443.966298211
2010-07-14,596863.4436131746
2010-07-15,594147.348553844
2010-07-16,593987.6836133235
2010-07-19,584550.238901627
2010-07-20,584418.037820008
2010-07-21,587783.1786292135
2010-07-22,584281.3580576956
2010-07-23,593600.5707031315
2010-07-26,598249.2664321869
2010-07-27,599263.741553549
2010-07-28,597615.164838889
2010-07-29,598572.5454188819
2010-07-30,598153.761801064
2010-08-02,594771.2600396272
2010-08-03,601017.0448236377
2010-08-04,599309.5399601512
2010-08-05,600416.5836130878
2010-08-06,600189.88534787
2010-08-09,599017.7249872695
2010-08-10,597146.4146460346
2010-08-11,594070.9274087532
2010-08-12,586306.1546527706
2010-08-13,583730.6233752804
2010-08-16,584074.0589757398
2010-08-17,583629.4817984235
2010-08-18,588022.808846924
2010-08-19,586915.0415072422
2010-08-20,583296.2793372187
2010-08-23,580758.720610192
2010-08-24,579936.953155652
2010-08-25,576528.7628365236
2010-08-26,577792.5266893485
2010-08-27,576847.59000183
2010-08-30,581216.7099570747
2010-08-31,577536.0546869669
2010-09-01,575865.389296429
2010-09-02,585642.2063991735
2010-09-03,588443.7434615379
2010-09-07,591332.7027942158
2010-09-08,587863.7507828077
2010-09-09,588977.7857105699
2010-09-10,590176.1540061767
2010-09-13,593850.1355437203
2010-09-14,599360.3317800337
2010-09-15,596654.1298032359
2010-09-16,596666.7583443405
2010-09-17,597934.2011389137
2010-09-20,599630.8139856036
2010-09-21,603250.9859424701
2010-09-22,602518.8954214614
2010-09-23,601149.6808516481
2010-09-24,598806.3080870925
2010-09-27,607844.2319423044
2010-09-28,608660.0073769295
2010-09-29,611862.299308939
2010-09-30,613387.3553056888
2010-10-01,612203.0252981733
2010-10-04,612029.6053350249
2010-10-05,609525.5097035136
2010-10-06,615609.9483254584
2010-10-07,614892.9736160757
2010-10-08,616395.7573712413
2010-10-11,618791.3209014646
2010-10-12,619059.1914330795
2010-10-13,622239.9025215565
2010-10-14,625544.689714308
2010-10-15,623463.0150997575
2010-10-18,624856.8039388632
2010-10-19,625909.3128793738
2010-10-20,621249.8231251003
2010-10-21,622647.7129358873
2010-10-22,624491.1334108689
2010-10-25,626093.2687227175
2010-10-26,628704.7074379653
2010-10-27,628648.0844631821
2010-10-28,625862.630273899
2010-10-29,623959.810170594
2010-11-01,623761.5973552208
2010-11-02,626693.2260203963
2010-11-03,628938.5241156464
2010-11-04,630808.3313832608
2010-11-05,638374.5569779132
2010-11-08,642707.3643016651
2010-11-09,640171.9716531293
2010-11-10,639223.663281701
2010-11-11,640751.8875225746
2010-11-12,638703.7192788933
2010-11-15,633923.5895558547
2010-11-16,632140.7863379549
2010-11-17,626051.060895349
2010-11-18,625762.2588066392
2010-11-19,631989.0528231749
2010-11-22,634970.3120393184
2010-11-23,635735.2781452726
2010-11-24,629776.2056206374
2010-11-26,640126.30601956
2010-11-29,633938.4258303947
2010-11-30,636423.1737722049
2010-12-01,629330.3213019273
2010-12-02,635538.5000000413
2010-12-03,642414.1393688424
2010-12-06,646625.8637095072
2010-12-07,646448.0999248854
2010-12-08,645324.6825871753
2010-12-09,648334.7245099483
2010-12-10,650688.4344640522
2010-12-13,652602.0488777601
2010-12-14,651176.2758239986
2010-12-15,651382.5210853982
2010-12-16,650665.3342269491
2010-12-17,655135.7427526505
2010-12-20,657097.4553046917
2010-12-21,658577.2968538713
2010-12-22,660269.8429037147
2010-12-23,661510.1626113293
2010-12-27,662558.4694447372
2010-12-28,661983.4067966195
2010-12-29,666398.5103855386
2010-12-30,667284.3626819596
2010-12-31,666838.6298520856
2011-01-03,670792.2392395257
2011-01-04,672495.6575547942
2011-01-05,672513.853465275
2011-01-06,673623.5825286933
2011-01-07,673405.4705239147
2011-01-10,673677.1771310496
2011-01-11,672525.3946132472
2011-01-12,674802.2326076977
2011-01-13,674603.3207511931
2011-01-14,674202.8683114932
2011-01-18,676175.8364283221
2011-01-19,675647.6944178669
2011-01-20,673852.066672491
2011-01-21,673343.0617015801
2011-01-24,674810.7240245581
2011-01-25,674609.9020727983
2011-01-26,677190.2109523175
2011-01-27,678470.1429769835
2011-01-28,677704.6329203397
2011-01-31,675804.0103923357
2011-02-01,674747.505501085
2011-02-02,677239.7763069428
2011-02-03,675758.4362987826
2011-02-04,678998.700102228
2011-02-07,678819.755240867
2011-02-08,682622.5435637292
2011-02-09,682610.9361541395
2011-02-10,681398.0653517878
2011-02-11,680422.9764064256
2011-02-14,683569.1050793771
2011-02-15,687301.084356968
2011-02-16,685737.2259200333
2011-02-17,685548.192189384
2011-02-18,685856.8165074344
2011-02-22,684827.0103962392
2011-02-23,675562.102186895
2011-02-24,676792.1575650527
2011-02-25,680776.3608737419
2011-02-28,678359.3540970349
2011-03-01,678723.5002183038
2011-03-02,672169.6475019519
2011-03-03,671573.0437463133
2011-03-04,678274.2385330544
2011-03-07,675228.8724755078
2011-03-08,670324.5285860287
2011-03-09,672941.7285396039
2011-03-10,670865.8502395144
2011-03-11,664629.5703777786
2011-03-14,665913.6828957103
2011-03-15,661240.6730620499
2011-03-16,661907.3947848903
2011-03-17,653648.8849417497
2011-03-18,660281.1764372222
2011-03-21,661912.3745015494
2011-03-22,667618.7392120967
2011-03-23,665980.7500491235
2011-03-24,666526.4952294874
2011-03-25,669884.1835742178
2011-03-28,665986.1346029389
2011-03-29,666389.3401973237
2011-03-30,665681.8193432721
2011-03-31,671242.0573565501
2011-04-01,668939.327567401
2011-04-04,673116.6856315231
2011-04-05,673420.1045374227
2011-04-06,674915.0082197653
2011-04-07,674047.7929582266
2011-04-08,673422.6279180076
2011-04-11,670147.2688573701
2011-04-12,664745.291912426
2011-04-13,662628.4577154804
2011-04-14,662447.825717141
2011-04-15,668215.7804817513
2011-04-18,671392.344685397
2011-04-19,662428.9065864658
2011-04-20,668033.973622886
2011-04-21,669796.086604435
2011-04-25,671475.0350515972
2011-04-26,670350.5497216299
2011-04-27,675455.1111084226
2011-04-28,679550.9178251316
2011-04-29,683215.4052804837
2011-05-02,684023.825859704
2011-05-03,675342.2709402079
2011-05-04,674966.0488793497
2011-05-05,671664.3417369399
2011-05-06,666267.5852043923
2011-05-09,671761.3069262524
2011-05-10,675130.073504638
2011-05-11,675052.2314518878
2011-05-12,676144.0381885256
2011-05-13,676670.9453437157
2011-05-16,667777.006506347
2011-05-17,663311.7307628962
2011-05-18,664429.2838147158
2011-05-19,668007.9870769886
2011-05-20,671679.4588586965
2011-05-23,664373.1391781252
2011-05-24,656913.6924633206
2011-05-25,655822.8481986278
2011-05-26,655170.9441038158
2011-05-27,659215.7012339394
2011-05-31,665943.0659079276
2011-06-01,677117.4382684396
2011-06-02,663612.3414977897
2011-06-03,662610.2306383522
2011-06-06,653450.4005061521
2011-06-07,650210.7878175935
2011-06-08,644546.5727227073
2011-06-09,639342.0853607145
2011-06-10,646781.1171509468
2011-06-13,638172.6231153165
2011-06-14,639693.7150036496
2011-06-15,645835.6980914905
2011-06-16,631788.308705503
2011-06-17,631504.257522318
2011-06-20,633548.1498793182
2011-06-21,640160.8520278705
2011-06-22,643493.2873333608
2011-06-23,638638.9283834507
2011-06-24,644051.544003676
2011-06-27,633767.1865589696
2011-06-28,638473.7888304988
2011-06-29,641138.374480761
2011-06-30,647277.2213919824
2011-07-01,649298.8236313355
2011-07-05,654513.575198316
2011-07-06,653348.0606425909
2011-07-07,656032.5010813025
2011-07-08,663256.7474073754
2011-07-11,660049.9418541198
2011-07-12,652466.0970604718
2011-07-13,655910.4499136013
2011-07-14,657354.1889520776
2011-07-15,655544.7509082925
2011-07-18,655051.9804470327
2011-07-19,650314.6079480513
2011-07-20,657353.0145959876
2011-07-21,653661.7989543852
2011-07-22,661232.011985783
2011-07-25,660681.0001464153
2011-07-26,654307.7975295129
2011-07-27,648865.2642912454
2011-07-28,636790.6715077788
2011-07-29,639668.7827902308
2011-08-01,635104.0390233769
2011-08-02,630952.895785939
2011-08-03,612998.6091473373
2011-08-04,607176.7346144594
2011-08-05,574881.5329529308
2011-08-08,563707.3851397728
2011-08-09,523805.5057676002
2011-08-10,552923.4295476617
2011-08-11,525311.5389578707
2011-08-12,548541.5564733959
2011-08-15,551057.1697169495
2011-08-16,556908.1312863894
2011-08-17,553812.7049545472
2011-08-18,549005.8925891574
2011-08-19,532035.8082928789
2011-08-22,522930.6969373307
2011-08-23,523554.0783487817
2011-08-24,534079.160996033
2011-08-25,541108.6092826099
2011-08-26,537142.5290553271
2011-08-29,546636.6969436775
2011-08-30,562548.1900576748
2011-08-31,564083.3663215659
2011-09-01,562029.0042864009
2011-09-02,557026.9154410916
2011-09-06,543412.8919878105
2011-09-07,534867.9216897467
2011-09-08,549291.0496813407
2011-09-09,548185.8593789256
2011-09-12,533773.3922296856
2011-09-13,537025.7810728776
2011-09-14,540247.586568318
2011-09-15,539367.7501302288
2011-09-16,545061.3049855352
2011-09-19,539447.4700097021
2011-09-20,529048.14416847
2011-09-21,531335.2642066815
2011-09-22,518667.2386062624
2011-09-23,502132.51545288955
2011-09-26,498302.1228966653
2011-09-27,510050.91258366883
2011-09-28,510063.1527858725
2011-09-29,501459.373189824
2011-09-30,508690.0521147972
2011-10-03,482657.2262562582
2011-10-04,476471.25102522655
2011-10-05,484371.50367755035
2011-10-06,485601.6330203246
2011-10-07,487791.82097214554
2011-10-10,482073.59572722553
2011-10-11,501213.6068665338
2011-10-12,503420.615192075
2011-10-13,510018.2853798881
2011-10-14,510374.0503201995
2011-10-17,528646.2686979704
2011-10-18,518342.62243380933
2011-10-19,529026.560277768
2011-10-20,520937.83743482444
2011-10-21,521903.76554934174
2011-10-24,534508.9686590306
2011-10-25,541119.0314960941
2011-10-26,531690.4385682549
2011-10-27,534703.0291381308
2011-10-28,554637.0349459039
2011-10-31,555820.6106610097
2011-11-01,542391.7158808694
2011-11-02,529726.8101468456
2011-11-03,531578.428095749
2011-11-04,541621.2231618757
2011-11-07,537241.7848276058
2011-11-08,537921.3492083956
2011-11-09,543438.3009451452
2011-11-10,527558.8140409403
2011-11-11,524929.8789608001
2011-11-14,533339.3624068752
2011-11-15,530495.3112317142
2011-11-16,533721.1184890658
2011-11-17,530275.5371114727
2011-11-18,524276.8584862983
2011-11-21,526945.6566203546
2011-11-22,511916.3200846335
2011-11-23,510797.2900984305
2011-11-25,498489.8800788755
2011-11-28,496540.18031561276
2011-11-29,511914.77918057214
2011-11-30,502384.3759673081
2011-12-01,519033.88259170414
2011-12-02,523556.4654763632
2011-12-05,521757.620399216
2011-12-06,526001.9647470159
2011-12-07,522824.1345590906
2011-12-08,522450.4679905652
2011-12-09,510910.91080884915
2011-12-12,524311.3511427793
2011-12-13,515425.5101921342
2011-12-14,512444.1741638279
2011-12-15,506357.5873113409
2011-12-16,509632.87109071267
2011-12-19,511749.93289202056
2011-12-20,502907.62779929437
2011-12-21,516772.53249422566
2011-12-22,518054.1992086789
2011-12-23,518667.4313270509
2011-12-27,525086.1406759374
2011-12-28,526402.343870962
2011-12-29,517647.89890817617
2011-12-30,526629.3592723702
2012-01-03,520976.0858817238
2012-01-04,526953.4968641042
2012-01-05,527414.8161511521
2012-01-06,529490.8626916492
2012-01-09,536164.8350522242
2012-01-10,540962.3684795775
2012-01-11,550965.1476572983
2012-01-12,551183.751164589
2012-01-13,551907.7508090835
2012-01-17,546789.7198412116
2012-01-18,548334.6580881104
2012-01-19,555443.5934728144
2012-01-20,555199.8524767592
2012-01-23,561705.9095308785
2012-01-24,565361.5617688956
2012-01-25,563880.6647468492
2012-01-26,567882.4734607185
2012-01-27,569437.6567303725
2012-01-30,566893.1308541337
2012-01-31,563288.488496063
2012-02-01,564971.4417838725
2012-02-02,568172.9520476924
2012-02-03,566928.2843289648
2012-02-06,574201.322071721
2012-02-07,575064.715840171
2012-02-08,573935.5373434353
2012-02-09,583718.8394547331
2012-02-10,583037.5228347082
2012-02-13,578400.8657620208
2012-02-14,583101.5252880699
2012-02-15,581715.3143668855
2012-02-16,580056.849018061
2012-02-17,587648.8162657815
2012-02-21,585255.5762556475
2012-02-22,585467.3698681253
2012-02-23,586968.0152189486
2012-02-24,586869.6812779633
2012-02-27,587790.9720727387
2012-02-28,589296.3535731004
2012-02-29,587065.795731083
2012-03-01,582653.9662647813
2012-03-02,582180.0145593478
2012-03-05,581967.0245172303
2012-03-06,580528.6233667762
2012-03-07,572711.6745895576
2012-03-08,575939.7558201123
2012-03-09,583839.3113726034
2012-03-12,585147.0636818632
2012-03-13,583717.928438903
2012-03-14,595426.5198478651
2012-03-15,591270.9200408581
2012-03-16,590836.0919143298
2012-03-19,593004.1797371488
2012-03-20,593494.5479796593
2012-03-21,595761.8490391704
2012-03-22,598333.7291063436
2012-03-23,593295.2899180432
2012-03-26,597084.6066532903
2012-03-27,606941.6212021395
2012-03-28,605410.2320217895
2012-03-29,603376.4916262678
2012-03-30,601581.7661294643
2012-04-02,603754.5982898219
2012-04-03,604304.3584208529
2012-04-04,600913.4237059765
2012-04-05,595215.8422914608
2012-04-09,592450.5653161324
2012-04-10,585609.2132929448
2012-04-11,579706.1351433009
2012-04-12,584311.6500512894
2012-04-13,592849.7799873522
2012-04-16,587542.374371182
2012-04-17,584159.5858719507
2012-04-18,593677.917380929
2012-04-19,593598.0879748589
2012-04-20,591167.658602102
2012-04-23,588780.1034286063
2012-04-24,587906.7425347009
2012-04-25,582959.1474110669
2012-04-26,592644.2114690116
2012-04-27,599382.7905206658
2012-04-30,600393.3900823835
2012-05-01,594687.7913582934
2012-05-02,604468.8619592796
2012-05-03,595747.5978627884
2012-05-04,594087.0488030069
2012-05-07,584864.5712533513
2012-05-08,582196.1485491294
2012-05-09,583804.0326924928
2012-05-10,580703.7752133231
2012-05-11,584212.8277584655
2012-05-14,581053.3618042222
2012-05-15,574706.9368049349
2012-05-16,570001.5525703535
2012-05-17,565596.630861014
2012-05-18,557700.986101115
2012-05-21,551676.304825251
2012-05-22,556824.4772657823
2012-05-23,558717.5571160872
2012-05-24,559989.0496459471
2012-05-25,562742.8674483118
2012-05-29,559180.854448269
2012-05-30,567669.2421997786
2012-05-31,560792.359867854
2012-06-01,562893.212693091
2012-06-04,550770.2058572726
2012-06-05,552259.7948532653
2012-06-06,551033.3051312647
2012-06-07,560832.5487412504
2012-06-08,561218.0842876051
2012-06-11,566534.7038399192
2012-06-12,555477.1258988983
2012-06-13,562456.1331553453
2012-06-14,555842.171145085
2012-06-15,560594.8380514919
2012-06-18,566051.6140350164
2012-06-19,567120.2537706683
2012-06-20,572534.6531416904
2012-06-21,577198.8071859451
2012-06-22,565248.0552922096
2012-06-25,573553.6273416271
2012-06-26,562751.3915496636
2012-06-27,566123.0443367511
2012-06-28,567978.7733470908
2012-06-29,564733.4421908585
2012-07-02,582513.9558459667
2012-07-03,584080.2307952968
2012-07-05,589355.2168523694
2012-07-06,585762.058841566
2012-07-09,578174.1852292828
2012-07-10,575567.0093756714
2012-07-11,571562.4409113777
2012-07-12,569289.1685522435
2012-07-13,563009.2018188544
2012-07-16,569356.1691754868
2012-07-17,565065.5974035666
2012-07-18,564662.2524414723
2012-07-19,565311.2092765372
2012-07-20,566339.5014234172
2012-07-23,559666.7643057039
2012-07-24,554094.5273482674
2012-07-25,552185.5453245859
2012-07-26,546236.6577377886
2012-07-27,553370.2542455855
2012-07-30,561924.9795031293
2012-07-31,563402.0814394077
2012-08-01,553883.6376230218
2012-08-02,552752.6019341552
2012-08-03,549974.378581817
2012-08-06,562834.7883577234
2012-08-07,562912.6246658505
2012-08-08,562171.3194668407
2012-08-09,562508.8711491209
2012-08-10,562437.0318372956
2012-08-13,559771.9362334334
2012-08-14,555009.662207589
2012-08-15,557851.4919473024
2012-08-16,559544.9610700365
2012-08-17,566776.851138059
2012-08-20,565974.927248953
2012-08-21,566575.2588786072
2012-08-22,564677.8686378141
2012-08-23,564945.5553905144
2012-08-24,559615.8554586606
2012-08-27,562082.4639046561
2012-08-28,565109.8071827458
2012-08-29,564702.5016976702
2012-08-30,563444.1130598685
2012-08-31,563187.3678748409
2012-09-04,569534.1707752477
2012-09-05,567917.121880579
2012-09-06,563082.469306407
2012-09-07,572126.4322923005
2012-09-10,578019.9305215392
2012-09-11,577068.6820480494
2012-09-12,576619.1796542538
2012-09-13,576310.4259797211
2012-09-14,588121.9761042999
2012-09-17,590419.3707125473
2012-09-18,587747.0435165747
2012-09-19,586649.2415285313
2012-09-20,585806.3912820803
2012-09-21,588563.1018643534
2012-09-24,586821.3695706985
2012-09-25,583653.2377858721
2012-09-26,579903.1561354868
2012-09-27,576155.6374797196
2012-09-28,581990.6843240766
2012-10-01,581943.3733227701
2012-10-02,581701.4592823025
2012-10-03,583182.093607096
2012-10-04,583830.8173989302
2012-10-05,587216.5762264836
2012-10-08,585621.1386154951
2012-10-09,586611.2141103152
2012-10-10,583315.8263176013
2012-10-11,581879.695280349
2012-10-12,582641.0654719374
2012-10-15,576416.8056395774
2012-10-16,578035.4273614577
2012-10-17,584124.1721899846
2012-10-18,580574.7656006367
2012-10-19,579456.9031623526
2012-10-22,570484.72830114
2012-10-23,572053.4328000916
2012-10-24,563204.6583703032
2012-10-25,560501.7260058228
2012-10-26,561517.7677677
2012-10-31,564537.3306467197
2012-11-01,565504.5988703686
2012-11-02,570084.3195224184
2012-11-05,566598.4655101692
2012-11-06,567294.0959153422
2012-11-07,573509.3785499322
2012-11-08,562089.7267109145
2012-11-09,556575.0484495898
2012-11-12,551917.8089609192
2012-11-13,549913.1883574249
2012-11-14,549609.2886857962
2012-11-15,542135.7152367422
2012-11-16,538559.1237427079
2012-11-19,537768.9287836436
2012-11-20,547954.9471744626
2012-11-21,550855.6256793791
2012-11-23,547546.4684131086
2012-11-26,556595.7263351693
2012-11-27,559037.024184699
2012-11-28,556646.0283907321
2012-11-29,565726.9676079454
2012-11-30,572308.6885314247
2012-12-03,569818.626723961
2012-12-04,564552.6635821261
2012-12-05,562038.3681279246
2012-12-06,561804.0899005763
2012-12-07,561651.6227936185
2012-12-10,561568.2202942185
2012-12-11,563106.9269316192
2012-12-12,564936.9832766289
2012-12-13,565311.6080249985
2012-12-14,566378.8664287849
2012-12-17,563873.2998624758
2012-12-18,567758.7805451914
2012-12-19,577372.5332749095
2012-12-20,573109.7369501168
2012-12-21,580639.360762955
2012-12-24,574691.8494881992
2012-12-26,573947.292262127
2012-12-27,568922.7355571588
2012-12-28,573602.0618772451
2012-12-31,567371.3043495294
2013-01-02,577417.2764029448
2013-01-03,590903.2300035578
2013-01-04,592182.4779711862
2013-01-07,601364.5981105824
2013-01-08,601166.614501902
2013-01-09,602491.7799316491
2013-01-10,603694.8323254809
2013-01-11,604805.5043210428
2013-01-14,607807.3441691687
2013-01-15,611619.9545083924
2013-01-16,610870.1678511795
2013-01-17,611205.4368159348
2013-01-18,618014.7786387359
2013-01-22,622311.9526943541
2013-01-23,623547.134156777
2013-01-24,624003.1925013845
2013-01-25,624260.968974849
2013-01-28,630475.4932164217
2013-01-29,626474.4258097212
2013-01-30,625500.3166918408
2013-01-31,628719.8264685166
2013-02-01,627327.0406548989
2013-02-04,635321.7539782379
2013-02-05,629328.2845694233
2013-02-06,636471.4432391204
2013-02-07,635229.2863455123
2013-02-08,631420.3000793874
2013-02-11,634496.6069037231
2013-02-12,631821.6725999796
2013-02-13,633139.6403402011
2013-02-14,635543.4975905076
2013-02-15,635864.6044532174
2013-02-19,639560.5430994378
2013-02-20,638857.1689640753
2013-02-21,630924.3556152352
2013-02-22,626582.8551760106
2013-02-25,634067.4550211484
2013-02-26,622378.3507103815
2013-02-27,621099.6386585861
2013-02-28,627658.159272042
2013-03-01,626977.8542259521
2013-03-04,627118.5906318172
2013-03-05,629819.8950249394
2013-03-06,634602.9030471103
2013-03-07,636788.6586054905
2013-03-08,636591.7836873679
2013-03-11,639925.2619237255
2013-03-12,641023.6554733372
2013-03-13,636931.850689038
2013-03-14,638805.846472497
2013-03-15,642573.5481603399
2013-03-18,642995.8760634139
2013-03-19,641524.4310515844
2013-03-20,641594.6130132815
2013-03-21,647980.5958290145
2013-03-22,638484.1184759376
2013-03-25,645479.8265301541
2013-03-26,640914.5333358836
2013-03-27,644424.7542700648
2013-03-28,642087.8295901082
2013-04-01,636233.7918939649
2013-04-02,631412.3165899906
2013-04-03,636651.1126233987
2013-04-04,629251.3075408068
2013-04-05,633624.6181806503
2013-04-08,628876.7150420931
2013-04-09,631644.2818568184
2013-04-10,633680.3006546007
2013-04-11,637434.4094973137
2013-04-12,641009.6004330169
2013-04-15,636721.9085126402
2013-04-16,622636.7548424312
2013-04-17,632262.6394368768
2013-04-18,626410.9360664084
2013-04-19,622166.710592902
2013-04-22,625850.4517510888
2013-04-23,632393.0553179848
2013-04-24,637921.2974410849
2013-04-25,640443.8780411516
2013-04-26,642708.5539979258
2013-04-29,641433.9105263683
2013-04-30,645638.249214979
2013-05-01,647884.782029568
2013-05-02,643334.9494477623
2013-05-03,647873.4998767835
2013-05-06,653442.3610760588
2013-05-07,656184.3472597162
2013-05-08,657125.2006703272
2013-05-09,661513.8467907708
2013-05-10,665024.5866258523
2013-05-13,663874.1177367575
2013-05-14,664007.1028632527
2013-05-15,667089.8373630537
2013-05-16,670434.910876302
2013-05-17,667710.8819368103
2013-05-20,672575.4233905833
2013-05-21,672036.2730621985
2013-05-22,671891.7484260767
2013-05-23,672040.0585102243
2013-05-24,669404.3014644287
2013-05-28,674954.290657033
2013-05-29,677746.4319752895
2013-05-30,675462.4150815649
2013-05-31,682936.6628649441
2013-06-03,673207.2054517722
2013-06-04,676157.6637614574
2013-06-05,674825.6570254805
2013-06-06,667023.0824771881
2013-06-07,668288.5580597281
2013-06-10,680252.1976103192
2013-06-11,684789.4434799518
2013-06-12,682665.5167158974
2013-06-13,676535.8972451619
2013-06-14,686315.6508674461
2013-06-17,684449.4903905444
2013-06-18,687564.5731115484
2013-06-19,694717.3152676001
2013-06-20,686583.3368807341
2013-06-21,675228.9045712536
2013-06-24,676143.0915027444
2013-06-25,669635.1246185346
2013-06-26,672390.950014187
2013-06-27,677580.2543253851
2013-06-28,684523.0901730133
2013-07-01,683311.1748165714
2013-07-02,685179.8037264845
2013-07-03,684171.9534277868
2013-07-05,684001.5106612088
2013-07-08,690850.4461310284
2013-07-09,691409.9058362389
2013-07-10,695279.5870747709
2013-07-11,693289.2036968578
2013-07-12,700824.4798822647
2013-07-15,705792.1869547727
2013-07-16,709570.164621746
2013-07-17,706956.3010209384
2013-07-18,711155.2188961355
2013-07-19,713266.4620010842
2013-07-22,717173.9434208642
2013-07-23,718474.749717256
2013-07-24,716426.7363232981
2013-07-25,718679.5855572256
2013-07-26,718142.2660729114
2013-07-29,714523.2545385337
2013-07-30,713263.0857885822
2013-07-31,715214.2196316661
2013-08-01,715981.1250061622
2013-08-02,722076.5294894156
2013-08-05,725521.2747066986
2013-08-06,723682.0810306274
2013-08-07,716526.031789868
2013-08-08,708288.9782142703
2013-08-09,714994.800396102
2013-08-12,714305.2642186442
2013-08-13,711055.8953916027
2013-08-14,716252.0229569324
2013-08-15,715084.7336381125
2013-08-16,707756.7056975594
2013-08-19,701750.2868388126
2013-08-20,701114.993613274
2013-08-21,701275.2319374883
2013-08-22,700743.7939903666
2013-08-23,708257.213411919
2013-08-26,712302.2294178201
2013-08-27,706679.4545816818
2013-08-28,698923.0172842201
2013-08-29,703261.8215080586
2013-08-30,702799.0061159453
2013-09-03,702482.3833633343
2013-09-04,705105.936986465
2013-09-05,714273.1138866871
2013-09-06,712095.6133988762
2013-09-09,717106.6180659827
2013-09-10,723145.9500755961
2013-09-11,724651.3445363966
2013-09-12,725752.2037530342
2013-09-13,725148.938128728
2013-09-16,727323.2649233859
2013-09-17,729937.6485697142
2013-09-18,729964.4009463124
2013-09-19,739685.2100114685
2013-09-20,740302.2039914795
2013-09-23,740905.4872471356
2013-09-24,741718.4002374441
2013-09-25,743078.07993679
2013-09-26,743087.9071529808
2013-09-27,746155.7717058704
2013-09-30,743302.8495256675
2013-10-01,740224.7784728281
2013-10-02,752070.3466344886
2013-10-03,752227.1460525102
2013-10-04,748189.1526825493
2013-10-07,758878.663965527
2013-10-08,747315.6046566024
2013-10-09,736282.4266150505
2013-10-10,734965.0644530818
2013-10-11,751013.1721231226
2013-10-14,752386.0104693548
2013-10-15,757154.2302235609
2013-10-16,752351.9941143144
2013-10-17,761065.041653792
2013-10-18,766220.2002908812
2013-10-21,766170.624417576
2013-10-22,763984.7954372658
2013-10-23,767738.2956367641
2013-10-24,766581.5581677455
2013-10-25,763648.8178959802
2013-10-28,761979.6501786388
2013-10-29,763172.95152123
2013-10-30,760126.2364612842
2013-10-31,765665.1320875045
2013-11-01,758254.5294926917
2013-11-04,764841.0783159616
2013-11-05,763917.4784880743
2013-11-06,755686.4687371457
2013-11-07,753941.7315752052
2013-11-08,751806.7954504807
2013-11-11,762869.6737692552
2013-11-12,763872.844530279
2013-11-13,762301.4433262922
2013-11-14,761871.4080772774
2013-11-15,765964.6955469253
2013-11-18,765782.6623533593
2013-11-19,763440.8068317812
2013-11-20,764972.5435320262
2013-11-21,769673.851428552
2013-11-22,777108.9753990857
2013-11-25,782091.0443149774
2013-11-26,785432.7796705419
2013-11-27,787364.2678349743
2013-11-29,795064.1958208235
2013-12-02,792664.8028545427
2013-12-03,795475.4153351664
2013-12-04,791574.222976189
2013-12-05,792778.4741757533
2013-12-06,785799.1930733582
2013-12-09,792953.9980183034
2013-12-10,795680.4336693748
2013-12-11,796084.7764819578
2013-12-12,792471.0509675334
2013-12-13,794840.2739737631
2013-12-16,796385.0647510667
2013-12-17,803079.5414038752
2013-12-18,789416.3983293988
2013-12-19,796498.9487617699
2013-12-20,799392.2483002049
2013-12-23,805901.6545061478
2013-12-24,812029.3075308963
2013-12-26,807388.5819482977
2013-12-27,809817.6769672423
2013-12-30,809921.6647917482
2013-12-31,811804.5661032969
2014-01-02,820196.0995381302
2014-01-03,818315.3912940238
2014-01-06,820806.6112597545
2014-01-07,821651.8269158875
2014-01-08,830127.5697744159
2014-01-09,830945.8287100337
2014-01-10,834557.1956957022
2014-01-13,845026.1894292233
2014-01-14,833028.2990158488
2014-01-15,841259.0576403439
2014-01-16,853343.4102198931
2014-01-17,850852.238903539
2014-01-21,852798.5547937775
2014-01-22,855816.522312102
2014-01-23,861991.8971332758
2014-01-24,854351.8947301982
2014-01-27,831880.8825901044
2014-01-28,831511.3006679635
2014-01-29,833447.0560398021
2014-01-30,827868.5718861816
2014-01-31,835037.4292802325
2014-02-03,834995.2727165478
2014-02-04,819221.9420012612
2014-02-05,819205.200748717
2014-02-06,813817.9014930343
2014-02-07,820610.7387214308
2014-02-10,834163.8605624245
2014-02-11,831639.171487174
2014-02-12,845432.536396116
2014-02-13,847604.9415429627
2014-02-14,848493.3583417336
2014-02-18,858609.4067786072
2014-02-19,858690.6918363405
2014-02-20,852440.4589440187
2014-02-21,859088.8215618352
2014-02-24,863997.1134220471
2014-02-25,871355.7015041985
2014-02-26,876296.3507954822
2014-02-27,881767.5429962733
2014-02-28,878174.1684010255
2014-03-03,886238.391536762
2014-03-04,880933.7153427255
2014-03-05,891846.0690192156
2014-03-06,891313.8639896379
2014-03-07,892599.099847684
2014-03-10,903295.8359930405
2014-03-11,912284.5536377965
2014-03-12,915023.0075506441
2014-03-13,911302.0993999417
2014-03-14,900437.7773013627
2014-03-17,892464.1121995372
2014-03-18,904370.3460597385
2014-03-19,911276.4110791855
2014-03-20,901915.9587728177
2014-03-21,901050.1364915342
2014-03-24,893857.1050525963
2014-03-25,885297.5276783177
2014-03-26,878323.7618026162
2014-03-27,871990.0542122398
2014-03-28,864580.6472037376
2014-03-31,874034.6704178083
2014-04-01,881025.5389555015
2014-04-02,888889.2123616767
2014-04-03,879176.6091916667
2014-04-04,871440.965077999
2014-04-07,859586.0348892554
2014-04-08,850079.8160017391
2014-04-09,856451.7502326738
2014-04-10,857677.3009737749
2014-04-11,830935.5833839248
2014-04-14,809115.0515324123
2014-04-15,802006.8104610873
2014-04-16,810841.2342517212
2014-04-17,821732.1648937315
2014-04-21,820940.4904858734
2014-04-22,828520.111787552
2014-04-23,832189.1783110764
2014-04-24,829558.9354084128
2014-04-25,822160.5094314127
2014-04-28,806540.7622266576
2014-04-29,807713.435987503
2014-04-30,810184.1459673285
2014-05-01,813312.5357333528
2014-05-02,813634.9447745631
2014-05-05,807900.8189839231
2014-05-06,806013.3343598348
2014-05-07,783743.1049392953
2014-05-08,778097.3099219844
2014-05-09,778397.8429307687
2014-05-12,783437.6124244733
2014-05-13,785660.6129250833
2014-05-14,787154.0132137905
2014-05-15,789895.6852037245
2014-05-16,783695.8981274724
2014-05-19,786564.3542053539
2014-05-20,789018.9481336665
2014-05-21,781854.8784084608
2014-05-22,790738.0063511166
2014-05-23,795115.7762834524
2014-05-27,796673.3546673263
2014-05-28,797537.5464802864
2014-05-29,793723.5611117391
2014-05-30,794861.68745603
2014-06-02,789946.9067233021
2014-06-03,785166.4014657293
2014-06-04,786392.8869051515
2014-06-05,791844.7798735044
2014-06-06,798881.7800264205
2014-06-09,802990.4217158614
2014-06-10,806732.1102254479
2014-06-11,806615.7371587951
2014-06-12,808128.6547556694
2014-06-13,799365.8666709331
2014-06-16,807524.74943759
2014-06-17,811788.532762835
2014-06-18,813478.6935180677
2014-06-19,821414.7437448667
2014-06-20,823011.8957092167
2014-06-23,820236.4819937896
2014-06-24,817078.9045250395
2014-06-25,814224.0400443139
2014-06-26,820780.1940184912
2014-06-27,822871.2788540473
2014-06-30,828535.7056628915
2014-07-01,823886.9300914629
2014-07-02,835052.5597297503
2014-07-03,831615.7159022383
2014-07-07,821998.6098713955
2014-07-08,810616.1091643078
2014-07-09,801524.8265453344
2014-07-10,804458.0978077205
2014-07-11,805152.8168407435
2014-07-14,806005.0969413798
2014-07-15,801720.7553876312
2014-07-16,797941.3677535
2014-07-17,799717.3894556763
2014-07-18,789882.6326721199
2014-07-21,800313.8484493197
2014-07-22,795796.8390166338
2014-07-23,796627.9639160401
2014-07-24,797633.3660878922
2014-07-25,800025.5495130441
2014-07-28,792900.0287544137
2014-07-29,796348.1406215989
2014-07-30,794964.032415844
2014-07-31,800660.2885700398
2014-08-01,779357.6302113767
2014-08-04,773162.563179046
2014-08-05,784212.0515594415
2014-08-06,779589.2191041525
2014-08-07,780561.2859406299
2014-08-08,769671.628378542
2014-08-11,783698.939701708
2014-08-12,783897.4294632511
2014-08-13,780098.6539554135
2014-08-14,783746.5203445234
2014-08-15,786297.0115691117
2014-08-18,784337.3356508667
2014-08-19,790743.3219886773
2014-08-20,798061.5315325027
2014-08-21,798959.7313742982
2014-08-22,802810.8773503833
2014-08-25,798388.123161632
2014-08-26,801888.2695474797
2014-08-27,804184.1493333557
2014-08-28,800804.2670360242
2014-08-29,805119.7234469632
2014-09-02,807828.4101307187
2014-09-03,805312.6296849446
2014-09-04,801369.238964644
2014-09-05,794249.7485517543
2014-09-08,806521.4806936086
2014-09-09,803944.7679325825
2014-09-10,798747.2505637982
2014-09-11,800981.7224803013
2014-09-12,802404.5883618917
2014-09-15,788210.3177477764
2014-09-16,782235.2036205058
2014-09-17,792475.7572931364
2014-09-18,788091.993480567
2014-09-19,791056.7689883956
2014-09-22,786615.7017294713
2014-09-23,782753.718469602
2014-09-24,769821.4780804724
2014-09-25,782040.2502148546
2014-09-26,771885.7560881854
2014-09-29,777018.4209674158
2014-09-30,772961.2495650781
2014-10-01,765723.076353807
2014-10-02,761121.0340392905
2014-10-03,755239.513003162
2014-10-06,758836.2748835805
2014-10-07,756999.1159315465
2014-10-08,734249.1566251867
2014-10-09,746208.0737451199
2014-10-10,728286.4243730238
2014-10-13,723863.1441523863
2014-10-14,712148.2496827161
2014-10-15,723358.0322460054
2014-10-16,731031.0832354621
2014-10-17,718108.920174044
2014-10-20,726270.5480578174
2014-10-21,725874.0915543502
2014-10-22,734310.5024879638
2014-10-23,730106.705420582
2014-10-24,733147.4736640723
2014-10-27,735060.6729037241
2014-10-28,735547.2123189876
2014-10-29,745026.7038600979
2014-10-30,738739.9291550148
2014-10-31,742315.7317977335
2014-11-03,748812.1565957755
2014-11-04,746299.2364957752
2014-11-05,733954.399738836
2014-11-06,737558.6583637703
2014-11-07,740437.8858348326
2014-11-10,739888.3501562945
2014-11-11,742861.5540647901
2014-11-12,743020.0290719242
2014-11-13,734814.9758838821
2014-11-14,736565.2835065668
2014-11-17,736647.985440012
2014-11-18,736889.5473770836
2014-11-19,737729.8765376696
2014-11-20,742937.6753250451
2014-11-21,742970.8043876899
2014-11-24,747821.2852021615
2014-11-25,751523.745540557
2014-11-26,747902.9783344596
2014-11-28,737835.3667543741
2014-12-01,725354.313719512
2014-12-02,720431.058023914
2014-12-03,727983.0741649455
2014-12-04,729318.7262571933
2014-12-05,734126.2493712077
2014-12-08,730454.6022088273
2014-12-09,736760.6363440203
2014-12-10,733285.9935443605
2014-12-11,720788.0198781587
2014-12-12,735094.1559521904
2014-12-15,722058.7427713979
2014-12-16,724269.140773978
2014-12-17,727574.7833813466
2014-12-18,725904.3375428647
2014-12-19,744130.9254622099
2014-12-22,743740.9817466313
2014-12-23,742982.9128826273
2014-12-24,745690.9030049101
2014-12-26,747970.2355356216
2014-12-29,749297.8699148145
2014-12-30,752984.8521063926
2014-12-31,759717.0502585894
2015-01-02,759371.1668199695
2015-01-05,760649.3337843523
2015-01-06,743584.995301977
2015-01-07,735246.4882566072
2015-01-08,740444.0996019193
2015-01-09,755589.2521832961
2015-01-12,754261.6362024845
2015-01-13,744972.5656357888
2015-01-14,743955.5672844226
2015-01-15,735206.116519576
2015-01-16,730367.764477389
2015-01-20,731974.7115035423
2015-01-21,726292.87487757
2015-01-22,728194.6098203271
2015-01-23,744826.2568377024
2015-01-26,745525.6156803983
2015-01-27,754803.0494682555
2015-01-28,743044.280224131
2015-01-29,734632.8519681509
2015-01-30,741710.1797706684
2015-02-02,726385.2409222826
2015-02-03,732895.1405500758
2015-02-04,742552.6755959465
2015-02-05,743484.35490805
2015-02-06,749423.8791365837
2015-02-09,747141.4030083213
2015-02-10,740460.8528659394
2015-02-11,745193.1503843658
2015-02-12,746535.7917410643
2015-02-13,757164.5621112449
2015-02-17,763258.9569926978
2015-02-18,765749.9559152119
2015-02-19,765172.1446979954
2015-02-20,762386.075387132
2015-02-23,765399.3242695583
2015-02-24,763400.4438504948
2015-02-25,771319.344128568
2015-02-26,777129.0834508933
2015-02-27,774672.3934546896
2015-03-02,770595.235495183
2015-03-03,772700.3827076058
2015-03-04,772406.2012644297
2015-03-05,768436.3175656287
2015-03-06,770782.1787542704
2015-03-09,762358.5580305578
2015-03-10,768021.6710790894
2015-03-11,755941.2736068642
2015-03-12,751619.7083424056
2015-03-13,759241.0752894836
2015-03-16,750628.2641493864
2015-03-17,761275.9959276109
2015-03-18,758772.8868679239
2015-03-19,769929.4453249905
2015-03-20,768510.2793371065
2015-03-23,774258.0707896856
2015-03-24,776348.8075266272
2015-03-25,772093.1863768336
2015-03-26,765147.9300952473
2015-03-27,765924.6237977673
2015-03-30,760666.3887497218
2015-03-31,771684.707584078
2015-04-01,764670.2394152957
2015-04-02,763658.7978575593
2015-04-06,762750.0277491853
2015-04-07,767550.2373941727
2015-04-08,768655.2637382548
2015-04-09,768001.4095675558
2015-04-10,769861.9820489975
2015-04-13,777314.8296511527
2015-04-14,773849.8605689489
2015-04-15,777890.6160655915
2015-04-16,780770.4559374601
2015-04-17,778360.7888130673
2015-04-20,769959.3023936851
2015-04-21,773884.1494834939
2015-04-22,767605.0116385311
2015-04-23,773571.3760285695
2015-04-24,781380.7014150156
2015-04-27,781632.499400511
2015-04-28,776074.1873991414
2015-04-29,779785.1047360328
2015-04-30,776728.062655917
2015-05-01,772852.2815454463
2015-05-04,781546.287108347
2015-05-05,776222.2287568394
2015-05-06,762469.5193290805
2015-05-07,756173.2732022784
2015-05-08,751473.2318388575
2015-05-11,759341.4278422517
2015-05-12,762068.1361473558
2015-05-13,758718.4874189504
2015-05-14,753913.8335828304
2015-05-15,757902.6562352981
2015-05-18,758468.126019175
2015-05-19,757213.1749607947
2015-05-20,753341.870708963
2015-05-21,751997.4714010956
2015-05-22,757144.0022259294
2015-05-26,755374.4797051417
2015-05-27,746294.4540118161
2015-05-28,750891.941774344
2015-05-29,755982.7507542899
2015-06-01,749649.983674514
2015-06-02,756410.2792909013
2015-06-03,763761.294430804
2015-06-04,765150.9177235995
2015-06-05,764888.2770894354
2015-06-08,764940.0652579726
2015-06-09,762464.2614883104
2015-06-10,758236.9813911252
2015-06-11,760999.1988085032
2015-06-12,767214.1406533031
2015-06-15,765954.1006068677
2015-06-16,761735.7161611064
2015-06-17,762299.8696623889
2015-06-18,761429.1431080324
2015-06-19,767536.7458417346
2015-06-22,762812.1638549351
2015-06-23,765887.7822089124
2015-06-24,764718.9003244389
2015-06-25,760555.1686175714
2015-06-26,754106.7623133
2015-06-29,749722.8239159731
2015-06-30,742482.9262524473
2015-07-01,735802.0628619726
2015-07-02,736751.327894121
2015-07-06,731156.6666207218
2015-07-07,720100.236396936
2015-07-08,717648.6862895685
2015-07-09,715319.4470119312
2015-07-10,726493.6935857475
2015-07-13,731714.2070442338
2015-07-14,739123.1337587847
2015-07-15,733339.1126886297
2015-07-16,736063.9619285333
2015-07-17,739179.6715659735
2015-07-20,733428.5773629857
2015-07-21,733449.3458531158
2015-07-22,729281.3047683935
2015-07-23,729753.6955907812
2015-07-24,726278.9728573471
2015-07-27,715695.6655534105
2015-07-28,709424.0193078631
2015-07-29,716534.150913078
2015-07-30,724308.9901874021
2015-07-31,723019.3562218164
2015-08-03,718287.7575753644
2015-08-04,714945.1062991939
2015-08-05,711686.4216782696
2015-08-06,711565.6011833674
2015-08-07,698076.0148934368
2015-08-10,692893.3291154796
2015-08-11,698716.1857134518
2015-08-12,692857.0527465786
2015-08-13,694575.7428818808
2015-08-14,690357.3121095203
2015-08-17,691783.5726756594
2015-08-18,689403.1213550443
2015-08-19,687283.8384714467
2015-08-20,680067.9053867138
2015-08-21,679301.3002247361
2015-08-24,659208.4374725651
2015-08-25,650408.5219863392
2015-08-26,634431.5605051985
2015-08-27,652193.1773083276
2015-08-28,670444.33534814
2015-08-31,675695.5628747509
2015-09-01,674237.2339131993
2015-09-02,652374.3993686767
2015-09-03,659678.4264024106
2015-09-04,664970.9376633515
2015-09-08,657129.1032944036
2015-09-09,667398.2980239738
2015-09-10,661454.2329752062
2015-09-11,660306.6300954192
2015-09-14,659161.7510038997
2015-09-15,660432.0918926469
2015-09-16,667684.2429617229
2015-09-17,676193.2246976717
2015-09-18,689962.6610126054
2015-09-21,680334.0555052533
2015-09-22,674829.7687659488
2015-09-23,669382.8722169541
2015-09-24,667491.8821026031
2015-09-25,654051.842133864
2015-09-28,648555.5131746015
2015-09-29,629641.3171904073
2015-09-30,630925.625697428
2015-10-01,631389.8493791326
2015-10-02,637611.8943010039
2015-10-05,643658.4388826594
2015-10-06,653509.750231957
2015-10-07,654538.7486180657
2015-10-08,663873.1877318897
2015-10-09,668941.8040919116
2015-10-12,665063.488124281
2015-10-13,663550.9774586482
2015-10-14,657981.653953695
2015-10-15,657975.9745498319
2015-10-16,660373.6859041224
2015-10-19,661498.9806254035
2015-10-20,659731.7766382357
2015-10-21,654454.6453032051
2015-10-22,643876.0222813562
2015-10-23,645608.7701056299
2015-10-26,654038.882921846
2015-10-27,644771.0766671812
2015-10-28,648202.7821858271
2015-10-29,648903.9082821382
2015-10-30,648814.1019170679
2015-11-02,654135.6046165254
2015-11-03,661282.6606740251
2015-11-04,661660.0257141942
2015-11-05,657159.8133719383
2015-11-06,657755.9117117426
2015-11-09,657727.4239832057
2015-11-10,645972.1543468258
2015-11-11,640291.6567496475
2015-11-12,636530.7161600407
2015-11-13,633693.6142468331
2015-11-16,620500.4971054418
2015-11-17,626480.527753414
2015-11-18,620597.0359286456
2015-11-19,625394.7769892933
2015-11-20,626105.7987855533
2015-11-23,633027.5354415026
2015-11-24,633609.0986077079
2015-11-25,638926.2652181382
2015-11-27,641007.5644513591
2015-11-30,646850.9700617931
2015-12-01,640173.4508988296
2015-12-02,645420.7292845235
2015-12-03,642290.4345647387
2015-12-04,626785.2660253119
2015-12-07,627721.0512985141
2015-12-08,626135.9016253699
2015-12-09,624234.3009271912
2015-12-10,620880.3298695042
2015-12-11,620965.6703281873
2015-12-14,598611.2231280416
2015-12-15,600239.4124713069
2015-12-16,606970.1624126723
2015-12-17,617004.0850590415
2015-12-18,618869.9708337222
2015-12-21,610351.395551292
2015-12-22,610982.0359315345
2015-12-23,617280.7740706842
2015-12-24,623987.8309103358
2015-12-28,618491.6513836667
2015-12-29,615496.2185377673
2015-12-30,618797.3891272368
2015-12-31,621280.9087195294
2016-01-04,611790.0752295717
2016-01-05,605554.4104370072
2016-01-06,605999.404903882
2016-01-07,596793.0166675253
2016-01-08,586893.6474074831
2016-01-11,575664.9022026001
2016-01-12,567070.5023739089
2016-01-13,567515.2680218444
2016-01-14,557026.6543368407
2016-01-15,560590.1937763923
2016-01-19,547635.8267446548
2016-01-20,554330.5964198753
2016-01-21,550270.060239911
2016-01-22,555783.4275946976
2016-01-25,562582.4818305265
2016-01-26,557646.1075782607
2016-01-27,561854.8110571305
2016-01-28,555278.1464732095
2016-01-29,560070.9140568378
2016-02-01,568574.9294797564
2016-02-02,565385.5168931975
2016-02-03,557230.066746396
2016-02-04,564206.932737897
2016-02-05,561641.774635564
2016-02-08,550898.0376676602
2016-02-09,541564.7838015589
2016-02-10,539815.3820063627
2016-02-11,538432.4255596935
2016-02-12,533506.7231759395
2016-02-16,541601.8160988437
2016-02-17,549482.065021376
2016-02-18,555548.5308447692
2016-02-19,553436.4514190945
2016-02-22,553392.1094173995
2016-02-23,560287.63647303
2016-02-24,557971.5673970724
2016-02-25,557912.0877909487
2016-02-26,571105.8494243843
2016-02-29,570459.2772784486
2016-03-01,559162.6197875515
2016-03-02,574601.756012579
2016-03-03,582063.9063153687
2016-03-04,584645.3482007392
2016-03-07,596533.9239706947
2016-03-08,588519.614858032
2016-03-09,583716.8779422478
2016-03-10,580311.0784677446
2016-03-11,580145.9953709125
2016-03-14,588896.9917963654
2016-03-15,579190.7058383898
2016-03-16,577154.554196506
2016-03-17,579017.6084730899
2016-03-18,582218.4681959068
2016-03-21,584923.4286225652
2016-03-22,584560.991844168
2016-03-23,576941.9775334634
2016-03-24,577778.6037187611
2016-03-28,577434.6592283051
2016-03-29,580460.20180512
2016-03-30,582793.987959201
2016-03-31,589442.5020421328
2016-04-01,583870.8631709375
2016-04-04,590550.4483086371
2016-04-05,592062.8551467852
2016-04-06,589146.1076463655
2016-04-07,599811.9802187204
2016-04-08,592323.8813246917
2016-04-11,594940.7626771636
2016-04-12,592159.6268900882
2016-04-13,602261.5831063581
2016-04-14,607270.8528778927
2016-04-15,608917.735028906
2016-04-18,607190.5352176867
2016-04-19,609685.5664150509
2016-04-20,605939.5860281097
2016-04-21,607877.2729567926
2016-04-22,608165.4811472171
2016-04-25,606430.08833123
2016-04-26,607966.665508181
2016-04-27,609263.7402206025
2016-04-28,613157.9652439033
2016-04-29,606108.0130610965
2016-05-02,601058.5881705082
2016-05-03,603437.7989475115
2016-05-04,594208.25655472
2016-05-05,590462.247329797
2016-05-06,588789.946562076
2016-05-09,590061.9203269061
2016-05-10,584207.8020265234
2016-05-11,592661.0385513618
2016-05-12,585047.6553677596
2016-05-13,586229.0268097457
2016-05-16,583778.4855567149
2016-05-17,586877.9291290512
2016-05-18,582092.3016022532
2016-05-19,576052.9907035278
2016-05-20,578738.7698120041
2016-05-23,583483.1577071382
2016-05-24,581511.6508149746
2016-05-25,588216.1177746485
2016-05-26,589211.0927087979
2016-05-27,590514.8579715719
2016-05-31,593528.7022730798
2016-06-01,592277.3830363096
2016-06-02,594406.8504940342
2016-06-03,597344.1105264912
2016-06-06,601400.2930435934
2016-06-07,603785.5706122972
2016-06-08,602797.1088245304
2016-06-09,601272.4543172691
2016-06-10,600175.6052340458
2016-06-13,591296.8040857466
2016-06-14,588856.6212377965
2016-06-15,591052.2207528838
2016-06-16,591346.9140431132
2016-06-17,599126.1677705867
2016-06-20,606097.7616964768
2016-06-21,606046.0225135428
2016-06-22,601947.4587637185
2016-06-23,599649.764202988
2016-06-24,611175.8466761641
2016-06-27,589560.8533700801
2016-06-28,581619.3042089622
2016-06-29,586567.7362064447
2016-06-30,591969.622422565
2016-07-01,600735.1356745695
2016-07-05,595344.3859505847
2016-07-06,591132.1412279694
2016-07-07,595122.8790273735
2016-07-08,595645.4486453242
2016-07-11,601093.0397879813
2016-07-12,603927.8285019507
2016-07-13,602267.7276647077
2016-07-14,600247.2747115046
2016-07-15,604019.167790631
2016-07-18,610117.5439809342
2016-07-19,610850.0831629876
2016-07-20,614629.1975676618
2016-07-21,617107.9487669986
2016-07-22,614758.9972389977
2016-07-25,617783.0221828499
2016-07-26,619888.6416665008
2016-07-27,622823.2959959012
2016-07-28,624500.0201020103
2016-07-29,618183.8232640029
2016-08-01,622920.2752749707
2016-08-02,620046.9203457322
2016-08-03,615383.3679195677
2016-08-04,627798.8846045808
2016-08-05,625748.5192997525
2016-08-08,627289.0106190547
2016-08-09,624433.6732651844
2016-08-10,622347.6940369688
2016-08-11,622337.8067929042
2016-08-12,625317.5802204676
2016-08-15,629758.2663712377
2016-08-16,631385.544023735
2016-08-17,628140.5625621679
2016-08-18,628302.5362795347
2016-08-19,628851.0556568602
2016-08-22,628292.6507462529
2016-08-23,632233.0050401436
2016-08-24,630730.5443227378
2016-08-25,626428.3422705098
2016-08-26,625613.1324613548
2016-08-29,626249.4686265184
2016-08-30,627823.7095717656
2016-08-31,626295.9157319973
2016-09-01,625011.8990697324
2016-09-02,628627.3880422151
2016-09-06,632447.3207360014
2016-09-07,633267.7355392817
2016-09-08,638043.6084216497
2016-09-09,639179.0844799699
2016-09-12,625997.7650332636
2016-09-13,634069.0496037697
2016-09-14,631015.130852554
2016-09-15,631475.6145306906
2016-09-16,632577.1029358571
2016-09-19,633680.225649652
2016-09-20,633335.9720973147
2016-09-21,634318.0469895726
2016-09-22,638998.787893949
2016-09-23,647323.9474009844
2016-09-26,645534.2754764422
2016-09-27,641587.6727154122
2016-09-28,640280.2431056678
2016-09-29,639474.170202202
2016-09-30,638025.3757866616
2016-10-03,643231.0289392722
2016-10-04,638363.7054293742
2016-10-05,637247.330945131
2016-10-06,635446.1494470191
2016-10-07,636672.8367292295
2016-10-10,635610.0296712938
2016-10-11,639066.0186983
2016-10-12,627418.2389509942
2016-10-13,626571.2515380722
2016-10-14,624686.2475464705
2016-10-17,625961.8192961229
2016-10-18,622532.7962859881
2016-10-19,625719.4142474479
2016-10-20,627372.6549924114
2016-10-21,626376.6704567982
2016-10-24,624813.2033621462
2016-10-25,624093.3872686394
2016-10-26,618241.2194872532
2016-10-27,620887.6364581743
2016-10-28,616192.6610797035
2016-10-31,615567.3309626866
2016-11-01,612330.1350210573
2016-11-02,603878.8244508166
2016-11-03,596509.3856890565
2016-11-04,588569.2024182008
2016-11-07,582787.5842898887
2016-11-08,597833.1484034184
2016-11-09,602337.061837768
2016-11-10,613204.2118414565
2016-11-11,622551.0287680409
2016-11-14,626807.538682499
2016-11-15,626710.6389836376
2016-11-16,650246.5434976631
2016-11-17,655045.4147521552
2016-11-18,657772.1761987085
2016-11-21,652403.9703415458
2016-11-22,659195.4175890507
2016-11-23,675463.4152580784
2016-11-25,678328.5475997353
2016-11-28,683356.4213824102
2016-11-29,677825.6162138878
2016-11-30,677199.7821020163
2016-12-01,667696.1335083679
2016-12-02,664427.5743279346
2016-12-05,666410.0710830473
2016-12-06,675402.5782676727
2016-12-07,669294.7958859532
2016-12-08,677365.1573616376
2016-12-09,668038.8693927362
2016-12-12,663783.3353497443
2016-12-13,657367.8736602465
2016-12-14,663274.7085665496
2016-12-15,657018.9400679241
2016-12-16,671979.4831595301
2016-12-19,671206.2911878742
2016-12-20,674727.6430222215
2016-12-21,680132.2064657736
2016-12-22,675469.9289228799
2016-12-23,682289.8040879404
2016-12-27,692007.0109747169
2016-12-28,687373.3002817287
2016-12-29,687946.8381196171
2016-12-30,689692.1269488294
2017-01-03,685081.3669960446
2017-01-04,695990.1572757534
2017-01-05,701755.6842049747
2017-01-06,693231.4416191808
2017-01-09,697640.5551657225
2017-01-10,703070.4563256176
2017-01-11,710562.4200985231
2017-01-12,710509.9358296393
2017-01-13,704258.9875163657
2017-01-17,702541.1122046615
2017-01-18,699363.5211633916
2017-01-19,700376.0581818707
2017-01-20,694669.1745733882
2017-01-23,695766.8455804159
2017-01-24,695080.5959948815
2017-01-25,696649.3649731141
2017-01-26,707350.6153195023
2017-01-27,703504.7767015628
2017-01-30,697786.2456237195
2017-01-31,702713.1982373811
2017-02-01,716266.6205733378
2017-02-02,727558.6687903738
2017-02-03,730464.9487197786
2017-02-06,732447.7647321499
2017-02-07,742448.135240401
2017-02-08,755460.4503556029
2017-02-09,744041.8950864259
2017-02-10,733502.7605332391
2017-02-13,740635.0610075779
2017-02-14,738835.9965594463
2017-02-15,741685.5589983424
2017-02-16,736960.4475996824
2017-02-17,739905.0673391529
2017-02-21,737974.9371626511
2017-02-22,732446.4219666949
2017-02-23,726206.1098352155
2017-02-24,723912.5427785148
2017-02-27,723438.2823870113
2017-02-28,713099.164428196
2017-03-01,707782.1132357919
2017-03-02,713594.0319805526
2017-03-03,712169.7772616912
2017-03-06,709574.5409216067
2017-03-07,710556.0183673371
2017-03-08,707306.2610267212
2017-03-09,703069.5066853944
2017-03-10,703556.3712748314
2017-03-13,702830.8357315927
2017-03-14,703171.5928397063
2017-03-15,701362.6956202085
2017-03-16,707528.1897050036
2017-03-17,707886.200963669
2017-03-20,703509.6849205088
2017-03-21,701578.5180746802
2017-03-22,690334.8029935418
2017-03-23,699163.6337821635
2017-03-24,698522.0287526401
2017-03-27,700468.1936674737
2017-03-28,694539.3869013813
2017-03-29,704346.7316859032
2017-03-30,720082.6508342422
2017-03-31,717039.7438252781
2017-04-03,727151.9010240919
2017-04-04,721591.8647623449
2017-04-05,716749.2918036109
2017-04-06,719932.9814895338
2017-04-07,722983.4563702771
2017-04-10,728691.2691914359
2017-04-11,723158.5211426124
2017-04-12,719562.3602263145
2017-04-13,717196.084735438
2017-04-17,704349.6826584556
2017-04-18,708500.2281608718
2017-04-19,711060.6613649571
2017-04-20,704833.6715194683
2017-04-21,712091.667283752
2017-04-24,706042.5962883005
2017-04-25,717295.9438413067
2017-04-26,724055.6736476035
2017-04-27,721837.6099472545
2017-04-28,724372.5362309372
2017-05-01,721645.3478170317
2017-05-02,723360.5038339936
2017-05-03,721734.1655803323
2017-05-04,715801.5246343637
2017-05-05,720766.8666586642
2017-05-08,723537.9560142806
2017-05-09,722660.9499875786
2017-05-10,722260.6355714697
2017-05-11,720053.8086909491
2017-05-12,715452.7192448825
2017-05-15,715384.4127496086
2017-05-16,717598.587366733
2017-05-17,716159.5902060681
2017-05-18,704248.6993853156
2017-05-19,716765.348997233
2017-05-22,722102.7234133194
2017-05-23,722069.843334528
2017-05-24,720705.2433616192
2017-05-25,719576.5782533721
2017-05-26,723153.8525174223
2017-05-30,718265.1139833978
2017-05-31,714113.4857168394
2017-06-01,717244.4432899224
2017-06-02,721005.1660466585
2017-06-05,718815.1124481814
2017-06-06,720078.025964003
2017-06-07,710921.5917473034
2017-06-08,711535.4546831646
2017-06-09,717032.5224040642
2017-06-12,711949.9092323201
2017-06-13,716764.0331086636
2017-06-14,719469.3411740041
2017-06-15,716656.4625036455
2017-06-16,710714.5470050348
2017-06-19,709744.1697984902
2017-06-20,715162.728867005
2017-06-21,705365.009696576
2017-06-22,708495.5569794761
2017-06-23,713622.7394872456
2017-06-26,715309.6730471115
2017-06-27,715681.0696473524
2017-06-28,709220.9143918838
2017-06-29,719655.519760616
2017-06-30,710370.8854741267
2017-07-03,714623.995811556
2017-07-05,713401.6282163963
2017-07-06,718637.3971305406
2017-07-07,706273.613324586
2017-07-10,710217.9054968477
2017-07-11,710283.8998836447
2017-07-12,710241.1402785786
2017-07-13,712642.7740522677
2017-07-14,713961.7414578199
2017-07-17,713407.855007402
2017-07-18,708814.9435431615
2017-07-19,710877.6825324799
2017-07-20,716280.4001573524
2017-07-21,717066.7789436396
2017-07-24,714847.6292473105
2017-07-25,714863.7521958897
2017-07-26,715329.053732257
2017-07-27,710847.4294729024
2017-07-28,711199.3142147855
2017-07-31,709754.447260109
2017-08-01,708019.8185475423
2017-08-02,706287.7016919254
2017-08-03,707851.7639712406
2017-08-04,709734.1104457722
2017-08-07,710465.4100074135
2017-08-08,713616.3619931993
2017-08-09,704125.7044286921
2017-08-10,700529.8348346045
2017-08-11,695874.5484098634
2017-08-14,695816.3429637724
2017-08-15,697328.1247157998
2017-08-16,689862.7940458546
2017-08-17,695341.8171585182
2017-08-18,688809.699484306
2017-08-21,685788.5292266095
2017-08-22,682625.1583648038
2017-08-23,694279.9491947264
2017-08-24,697762.0094555066
2017-08-25,698334.3477053888
2017-08-28,702804.728638742
2017-08-29,704921.9382698288
2017-08-30,705179.9299445172
2017-08-31,704934.9576802687
2017-09-01,709870.2868466281
2017-09-05,710255.6126041174
2017-09-06,709331.7426846668
2017-09-07,709467.6721139487
2017-09-08,706862.9395981757
2017-09-11,702737.5935730817
2017-09-12,714380.2459442887
2017-09-13,721814.1611112503
2017-09-14,724353.024950373
2017-09-15,725271.5448544021
2017-09-18,722312.503468105
2017-09-19,728140.5371559141
2017-09-20,727585.1336836054
2017-09-21,727479.5081504319
2017-09-22,730308.1590186469
2017-09-25,729282.9353734067
2017-09-26,725203.5493319404
2017-09-27,734574.254953343
2017-09-28,734520.5736883343
2017-09-29,736815.4999737398
2017-10-02,741552.9514077826
2017-10-03,744712.290118852
2017-10-04,748892.1357408771
2017-10-05,748544.2251417505
2017-10-06,755021.8402018632
2017-10-09,753001.8605116189
2017-10-10,749776.5605284814
2017-10-11,751981.1465240126
2017-10-12,753103.3817747108
2017-10-13,748264.0867678076
2017-10-16,747063.9381463532
2017-10-17,748010.298542596
2017-10-18,746328.991488688
2017-10-19,746149.5899866679
2017-10-20,744672.3304555172
2017-10-23,747150.4981881531
2017-10-24,744886.4598493413
2017-10-25,745573.9374555382
2017-10-26,740333.5366457663
2017-10-27,741040.2999674395
2017-10-30,746343.6216962348
2017-10-31,744337.7384295175
2017-11-01,741061.0911396804
2017-11-02,742205.8267052154
2017-11-03,743088.9454940521
2017-11-06,745866.8403932634
2017-11-07,741112.1628059859
2017-11-08,732948.8724089962
2017-11-09,733004.0788518126
2017-11-10,733160.7992851894
2017-11-13,728365.7412187317
2017-11-14,728533.5512960658
2017-11-15,728843.0783232205
2017-11-16,734229.7562080442
2017-11-17,745786.723163489
2017-11-20,741578.7213312435
2017-11-21,746397.406117069
2017-11-22,751778.682022075
2017-11-24,752978.1178641063
2017-11-27,752455.9235708846
2017-11-28,742484.9563568624
2017-11-29,744877.0147096347
2017-11-30,745624.5218105572
2017-12-01,760584.2800014219
2017-12-04,757977.2585716896
2017-12-05,753272.5578164385
2017-12-06,741464.6813610799
2017-12-07,746229.3539601614
2017-12-08,747137.3956565813
2017-12-11,749424.9447767688
2017-12-12,745862.1041172836
2017-12-13,749121.6063021237
2017-12-14,748707.9148015312
2017-12-15,747477.5766111327
2017-12-18,753177.3515221471
2017-12-19,755714.631202645
2017-12-20,755064.1389732255
2017-12-21,756311.8264855387
2017-12-22,758472.3384112589
2017-12-26,760399.9545687044
2017-12-27,761063.7048237531
2017-12-28,764653.6614177707
2017-12-29,773153.620180061
2018-01-02,784372.4030497749
2018-01-03,784261.0643583718
2018-01-04,780721.0413712577
2018-01-05,778500.9789021304
2018-01-08,785807.3063189122
2018-01-09,786276.4796851536
2018-01-10,790661.0553681353
2018-01-11,792554.0178156
2018-01-12,789172.7208470807
2018-01-16,790439.5251366202
2018-01-17,782128.2046382041
2018-01-18,794633.1531566894
2018-01-19,794234.8183523562
2018-01-22,793505.4227926023
2018-01-23,796067.08736997
2018-01-24,791137.8958988084
2018-01-25,790221.9661107035
2018-01-26,784757.3937128346
2018-01-29,791385.1837474571
2018-01-30,783839.2306763196
2018-01-31,775302.101791535
2018-02-01,771192.9683718926
2018-02-02,774591.1127881526
2018-02-05,773807.0100640301
2018-02-06,739828.5376705197
2018-02-07,754363.5735625438
2018-02-08,754167.9803261537
2018-02-09,729370.2719468382
2018-02-12,737183.3062493233
2018-02-13,744711.1382064103
2018-02-14,747728.1039503941
2018-02-15,753375.8851174769
2018-02-16,760082.1260358645
2018-02-20,762640.65198469
2018-02-21,761719.1712875365
2018-02-22,754415.2254359988
2018-02-23,755026.2017609174
2018-02-26,759818.834471575
2018-02-27,762374.5193220649
2018-02-28,758568.8432562847
2018-03-01,756656.1443808015
2018-03-02,752568.6073529943
2018-03-05,756040.5099724993
2018-03-06,760892.0098390387
2018-03-07,762793.274480917
2018-03-08,760131.1610870559
2018-03-09,761472.8457804854
2018-03-12,774705.4180312183
2018-03-13,790424.5471400376
2018-03-14,790565.7442115291
2018-03-15,783610.0137449311
2018-03-16,788366.9081665488
2018-03-19,780232.3092375604
2018-03-20,772403.5308682002
2018-03-21,779672.92233521
2018-03-22,787866.8704597247
2018-03-23,778844.4387452201
2018-03-26,755565.8111790126
2018-03-27,769172.5844773622
2018-03-28,753708.594164066
2018-03-29,749826.7540339571
2018-04-02,757797.3097714905
2018-04-03,745901.1647369622
2018-04-04,748566.372372241
2018-04-05,756116.577322537
2018-04-06,765047.008823983
2018-04-09,758492.1652017757
2018-04-10,758650.0477456701
2018-04-11,769768.3894770967
2018-04-12,765541.449270186
2018-04-13,771032.42606235
2018-04-16,767462.2204606642
2018-04-17,770750.4884105755
2018-04-18,780182.3388269584
2018-04-19,781433.7967222999
2018-04-20,779839.8706867435
2018-04-23,773545.9339284177
2018-04-24,775515.1358728393
2018-04-25,767216.2842464339
2018-04-26,766498.7466499471
2018-04-27,772847.6136485797
2018-04-30,775249.6807075415
2018-05-01,770159.9488228683
2018-05-02,782773.2517349027
2018-05-03,776025.4605744291
2018-05-04,777185.1556652951
2018-05-07,787209.139207394
2018-05-08,791889.357724055
2018-05-09,794667.1995823912
2018-05-10,798446.9404494427
2018-05-11,801442.8895218096
2018-05-14,805234.392240275
2018-05-15,804345.7880508726
2018-05-16,802837.5305993351
2018-05-17,806054.525565424
2018-05-18,805645.7429970436
2018-05-21,804926.0755719877
2018-05-22,809293.2238222348
2018-05-23,806013.391099971
2018-05-24,809132.8414723359
2018-05-25,807417.3748612674
2018-05-29,807340.5951122218
2018-05-30,800829.6098599723
2018-05-31,808338.6789414791
2018-06-01,810919.2135172273
2018-06-04,813151.4877586054
2018-06-05,817052.256545852
2018-06-06,816729.9483469598
2018-06-07,823624.6541409389
2018-06-08,820159.0078054679
2018-06-11,825257.8806895354
2018-06-12,823786.480388641
2018-06-13,825926.4276444302
2018-06-14,820095.1735599511
2018-06-15,817766.6872534406
2018-06-18,816265.3198765315
2018-06-19,817542.8000287024
2018-06-20,814045.0102106177
2018-06-21,813800.1052106488
2018-06-22,820403.0164293355
2018-06-25,822309.5428264127
2018-06-26,815001.3417832103
2018-06-27,809940.018327815
2018-06-28,797599.8751471294
2018-06-29,803343.752304774
2018-07-02,805673.2008385274
2018-07-03,816287.0382653798
2018-07-05,824107.8614689466
2018-07-06,833251.6201235804
2018-07-09,839303.0513721496
2018-07-10,835274.0394929107
2018-07-11,834341.0161669502
2018-07-12,828794.9669560643
2018-07-13,830267.4794539022
2018-07-16,825361.2785980372
2018-07-17,823112.7268955596
2018-07-18,824126.9467288115
2018-07-19,829650.7773354056
2018-07-20,828950.4716046865
2018-07-23,828167.7412644497
2018-07-24,822759.3821643041
2018-07-25,824360.2272529929
2018-07-26,830763.5161194629
2018-07-27,825611.2596258816
2018-07-30,817576.2130150492
2018-07-31,815842.7457306298
2018-08-01,817786.9346107099
2018-08-02,822073.4997173242
2018-08-03,822857.2709395118
2018-08-06,826267.8541524514
2018-08-07,825775.3690564496
2018-08-08,828156.0006610318
2018-08-09,828619.581940564
2018-08-10,833414.5566209214
2018-08-13,826861.7400153038
2018-08-14,812770.3790857882
2018-08-15,811266.9739707642
2018-08-16,814365.8690145209
2018-08-17,818532.6679503135
2018-08-20,819350.1465726829
2018-08-21,822743.2763614836
2018-08-22,830660.3079206225
2018-08-23,827454.3447471395
2018-08-24,827604.1910662899
2018-08-27,826785.0525671553
2018-08-28,828284.6313324709
2018-08-29,827764.9736417686
2018-08-30,832268.1392114577
2018-08-31,832500.3162872477
2018-09-04,829037.3601339905
2018-09-05,826892.6001936832
2018-09-06,821082.3960145196
2018-09-07,818239.3309604416
2018-09-10,818301.8220601162
2018-09-11,818690.0250416372
2018-09-12,820222.022006037
2018-09-13,814540.6329747386
2018-09-14,815793.2203158499
2018-09-17,813519.9427577802
2018-09-18,810123.3408417874
2018-09-19,809842.7211294136
2018-09-20,809080.1246400016
2018-09-21,810591.7473649795
2018-09-24,809037.6992441055
2018-09-25,812607.5879482456
2018-09-26,806731.9484903155
2018-09-27,806729.9686884382
2018-09-28,812846.4518736467
2018-10-01,807334.8440958592
2018-10-02,805333.6664754293
2018-10-03,812806.6015570657
2018-10-04,800273.2234941416
2018-10-05,794908.0897100163
2018-10-08,792116.1218737166
2018-10-09,793500.4150907703
2018-10-10,793759.7167648164
2018-10-11,782827.0094496043
2018-10-12,769584.1141053678
2018-10-15,785360.809131842
2018-10-16,777996.1003278616
2018-10-17,786869.4990330611
2018-10-18,785672.1157947337
2018-10-19,775604.5433083674
2018-10-22,766992.7527909611
2018-10-23,760208.846920826
2018-10-24,754387.1066941884
2018-10-25,730624.0736034313
2018-10-26,748850.727500751
2018-10-29,739320.1945642717
2018-10-30,731493.1953281407
2018-10-31,738474.7795119537
2018-11-01,750769.3045983933
2018-11-02,762960.1305639734
2018-11-05,753868.5390934349
2018-11-06,751665.6395784103
2018-11-07,748187.17485679
2018-11-08,762405.4722806419
2018-11-09,759924.6711277849
2018-11-12,743139.576779363
2018-11-13,733602.1830038406
2018-11-14,733026.4649739636
2018-11-15,725636.5165357454
2018-11-16,728134.3726912009
2018-11-19,724602.5041089276
2018-11-20,716145.9103739295
2018-11-21,711942.428312144
2018-11-23,723208.7423992181
2018-11-26,709541.3253773749
2018-11-27,710002.0029545214
2018-11-28,712688.9310637976
2018-11-29,724204.9157732261
2018-11-30,724667.2814539473
2018-12-03,728307.6852796642
2018-12-04,738586.8729221922
2018-12-06,724283.1438996564
2018-12-07,730990.8158520465
2018-12-10,717726.1881896293
2018-12-11,723237.3811086703
2018-12-12,726412.8650771462
2018-12-13,717627.7301124778
2018-12-14,714976.7899887015
2018-12-17,686541.8517972343
2018-12-18,668030.574723827
2018-12-19,667303.4927436352
2018-12-20,660504.1354432519
2018-12-21,664555.102533406
2018-12-24,656623.5801005526
2018-12-26,641137.1365607705
2018-12-27,662767.4457692769
2018-12-28,676007.9393483408
2018-12-31,672142.9680764531
2019-01-02,692752.6896354279
2019-01-03,699584.2586894925
2019-01-04,687574.2196133481
2019-01-07,715247.5484986366
2019-01-08,720710.4304087164
2019-01-09,722075.2044188959
2019-01-10,723327.1428932825
2019-01-11,727776.7412226332
2019-01-14,720177.2462017873
2019-01-15,735681.8096328148
2019-01-16,722506.1566450178
2019-01-17,722628.3553288657
2019-01-18,730564.3724525255
2019-01-22,728349.4713474793
2019-01-23,716776.8102708507
2019-01-24,719636.6307832069
2019-01-25,715588.7726390337
2019-01-28,720709.2955294892
2019-01-29,707207.6268702057
2019-01-30,699592.8456804181
2019-01-31,707643.7094177121
2019-02-01,714730.9272184566
2019-02-04,717817.3965056941
2019-02-05,721985.1691209051
2019-02-06,718502.5389207696
2019-02-07,718996.0936529357
2019-02-08,715983.1917774144
2019-02-11,722605.0723634853
2019-02-12,717606.7034589078
2019-02-13,720796.8728947273
2019-02-14,728717.2127292381
2019-02-15,727188.7808947456
2019-02-19,733175.7791312875
2019-02-20,737265.2604525745
2019-02-21,738838.9570190001
2019-02-22,754916.0491130801
2019-02-25,761690.4910044373
2019-02-26,753417.6141858452
2019-02-27,757007.7914231505
2019-02-28,750505.5744150243
2019-03-01,756250.2938720649
2019-03-04,767625.7853746832
2019-03-05,758561.9693953657
2019-03-06,745068.4489762555
2019-03-07,745051.0712892946
2019-03-08,737769.21437102
2019-03-11,733787.5124609947
2019-03-12,742738.7410555064
2019-03-13,748561.9333649345
2019-03-14,767573.4040572859
2019-03-15,761272.2000753981
2019-03-18,767475.4892211364
2019-03-19,769360.8325715197
2019-03-20,775647.0821400953
2019-03-21,757133.2000833757
2019-03-22,769366.0937891353
2019-03-25,779742.0399703664
2019-03-26,763337.1339393076
2019-03-27,778554.9317160115
2019-03-28,771729.1353122679
2019-03-29,784552.2723445788
2019-04-01,779782.026428433
2019-04-02,787773.4790425843
2019-04-03,787841.6460055734
2019-04-04,782213.4428205797
2019-04-05,786264.8686921026
2019-04-08,790981.8141853479
2019-04-09,791825.26622128
2019-04-10,775596.4525306936
2019-04-11,786029.3462136599
2019-04-12,773899.3646471925
2019-04-15,763058.2780102524
2019-04-16,766670.7358261313
2019-04-17,760662.0545800579
2019-04-18,751008.3651437811
2019-04-22,755139.4656785588
2019-04-23,753429.6496831337
2019-04-24,761619.9049402367
2019-04-25,752608.0357608772
2019-04-26,746741.323168127
2019-04-29,753911.2658579504
2019-04-30,753506.7059049275
2019-05-01,760017.5742452837
2019-05-02,748035.243989974
2019-05-03,745577.6913835262
2019-05-06,756233.4250352347
2019-05-07,757675.9133983197
2019-05-08,747511.5482810416
2019-05-09,750922.498906317
2019-05-10,741431.5612580401
2019-05-13,748484.7594702794
2019-05-14,731960.662652826
2019-05-15,739308.6741839501
2019-05-16,738190.0839898514
2019-05-17,745362.499779993
2019-05-20,741361.0559528772
2019-05-21,736667.360339948
2019-05-22,739471.785152802
2019-05-23,735725.1377828051
2019-05-24,727650.9523067615
2019-05-28,734691.2660822413
2019-05-29,733125.9046296816
2019-05-30,721787.4822580375
2019-05-31,729401.8198926325
2019-06-03,718844.2593116616
2019-06-04,708129.6011754101
2019-06-05,711642.1023537153
2019-06-06,710702.5371136273
2019-06-07,717773.9066981222
2019-06-10,720942.7663636268
2019-06-11,727665.7971597057
2019-06-12,729013.3344683598
2019-06-13,726482.3972831664
2019-06-14,724828.0368182348
2019-06-17,730397.2252922129
2019-06-18,730396.4266651553
2019-06-19,733827.7534306123
2019-06-20,732273.3203645797
2019-06-21,737196.1688878818
2019-06-24,734098.3893732511
2019-06-25,730588.8287230876
2019-06-26,720368.8754057371
2019-06-27,722029.3568589861
2019-06-28,725888.4772003265
2019-07-01,725242.9733348365
2019-07-02,725673.6051552647
2019-07-03,721976.3871253057
2019-07-05,728091.475861109
2019-07-08,735437.4098733822
2019-07-09,728934.2169017282
2019-07-10,730070.8347772692
2019-07-11,731114.2777270227
2019-07-12,734767.8217859042
2019-07-15,735805.5895177443
2019-07-16,739822.2383453682
2019-07-17,741034.5597003646
2019-07-18,728035.178114548
2019-07-19,731817.2243645574
2019-07-22,721488.4469463642
2019-07-23,717324.8688406644
2019-07-24,723364.6835046054
2019-07-25,716319.6186279776
2019-07-26,714927.983690035
2019-07-29,715405.3036307037
2019-07-30,716271.4585626804
2019-07-31,715189.6353801455
2019-08-01,712500.908965567
2019-08-02,708145.7079905098
2019-08-05,702478.4039967255
2019-08-06,682328.083122549
2019-08-07,688311.3862413528
2019-08-08,676844.4271499326
2019-08-09,686824.3460454516
2019-08-12,690406.9154531197
2019-08-13,676379.8330640928
2019-08-14,690722.4872844823
2019-08-15,668646.2121021937
2019-08-16,675769.3327781495
2019-08-19,678851.0557833387
2019-08-20,687931.3633296404
2019-08-21,682425.5237506204
2019-08-22,687360.9593648926
2019-08-23,687764.8399397308
2019-08-26,672824.8167867898
2019-08-27,671666.3038128606
2019-08-28,673025.6558763976
2019-08-29,672697.7568777084
2019-08-30,676229.8233843728
2019-09-03,676613.1030141474
2019-09-04,666584.5950558978
2019-09-05,671467.8258705041
2019-09-06,680727.3122238847
2019-09-09,685180.2588736806
2019-09-10,695813.5928848463
2019-09-11,706841.2583159405
2019-09-12,698967.1521343281
2019-09-13,701385.8685619571
2019-09-16,703267.6918862687
2019-09-17,692442.0800199822
2019-09-18,688361.260545167
2019-09-19,693468.0496077114
2019-09-20,692298.3126343675
2019-09-23,676758.2885833147
2019-09-24,679161.8575499747
2019-09-25,669711.5906966331
2019-09-26,671146.8136269902
2019-09-27,668374.1792803147
2019-09-30,668721.2963807741
2019-10-01,669648.3487381692
2019-10-02,659214.4916793975
2019-10-03,650744.6407023851
2019-10-04,651114.3575628024
2019-10-07,656645.5663465173
2019-10-08,655652.14384381
2019-10-09,647062.8221754455
2019-10-10,647253.7670022527
2019-10-11,650246.0518132482
2019-10-14,656348.3218405762
2019-10-15,664932.8603566845
2019-10-16,674702.0771692477
2019-10-17,674871.4207896156
2019-10-18,676524.9602582641
2019-10-21,674551.6586920955
2019-10-22,675932.489394547
2019-10-23,674626.4027300786
2019-10-24,670416.7945261548
2019-10-25,670942.6432475152
2019-10-28,673977.3901463676
2019-10-29,678188.2192051193
2019-10-30,670085.6278329073
2019-10-31,670746.4242350813
2019-11-01,674932.2760683518
2019-11-04,680712.2639178534
2019-11-05,685563.7613398007
2019-11-06,682388.5501832633
2019-11-07,682109.9644323762
2019-11-08,684897.1637783737
2019-11-11,690505.5972253416
2019-11-12,684195.9946359314
2019-11-13,678903.4635035639
2019-11-14,678386.6458936288
2019-11-15,676873.6943475608
2019-11-18,710464.2415518219
2019-11-19,717443.22856178
2019-11-20,718297.3252822381
2019-11-21,733284.2829885978
2019-11-22,731495.361517757
2019-11-25,743027.9782213687
2019-11-26,744482.7255442471
2019-11-27,746037.5750130252
2019-11-29,750695.3104080233
2019-12-02,748469.5535676742
2019-12-03,742121.2325182161
2019-12-04,732618.4001776155
2019-12-05,742589.0630359094
2019-12-06,739288.6795990932
2019-12-09,770379.1960173199
2019-12-10,757556.0307139091
2019-12-11,755171.0467712698
2019-12-12,755312.7416808292
2019-12-13,752725.4996212029
2019-12-16,743976.7678084093
2019-12-17,750101.6690413064
2019-12-18,748274.9649160232
2019-12-19,749295.0349529716
2019-12-20,739091.0748672554
2019-12-23,747245.0338019488
2019-12-24,751605.0737487351
2019-12-26,745115.9061134052
2019-12-27,746001.5403197552
2019-12-30,749276.8032363774
2019-12-31,750475.8527012507
2020-01-02,746333.4774489029
2020-01-03,755104.8162437405
2020-01-06,754246.6295434735
2020-01-07,753049.9249640614
2020-01-08,746233.33318104
2020-01-09,748003.153027304
2020-01-10,751343.9863577267
2020-01-13,741898.5048430951
2020-01-14,748738.9126841661
2020-01-15,748891.9409960358
2020-01-16,752142.6708028651
2020-01-17,759326.8193913513
2020-01-21,760988.1771714352
2020-01-22,759050.5823068073
2020-01-23,755633.9367112321
2020-01-24,757091.2054485653
2020-01-27,749752.1969876545
2020-01-28,736475.3791523603
2020-01-29,745259.5717290958
2020-01-30,736225.9374973809
2020-01-31,739839.3640258386
2020-02-03,732036.6886456435
2020-02-04,731123.6887945308
2020-02-05,738827.5268961989
2020-02-06,744226.3958479147
2020-02-07,744618.994446613
2020-02-10,736541.6974088246
2020-02-11,741019.7637582761
2020-02-12,741174.204024847
2020-02-13,741680.3040933601
2020-02-14,741860.0278126482
2020-02-18,754623.3604087502
2020-02-19,755321.0851602661
2020-02-20,767054.3053750629
2020-02-21,766279.1879991468
2020-02-24,764458.665141481
2020-02-25,748716.8953269764
2020-02-26,725657.9933660799
2020-02-27,733790.6967543664
2020-02-28,707456.9278559936
2020-03-02,695413.5889061858
2020-03-03,730462.5777053853
2020-03-04,710415.633734161
2020-03-05,729532.4412123355
2020-03-06,724613.1832949275
2020-03-09,697667.5534199959
2020-03-10,653551.7530602526
2020-03-11,671181.753895697
2020-03-12,629466.9375437265
2020-03-13,574624.6213620201
2020-03-16,581571.805069432
2020-03-17,531793.5779467047
2020-03-18,535487.2966733464
2020-03-19,540312.0421642486
2020-03-20,565289.4243650563
2020-03-23,553049.3758899409
2020-03-24,519989.9305365206
2020-03-25,564984.4191598127
2020-03-26,559351.9863556024
2020-03-27,591535.3451274494
2020-03-30,571798.3957883342
2020-03-31,593800.7194581099
2020-04-01,577898.8729362887
2020-04-02,555670.532040421
2020-04-03,568208.9461297927
2020-04-06,542392.0572884816
2020-04-07,572184.7050841885
2020-04-08,570022.396638921
2020-04-09,596192.0732691528
2020-04-13,607412.6108398833
2020-04-14,594838.3861397388
2020-04-15,615794.7846650493
2020-04-16,599968.6664234498
2020-04-17,601698.7337269811
2020-04-20,629378.4376650795
2020-04-21,636681.0771589254
2020-04-22,609752.0650735886
2020-04-23,632025.7472323749
2020-04-24,626104.0403279106
2020-04-27,640214.5500246135
2020-04-28,650161.043566134
2020-04-29,639703.2712687328
2020-04-30,652700.5710743275
2020-05-01,646451.8552082377
2020-05-04,638052.0020051793
2020-05-05,636297.208611016
2020-05-06,640430.9188785069
2020-05-07,640683.6911238459
2020-05-08,652119.1961185491
2020-05-11,666799.6513099945
2020-05-12,675856.8021859505
2020-05-13,658121.8150489939
2020-05-14,637303.0609824854
2020-05-15,644747.028421836
2020-05-18,646797.1610402497
2020-05-19,669264.5778081014
2020-05-20,666379.5708020369
2020-05-21,676399.771745795
2020-05-22,678683.6982922796
2020-05-26,680128.4154748239
2020-05-27,686422.6899139968
2020-05-28,695486.2084209506
2020-05-29,696952.28339249
2020-06-01,706767.8169485294
2020-06-02,710282.3893158284
2020-06-03,709190.7222239354
2020-06-04,722548.0196543467
2020-06-05,723165.6232274255
2020-06-08,761277.0537584056
2020-06-09,778496.9417564694
2020-06-10,767233.2996841606
2020-06-11,767948.1994394655
2020-06-12,728983.7730966528
2020-06-15,742591.7866514695
2020-06-16,745563.2525702292
2020-06-17,762939.3345924148
2020-06-18,765574.0563991353
2020-06-19,777360.1925753083
2020-06-22,782176.882283969
2020-06-23,781264.5919234935
2020-06-24,781667.9057944993
2020-06-25,764531.6299064119
2020-06-26,769307.7084162697
2020-06-29,747815.9184993351
2020-06-30,751313.8830398574
2020-07-01,744248.2723926707
2020-07-02,749655.7337466092
2020-07-06,741414.7851406976
2020-07-07,756919.9319816455
2020-07-08,750139.2252836965
2020-07-09,758894.85459575
2020-07-10,746438.2030075343
2020-07-13,749350.5163193214
2020-07-14,741509.656765579
2020-07-15,754879.2717613034
2020-07-16,765074.883094127
2020-07-17,753803.8540438886
2020-07-20,750293.943333633
2020-07-21,762072.9816538048
2020-07-22,763649.006624205
2020-07-23,772558.3389611967
2020-07-24,773286.1719919717
2020-07-27,778958.3298333738
2020-07-28,773419.8267398424
2020-07-29,766693.9095130396
2020-07-30,775899.348858892
2020-07-31,764172.0303909685
2020-08-03,776245.1635297876
2020-08-04,788773.0161227415
2020-08-05,797128.4784437709
2020-08-06,800924.7900103874
2020-08-07,809331.9526983469
2020-08-10,826816.8629113475
2020-08-11,815590.9017704598
2020-08-12,801239.8896467525
2020-08-13,810537.5403182006
2020-08-14,804259.5487279777
2020-08-17,810810.6274244941
2020-08-18,812928.7588942763
2020-08-19,805062.4928042188
2020-08-20,798841.3270956366
2020-08-21,786128.9021848753
2020-08-24,785598.1264941427
2020-08-25,803541.3783436881
2020-08-26,801044.2383849606
2020-08-27,798836.1125567323
2020-08-28,799187.9367023623
2020-08-31,804491.2335117693
2020-09-01,794798.5091285198
2020-09-02,786162.0329355797
2020-09-03,805803.3010306759
2020-09-04,774948.8239213807
2020-09-08,789375.0284107534
2020-09-09,764704.1654232874
2020-09-10,777092.408876075
2020-09-11,759065.0790685456
2020-09-14,761907.2929323862
2020-09-15,770133.6144590285
2020-09-16,774347.087580517
2020-09-17,777438.8643304757
2020-09-18,781623.331561645
2020-09-21,766786.5576682477
2020-09-22,743724.2361222409
2020-09-23,742295.7899600323
2020-09-24,719952.6093790899
2020-09-25,719350.6943884069
2020-09-28,726502.9591821326
2020-09-29,740549.9846853928
2020-09-30,732111.2083522745
2020-10-01,742627.5552622613
2020-10-02,745585.3065525508
2020-10-05,735372.8292845674
2020-10-06,754495.7541775743
2020-10-07,745399.6573447175
2020-10-08,756412.7425756538
2020-10-09,768380.3927608641
2020-10-12,757546.8841538811
2020-10-13,767504.4464553426
2020-10-14,766367.6698569783
2020-10-15,762544.3936513438
2020-10-16,761704.8504225307
2020-10-19,776305.5888454372
2020-10-20,754095.6368171424
2020-10-21,749909.1704521687
2020-10-22,745005.5249989105
2020-10-23,748515.6713625842
2020-10-26,750568.3834164549
2020-10-27,740932.6434097758
2020-10-28,744571.8457781767
2020-10-29,722176.98486214
2020-10-30,730525.6382325912
2020-11-02,711073.1760637908
2020-11-03,721156.5028608403
2020-11-04,717323.5371121144
2020-11-05,735306.1830495809
2020-11-06,746235.1887138231
2020-11-09,746405.3951783626
2020-11-10,756690.5662056565
2020-11-11,756826.0790564822
2020-11-12,755861.763243424
2020-11-13,750249.496894056
2020-11-16,763954.9858498028
2020-11-17,780599.4971457054
2020-11-18,788072.4620049144
2020-11-19,780178.4568459385
2020-11-20,788357.7482303779
2020-11-23,787477.6729903052
2020-11-24,786652.4404255842
2020-11-25,802160.2808898995
2020-11-27,802675.7153439303
2020-11-30,802814.331186133
2020-12-01,795500.4766393328
2020-12-02,806986.8277835189
2020-12-03,812958.5613969372
2020-12-04,817441.0199800627
2020-12-07,824175.5125463614
2020-12-08,826506.3406800467
2020-12-09,821742.7037183327
2020-12-10,824765.0399449627
2020-12-11,823179.806693473
2020-12-14,828079.179702257
2020-12-15,825294.5426158109
2020-12-16,834013.9779370337
2020-12-17,837273.5333047191
2020-12-18,843692.6818299117
2020-12-21,849276.2229072404
2020-12-22,864741.0020335458
2020-12-23,879193.720342612
2020-12-24,880666.2371125816
2020-12-28,900884.6717444473
2020-12-29,893459.3249420257
2020-12-30,904393.4074881579
2020-12-31,895978.3296511003
2021-01-04,909915.8242434227
2021-01-05,905609.9151929624
2021-01-06,915427.7888080189
2021-01-07,931353.9905579241
2021-01-08,941634.3112087748
2021-01-11,955517.009762044
2021-01-12,969237.0074090144
2021-01-13,968776.9887421877
2021-01-14,982357.8705813624
2021-01-15,978996.8396466138
2021-01-19,988500.443922734
2021-01-20,995804.7420680537
2021-01-21,995072.0819476801
2021-01-22,999204.1370378025
2021-01-25,991862.3562883682
2021-01-26,1017027.226612147
2021-01-27,1002883.5746374865
2021-01-28,983185.7251657548
2021-01-29,994133.1739649299
2021-02-01,981250.3491651553
2021-02-02,996456.2032346113
2021-02-03,1022552.0752607479
2021-02-04,1027457.2405366084
2021-02-05,1058793.7035768928
2021-02-08,1106654.5371363468
2021-02-09,1137021.52226689
2021-02-10,1148007.8385698774
2021-02-11,1131921.546236134
2021-02-12,1136860.867419494
2021-02-16,1158338.6139741263
2021-02-17,1153757.525928752
2021-02-18,1126717.243874954
2021-02-19,1142453.451736058
2021-02-22,1135689.7485430061
2021-02-23,1078897.5817246558
2021-02-24,1085930.8107437342
2021-02-25,1080926.6981865026
2021-02-26,1054803.1245481104
2021-03-01,1084938.3316735318
2021-03-02,1097435.906974886
2021-03-03,1071947.1078997997
2021-03-04,1024627.8997957213
2021-03-05,999086.9681071088
2021-03-08,1025717.8057129185
2021-03-09,1034826.8138244647
2021-03-10,1057212.230087895
2021-03-11,1072088.1831799657
2021-03-12,1081253.1429659654
2021-03-15,1083369.9021618727
2021-03-16,1078088.3743386578
2021-03-17,1085426.6980105778
2021-03-18,1081789.5529590843
2021-03-19,1082247.7846219796
2021-03-22,1066417.68900495
2021-03-23,1048984.0217290584
2021-03-24,1013455.9260162385
2021-03-25,1009253.6341642943
2021-03-26,997477.6819310522
2021-03-29,1001303.2845238813
2021-03-30,1001223.4465084155
2021-03-31,1008721.1677669265
2021-04-01,1024119.8608820385
2021-04-05,1026208.4469627902
2021-04-06,1044891.0884625416
2021-04-07,1026681.781278577
2021-04-08,1026885.4903103652
2021-04-09,1017169.6509869637
2021-04-12,1011938.5944493873
2021-04-13,1008388.0328150609
2021-04-14,1012323.096256047
2021-04-15,983033.289128157
2021-04-16,980014.0226588551
2021-04-19,983682.5614160812
2021-04-20,966092.0465469994
2021-04-21,969993.6981259219
2021-04-22,1000305.7732020344
2021-04-23,989014.3445612553
2021-04-26,1017888.6659589174
2021-04-27,1014052.2737700457
2021-04-28,1022390.0604302147
2021-04-29,1011417.2666314815
2021-04-30,1020578.534871842
2021-05-03,1010602.8644774002
2021-05-04,1008894.8939125345
2021-05-05,999894.2214418853
2021-05-06,975318.0366363424
2021-05-07,982634.3690250452
2021-05-10,982172.5532520456
2021-05-11,975570.1944410274
2021-05-12,970650.5617405084
2021-05-13,930238.6319349711
2021-05-14,949131.8652173867
2021-05-17,976579.6313591619
2021-05-18,993499.0414081115
2021-05-19,1004596.8098661975
2021-05-20,1000401.2569191467
2021-05-21,1013694.9334049439
2021-05-24,1003028.8233407141
2021-05-25,1017445.0267337993
2021-05-26,1017795.783580344
2021-05-27,1026087.9915069927
2021-05-28,1026292.9676010844
2021-06-01,1046810.9802580937
2021-06-02,1044296.9186364125
2021-06-03,1051594.9993798868
2021-06-04,1048570.2919668545
2021-06-07,1070122.0891179193
2021-06-08,1075361.9156356398
2021-06-09,1080033.3575365532
2021-06-10,1070628.3892876697
2021-06-11,1077982.3351537336
2021-06-14,1075218.9313011623
2021-06-15,1084126.883669871
2021-06-16,1086362.7326370932
2021-06-17,1074006.0362146
2021-06-18,1084621.7291338393
2021-06-21,1054646.2235249863
2021-06-22,1122498.8129252435
2021-06-23,1103651.761206683
2021-06-24,1116972.22984836
2021-06-25,1149578.596230645
2021-06-28,1160518.9560695682
2021-06-29,1158331.650863682
2021-06-30,1142755.5284266986
2021-07-01,1139555.2295590504
2021-07-02,1130892.5794171009
2021-07-06,1120288.3190971073
2021-07-07,1111465.2629874768
2021-07-08,1115745.9042028284
2021-07-09,1109296.9571032836
2021-07-12,1113668.7213712658
2021-07-13,1091088.8922426114
2021-07-14,1061835.6085853751
2021-07-15,1045711.7125429278
2021-07-16,1041402.8300361879
2021-07-19,1054254.9415337895
2021-07-20,1041042.3829856865
2021-07-21,1057125.596946161
2021-07-22,1055018.8940131075
2021-07-23,1043579.5037507529
2021-07-26,1046088.8799626298
2021-07-27,1043878.3716495722
2021-07-28,1050088.6542009236
2021-07-29,1041499.7037010166
2021-07-30,1046926.4259315939
2021-08-02,1045997.2512744681
2021-08-03,1028157.0696190128
2021-08-04,1036159.3016878853
2021-08-05,1035140.777747717
2021-08-06,1044284.6948505949
2021-08-09,1050043.727290478
2021-08-10,1044376.9514287877
2021-08-11,1039881.8484648381
2021-08-12,1038386.2765200819
2021-08-13,1023164.6592667415
2021-08-16,1001527.2531770386
2021-08-17,1014030.914189677
2021-08-18,1022635.1761083739
2021-08-19,989886.1502682447
2021-08-20,989976.2499144083
2021-08-23,1016104.9290002148
2021-08-24,1039273.9319509323
2021-08-25,1044280.9043494633
2021-08-26,1056115.8043131337
2021-08-27,1068660.4247870718
2021-08-30,1081076.3684386115
2021-08-31,1086662.9374072982
2021-09-01,1085261.5614499953
2021-09-02,1095349.2573033452
2021-09-03,1093955.0662694094
2021-09-07,1095103.2070331508
2021-09-08,1077799.319029249
2021-09-09,1093025.8379971413
2021-09-10,1087550.9321476696
2021-09-13,1066399.9586605036
2021-09-14,1058232.1047205513
2021-09-15,1059306.8754610736
2021-09-16,1077722.4533796632
2021-09-17,1079028.0745486845
2021-09-20,1053335.3362285902
2021-09-21,1046028.24650211
2021-09-22,1042676.7396591419
2021-09-23,1049841.263170206
2021-09-24,1054884.3470154852
2021-09-27,1068452.928831192
2021-09-28,1069408.8706399812
2021-09-29,1041906.3522032406
2021-09-30,1054700.1598182982
2021-10-01,1034352.3355080119
2021-10-04,1039436.4325887883
2021-10-05,1020037.1365592579
2021-10-06,1019133.1843952707
2021-10-07,1023546.7056846105
2021-10-08,1023348.3099241334
2021-10-11,1023872.4730904262
2021-10-12,1027525.2410255966
2021-10-13,1027751.2306596303
2021-10-14,1025257.9141267022
2021-10-15,1033838.37982945
2021-10-18,1043530.9971766896
2021-10-19,1051726.7801585
2021-10-20,1082447.454474514
2021-10-21,1061297.3798341951
2021-10-22,1045486.8035966075
2021-10-25,1053587.1636003815
2021-10-26,1051461.231452252
2021-10-27,1053232.9137433423
2021-10-28,1052015.1095951472
2021-10-29,1057513.2429766103
2021-11-01,1077608.3740820664
2021-11-02,1074815.65253946
2021-11-03,1076913.9131751992
2021-11-04,1072837.61793577
2021-11-05,1075140.4943637354
2021-11-08,1084673.4630202516
2021-11-09,1082268.0255394801
2021-11-10,1067134.5196608447
2021-11-11,1064337.689400866
2021-11-12,1069725.1362605516
2021-11-15,1068625.022508209
2021-11-16,1058142.841610269
2021-11-17,1052277.7654328179
2021-11-18,1032899.1659597513
2021-11-19,1028728.1811082056
2021-11-22,1012758.9393595196
2021-11-23,1000788.1756885917
2021-11-24,1009449.361791146
2021-11-26,1017913.0621327359
2021-11-29,985180.7489557477
2021-11-30,998972.2125930575
2021-12-01,972826.6106982674
2021-12-02,958063.7781099926
2021-12-03,951634.0208881346
2021-12-06,942004.3037919678
2021-12-07,955293.2339123513
2021-12-08,978708.3564275998
2021-12-09,972549.9989066478
2021-12-10,955398.7873596508
2021-12-13,955614.773032558
2021-12-14,940405.4134385037
2021-12-15,930810.3277806272
2021-12-16,931167.931956463
2021-12-17,933885.0460743996
2021-12-20,924209.0121034695
2021-12-21,913461.9418612524
2021-12-22,920382.8300627306
2021-12-23,930817.4812189742
2021-12-27,925418.0950043254
2021-12-28,929484.5570064755
2021-12-29,922651.3817450013
2021-12-30,930284.5987417463
2021-12-31,929044.8439840216
2022-01-03,938947.9001790703
2022-01-04,932982.1883916407
2022-01-05,929173.5061262246
2022-01-06,912539.5063724802
2022-01-07,910932.8608778524
2022-01-10,900278.1817612476
2022-01-11,904415.8346380079
2022-01-12,904849.7595844365
2022-01-13,903201.7773734449
2022-01-14,892967.5208441967
2022-01-18,892202.6822688979
2022-01-19,880003.4015515407
2022-01-20,876274.3948392989
2022-01-21,868897.0376906585
2022-01-24,850809.8541197679
2022-01-25,858226.9146467837
2022-01-26,852366.8713079076
2022-01-27,837911.7066615699
2022-01-28,822380.4888068938
2022-01-31,844283.0638342176
2022-02-01,863312.3686782737
2022-02-02,850211.464147723
2022-02-03,861454.7565277482
2022-02-04,848147.436454702
2022-02-07,858041.9890913184
2022-02-08,854773.2695412126
2022-02-09,862512.2078007275
2022-02-10,884806.2524162552
2022-02-11,874154.1281457336
2022-02-14,851587.9284907448
2022-02-15,848300.8691921511
2022-02-16,859977.9390091253
2022-02-17,862850.0543867694
2022-02-18,846742.7663357327
2022-02-22,835751.7047433765
2022-02-23,836918.534818579
2022-02-24,829760.4042284252
2022-02-25,837393.9720066934
2022-02-28,851223.3685376885
2022-03-01,853844.7890476517
2022-03-02,848869.5705995031
2022-03-03,856680.434525877
2022-03-04,850858.6938763937
2022-03-07,872638.5812988805
2022-03-08,874940.552248925
2022-03-09,853286.7629510916
2022-03-10,877132.7997903525
2022-03-11,872487.2337033788
2022-03-14,840589.1115289214
2022-03-15,824894.8240949209
2022-03-16,838869.0457103595
2022-03-17,860473.5546817544
2022-03-18,869187.5516719222
2022-03-21,875813.2183073319
2022-03-22,875724.255266422
2022-03-23,892986.8976169747
2022-03-24,873237.4784472933
2022-03-25,879953.5541836773
2022-03-28,878313.7076882538
2022-03-29,891132.0704157043
2022-03-30,896813.4691505412
2022-03-31,899219.3210600773
2022-04-01,889678.3483999033
2022-04-04,895030.4345423382
2022-04-05,905860.4394680716
2022-04-06,894647.0032637677
2022-04-07,875945.6073901291
2022-04-08,879072.2023190958
2022-04-11,879805.3456510721
2022-04-12,865891.2415675469
2022-04-13,863945.1470083629
2022-04-14,875617.2499747789
2022-04-18,859484.799705314
2022-04-19,853968.903899108
2022-04-20,863711.5180279263
2022-04-21,860315.3296072264
2022-04-22,857196.6446497538
2022-04-25,841799.4679809972
2022-04-26,847312.2690144875
2022-04-27,823841.2125826798
2022-04-28,813606.8698282728
2022-04-29,842142.3527890728
2022-05-02,820911.8552113111
2022-05-03,823806.3297235245
2022-05-04,815634.8677877566
2022-05-05,836895.1568026344
2022-05-06,812495.215887132
2022-05-09,791842.5393017645
2022-05-10,767273.4784186188
2022-05-11,761655.6842351087
2022-05-12,755288.2440546044
2022-05-13,762211.000394277
2022-05-16,775769.5610762541
2022-05-17,775038.9919504428
2022-05-18,793962.9242873312
2022-05-19,777644.5263843035
2022-05-20,771267.8531741846
2022-05-23,765404.2709196818
2022-05-24,769606.3404474519
2022-05-25,767202.6927440339
2022-05-26,770415.4486119604
2022-05-27,778174.5461479466
2022-05-31,797682.5104548483
2022-06-01,799902.1174555663
2022-06-02,788539.9066733478
2022-06-03,804187.3648456153
2022-06-06,784570.2150926186
2022-06-07,782552.4361877037
2022-06-08,789522.9138431749
2022-06-09,784419.9967695703
2022-06-10,773575.241806849
2022-06-13,751450.2610728908
2022-06-14,730791.5444184178
2022-06-15,733080.9533366499
2022-06-16,745022.3581788013
2022-06-17,733925.9734717496
2022-06-21,727477.5068718117
2022-06-22,740325.4481884752
2022-06-23,741706.2977993155
2022-06-24,729702.6869681411
2022-06-27,748817.5535846748
2022-06-28,748978.4406972001
2022-06-29,732176.860987401
2022-06-30,725190.1107323936
2022-07-01,716983.8159355024
2022-07-05,724417.0658654696
2022-07-06,722983.4410029787
2022-07-07,729619.4989446003
2022-07-08,742889.8192948345
2022-07-11,735811.1009319588
2022-07-12,731015.8420497128
2022-07-13,729375.5256323445
2022-07-14,722986.9668892915
2022-07-15,717372.1413540835
2022-07-18,734616.7795747304
2022-07-19,723807.2443797172
2022-07-20,743622.9236851665
2022-07-21,737982.6137435354
2022-07-22,740136.6734212501
2022-07-25,737944.4834422966
2022-07-26,739009.8662697813
2022-07-27,724742.1368815592
2022-07-28,735618.2047979515
2022-07-29,740053.0665032336
2022-08-01,751243.8286055104
2022-08-02,758952.1400266459
2022-08-03,752125.7795422423
2022-08-04,767383.043228133
2022-08-05,769716.8648096168
2022-08-08,772901.2048520636
2022-08-09,772155.4374060325
2022-08-10,766565.6627711437
2022-08-11,773487.9579515307
2022-08-12,772637.559314566
2022-08-15,782981.4217775798
2022-08-16,786364.2256731667
2022-08-17,784901.2186259116
2022-08-18,781871.4199396919
2022-08-19,778913.0141478414
2022-08-22,776132.5348752105
2022-08-23,773414.4390247824
2022-08-24,776615.013098962
2022-08-25,777663.2899381662
2022-08-26,787889.9640273724
2022-08-29,769982.166050754
2022-08-30,763137.6987965804
2022-08-31,761123.7042637495
2022-09-01,747015.4096656936
2022-09-02,753728.557929203
2022-09-06,743058.4714367769
2022-09-07,732671.4960437956
2022-09-08,737730.4546676198
2022-09-09,741669.9728677763
2022-09-12,751440.9224842566
2022-09-13,768264.5025085419
2022-09-14,746898.8212895438
2022-09-15,750490.2079966578
2022-09-16,737785.1465123699
2022-09-19,727171.061082748
2022-09-20,730342.6860128533
2022-09-21,724049.5995454857
2022-09-22,710333.4027146491
2022-09-23,700203.2897710896
2022-09-26,691430.7257376205
2022-09-27,689477.2358046885
2022-09-28,691893.7148853278
2022-09-29,700760.9853788873
2022-09-30,697769.5913526592
2022-10-03,683436.5512414476
2022-10-04,696329.7065632374
2022-10-05,712439.7703906993
2022-10-06,714622.2977433059
2022-10-07,710659.5459527607
2022-10-10,695443.6192274035
2022-10-11,688138.7315052104
2022-10-12,689484.4127358301
2022-10-13,680366.4028683563
2022-10-14,698843.0499019413
2022-10-17,680635.2211533097
2022-10-18,689806.3460798744
2022-10-19,691849.0852444674
2022-10-20,689220.6391992567
2022-10-21,675268.7216990088
2022-10-24,680870.3399461429
2022-10-25,685816.4035024736
2022-10-26,699470.3004736139
2022-10-27,696586.2338073028
2022-10-28,689398.7010800622
2022-10-31,703586.5323085281
2022-11-01,701849.9019703494
2022-11-02,703879.9934334274
2022-11-03,693640.7774313708
2022-11-04,685250.4803400345
2022-11-07,692298.9488941205
2022-11-08,693391.4580369876
2022-11-09,688466.076122439
2022-11-10,666940.551247763
2022-11-11,691344.2808237172
2022-11-14,694647.4963616165
2022-11-15,691418.9611357048
2022-11-16,693081.6501444102
2022-11-17,690006.6465148127
2022-11-18,687716.9717977922
2022-11-21,683254.5108593049
2022-11-22,678720.3026073655
2022-11-23,686890.1604783667
2022-11-25,688145.2014793307
2022-11-28,684647.3941278481
2022-11-29,678640.649388744
2022-11-30,669403.9728032858
2022-12-01,684508.2197746633
2022-12-02,689863.2703083886
2022-12-05,689408.485056765
2022-12-06,678070.3032733207
2022-12-07,671631.0101310215
2022-12-08,664586.1831814625
2022-12-09,666145.5397739072
2022-12-12,660267.2841647416
2022-12-13,664794.8548600001
2022-12-14,668145.3130267924
2022-12-15,666222.5421860234
2022-12-16,655928.4439891892
2022-12-19,646424.0414684857
2022-12-20,646731.5730450941
2022-12-21,642510.1043984548
2022-12-22,648923.9664486274
2022-12-23,644815.2510205285
2022-12-27,642684.4338055564
2022-12-28,644388.3658803204
2022-12-29,643396.4081875092
2022-12-30,651916.1535173072
2023-01-03,651093.9620845215
2023-01-04,651919.3300635018
2023-01-05,656914.9429884034
2023-01-06,648445.1985138253
2023-01-09,665650.0935240758
2023-01-10,665215.8206646913
2023-01-11,662793.101050864
2023-01-12,673142.5381394603
2023-01-13,677309.1688083359
2023-01-17,675606.4331030385
2023-01-18,675418.8249355939
2023-01-19,669773.5936965721
2023-01-20,662902.9271975647
2023-01-23,667790.6997447253
2023-01-24,675460.3882199827
2023-01-25,672686.377813146
2023-01-26,669797.550020216
2023-01-27,678949.2105384842
2023-01-30,677190.7746656043
2023-01-31,671758.8121320896
2023-02-01,682830.9778785395
2023-02-02,684632.8298898485
2023-02-03,694050.208530158
2023-02-06,690239.8407554385
2023-02-07,682786.8480286394
2023-02-08,690317.1691025913
2023-02-09,680095.0470877948
2023-02-10,674566.2700160444
2023-02-13,672286.3027595122
2023-02-14,680421.0283167089
2023-02-15,671310.4604342999
2023-02-16,675873.739326001
2023-02-17,670830.8806323527
2023-02-21,668344.945399744
2023-02-22,661236.777421056
2023-02-23,671175.8111008841
2023-02-24,669651.9583705758
2023-02-27,661774.6077089962
2023-02-28,664381.102494084
2023-03-01,661531.0668066597
2023-03-02,659200.3935870299
2023-03-03,660583.0606241343
2023-03-06,664814.9810690613
2023-03-07,663538.5310514242
2023-03-08,654250.9923847937
2023-03-09,653092.1234253758
2023-03-10,642023.286791627
2023-03-13,631639.3104391088
2023-03-14,624739.4729537383
2023-03-15,627056.0518841349
2023-03-16,622903.3138299594
2023-03-17,625997.0947039245
2023-03-20,611808.3280781894
2023-03-21,612002.7416765126
2023-03-22,615900.0028009666
2023-03-23,611164.895798687
2023-03-24,613452.811672687
2023-03-27,608310.6547685603
2023-03-28,601587.0438458147
2023-03-29,598883.0086687306
2023-03-30,604926.0466378274
2023-03-31,606260.5881858171
2023-04-03,610694.0610503015
2023-04-04,608820.4206082424
2023-04-05,602707.0061005325
2023-04-06,602448.9553318871
2023-04-10,603382.306880071
2023-04-11,606438.4219650489
2023-04-12,605882.9463297157
2023-04-13,604648.4894565267
2023-04-14,612112.8354322907
2023-04-17,612837.032969964
2023-04-18,610376.1167896504
2023-04-19,609455.7350210875
2023-04-20,607429.4402902818
2023-04-21,605883.0783671223
2023-04-24,601830.5655068031
2023-04-25,598872.0065628487
2023-04-26,596156.7673149613
2023-04-27,588036.9812227293
2023-04-28,596535.8071076106
2023-05-01,597352.5122975775
2023-05-02,593583.2445240095
2023-05-03,592930.7861406622
2023-05-04,590206.4123226844
2023-05-05,584008.0746719093
2023-05-08,590947.3641960818
2023-05-09,593029.1324121322
2023-05-10,590270.1527479804
2023-05-11,583736.7492290385
2023-05-12,577356.118608626
2023-05-15,583753.7613173231
2023-05-16,580382.7860827646
2023-05-17,578925.530230973
2023-05-18,578502.9357874232
2023-05-19,585265.411360416
2023-05-22,593289.7619406602
2023-05-23,596504.0301726063
2023-05-24,588011.1314691487
2023-05-25,578697.068954088
2023-05-26,582029.4719270779
2023-05-30,585348.5702293908
2023-05-31,588904.1148040541
2023-06-01,586362.1993333539
2023-06-02,591386.4278464995
2023-06-05,595184.7709253869
2023-06-06,600571.6984652621
2023-06-07,603159.5123347589
2023-06-08,596745.1498729023
2023-06-09,596164.9713030439
2023-06-12,596465.6428380797
2023-06-13,600683.9675763041
2023-06-14,600681.232568528
2023-06-15,600176.361563202
2023-06-16,609595.2325705535
2023-06-20,605301.4532163437
2023-06-21,603651.0193037954
2023-06-22,599037.2361494581
2023-06-23,598120.991799433
2023-06-26,593906.7604556743
2023-06-27,590675.032979792
2023-06-28,595592.2107300478
2023-06-29,596574.1336400778
2023-06-30,596658.0246557622
2023-07-03,604644.9813605687
2023-07-05,601305.8264202202
2023-07-06,598181.9001767645
2023-07-07,600829.2569902377
2023-07-10,605625.0191773876
2023-07-11,603995.8863016583
2023-07-12,604928.7310163004
2023-07-13,611968.9624623875
2023-07-14,609126.1339572953
2023-07-17,605079.0483899093
2023-07-18,604683.4450445233
2023-07-19,605297.6635597802
2023-07-20,601848.2034349391
2023-07-21,595986.0828286518
2023-07-24,595261.9502767671
2023-07-25,591621.7713619993
2023-07-26,601165.1547324255
2023-07-27,606065.8806192013
2023-07-28,599855.8297146353
2023-07-31,610061.626487903
2023-08-01,606012.831891228
2023-08-02,604385.5644958008
2023-08-03,599261.9415897904
2023-08-04,595863.5429336997
2023-08-07,587222.0969656195
2023-08-08,588672.0563273178
2023-08-09,585320.4276678103
2023-08-10,585188.1911730275
2023-08-11,584455.1235443318
2023-08-14,581220.9999900927
2023-08-15,581553.4739925804
2023-08-16,586937.8375051004
2023-08-17,570535.0202182654
2023-08-18,573048.8566146003
2023-08-21,560632.02617457
2023-08-22,584308.5345572468
2023-08-23,573128.8384759717
2023-08-24,572900.5499762776
2023-08-25,569600.2595631805
2023-08-28,567664.1691244589
2023-08-29,565465.6930942122
2023-08-30,569091.7269689285
2023-08-31,567056.8142692755
2023-09-01,566260.138091072
2023-09-05,569030.5718537195
2023-09-06,569038.8268539651
2023-09-07,563250.044545155
2023-09-08,561738.3722796808
2023-09-11,560049.2384430224
2023-09-12,563782.9365384398
2023-09-13,562961.9494721353
2023-09-14,561137.3770877694
2023-09-15,561779.1666291188
2023-09-18,553686.1530008714
2023-09-19,554835.3531620707
2023-09-20,552634.7295758745
2023-09-21,552499.0735411685
2023-09-22,549114.5373586869
2023-09-25,543059.3829799418
2023-09-26,546860.5738355053
2023-09-27,556562.2157054167
2023-09-28,563924.2731116877
2023-09-29,563982.4048416225
2023-10-02,557534.7393694799
2023-10-03,559104.9287389222
2023-10-04,551703.0582156162
2023-10-05,552589.8929010669
2023-10-06,551381.5392246646
2023-10-09,557060.915382464
2023-10-10,556264.123814703
2023-10-11,552989.7268410412
2023-10-12,549311.5362391096
2023-10-13,548048.6110339925
2023-10-16,545239.95132593
2023-10-17,553985.8443845647
2023-10-18,553444.5987105379
2023-10-19,549938.7485305623
2023-10-20,547230.8071720194
2023-10-23,540541.3266179669
2023-10-24,539577.0221986988
2023-10-25,540913.1085104463
2023-10-26,541413.0531475982
2023-10-27,532763.8676148487
2023-10-30,528583.9709439003
2023-10-31,533673.2807374952
2023-11-01,534073.0364726643
2023-11-02,537839.036296079
2023-11-03,548023.2392424291
2023-11-06,555313.6218125415
2023-11-07,547442.9008631066
2023-11-08,540159.3469285015
2023-11-09,535601.4309492497
2023-11-10,528718.2437808
2023-11-13,535750.5431563201
2023-11-14,537909.0536199652
2023-11-15,544991.3467699261
2023-11-16,543094.9605832357
2023-11-17,542272.3571291302
2023-11-20,544903.9599842122
2023-11-21,546898.396087685
2023-11-22,544472.8041557642
2023-11-24,548031.9406258905
2023-11-27,549471.1970363338
2023-11-28,550552.7987426068
2023-11-29,548894.3177057215
2023-11-30,547157.766700757
2023-12-01,549272.0743287213
2023-12-04,556334.893365612
2023-12-05,551300.1069222911
2023-12-06,555471.5469226221
2023-12-07,552646.2213541067
2023-12-08,554224.7088712025
2023-12-11,552139.9836247509
2023-12-12,551396.7829258004
2023-12-13,551791.7142495095
2023-12-14,558478.1391823816
2023-12-15,562597.1400334899
2023-12-18,559855.8832400806
2023-12-19,562986.8210526094
2023-12-20,568880.9560752971
2023-12-21,561885.6335843003
2023-12-22,567748.8915291252
2023-12-26,588978.3840444908
2023-12-27,661078.4382154885
2023-12-28,699484.0730510103
2023-12-29,664178.6126288284
2024-01-02,679573.4622577634
2024-01-03,661496.6845885088
2024-01-04,670081.3735947476
2024-01-05,656766.9269242308
2024-01-08,653831.4625440196
2024-01-09,682115.4887061551
2024-01-10,675559.2818672034
2024-01-11,705880.8867303
2024-01-12,779828.366015633
2024-01-16,767710.1617818861
2024-01-17,667100.1335026205
2024-01-18,658366.8278505208
2024-01-19,667510.2304397355
2024-01-22,662017.9721107606
2024-01-23,671208.1191704454
2024-01-24,694050.6796685309
2024-01-25,667587.960869666
2024-01-26,677453.1102656502
2024-01-29,669819.8514480611
2024-01-30,675562.796694676
2024-01-31,668210.834353342
2024-02-01,667500.0635206602
2024-02-02,656764.6785720509
2024-02-05,659340.3297426861
2024-02-06,671879.5450503838
2024-02-07,640648.8423683657
2024-02-08,660020.5304329859
2024-02-09,653834.0788032816
2024-02-12,655760.1714227911
2024-02-13,660309.7687674703
2024-02-14,648260.6947611735
2024-02-15,645974.1980306268
2024-02-16,654118.2383288355
2024-02-20,653705.2117414654
2024-02-21,649626.813809534
2024-02-22,630816.6933415765
2024-02-23,636087.4583785933
2024-02-26,645326.7709405724
2024-02-27,643479.5928302505
2024-02-28,639910.0984531027
2024-02-29,641660.917638533
2024-03-01,642675.5719323293
2024-03-04,635754.2668254848
2024-03-05,641804.8526757747
2024-03-06,622623.3964293996
2024-03-07,629329.3860537966
2024-03-08,623494.9812657621
2024-03-11,618622.2658942875
2024-03-12,607773.6062322069
2024-03-13,619246.5891110541
2024-03-14,617349.0454392124
2024-03-15,622460.5095369886
2024-03-18,609699.1678708218
2024-03-19,609798.0110781712
2024-03-20,609696.9025031117
2024-03-21,632596.7962074552
2024-03-22,610390.5660995658
2024-03-25,605422.2926218659
2024-03-26,605299.3217933862
2024-03-27,600490.1126140406
2024-03-28,608103.4605967741
2024-04-01,610472.8113836375
2024-04-02,606980.3625402013
2024-04-03,604824.5152584589
2024-04-04,609867.9396290337
2024-04-05,602172.8928593043
2024-04-08,609933.5793550283
2024-04-09,610665.1116346621
2024-04-10,620063.1878269182
2024-04-11,620889.8297525754
2024-04-12,605561.0579073003
2024-04-15,604025.2052352496
2024-04-16,598397.8053315298
2024-04-17,597218.1802809736
2024-04-18,593793.7386030919
2024-04-19,595281.8970171789
2024-04-22,592964.8617597852
2024-04-23,590252.9325384506
2024-04-24,594617.0084104841
2024-04-25,566462.3255832478
2024-04-26,592924.7054348793
2024-04-29,596495.3685374826
2024-04-30,606949.3353671334
2024-05-01,600452.3892571559
2024-05-02,598449.809864166
2024-05-03,595062.4078436464
2024-05-06,599494.6458908699
2024-05-07,596945.2053778929
2024-05-08,592848.1132716449
2024-05-09,591414.9378276636
2024-05-10,600589.2321855283
2024-05-13,593130.9371371111
2024-05-14,597479.4440466855
2024-05-15,587001.4231413857
2024-05-16,588729.7121375102
2024-05-17,595984.2638722094
2024-05-20,586665.4779673765
2024-05-21,574116.7857976599
2024-05-22,593558.1314342419
2024-05-23,574018.0189716608
2024-05-24,568635.6155916249
2024-05-28,572349.3077372314
2024-05-29,592798.6382668044
2024-05-30,594099.3048909494
2024-05-31,583202.4602068197
2024-06-03,585969.4640156861
2024-06-04,583848.1581674087
2024-06-05,549636.1024374752
2024-06-06,552482.5254382247
2024-06-07,549665.1045064433
2024-06-10,548646.5778322436
2024-06-11,548185.7622169398
2024-06-12,546503.2204657643
2024-06-13,547038.9400220254
2024-06-14,551326.3874585531
2024-06-17,553980.2454504782
2024-06-18,554795.8673568465
2024-06-20,556023.5317752088
2024-06-21,558869.7235100362
2024-06-24,578891.0475676247
2024-06-25,564090.2880674498
2024-06-26,590651.7335126052
2024-06-27,597515.3922526806
2024-06-28,595267.7065584592
2024-07-01,588759.7988648668
2024-07-02,584658.8358265818
2024-07-03,584970.8802617699
2024-07-05,588084.4964024266
2024-07-08,593888.0405101613
2024-07-09,588434.4387214746
2024-07-10,587630.4034620713
2024-07-11,589567.3781921506
2024-07-12,590132.2214995164
2024-07-15,599037.7638311862
2024-07-16,595827.2207521219
2024-07-17,610990.0710374537
2024-07-18,602727.7818424753
2024-07-19,604433.1647047498
2024-07-22,600135.3028902225
2024-07-23,602526.2120088467
2024-07-24,598771.5233997948
2024-07-25,602213.9559201953
2024-07-26,595042.1319559175
2024-07-29,588836.6214768883
2024-07-30,593816.6732172007
2024-07-31,588174.9541367576
2024-08-01,593455.8030490163
2024-08-02,588719.6503623285
2024-08-05,583022.0765952789
2024-08-06,572227.1151611728
2024-08-07,573191.6690069248
2024-08-08,565565.6618034139
2024-08-09,570084.8062126215
2024-08-12,566409.3479523608
2024-08-13,568426.8536112349
2024-08-14,582389.7787515062
2024-08-15,575152.8122629848
2024-08-16,584008.6204072653
2024-08-19,591644.2976193634
2024-08-20,591596.9067195118
2024-08-21,595199.0115156921
2024-08-22,594774.1901080139
2024-08-23,589832.1612448812
2024-08-26,601098.1377917415
2024-08-27,588656.5100509322
2024-08-28,590095.8111532473
2024-08-29,580506.3917335954
2024-08-30,577069.882758637
2024-09-03,576945.2825246472
2024-09-04,572405.1562732972
2024-09-05,565755.2451801379
2024-09-06,568096.0562869497
2024-09-09,566547.8784293684
2024-09-10,559984.8033653472
2024-09-11,560450.5827242554
2024-09-12,561537.2757827815
2024-09-13,566146.3201834274
2024-09-16,567138.8209202656
2024-09-17,568731.8982825873
2024-09-18,566662.3051130697
2024-09-19,563289.1976582803
2024-09-20,568250.4657427185
2024-09-23,564946.8749253448
2024-09-24,566384.7134043942
2024-09-25,563223.4379875724
2024-09-26,562101.3668410724
2024-09-27,564950.7770975655
2024-09-30,563918.0789948638
2024-10-01,566153.2595997766
2024-10-02,565106.6813280664
2024-10-03,564568.2170329684
2024-10-04,564725.274197819
2024-10-07,570044.5238062713
2024-10-08,564980.2127580369
2024-10-09,565069.8409048844
2024-10-10,565709.977621371
2024-10-11,564800.4416943338
2024-10-14,566745.267940601
2024-10-15,570622.2285741536
2024-10-16,570564.0275595678
2024-10-17,572082.6501706159
2024-10-18,573679.7908338575
2024-10-21,573896.6484881205
2024-10-22,574305.9937825713
2024-10-23,574771.7322137768
2024-10-24,570822.856618145
2024-10-25,568909.5473074742
2024-10-28,573287.4878219492
2024-10-29,571421.8368678737
2024-10-30,570430.7212395801
2024-10-31,569710.5847413508
2024-11-01,566468.2998076032
2024-11-04,566614.5204223918
2024-11-05,569052.7015776616
2024-11-06,567275.9720573506
2024-11-07,571614.0445907827
2024-11-08,570396.9049768719
2024-11-11,575283.1044804066
2024-11-12,572518.6436973654
2024-11-13,572060.1947559355
2024-11-14,571422.3421333887
2024-11-15,570084.3919153638
2024-11-18,563657.2208420204
2024-11-19,567212.2399455492
2024-11-20,567086.0413300842
2024-11-21,568680.4374977975
2024-11-22,572616.7429609775
2024-11-25,577100.8143069217
2024-11-26,578256.3995319715
2024-11-27,582454.9673116026
2024-11-29,582646.94847525
2024-12-02,582639.0382093025
2024-12-03,580842.3902446353
2024-12-04,582057.3565588677
2024-12-05,579740.3910271742
2024-12-06,581630.2784950521
2024-12-09,582754.4851955839
2024-12-10,579353.0083203192
2024-12-11,579338.5638587432
2024-12-12,578706.0374411382
2024-12-13,577742.9461805616
2024-12-16,574683.4018981317
2024-12-17,571141.7865972597
2024-12-18,567525.1532726779
2024-12-19,565024.2953085505
2024-12-20,564486.7313031192
2024-12-23,565660.208230767
2024-12-24,566070.7856635888
2024-12-26,572430.3275856592
2024-12-27,573710.0578270258
2024-12-30,573801.5723158155
2024-12-31,571288.0851497201
