date,ticker,ret,type,entry_date
2011-01-03,AACC,-0.13986010792053138,hold_period_exit,2010-01-04
2011-01-03,AAIC,0.7046625112043905,hold_period_exit,2010-01-04
2011-01-03,AAU,3.6184311927051303,hold_period_exit,2010-01-04
2011-01-03,ABCD,-0.16390958805270794,hold_period_exit,2010-01-04
2011-01-03,AAWW,0.4612427039777989,hold_period_exit,2010-01-04
2011-01-03,ABVT,-0.007247832884318073,hold_period_exit,2010-01-04
2011-01-03,ABMD,0.11148085139232178,hold_period_exit,2010-01-04
2011-01-03,ACCL_old,0.4464670199650145,hold_period_exit,2010-01-04
2011-01-03,ACFND,-0.4246655919136809,hold_period_exit,2010-01-04
2011-01-03,ACHN_old,0.2920605824414386,hold_period_exit,2010-01-04
2011-01-03,ACI_old,0.5161839523030864,hold_period_exit,2010-01-04
2011-01-03,ACIIQ,0.5161839523030864,hold_period_exit,2010-01-04
2011-01-03,ACTA,1.0951686163126162,hold_period_exit,2010-01-04
2011-01-03,ACY,-0.761665646763361,hold_period_exit,2010-01-04
2011-01-03,ACXM,0.27176231522607663,hold_period_exit,2010-01-04
2011-01-03,ADEP,0.31988478141925736,hold_period_exit,2010-01-04
2011-01-03,ADY,-0.5130828171818531,hold_period_exit,2010-01-04
2011-01-03,AEC_old,0.37964608457075033,hold_period_exit,2010-01-04
2011-01-03,AEGN,0.20715764406615156,hold_period_exit,2010-01-04
2011-01-03,AEPI,-0.33017815150610486,hold_period_exit,2010-01-04
2011-01-03,AERO_old,-0.5023722990435131,hold_period_exit,2010-01-04
2011-01-03,AFAM,-0.02000544348345057,hold_period_exit,2010-01-04
2011-01-03,AEL,0.7009486697232457,hold_period_exit,2010-01-04
2011-01-03,AF,0.20627807790093455,hold_period_exit,2010-01-04
2011-01-03,AGP,0.6110387378118218,hold_period_exit,2010-01-04
2011-01-03,AHCI,-0.16124134594584705,hold_period_exit,2010-01-04
2011-01-03,AHGP,0.8469793052405121,hold_period_exit,2010-01-04
2011-01-03,AI_old1,0.5608989436858969,hold_period_exit,2010-01-04
2011-01-03,AIMC,0.640664528153535,hold_period_exit,2010-01-04
2011-01-03,AIMCV,0.6406587887408799,hold_period_exit,2010-01-04
2011-01-03,AIQ_old,-0.23163310989240837,hold_period_exit,2010-01-04
2011-01-03,AIRM,0.6432044390000671,hold_period_exit,2010-01-04
2011-01-03,AJRD,-0.26828593807597445,hold_period_exit,2010-01-04
2011-01-03,ALJ,-0.15924337375006048,hold_period_exit,2010-01-04
2011-01-03,ALOG,0.3078482346627269,hold_period_exit,2010-01-04
2011-01-03,ALR,0.9135134220123291,hold_period_exit,2010-01-04
2011-01-03,ALTI_old,-0.26895643032203487,hold_period_exit,2010-01-04
2011-01-03,ALTE,0.12432098551454573,hold_period_exit,2010-01-04
2011-01-03,ALY,0.6903911185416565,hold_period_exit,2010-01-04
2011-01-03,ALXA,-0.49402388900140526,hold_period_exit,2010-01-04
2011-01-03,AMAR,-0.542700213226875,hold_period_exit,2010-01-04
2011-01-03,AMCO,0.10997665586843297,hold_period_exit,2010-01-04
2011-01-03,AMLN,0.016351186232514747,hold_period_exit,2010-01-04
2011-01-03,AMED,-0.30959440733013,hold_period_exit,2010-01-04
2011-01-03,AMNL,0.1293707228902914,hold_period_exit,2010-01-04
2011-01-03,AMOT,1.8683149614852228,hold_period_exit,2010-01-04
2011-01-03,AMPLQ,-0.17241378056708045,hold_period_exit,2010-01-04
2011-01-03,AMR_old,0.025906767304554323,hold_period_exit,2010-01-04
2011-01-03,AMSWA,0.2118875304959802,hold_period_exit,2010-01-04
2011-01-03,ANCX,0.11588585733862189,hold_period_exit,2010-01-04
2011-01-03,ANEN,0.4124504765354977,hold_period_exit,2010-01-04
2011-01-03,ANH,0.13713770976520734,hold_period_exit,2010-01-04
2011-01-03,ANR,0.32136720548408326,hold_period_exit,2010-01-04
2011-01-03,ANRZ,0.32136720548408326,hold_period_exit,2010-01-04
2011-01-03,ANW,-0.6355610591801899,hold_period_exit,2010-01-04
2011-01-03,ANWWQ,-0.6364565148719841,hold_period_exit,2010-01-04
2011-01-03,AOBC,-0.10254296880086833,hold_period_exit,2010-01-04
2011-01-03,APEX,0.1399195717603443,hold_period_exit,2010-01-04
2011-01-03,APFC,-0.18555385819869963,hold_period_exit,2010-01-04
2011-01-03,AOI,0.6666667461395264,hold_period_exit,2010-01-04
2011-01-03,APL,1.4315195303589818,hold_period_exit,2010-01-04
2011-01-03,APLP,0.2987625287418867,hold_period_exit,2010-01-04
2011-01-03,APPCQ,-0.46527872505059586,hold_period_exit,2010-01-04
2011-01-03,ARBA,0.8313909500958816,hold_period_exit,2010-01-04
2011-01-03,ARC,0.0666632195551351,hold_period_exit,2010-01-04
2011-01-03,ARCW,0.16828460722091454,hold_period_exit,2010-01-04
2011-01-03,ARCH,0.516184504169688,hold_period_exit,2010-01-04
2011-01-03,ARDM,0.09899000570879468,hold_period_exit,2010-01-04
2011-01-03,ARDMQ,0.1000000460958077,hold_period_exit,2010-01-04
2011-01-03,ARII,1.02879826911543,hold_period_exit,2010-01-04
2011-01-03,ARIA,1.1107791878044515,hold_period_exit,2010-01-04
2011-01-03,ARQL,0.5508297017957446,hold_period_exit,2010-01-04
2011-01-03,ARTC_old,0.29330412878961964,hold_period_exit,2010-01-04
2011-01-03,ARTG,0.2458332992540051,hold_period_exit,2010-01-04
2011-01-03,ARTX,-0.0514285070236008,hold_period_exit,2010-01-04
2011-01-03,ASFI,0.23749043558225313,hold_period_exit,2010-01-04
2011-01-03,ASI,0.4775984336284722,hold_period_exit,2010-01-04
2011-01-03,ASTX_old1,-0.014492737628206243,hold_period_exit,2010-01-04
2011-01-03,ATMI,0.05731370673819125,hold_period_exit,2010-01-04
2011-01-03,ATNY,-0.10720881672182658,hold_period_exit,2010-01-04
2011-01-03,ATPG,-0.13348097398092196,hold_period_exit,2010-01-04
2011-01-03,ATRI,0.27940251432099616,hold_period_exit,2010-01-04
2011-01-03,ATS_old,-0.07418960332870483,hold_period_exit,2010-01-04
2011-01-03,ATSC_old,0.14285712337816303,hold_period_exit,2010-01-04
2011-01-03,ATTU,1.7777779343170854,hold_period_exit,2010-01-04
2011-01-03,ATSG,1.8714285928506262,hold_period_exit,2010-01-04
2011-01-03,ATU,0.4044155964645577,hold_period_exit,2010-01-04
2011-01-03,AUTCF,0.08452050460252747,hold_period_exit,2010-01-04
2011-01-03,AUTO,-0.0855054545534849,hold_period_exit,2010-01-04
2011-01-03,AUXL,-0.3081017237344261,hold_period_exit,2010-01-04
2011-01-03,AVNT_old,0.7471657316218936,hold_period_exit,2010-01-04
2011-01-03,AVTA,-0.07887205571422995,hold_period_exit,2010-01-04
2011-01-03,AXN,0.46535902928116757,hold_period_exit,2010-01-04
2011-01-03,AXE,0.34718749853963193,hold_period_exit,2010-01-04
2011-01-03,BARI,0.14300174767688878,hold_period_exit,2010-01-04
2011-01-03,BASI,1.2717331225147035,hold_period_exit,2010-01-04
2011-01-03,B_old,0.2543289893258178,hold_period_exit,2010-01-04
2011-01-03,BBBB,-0.08481180123720644,hold_period_exit,2010-01-04
2011-01-03,BBLUQ,-0.6400326708923201,hold_period_exit,2010-01-04
2011-01-03,BBNK,0.2402942073896175,hold_period_exit,2010-01-04
2011-01-03,BBOX,0.37393879055183343,hold_period_exit,2010-01-04
2011-01-03,BBQ,0.8567335052397111,hold_period_exit,2010-01-04
2011-01-03,BCAR_old,-0.44586874240383556,hold_period_exit,2010-01-04
2011-01-03,BCSI,0.044251920355971475,hold_period_exit,2010-01-04
2011-01-03,BCOM,0.6209423610440532,hold_period_exit,2010-01-04
2011-01-03,BHLB,0.14835470808852746,hold_period_exit,2010-01-04
2011-01-03,BIOC1,0.10167105041167979,hold_period_exit,2010-01-04
2011-01-03,BIRT,0.35454553593681815,hold_period_exit,2010-01-04
2011-01-03,BKMU,-0.2852966591447219,hold_period_exit,2010-01-04
2011-01-03,BKS,-0.1473595887276703,hold_period_exit,2010-01-04
2011-01-03,BLT,0.47319784860931113,hold_period_exit,2010-01-04
2011-01-03,BLUD,-0.021251009380423014,hold_period_exit,2010-01-04
2011-01-03,BMTI,0.10864269049932807,hold_period_exit,2010-01-04
2011-01-03,BNE_old,0.61150062084198,hold_period_exit,2010-01-04
2011-01-03,BMTC,0.198917057233704,hold_period_exit,2010-01-04
2011-01-03,BNHN,0.945504493012874,hold_period_exit,2010-01-04
2011-01-03,BOBS_old,0.7184527309675504,hold_period_exit,2010-01-04
2011-01-03,BONT,0.26995089795981664,hold_period_exit,2010-01-04
2011-01-03,BOFI,0.6040609824522158,hold_period_exit,2010-01-04
2011-01-03,BOOT1,0.2748093478541931,hold_period_exit,2010-01-04
2011-01-03,BPFH,0.17715088660575673,hold_period_exit,2010-01-04
2011-01-03,BPL,-0.01263570651431356,hold_period_exit,2010-01-04
2011-01-03,BPZ,-0.41901029479389307,hold_period_exit,2010-01-04
2011-01-03,BPZRQ,-0.41901029479389307,hold_period_exit,2010-01-04
2011-01-03,BRCD,-0.30979534195971936,hold_period_exit,2010-01-04
2011-01-03,BRLI_old,0.13602102994681298,hold_period_exit,2010-01-04
2011-01-03,BRKL_old,0.14108934984742016,hold_period_exit,2010-01-04
2011-01-03,BSF,-0.45441813853460644,hold_period_exit,2010-01-04
2011-01-03,BSTC,-0.10619275581786858,hold_period_exit,2010-01-04
2011-01-03,BTH,0.30828447225644817,hold_period_exit,2010-01-04
2011-01-03,BTUI,0.45611283124153723,hold_period_exit,2010-01-04
2011-01-03,BVSN,-0.08424907922744751,hold_period_exit,2010-01-04
2011-01-03,BTU_old,0.3478170679585706,hold_period_exit,2010-01-04
2011-01-03,BTUUQ,0.3478170679585706,hold_period_exit,2010-01-04
2011-01-03,BWINA,0.1599670648574829,hold_period_exit,2010-01-04
2011-01-03,BWINB,0.0765105064448397,hold_period_exit,2010-01-04
2011-01-03,BXG_old,0.36213999298606714,hold_period_exit,2010-01-04
2011-01-03,CAB,0.5070706479933156,hold_period_exit,2010-01-04
2011-01-03,CACB,-0.8737157625028454,hold_period_exit,2010-01-04
2011-01-03,BYON,0.19729271876554533,hold_period_exit,2010-01-04
2011-01-03,CADX,-0.25570492594244154,hold_period_exit,2010-01-04
2011-01-03,CALL,-0.8882751561997941,hold_period_exit,2010-01-04
2011-01-03,CALP,1.4256625568594519,hold_period_exit,2010-01-04
2011-01-03,CASC1,0.6594448797209758,hold_period_exit,2010-01-04
2011-01-03,CBEH,0.02328760841405364,hold_period_exit,2010-01-04
2011-01-03,CBB,-0.8411667948632575,hold_period_exit,2010-01-04
2011-01-03,CBKN,-0.37038101047455263,hold_period_exit,2010-01-04
2011-01-03,CBIO_old,0.305205148583898,hold_period_exit,2010-01-04
2011-01-03,CBLAQ,0.8870345557872856,hold_period_exit,2010-01-04
2011-01-03,CBL_old,0.8870425026663467,hold_period_exit,2010-01-04
2011-01-03,CBMG,1.0000001038784356,hold_period_exit,2010-01-04
2011-01-03,CBNJ,0.26142992806617227,hold_period_exit,2010-01-04
2011-01-03,CBPO,0.2601332764666904,hold_period_exit,2010-01-04
2011-01-03,CCIX_old,0.865220609957031,hold_period_exit,2010-01-04
2011-01-03,CDR,0.00969512442824838,hold_period_exit,2010-01-04
2011-01-03,CDXC,1.9697333422345022,hold_period_exit,2010-01-04
2011-01-03,CEC,0.2037977389215535,hold_period_exit,2010-01-04
2011-01-03,CEDCQ,-0.19703232891130285,hold_period_exit,2010-01-04
2011-01-03,CECO_old,-0.09609603787868626,hold_period_exit,2010-01-04
2011-01-03,CETC,0.7333333492279053,hold_period_exit,2010-01-04
2011-01-03,CERN,-0.7154934516194112,hold_period_exit,2010-01-04
2011-01-03,CETV,-0.17187493801742082,hold_period_exit,2010-01-04
2011-01-03,CFSG,-0.5049928767337258,hold_period_exit,2010-01-04
2011-01-03,CGA,-0.4276771384832623,hold_period_exit,2010-01-04
2011-01-03,CGFI,-0.4999999740303911,hold_period_exit,2010-01-04
2011-01-03,CGG,0.38741128914648937,hold_period_exit,2010-01-04
2011-01-03,CGI,0.40026566762372817,hold_period_exit,2010-01-04
2011-01-03,CGIPQ,0.40024294417343054,hold_period_exit,2010-01-04
2011-01-03,CHBT,-0.01285671822666934,hold_period_exit,2010-01-04
2011-01-03,CHG,0.14228627729445797,hold_period_exit,2010-01-04
2011-01-03,CHKE,0.13991979160149648,hold_period_exit,2010-01-04
2011-01-03,CHKGQ,-0.4032257505326202,hold_period_exit,2010-01-04
2011-01-03,CHMD,2.6646947270559274,hold_period_exit,2010-01-04
2011-01-03,CHMT_old,-0.8047446985894863,hold_period_exit,2010-01-04
2011-01-03,CHOP,0.06326890883623215,hold_period_exit,2010-01-04
2011-01-03,CHP,-0.8488143861209265,hold_period_exit,2010-01-04
2011-01-03,CHRS1,-0.441860441260591,hold_period_exit,2010-01-04
2011-01-03,CHSI,0.256804360003243,hold_period_exit,2010-01-04
2011-01-03,CHTP,1.7101451370824132,hold_period_exit,2010-01-04
2011-01-03,CHS,-0.10369306535608169,hold_period_exit,2010-01-04
2011-01-03,CHYR,-0.0012668788361535066,hold_period_exit,2010-01-04
2011-01-03,CIMT,1.5679664200699754,hold_period_exit,2010-01-04
2011-01-03,CIR,0.6877039816616699,hold_period_exit,2010-01-04
2011-01-03,CIT,0.6215438248537586,hold_period_exit,2010-01-04
2011-01-03,CKEC,0.0013478205532888587,hold_period_exit,2010-01-04
2011-01-03,C-WS-A,0.30882346630096436,hold_period_exit,2010-01-04
2011-01-03,CKH,1.1612559356737369,hold_period_exit,2010-01-04
2011-01-03,CLCT,0.5926601910794183,hold_period_exit,2010-01-04
2011-01-03,CLGX,-0.42130990938432666,hold_period_exit,2010-01-04
2011-01-03,CLI,0.04043572308845045,hold_period_exit,2010-01-04
2011-01-03,CLUB_old,0.6141611422790783,hold_period_exit,2010-01-04
2011-01-03,CLUBQ,0.6141684402705212,hold_period_exit,2010-01-04
2011-01-03,CNEP,-0.4230386445113812,hold_period_exit,2010-01-04
2011-01-03,CNBC,-0.1362404215466504,hold_period_exit,2010-01-04
2011-01-03,CNR_old2,0.17647075653076172,hold_period_exit,2010-01-04
2011-01-03,CNVR,0.5355450882818971,hold_period_exit,2010-01-04
2011-01-03,CNXT1,-0.333959667109926,hold_period_exit,2010-01-04
2011-01-03,CNYD,-0.32187067987947426,hold_period_exit,2010-01-04
2011-01-03,COCO_old,-0.6272537271872549,hold_period_exit,2010-01-04
2011-01-03,CONN,-0.12871499634418737,hold_period_exit,2010-01-04
2011-01-03,CORV,0.36941025809277783,hold_period_exit,2010-01-04
2011-01-03,COSI,1.032036281021191,hold_period_exit,2010-01-04
2011-01-03,CPAH,2.7964496538869144,hold_period_exit,2010-01-04
2011-01-03,CPICQ,0.8798859153081928,hold_period_exit,2010-01-04
2011-01-03,CPLA,-0.10035084949559858,hold_period_exit,2010-01-04
2011-01-03,COWN,-0.1800310195044803,hold_period_exit,2010-01-04
2011-01-03,CPLP,0.2785864314144755,hold_period_exit,2010-01-04
2011-01-03,CPNO,0.4834130097755449,hold_period_exit,2010-01-04
2011-01-03,CPSL_old,-0.1985710567342318,hold_period_exit,2010-01-04
2011-01-03,CPTS,-0.2709395860421161,hold_period_exit,2010-01-04
2011-01-03,CRDN,0.6899690629406776,hold_period_exit,2010-01-04
2011-01-03,CRDSQ,1.4470974229425697,hold_period_exit,2010-01-04
2011-01-03,CRED1,-0.1293012994215721,hold_period_exit,2010-01-04
2011-01-03,CRRS,1.2222223281860352,hold_period_exit,2010-01-04
2011-01-03,CRRSQ,1.2222223281860352,hold_period_exit,2010-01-04
2011-01-03,CRTX1,-0.03236239892992743,hold_period_exit,2010-01-04
2011-01-03,CRWN,0.8402777683524156,hold_period_exit,2010-01-04
2011-01-03,CSA1,0.04627998923663412,hold_period_exit,2010-01-04
2011-01-03,CSCD,-0.07985042702214862,hold_period_exit,2010-01-04
2011-01-03,CRY_old,-0.1714280364435633,hold_period_exit,2010-01-04
2011-01-03,CSE,0.7310830143756806,hold_period_exit,2010-01-04
2011-01-03,CSHZ,7.633845756254942,hold_period_exit,2010-01-04
2011-01-03,CSKI,-0.704196644000669,hold_period_exit,2010-01-04
2011-01-03,CSS,0.06488949264675958,hold_period_exit,2010-01-04
2011-01-03,CSFL,-0.21256529276326785,hold_period_exit,2010-01-04
2011-01-03,CSII,1.5501444697275204,hold_period_exit,2010-01-04
2011-01-03,CTCM,0.6424088681074109,hold_period_exit,2010-01-04
2011-01-03,CSU,0.3487119331029329,hold_period_exit,2010-01-04
2011-01-03,CTFO,-0.42873970243770176,hold_period_exit,2010-01-04
2011-01-03,CTRC,0.2222222734397863,hold_period_exit,2010-01-04
2011-01-03,CTRCQ,0.2222222734397863,hold_period_exit,2010-01-04
2011-01-03,CTG,0.3402401602672478,hold_period_exit,2010-01-04
2011-01-03,CTRP,0.13415359257528392,hold_period_exit,2010-01-04
2011-01-03,CTV1,0.15376112443633172,hold_period_exit,2010-01-04
2011-01-03,CV_old,0.1060927202552795,hold_period_exit,2010-01-04
2011-01-03,CVA,0.02984676371897499,hold_period_exit,2010-01-04
2011-01-03,CVG,0.27204920515186526,hold_period_exit,2010-01-04
2011-01-03,CVO,-0.3895946000049295,hold_period_exit,2010-01-04
2011-01-03,CVUA,1.3264267688619396,hold_period_exit,2010-01-04
2011-01-03,CVVT,0.07073825055482863,hold_period_exit,2010-01-04
2011-01-03,CXDC,-0.32716048681439125,hold_period_exit,2010-01-04
2011-01-03,CXPO,-0.04989144816523117,hold_period_exit,2010-01-04
2011-01-03,CXS,-0.015883093204289822,hold_period_exit,2010-01-04
2011-01-03,CYBE,0.290607422966916,hold_period_exit,2010-01-04
2011-01-03,CYBX,0.5341615587120521,hold_period_exit,2010-01-04
2011-01-03,CYMI,0.13961975217231615,hold_period_exit,2010-01-04
2011-01-03,CYRN,5.1939217815544225e-08,hold_period_exit,2010-01-04
2011-01-03,CYTR,-0.0277777119516881,hold_period_exit,2010-01-04
2011-01-03,DALN,0.48215798121320463,hold_period_exit,2010-01-04
2011-01-03,DAVE_old,0.8567335052397111,hold_period_exit,2010-01-04
2011-01-03,DBD_old,0.16109322410324967,hold_period_exit,2010-01-04
2011-01-03,DBDQQ,0.161087263943954,hold_period_exit,2010-01-04
2011-01-03,DCMYY,0.2881478161562001,hold_period_exit,2010-01-04
2011-01-03,DCP,0.3368374384225219,hold_period_exit,2010-01-04
2011-01-03,DDIC,1.422846033325147,hold_period_exit,2010-01-04
2011-01-03,DEST,0.9968743314478004,hold_period_exit,2010-01-04
2011-01-03,DESTQ,0.9969134036031833,hold_period_exit,2010-01-04
2011-01-03,DDR,0.5526244766103361,hold_period_exit,2010-01-04
2011-01-03,DENN,0.6177779579513158,hold_period_exit,2010-01-04
2011-01-03,DGIT,0.005095105150481727,hold_period_exit,2010-01-04
2011-01-03,DHIL,0.3515392978120575,hold_period_exit,2010-01-04
2011-01-03,DMND,0.4813799000196539,hold_period_exit,2010-01-04
2011-01-03,DNR,0.23864703760558048,hold_period_exit,2010-01-04
2011-01-03,DOOR,-0.10958898067474365,hold_period_exit,2010-01-04
2011-01-03,DPS,0.21579862810495287,hold_period_exit,2010-01-04
2011-01-03,DRJ,0.4896317475201495,hold_period_exit,2010-01-04
2011-01-03,DRL,-0.5981833689111347,hold_period_exit,2010-01-04
2011-01-03,DRLCQ,-0.5981833689111347,hold_period_exit,2010-01-04
2011-01-03,DS,2.3310646640334673,hold_period_exit,2010-01-04
2011-01-03,DSHK,2.3316248016406362,hold_period_exit,2010-01-04
2011-01-03,DSHKP,1.6791253776546053,hold_period_exit,2010-01-04
2011-01-03,DSOX,-0.25,hold_period_exit,2010-01-04
2011-01-03,DST,0.009581339127021637,hold_period_exit,2010-01-04
2011-01-03,DUSA1,0.5519482192769145,hold_period_exit,2010-01-04
2011-01-03,DVCR,-0.2966165114332293,hold_period_exit,2010-01-04
2011-01-03,DWCH,0.33204638957977295,hold_period_exit,2010-01-04
2011-01-03,DWOG,-0.3238041370766167,hold_period_exit,2010-01-04
2011-01-03,DVAX,1.1096628572908864,hold_period_exit,2010-01-04
2011-01-03,DYAX,-0.4196446651835526,hold_period_exit,2010-01-04
2011-01-03,DYN_old,1.8971100811663488,hold_period_exit,2010-01-04
2011-01-03,EBIXQ,0.4113128524021028,hold_period_exit,2010-01-04
2011-01-03,EBIX,11.70123632206072,hold_period_exit,2010-01-04
2011-01-03,EBTX,0.31165656076489867,hold_period_exit,2010-01-04
2011-01-03,ECTE,-0.11211864070464783,hold_period_exit,2010-01-04
2011-01-03,EF,0.30086699777447556,hold_period_exit,2010-01-04
2011-01-03,EFII,0.0894464825371748,hold_period_exit,2010-01-04
2011-01-03,EGAS,0.0672503980837571,hold_period_exit,2010-01-04
2011-01-03,EGI,0.16578979163201035,hold_period_exit,2010-01-04
2011-01-03,EGOV,0.27953350962746404,hold_period_exit,2010-01-04
2011-01-03,EGT,0.30361538148723066,hold_period_exit,2010-01-04
2011-01-03,EIHI,0.36145943109315404,hold_period_exit,2010-01-04
2011-01-03,EJ,-0.16989268370649002,hold_period_exit,2010-01-04
2011-01-03,EK,0.31024081938302217,hold_period_exit,2010-01-04
2011-01-03,EKDKQ,0.31024081938302217,hold_period_exit,2010-01-04
2011-01-03,EMPR,-0.6666666401558174,hold_period_exit,2010-01-04
2011-01-03,EMKR,-0.021033965906196106,hold_period_exit,2010-01-04
2011-01-03,END,0.7204968884799492,hold_period_exit,2010-01-04
2011-01-03,ENG,0.03498541439175362,hold_period_exit,2010-01-04
2011-01-03,ENGC,0.03498541439175362,hold_period_exit,2010-01-04
2011-01-03,ENGCQ,0.03498541439175362,hold_period_exit,2010-01-04
2011-01-03,ENVE,0.03886594092932838,hold_period_exit,2010-01-04
2011-01-03,EOXLQ,4.485493995146203,hold_period_exit,2010-01-04
2011-01-03,EPAX,-0.14865162914132357,hold_period_exit,2010-01-04
2011-01-03,EPHC,0.4661478942399899,hold_period_exit,2010-01-04
2011-01-03,EPIQ,-0.016465637847169257,hold_period_exit,2010-01-04
2011-01-03,EPL,0.6540931720647349,hold_period_exit,2010-01-04
2011-01-03,EPRS,1.0830853867004602,hold_period_exit,2010-01-04
2011-01-03,EPRSQ,1.0830853867004602,hold_period_exit,2010-01-04
2011-01-03,EPAY,0.21324039385650995,hold_period_exit,2010-01-04
2011-01-03,EPWCF,0.9599007361980416,hold_period_exit,2010-01-04
2011-01-03,EQC,0.07038190167907521,hold_period_exit,2010-01-04
2011-01-03,ERBA,0.19939979320510126,hold_period_exit,2010-01-04
2011-01-03,ES_old,-0.3525596194238352,hold_period_exit,2010-01-04
2011-01-03,ESCU,5.1939217815544225e-08,hold_period_exit,2010-01-04
2011-01-03,ESI1,-0.3330362034844191,hold_period_exit,2010-01-04
2011-01-03,ESIC,1.323607632572299,hold_period_exit,2010-01-04
2011-01-03,ESIO,0.48933969567985125,hold_period_exit,2010-01-04
2011-01-03,ESGR,0.15687265785337412,hold_period_exit,2010-01-04
2011-01-03,ESSX,0.009090900421142578,hold_period_exit,2010-01-04
2011-01-03,ESND,0.09558342770597905,hold_period_exit,2010-01-04
2011-01-03,ESTE,1.0616111755371094,hold_period_exit,2010-01-04
2011-01-03,EVEP,0.38850994517666404,hold_period_exit,2010-01-04
2011-01-03,EVEPQ,0.38850994517666404,hold_period_exit,2010-01-04
2011-01-03,EVLV_old,0.12698802647322993,hold_period_exit,2010-01-04
2011-01-03,EVRI,-0.5808863083535116,hold_period_exit,2010-01-04
2011-01-03,EXAC,0.09044381365170984,hold_period_exit,2010-01-04
2011-01-03,EXAR,0.005287948080457516,hold_period_exit,2010-01-04
2011-01-03,EXAS,0.8176471538799508,hold_period_exit,2010-01-04
2011-01-03,EXLP,0.2987548026094664,hold_period_exit,2010-01-04
2011-01-03,EXH,0.049018821207073016,hold_period_exit,2010-01-04
2011-01-03,FABU,-0.38185952116552824,hold_period_exit,2010-01-04
2011-01-03,FALCD,-0.20542507727534298,hold_period_exit,2010-01-04
2011-01-03,FBNIQ,-0.036764638809726025,hold_period_exit,2010-01-04
2011-01-03,FBRC,-0.387851319918493,hold_period_exit,2010-01-04
2011-01-03,FBC,-0.7492063641548157,hold_period_exit,2010-01-04
2011-01-03,FCFC,0.1953352222436271,hold_period_exit,2010-01-04
2011-01-03,FCTY,0.13055568571179244,hold_period_exit,2010-01-04
2011-01-03,FDNHQ,-0.6292804469238668,hold_period_exit,2010-01-04
2011-01-03,FEEC,0.42236432056258777,hold_period_exit,2010-01-04
2011-01-03,FENCF,-0.5373939413559872,hold_period_exit,2010-01-04
2011-01-03,FDP,0.12336839584109627,hold_period_exit,2010-01-04
2011-01-03,FFBH,-0.45442137165014695,hold_period_exit,2010-01-04
2011-01-03,FFNW,-0.41997016427663547,hold_period_exit,2010-01-04
2011-01-03,FFCH,-0.035100761006342185,hold_period_exit,2010-01-04
2011-01-03,FFIC,0.2638792616106198,hold_period_exit,2010-01-04
2011-01-03,FHCO,0.22397887318536203,hold_period_exit,2010-01-04
2011-01-03,FLOW1,0.2350210210087793,hold_period_exit,2010-01-04
2011-01-03,FLY_old,0.5758421383506893,hold_period_exit,2010-01-04
2011-01-03,FMD,0.05069120674917382,hold_period_exit,2010-01-04
2011-01-03,FMBI,0.09741995936068992,hold_period_exit,2010-01-04
2011-01-03,FOE,0.7735193485610874,hold_period_exit,2010-01-04
2011-01-03,FNCB,-0.31091737390112106,hold_period_exit,2010-01-04
2011-01-03,FNSR,2.351588297071382,hold_period_exit,2010-01-04
2011-01-03,FPIC,0.4117167576617622,hold_period_exit,2010-01-04
2011-01-03,FRBK,-0.44933917188351513,hold_period_exit,2010-01-04
2011-01-03,FRM,0.8512820987587288,hold_period_exit,2010-01-04
2011-01-03,FRPT1,0.08150268327815602,hold_period_exit,2010-01-04
2011-01-03,FSCI,0.36734718549074663,hold_period_exit,2010-01-04
2011-01-03,FSIN,-0.17032262541877152,hold_period_exit,2010-01-04
2011-01-03,FSNN,-0.4515094256302311,hold_period_exit,2010-01-04
2011-01-03,FTCY,-0.6001513534714595,hold_period_exit,2010-01-04
2011-01-03,FTWRQ,0.0406291357427353,hold_period_exit,2010-01-04
2011-01-03,FUR,0.2796452790500521,hold_period_exit,2010-01-04
2011-01-03,FTR,0.36821449904159165,hold_period_exit,2010-01-04
2011-01-03,FTRCQ,0.36821637538803653,hold_period_exit,2010-01-04
2011-01-03,FVE,0.9187953517852587,hold_period_exit,2010-01-04
2011-01-03,FXEN,1.136334100645925,hold_period_exit,2010-01-04
2011-01-03,GADS,-0.011957785857558578,hold_period_exit,2010-01-04
2011-01-03,GBNK,0.1276581653075184,hold_period_exit,2010-01-04
2011-01-03,GCEH,0.6666667461395264,hold_period_exit,2010-01-04
2011-01-03,GCEHD,0.6666667461395264,hold_period_exit,2010-01-04
2011-01-03,GCEHQ,0.6666666269302368,hold_period_exit,2010-01-04
2011-01-03,GCA,-0.5808863083535116,hold_period_exit,2010-01-04
2011-01-03,GDEN,0.14560586054668523,hold_period_exit,2010-01-04
2011-01-03,GDPM,-0.2724371738675718,hold_period_exit,2010-01-04
2011-01-03,GEN1,-0.3451776068720209,hold_period_exit,2010-01-04
2011-01-03,GENTY,2.283720846157772,hold_period_exit,2010-01-04
2011-01-03,GEOI,0.6220196046500914,hold_period_exit,2010-01-04
2011-01-03,GEOY,0.46341687289637146,hold_period_exit,2010-01-04
2011-01-03,GEOKQ,0.0020641434019761373,hold_period_exit,2010-01-04
2011-01-03,GFED,-0.06298023462295532,hold_period_exit,2010-01-04
2011-01-03,GEVA,-0.044943743336555486,hold_period_exit,2010-01-04
2011-01-03,GFN,0.46467577572167507,hold_period_exit,2010-01-04
2011-01-03,GHDX,0.09373381106922118,hold_period_exit,2010-01-04
2011-01-03,GIG1,0.4750001345563395,hold_period_exit,2010-01-04
2011-01-03,GIGAD,-0.20420420169830322,hold_period_exit,2010-01-04
2011-01-03,GIVN,-0.1805555237249915,hold_period_exit,2010-01-04
2011-01-03,GKI,-0.2999999305305515,hold_period_exit,2010-01-04
2011-01-03,GKNT,0.8560057399399545,hold_period_exit,2010-01-04
2011-01-03,GLBC,-0.10568554787885176,hold_period_exit,2010-01-04
2011-01-03,GLBL_old1,-0.12311559224585467,hold_period_exit,2010-01-04
2011-01-03,GLCH,-0.43236965010931416,hold_period_exit,2010-01-04
2011-01-03,GLDC,-0.039894705037764044,hold_period_exit,2010-01-04
2011-01-03,GLG_old,0.30903780460357666,hold_period_exit,2010-01-04
2011-01-03,GLT,0.018512527458312666,hold_period_exit,2010-01-04
2011-01-03,GMO,1.7724147832582005,hold_period_exit,2010-01-04
2011-01-03,GMOL,1.7724147832582005,hold_period_exit,2010-01-04
2011-01-03,GMOLQ,1.7724147832582005,hold_period_exit,2010-01-04
2011-01-03,GMXRQ,-0.5727272450163954,hold_period_exit,2010-01-04
2011-01-03,GNI,0.48541120836608953,hold_period_exit,2010-01-04
2011-01-03,GNVC,-0.6124730873309183,hold_period_exit,2010-01-04
2011-01-03,GPIC,0.12610377783786308,hold_period_exit,2010-01-04
2011-01-03,GQMNF,1.860000097774436,hold_period_exit,2010-01-04
2011-01-03,GR,2.1027915477752686,hold_period_exit,2010-01-04
2011-01-03,GPOR_old,0.7724439901970885,hold_period_exit,2010-01-04
2011-01-03,GPORQ,0.7724439901970885,hold_period_exit,2010-01-04
2011-01-03,GRA,0.38663260537183786,hold_period_exit,2010-01-04
2011-01-03,GPX,0.4000000285655769,hold_period_exit,2010-01-04
2011-01-03,GRMS,1.2281640523302184,hold_period_exit,2010-01-04
2011-01-03,GRNB1,-0.06702414680737068,hold_period_exit,2010-01-04
2011-01-03,GRO_old,-0.37239634557556756,hold_period_exit,2010-01-04
2011-01-03,GRT,2.194814695170251,hold_period_exit,2010-01-04
2011-01-03,GSI,-0.40571677479180523,hold_period_exit,2010-01-04
2011-01-03,GSIC,-0.10730770456716565,hold_period_exit,2010-01-04
2011-01-03,GSKNF,-0.4119789066982822,hold_period_exit,2010-01-04
2011-01-03,GTI_old,0.28033217097308816,hold_period_exit,2010-01-04
2011-01-03,GTTN,0.08333325386047363,hold_period_exit,2010-01-04
2011-01-03,GV_old,-0.2325580791399825,hold_period_exit,2010-01-04
2011-01-03,GYMB,0.48670148849487305,hold_period_exit,2010-01-04
2011-01-03,HBP,0.14962332994022698,hold_period_exit,2010-01-04
2011-01-03,HDNG,0.7400204349598223,hold_period_exit,2010-01-04
2011-01-03,HDYN,4.347480526715235,hold_period_exit,2010-01-04
2011-01-03,HEOP,-0.3399001744826079,hold_period_exit,2010-01-04
2011-01-03,HEP,0.37307627485284733,hold_period_exit,2010-01-04
2011-01-03,HFFC,0.18233614103463558,hold_period_exit,2010-01-04
2011-01-03,HGG,-0.038442341634141064,hold_period_exit,2010-01-04
2011-01-03,HGGGQ,-0.038442341634141064,hold_period_exit,2010-01-04
2011-01-03,HGSH,-0.36181295180326756,hold_period_exit,2010-01-04
2011-01-03,HGSI,-0.23432024438508525,hold_period_exit,2010-01-04
2011-01-03,HH,-0.17054259777069092,hold_period_exit,2010-01-04
2011-01-03,HILL,-0.0944724935424549,hold_period_exit,2010-01-04
2011-01-03,HITK,-0.13804717422850465,hold_period_exit,2010-01-04
2011-01-03,HI,0.1295579406258045,hold_period_exit,2010-01-04
2011-01-03,HMBL,-0.9333333316691426,hold_period_exit,2010-01-04
2011-01-03,HLS,0.07336610526026655,hold_period_exit,2010-01-04
2011-01-03,HMNF,-0.3005122276684158,hold_period_exit,2010-01-04
2011-01-03,HMSY,0.24764959985935175,hold_period_exit,2010-01-04
2011-01-03,HNGR,0.4815116952184648,hold_period_exit,2010-01-04
2011-01-03,HOKU,-0.05318127202693945,hold_period_exit,2010-01-04
2011-01-03,HOLI,0.29053629480729315,hold_period_exit,2010-01-04
2011-01-03,HPJ,-0.5858907270436182,hold_period_exit,2010-01-04
2011-01-03,HPOL,-0.008264371164196427,hold_period_exit,2010-01-04
2011-01-03,HPPI,-0.8892857089294913,hold_period_exit,2010-01-04
2011-01-03,HRBN,-0.20470399821491958,hold_period_exit,2010-01-04
2011-01-03,HS,0.5219323051971516,hold_period_exit,2010-01-04
2011-01-03,HRC,0.6456084888341755,hold_period_exit,2010-01-04
2011-01-03,HSKA,-0.25862252712249756,hold_period_exit,2010-01-04
2011-01-03,HTBK,0.0815105282273334,hold_period_exit,2010-01-04
2011-01-03,HTWR,1.4504629832883893,hold_period_exit,2010-01-04
2011-01-03,HW,-0.2763744661356454,hold_period_exit,2010-01-04
2011-01-03,HYGS,-0.9856130454473797,hold_period_exit,2010-01-04
2011-01-03,IBCA_old,-0.08187810912324534,hold_period_exit,2010-01-04
2011-01-03,ICGE,1.0951686163126162,hold_period_exit,2010-01-04
2011-01-03,ICON_old,0.5567653524676861,hold_period_exit,2010-01-04
2011-01-03,IDIX,1.3205129590767886,hold_period_exit,2010-01-04
2011-01-03,IDSY,0.02483017119516373,hold_period_exit,2010-01-04
2011-01-03,IGCC,-0.5936511147642203,hold_period_exit,2010-01-04
2011-01-03,IGTE,0.9032388450669633,hold_period_exit,2010-01-04
2011-01-03,IIJI,0.5403701683517297,hold_period_exit,2010-01-04
2011-01-03,IIN,0.3493590936163533,hold_period_exit,2010-01-04
2011-01-03,IILG,0.2674702674330398,hold_period_exit,2010-01-04
2011-01-03,IMBI,0.12698802647322993,hold_period_exit,2010-01-04
2011-01-03,IMBIQ,0.12698802647322993,hold_period_exit,2010-01-04
2011-01-03,IMH,-0.23153528146047841,hold_period_exit,2010-01-04
2011-01-03,IMMU,0.041960709004643215,hold_period_exit,2010-01-04
2011-01-03,IMPHO,-0.2153846025466919,hold_period_exit,2010-01-04
2011-01-03,IMPM,-0.23153528146047841,hold_period_exit,2010-01-04
2011-01-03,IN,-0.02900031468547415,hold_period_exit,2010-01-04
2011-01-03,INFI,-0.09420159468273293,hold_period_exit,2010-01-04
2011-01-03,INFIQ,-0.09420159468273293,hold_period_exit,2010-01-04
2011-01-03,INOC,-0.18124999265626118,hold_period_exit,2010-01-04
2011-01-03,INVI,-0.3384614455189858,hold_period_exit,2010-01-04
2011-01-03,IPAS,0.20574171918975948,hold_period_exit,2010-01-04
2011-01-03,IRC,0.16800987137609336,hold_period_exit,2010-01-04
2011-01-03,IRIS,-0.12831125073856364,hold_period_exit,2010-01-04
2011-01-03,IRLD,-0.4693877696990967,hold_period_exit,2010-01-04
2011-01-03,ISH,-0.1465058690656016,hold_period_exit,2010-01-04
2011-01-03,ISHC,-0.19664148280575555,hold_period_exit,2010-01-04
2011-01-03,ISRL_old,0.136519818447026,hold_period_exit,2010-01-04
2011-01-03,ISTA,0.09957643329253152,hold_period_exit,2010-01-04
2011-01-03,ISSI,0.4290541495323257,hold_period_exit,2010-01-04
2011-01-03,ISIS,-0.09255557592877417,hold_period_exit,2010-01-04
2011-01-03,ITPOF,-0.5831324966335001,hold_period_exit,2010-01-04
2011-01-03,IXYS,0.5549237150346236,hold_period_exit,2010-01-04
2011-01-03,JAH,0.020936767065179884,hold_period_exit,2010-01-04
2011-01-03,JASO,0.19576280848643357,hold_period_exit,2010-01-04
2011-01-03,JCG,-0.02474653816049166,hold_period_exit,2010-01-04
2011-01-03,JDAS,0.09584854630879724,hold_period_exit,2010-01-04
2011-01-03,JCS,0.03839097568953953,hold_period_exit,2010-01-04
2011-01-03,JMBA,0.28248588557192256,hold_period_exit,2010-01-04
2011-01-03,JNP,0.9242958721722221,hold_period_exit,2010-01-04
2011-01-03,JNY,-0.02447975714139905,hold_period_exit,2010-01-04
2011-01-03,JRCCQ,0.30324556189213814,hold_period_exit,2010-01-04
2011-01-03,JRJC,-0.1288136595804369,hold_period_exit,2010-01-04
2011-01-03,JRN,0.2599243153243975,hold_period_exit,2010-01-04
2011-01-03,JRJCY,-0.12881360606480052,hold_period_exit,2010-01-04
2011-01-03,KBXRF,-0.06409809692785395,hold_period_exit,2010-01-04
2011-01-03,KENT,2.8150290922277685,hold_period_exit,2010-01-04
2011-01-03,KERX,0.9043327874279647,hold_period_exit,2010-01-04
2011-01-03,KEYN,0.34990130630300675,hold_period_exit,2010-01-04
2011-01-03,KIRK,-0.22169448216535137,hold_period_exit,2010-01-04
2011-01-03,KITDQ,0.5358116398503994,hold_period_exit,2010-01-04
2011-01-03,KNSY,0.09083972275159291,hold_period_exit,2010-01-04
2011-01-03,KONA,0.43855992329065097,hold_period_exit,2010-01-04
2011-01-03,KONA_old,0.43855992329065097,hold_period_exit,2010-01-04
2011-01-03,KONAQ,0.43855992329065097,hold_period_exit,2010-01-04
2011-01-03,KSIX,-0.48000001907348633,hold_period_exit,2010-01-04
2011-01-03,KSPN,0.11029353072411352,hold_period_exit,2010-01-04
2011-01-03,KTEC_old,0.48071990076044946,hold_period_exit,2010-01-04
2011-01-03,KWK,-0.06297223184617506,hold_period_exit,2010-01-04
2011-01-03,KWKAQ,-0.06297223184617506,hold_period_exit,2010-01-04
2011-01-03,KW,0.10715148658375928,hold_period_exit,2010-01-04
2011-01-03,LANC,0.17318878812895266,hold_period_exit,2010-01-04
2011-01-03,LBMH,-0.4391966463439997,hold_period_exit,2010-01-04
2011-01-03,LBAI,0.865691446096013,hold_period_exit,2010-01-04
2011-01-03,LCAV,0.048192906644391575,hold_period_exit,2010-01-04
2011-01-03,LCRY,2.196629453302472,hold_period_exit,2010-01-04
2011-01-03,LEAP_old,-0.29010054743366953,hold_period_exit,2010-01-04
2011-01-03,LGTY,0.21185764495099568,hold_period_exit,2010-01-04
2011-01-03,LIWA,0.05245852006999541,hold_period_exit,2010-01-04
2011-01-03,LMST,-0.21529784412624697,hold_period_exit,2010-01-04
2011-01-03,LNBB,0.174117607017525,hold_period_exit,2010-01-04
2011-01-03,LNETQ,-0.19259250691594532,hold_period_exit,2010-01-04
2011-01-03,LOCM,0.12849660533123153,hold_period_exit,2010-01-04
2011-01-03,LOCMQ,0.12849660533123153,hold_period_exit,2010-01-04
2011-01-03,LNW,-0.31877945429808974,hold_period_exit,2010-01-04
2011-01-03,LOOP1,0.08011565620429795,hold_period_exit,2010-01-04
2011-01-03,LPHI,-0.014120558792185656,hold_period_exit,2010-01-04
2011-01-03,LPIH,-0.08191124506153369,hold_period_exit,2010-01-04
2011-01-03,LSBG,0.38087840315295485,hold_period_exit,2010-01-04
2011-01-03,LSE_old,0.39874283356492013,hold_period_exit,2010-01-04
2011-01-03,LVB,0.2435106379641947,hold_period_exit,2010-01-04
2011-01-03,LVLT,-0.35403721810510336,hold_period_exit,2010-01-04
2011-01-03,LWSN,0.3494576789937569,hold_period_exit,2010-01-04
2011-01-03,MAG,1.0574730369803396,hold_period_exit,2010-01-04
2011-01-03,MAKO_old,0.28133226362824315,hold_period_exit,2010-01-04
2011-01-03,MAMS,1.0000001038784356,hold_period_exit,2010-01-04
2011-01-03,MASC,2.547756465487383,hold_period_exit,2010-01-04
2011-01-03,MATR,-0.03448267041271369,hold_period_exit,2010-01-04
2011-01-03,MAXD,-0.9189189076423645,hold_period_exit,2010-01-04
2011-01-03,MBRG,0.1770446502925367,hold_period_exit,2010-01-04
2011-01-03,MBVX,0.05194813812064547,hold_period_exit,2010-01-04
2011-01-03,MCBC,0.9222537624874529,hold_period_exit,2010-01-04
2011-01-03,MCRL,0.584352170514489,hold_period_exit,2010-01-04
2011-01-03,MDAS,-0.04178944151984909,hold_period_exit,2010-01-04
2011-01-03,MDCI,-0.3909820932994219,hold_period_exit,2010-01-04
2011-01-03,MDF,1.2392742826034646,hold_period_exit,2010-01-04
2011-01-03,MDIT,-0.7727272609229051,hold_period_exit,2010-01-04
2011-01-03,MDCA,1.1224627416852586,hold_period_exit,2010-01-04
2011-01-03,MDTH,0.7925503754583476,hold_period_exit,2010-01-04
2011-01-03,MDP,0.21167632343264087,hold_period_exit,2010-01-04
2011-01-03,MDVN,-0.5793463882208949,hold_period_exit,2010-01-04
2011-01-03,MDWCQ,0.08333345398525616,hold_period_exit,2010-01-04
2011-01-03,MEA,0.15280462924269167,hold_period_exit,2010-01-04
2011-01-03,MECK,0.4709978502129759,hold_period_exit,2010-01-04
2011-01-03,MEDQ,0.2697135312318353,hold_period_exit,2010-01-04
2011-01-03,MEDW,0.4986413271493868,hold_period_exit,2010-01-04
2011-01-03,MEET,0.051546335220336914,hold_period_exit,2010-01-04
2011-01-03,MENT,0.3132034873459002,hold_period_exit,2010-01-04
2011-01-03,MFGLQ,0.18670447009016766,hold_period_exit,2010-01-04
2011-01-03,MFLX_old,-0.06329373271983296,hold_period_exit,2010-01-04
2011-01-03,MFSF,0.6649250254467343,hold_period_exit,2010-01-04
2011-01-03,MFW,-0.40524994204009335,hold_period_exit,2010-01-04
2011-01-03,MGLN,0.1367778089097167,hold_period_exit,2010-01-04
2011-01-03,MHGC,0.9829061462717184,hold_period_exit,2010-01-04
2011-01-03,MHLD,0.11116364520330024,hold_period_exit,2010-01-04
2011-01-03,MIG_old,0.3945865373314117,hold_period_exit,2010-01-04
2011-01-03,MIFI,0.16357099780519646,hold_period_exit,2010-01-04
2011-01-03,MINI,0.3625872743106078,hold_period_exit,2010-01-04
2011-01-03,MIR_old,-0.32576245069503784,hold_period_exit,2010-01-04
2011-01-03,MNTG,0.5447972956487714,hold_period_exit,2010-01-04
2011-01-03,MNTX,0.9498020116996007,hold_period_exit,2010-01-04
2011-01-03,MNTA,0.19984154416445987,hold_period_exit,2010-01-04
2011-01-03,MODV,0.028562292180856597,hold_period_exit,2010-01-04
2011-01-03,MPG1,0.9225809458268597,hold_period_exit,2010-01-04
2011-01-03,MPW,0.17401209012332708,hold_period_exit,2010-01-04
2011-01-03,MRH,0.17428195289143789,hold_period_exit,2010-01-04
2011-01-03,MRT1,1.1590911040123926,hold_period_exit,2010-01-04
2011-01-03,MRVC,1.0714038904672298,hold_period_exit,2010-01-04
2011-01-03,MSL,0.11327459358016068,hold_period_exit,2010-01-04
2011-01-03,MSON,0.35227294927203046,hold_period_exit,2010-01-04
2011-01-03,MSSR,0.2549800815422132,hold_period_exit,2010-01-04
2011-01-03,MTL,0.5287612128968637,hold_period_exit,2010-01-04
2011-01-03,MTOX,0.810623989136527,hold_period_exit,2010-01-04
2011-01-03,MTSN,-0.19812651584498253,hold_period_exit,2010-01-04
2011-01-03,NAFC,0.1504661497056905,hold_period_exit,2010-01-04
2011-01-03,NAVG,0.07254324782030719,hold_period_exit,2010-01-04
2011-01-03,NAV,0.42019406485792987,hold_period_exit,2010-01-04
2011-01-03,NCS,-0.7469879388809204,hold_period_exit,2010-01-04
2011-01-03,NDZ,0.5056491684739359,hold_period_exit,2010-01-04
2011-01-03,NEPHD,-0.8815590132024845,hold_period_exit,2010-01-04
2011-01-03,NEWS,1.6767484087557754,hold_period_exit,2010-01-04
2011-01-03,NEWN,0.07015482272359996,hold_period_exit,2010-01-04
2011-01-03,NGSX,-0.1707150052118852,hold_period_exit,2010-01-04
2011-01-03,NHLD,-0.5526315569877625,hold_period_exit,2010-01-04
2011-01-03,NICK,0.48078374014628444,hold_period_exit,2010-01-04
2011-01-03,NM,-0.11233222922676378,hold_period_exit,2010-01-04
2011-01-03,NOTV,1.2717331225147035,hold_period_exit,2010-01-04
2011-01-03,NOVB,-0.14766239615761456,hold_period_exit,2010-01-04
2011-01-03,NOVL,0.4114161171417503,hold_period_exit,2010-01-04
2011-01-03,NPSP,1.3126936804215688,hold_period_exit,2010-01-04
2011-01-03,NSH_old,0.32878483549584203,hold_period_exit,2010-01-04
2011-01-03,NSPH,-0.326947809603251,hold_period_exit,2010-01-04
2011-01-03,NS,0.2978087400893177,hold_period_exit,2010-01-04
2011-01-03,NSTC_old,0.1420455483540648,hold_period_exit,2010-01-04
2011-01-03,NTP,0.2317025079523829,hold_period_exit,2010-01-04
2011-01-03,NTUS,-0.041331973395383415,hold_period_exit,2010-01-04
2011-01-03,NUVA,-0.18841449043631753,hold_period_exit,2010-01-04
2011-01-03,NVLN,0.5682728748412049,hold_period_exit,2010-01-04
2011-01-03,NVLS1,0.3379942956160422,hold_period_exit,2010-01-04
2011-01-03,NWK,0.15269254316459202,hold_period_exit,2010-01-04
2011-01-03,NWIN,-0.0878366031790837,hold_period_exit,2010-01-04
2011-01-03,NYMX,0.7225951956719976,hold_period_exit,2010-01-04
2011-01-03,NYNY_old,-0.5755713537056506,hold_period_exit,2010-01-04
2011-01-03,NXTM,1.9358835736691073,hold_period_exit,2010-01-04
2011-01-03,OA,-0.17310664415705446,hold_period_exit,2010-01-04
2011-01-03,OBCI,0.8160266350517187,hold_period_exit,2010-01-04
2011-01-03,OBQI,-0.6280991943732338,hold_period_exit,2010-01-04
2011-01-03,OCAT,1.3000000863482049,hold_period_exit,2010-01-04
2011-01-03,OCLR,0.7264516394829583,hold_period_exit,2010-01-04
2011-01-03,ODP,-0.0961234656487785,hold_period_exit,2010-01-04
2011-01-03,OKSB,0.8014086998788075,hold_period_exit,2010-01-04
2011-01-03,OLCB,0.23287665843963623,hold_period_exit,2010-01-04
2011-01-03,OLBK,0.32814412734993836,hold_period_exit,2010-01-04
2011-01-03,OMNT,-0.6724137789433593,hold_period_exit,2010-01-04
2011-01-03,OMPI,-0.04864437660751142,hold_period_exit,2010-01-04
2011-01-03,OMX,0.37945646320649074,hold_period_exit,2010-01-04
2011-01-03,ONP,-0.5008346760403348,hold_period_exit,2010-01-04
2011-01-03,OOGI,-0.8774509710513053,hold_period_exit,2010-01-04
2011-01-03,OPAY,-0.2671932508135957,hold_period_exit,2010-01-04
2011-01-03,OPLK,0.1648979028269939,hold_period_exit,2010-01-04
2011-01-03,ORBK,0.3986840873991915,hold_period_exit,2010-01-04
2011-01-03,OREX,0.21910135743524362,hold_period_exit,2010-01-04
2011-01-03,OPOF,-0.2534984583282739,hold_period_exit,2010-01-04
2011-01-03,OREXQ,0.21910135743524362,hold_period_exit,2010-01-04
2011-01-03,OSIR,0.045365034231599655,hold_period_exit,2010-01-04
2011-01-03,OSGIQ,-0.20786386988470074,hold_period_exit,2010-01-04
2011-01-03,OSTK,0.19729271876554533,hold_period_exit,2010-01-04
2011-01-03,OTIVF,0.9855725449433035,hold_period_exit,2010-01-04
2011-01-03,OTIV,0.9855725449433035,hold_period_exit,2010-01-04
2011-01-03,OUTD,0.3065345764634837,hold_period_exit,2010-01-04
2011-01-03,OUTR,0.9803901221629714,hold_period_exit,2010-01-04
2011-01-03,OVRL,-0.3759162181924435,hold_period_exit,2010-01-04
2011-01-03,OWW,-0.3037323147295051,hold_period_exit,2010-01-04
2011-01-03,PAET,-0.14436656817464666,hold_period_exit,2010-01-04
2011-01-03,PACW,0.059888284409045145,hold_period_exit,2010-01-04
2011-01-03,PARL,0.42995181574625074,hold_period_exit,2010-01-04
2011-01-03,PBIB,-0.21321493401237912,hold_period_exit,2010-01-04
2011-01-03,PBOX,-0.19387751817703247,hold_period_exit,2010-01-04
2011-01-03,PBTH,1.9515504479494927,hold_period_exit,2010-01-04
2011-01-03,PBY1,0.6002748364795323,hold_period_exit,2010-01-04
2011-01-03,PCMI,0.39926085843958936,hold_period_exit,2010-01-04
2011-01-03,PCOM,0.7686959697762761,hold_period_exit,2010-01-04
2011-01-03,PCXCQ,0.17341044515442183,hold_period_exit,2010-01-04
2011-01-03,PCYC,1.0920940326652695,hold_period_exit,2010-01-04
2011-01-03,PCYG,0.5135216374443521,hold_period_exit,2010-01-04
2011-01-03,PDCE,1.262390818952396,hold_period_exit,2010-01-04
2011-01-03,PENX,-0.356456711659198,hold_period_exit,2010-01-04
2011-01-03,PERF_old,0.26179302598173737,hold_period_exit,2010-01-04
2011-01-03,PFBI,0.008170657720384833,hold_period_exit,2010-01-04
2011-01-03,PFSW,1.5341122737771,hold_period_exit,2010-01-04
2011-01-03,PGI,-0.17078914047906002,hold_period_exit,2010-01-04
2011-01-03,PGTI,0.19811331871534654,hold_period_exit,2010-01-04
2011-01-03,PHMD,-0.011957785857558578,hold_period_exit,2010-01-04
2011-01-03,PHX,0.04841045245868458,hold_period_exit,2010-01-04
2011-01-03,PIKE,-0.08908400404791617,hold_period_exit,2010-01-04
2011-01-03,PKY1,-0.13969478065129348,hold_period_exit,2010-01-04
2011-01-03,PLCM,0.5218136069749171,hold_period_exit,2010-01-04
2011-01-03,PLFE,0.13081086882830473,hold_period_exit,2010-01-04
2011-01-03,PLM,-0.28308174243639705,hold_period_exit,2010-01-04
2011-01-03,PLXT,0.05042024024785974,hold_period_exit,2010-01-04
2011-01-03,PMD,0.13336867254459484,hold_period_exit,2010-01-04
2011-01-03,PNNW,0.2783574290191104,hold_period_exit,2010-01-04
2011-01-03,PNSN,-0.47501095141061056,hold_period_exit,2010-01-04
2011-01-03,PNTR,-0.06716410017749941,hold_period_exit,2010-01-04
2011-01-03,POL_old,0.7471649590086515,hold_period_exit,2010-01-04
2011-01-03,POWR_old,0.0545212713365848,hold_period_exit,2010-01-04
2011-01-03,PPBI,0.8241506714712867,hold_period_exit,2010-01-04
2011-01-03,PRA,0.1298585678208357,hold_period_exit,2010-01-04
2011-01-03,PRET,0.8037371354436622,hold_period_exit,2010-01-04
2011-01-03,PRGN,-0.2804390098539159,hold_period_exit,2010-01-04
2011-01-03,PRETQ,0.803734044990694,hold_period_exit,2010-01-04
2011-01-03,PRGX,0.08254827437500523,hold_period_exit,2010-01-04
2011-01-03,PROJ,-0.11420121013293771,hold_period_exit,2010-01-04
2011-01-03,PRSG,0.6506411725746206,hold_period_exit,2010-01-04
2011-01-03,PRSN,1.4783882716009726,hold_period_exit,2010-01-04
2011-01-03,PRSC,0.028562292180856597,hold_period_exit,2010-01-04
2011-01-03,PRTX,1.2000000921916154,hold_period_exit,2010-01-04
2011-01-03,PRX,0.3956697595089458,hold_period_exit,2010-01-04
2011-01-03,PRXI_old,0.26877540088046703,hold_period_exit,2010-01-04
2011-01-03,PSE,0.3100051608202643,hold_period_exit,2010-01-04
2011-01-03,PSID,-0.442642512854568,hold_period_exit,2010-01-04
2011-01-03,PSS,-0.07751239134850596,hold_period_exit,2010-01-04
2011-01-03,PSYS1,0.572829008102417,hold_period_exit,2010-01-04
2011-01-03,PTGEF,-0.3499999827955065,hold_period_exit,2010-01-04
2011-01-03,PTNR,0.18432261383829207,hold_period_exit,2010-01-04
2011-01-03,PTNRY,0.2400019804854705,hold_period_exit,2010-01-04
2011-01-03,PTP,0.17080762151532425,hold_period_exit,2010-01-04
2011-01-03,PTSI,0.09678299492929177,hold_period_exit,2010-01-04
2011-01-03,PTVCA,0.09936404228210449,hold_period_exit,2010-01-04
2011-01-03,PTVCB,0.06540937863663165,hold_period_exit,2010-01-04
2011-01-03,PULB,0.21733550504251808,hold_period_exit,2010-01-04
2011-01-03,PULS1,0.16041616456113728,hold_period_exit,2010-01-04
2011-01-03,PVFC,-0.01004354944165975,hold_period_exit,2010-01-04
2011-01-03,PVA,-0.19563881055597143,hold_period_exit,2010-01-04
2011-01-03,PVAHQ,-0.20451530890705827,hold_period_exit,2010-01-04
2011-01-03,PZG1,1.5741939035474228,hold_period_exit,2010-01-04
2011-01-03,QCOR,2.0420319744864197,hold_period_exit,2010-01-04
2011-01-03,PYX,-0.14313720217328552,hold_period_exit,2010-01-04
2011-01-03,QLGC,-0.08975707734774507,hold_period_exit,2010-01-04
2011-01-03,QLTY_old,1.2428943638874412,hold_period_exit,2010-01-04
2011-01-03,RADA,-0.012766003608703613,hold_period_exit,2010-01-04
2011-01-03,RAD,-0.39635489609052676,hold_period_exit,2010-01-04
2011-01-03,RADCQ,-0.3963548873032344,hold_period_exit,2010-01-04
2011-01-03,RCPI,1.6891894377453611,hold_period_exit,2010-01-04
2011-01-03,RDEN,0.6432991393088765,hold_period_exit,2010-01-04
2011-01-03,REDF,0.9711559448276634,hold_period_exit,2010-01-04
2011-01-03,REIS,0.0606876716846243,hold_period_exit,2010-01-04
2011-01-03,RELYQ,0.08571431687724895,hold_period_exit,2010-01-04
2011-01-03,REN,0.2749787338190235,hold_period_exit,2010-01-04
2011-01-03,REXX,0.05204975612615437,hold_period_exit,2010-01-04
2011-01-03,RGRXD,-0.6487761471128877,hold_period_exit,2010-01-04
2011-01-03,RLH,0.6441075381703707,hold_period_exit,2010-01-04
2011-01-03,RLOG,0.4854244561284182,hold_period_exit,2010-01-04
2011-01-03,RLOGQ,0.4854244561284182,hold_period_exit,2010-01-04
2011-01-03,RLRN,0.007840303684827132,hold_period_exit,2010-01-04
2011-01-03,RMTR,0.7683938218269009,hold_period_exit,2010-01-04
2011-01-03,RNOW,0.3551455253059188,hold_period_exit,2010-01-04
2011-01-03,ROCM,-0.030068730960964296,hold_period_exit,2010-01-04
2011-01-03,ROHIQ,3.7299179541757272,hold_period_exit,2010-01-04
2011-01-03,ROIC,0.006838341371154799,hold_period_exit,2010-01-04
2011-01-03,ROICW,-0.3595344576295679,hold_period_exit,2010-01-04
2011-01-03,ROX,-0.028571392713244825,hold_period_exit,2010-01-04
2011-01-03,RPTP,0.8460402717364099,hold_period_exit,2010-01-04
2011-01-03,RSH,-0.0519306397277286,hold_period_exit,2010-01-04
2011-01-03,RSO,0.7034970958036173,hold_period_exit,2010-01-04
2011-01-03,RVLT,-0.38151862963102856,hold_period_exit,2010-01-04
2011-01-03,SAAS,0.14028785322843373,hold_period_exit,2010-01-04
2011-01-03,SAJA,-0.2886699191170147,hold_period_exit,2010-01-04
2011-01-03,SAFM,-0.07180651240225078,hold_period_exit,2010-01-04
2011-01-03,SATCQ,0.6808511229514547,hold_period_exit,2010-01-04
2011-01-03,SATS,0.28697344402830605,hold_period_exit,2010-01-04
2011-01-03,SCEI,0.36862762637944013,hold_period_exit,2010-01-04
2011-01-03,SCHSQ,-0.41769228446059603,hold_period_exit,2010-01-04
2011-01-03,SCLN,0.645442720622917,hold_period_exit,2010-01-04
2011-01-03,SCOND,-0.413547487785614,hold_period_exit,2010-01-04
2011-01-03,SCS,0.6285028231106526,hold_period_exit,2010-01-04
2011-01-03,SCSS,0.4946890792964138,hold_period_exit,2010-01-04
2011-01-03,SEH,-0.11225441603595876,hold_period_exit,2010-01-04
2011-01-03,SDOC,-0.26482207700742844,hold_period_exit,2010-01-04
2011-01-03,SES_old,0.2083334466809934,hold_period_exit,2010-01-04
2011-01-03,SFN_old,0.6612110735922689,hold_period_exit,2010-01-04
2011-01-03,SFSF,0.6264448256459003,hold_period_exit,2010-01-04
2011-01-03,SFLY,0.934553581372084,hold_period_exit,2010-01-04
2011-01-03,SGK,0.5155910268264843,hold_period_exit,2010-01-04
2011-01-03,SGEN,0.4791272137486531,hold_period_exit,2010-01-04
2011-01-03,SGS,-0.3664273034580249,hold_period_exit,2010-01-04
2011-01-03,SGMS,-0.31877945429808974,hold_period_exit,2010-01-04
2011-01-03,SHFL,0.3414072477560026,hold_period_exit,2010-01-04
2011-01-03,SHLO,1.598722387262288,hold_period_exit,2010-01-04
2011-01-03,SHS,1.5045794637202499,hold_period_exit,2010-01-04
2011-01-03,SIGN,0.7241380214691162,hold_period_exit,2010-01-04
2011-01-03,SINA,0.5623697723230254,hold_period_exit,2010-01-04
2011-01-03,SIRO,0.2911154991019087,hold_period_exit,2010-01-04
2011-01-03,SKS,0.6338235897619113,hold_period_exit,2010-01-04
2011-01-03,SLI_old,1.0163428213067074,hold_period_exit,2010-01-04
2011-01-03,SLTM,0.4922393730460821,hold_period_exit,2010-01-04
2011-01-03,SMA_old,0.15040866199995673,hold_period_exit,2010-01-04
2011-01-03,SMED,-0.5671422875332811,hold_period_exit,2010-01-04
2011-01-03,SMTX,2.799905271571265,hold_period_exit,2010-01-04
2011-01-03,SNAK,0.8172132451388718,hold_period_exit,2010-01-04
2011-01-03,SNMX,0.8247617286113744,hold_period_exit,2010-01-04
2011-01-03,SNSTA,0.9867550134658813,hold_period_exit,2010-01-04
2011-01-03,SOA,0.7597654678345602,hold_period_exit,2010-01-04
2011-01-03,SNTA,0.11071610307830859,hold_period_exit,2010-01-04
2011-01-03,SNV,0.32019327484947024,hold_period_exit,2010-01-04
2011-01-03,SOMX,1.601787008928783,hold_period_exit,2010-01-04
2011-01-03,SP,0.18309048598010436,hold_period_exit,2010-01-04
2011-01-03,SPA,0.447641974471231,hold_period_exit,2010-01-04
2011-01-03,SPPI,0.5330597599373585,hold_period_exit,2010-01-04
2011-01-03,SQNM,0.8324210917734014,hold_period_exit,2010-01-04
2011-01-03,SPTN,0.23264293469972097,hold_period_exit,2010-01-04
2011-01-03,SRSL,0.21680217080026587,hold_period_exit,2010-01-04
2011-01-03,SRZ,0.7366673525157936,hold_period_exit,2010-01-04
2011-01-03,SSN,5.429192486252099,hold_period_exit,2010-01-04
2011-01-03,SSNYY,5.429192486252099,hold_period_exit,2010-01-04
2011-01-03,SSI,0.43486001371131944,hold_period_exit,2010-01-04
2011-01-03,SSUP,0.3898350054094266,hold_period_exit,2010-01-04
2011-01-03,STAR,1.9236665193711375,hold_period_exit,2010-01-04
2011-01-03,STEL_old,0.48839835190643965,hold_period_exit,2010-01-04
2011-01-03,STI-WS-B,0.4794521528035893,hold_period_exit,2010-01-04
2011-01-03,STV,0.13759970589551207,hold_period_exit,2010-01-04
2011-01-03,STON,0.6451055090687559,hold_period_exit,2010-01-04
2011-01-03,STVVY,0.13761020666038215,hold_period_exit,2010-01-04
2011-01-03,SUMR,0.6205810922242918,hold_period_exit,2010-01-04
2011-01-03,SUNH,0.394289879598404,hold_period_exit,2010-01-04
2011-01-03,SUPX_old2,-0.16093991855903078,hold_period_exit,2010-01-04
2011-01-03,SUSS,0.4919771504860937,hold_period_exit,2010-01-04
2011-01-03,SUP,0.3898350054094266,hold_period_exit,2010-01-04
2011-01-03,SVBLD,0.5802469452395931,hold_period_exit,2010-01-04
2011-01-03,SVNTQ,-0.18656583244249514,hold_period_exit,2010-01-04
2011-01-03,SVR,0.7148845933991221,hold_period_exit,2010-01-04
2011-01-03,SWKH,0.043844711571541684,hold_period_exit,2010-01-04
2011-01-03,SWS,-0.5623663077568757,hold_period_exit,2010-01-04
2011-01-03,SWHC,-0.10255550217568432,hold_period_exit,2010-01-04
2011-01-03,SYMM,0.3726937794989531,hold_period_exit,2010-01-04
2011-01-03,SYMX,0.2083334466809934,hold_period_exit,2010-01-04
2011-01-03,SYMSQ,-0.09004129086315649,hold_period_exit,2010-01-04
2011-01-03,SYKE,-0.1916898268534143,hold_period_exit,2010-01-04
2011-01-03,SYNM,-0.34286102895448367,hold_period_exit,2010-01-04
2011-01-03,SYNT,0.30430956894546113,hold_period_exit,2010-01-04
2011-01-03,SYUT,-0.0027777134125407388,hold_period_exit,2010-01-04
2011-01-03,SYNL,0.4496765592588514,hold_period_exit,2010-01-04
2011-01-03,TARO,0.5074667619257573,hold_period_exit,2010-01-04
2011-01-03,TAL1,1.3072704524414922,hold_period_exit,2010-01-04
2011-01-03,TAST,0.04381223611389551,hold_period_exit,2010-01-04
2011-01-03,TAYC,0.18142741127374418,hold_period_exit,2010-01-04
2011-01-03,TBLZ,-0.7875000238418579,hold_period_exit,2010-01-04
2011-01-03,TCP,0.5117101905117394,hold_period_exit,2010-01-04
2011-01-03,TCO,0.5170504932406894,hold_period_exit,2010-01-04
2011-01-03,TEAR,0.8599810543988178,hold_period_exit,2010-01-04
2011-01-03,TECU,0.1544715974990436,hold_period_exit,2010-01-04
2011-01-03,TECUA,0.051321990274635576,hold_period_exit,2010-01-04
2011-01-03,TESS,1.331804341467027,hold_period_exit,2010-01-04
2011-01-03,TEUM,0.6796039328547006,hold_period_exit,2010-01-04
2011-01-03,TEN_old,-0.2925940576222089,hold_period_exit,2010-01-04
2011-01-03,TGP,0.5003275842122239,hold_period_exit,2010-01-04
2011-01-03,THOR1,0.04694528818911747,hold_period_exit,2010-01-04
2011-01-03,TICC,0.78428710046584,hold_period_exit,2010-01-04
2011-01-03,TIE,0.2862913146908175,hold_period_exit,2010-01-04
2011-01-03,TIGR1,0.4890211909725526,hold_period_exit,2010-01-04
2011-01-03,TKLC,-0.2154838783575972,hold_period_exit,2010-01-04
2011-01-03,TLEO,0.17805033131935377,hold_period_exit,2010-01-04
2011-01-03,TLFA,0.18753716302563306,hold_period_exit,2010-01-04
2011-01-03,TLGT,1.1074396815552916,hold_period_exit,2010-01-04
2011-01-03,TNB,0.348908108229645,hold_period_exit,2010-01-04
2011-01-03,TNP,-0.2925964293911061,hold_period_exit,2010-01-04
2011-01-03,TNS,-0.22192332921144808,hold_period_exit,2010-01-04
2011-01-03,TOO,0.45268696280362253,hold_period_exit,2010-01-04
2011-01-03,TOX,0.8105732174091931,hold_period_exit,2010-01-04
2011-01-03,TPGI,0.3335554754015253,hold_period_exit,2010-01-04
2011-01-03,TRAK_old,0.048313454162123515,hold_period_exit,2010-01-04
2011-01-03,TPX,0.6692636902940452,hold_period_exit,2010-01-04
2011-01-03,TRGL,0.6382576171579537,hold_period_exit,2010-01-04
2011-01-03,TRIDQ,-0.035532982928600965,hold_period_exit,2010-01-04
2011-01-03,TRGT,0.30520368103805184,hold_period_exit,2010-01-04
2011-01-03,TRLG,0.1500001535474227,hold_period_exit,2010-01-04
2011-01-03,TRQ,0.49677570643216806,hold_period_exit,2010-01-04
2011-01-03,TSH,0.08804219768879618,hold_period_exit,2010-01-04
2011-01-03,TSCDD,0.01125566241205167,hold_period_exit,2010-01-04
2011-01-03,TSRE,-0.333393394947052,hold_period_exit,2010-01-04
2011-01-03,TST,0.11392999739883036,hold_period_exit,2010-01-04
2011-01-03,TSTC,-0.513258403570343,hold_period_exit,2010-01-04
2011-01-03,TUC,0.44980709308000355,hold_period_exit,2010-01-04
2011-01-03,TWMC,0.11029495807611234,hold_period_exit,2010-01-04
2011-01-03,TXI,0.29469008434311705,hold_period_exit,2010-01-04
2011-01-03,UGNEQ,-0.11615428391203164,hold_period_exit,2010-01-04
2011-01-03,UNXLQ,-0.07499992847442627,hold_period_exit,2010-01-04
2011-01-03,UOLI,0.5999999046325684,hold_period_exit,2010-01-04
2011-01-03,UPI,1.9930553561316362,hold_period_exit,2010-01-04
2011-01-03,UQM,-0.6479514364406784,hold_period_exit,2010-01-04
2011-01-03,URZ,2.119403007068124,hold_period_exit,2010-01-04
2011-01-03,UOLID,0.6000000238418579,hold_period_exit,2010-01-04
2011-01-03,USHS,0.9220165852958793,hold_period_exit,2010-01-04
2011-01-03,UTEK,0.2794457837277562,hold_period_exit,2010-01-04
2011-01-03,UTRA,-0.4191889025372463,hold_period_exit,2010-01-04
2011-01-03,USTR,0.09556490381323068,hold_period_exit,2010-01-04
2011-01-03,VALPQ,0.2987569074369194,hold_period_exit,2010-01-04
2011-01-03,VCBI,0.6720001760240151,hold_period_exit,2010-01-04
2011-01-03,VCI,0.7517354078285734,hold_period_exit,2010-01-04
2011-01-03,VELA,-0.9069398801200097,hold_period_exit,2010-01-04
2011-01-03,VGR,0.4184755494198664,hold_period_exit,2010-01-04
2011-01-03,VIAS,-0.06871607468405594,hold_period_exit,2010-01-04
2011-01-03,VKIN,0.0,hold_period_exit,2010-01-04
2011-01-03,VLNCQ,0.9239131518027697,hold_period_exit,2010-01-04
2011-01-03,VPHM,1.063731204240828,hold_period_exit,2010-01-04
2011-01-03,VQ,0.3671875856696061,hold_period_exit,2010-01-04
2011-01-03,VOXX,0.1772715480390885,hold_period_exit,2010-01-04
2011-01-03,VRML,-0.736310036543184,hold_period_exit,2010-01-04
2011-01-03,VRS_old,0.22680409071169794,hold_period_exit,2010-01-04
2011-01-03,VRSZQ,0.22680409071169794,hold_period_exit,2010-01-04
2011-01-03,VRTB,-0.3127961754798889,hold_period_exit,2010-01-04
2011-01-03,VRNT,0.6468248086243338,hold_period_exit,2010-01-04
2011-01-03,VSCP,1.0378717528192096,hold_period_exit,2010-01-04
2011-01-03,VTNR,0.030060240231472246,hold_period_exit,2010-01-04
2011-01-03,VTNRQ,0.030060240231472246,hold_period_exit,2010-01-04
2011-01-03,VTSS,-0.07407408952713013,hold_period_exit,2010-01-04
2011-01-03,VUOC,-0.14924231639476093,hold_period_exit,2010-01-04
2011-01-03,VVUS,0.025273883556052645,hold_period_exit,2010-01-04
2011-01-03,VVUSQ,0.025273883556052645,hold_period_exit,2010-01-04
2011-01-03,WAYSD,-0.9366197143378197,hold_period_exit,2010-01-04
2011-01-03,WBCO,0.150508229887943,hold_period_exit,2010-01-04
2011-01-03,WBSN,0.1323694504841313,hold_period_exit,2010-01-04
2011-01-03,WCAA,0.16967467332269304,hold_period_exit,2010-01-04
2011-01-03,WEB,0.28839527197305403,hold_period_exit,2010-01-04
2011-01-03,WCG,-0.1929018002039038,hold_period_exit,2010-01-04
2011-01-03,WDR,0.17658632707246924,hold_period_exit,2010-01-04
2011-01-03,WES2,0.5369434078766613,hold_period_exit,2010-01-04
2011-01-03,WEYL,-0.309999942779541,hold_period_exit,2010-01-04
2011-01-03,WETF,1.2105663289345556,hold_period_exit,2010-01-04
2011-01-03,WH1,-0.5683230184168316,hold_period_exit,2010-01-04
2011-01-03,WFD,0.06682866916225105,hold_period_exit,2010-01-04
2011-01-03,WIRE,0.2050040877711874,hold_period_exit,2010-01-04
2011-01-03,WLMS,0.13923728466033936,hold_period_exit,2010-01-04
2011-01-03,WLMSQ,0.13924062252044678,hold_period_exit,2010-01-04
2011-01-03,WLT,0.6368622776428374,hold_period_exit,2010-01-04
2011-01-03,WLTGQ,0.627120618020651,hold_period_exit,2010-01-04
2011-01-03,WMAR,0.2866791507619908,hold_period_exit,2010-01-04
2011-01-03,WLL,0.5253912210464478,hold_period_exit,2010-01-04
2011-01-03,WMCO,0.4030612326038423,hold_period_exit,2010-01-04
2011-01-03,WOLF_old1,-0.019083936632342646,hold_period_exit,2010-01-04
2011-01-03,WOLF_old2,0.1840242747535461,hold_period_exit,2010-01-04
2011-01-03,WRLS1,1.1749580063000966,hold_period_exit,2010-01-04
2011-01-03,WTT,0.19712327003233798,hold_period_exit,2010-01-04
2011-01-03,WWAY,-0.2478234149166021,hold_period_exit,2010-01-04
2011-01-03,WWWW,0.28839527197305403,hold_period_exit,2010-01-04
2011-01-03,XEC,0.6384821164914252,hold_period_exit,2010-01-04
2011-01-03,XOHO,0.1456805844476401,hold_period_exit,2010-01-04
2011-01-03,XRIT,0.9712894385918922,hold_period_exit,2010-01-04
2011-01-03,XRM,0.17647051811218262,hold_period_exit,2010-01-04
2011-01-03,XRSC,-0.2735962909155606,hold_period_exit,2010-01-04
2011-01-03,YONG,0.0267311937998278,hold_period_exit,2010-01-04
2011-01-03,YUANF,0.0833123737652206,hold_period_exit,2010-01-04
2011-01-03,YVR,0.09535962059082159,hold_period_exit,2010-01-04
2011-01-03,ZAAP,2.823529603863285,hold_period_exit,2010-01-04
2011-01-03,ZEP,0.14922058678620886,hold_period_exit,2010-01-04
2011-01-03,ZEUS,-0.1301800917977275,hold_period_exit,2010-01-04
2011-01-03,ZLC,0.3888889671585427,hold_period_exit,2010-01-04
2011-01-03,ZIOP,0.6004830235282843,hold_period_exit,2010-01-04
2011-01-03,ZQK,1.4241071588827898,hold_period_exit,2010-01-04
2011-01-03,ZQKSQ,1.4241071588827898,hold_period_exit,2010-01-04
2011-01-03,ZYXI,-0.4265827981984124,hold_period_exit,2010-01-04
2011-01-03,ZYXIQ,-0.4267497183937956,hold_period_exit,2010-01-04
2011-01-03,ZVO,0.25692576827917857,hold_period_exit,2010-01-04
2011-01-03,ZZ,-0.06562494422604415,hold_period_exit,2010-01-04
2011-01-10,SPMD1,-0.7439728988398662,hold_period_exit,2010-01-11
2011-01-11,ABKI,-0.22500000558793531,hold_period_exit,2010-01-12
2011-01-14,DGAS,0.16563802584633747,hold_period_exit,2010-01-15
2011-01-18,ENLK,0.5197200746927835,hold_period_exit,2010-01-19
2011-01-24,TPCG,2.307118515965349,hold_period_exit,2010-01-25
2011-02-07,DEXO,-0.8029284692781727,hold_period_exit,2010-02-08
2011-02-07,ELRC,0.41867534928128225,hold_period_exit,2010-02-08
2011-02-07,LXRP,1.275000031664967,hold_period_exit,2010-02-08
2011-02-11,IKGH,0.30882161883371473,hold_period_exit,2010-02-12
2011-02-11,LINU,0.3088136688348817,hold_period_exit,2010-02-12
2011-02-11,LINUF,0.3088115182478486,hold_period_exit,2010-02-12
2011-02-14,BREW_old,2.125744582443086,hold_period_exit,2010-02-16
2011-02-17,GLUU,2.467543788434799,hold_period_exit,2010-02-19
2011-03-04,BBND,-0.14630468532182483,hold_period_exit,2010-03-05
2011-03-07,ACW,-0.9011423555742976,hold_period_exit,2010-03-08
2011-03-07,PRTK,0.18504481191574973,hold_period_exit,2010-03-08
2011-03-07,ZIGO,0.3498667364169117,hold_period_exit,2010-03-08
2011-03-08,KFN,0.29391643555625624,hold_period_exit,2010-03-09
2011-03-09,XXIA,1.01807986442505,hold_period_exit,2010-03-10
2011-03-11,HBNK,0.27144304495222404,hold_period_exit,2010-03-12
2011-03-18,MOFG,0.18128307434927926,hold_period_exit,2010-03-19
2011-03-18,PTX,1.16571030069534,hold_period_exit,2010-03-19
2011-03-18,PTXTQ,1.1657103092257017,hold_period_exit,2010-03-19
2011-03-22,VITC,-0.5651080244225474,hold_period_exit,2010-03-23
2011-03-23,CLNH_old,-0.3808240513531259,hold_period_exit,2010-03-24
2011-03-25,PTMN,0.6058440276207255,hold_period_exit,2010-03-26
2011-03-28,KNWND,10.555269043626994,hold_period_exit,2010-03-29
2011-04-06,MSCC,0.26877235067523886,hold_period_exit,2010-04-08
2011-04-13,ORBC,0.4783271991966511,hold_period_exit,2010-04-15
2011-04-14,TLB,-0.6204059782140424,hold_period_exit,2010-04-16
2011-04-15,ERN,-0.5753962903790226,hold_period_exit,2010-04-19
2011-04-20,LYRI,-0.3499999569173431,hold_period_exit,2010-04-22
2011-04-28,ALR_old,-0.08021807951209337,hold_period_exit,2010-04-29
2011-04-29,PQ,1.273437617870516,hold_period_exit,2010-04-30
2011-04-29,PQUE,0.4721795243841278,hold_period_exit,2010-04-30
2011-04-29,PQUEQ,0.4726338810837345,hold_period_exit,2010-04-30
2011-05-06,ALIM,-0.20788532612864452,hold_period_exit,2010-05-07
2011-05-10,THRD_old,0.18410429071811052,hold_period_exit,2010-05-11
2011-05-12,IQNT,0.2088258414527835,hold_period_exit,2010-05-13
2011-05-13,DLGC,-0.08490566037735847,hold_period_exit,2010-05-14
2011-05-13,SNH,0.1417563357274234,hold_period_exit,2010-05-14
2011-05-16,EVBN,0.10637502024970114,hold_period_exit,2010-05-17
2011-05-19,CODE,0.08336754139750657,hold_period_exit,2010-05-20
2011-06-06,USU,-0.20705549182735394,hold_period_exit,2010-06-07
2011-06-23,BNCN,-0.28618042344749406,hold_period_exit,2010-06-24
2011-06-27,FURX,0.4870936605048377,hold_period_exit,2010-06-28
2011-07-14,KEYP,0.2988268145326842,hold_period_exit,2010-07-15
2011-07-15,ELMG,1.1288345420637191,hold_period_exit,2010-07-16
2011-07-19,TCAP,0.24293166613370465,hold_period_exit,2010-07-20
2011-07-20,FCCND,-0.15454543720592162,hold_period_exit,2010-07-21
2011-07-21,ATV,0.3538328697725479,hold_period_exit,2010-07-22
2011-08-03,CNBI,-0.42352941671457245,hold_period_exit,2010-08-04
2011-08-03,MHR,0.4385543107374392,hold_period_exit,2010-08-04
2011-08-08,LIA,-0.054079093009192225,hold_period_exit,2010-08-09
2011-08-10,OABC,0.2603932163737912,hold_period_exit,2010-08-11
2011-08-11,SSC,-0.10000000000000009,hold_period_exit,2010-08-12
2011-08-11,WCST,-0.10000000000000009,hold_period_exit,2010-08-12
2011-08-12,MCP,3.228284295442135,hold_period_exit,2010-08-13
2011-08-15,NCR,1.3233173191529297,hold_period_exit,2010-08-16
2011-08-15,TSRX,0.4825178690118963,hold_period_exit,2010-08-16
2011-08-19,ABBC,-0.21614472312529187,hold_period_exit,2010-08-20
2011-08-26,UNIS,-0.1428571428571429,hold_period_exit,2010-08-27
2011-09-08,KNXA,0.3210859206414074,hold_period_exit,2010-09-09
2011-09-14,OPRXD,0.0,hold_period_exit,2010-09-15
2011-09-19,ELRED,-0.9696969696969697,hold_period_exit,2010-09-20
2011-09-22,LKCO1,-0.48051948909809905,hold_period_exit,2010-09-23
2011-09-29,SFUN,-0.29779055369625373,hold_period_exit,2010-09-30
2011-10-07,AUTH,0.6262135911093478,hold_period_exit,2010-10-08
2011-10-07,CPPRQ,-0.10957221266167105,hold_period_exit,2010-10-08
2011-10-07,ELNK,-0.26222250591798435,hold_period_exit,2010-10-08
2011-10-07,JCP,-0.0874035587601889,hold_period_exit,2010-10-08
2011-10-14,NPBC,0.11730910684844575,hold_period_exit,2010-10-15
2011-10-17,STND,0.17284018319903494,hold_period_exit,2010-10-18
2011-10-27,NTSP,-0.5462991172236954,hold_period_exit,2010-10-28
2011-10-31,MLNX,0.42478959059609966,hold_period_exit,2010-11-01
2011-11-02,XCO,-0.4004247266598574,hold_period_exit,2010-11-03
2011-11-02,XCOOQ,-0.4061171171853719,hold_period_exit,2010-11-03
2011-11-04,BBRG,0.09661992008354736,hold_period_exit,2010-11-05
2011-11-04,GACR,1.420396842364799,hold_period_exit,2010-11-05
2011-11-07,SBIB,0.2838081633151728,hold_period_exit,2010-11-08
2011-11-11,CQB,-0.2622078903371783,hold_period_exit,2010-11-12
2011-11-11,EVSI,-0.25,hold_period_exit,2010-11-12
2011-11-16,SRDX,0.27402714115356996,hold_period_exit,2010-11-17
2011-11-18,HHC,0.05590036345337013,hold_period_exit,2010-11-19
2011-12-01,BEZ_old,0.005163752428464674,hold_period_exit,2010-12-02
2011-12-15,BKEP,-0.19862470398494103,hold_period_exit,2010-12-16
2011-12-15,CPGI,-0.7325733494140356,hold_period_exit,2010-12-16
2011-12-15,LNCE,-0.04999792312452633,hold_period_exit,2010-12-16
2011-12-19,CLSP,-0.5034010901302903,hold_period_exit,2010-12-20
2011-12-19,RFP,-0.38124845076118596,hold_period_exit,2010-12-20
2011-12-21,TDCH,0.7812499999999998,hold_period_exit,2010-12-22
2011-12-27,MULI,-0.9705882344884753,hold_period_exit,2010-12-28
2011-12-29,ROVI,-0.6114762844990043,hold_period_exit,2010-12-30
2012-01-03,ANDS,1.5137797794360792,hold_period_exit,2011-01-03
2012-01-03,QBAKD,0.08093635035003133,hold_period_exit,2011-01-03
2012-01-05,PRSG,-0.03769842433701187,hold_period_exit,2011-01-05
2012-01-10,HRBN,0.32175531533601887,hold_period_exit,2011-01-10
2012-01-13,GNOM2,-0.6440421811272246,hold_period_exit,2011-01-13
2012-01-17,DNR,-0.06993562533711684,hold_period_exit,2011-01-14
2012-01-18,JCG,0.0018419989821618632,hold_period_exit,2011-01-18
2012-01-19,CDXC,-0.39524779032753743,hold_period_exit,2011-01-19
2012-01-19,TLFA,-0.043618901672548005,hold_period_exit,2011-01-19
2012-01-20,ZIOP,-0.1115384753762858,hold_period_exit,2011-01-20
2012-01-30,COT,-0.12410204289058946,hold_period_exit,2011-01-28
2012-01-30,PRMW,-0.12411960824654411,hold_period_exit,2011-01-28
2012-01-31,ATNY,-0.4324499360292754,hold_period_exit,2011-01-31
2012-01-31,VAPE_old,-0.9300000011920929,hold_period_exit,2011-01-31
2012-02-03,FRP,-0.8346774232085674,hold_period_exit,2011-02-03
2012-02-03,MENT,0.11532151579681904,hold_period_exit,2011-02-03
2012-02-06,CACB,-0.33293257987596114,hold_period_exit,2011-02-04
2012-02-06,CBKN,-0.22387478990737475,hold_period_exit,2011-02-04
2012-02-07,EVLV_old,-0.7288668114599316,hold_period_exit,2011-02-07
2012-02-07,GHSTD,-0.8791595735200056,hold_period_exit,2011-02-07
2012-02-07,GOGL_old,-0.3476475339626147,hold_period_exit,2011-02-07
2012-02-07,IMBI,-0.7288668199960632,hold_period_exit,2011-02-07
2012-02-07,IMBIQ,-0.7288668199960632,hold_period_exit,2011-02-07
2012-02-10,DYN_old,-0.7153403209964795,hold_period_exit,2011-02-10
2012-02-10,IDIX,2.640000025431315,hold_period_exit,2011-02-10
2012-02-10,LTMP,-0.6451612903225807,hold_period_exit,2011-02-10
2012-02-13,IGTE,0.004688403658686724,hold_period_exit,2011-02-11
2012-02-13,VRS_old,-0.7586508958493648,hold_period_exit,2011-02-11
2012-02-13,VRSZQ,-0.7586508958493648,hold_period_exit,2011-02-11
2012-02-14,ARTX,-0.12294229515583599,hold_period_exit,2011-02-14
2012-02-14,GCAP,-0.2777868673768057,hold_period_exit,2011-02-14
2012-02-14,IDSY,0.012284776098771877,hold_period_exit,2011-02-14
2012-02-14,ZAAP,-0.8186579985111596,hold_period_exit,2011-02-14
2012-02-15,SPOXF,-0.20601784699346515,hold_period_exit,2011-02-15
2012-02-15,TKLC,0.2826021582854632,hold_period_exit,2011-02-15
2012-02-16,GLCH,-0.14057569840159234,hold_period_exit,2011-02-16
2012-02-21,ARGB,-0.8777777751286825,hold_period_exit,2011-02-18
2012-02-21,PNG,-0.226132751500838,hold_period_exit,2011-02-18
2012-02-22,WAYSD,-0.9130434782608696,hold_period_exit,2011-02-22
2012-02-24,RCM,0.19246538046024497,hold_period_exit,2011-02-24
2012-02-27,ACRX,-0.19632514176934723,hold_period_exit,2011-02-25
2012-02-27,COWN,-0.33840769917712765,hold_period_exit,2011-02-25
2012-02-27,GEOY,-0.5298356398894846,hold_period_exit,2011-02-25
2012-03-01,HEAR,0.21383126402926678,hold_period_exit,2011-03-02
2012-03-05,FONR,-0.1240423017447666,hold_period_exit,2011-03-04
2012-03-05,PALT,-0.47207776718072847,hold_period_exit,2011-03-04
2012-03-05,PARL,0.486799954196534,hold_period_exit,2011-03-04
2012-03-05,PEER,-0.47207776718072836,hold_period_exit,2011-03-04
2012-03-05,STVI,-0.2029340173983768,hold_period_exit,2011-03-04
2012-03-06,DVOXQ,-0.44547700034349946,hold_period_exit,2011-03-07
2012-03-07,BKCC,-0.01011183627756318,hold_period_exit,2011-03-08
2012-03-07,VLOV,0.007594868862140114,hold_period_exit,2011-03-08
2012-03-09,TSRE,0.4286874625328392,hold_period_exit,2011-03-10
2012-03-12,FBRC,-0.8329795101844757,hold_period_exit,2011-03-11
2012-03-12,PBOX,-0.20731707317073167,hold_period_exit,2011-03-11
2012-03-13,ONE2,-0.008964188062968947,hold_period_exit,2011-03-14
2012-03-13,TNGN,-0.7918591232789357,hold_period_exit,2011-03-14
2012-03-19,CNVO,0.43987704016204154,hold_period_exit,2011-03-18
2012-03-19,NAVB,-0.08522419519387248,hold_period_exit,2011-03-18
2012-03-23,OVRL,-0.1379310628321725,hold_period_exit,2011-03-24
2012-03-26,AOI,0.8566570759476297,hold_period_exit,2011-03-25
2012-03-26,PYX,-0.04470036131410571,hold_period_exit,2011-03-25
2012-03-27,OXPS,-0.30731170909652183,hold_period_exit,2011-03-28
2012-04-02,MCOX,-0.8108938195217398,hold_period_exit,2011-04-01
2012-04-02,SINA,-0.42880213916043386,hold_period_exit,2011-04-01
2012-04-05,GSIC,0.010966328382382207,hold_period_exit,2011-04-06
2012-04-05,SIAF,-0.3879340060466514,hold_period_exit,2011-04-06
2012-04-10,CHOP,-0.35098039124022073,hold_period_exit,2011-04-08
2012-04-11,APTS,-0.16735629676090813,hold_period_exit,2011-04-11
2012-04-11,UCBI,-0.2765159865469625,hold_period_exit,2011-04-11
2012-04-13,GCVRZ,-0.49132641693506685,hold_period_exit,2011-04-13
2012-04-17,TAL1,0.02425880223436394,hold_period_exit,2011-04-15
2012-04-18,GRMS,-0.8629262397958828,hold_period_exit,2011-04-18
2012-04-18,VRML,-0.5749776560412021,hold_period_exit,2011-04-18
2012-04-19,SDOC,-0.41783646650661843,hold_period_exit,2011-04-19
2012-04-20,CHSI,0.5616939515908412,hold_period_exit,2011-04-20
2012-04-23,AHCI,0.4829796862878428,hold_period_exit,2011-04-21
2012-04-23,OPLK,-0.197137924579728,hold_period_exit,2011-04-21
2012-04-24,CEDU,-0.05023028796734619,hold_period_exit,2011-04-25
2012-04-24,GMLP,0.3744968423906041,hold_period_exit,2011-04-25
2012-04-26,AMMD,0.01691241952771949,hold_period_exit,2011-04-27
2012-04-27,MSCC,-0.043936730665363855,hold_period_exit,2011-04-28
2012-04-30,BARI,-0.1067134374994908,hold_period_exit,2011-04-29
2012-04-30,BRKL_old,-0.001495744987558889,hold_period_exit,2011-04-29
2012-04-30,ESGR,-0.16032102641375945,hold_period_exit,2011-04-29
2012-04-30,PMIC,0.30108706237770844,hold_period_exit,2011-04-29
2012-05-01,VRGY,0.039402847747755265,hold_period_exit,2011-05-02
2012-05-03,UAM,0.04539278110269751,hold_period_exit,2011-05-04
2012-05-04,LNETQ,-0.3317149331636854,hold_period_exit,2011-05-05
2012-05-07,LOOP1,0.030091319052987675,hold_period_exit,2011-05-06
2012-05-08,PRGN,-0.7958424629165586,hold_period_exit,2011-05-09
2012-05-10,BSF,0.1849449365122724,hold_period_exit,2011-05-11
2012-05-10,CRY_old,-0.12165985953503256,hold_period_exit,2011-05-11
2012-05-10,VELA,-0.881685454062435,hold_period_exit,2011-05-11
2012-05-21,DVCR,-0.10772540935940766,hold_period_exit,2011-05-20
2012-05-22,INAP,-0.11279754144441856,hold_period_exit,2011-05-23
2012-05-24,CCIX_old,-0.34029147750929367,hold_period_exit,2011-05-25
2012-05-24,SMPR,-0.5615300617362524,hold_period_exit,2011-05-25
2012-05-24,SSUP,-0.22035581443268037,hold_period_exit,2011-05-25
2012-05-24,SUP,-0.22035581443268037,hold_period_exit,2011-05-25
2012-05-29,EPAX,-0.4539094482693399,hold_period_exit,2011-05-27
2012-05-30,CVO,-0.68645285847104,hold_period_exit,2011-05-31
2012-06-01,FRNK,0.25349039988820765,hold_period_exit,2011-06-02
2012-06-04,SAVE,0.4730711429295831,hold_period_exit,2011-06-03
2012-06-04,SAVEQ,0.47306832954883005,hold_period_exit,2011-06-03
2012-06-05,LPRIQ,-0.7626257826385996,hold_period_exit,2011-06-06
2012-06-08,ARCW,0.3895670837359899,hold_period_exit,2011-06-09
2012-06-11,CTCM,-0.5497203264359197,hold_period_exit,2011-06-10
2012-06-11,YONG,-0.3578190995586701,hold_period_exit,2011-06-10
2012-06-14,LLEX,-0.7052753156915257,hold_period_exit,2011-06-15
2012-06-15,THOR1,0.055037845693978404,hold_period_exit,2011-06-16
2012-06-18,RT,-0.31591540738720003,hold_period_exit,2011-06-17
2012-06-19,GEVA,1.8491881066421323,hold_period_exit,2011-06-20
2012-06-22,ACI_old,-0.7631375458568856,hold_period_exit,2011-06-23
2012-06-22,ACIIQ,-0.7631375497355182,hold_period_exit,2011-06-23
2012-06-22,ARCH,-0.7631373122023162,hold_period_exit,2011-06-23
2012-06-22,PDCE,-0.33111644808612395,hold_period_exit,2011-06-23
2012-06-25,FDNHQ,-0.6692307545588567,hold_period_exit,2011-06-24
2012-06-25,FNRG,-0.365126774112596,hold_period_exit,2011-06-24
2012-06-25,SAAS,0.03957400986070292,hold_period_exit,2011-06-24
2012-06-28,MCBC,0.21828671664198374,hold_period_exit,2011-06-29
2012-06-29,CCLP,-0.28341702778512246,hold_period_exit,2011-06-30
2012-06-29,MSSR,0.01979046254646799,hold_period_exit,2011-06-30
2012-07-02,GRM,0.008699063083837943,hold_period_exit,2011-07-01
2012-07-03,AAU,-0.3558680554967917,hold_period_exit,2011-07-05
2012-07-10,BBBB,0.017765612877786108,hold_period_exit,2011-07-11
2012-07-10,LMST,0.5531100418510053,hold_period_exit,2011-07-11
2012-07-10,NEUL,-0.5609755884813877,hold_period_exit,2011-07-11
2012-07-10,PBIB,-0.6893787670134346,hold_period_exit,2011-07-11
2012-07-10,POTG,-0.9888349511244793,hold_period_exit,2011-07-11
2012-07-13,RADS,-0.018934113143758702,hold_period_exit,2011-07-14
2012-07-16,RELYQ,-0.4702543538300181,hold_period_exit,2011-07-15
2012-07-20,MRVC,-0.5608663393590996,hold_period_exit,2011-07-21
2012-08-03,CV_old,0.02545021924451696,hold_period_exit,2011-08-04
2012-08-07,MPX,0.26207336962828487,hold_period_exit,2011-08-08
2012-08-09,CMIA,-0.01655035576746655,hold_period_exit,2011-08-10
2012-08-10,CKP,-0.5478022928097148,hold_period_exit,2011-08-11
2012-08-13,FLOW1,0.17837597022553853,hold_period_exit,2011-08-12
2012-08-14,FEIC,0.7243364866202342,hold_period_exit,2011-08-15
2012-08-20,AMN_old,0.009296560906567164,hold_period_exit,2011-08-19
2012-08-27,COL,0.033364082148313434,hold_period_exit,2011-08-26
2012-09-07,CLGX,1.1241667400983477,hold_period_exit,2011-09-08
2012-09-14,COSI,0.1974510687997555,hold_period_exit,2011-09-15
2012-09-18,APFC,0.7117228949390244,hold_period_exit,2011-09-19
2012-09-21,CPTS,0.9882436613455101,hold_period_exit,2011-09-22
2012-09-28,BKS,0.029705091863843514,hold_period_exit,2011-09-29
2012-10-08,LAYN,-0.07953633162412499,hold_period_exit,2011-10-07
2012-10-16,OPRXD,0.19999999999999996,hold_period_exit,2011-10-17
2012-10-31,GDEN,0.1327482195132368,hold_period_exit,2011-10-28
2012-11-01,COB,-0.9949460659472045,hold_period_exit,2011-10-31
2012-11-05,WEB,0.5460218643647958,hold_period_exit,2011-11-02
2012-11-07,BRCD,0.20107219325197745,hold_period_exit,2011-11-04
2012-11-08,ADLR,0.03912022608400023,hold_period_exit,2011-11-07
2012-11-15,BBQ,-0.11260041921546671,hold_period_exit,2011-11-14
2012-11-20,TYPE,0.019779746917920393,hold_period_exit,2011-11-17
2012-11-23,BBND,0.0,hold_period_exit,2011-11-21
2012-12-04,ABVT,0.41200197730713684,hold_period_exit,2011-12-01
2012-12-19,CPPRQ,-0.3696062554559353,hold_period_exit,2011-12-16
2012-12-20,CDR,0.38118454497672105,hold_period_exit,2011-12-19
2012-12-24,RRR_old,0.2673499022809003,hold_period_exit,2011-12-21
2012-12-28,MATR,0.0036745223460812326,hold_period_exit,2011-12-27
2013-01-03,RAM_old,1.0153452685421995,hold_period_exit,2011-12-30
2013-01-04,AMNL,0.2424304220730411,hold_period_exit,2012-01-03
2013-01-04,FFNW,0.3736312170116347,hold_period_exit,2012-01-03
2013-01-04,GIG1,0.0971018734194109,hold_period_exit,2012-01-03
2013-01-04,GSV,0.7122084207680077,hold_period_exit,2012-01-03
2013-01-04,NHLD,-0.6690442344953726,hold_period_exit,2012-01-03
2013-01-09,SBX,0.4872321971282636,hold_period_exit,2012-01-06
2013-01-10,BASI,0.09079967084014773,hold_period_exit,2012-01-09
2013-01-10,CHKGQ,-0.08050408216572547,hold_period_exit,2012-01-09
2013-01-10,NOTV,0.09079967084014773,hold_period_exit,2012-01-09
2013-01-10,ZZ,0.18399282452976595,hold_period_exit,2012-01-09
2013-01-16,SFSF,0.003746089738184022,hold_period_exit,2012-01-13
2013-01-17,MTSN,-0.3671998858349138,hold_period_exit,2012-01-17
2013-01-17,PMCS,-0.021613151973486122,hold_period_exit,2012-01-17
2013-01-17,RRMS,0.6350828994235813,hold_period_exit,2012-01-17
2013-01-23,OCLR,-0.6094017849057418,hold_period_exit,2012-01-20
2013-01-23,SONO1,0.0025988378025672,hold_period_exit,2012-01-20
2013-01-24,CFX,0.3011901265962671,hold_period_exit,2012-01-23
2013-01-24,FCAL1,0.9626381267239543,hold_period_exit,2012-01-23
2013-01-28,HRZL,-0.4991892632866881,hold_period_exit,2012-01-25
2013-01-31,NAV,-0.4086347980288281,hold_period_exit,2012-01-30
2013-02-01,SGS,-0.0210210014554274,hold_period_exit,2012-01-31
2013-02-04,GPIC,0.23117941345018655,hold_period_exit,2012-02-01
2013-02-04,ISTA,0.10853662975908196,hold_period_exit,2012-02-01
2013-02-06,REGI,-0.20681820317989996,hold_period_exit,2012-02-03
2013-02-07,SGOC,4.515550618170967,hold_period_exit,2012-02-06
2013-02-08,BOFI,1.0189910793815842,hold_period_exit,2012-02-07
2013-02-08,PLXT,0.39718312810418466,hold_period_exit,2012-02-07
2013-02-08,QHYG,-0.3333333498901784,hold_period_exit,2012-02-07
2013-02-08,YIHG,-0.3749999767169351,hold_period_exit,2012-02-07
2013-02-11,PBY1,-0.26284831777845885,hold_period_exit,2012-02-08
2013-02-13,HTLF,0.4260334024887946,hold_period_exit,2012-02-10
2013-02-13,NTK,1.3549732451712795,hold_period_exit,2012-02-10
2013-02-14,CDOR,-0.06786274215907451,hold_period_exit,2012-02-13
2013-02-14,SPPRO,0.21766210594318536,hold_period_exit,2012-02-13
2013-02-14,SPPRP,0.2042434690493029,hold_period_exit,2012-02-13
2013-02-15,CSII,0.8187377492929826,hold_period_exit,2012-02-14
2013-02-15,LBMH,-0.04533106487777472,hold_period_exit,2012-02-14
2013-02-15,SWSH,-0.609480592162907,hold_period_exit,2012-02-14
2013-02-15,TVIA,-0.21947577780954375,hold_period_exit,2012-02-14
2013-02-19,CEMP,0.06013730109471438,hold_period_exit,2012-02-15
2013-02-19,DDMGQ,-0.9035870545172502,hold_period_exit,2012-02-15
2013-02-19,VPCO,2.4414755275172184,hold_period_exit,2012-02-15
2013-02-20,AOL,0.9928162203110651,hold_period_exit,2012-02-16
2013-02-21,DGAS,1.324164420088298,hold_period_exit,2012-02-17
2013-02-21,LAVA,0.016500181623362975,hold_period_exit,2012-02-17
2013-02-22,DXTR,-0.41570580251619393,hold_period_exit,2012-02-21
2013-02-22,DXTRQ,-0.25,hold_period_exit,2012-02-21
2013-02-22,PHH_old,1.3536171626301425,hold_period_exit,2012-02-21
2013-02-25,SITO,1.454642769318971,hold_period_exit,2012-02-22
2013-02-25,SITOQ,1.454642769318971,hold_period_exit,2012-02-22
2013-02-26,CCXI_old,0.12619604708500942,hold_period_exit,2012-02-23
2013-02-26,QBAKD,-0.14951996905771137,hold_period_exit,2012-02-23
2013-02-27,RDMPQ,-0.45625001192092896,hold_period_exit,2012-02-24
2013-02-28,BFX,1.1329772783031782,hold_period_exit,2012-02-27
2013-02-28,BFXXQ,1.1329772783031782,hold_period_exit,2012-02-27
2013-02-28,MHR,-0.4654696121680416,hold_period_exit,2012-02-27
2013-02-28,MULI,0.0,hold_period_exit,2012-02-27
2013-02-28,NLS,1.1329772783031782,hold_period_exit,2012-02-27
2013-02-28,VITC,-0.06573956902118538,hold_period_exit,2012-02-27
2013-03-01,GU1,0.017892945637474122,hold_period_exit,2012-02-28
2013-03-04,PVFC,1.1613424431595227,hold_period_exit,2012-02-29
2013-03-05,MDSO,1.6580727295109212,hold_period_exit,2012-03-01
2013-03-06,OTIVF,-0.26573427214681533,hold_period_exit,2012-03-02
2013-03-06,OTIV,-0.26573427214681533,hold_period_exit,2012-03-02
2013-03-07,VOCS,-0.03764161153467349,hold_period_exit,2012-03-05
2013-03-11,PTMN,0.669784383514687,hold_period_exit,2012-03-07
2013-03-12,TRCR,0.013365297654889474,hold_period_exit,2012-03-08
2013-03-13,DGIT,-0.29539043363292583,hold_period_exit,2012-03-09
2013-03-13,WCAA,-0.0004382612876626668,hold_period_exit,2012-03-09
2013-03-14,TLEO,0.0010885964887510369,hold_period_exit,2012-03-12
2013-03-15,GIGL_old,-0.6230366492146597,hold_period_exit,2012-03-13
2013-03-15,JDAS,0.7120121769649523,hold_period_exit,2012-03-13
2013-03-18,ATS_old,0.15707427361807547,hold_period_exit,2012-03-14
2013-03-18,ATSC_old,0.0062695863848794,hold_period_exit,2012-03-14
2013-03-18,MCP,-0.8027498661222211,hold_period_exit,2012-03-14
2013-03-18,SIGM,-0.10054839762223022,hold_period_exit,2012-03-14
2013-03-19,WOLF_old1,0.4161789238820375,hold_period_exit,2012-03-15
2013-03-20,ACPW,-0.7705859031099117,hold_period_exit,2012-03-16
2013-03-20,WWAY,0.1724137874335654,hold_period_exit,2012-03-16
2013-03-21,PTRY,0.07681141255990087,hold_period_exit,2012-03-19
2013-03-21,QSFT,0.15410504327988983,hold_period_exit,2012-03-19
2013-03-22,VRNT,0.20310598025560767,hold_period_exit,2012-03-20
2013-03-25,EXAM,0.5061216101362931,hold_period_exit,2012-03-21
2013-03-25,LGHS,-0.8370158734440117,hold_period_exit,2012-03-21
2013-03-28,PCD,-0.025974025974025983,hold_period_exit,2012-03-26
2013-04-03,BKEP,0.32753299018206095,hold_period_exit,2012-03-29
2013-04-04,GWAY,-0.04683830586852844,hold_period_exit,2012-03-30
2013-04-04,NEWS,0.15517902639457715,hold_period_exit,2012-03-30
2013-04-05,HOGS,0.16837950566081616,hold_period_exit,2012-04-02
2013-04-08,MAG,-0.19021989780894077,hold_period_exit,2012-04-03
2013-04-09,CLVS,0.5909813880215877,hold_period_exit,2012-04-04
2013-04-09,CLVSQ,0.5909813880215877,hold_period_exit,2012-04-04
2013-04-09,DPSID,-0.2836879432624114,hold_period_exit,2012-04-04
2013-04-10,GFN,0.5290705565828011,hold_period_exit,2012-04-05
2013-04-10,HTWR,0.3175419730990685,hold_period_exit,2012-04-05
2013-04-10,OPXT,-0.42035417185549884,hold_period_exit,2012-04-05
2013-04-11,VYSTD,-0.6206896551724137,hold_period_exit,2012-04-09
2013-04-17,DDIC,0.0028681273052828526,hold_period_exit,2012-04-13
2013-04-17,VIAS,-0.4571174259064694,hold_period_exit,2012-04-13
2013-04-17,VSCP,-0.586158306294581,hold_period_exit,2012-04-13
2013-04-18,SPPI,-0.29447607402802,hold_period_exit,2012-04-16
2013-04-23,HSON,-0.40728642177031293,hold_period_exit,2012-04-19
2013-04-23,IDTI,-0.008571420397077256,hold_period_exit,2012-04-19
2013-04-24,DRJ,0.01385850190804172,hold_period_exit,2012-04-20
2013-04-24,NILE_old,0.0765773519706372,hold_period_exit,2012-04-20
2013-04-24,PRSS,-0.6858664659442629,hold_period_exit,2012-04-20
2013-04-26,SDOC,-0.32726634597137194,hold_period_exit,2012-04-24
2013-04-29,EF,0.0034051908674594955,hold_period_exit,2012-04-25
2013-04-30,CTLP,0.1405795221186512,hold_period_exit,2012-04-26
2013-04-30,DTSI,-0.456058618387867,hold_period_exit,2012-04-26
2013-04-30,SRSL,-0.2263547456740228,hold_period_exit,2012-04-26
2013-04-30,USAT,0.1405795221186512,hold_period_exit,2012-04-26
2013-05-01,KITDQ,-0.9550072556761444,hold_period_exit,2012-04-27
2013-05-02,EJ,-0.37349014223596033,hold_period_exit,2012-04-30
2013-05-02,IMMY,1.115294063792509,hold_period_exit,2012-04-30
2013-05-02,PMBC,0.02792350500884133,hold_period_exit,2012-04-30
2013-05-02,SINA,-0.03403433330667782,hold_period_exit,2012-04-30
2013-05-02,UEPS,-0.17015400800239722,hold_period_exit,2012-04-30
2013-05-07,AXDX,1.5515860644138524,hold_period_exit,2012-05-03
2013-05-07,AXDXQ,1.551587455067517,hold_period_exit,2012-05-03
2013-05-07,EDG,-0.20449616040481944,hold_period_exit,2012-05-03
2013-05-08,GEOI,-0.07572376237918177,hold_period_exit,2012-05-04
2013-05-08,HMNC,-0.6517886765670908,hold_period_exit,2012-05-04
2013-05-08,JNS,0.27851056126374285,hold_period_exit,2012-05-04
2013-05-08,KEYN,-0.20617002153823816,hold_period_exit,2012-05-04
2013-05-09,LNETQ,-0.9955386232074331,hold_period_exit,2012-05-07
2013-05-09,NPTN,0.29046935590905987,hold_period_exit,2012-05-07
2013-05-09,PTX,-0.574611961925714,hold_period_exit,2012-05-07
2013-05-09,PTXTQ,-0.574611953387943,hold_period_exit,2012-05-07
2013-05-09,SMSC,0.012412856272584927,hold_period_exit,2012-05-07
2013-05-14,ESIC,0.012167538389493027,hold_period_exit,2012-05-10
2013-05-14,PSS,0.015160200164444193,hold_period_exit,2012-05-10
2013-05-17,TECU,0.7473684612073395,hold_period_exit,2012-05-15
2013-05-17,TECUA,0.8680851253787558,hold_period_exit,2012-05-15
2013-05-23,BLUF,-0.9949833334734043,hold_period_exit,2012-05-21
2013-05-23,MAMS,1.1719623557851517,hold_period_exit,2012-05-21
2013-05-24,NVLN,0.1549807050453471,hold_period_exit,2012-05-22
2013-05-28,KNSY,-0.0002599983341068368,hold_period_exit,2012-05-23
2013-05-29,ASGN,0.564637667890908,hold_period_exit,2012-05-24
2013-05-29,ESL,0.127402815884329,hold_period_exit,2012-05-24
2013-05-30,IN,0.7478425659406993,hold_period_exit,2012-05-25
2013-05-30,SCHSQ,-0.9978142076649568,hold_period_exit,2012-05-25
2013-05-31,JET,-0.18918921705403313,hold_period_exit,2012-05-29
2013-05-31,LOJN,-0.016452937141657076,hold_period_exit,2012-05-29
2013-06-04,LCRY,0.007444663264344564,hold_period_exit,2012-05-31
2013-06-05,BDBD,0.6542825066590798,hold_period_exit,2012-06-01
2013-06-06,CRED1,0.009756054768418121,hold_period_exit,2012-06-04
2013-06-11,PULS1,-0.835078532332205,hold_period_exit,2012-06-07
2013-06-11,SSUP,0.13332191250071035,hold_period_exit,2012-06-07
2013-06-11,SUP,0.13332191250071035,hold_period_exit,2012-06-07
2013-06-12,CTFO,0.08037389025062303,hold_period_exit,2012-06-08
2013-06-12,TAST,0.049377395196959606,hold_period_exit,2012-06-08
2013-06-12,TPGI,0.0356325605445349,hold_period_exit,2012-06-08
2013-06-12,WFR_old,3.747106338241781,hold_period_exit,2012-06-08
2013-06-13,JADE_old,0.40511724097492285,hold_period_exit,2012-06-11
2013-06-17,DYN_old,-0.012166476248564928,hold_period_exit,2012-06-13
2013-06-18,CTDT,-0.898507436337465,hold_period_exit,2012-06-14
2013-06-19,PKY1,0.5798787222572854,hold_period_exit,2012-06-15
2013-06-20,OMX,1.7857711025161822,hold_period_exit,2012-06-18
2013-06-25,SPMD1,1.0588235679107285,hold_period_exit,2012-06-21
2013-06-26,PFCB,0.0013747995777739774,hold_period_exit,2012-06-22
2013-07-01,KNWND,-0.24292885680525922,hold_period_exit,2012-06-27
2013-07-01,MASC,0.23349447544935753,hold_period_exit,2012-06-27
2013-07-02,PDH,0.28962817620429604,hold_period_exit,2012-06-28
2013-07-03,GLOG,0.2750244760741589,hold_period_exit,2012-06-29
2013-07-08,BKFGD,0.06315793489155008,hold_period_exit,2012-07-03
2013-07-08,MTOX,0.002227151624089041,hold_period_exit,2012-07-03
2013-07-08,TOX,0.002227151624089041,hold_period_exit,2012-07-03
2013-07-16,EQM,0.8240798591664675,hold_period_exit,2012-07-12
2013-07-18,BOOT1,0.0014154457132782294,hold_period_exit,2012-07-16
2013-07-19,LNCR,0.003594613192935636,hold_period_exit,2012-07-17
2013-07-22,FXAI,-0.025435502585326675,hold_period_exit,2012-07-18
2013-07-24,HGSI,0.001054314840481796,hold_period_exit,2012-07-20
2013-07-25,GCOM,0.47407486717082237,hold_period_exit,2012-07-23
2013-07-26,GEN1,0.28096437735864654,hold_period_exit,2012-07-24
2013-07-30,DRTX,-0.04587270915065633,hold_period_exit,2012-07-26
2013-08-01,MODV,1.1233470655380526,hold_period_exit,2012-07-30
2013-08-01,PRSC,1.1233470655380526,hold_period_exit,2012-07-30
2013-08-06,HPTX,1.4307891168483469,hold_period_exit,2012-08-02
2013-08-09,CERP,-0.9424614083400302,hold_period_exit,2012-08-07
2013-08-09,CERPQ,-0.9415381454117699,hold_period_exit,2012-08-07
2013-08-13,GTI_old,-0.3083255413436494,hold_period_exit,2012-08-09
2013-08-14,USHS,0.0029843943680543106,hold_period_exit,2012-08-10
2013-08-15,MDF,0.3070767533564138,hold_period_exit,2012-08-13
2013-08-19,DXF_old,-0.0132789244054754,hold_period_exit,2012-08-15
2013-08-20,ANEN,0.29718406064639624,hold_period_exit,2012-08-16
2013-08-22,CAS_old1,0.8416484870350462,hold_period_exit,2012-08-20
2013-09-03,TTS,1.153987139085579,hold_period_exit,2012-08-29
2013-09-12,RELYQ,1.8976079656323432,hold_period_exit,2012-09-10
2013-09-18,GCAP,1.3151629646932945,hold_period_exit,2012-09-14
2013-09-20,KNXA,0.002175150260501635,hold_period_exit,2012-09-18
2013-09-25,EQC,0.5613717640885225,hold_period_exit,2012-09-21
2013-10-02,ARCW,-0.11554917731982817,hold_period_exit,2012-09-28
2013-10-14,CRDN,-0.0009040082789870674,hold_period_exit,2012-10-10
2013-10-18,YONG,0.1284614143578009,hold_period_exit,2012-10-16
2013-10-31,CPGI,0.0020490515838174073,hold_period_exit,2012-10-31
2013-11-01,CASC1,-0.0005775799324451159,hold_period_exit,2012-11-01
2013-11-05,CARB,0.4967800441940091,hold_period_exit,2012-11-05
2013-11-07,TLAB,0.17558897789621342,hold_period_exit,2012-11-07
2013-11-13,ACW,0.34418884386872683,hold_period_exit,2012-11-13
2013-11-15,FCCY,0.2126234890044414,hold_period_exit,2012-11-15
2013-11-21,RAS,0.491190000501345,hold_period_exit,2012-11-21
2013-11-25,BITA_old,4.379161747448007,hold_period_exit,2012-11-26
2013-12-06,ALDW,-0.17077768709116714,hold_period_exit,2012-12-06
2013-12-19,END,-0.08569059214016383,hold_period_exit,2012-12-19
2013-12-20,ZXAIY,-0.28462122800694833,hold_period_exit,2012-12-20
2013-12-27,BBQ,1.1508240209779315,hold_period_exit,2012-12-27
2013-12-30,ALTE,0.1694650165735525,hold_period_exit,2012-12-28
2014-01-08,AAMC,10.432712635658165,hold_period_exit,2013-01-08
2014-01-08,EPAX,-0.0313788963615117,hold_period_exit,2013-01-08
2014-01-09,FLY_old,0.2989314810047592,hold_period_exit,2013-01-09
2014-01-10,ES_old,0.08661415450450294,hold_period_exit,2013-01-10
2014-01-10,PFSW,1.7916108555911454,hold_period_exit,2013-01-10
2014-01-17,ATHN,0.6057140093480162,hold_period_exit,2013-01-17
2014-01-17,EPOC,0.0014637849920329238,hold_period_exit,2013-01-17
2014-01-17,EVRYQ,-0.1509364881013605,hold_period_exit,2013-01-17
2014-01-17,LRAD,1.0175778805088274,hold_period_exit,2013-01-17
2014-01-21,VVUS,-0.34436105796966765,hold_period_exit,2013-01-18
2014-01-21,VVUSQ,-0.3443610766832039,hold_period_exit,2013-01-18
2014-01-22,BKS,0.1931453318949523,hold_period_exit,2013-01-22
2014-01-27,CVRR,-0.05024856178970827,hold_period_exit,2013-01-25
2014-01-27,FEEC,-0.08333331781129005,hold_period_exit,2013-01-25
2014-01-28,BOX1,0.005215384756184882,hold_period_exit,2013-01-28
2014-01-28,KENT,-0.45675533952569936,hold_period_exit,2013-01-28
2014-01-31,IQNT,6.248653748073568,hold_period_exit,2013-01-31
2014-02-04,SXCP,0.545470585388133,hold_period_exit,2013-02-04
2014-02-07,RIF,-0.036708349339966584,hold_period_exit,2013-02-07
2014-02-07,RMRM,-0.035603241678836994,hold_period_exit,2013-02-07
2014-02-10,GEENQ,0.5679887174011178,hold_period_exit,2013-02-08
2014-02-10,HEAR,0.38342340379856354,hold_period_exit,2013-02-08
2014-02-10,PTNR,0.5132428885062841,hold_period_exit,2013-02-08
2014-02-10,PTNRY,0.5132428885062841,hold_period_exit,2013-02-08
2014-02-12,ERA,0.2950043254254573,hold_period_exit,2013-02-12
2014-02-13,APKT,-0.007174810797163755,hold_period_exit,2013-02-13
2014-02-14,BFIN,0.2256575186860068,hold_period_exit,2013-02-14
2014-02-14,RUE,0.4775561828518846,hold_period_exit,2013-02-14
2014-02-14,SEH,0.05122906875093092,hold_period_exit,2013-02-14
2014-02-14,SNTS,1.4100457708986518,hold_period_exit,2013-02-14
2014-02-18,ACFC,0.12072204808310794,hold_period_exit,2013-02-15
2014-02-18,VELTF,-0.9920048228709827,hold_period_exit,2013-02-15
2014-02-20,EBIXQ,-0.12473042580108273,hold_period_exit,2013-02-20
2014-02-20,EBIX,-0.12472913024616072,hold_period_exit,2013-02-20
2014-02-21,NSLP,0.21127561954017304,hold_period_exit,2013-02-21
2014-02-21,PSSI,0.0,hold_period_exit,2013-02-21
2014-02-21,XONE_old,0.7659372863760425,hold_period_exit,2013-02-21
2014-02-24,BLT,-0.10729471387333744,hold_period_exit,2013-02-22
2014-02-24,NTSP,0.0012009274613757892,hold_period_exit,2013-02-22
2014-02-24,OVRL,-0.2714491478015604,hold_period_exit,2013-02-22
2014-02-25,HFBC,0.16867857186318935,hold_period_exit,2013-02-25
2014-02-25,LDWY,0.3623758689143137,hold_period_exit,2013-02-25
2014-02-28,SYSW,-9.900726240852364e-05,hold_period_exit,2013-02-28
2014-03-03,AMOT,0.6309819263584822,hold_period_exit,2013-03-01
2014-03-03,DMND,0.8402667628762357,hold_period_exit,2013-03-01
2014-03-03,EOX,0.12882498679499155,hold_period_exit,2013-03-01
2014-03-03,EOXLQ,0.12882495069182376,hold_period_exit,2013-03-01
2014-03-03,WH1,-0.26943525887763864,hold_period_exit,2013-03-01
2014-03-04,ADY,0.026425598846783638,hold_period_exit,2013-03-04
2014-03-04,FSCI,0.08664537619594648,hold_period_exit,2013-03-04
2014-03-04,ZOLT,0.7596319003539869,hold_period_exit,2013-03-04
2014-03-05,ASI,0.3032761907397983,hold_period_exit,2013-03-05
2014-03-05,DSOX,0.6798306880250309,hold_period_exit,2013-03-05
2014-03-06,TUC,0.6968918398754316,hold_period_exit,2013-03-06
2014-03-11,GMXRQ,-0.9850287851563456,hold_period_exit,2013-03-11
2014-03-13,OTT,-0.08450704225352101,hold_period_exit,2013-03-13
2014-03-14,NHLD,0.7228842126243724,hold_period_exit,2013-03-14
2014-03-17,FES,0.05520789044194241,hold_period_exit,2013-03-15
2014-03-17,FESLQ,0.05520789044194241,hold_period_exit,2013-03-15
2014-03-17,VSB,0.5956910254719758,hold_period_exit,2013-03-15
2014-03-17,ZLTQ,3.2917862992586455,hold_period_exit,2013-03-15
2014-03-18,QUMU,1.2443656214429044,hold_period_exit,2013-03-18
2014-03-19,ACO,0.5143040961662981,hold_period_exit,2013-03-19
2014-03-21,CYNO,0.09878443372361279,hold_period_exit,2013-03-21
2014-03-26,SMRS,-0.5095000362594908,hold_period_exit,2013-03-26
2014-03-27,BETS_old,-0.4411314137920702,hold_period_exit,2013-03-27
2014-03-27,ZIPR,-0.14294836488824014,hold_period_exit,2013-03-27
2014-03-28,OMPI,0.21339033813904917,hold_period_exit,2013-03-28
2014-03-31,ANH,-0.11608861515330049,hold_period_exit,2013-04-01
2014-03-31,DXTR,-0.2636029299567728,hold_period_exit,2013-04-01
2014-03-31,SVU,0.3942933662761847,hold_period_exit,2013-04-01
2014-04-02,SHLO,1.036756773252745,hold_period_exit,2013-04-03
2014-04-02,SIGM,-0.040633187507924884,hold_period_exit,2013-04-03
2014-04-03,MFSF,0.3398418967983743,hold_period_exit,2013-04-04
2014-04-07,OAKS,-0.12354222655560954,hold_period_exit,2013-04-08
2014-04-09,HMTV,0.21688345464692116,hold_period_exit,2013-04-10
2014-04-10,FRP,0.7131756026161291,hold_period_exit,2013-04-11
2014-04-16,LUFK,0.006879402117226485,hold_period_exit,2013-04-17
2014-04-16,SLTM,0.4253000730358756,hold_period_exit,2013-04-17
2014-04-16,SNMX,3.2226032630785717,hold_period_exit,2013-04-17
2014-04-17,GLCH,-0.221917852064215,hold_period_exit,2013-04-18
2014-04-22,TRTC,3.0067634456247134,hold_period_exit,2013-04-22
2014-04-23,OMTH,1.1590909935366893,hold_period_exit,2013-04-23
2014-04-25,PGLC,-0.14757971518767143,hold_period_exit,2013-04-25
2014-04-25,SNAK,0.5654383575571056,hold_period_exit,2013-04-25
2014-04-29,RRM,0.11360426005454238,hold_period_exit,2013-04-29
2014-04-29,TQNT,1.4556627438748224,hold_period_exit,2013-04-29
2014-04-30,OSHC,0.01463270535534078,hold_period_exit,2013-04-30
2014-05-05,MCF,0.2009159877621398,hold_period_exit,2013-05-03
2014-05-06,MLVF,-0.1212381628149185,hold_period_exit,2013-05-06
2014-05-06,PACR,0.49536101075931915,hold_period_exit,2013-05-06
2014-05-07,DAVE_old,1.291531222929145,hold_period_exit,2013-05-07
2014-05-07,ONE2,-0.4107754952841608,hold_period_exit,2013-05-07
2014-05-07,PVG,-0.021320295588268645,hold_period_exit,2013-05-07
2014-05-07,RMGN,-0.7740010476343117,hold_period_exit,2013-05-07
2014-05-08,CECE,0.1291212065871703,hold_period_exit,2013-05-08
2014-05-08,MPR,0.00029289943856047884,hold_period_exit,2013-05-08
2014-05-09,ALR_old,0.2986239851826884,hold_period_exit,2013-05-09
2014-05-09,CXPO,-0.01425428950261265,hold_period_exit,2013-05-09
2014-05-12,DXM,-0.2704862817704121,hold_period_exit,2013-05-10
2014-05-12,DXMMQ,-0.27048975116073437,hold_period_exit,2013-05-10
2014-05-13,JCS,0.15263953881240755,hold_period_exit,2013-05-13
2014-05-19,RCPT,0.7885255536634943,hold_period_exit,2013-05-17
2014-05-20,BBRG,-0.1685866376627072,hold_period_exit,2013-05-20
2014-05-20,OLBK,0.1934314428208086,hold_period_exit,2013-05-20
2014-05-20,REN,-0.08748710631510592,hold_period_exit,2013-05-20
2014-05-20,WPX,0.0637651930307257,hold_period_exit,2013-05-20
2014-05-21,VOCS,1.064500360421465,hold_period_exit,2013-05-21
2014-05-23,PGRX,-0.9532147244232387,hold_period_exit,2013-05-23
2014-05-23,VRML,-0.16836844015420982,hold_period_exit,2013-05-23
2014-05-27,SMTX,-0.18776196807661483,hold_period_exit,2013-05-24
2014-05-27,WLH,-0.03581536086882087,hold_period_exit,2013-05-24
2014-05-28,AMAP,0.7694602661936647,hold_period_exit,2013-05-28
2014-05-28,GTS,-0.11296268686587796,hold_period_exit,2013-05-28
2014-05-28,MFLX_old,-0.3257931783290443,hold_period_exit,2013-05-28
2014-05-29,TTPH,0.3239022285731925,hold_period_exit,2013-05-29
2014-05-30,AMBI_old,-0.0014451197646795366,hold_period_exit,2013-05-30
2014-05-30,ARDM,-0.9755312322134481,hold_period_exit,2013-05-30
2014-05-30,ARDMQ,0.02971561885051477,hold_period_exit,2013-05-30
2014-05-30,WBSN,-0.006079235504427349,hold_period_exit,2013-05-30
2014-06-02,CHYR,0.513009868112227,hold_period_exit,2013-05-31
2014-06-02,CPTS,0.0010549517170312939,hold_period_exit,2013-05-31
2014-06-02,MRIC,0.032332436089966166,hold_period_exit,2013-05-31
2014-06-05,ABKI,-0.5942688642151754,hold_period_exit,2013-06-05
2014-06-06,MZRTF,0.638576732204688,hold_period_exit,2013-06-06
2014-06-09,EPZM,-0.08120150648300994,hold_period_exit,2013-06-07
2014-06-10,BAXS,-0.7517983681882874,hold_period_exit,2013-06-10
2014-06-10,ET_old,0.004763317853089699,hold_period_exit,2013-06-10
2014-06-12,MIFI,-0.5342553441425106,hold_period_exit,2013-06-12
2014-06-16,NRCIA,-0.08063813846949608,hold_period_exit,2013-06-14
2014-06-16,NRCIB,-0.08629262634034673,hold_period_exit,2013-06-14
2014-06-17,AYR,0.1947092767431,hold_period_exit,2013-06-17
2014-06-17,TXTR,0.06021896397034099,hold_period_exit,2013-06-17
2014-06-23,EVBS,0.24368171256025728,hold_period_exit,2013-06-21
2014-06-23,GTIV,0.5462523116001234,hold_period_exit,2013-06-21
2014-06-25,GPIC,0.020563540036713013,hold_period_exit,2013-06-25
2014-06-30,VHS,0.011763252849824823,hold_period_exit,2013-06-28
2014-07-01,CEDU,0.1505560351701729,hold_period_exit,2013-07-01
2014-07-03,CKH,-0.021424652114683695,hold_period_exit,2013-07-03
2014-07-03,PENX,-0.07341029575342639,hold_period_exit,2013-07-03
2014-07-03,STEC_old,0.01108148828828237,hold_period_exit,2013-07-03
2014-07-03,STEC_old1,0.2275468425272582,hold_period_exit,2013-07-03
2014-07-07,SAEXQ,-0.1793661978790999,hold_period_exit,2013-07-05
2014-07-08,PETX,0.5753564916282543,hold_period_exit,2013-07-08
2014-07-09,MMAT,0.7454545454545451,hold_period_exit,2013-07-09
2014-07-11,ESPR,-0.08382658599074488,hold_period_exit,2013-07-11
2014-07-11,NSTG,0.47557579132119754,hold_period_exit,2013-07-11
2014-07-11,NSTGQ,0.474677549136967,hold_period_exit,2013-07-11
2014-07-15,ECTE,-0.22846446295278977,hold_period_exit,2013-07-15
2014-07-18,FBNIQ,-0.9949713529143208,hold_period_exit,2013-07-18
2014-07-18,LEAP_old,0.008163510149465036,hold_period_exit,2013-07-18
2014-07-21,GUID,-0.13271397160594556,hold_period_exit,2013-07-19
2014-07-23,IL,-0.16765404917770788,hold_period_exit,2013-07-23
2014-07-24,OCRX,-0.42103032265376605,hold_period_exit,2013-07-24
2014-07-29,AUTO,1.1132074351326047,hold_period_exit,2013-07-29
2014-07-29,HTBX,-0.5328314498167539,hold_period_exit,2013-07-29
2014-07-31,ICEL,0.1559356394535274,hold_period_exit,2013-07-31
2014-08-04,VWTR,0.00065636889602394,hold_period_exit,2013-08-02
2014-08-05,DRII,0.5780868744276408,hold_period_exit,2013-08-05
2014-08-05,EAGLU1,-0.03125784212441862,hold_period_exit,2013-08-05
2014-08-06,MFRM,0.12315888476863779,hold_period_exit,2013-08-06
2014-08-06,SCEI,0.0,hold_period_exit,2013-08-06
2014-08-08,AMED,0.45554041403685996,hold_period_exit,2013-08-08
2014-08-08,C-WS-A,-0.06913232379065415,hold_period_exit,2013-08-08
2014-08-08,HNSN,-0.3158327460689453,hold_period_exit,2013-08-08
2014-08-08,KEYN,0.0006544466547309113,hold_period_exit,2013-08-08
2014-08-11,CBST,-0.0018223717022926023,hold_period_exit,2013-08-09
2014-08-11,CPPRQ,-0.2572857400540437,hold_period_exit,2013-08-09
2014-08-11,JCP,-0.2572857400540437,hold_period_exit,2013-08-09
2014-08-11,TSRX,-0.007971258364297906,hold_period_exit,2013-08-09
2014-08-12,LCAV,0.40005410086339177,hold_period_exit,2013-08-12
2014-08-14,PRTK,0.29947446065261896,hold_period_exit,2013-08-14
2014-08-18,IMMY,0.18502633900211096,hold_period_exit,2013-08-16
2014-08-18,JMI,0.31554957812607176,hold_period_exit,2013-08-16
2014-08-19,PDLI,0.2805690062895758,hold_period_exit,2013-08-19
2014-08-22,SLGD,0.8823530511735105,hold_period_exit,2013-08-22
2014-08-22,VLTR,0.006132255370840722,hold_period_exit,2013-08-22
2014-08-26,RASF,0.2636404679154918,hold_period_exit,2013-08-26
2014-08-26,RASFD,0.3706772487653638,hold_period_exit,2013-08-26
2014-08-26,RASFN,0.11200691616784897,hold_period_exit,2013-08-26
2014-08-26,RASFQ,0.3707603909463397,hold_period_exit,2013-08-26
2014-08-26,RASLQ,0.11197673846810097,hold_period_exit,2013-08-26
2014-08-29,ISDR,0.3046931438477556,hold_period_exit,2013-08-29
2014-09-02,ACFND,-0.707436950066897,hold_period_exit,2013-08-30
2014-09-03,RGDO,-0.7753662069216392,hold_period_exit,2013-09-03
2014-09-03,TBRA,-0.7753662149985323,hold_period_exit,2013-09-03
2014-09-05,AKRX,1.0272427536584048,hold_period_exit,2013-09-05
2014-09-15,ASXC,-0.5411484461101963,hold_period_exit,2013-09-13
2014-09-15,PLXT,0.09612125050768672,hold_period_exit,2013-09-13
2014-09-15,ROCM,0.00492058734595191,hold_period_exit,2013-09-13
2014-09-19,FFIC,0.06814116212615207,hold_period_exit,2013-09-19
2014-09-23,MHGC,0.17937204086146563,hold_period_exit,2013-09-23
2014-09-25,BRFHD,0.8219836783566326,hold_period_exit,2013-09-25
2014-10-02,MAXD,-0.6336330770097107,hold_period_exit,2013-10-02
2014-10-15,DWOG,-0.1466666600439287,hold_period_exit,2013-10-15
2014-10-15,EMKR,0.1484853603740488,hold_period_exit,2013-10-15
2014-10-20,CKSW,0.12115652728315429,hold_period_exit,2013-10-18
2014-11-03,ACHN_old,3.75248450010906,hold_period_exit,2013-11-01
2014-11-06,CXKJ,-0.5804195744989029,hold_period_exit,2013-11-06
2014-11-07,TLRD,0.007844706625027342,hold_period_exit,2013-11-07
2014-11-13,BCRHF,-0.08094227402945697,hold_period_exit,2013-11-13
2014-11-17,ESGR,0.08403114499671749,hold_period_exit,2013-11-15
2014-11-24,ATAI_old,0.09503425831736423,hold_period_exit,2013-11-22
2014-11-25,INOC,-0.010500448335538759,hold_period_exit,2013-11-25
2014-12-15,HRZL,-0.2309501645499158,hold_period_exit,2013-12-13
2014-12-23,ENLK,0.09584958542679312,hold_period_exit,2013-12-23
2014-12-30,CCIX_old,0.00043787857384480766,hold_period_exit,2013-12-30
2015-01-08,MBII,-0.770509996874655,hold_period_exit,2014-01-08
2015-01-14,GCVRZ,0.9994735520222346,hold_period_exit,2014-01-14
2015-01-14,VITC,0.3752151204489853,hold_period_exit,2014-01-14
2015-01-21,HSON,-0.30555355723667466,hold_period_exit,2014-01-21
2015-01-21,MASC,0.0055248377586982755,hold_period_exit,2014-01-21
2015-01-22,TSRE,-0.03378090229779984,hold_period_exit,2014-01-22
2015-01-23,GLYC,-0.2958673827196363,hold_period_exit,2014-01-23
2015-01-23,PNTR,-0.16557934925872653,hold_period_exit,2014-01-23
2015-01-26,WPP1,-0.24306765403776986,hold_period_exit,2014-01-24
2015-01-27,PAH,0.5408267397088378,hold_period_exit,2014-01-27
2015-01-28,USAK,1.070811927116651,hold_period_exit,2014-01-28
2015-01-29,NNMX,-0.6516760193187073,hold_period_exit,2014-01-29
2015-01-29,NNMXD,-0.6516759959749698,hold_period_exit,2014-01-29
2015-02-03,GENTY,-0.014705854433344157,hold_period_exit,2014-02-03
2015-02-03,GLOG,0.014501232369974915,hold_period_exit,2014-02-03
2015-02-03,REGI,-0.0740740995112027,hold_period_exit,2014-02-03
2015-02-04,MDVLQ,-0.005073710543628929,hold_period_exit,2014-02-04
2015-02-05,DRNA,-0.37200593481383537,hold_period_exit,2014-02-05
2015-02-05,NATL_old,-0.08315013953135253,hold_period_exit,2014-02-05
2015-02-05,TXI,0.243572848707442,hold_period_exit,2014-02-05
2015-02-09,CARB,0.5270546360192989,hold_period_exit,2014-02-07
2015-02-09,RLD,0.001986237236212718,hold_period_exit,2014-02-07
2015-02-10,ANR,-0.7636753942750034,hold_period_exit,2014-02-10
2015-02-10,ANRZ,-0.7644922834804999,hold_period_exit,2014-02-10
2015-02-10,CTRC,-0.613514530047652,hold_period_exit,2014-02-10
2015-02-10,CTRCQ,-0.613514531615389,hold_period_exit,2014-02-10
2015-02-10,END,-0.9965731492522318,hold_period_exit,2014-02-10
2015-02-10,RICE,-0.2055793520402025,hold_period_exit,2014-02-10
2015-02-11,GRA,0.006219583565761244,hold_period_exit,2014-02-11
2015-02-12,ARTC_old,-0.009463122439848592,hold_period_exit,2014-02-12
2015-02-13,ATMI,-0.0022188494830827077,hold_period_exit,2014-02-13
2015-02-13,EBIO,-0.12781929492092647,hold_period_exit,2014-02-13
2015-02-13,IEC,0.0427553032559711,hold_period_exit,2014-02-13
2015-02-13,LNBB,0.5921284535860294,hold_period_exit,2014-02-13
2015-02-13,SESN,-0.1278193031521927,hold_period_exit,2014-02-13
2015-02-17,BINDQ,-0.5735101344052278,hold_period_exit,2014-02-14
2015-02-17,EGLT,-0.02286729699146528,hold_period_exit,2014-02-14
2015-02-17,EGLTQ,-0.025549201526493537,hold_period_exit,2014-02-14
2015-02-17,FBRC,-0.036407889623224055,hold_period_exit,2014-02-14
2015-02-17,XLRN,-0.09864943285245698,hold_period_exit,2014-02-14
2015-02-18,CMFN,-0.08051698497530502,hold_period_exit,2014-02-18
2015-02-18,CRLRQ,-0.7493002170063334,hold_period_exit,2014-02-18
2015-02-18,SZMK,-0.31239563475342425,hold_period_exit,2014-02-18
2015-02-20,ASPX,1.9751599877684916,hold_period_exit,2014-02-20
2015-02-20,NKA,-0.8131032989537847,hold_period_exit,2014-02-20
2015-02-23,ARGS,0.1057391433775503,hold_period_exit,2014-02-21
2015-02-23,ARGSQ,0.1057391897694191,hold_period_exit,2014-02-21
2015-02-24,MOBQD,-0.6670233287436995,hold_period_exit,2014-02-24
2015-02-24,NGHC,0.28546949118543163,hold_period_exit,2014-02-24
2015-02-24,SMPL1,0.047983258455251976,hold_period_exit,2014-02-24
2015-02-26,FLXN_old,0.42973135930099304,hold_period_exit,2014-02-26
2015-02-27,ZLC,-0.03555666137631497,hold_period_exit,2014-02-27
2015-03-02,CBB,0.026224073193366504,hold_period_exit,2014-02-28
2015-03-03,PTX,2.0354212387391275,hold_period_exit,2014-03-03
2015-03-03,PTXTQ,2.0354214270920354,hold_period_exit,2014-03-03
2015-03-03,SMLR,-0.40596893955897173,hold_period_exit,2014-03-03
2015-03-06,PRGX,-0.3193883272533947,hold_period_exit,2014-03-06
2015-03-06,SWS,-0.15333004240313963,hold_period_exit,2014-03-06
2015-03-09,BSTC,0.47380305367825337,hold_period_exit,2014-03-07
2015-03-11,COSI,0.930304043922509,hold_period_exit,2014-03-11
2015-03-12,ATNY,-0.3540327564362229,hold_period_exit,2014-03-12
2015-03-13,CADX,-0.0014286041259764515,hold_period_exit,2014-03-13
2015-03-13,HITK,0.003723555063700923,hold_period_exit,2014-03-13
2015-03-13,PCMI,-0.09286331046083296,hold_period_exit,2014-03-13
2015-03-17,RGRXD,0.28523808433896036,hold_period_exit,2014-03-17
2015-03-18,COCO_old,-0.989581135302998,hold_period_exit,2014-03-18
2015-03-18,PVA,-0.5105406796622713,hold_period_exit,2014-03-18
2015-03-18,PVAHQ,-0.5105406796622713,hold_period_exit,2014-03-18
2015-03-20,ANN,0.1200253445629127,hold_period_exit,2014-03-20
2015-03-23,AMRK,-0.2221702130215082,hold_period_exit,2014-03-21
2015-03-23,REPH,0.012529992069953089,hold_period_exit,2014-03-21
2015-03-23,RLOC,-0.7033683640681323,hold_period_exit,2014-03-21
2015-03-23,SCTL,0.012565916296991109,hold_period_exit,2014-03-21
2015-03-24,GKNT,-0.4589107118379301,hold_period_exit,2014-03-24
2015-03-24,METR,0.3283874382539025,hold_period_exit,2014-03-24
2015-03-24,SGK,0.0362176688109781,hold_period_exit,2014-03-24
2015-03-27,CHMT_old,0.07605631229920529,hold_period_exit,2014-03-27
2015-03-27,EQC,-0.02053630008193663,hold_period_exit,2014-03-27
2015-03-30,CNAB,-0.9298880983360596,hold_period_exit,2014-03-28
2015-03-30,EGAS,0.04909413958766495,hold_period_exit,2014-03-28
2015-03-31,TECU,-0.5971047528604432,hold_period_exit,2014-03-31
2015-03-31,TECUA,-0.11449274651219543,hold_period_exit,2014-03-31
2015-03-31,WH1,-0.996323529532611,hold_period_exit,2014-03-31
2015-04-02,ORBK,0.03958975525412356,hold_period_exit,2014-04-02
2015-04-07,APPCQ,0.3664779527658877,hold_period_exit,2014-04-04
2015-04-07,BODY_old,-0.9902537363675039,hold_period_exit,2014-04-04
2015-04-07,PMBS_old,-0.9995789515945068,hold_period_exit,2014-04-04
2015-04-08,ARAV,-0.3540087261544187,hold_period_exit,2014-04-07
2015-04-08,FOFN,-0.3005750429932804,hold_period_exit,2014-04-07
2015-04-10,PDCE,-0.08329932992289268,hold_period_exit,2014-04-09
2015-04-14,NED,0.006364939340912423,hold_period_exit,2014-04-11
2015-04-15,GSKNF,-0.5879307521250335,hold_period_exit,2014-04-14
2015-04-20,SMRS,1.4983171531152504,hold_period_exit,2014-04-17
2015-04-21,DIGP,-0.9643937211402067,hold_period_exit,2014-04-21
2015-04-23,ACFC,-0.021176506491268343,hold_period_exit,2014-04-23
2015-04-24,TRIV,-0.40034063079141013,hold_period_exit,2014-04-24
2015-04-24,ZIGO,0.0007674288956136532,hold_period_exit,2014-04-24
2015-04-27,ADMS,0.09788986695661483,hold_period_exit,2014-04-25
2015-04-28,AVTA,-0.2413420113803969,hold_period_exit,2014-04-28
2015-04-28,JRVS,-0.1370166712615446,hold_period_exit,2014-04-28
2015-04-28,SUSS,0.0514668031031178,hold_period_exit,2014-04-28
2015-04-28,ZIPR,1.0486321730295685,hold_period_exit,2014-04-28
2015-05-01,AAMC,-0.7731807849505025,hold_period_exit,2014-05-01
2015-05-05,GOGL_old,-0.5905967538835737,hold_period_exit,2014-05-05
2015-05-06,FURX,0.009156882663709842,hold_period_exit,2014-05-06
2015-05-06,NJMC,-0.37272728504228203,hold_period_exit,2014-05-06
2015-05-06,NJMCD,-0.3727272438749647,hold_period_exit,2014-05-06
2015-05-07,MERU,-0.642415054942948,hold_period_exit,2014-05-07
2015-05-11,RCAP,-0.7543682998920391,hold_period_exit,2014-05-09
2015-05-12,PRET,0.3590249209631593,hold_period_exit,2014-05-12
2015-05-12,PRETQ,0.3590255962443558,hold_period_exit,2014-05-12
2015-05-12,QTNTF,0.9347516864749557,hold_period_exit,2014-05-12
2015-05-12,QTNTQ,0.9347516864749557,hold_period_exit,2014-05-12
2015-05-12,XOXO,0.5234656387182133,hold_period_exit,2014-05-12
2015-05-12,YGE,-0.45023509559718045,hold_period_exit,2014-05-12
2015-05-12,YGEHY,-0.45023509559718045,hold_period_exit,2014-05-12
2015-05-15,EQM,0.08902617442322414,hold_period_exit,2014-05-15
2015-05-18,ALLM,-0.20000000000000018,hold_period_exit,2014-05-16
2015-05-20,CEL,-0.6901840510988062,hold_period_exit,2014-05-20
2015-05-21,HT,0.06006628617845777,hold_period_exit,2014-05-21
2015-05-22,BTH,-0.16844754318752253,hold_period_exit,2014-05-22
2015-05-22,GLOP,0.03982412526970691,hold_period_exit,2014-05-22
2015-05-22,SRNA,-0.9778494005771616,hold_period_exit,2014-05-22
2015-05-26,BBQ,-0.33583807637053686,hold_period_exit,2014-05-23
2015-05-26,CKEC,-0.14978771059055052,hold_period_exit,2014-05-23
2015-05-26,DAVE_old,-0.33583807637053686,hold_period_exit,2014-05-23
2015-05-26,IVAC,-0.2934836592995458,hold_period_exit,2014-05-23
2015-05-26,PMFG,0.12056490808074005,hold_period_exit,2014-05-23
2015-05-27,ALQA,-0.30687738742641013,hold_period_exit,2014-05-27
2015-05-27,LEJU,-0.32858902343713925,hold_period_exit,2014-05-27
2015-05-27,POWR_old,0.7552213171868858,hold_period_exit,2014-05-27
2015-05-28,ARX_old,0.002348035285663519,hold_period_exit,2014-05-28
2015-05-28,BIRT,0.38655453514189486,hold_period_exit,2014-05-28
2015-05-28,VVUS,-0.4979659748298949,hold_period_exit,2014-05-28
2015-05-28,VVUSQ,-0.4979659553446356,hold_period_exit,2014-05-28
2015-05-29,LDWY,-0.10063107119279924,hold_period_exit,2014-05-29
2015-05-29,MAMS,-0.015147073425567426,hold_period_exit,2014-05-29
2015-05-29,MCOX,-0.22529112842460008,hold_period_exit,2014-05-29
2015-06-01,DRL,-0.9709923668897872,hold_period_exit,2014-05-30
2015-06-01,DRLCQ,-0.9709923668897872,hold_period_exit,2014-05-30
2015-06-01,MHR,-0.7837236447388687,hold_period_exit,2014-05-30
2015-06-02,STON,0.39420379024925767,hold_period_exit,2014-06-02
2015-06-03,EVLV_old,-0.29514347921481576,hold_period_exit,2014-06-03
2015-06-03,IMBIQ,-0.29514344193445796,hold_period_exit,2014-06-03
2015-06-05,PDH,-0.017691588959252935,hold_period_exit,2014-06-05
2015-06-05,SMED,0.4182173674527838,hold_period_exit,2014-06-05
2015-06-08,SDPI,-0.46611042043487527,hold_period_exit,2014-06-06
2015-06-09,ALO,-0.5474744059141984,hold_period_exit,2014-06-09
2015-06-09,ENBL,-0.2711982298802068,hold_period_exit,2014-06-09
2015-06-09,GLCH,-0.48610412472901177,hold_period_exit,2014-06-09
2015-06-10,STAY,-0.16134883678012824,hold_period_exit,2014-06-10
2015-06-10,YONG,-0.00604178407206124,hold_period_exit,2014-06-10
2015-06-12,EXPR,0.35777622083207294,hold_period_exit,2014-06-12
2015-06-16,LMIA,-0.2340936942524232,hold_period_exit,2014-06-16
2015-06-16,RST,-0.788544323536242,hold_period_exit,2014-06-16
2015-06-17,DAKPQ,-0.48724321812591553,hold_period_exit,2014-06-17
2015-06-17,DAKP,-0.4872223701554246,hold_period_exit,2014-06-17
2015-06-17,SYNC,-0.2183817359112291,hold_period_exit,2014-06-17
2015-06-23,BSF,0.07150096437116926,hold_period_exit,2014-06-23
2015-06-23,HOFSQ,-0.5003181819391042,hold_period_exit,2014-06-23
2015-06-23,OPEN_old,-0.026114370785128127,hold_period_exit,2014-06-23
2015-06-26,HOLI,0.05665042630770434,hold_period_exit,2014-06-26
2015-06-26,UNTKQ,-0.9854524850706575,hold_period_exit,2014-06-26
2015-06-30,PSG,0.04956270556130593,hold_period_exit,2014-06-30
2015-07-01,HGG,-0.6802248405412747,hold_period_exit,2014-07-01
2015-07-01,HGGGQ,-0.6802248405412747,hold_period_exit,2014-07-01
2015-07-06,IMNP,-0.2831150158679353,hold_period_exit,2014-07-03
2015-07-06,MDCI,-0.0024807529066053213,hold_period_exit,2014-07-03
2015-07-06,ZSPH,0.9201787910825452,hold_period_exit,2014-07-03
2015-07-07,AUXL,0.8462958796185938,hold_period_exit,2014-07-07
2015-07-07,ECR,-0.7996315971180779,hold_period_exit,2014-07-07
2015-07-07,GGACU,0.004006003670264491,hold_period_exit,2014-07-07
2015-07-08,BYBK,0.025368752981319798,hold_period_exit,2014-07-08
2015-07-08,SFLY,0.004011795275768115,hold_period_exit,2014-07-08
2015-07-09,SSEIQ,-0.8514969198497359,hold_period_exit,2014-07-09
2015-07-10,JASN,-0.39686278451858614,hold_period_exit,2014-07-10
2015-07-13,RALY,0.996926159227258,hold_period_exit,2014-07-11
2015-07-14,MYGG,-0.8068016819941255,hold_period_exit,2014-07-14
2015-07-14,OPLK,0.42323466385563724,hold_period_exit,2014-07-14
2015-07-14,YDKN,0.2146180590989093,hold_period_exit,2014-07-14
2015-07-15,HITT,0.0012836774346900448,hold_period_exit,2014-07-15
2015-07-16,AVTH,-0.8136335168782448,hold_period_exit,2014-07-16
2015-07-20,DPSID,-0.6259351620947631,hold_period_exit,2014-07-18
2015-07-20,MBVX,-0.8004044820085916,hold_period_exit,2014-07-18
2015-07-21,OPI,-0.17664573889803803,hold_period_exit,2014-07-21
2015-07-23,JMBA,0.23089298592889262,hold_period_exit,2014-07-23
2015-07-24,DXTR,-0.6002522130567856,hold_period_exit,2014-07-24
2015-07-30,ADES,-0.4900099010300767,hold_period_exit,2014-07-30
2015-07-30,LPAD,-0.2799999713897705,hold_period_exit,2014-07-30
2015-07-30,ROKA,-0.7110000000000001,hold_period_exit,2014-07-30
2015-07-31,RLYP,0.4477363101554035,hold_period_exit,2014-07-31
2015-08-04,TUBE,0.4701306179097604,hold_period_exit,2014-08-04
2015-08-05,FALCD,0.1199407255343845,hold_period_exit,2014-08-05
2015-08-07,MCRL,0.28398164162083006,hold_period_exit,2014-08-07
2015-08-07,UNS,0.0006659708025102962,hold_period_exit,2014-08-07
2015-08-10,IMJN,-0.9112043622611831,hold_period_exit,2014-08-08
2015-08-10,LOXO,0.6842565745271809,hold_period_exit,2014-08-08
2015-08-11,BCAR_old,-0.8686274452513797,hold_period_exit,2014-08-11
2015-08-11,FCB,0.5801058270215513,hold_period_exit,2014-08-11
2015-08-11,GFIG,0.2876679852317021,hold_period_exit,2014-08-11
2015-08-14,MONT,0.05163414564854363,hold_period_exit,2014-08-14
2015-08-14,TPCO,-0.43490579881851876,hold_period_exit,2014-08-14
2015-08-14,TRNC,-0.43490840241061335,hold_period_exit,2014-08-14
2015-08-17,FSYS,-0.37970469951113783,hold_period_exit,2014-08-15
2015-08-18,CBDS,-0.840110460021435,hold_period_exit,2014-08-18
2015-08-21,CLUB_old,-0.3836375269525084,hold_period_exit,2014-08-21
2015-08-21,CLUBQ,-0.3846316556045246,hold_period_exit,2014-08-21
2015-08-21,ICD,-0.4875620390701344,hold_period_exit,2014-08-21
2015-08-21,ICDI,-0.4875620390701344,hold_period_exit,2014-08-21
2015-08-21,ICDIQ,-0.4875620390701344,hold_period_exit,2014-08-21
2015-08-21,WRES,-0.9433250329150381,hold_period_exit,2014-08-21
2015-08-24,HMLP,-0.24159399644177149,hold_period_exit,2014-08-22
2015-08-24,RDEN,-0.411576006916611,hold_period_exit,2014-08-22
2015-08-25,LAYN,-0.4298956438296274,hold_period_exit,2014-08-25
2015-08-26,IMH,1.5409074887650411,hold_period_exit,2014-08-26
2015-08-26,IMPHO,0.9964662115071206,hold_period_exit,2014-08-26
2015-08-26,IMPHP,0.8191490505765977,hold_period_exit,2014-08-26
2015-08-26,IMPM,1.5409074887650411,hold_period_exit,2014-08-26
2015-08-31,EPRS,-0.4784780621261643,hold_period_exit,2014-08-29
2015-08-31,WGBS,-0.7333333333333334,hold_period_exit,2014-08-29
2015-09-01,CREXD,-0.7010794227000381,hold_period_exit,2014-09-02
2015-09-01,PSMI,-0.00016699142921983157,hold_period_exit,2014-09-02
2015-09-02,BTN,0.02960681046933944,hold_period_exit,2014-09-03
2015-09-02,DL,-0.3322764003980707,hold_period_exit,2014-09-03
2015-09-02,FGH,0.029479009366422115,hold_period_exit,2014-09-03
2015-09-04,CBIO_old,-0.03059817819777888,hold_period_exit,2014-09-05
2015-09-04,TRGT,-0.6369070336203895,hold_period_exit,2014-09-05
2015-09-08,XRSC,0.00719423781738926,hold_period_exit,2014-09-08
2015-09-15,ALR_old,0.31356348364761466,hold_period_exit,2014-09-15
2015-09-16,MIFI,-0.1358885512963126,hold_period_exit,2014-09-16
2015-09-21,ACEZ,0.39999998509883894,hold_period_exit,2014-09-19
2015-09-23,AFMD,0.21433892133821164,hold_period_exit,2014-09-23
2015-09-28,RSH,-0.759164991980253,hold_period_exit,2014-09-26
2015-10-05,LPDX,0.008663078387310508,hold_period_exit,2014-10-03
2015-10-16,GTIV,-0.016250510369937743,hold_period_exit,2014-10-16
2015-10-21,AUTO,1.3655755038143886,hold_period_exit,2014-10-21
2015-11-03,PRTO_old,0.05415073214764843,hold_period_exit,2014-11-03
2015-11-06,ENZB,-0.23715023073127117,hold_period_exit,2014-11-06
2015-11-09,AVIV_old,0.10723078297318356,hold_period_exit,2014-11-07
2015-11-09,BCOV,-0.04895477740022369,hold_period_exit,2014-11-07
2015-11-13,PEGI,-0.2852479205938623,hold_period_exit,2014-11-13
2015-11-17,CQB,0.0019387066193878866,hold_period_exit,2014-11-17
2015-11-24,CXP,0.008856929694487814,hold_period_exit,2014-11-24
2015-11-25,AMRSQ,-0.47270329879344075,hold_period_exit,2014-11-25
2015-11-25,IGCC,-0.755719596921673,hold_period_exit,2014-11-25
2015-12-18,HSGX,-0.7376965084763843,hold_period_exit,2014-12-18
2015-12-23,EXXIQ,-0.6675749309950383,hold_period_exit,2014-12-23
2015-12-30,FFHL,0.10842816377705344,hold_period_exit,2014-12-30
2015-12-31,UPI,-0.41222943934093736,hold_period_exit,2014-12-31
2016-01-11,FTD,-0.30491111878443733,hold_period_exit,2015-01-09
2016-01-21,FMI,-0.6500342524451344,hold_period_exit,2015-01-21
2016-01-21,MEA,0.32222232082743973,hold_period_exit,2015-01-21
2016-01-22,PENX,0.0038369286414987602,hold_period_exit,2015-01-22
2016-01-26,KSPN,-0.08764547103635467,hold_period_exit,2015-01-26
2016-01-26,RGDO,0.13866524659159762,hold_period_exit,2015-01-26
2016-01-26,TBRA,-0.9162353253679649,hold_period_exit,2015-01-26
2016-01-26,TWMC,-0.08764547103635456,hold_period_exit,2015-01-26
2016-01-28,ENIP,-0.96875,hold_period_exit,2015-01-28
2016-01-28,OCEL,2.225813075142482,hold_period_exit,2015-01-28
2016-01-28,PVG,-0.392351281185632,hold_period_exit,2015-01-28
2016-02-01,BVSN,-0.028331009275376684,hold_period_exit,2015-01-30
2016-02-02,CRC_old,-0.8011269100157197,hold_period_exit,2015-02-02
2016-02-02,CRCQQ,-0.8012379994648211,hold_period_exit,2015-02-02
2016-02-04,ABKI,-0.8999050545388465,hold_period_exit,2015-02-04
2016-02-04,GBCSD,-0.3543319188884233,hold_period_exit,2015-02-04
2016-02-05,ONCE,-0.4327321705470524,hold_period_exit,2015-02-05
2016-02-05,OPRXD,-0.1250000196226828,hold_period_exit,2015-02-05
2016-02-09,LENS_old,-0.38374097637336757,hold_period_exit,2015-02-09
2016-02-09,LENSF,-0.3837720905032508,hold_period_exit,2015-02-09
2016-02-09,NEUL,-0.5384615318485968,hold_period_exit,2015-02-09
2016-02-09,PLPM,0.75130603736328,hold_period_exit,2015-02-09
2016-02-09,VWTR,-0.49358098312509124,hold_period_exit,2015-02-09
2016-02-10,ADNC,0.1088435455060528,hold_period_exit,2015-02-10
2016-02-10,TPX,0.015524283815665063,hold_period_exit,2015-02-10
2016-02-11,ENTL_old,-0.26667145624756494,hold_period_exit,2015-02-11
2016-02-11,JRVSD,-0.6697940472102206,hold_period_exit,2015-02-11
2016-02-12,ENTR1,0.026178431722561735,hold_period_exit,2015-02-12
2016-02-17,CORI,-0.1829234368405508,hold_period_exit,2015-02-17
2016-02-17,EOPN,-0.0011649504908198827,hold_period_exit,2015-02-17
2016-02-17,HCLP,-0.8737319597440089,hold_period_exit,2015-02-17
2016-02-17,HCR,-0.8737326019626351,hold_period_exit,2015-02-17
2016-02-17,IMPR,-0.24528759529067434,hold_period_exit,2015-02-17
2016-02-17,SNC,0.1332705446183573,hold_period_exit,2015-02-17
2016-02-17,WMLPQ,-0.6242757092013484,hold_period_exit,2015-02-17
2016-02-19,BLTA,-0.9333333286767205,hold_period_exit,2015-02-19
2016-02-19,INTX,-0.39228561689242114,hold_period_exit,2015-02-19
2016-02-22,NNMX,-0.6666666817183441,hold_period_exit,2015-02-20
2016-02-22,NNMXD,-0.6666666555301651,hold_period_exit,2015-02-20
2016-02-23,MWIV,0.0003482141733097688,hold_period_exit,2015-02-23
2016-02-24,AVNU,0.5242764228492851,hold_period_exit,2015-02-24
2016-02-24,DSOX,-0.7759485977026831,hold_period_exit,2015-02-24
2016-02-24,HLSS,-0.07906206093392276,hold_period_exit,2015-02-24
2016-02-25,SFXE,-0.9967810100108369,hold_period_exit,2015-02-25
2016-02-26,BITA_old,-0.6813432456967699,hold_period_exit,2015-02-26
2016-02-26,ESSX,-0.7866666714350383,hold_period_exit,2015-02-26
2016-02-26,RESN,-0.8756865385750364,hold_period_exit,2015-02-26
2016-02-29,WAIR,-0.15968241655676074,hold_period_exit,2015-02-27
2016-03-01,SBBX,0.2955434265782899,hold_period_exit,2015-03-02
2016-03-02,DATE,0.39367513766944495,hold_period_exit,2015-03-03
2016-03-04,EGL,-0.5097154560090129,hold_period_exit,2015-03-05
2016-03-07,BKJ,-0.03267668961471282,hold_period_exit,2015-03-06
2016-03-07,BNFT,-0.1609545892102664,hold_period_exit,2015-03-06
2016-03-07,CKSW,0.5029567860210356,hold_period_exit,2015-03-06
2016-03-08,ATLS,-0.9425815027483077,hold_period_exit,2015-03-09
2016-03-08,VTLE,-0.39544176820861343,hold_period_exit,2015-03-09
2016-03-11,CDOR,-0.5992168564647568,hold_period_exit,2015-03-12
2016-03-11,SPPRP,0.16426105007570202,hold_period_exit,2015-03-12
2016-03-15,OWW,0.013605428936910968,hold_period_exit,2015-03-16
2016-03-17,EHIC,0.4480342659619383,hold_period_exit,2015-03-18
2016-03-21,BBLUQ,-0.9145071917004232,hold_period_exit,2015-03-20
2016-03-21,BV_old,-0.44425580693564903,hold_period_exit,2015-03-20
2016-03-22,ARTX,-0.245922284693459,hold_period_exit,2015-03-23
2016-03-22,BRFHD,0.4680753273646012,hold_period_exit,2015-03-23
2016-03-23,LKM,0.1320743195341343,hold_period_exit,2015-03-24
2016-03-23,MSCC,-0.006116187791933569,hold_period_exit,2015-03-24
2016-03-23,NQ,0.1320743195341343,hold_period_exit,2015-03-24
2016-03-28,WPT,-0.2518777206031674,hold_period_exit,2015-03-26
2016-03-29,CRCM,-0.22358022037867098,hold_period_exit,2015-03-27
2016-03-30,JASNQ,-0.4909753737578313,hold_period_exit,2015-03-30
2016-04-01,ASBB,0.1371467107002864,hold_period_exit,2015-04-01
2016-04-01,CBK_old,-0.6114864995481324,hold_period_exit,2015-04-01
2016-04-01,CBKC,-0.6114864995481324,hold_period_exit,2015-04-01
2016-04-01,ENH,0.07430107769678629,hold_period_exit,2015-04-01
2016-04-01,MRH,0.4383498798067669,hold_period_exit,2015-04-01
2016-04-04,CBR,-0.4824351285572035,hold_period_exit,2015-04-02
2016-04-04,DM_old,-0.17060329754670678,hold_period_exit,2015-04-02
2016-04-05,ICEL,0.0013999024716264685,hold_period_exit,2015-04-06
2016-04-05,JMG,0.4223915913563683,hold_period_exit,2015-04-06
2016-04-05,PULS1,-0.05834882832586186,hold_period_exit,2015-04-06
2016-04-05,SMLR,-0.48883145200665057,hold_period_exit,2015-04-06
2016-04-07,ASPX,0.003778059718633431,hold_period_exit,2015-04-08
2016-04-07,IRBT,0.016360639337783756,hold_period_exit,2015-04-08
2016-04-07,IRBTQ,0.016360639337783756,hold_period_exit,2015-04-08
2016-04-13,HMTV,0.018981180191520064,hold_period_exit,2015-04-14
2016-04-14,LLEX,-0.9267665794574397,hold_period_exit,2015-04-15
2016-04-14,LLEXQ,-0.8995723364333328,hold_period_exit,2015-04-15
2016-04-15,IPAS,-0.14529914529914545,hold_period_exit,2015-04-16
2016-04-18,GNKWF,-0.9426229519209404,hold_period_exit,2015-04-17
2016-04-19,EVEP,-0.8422747451346225,hold_period_exit,2015-04-20
2016-04-19,EVEPQ,-0.8422747451346225,hold_period_exit,2015-04-20
2016-04-19,PRGX,0.26332507039020503,hold_period_exit,2015-04-20
2016-04-20,CBYL,-0.9160216849945978,hold_period_exit,2015-04-21
2016-04-20,KALV,-0.9160307652046743,hold_period_exit,2015-04-21
2016-04-21,VSI,-0.32286999781104897,hold_period_exit,2015-04-22
2016-04-22,CDTX,-0.08082026046304303,hold_period_exit,2015-04-23
2016-04-22,HPTX,-0.004315196235432639,hold_period_exit,2015-04-23
2016-04-25,AMPED,0.7878435332570755,hold_period_exit,2015-04-24
2016-04-25,KDNY,-0.5658333248562284,hold_period_exit,2015-04-24
2016-04-25,YGYI,-0.18219824224193926,hold_period_exit,2015-04-24
2016-04-27,SVU,-0.45584063630664895,hold_period_exit,2015-04-28
2016-04-28,INLXD,0.5573091686753622,hold_period_exit,2015-04-29
2016-05-02,AMNL,-0.7313432795987095,hold_period_exit,2015-05-01
2016-05-02,PTX,-0.857963967276528,hold_period_exit,2015-05-01
2016-05-02,PTXTQ,-0.8579639622324289,hold_period_exit,2015-05-01
2016-05-02,VGEN,-0.641635357751916,hold_period_exit,2015-05-01
2016-05-03,CECE,-0.4296834710770949,hold_period_exit,2015-05-04
2016-05-03,OSGB,-0.3330834399260667,hold_period_exit,2015-05-04
2016-05-05,MESG,-0.1535345357498663,hold_period_exit,2015-05-06
2016-05-06,ECIGQ,-0.3607761973284297,hold_period_exit,2015-05-07
2016-05-06,PDII,-0.6128873153471611,hold_period_exit,2015-05-07
2016-05-06,VHUBD,-0.1452991139489036,hold_period_exit,2015-05-07
2016-05-10,GLUU,-0.654152348209301,hold_period_exit,2015-05-11
2016-05-10,MOFG,-0.04356493536930639,hold_period_exit,2015-05-11
2016-05-11,SPPI,0.09198651207367958,hold_period_exit,2015-05-12
2016-05-12,CYNI,0.20324026101501524,hold_period_exit,2015-05-13
2016-05-13,AAPC,0.014315255257158377,hold_period_exit,2015-05-14
2016-05-13,AMCC,0.09188263133717722,hold_period_exit,2015-05-14
2016-05-13,LYRI,0.01616628016564592,hold_period_exit,2015-05-14
2016-05-16,ADAP,-0.455918358155579,hold_period_exit,2015-05-15
2016-05-16,ADGE,-0.6701758151383101,hold_period_exit,2015-05-15
2016-05-16,BRDR,0.0025063832286762455,hold_period_exit,2015-05-15
2016-05-16,CAS_old1,-0.6824104087807001,hold_period_exit,2015-05-15
2016-05-16,HIL,-0.2119701195590168,hold_period_exit,2015-05-15
2016-05-16,HILI,-0.2119701195590168,hold_period_exit,2015-05-15
2016-05-16,LIFE_old1,-0.8551145336062503,hold_period_exit,2015-05-15
2016-05-17,RSTI,0.0693109857526979,hold_period_exit,2015-05-18
2016-05-17,TECU,0.6578072381821414,hold_period_exit,2015-05-18
2016-05-17,ZRMG,-0.9459459459459459,hold_period_exit,2015-05-18
2016-05-18,DS,-0.06473778088455084,hold_period_exit,2015-05-19
2016-05-18,DSHK,-0.06475293764813295,hold_period_exit,2015-05-19
2016-05-18,DSHKN,-0.06835703761035516,hold_period_exit,2015-05-19
2016-05-18,DSHKO,-0.04042993732057565,hold_period_exit,2015-05-19
2016-05-18,DSHKP,-0.061543472300212065,hold_period_exit,2015-05-19
2016-05-20,TSRE,-0.06548339407813453,hold_period_exit,2015-05-21
2016-05-23,MFSF,0.2636678695700587,hold_period_exit,2015-05-22
2016-05-23,PBY1,0.7470210918930693,hold_period_exit,2015-05-22
2016-05-24,ALJ,-0.506924363611154,hold_period_exit,2015-05-26
2016-05-25,MMAT,-0.20965041537478546,hold_period_exit,2015-05-27
2016-05-25,SHSP,-0.39695009789540403,hold_period_exit,2015-05-27
2016-05-31,CTRP,0.1045851183060007,hold_period_exit,2015-06-01
2016-05-31,RLJE,-0.7174218360615114,hold_period_exit,2015-06-01
2016-06-01,RMGN,-0.7294814034902977,hold_period_exit,2015-06-02
2016-06-02,ESGR,-0.02603831117669364,hold_period_exit,2015-06-03
2016-06-08,GKNT,0.004671060431003848,hold_period_exit,2015-06-09
2016-06-09,EMWP,-0.5959743522953036,hold_period_exit,2015-06-10
2016-06-09,EROS,-0.4555166048509156,hold_period_exit,2015-06-10
2016-06-13,MXWL,-0.1348122771081307,hold_period_exit,2015-06-12
2016-06-14,GI,-0.7406066611223092,hold_period_exit,2015-06-15
2016-06-15,CHUCD,-0.08425811784102721,hold_period_exit,2015-06-16
2016-06-16,STV,-0.7482447820215669,hold_period_exit,2015-06-17
2016-06-16,STVVY,-0.7482447820215669,hold_period_exit,2015-06-17
2016-06-20,MRC,-0.037261175058274976,hold_period_exit,2015-06-19
2016-06-21,BBQ,-0.7275314643029227,hold_period_exit,2015-06-22
2016-06-21,DAVE_old,-0.7275314643029227,hold_period_exit,2015-06-22
2016-06-21,DHCP,-0.8565946881806047,hold_period_exit,2015-06-22
2016-06-21,LRAD,-0.1771912177110636,hold_period_exit,2015-06-22
2016-06-21,REN,-0.8564453907448804,hold_period_exit,2015-06-22
2016-06-21,RST,-0.15942300312811064,hold_period_exit,2015-06-22
2016-06-21,TCTM,-0.2637855915992482,hold_period_exit,2015-06-22
2016-06-21,WAC,-0.8565946881806047,hold_period_exit,2015-06-22
2016-06-23,AY,-0.45137409651335125,hold_period_exit,2015-06-24
2016-06-23,INAP,-0.7423540668138471,hold_period_exit,2015-06-24
2016-06-23,RYL,-0.13256291677171927,hold_period_exit,2015-06-24
2016-06-24,ESIO,0.0723326588344082,hold_period_exit,2015-06-25
2016-06-24,JE,0.26035249128135507,hold_period_exit,2015-06-25
2016-06-24,JENGQ,0.18025817470526717,hold_period_exit,2015-06-25
2016-06-24,RLH,-0.0828947529403129,hold_period_exit,2015-06-25
2016-06-27,ALPN,-0.7342198289883268,hold_period_exit,2015-06-26
2016-06-27,NVLS,-0.7342198289883268,hold_period_exit,2015-06-26
2016-06-28,AMCN,-0.144387014560586,hold_period_exit,2015-06-29
2016-06-28,ANTE,-0.144387014560586,hold_period_exit,2015-06-29
2016-06-28,KYTH,-0.0029204555230435414,hold_period_exit,2015-06-29
2016-06-29,BPSR,-0.33533296719563555,hold_period_exit,2015-06-30
2016-06-29,OHGID,-0.7731639858315127,hold_period_exit,2015-06-30
2016-06-30,IMI,-0.3449028005133883,hold_period_exit,2015-07-01
2016-06-30,UNVR,-0.27193225792990106,hold_period_exit,2015-07-01
2016-07-01,AMBR_old,0.16347572013998635,hold_period_exit,2015-07-02
2016-07-01,GNRT,-0.5418181679465555,hold_period_exit,2015-07-02
2016-07-06,CCR,-0.281129559738321,hold_period_exit,2015-07-07
2016-07-06,CNXC_old,-0.2809037014292085,hold_period_exit,2015-07-07
2016-07-07,ATXS,-0.7294898462168342,hold_period_exit,2015-07-08
2016-07-07,CATB,-0.729494545493536,hold_period_exit,2015-07-08
2016-07-07,JUNO,-0.16863541826097972,hold_period_exit,2015-07-08
2016-07-08,GPP,0.1550681017903517,hold_period_exit,2015-07-09
2016-07-08,LINDW,-0.07936568744494332,hold_period_exit,2015-07-09
2016-07-08,PDVW,-0.3786539526405347,hold_period_exit,2015-07-09
2016-07-08,PIRS,-0.3557274463164367,hold_period_exit,2015-07-09
2016-07-11,TACO_old2,-0.3768313988539109,hold_period_exit,2015-07-10
2016-07-13,TRAK_old,0.012157487829370428,hold_period_exit,2015-07-14
2016-07-14,REPH,-0.49475881254738263,hold_period_exit,2015-07-15
2016-07-14,SCTL,-0.494758043068922,hold_period_exit,2015-07-15
2016-07-15,FBRC,-0.30529456336780714,hold_period_exit,2015-07-16
2016-07-19,AMRI,-0.33051780841312395,hold_period_exit,2015-07-20
2016-07-20,PVBC,0.24394952158613825,hold_period_exit,2015-07-21
2016-07-22,AVOL,0.22059804371945813,hold_period_exit,2015-07-23
2016-07-22,BSGMD,-0.18462354131882608,hold_period_exit,2015-07-23
2016-07-22,QADA,-0.2822096105396923,hold_period_exit,2015-07-23
2016-07-22,QADB,-0.19337345775362091,hold_period_exit,2015-07-23
2016-07-26,RIF,0.2475606062652671,hold_period_exit,2015-07-27
2016-07-26,RMRM,0.24565797909316678,hold_period_exit,2015-07-27
2016-07-26,SDPI,-0.08662846151971282,hold_period_exit,2015-07-27
2016-07-27,IDSY,-0.08336425380286949,hold_period_exit,2015-07-28
2016-07-28,BDBD,0.5319444479397788,hold_period_exit,2015-07-29
2016-08-01,SNR,-0.011924856813115614,hold_period_exit,2015-07-31
2016-08-02,AF,-0.04387971067159957,hold_period_exit,2015-08-03
2016-08-02,ALXA,-0.06199839758701653,hold_period_exit,2015-08-03
2016-08-02,MDAS,0.3248179532604272,hold_period_exit,2015-08-03
2016-08-05,CLDB,0.1475739233698279,hold_period_exit,2015-08-06
2016-08-08,ACFC,0.08090283192263414,hold_period_exit,2015-08-07
2016-08-08,GLDC,2.008146550571837,hold_period_exit,2015-08-07
2016-08-09,AGFS,-0.46248895025624637,hold_period_exit,2015-08-10
2016-08-09,AQXP,-0.5015889991891345,hold_period_exit,2015-08-10
2016-08-09,BLPGD,-0.04221455315426004,hold_period_exit,2015-08-10
2016-08-09,GDEN,0.7715482317084204,hold_period_exit,2015-08-10
2016-08-09,NLTX,-0.5015889991891345,hold_period_exit,2015-08-10
2016-08-09,WYIGU,-0.006965238524380246,hold_period_exit,2015-08-10
2016-08-10,OME,0.5125606367087872,hold_period_exit,2015-08-11
2016-08-10,UTEK,0.4714983903611101,hold_period_exit,2015-08-11
2016-08-11,CTRC,0.13944659751185728,hold_period_exit,2015-08-12
2016-08-11,CTRCQ,0.13944657964854645,hold_period_exit,2015-08-12
2016-08-15,VIEWF,-0.28122068773492104,hold_period_exit,2015-08-14
2016-08-16,ONE2,1.513596075648128,hold_period_exit,2015-08-17
2016-08-18,FMD,0.33999074018111863,hold_period_exit,2015-08-19
2016-08-18,RNF,-0.11923862123553108,hold_period_exit,2015-08-19
2016-08-18,YECO_old,-0.6201157680206291,hold_period_exit,2015-08-19
2016-08-22,SSRG,0.48781434177576566,hold_period_exit,2015-08-21
2016-08-22,SYA,0.019254996413001546,hold_period_exit,2015-08-21
2016-08-24,JCAP_old,0.04675588892061455,hold_period_exit,2015-08-25
2016-08-26,CEADD,-0.48368197221052645,hold_period_exit,2015-08-27
2016-08-26,NYMX,0.6703224400775762,hold_period_exit,2015-08-27
2016-08-26,SRNA,-0.4836810430808236,hold_period_exit,2015-08-27
2016-08-29,EMES_old,-0.32110926074229906,hold_period_exit,2015-08-28
2016-08-29,EMESZ,-0.32110926074229906,hold_period_exit,2015-08-28
2016-08-29,RCAP,-0.8536893867301385,hold_period_exit,2015-08-28
2016-08-29,SPNE,-0.3181517206887632,hold_period_exit,2015-08-28
2016-08-30,AXE,0.0083255198753458,hold_period_exit,2015-08-31
2016-08-30,NK,-0.5058411434911007,hold_period_exit,2015-08-31
2016-08-30,WMTM,-0.7461806865884899,hold_period_exit,2015-08-31
2016-09-01,FSYS,-0.14960627142247285,hold_period_exit,2015-09-02
2016-09-06,DXTR,-0.947058824931874,hold_period_exit,2015-09-04
2016-09-06,TUBE,-0.17236314845087086,hold_period_exit,2015-09-04
2016-09-08,KANG,0.1667321245215303,hold_period_exit,2015-09-09
2016-09-09,PSEM,0.05473984722228997,hold_period_exit,2015-09-10
2016-09-13,ORIG,-0.015524165777253685,hold_period_exit,2015-09-14
2016-09-15,NWBOW,-0.9333333338239065,hold_period_exit,2015-09-16
2016-09-16,LMOS,0.14012764513267273,hold_period_exit,2015-09-17
2016-09-19,JGW,-0.9136276420759641,hold_period_exit,2015-09-18
2016-09-26,HCOM_old,0.06078774200747006,hold_period_exit,2015-09-25
2016-09-27,MOMTD,0.2181817835027522,hold_period_exit,2015-09-28
2016-09-28,MINM,0.9430775269609621,hold_period_exit,2015-09-29
2016-09-29,ASXC,-0.3273100684226359,hold_period_exit,2015-09-30
2016-09-29,SNAK,0.03150966894423557,hold_period_exit,2015-09-30
2016-09-29,TRXC,-0.3282959046805217,hold_period_exit,2015-09-30
2016-10-03,NBRV,-0.04331200117932277,hold_period_exit,2015-10-02
2016-10-03,TPCO,1.18435001760565,hold_period_exit,2015-10-02
2016-10-04,SPRT,-0.7612893790185962,hold_period_exit,2015-10-05
2016-10-17,EDGE_old,-0.5300020136594534,hold_period_exit,2015-10-16
2016-10-25,AJRD,0.043451687209418166,hold_period_exit,2015-10-26
2016-10-27,CAB,0.5827068274928793,hold_period_exit,2015-10-28
2016-10-28,EZCH,0.04638748491190192,hold_period_exit,2015-10-29
2016-11-02,SBBP,-0.4423924891268919,hold_period_exit,2015-11-03
2016-11-07,DMTX,-0.63816231116604,hold_period_exit,2015-11-06
2016-11-09,STGG,-0.5503734025300786,hold_period_exit,2015-11-10
2016-11-11,RLD,0.028037401503044235,hold_period_exit,2015-11-12
2016-11-14,ZSPH,0.0017972453121473109,hold_period_exit,2015-11-13
2016-11-16,SFUN,-0.6166903356596649,hold_period_exit,2015-11-17
2016-11-23,HMHC,-0.44433948539855317,hold_period_exit,2015-11-24
2016-11-25,CTRL,0.5696355040346963,hold_period_exit,2015-11-25
2016-12-20,CASC,-0.94225359236026,hold_period_exit,2015-12-21
2016-12-22,XCO,-0.20278686576746807,hold_period_exit,2015-12-23
2017-01-05,ESTE,0.005263851962506116,hold_period_exit,2016-01-06
2017-01-05,OCAT,0.007134413876970891,hold_period_exit,2016-01-06
2017-01-10,DSKY,0.04501128168820823,hold_period_exit,2016-01-11
2017-01-20,ENOC,0.5599332494494929,hold_period_exit,2016-01-21
2017-01-23,IRC,0.004991810846682876,hold_period_exit,2016-01-22
2017-01-23,RAS,0.6452891482781824,hold_period_exit,2016-01-22
2017-01-23,RASF,0.6415875700931992,hold_period_exit,2016-01-22
2017-01-25,EPIX,-0.42880360183002975,hold_period_exit,2016-01-26
2017-01-30,JST,0.13276124563460567,hold_period_exit,2016-01-29
2017-01-31,NSPH,1.23649370363675,hold_period_exit,2016-02-01
2017-01-31,PSG,-0.4727272622184647,hold_period_exit,2016-02-01
2017-01-31,PSGLQ,-0.8696969656467,hold_period_exit,2016-02-01
2017-01-31,SMLP,0.4882600965292634,hold_period_exit,2016-02-01
2017-02-01,APPO,-0.4850000070780516,hold_period_exit,2016-02-02
2017-02-02,DWCH,0.7121652910128009,hold_period_exit,2016-02-03
2017-02-02,SOL_old,-0.585644924378269,hold_period_exit,2016-02-03
2017-02-02,SOL,-0.585644924378269,hold_period_exit,2016-02-03
2017-02-06,GRO_old,-0.1676470656983443,hold_period_exit,2016-02-05
2017-02-07,DFBG,-0.562359540769511,hold_period_exit,2016-02-08
2017-02-07,OUTR,0.7932147844746389,hold_period_exit,2016-02-08
2017-02-08,HLWD,0.333333300219643,hold_period_exit,2016-02-09
2017-02-08,MFRM,0.9435336767487474,hold_period_exit,2016-02-09
2017-02-10,GUID,0.5980144552517026,hold_period_exit,2016-02-11
2017-02-13,DL,-0.01356476624158831,hold_period_exit,2016-02-12
2017-02-13,FSNN,-0.10370257599494004,hold_period_exit,2016-02-12
2017-02-13,GBCSD,0.0,hold_period_exit,2016-02-12
2017-02-13,TRNC,0.9882634851518528,hold_period_exit,2016-02-12
2017-02-14,MXPT,-0.24305556245424098,hold_period_exit,2016-02-16
2017-02-14,NETI,2.2542080368019213,hold_period_exit,2016-02-16
2017-02-14,PROM,-0.8258317093206324,hold_period_exit,2016-02-16
2017-02-14,RCM,-0.11998707171011169,hold_period_exit,2016-02-16
2017-02-14,SCMP,-0.0824261014871902,hold_period_exit,2016-02-16
2017-02-14,SYNC,0.8862276504883477,hold_period_exit,2016-02-16
2017-02-17,AVXS,2.1374066076404103,hold_period_exit,2016-02-19
2017-02-17,CSOD,0.5941201330997852,hold_period_exit,2016-02-19
2017-02-21,CCG_old,0.001650384956691564,hold_period_exit,2016-02-22
2017-02-21,SCLN,0.07946852658004344,hold_period_exit,2016-02-22
2017-02-21,WETF,-0.20588605392937975,hold_period_exit,2016-02-22
2017-02-27,ITI,0.8931185384635196,hold_period_exit,2016-02-26
2017-02-27,UTMR,0.3222223096055774,hold_period_exit,2016-02-26
2017-02-28,SFLY,0.006013303786641444,hold_period_exit,2016-02-29
2017-03-01,NAME,0.018347547641423212,hold_period_exit,2016-03-01
2017-03-02,ASFI,0.19169316236501377,hold_period_exit,2016-03-02
2017-03-03,QLIK,0.14446530718870032,hold_period_exit,2016-03-03
2017-03-06,HCJ,-0.007781645131566428,hold_period_exit,2016-03-04
2017-03-07,SUMR,0.10819640923181573,hold_period_exit,2016-03-07
2017-03-07,WINS,25.227141669767608,hold_period_exit,2016-03-07
2017-03-08,CKEC,0.1163102085799197,hold_period_exit,2016-03-08
2017-03-09,NAVB,-0.3040240478771784,hold_period_exit,2016-03-09
2017-03-10,EXTN,0.7062616444466088,hold_period_exit,2016-03-10
2017-03-10,SPA,0.4048199068988536,hold_period_exit,2016-03-10
2017-03-13,AVP,0.02619143548780234,hold_period_exit,2016-03-11
2017-03-13,HNGR,1.4615246403702646,hold_period_exit,2016-03-11
2017-03-13,WBT,0.2938592448631878,hold_period_exit,2016-03-11
2017-03-14,CBAK,-0.45276104353068136,hold_period_exit,2016-03-14
2017-03-14,SPI,-0.8227605099259316,hold_period_exit,2016-03-14
2017-03-16,CCN,0.33652752466099645,hold_period_exit,2016-03-16
2017-03-16,ESES,-0.4865188891606247,hold_period_exit,2016-03-16
2017-03-16,FNTCU,0.05818184939297755,hold_period_exit,2016-03-16
2017-03-16,VEGL,3.517199993133545,hold_period_exit,2016-03-16
2017-03-17,POWR_old,0.006907843770655786,hold_period_exit,2016-03-17
2017-03-17,RPXC,0.10358096728434885,hold_period_exit,2016-03-17
2017-03-20,TNGO,-0.3393782327413819,hold_period_exit,2016-03-18
2017-03-20,WMAR,0.021909646883502276,hold_period_exit,2016-03-18
2017-03-22,ARGS,-0.8312106645646788,hold_period_exit,2016-03-22
2017-03-22,ARGSQ,-0.8312106618595086,hold_period_exit,2016-03-22
2017-03-24,OREX,-0.3033176316970978,hold_period_exit,2016-03-24
2017-03-24,OREXQ,-0.3033176316970978,hold_period_exit,2016-03-24
2017-03-24,SQNM,0.6015093858496812,hold_period_exit,2016-03-24
2017-03-27,CDOR,0.05586482627467104,hold_period_exit,2016-03-28
2017-03-27,CDORO,0.004494423714656692,hold_period_exit,2016-03-28
2017-03-28,AINV,0.2705556403691969,hold_period_exit,2016-03-29
2017-03-28,AIY,0.025690923849422953,hold_period_exit,2016-03-29
2017-03-28,EVLV_old,0.34564689066944165,hold_period_exit,2016-03-29
2017-03-28,IMBIQ,0.3456468672513966,hold_period_exit,2016-03-29
2017-03-28,MILL,-0.02002908073510068,hold_period_exit,2016-03-29
2017-03-30,DSKX,-0.13296702031876972,hold_period_exit,2016-03-31
2017-03-30,MBRG,0.8298102036917374,hold_period_exit,2016-03-31
2017-03-31,EIGR,-0.3835070804914068,hold_period_exit,2016-04-01
2017-04-04,TROV,-0.7871570476945832,hold_period_exit,2016-04-05
2017-04-06,AZUR,-0.12565114460403348,hold_period_exit,2016-04-07
2017-04-06,EMKR,1.1598757375502236,hold_period_exit,2016-04-07
2017-04-07,AIQ_old,0.4301557648253731,hold_period_exit,2016-04-08
2017-04-07,VA,0.03309151219852291,hold_period_exit,2016-04-08
2017-04-10,AFI,0.3693560093693029,hold_period_exit,2016-04-11
2017-04-11,IDTI,0.1628932069139173,hold_period_exit,2016-04-12
2017-04-12,LMIA,0.6310190639996507,hold_period_exit,2016-04-13
2017-04-17,WLMS,0.8940747834286951,hold_period_exit,2016-04-15
2017-04-17,WLMSQ,0.8940747834286951,hold_period_exit,2016-04-15
2017-04-18,SRNEQ,-0.7761529563623424,hold_period_exit,2016-04-18
2017-04-20,AFOP,0.00040040032251109636,hold_period_exit,2016-04-20
2017-04-24,ATLS,-0.8306802350528599,hold_period_exit,2016-04-22
2017-04-24,BLOX_old,0.704131747225184,hold_period_exit,2016-04-22
2017-04-25,CMXC,0.015575387032169097,hold_period_exit,2016-04-25
2017-04-25,HNSN,-0.060949793165350874,hold_period_exit,2016-04-25
2017-04-28,SNTA,-0.18976677893860128,hold_period_exit,2016-04-28
2017-05-03,XLIT,-0.6926433742122451,hold_period_exit,2016-05-03
2017-05-04,CBR,-0.8558139587751008,hold_period_exit,2016-05-04
2017-05-04,CBRIQ,-0.8558139587751008,hold_period_exit,2016-05-04
2017-05-05,NHLD,-0.14929861046125148,hold_period_exit,2016-05-05
2017-05-09,CNXR,-0.6673001068682602,hold_period_exit,2016-05-09
2017-05-10,CSWI,0.08453087169188245,hold_period_exit,2016-05-10
2017-05-10,TXTR,-0.0006895556719020979,hold_period_exit,2016-05-10
2017-05-11,QSAMD,-0.496551724137931,hold_period_exit,2016-05-11
2017-05-11,VWTR,0.7534361446427484,hold_period_exit,2016-05-11
2017-05-15,AST,0.2251655864410247,hold_period_exit,2016-05-13
2017-05-16,ESI1,-0.0825766804046334,hold_period_exit,2016-05-16
2017-05-16,GSV,0.048719548784052824,hold_period_exit,2016-05-16
2017-05-18,ADVM,-0.34669112184013307,hold_period_exit,2016-05-18
2017-05-18,COVS,0.16325016220778843,hold_period_exit,2016-05-18
2017-05-23,ACTS_old,0.19426310545414904,hold_period_exit,2016-05-23
2017-05-23,DXF_old,0.2870765673865858,hold_period_exit,2016-05-23
2017-05-24,MRD,-0.044694139768314156,hold_period_exit,2016-05-24
2017-05-25,ACW,0.5731706989088061,hold_period_exit,2016-05-25
2017-05-26,MRUS,1.2569210552314036,hold_period_exit,2016-05-26
2017-05-30,LOXO,0.7245723977979666,hold_period_exit,2016-05-27
2017-05-31,REGI,0.21901371166290162,hold_period_exit,2016-05-31
2017-05-31,SQI,0.005952463334357061,hold_period_exit,2016-05-31
2017-06-01,UEPS,-0.13889076837981296,hold_period_exit,2016-06-01
2017-06-02,RADA,0.777777851363761,hold_period_exit,2016-06-02
2017-06-07,ELRC,0.18846098364561836,hold_period_exit,2016-06-07
2017-06-07,MMAT,0.9338328433381291,hold_period_exit,2016-06-07
2017-06-08,BYRND,-0.41666669978035686,hold_period_exit,2016-06-08
2017-06-08,FRP,0.021582866844884308,hold_period_exit,2016-06-08
2017-06-09,MIHI,-0.7807625138378741,hold_period_exit,2016-06-09
2017-06-14,WTT,0.15005720035036063,hold_period_exit,2016-06-14
2017-06-16,HMTV,0.00534962736000244,hold_period_exit,2016-06-16
2017-06-19,BITA_old,0.0786042654546617,hold_period_exit,2016-06-17
2017-06-19,CLSD,0.14947296321324388,hold_period_exit,2016-06-17
2017-06-20,IMPV,0.18964633931217945,hold_period_exit,2016-06-20
2017-06-20,KNWND,-0.9109886051421231,hold_period_exit,2016-06-20
2017-06-20,LDRH_old,-0.003926126406136432,hold_period_exit,2016-06-20
2017-06-20,NXEO,-0.12614548243926027,hold_period_exit,2016-06-20
2017-06-20,NXEOU,-0.09667966730921729,hold_period_exit,2016-06-20
2017-06-22,NVLN,0.378038207818129,hold_period_exit,2016-06-22
2017-06-23,SLD,0.10858682557671262,hold_period_exit,2016-06-23
2017-06-27,CBYL,0.10817422923105324,hold_period_exit,2016-06-27
2017-06-27,ESL,0.6416903739061044,hold_period_exit,2016-06-27
2017-06-27,KALV,0.10766718832423461,hold_period_exit,2016-06-27
2017-06-27,TICC,0.2851453881397319,hold_period_exit,2016-06-27
2017-06-29,TERP,0.16255675803164937,hold_period_exit,2016-06-29
2017-06-30,BBU,0.43668081095708633,hold_period_exit,2016-06-30
2017-06-30,KTEC_old,0.48916820757594603,hold_period_exit,2016-06-30
2017-07-03,RLOC,0.010988947648731706,hold_period_exit,2016-07-01
2017-07-05,BV_old,0.15250063495318567,hold_period_exit,2016-07-05
2017-07-07,NTK,-0.010573506838778002,hold_period_exit,2016-07-07
2017-07-11,CRCM,0.28737811425883497,hold_period_exit,2016-07-11
2017-07-11,HGEN,-0.600019880332672,hold_period_exit,2016-07-11
2017-07-11,KBIO,-0.5999934179979505,hold_period_exit,2016-07-11
2017-07-13,AXGT,0.9558463590849842,hold_period_exit,2016-07-13
2017-07-13,SIOX,0.9558463590849842,hold_period_exit,2016-07-13
2017-07-14,EAST,0.17887984335127616,hold_period_exit,2016-07-14
2017-07-17,CLDC,-0.16731011181244781,hold_period_exit,2016-07-15
2017-07-17,ECIGQ,-0.9866666665631864,hold_period_exit,2016-07-15
2017-07-17,OKSB,0.4315614813363582,hold_period_exit,2016-07-15
2017-07-19,HIL,0.21131639282887238,hold_period_exit,2016-07-19
2017-07-19,HILI,0.21131639282887238,hold_period_exit,2016-07-19
2017-07-19,SEVAP,0.43817887462938465,hold_period_exit,2016-07-19
2017-07-20,AMRI,0.4837717317090242,hold_period_exit,2016-07-20
2017-07-24,IMPR,0.011251866728100302,hold_period_exit,2016-07-22
2017-07-25,BWLD,-0.1745688758380265,hold_period_exit,2016-07-25
2017-08-02,SAEXQ,-0.6564552843541128,hold_period_exit,2016-08-02
2017-08-14,STDY,0.9269240218713908,hold_period_exit,2016-08-12
2017-08-15,MIFI,0.0005041687638727144,hold_period_exit,2016-08-15
2017-08-17,EVER1,0.018929156139189107,hold_period_exit,2016-08-17
2017-08-17,MLCT,1.453449987999483,hold_period_exit,2016-08-17
2017-08-17,NSAM,0.2986651301423786,hold_period_exit,2016-08-17
2017-08-21,CALL,0.3165216530718342,hold_period_exit,2016-08-19
2017-08-21,DIGP,-0.24992253010478038,hold_period_exit,2016-08-19
2017-08-22,JP,0.37840015918923653,hold_period_exit,2016-08-22
2017-08-22,KATY,-0.6400000095367433,hold_period_exit,2016-08-22
2017-08-22,KATYQ,-0.9915200002491474,hold_period_exit,2016-08-22
2017-08-22,LEJU,-0.6572476121875314,hold_period_exit,2016-08-22
2017-08-22,SGI_old,0.009471209214556353,hold_period_exit,2016-08-22
2017-08-22,SINA,0.409219256124812,hold_period_exit,2016-08-22
2017-08-23,LLIT,-0.16192687446978093,hold_period_exit,2016-08-23
2017-08-25,MSG,0.19813468869123252,hold_period_exit,2016-08-25
2017-08-25,NTBL,0.1934556365621658,hold_period_exit,2016-08-25
2017-08-25,VBLT,0.1934556365621658,hold_period_exit,2016-08-25
2017-08-28,VRAY,0.7423101500507723,hold_period_exit,2016-08-26
2017-08-29,AVG,0.02553828730859964,hold_period_exit,2016-08-29
2017-08-30,JRJR,-0.39260051022198506,hold_period_exit,2016-08-30
2017-09-01,AEPI,-0.007093730917987928,hold_period_exit,2016-09-01
2017-09-07,KPAY,0.7222222148636241,hold_period_exit,2016-09-07
2017-09-08,VXELD,-0.8690476190476191,hold_period_exit,2016-09-08
2017-09-13,HTBK,0.277175061585059,hold_period_exit,2016-09-13
2017-09-14,DZSI,0.10420208031627354,hold_period_exit,2016-09-14
2017-09-15,BTN,0.060714199206306274,hold_period_exit,2016-09-15
2017-09-15,FGH,0.06006599585134831,hold_period_exit,2016-09-15
2017-09-19,FRGI,-0.3389700053672584,hold_period_exit,2016-09-19
2017-09-19,SYNL,0.23897966627884082,hold_period_exit,2016-09-19
2017-09-19,TRTN,1.6779346385388942,hold_period_exit,2016-09-19
2017-09-21,SKIS,-0.11835937539556196,hold_period_exit,2016-09-21
2017-09-22,ERI,0.6838157561425413,hold_period_exit,2016-09-22
2017-09-26,HOLI,-0.08224641864493643,hold_period_exit,2016-09-26
2017-09-27,BKEP,0.03340883040972553,hold_period_exit,2016-09-27
2017-09-28,CDI,0.5054480512135284,hold_period_exit,2016-09-28
2017-09-28,EBIO,-0.4943016757963856,hold_period_exit,2016-09-28
2017-09-28,SESN,-0.4943017135865727,hold_period_exit,2016-09-28
2017-09-29,MENT,0.5132249411147394,hold_period_exit,2016-09-29
2017-10-02,NBLX,0.8816952960246986,hold_period_exit,2016-09-30
2017-10-02,SEAS,-0.036638758961980655,hold_period_exit,2016-09-30
2017-10-03,CRR,-0.26770711960264315,hold_period_exit,2016-10-03
2017-10-03,CRRT,-0.29729495736048106,hold_period_exit,2016-10-03
2017-10-05,FUSZ,-0.467719798003306,hold_period_exit,2016-10-05
2017-10-06,NOVN,-0.7213516592718606,hold_period_exit,2016-10-06
2017-10-06,NOVNQ,-0.7213515214878639,hold_period_exit,2016-10-06
2017-10-09,ADGE,0.3812636496586952,hold_period_exit,2016-10-07
2017-10-09,APTI,-0.05478779414453727,hold_period_exit,2016-10-07
2017-10-09,NYRT,-0.14764100112534972,hold_period_exit,2016-10-07
2017-10-09,RASFD,-0.758820559941019,hold_period_exit,2016-10-07
2017-10-09,RASFN,-0.25163726078117254,hold_period_exit,2016-10-07
2017-10-09,RASFQ,-0.7587482825468712,hold_period_exit,2016-10-07
2017-10-09,RASLQ,-0.2516875176367368,hold_period_exit,2016-10-07
2017-10-11,CCR,0.023235534493999177,hold_period_exit,2016-10-11
2017-10-11,CNXC_old,-0.015166239036017659,hold_period_exit,2016-10-11
2017-10-11,CTLP,0.18943403136465076,hold_period_exit,2016-10-11
2017-10-11,IDGS,-0.30053600836932504,hold_period_exit,2016-10-11
2017-10-11,IDTY,-0.30053600836932504,hold_period_exit,2016-10-11
2017-10-11,IDTYD,-0.3005360326892521,hold_period_exit,2016-10-11
2017-10-11,MRT_old,0.01780588862911392,hold_period_exit,2016-10-11
2017-10-11,TRHC,1.151635114751894,hold_period_exit,2016-10-11
2017-10-11,USAT,0.18943403136465076,hold_period_exit,2016-10-11
2017-10-11,USATP,0.2032561163393809,hold_period_exit,2016-10-11
2017-10-12,ADSW,0.230276686610011,hold_period_exit,2016-10-12
2017-10-12,TDCP,0.1428571547362576,hold_period_exit,2016-10-12
2017-10-16,FLDM,0.038031338763587774,hold_period_exit,2016-10-14
2017-10-16,OBELF,-0.4420295595544166,hold_period_exit,2016-10-14
2017-10-17,PALT,-0.3840761427650238,hold_period_exit,2016-10-17
2017-10-17,PEER,-0.3840761427650238,hold_period_exit,2016-10-17
2017-10-17,STVI,-0.3840761427650238,hold_period_exit,2016-10-17
2017-10-18,RLJE,0.7486274569385651,hold_period_exit,2016-10-18
2017-10-19,MFRI,0.443031433223144,hold_period_exit,2016-10-19
2017-10-20,GI,-0.003125011920928844,hold_period_exit,2016-10-20
2017-10-23,AZRE,-0.021870406910322937,hold_period_exit,2016-10-21
2017-10-23,CDEV,0.23501575932602647,hold_period_exit,2016-10-21
2017-10-24,BTUUQ,-0.976166770772653,hold_period_exit,2016-10-24
2017-10-24,EBIXQ,0.19811703739862208,hold_period_exit,2016-10-24
2017-10-24,EBIX,0.19811474413625407,hold_period_exit,2016-10-24
2017-10-25,NBEV,0.487129218388074,hold_period_exit,2016-10-25
2017-10-26,MAXD,-0.9339097273805759,hold_period_exit,2016-10-26
2017-10-27,CCCR,0.7384335838498002,hold_period_exit,2016-10-27
2017-10-27,MKTY,-0.1482210735097923,hold_period_exit,2016-10-27
2017-10-30,CBF,0.2614266649960617,hold_period_exit,2016-10-28
2017-11-02,BCDAD,2.8724867064504416,hold_period_exit,2016-11-02
2017-11-03,RARX,-0.04712143329854712,hold_period_exit,2016-11-03
2017-11-07,ASNA,-0.6276006452004608,hold_period_exit,2016-11-07
2017-11-10,CETYD,-0.18174818466680287,hold_period_exit,2016-11-10
2017-11-14,ALBO,0.4790012519938911,hold_period_exit,2016-11-14
2017-11-16,IMMU,3.1522489842255172,hold_period_exit,2016-11-16
2017-11-24,CNNX,-0.19044341622828698,hold_period_exit,2016-11-23
2017-11-28,MVEN,1.0314479931912421,hold_period_exit,2016-11-28
2017-12-21,AF,0.1411663569824877,hold_period_exit,2016-12-21
2017-12-22,DS,0.319318074933719,hold_period_exit,2016-12-22
2018-01-09,VVPR,-0.41736675866932416,hold_period_exit,2017-01-09
2018-01-12,ABCO,0.28154763721284404,hold_period_exit,2017-01-12
2018-01-23,JADG,-0.9333333323399227,hold_period_exit,2017-01-23
2018-01-25,CCMP,0.5696598779273117,hold_period_exit,2017-01-25
2018-01-25,EMPR,-0.12121218141883061,hold_period_exit,2017-01-25
2018-01-30,FMI,2.6532778157907266,hold_period_exit,2017-01-30
2018-01-31,ASTID,-0.7626498974156168,hold_period_exit,2017-01-31
2018-01-31,TXSO,-0.25930923408813755,hold_period_exit,2017-01-31
2018-02-02,ADHD,0.2104667209516693,hold_period_exit,2017-02-02
2018-02-02,XXIA,0.012122576723540668,hold_period_exit,2017-02-02
2018-02-05,AFMD,0.31941883655008474,hold_period_exit,2017-02-03
2018-02-05,AREX,-0.08597622122415693,hold_period_exit,2017-02-03
2018-02-05,AREXQ,-0.08597622122415693,hold_period_exit,2017-02-03
2018-02-06,OBSV,0.03084114795667192,hold_period_exit,2017-02-06
2018-02-07,CGWB,0.004176162707870468,hold_period_exit,2017-02-07
2018-02-07,SFR_old,0.17764441040209822,hold_period_exit,2017-02-07
2018-02-12,BMTC,0.10150070937825939,hold_period_exit,2017-02-10
2018-02-12,INAP,0.7291001325958473,hold_period_exit,2017-02-10
2018-02-13,OASMY,-0.44191196870709837,hold_period_exit,2017-02-13
2018-02-16,HLIX,-0.4356914503575058,hold_period_exit,2017-02-16
2018-02-20,SGOC,-0.6638427223424058,hold_period_exit,2017-02-17
2018-02-21,FTMRQ,3.7234260639922514,hold_period_exit,2017-02-21
2018-02-21,FTMR,3.706312310936852,hold_period_exit,2017-02-21
2018-02-21,GIG1,0.004912670849416045,hold_period_exit,2017-02-21
2018-02-22,DEL,0.13634974570978198,hold_period_exit,2017-02-22
2018-02-28,ASNT,-0.9045545358496274,hold_period_exit,2017-02-28
2018-02-28,DWOG,0.6367636600050766,hold_period_exit,2017-02-28
2018-02-28,HVST,-0.1966283404666116,hold_period_exit,2017-02-28
2018-02-28,ZNRG,0.3180555722273801,hold_period_exit,2017-02-28
2018-03-02,CDMO,-0.4698653762751792,hold_period_exit,2017-03-02
2018-03-02,CDMOP,0.2543990581084632,hold_period_exit,2017-03-02
2018-03-02,PPHM,-0.07354174796998159,hold_period_exit,2017-03-02
2018-03-02,PPHMP,0.24337201531919894,hold_period_exit,2017-03-02
2018-03-02,RESN,-0.1783044179726836,hold_period_exit,2017-03-02
2018-03-02,SBBX,0.22185143958797426,hold_period_exit,2017-03-02
2018-03-02,SSI,-0.003651515606907796,hold_period_exit,2017-03-02
2018-03-05,CVO,-0.9653059248418664,hold_period_exit,2017-03-03
2018-03-05,CVOVQ,-0.9873413506159449,hold_period_exit,2017-03-03
2018-03-05,WTRH,-0.01684036021442492,hold_period_exit,2017-03-03
2018-03-06,BSF,0.07342372144648812,hold_period_exit,2017-03-06
2018-03-08,CVRS,0.03824660403863911,hold_period_exit,2017-03-08
2018-03-08,DSKE,0.022251594321885948,hold_period_exit,2017-03-08
2018-03-09,PHH_old,-0.051971160679422534,hold_period_exit,2017-03-09
2018-03-12,NAV,0.34571176064230946,hold_period_exit,2017-03-10
2018-03-13,GCP,-0.04216871968996161,hold_period_exit,2017-03-13
2018-03-13,LDWY,-0.043426248398139244,hold_period_exit,2017-03-13
2018-03-13,SLNO,-0.48607269023888666,hold_period_exit,2017-03-13
2018-03-13,UTEK,0.0308063040193296,hold_period_exit,2017-03-13
2018-03-14,CECE,-0.4992201992764047,hold_period_exit,2017-03-14
2018-03-14,SBY,0.006419444845424227,hold_period_exit,2017-03-14
2018-03-15,MDCA,-0.13784787687541766,hold_period_exit,2017-03-15
2018-03-19,NICK,-0.1749227459001772,hold_period_exit,2017-03-17
2018-03-19,SITO,0.8140494744151257,hold_period_exit,2017-03-17
2018-03-19,SITOQ,0.8140494744151257,hold_period_exit,2017-03-17
2018-03-23,SRLP,-0.054448989506934664,hold_period_exit,2017-03-23
2018-03-23,TLFA,-0.08000736424360899,hold_period_exit,2017-03-23
2018-03-26,FSNN,0.7126600813055708,hold_period_exit,2017-03-24
2018-03-26,RT,-0.04112306168394131,hold_period_exit,2017-03-24
2018-03-27,MEET,-0.6520426039171363,hold_period_exit,2017-03-27
2018-03-29,SIFI_old,0.0627305841941328,hold_period_exit,2017-03-29
2018-04-02,QHC,0.5599634786190142,hold_period_exit,2017-03-30
2018-04-04,QUMU,-0.35933187266777966,hold_period_exit,2017-04-03
2018-04-05,EXAR,-0.0023073502080072084,hold_period_exit,2017-04-04
2018-04-05,VTL,0.6298308537643325,hold_period_exit,2017-04-04
2018-04-09,DALN,-0.0212497049810505,hold_period_exit,2017-04-06
2018-04-09,ECTE,-0.9499999986695392,hold_period_exit,2017-04-06
2018-04-10,AY,0.028539853249435643,hold_period_exit,2017-04-07
2018-04-10,AYX,0.9295061425783511,hold_period_exit,2017-04-07
2018-04-10,VLRX,-0.6247145277799886,hold_period_exit,2017-04-07
2018-04-10,VLRXQ,-0.6247145277799886,hold_period_exit,2017-04-07
2018-04-11,CCN,0.06073937179322719,hold_period_exit,2017-04-10
2018-04-16,DRNA,2.2009446271238233,hold_period_exit,2017-04-13
2018-04-17,ENOC,0.4166666593080688,hold_period_exit,2017-04-17
2018-04-20,SVU,-0.49680403441332055,hold_period_exit,2017-04-20
2018-04-24,CVON,-0.16464393597700921,hold_period_exit,2017-04-24
2018-04-25,JMDA,0.416430654214192,hold_period_exit,2017-04-25
2018-04-26,NWY,1.165714128261297,hold_period_exit,2017-04-26
2018-04-26,RTW,1.165714128261297,hold_period_exit,2017-04-26
2018-05-01,ALSK,-0.38396885603382713,hold_period_exit,2017-05-01
2018-05-01,GADS,-0.08332044286586548,hold_period_exit,2017-05-01
2018-05-01,PHMD,-0.16583924519447746,hold_period_exit,2017-05-01
2018-05-02,CFBI,-0.1647746233894447,hold_period_exit,2017-05-02
2018-05-02,GRP-UN,0.12849316414832201,hold_period_exit,2017-05-02
2018-05-03,CWAY,0.3832486773941628,hold_period_exit,2017-05-03
2018-05-03,XRM,-0.1403566733990116,hold_period_exit,2017-05-03
2018-05-04,AKRX,-0.6504281516013919,hold_period_exit,2017-05-04
2018-05-04,AKRXQ,-0.6510622476049461,hold_period_exit,2017-05-04
2018-05-07,SNCR,-0.413007233858961,hold_period_exit,2017-05-05
2018-05-08,CDXC,-0.006792542085252373,hold_period_exit,2017-05-08
2018-05-08,LLEXQ,0.004640366865901857,hold_period_exit,2017-05-08
2018-05-08,ROSE_old,-0.14930998596435785,hold_period_exit,2017-05-08
2018-05-08,ROSEQ,-0.14930998596435785,hold_period_exit,2017-05-08
2018-05-09,LTMP,-0.6693725034907205,hold_period_exit,2017-05-09
2018-05-10,ELOS,0.013824849148065477,hold_period_exit,2017-05-10
2018-05-11,PRXL,0.16538344615605083,hold_period_exit,2017-05-11
2018-05-14,IGCC,0.536729974369772,hold_period_exit,2017-05-12
2018-05-14,VRTU,0.5716426922070839,hold_period_exit,2017-05-12
2018-05-16,HOFSQ,0.03444609970978685,hold_period_exit,2017-05-16
2018-05-16,NAO,-0.03167887978217232,hold_period_exit,2017-05-16
2018-05-18,ATHN,0.1533020400887315,hold_period_exit,2017-05-18
2018-05-18,FENCF,1.6543498641075711,hold_period_exit,2017-05-18
2018-05-18,KATE,0.0032736612743577975,hold_period_exit,2017-05-18
2018-05-21,BHVN_old,0.4596978569078307,hold_period_exit,2017-05-19
2018-05-22,HH,0.33009708737864085,hold_period_exit,2017-05-22
2018-05-22,NRE,0.19940632839499672,hold_period_exit,2017-05-22
2018-05-25,WFBI,0.01948949222033547,hold_period_exit,2017-05-25
2018-05-29,CFCO,-0.09274565629386056,hold_period_exit,2017-05-26
2018-05-29,CFCOU,-0.09083262342482323,hold_period_exit,2017-05-26
2018-05-29,FGL_old,0.010678744710556076,hold_period_exit,2017-05-26
2018-05-30,CGG,-0.4267446425392274,hold_period_exit,2017-05-30
2018-05-30,PLPM,0.2756663622056219,hold_period_exit,2017-05-30
2018-05-31,SSUP,-0.0999518541164297,hold_period_exit,2017-05-31
2018-05-31,SUP,-0.0999518541164297,hold_period_exit,2017-05-31
2018-06-01,SHOR,0.26482596894671584,hold_period_exit,2017-06-01
2018-06-01,WNRL,-0.024606416035079293,hold_period_exit,2017-06-01
2018-06-05,ORM,0.008089129456397393,hold_period_exit,2017-06-05
2018-06-08,JWN,0.20720064199486687,hold_period_exit,2017-06-08
2018-06-11,SGH,1.6926731075880221,hold_period_exit,2017-06-09
2018-06-11,XCO,-0.8739906631000721,hold_period_exit,2017-06-09
2018-06-11,XCOOQ,-0.9606367489992227,hold_period_exit,2017-06-09
2018-06-12,COWN,-0.019644104152647057,hold_period_exit,2017-06-12
2018-06-12,COWNL,-0.02229582046955325,hold_period_exit,2017-06-12
2018-06-12,EGAS,0.03866610912644153,hold_period_exit,2017-06-12
2018-06-18,PRSS,-0.4747411011965571,hold_period_exit,2017-06-16
2018-06-19,BCOV,0.565625981053425,hold_period_exit,2017-06-19
2018-06-19,IVOB,0.4613877792295833,hold_period_exit,2017-06-19
2018-06-19,KBLMU,0.039676500475387844,hold_period_exit,2017-06-19
2018-06-20,BOMN,0.6600044406821997,hold_period_exit,2017-06-20
2018-06-26,CLUB_old,1.774193409454317,hold_period_exit,2017-06-26
2018-06-26,CLUBQ,1.774193409454317,hold_period_exit,2017-06-26
2018-06-28,GFED,0.19952773408110347,hold_period_exit,2017-06-28
2018-06-28,SBOT,-0.7995191857275947,hold_period_exit,2017-06-28
2018-06-29,ATNX,0.1441282157415229,hold_period_exit,2017-06-29
2018-06-29,ATNXQ,0.14414896401002109,hold_period_exit,2017-06-29
2018-06-29,PRTO_old,0.5989427176699231,hold_period_exit,2017-06-29
2018-07-03,PEGI,-0.16056788908930386,hold_period_exit,2017-07-03
2018-07-05,FTLFD,-0.33333330216750545,hold_period_exit,2017-07-05
2018-07-06,CISN,0.4011873621023878,hold_period_exit,2017-07-06
2018-07-09,HYGS,-0.2586124032397338,hold_period_exit,2017-07-07
2018-07-09,SGEN,0.31524703485743677,hold_period_exit,2017-07-07
2018-07-09,STAR,-0.08452508563366934,hold_period_exit,2017-07-07
2018-07-10,BIOS_old,-0.08708078305277112,hold_period_exit,2017-07-10
2018-07-10,SRNEQ,2.65653116472077,hold_period_exit,2017-07-10
2018-07-10,TNTR,-0.9759843016795388,hold_period_exit,2017-07-10
2018-07-12,MRVC,0.0097969983726236,hold_period_exit,2017-07-12
2018-07-12,NTP,0.09204507817086527,hold_period_exit,2017-07-12
2018-07-12,RATE_old,0.00178569815687446,hold_period_exit,2017-07-12
2018-07-18,CBB,-0.20526277703137052,hold_period_exit,2017-07-18
2018-07-18,HCOM_old,0.0017318751509214358,hold_period_exit,2017-07-18
2018-07-18,SPI,-0.34987727341145636,hold_period_exit,2017-07-18
2018-07-20,MATR,-0.03831655538422363,hold_period_exit,2017-07-20
2018-07-20,MXWL,-0.1787484170577187,hold_period_exit,2017-07-20
2018-07-23,ATW,0.16335114934764405,hold_period_exit,2017-07-21
2018-07-23,BKJ,0.11614966915905933,hold_period_exit,2017-07-21
2018-07-23,ENTL_old,0.40195328435526956,hold_period_exit,2017-07-21
2018-07-24,CAPSD,-0.375,hold_period_exit,2017-07-24
2018-07-25,GSRX,-0.7714285714285714,hold_period_exit,2017-07-25
2018-07-27,AKCA,1.0537633891739122,hold_period_exit,2017-07-27
2018-07-27,SCLN,0.015950576019693186,hold_period_exit,2017-07-27
2018-07-31,ALPN,-0.21886387816901542,hold_period_exit,2017-07-31
2018-07-31,ENZY,0.40040956701502783,hold_period_exit,2017-07-31
2018-07-31,IMH,-0.40957376818342117,hold_period_exit,2017-07-31
2018-07-31,IMPHO,-0.3666666666666667,hold_period_exit,2017-07-31
2018-07-31,IMPM,-0.4097470084919329,hold_period_exit,2017-07-31
2018-08-06,EMGCQ,-0.0324324171938456,hold_period_exit,2017-08-04
2018-08-17,JMBA,0.4032867460077143,hold_period_exit,2017-08-17
2018-08-17,PFSW,0.14492978877321638,hold_period_exit,2017-08-17
2018-08-23,RSYS,0.06066403245584562,hold_period_exit,2017-08-23
2018-08-27,BETR_old,0.7825311020638617,hold_period_exit,2017-08-25
2018-08-27,ISDR,0.21718879449772222,hold_period_exit,2017-08-25
2018-08-28,OME,0.362693745175646,hold_period_exit,2017-08-28
2018-08-30,MXPT,0.0062342278925573424,hold_period_exit,2017-08-30
2018-08-31,ATV,3.8548432400335093,hold_period_exit,2017-08-31
2018-08-31,IVTY,-0.42736176165483,hold_period_exit,2017-08-31
2018-09-04,ZPIN,-0.007636005616342145,hold_period_exit,2017-09-01
2018-09-05,DRYS,1.351738228097715,hold_period_exit,2017-09-05
2018-09-05,PERF_old,-0.0006765253944870375,hold_period_exit,2017-09-05
2018-09-07,GUID,-0.002820871720180862,hold_period_exit,2017-09-07
2018-09-10,PACDQ,-0.838669845242427,hold_period_exit,2017-09-08
2018-09-11,DVCR,-0.41448416420957834,hold_period_exit,2017-09-11
2018-09-11,EYES_old,0.25671929349488165,hold_period_exit,2017-09-11
2018-09-13,WECT,1.285714305987975,hold_period_exit,2017-09-13
2018-09-17,AXGT,-0.9114126489210468,hold_period_exit,2017-09-15
2018-09-17,MYOV,0.8982087413581841,hold_period_exit,2017-09-15
2018-09-17,SIOX,-0.9114126489210468,hold_period_exit,2017-09-15
2018-09-19,VRS,4.645109817603038,hold_period_exit,2017-09-19
2018-09-26,GECCL,0.07627015503956325,hold_period_exit,2017-09-26
2018-09-26,JAX,0.11711704435891357,hold_period_exit,2017-09-26
2018-09-27,HWCC,0.4547691653970658,hold_period_exit,2017-09-27
2018-09-28,ACER,1.0457120429827,hold_period_exit,2017-09-28
2018-10-04,MOBL,0.34808720117437675,hold_period_exit,2017-10-04
2018-10-05,OAS,0.49215763795183665,hold_period_exit,2017-10-05
2018-10-05,OASPQ,0.4921615538281401,hold_period_exit,2017-10-05
2018-10-05,OMP,0.3919119395666719,hold_period_exit,2017-10-05
2018-10-05,UQM,0.1650232731751866,hold_period_exit,2017-10-05
2018-10-08,TYPE,-0.007789723753058642,hold_period_exit,2017-10-06
2018-10-10,ROKA,-0.6578947450975963,hold_period_exit,2017-10-10
2018-10-16,ERN,-0.3932579106100669,hold_period_exit,2017-10-16
2018-10-16,LPAD,-0.0038897686254850683,hold_period_exit,2017-10-16
2018-10-23,BHLB,-0.120487746548256,hold_period_exit,2017-10-23
2018-10-26,ALJJ,-0.567442812972728,hold_period_exit,2017-10-26
2018-10-26,ANDX,-0.032952921743935826,hold_period_exit,2017-10-26
2018-10-26,APLP,0.22932051806248843,hold_period_exit,2017-10-26
2018-10-26,NBLX,-0.2719852675480309,hold_period_exit,2017-10-26
2018-10-26,NS,-0.21443128793331045,hold_period_exit,2017-10-26
2018-10-26,PBPB,-0.07764298746518472,hold_period_exit,2017-10-26
2018-10-26,RMP,-0.09399506529799839,hold_period_exit,2017-10-26
2018-11-06,HIL,-0.4319275749238859,hold_period_exit,2017-11-06
2018-11-06,HILI,-0.20172824122353483,hold_period_exit,2017-11-06
2018-11-06,LONEQ,1.0014795044109586,hold_period_exit,2017-11-06
2018-11-13,ALDW,0.23259103740189913,hold_period_exit,2017-11-13
2018-11-13,MNKKQ,0.3729190910894,hold_period_exit,2017-11-13
2018-11-13,OCRX,0.05294112449698951,hold_period_exit,2017-11-13
2018-11-16,PHXM,-0.709022523262577,hold_period_exit,2017-11-16
2018-11-19,GHL,0.2614923409842891,hold_period_exit,2017-11-17
2018-11-19,LUB,-0.5246039559996696,hold_period_exit,2017-11-17
2018-11-20,BBQ,-0.011538450957754964,hold_period_exit,2017-11-20
2018-11-20,DAVE_old,-0.011538450957754964,hold_period_exit,2017-11-20
2018-11-20,HMST,-0.1575492954199902,hold_period_exit,2017-11-20
2018-11-20,MLNX,0.7191094985109967,hold_period_exit,2017-11-20
2018-11-20,MSRTD,-0.3632634780137183,hold_period_exit,2017-11-20
2018-11-20,OBELF,-0.5696227069345356,hold_period_exit,2017-11-20
2018-11-20,PLXPQ,-0.4084629201485669,hold_period_exit,2017-11-20
2018-11-21,GFN,1.1440654027733643,hold_period_exit,2017-11-21
2018-11-21,LPTX,-0.49043505945024857,hold_period_exit,2017-11-21
2018-11-27,MIGID,-0.5937609502756449,hold_period_exit,2017-11-27
2018-11-27,SCPH,-0.6744971073178605,hold_period_exit,2017-11-27
2018-11-27,WIZP,-0.37500002483526773,hold_period_exit,2017-11-27
2018-11-29,ASNS_old,-0.8024701240502806,hold_period_exit,2017-11-29
2018-12-04,OTEL,0.21322816716283333,hold_period_exit,2017-12-04
2018-12-04,PTGEF,-0.810578758042048,hold_period_exit,2017-12-04
2018-12-06,CSOD,0.4569017130933122,hold_period_exit,2017-12-05
2018-12-11,CCR,0.3385053483731002,hold_period_exit,2017-12-08
2018-12-11,PFNX,0.6608695706257526,hold_period_exit,2017-12-08
2018-12-13,LBC,-0.23430404091161217,hold_period_exit,2017-12-12
2018-12-19,ECCTD,-0.3627450861228698,hold_period_exit,2017-12-18
2018-12-19,ECCTF,0.176470610234702,hold_period_exit,2017-12-18
2018-12-19,PVAC,0.48027249480724676,hold_period_exit,2017-12-18
2018-12-19,ROCC,0.48027368107519375,hold_period_exit,2017-12-18
2018-12-19,SOLO,-0.8716048528367949,hold_period_exit,2017-12-18
2018-12-19,SONC,0.5796271112754197,hold_period_exit,2017-12-18
2018-12-20,AMEH,-0.21656328774993672,hold_period_exit,2017-12-19
2018-12-21,UNVR,-0.4651201672410572,hold_period_exit,2017-12-20
2018-12-24,FMSA,0.05529442718370392,hold_period_exit,2017-12-21
2018-12-26,BRPA,0.053718975044471984,hold_period_exit,2017-12-22
2019-01-10,CNXR,-0.010086454217621221,hold_period_exit,2018-01-09
2019-01-15,TGXSF,0.009900980750178201,hold_period_exit,2018-01-12
2019-01-24,ABLX,0.20091950179892937,hold_period_exit,2018-01-23
2019-01-29,REN,-0.015490124441829622,hold_period_exit,2018-01-26
2019-01-29,TEAR,-0.7787049864003504,hold_period_exit,2018-01-26
2019-01-30,AKG,-0.13077182691148714,hold_period_exit,2018-01-29
2019-01-31,EMBI,-0.03874784974115297,hold_period_exit,2018-01-30
2019-01-31,NMUS,-0.03874784974115297,hold_period_exit,2018-01-30
2019-02-01,BBRG,0.16272818862855654,hold_period_exit,2018-01-31
2019-02-01,FCRE,-0.8698722207223389,hold_period_exit,2018-01-31
2019-02-04,KTEC_old,0.004725940411898222,hold_period_exit,2018-02-01
2019-02-05,APEX,-0.4953333536783854,hold_period_exit,2018-02-02
2019-02-05,CHKE,-0.4953333536783854,hold_period_exit,2018-02-02
2019-02-05,HZN,-0.7248554659652915,hold_period_exit,2018-02-02
2019-02-06,SPLP,-0.310723181012434,hold_period_exit,2018-02-05
2019-02-06,VIHD,-0.5676691791323729,hold_period_exit,2018-02-05
2019-02-07,AGS,0.2513382398148776,hold_period_exit,2018-02-06
2019-02-08,MBII,0.3026703705091378,hold_period_exit,2018-02-07
2019-02-11,ARMO,0.20259860179784583,hold_period_exit,2018-02-08
2019-02-11,INNTW,-0.3758791460489259,hold_period_exit,2018-02-08
2019-02-13,MBVX,-0.5490196087597792,hold_period_exit,2018-02-12
2019-02-13,MBVXQ,-0.8832611131659579,hold_period_exit,2018-02-12
2019-02-14,CCCR,-0.2478130585802002,hold_period_exit,2018-02-13
2019-02-14,GTHX,0.04282257562150771,hold_period_exit,2018-02-13
2019-02-20,GV_old,-0.4678783538258888,hold_period_exit,2018-02-16
2019-02-21,ATU,0.014952469773570565,hold_period_exit,2018-02-20
2019-02-22,DHCPQ,-0.9869540177461538,hold_period_exit,2018-02-21
2019-02-22,EYEN,-0.5334870492541053,hold_period_exit,2018-02-21
2019-02-25,HMI,0.630308084087309,hold_period_exit,2018-02-22
2019-02-25,LAYN,-0.05510005878456126,hold_period_exit,2018-02-22
2019-02-25,MTGE,0.21982023903109105,hold_period_exit,2018-02-22
2019-02-25,MTGEP,0.05461592264270054,hold_period_exit,2018-02-22
2019-02-26,MSG,0.2406525608300789,hold_period_exit,2018-02-23
2019-02-28,QES,-0.4148606479021477,hold_period_exit,2018-02-27
2019-03-01,RLJE,0.4309796315144341,hold_period_exit,2018-02-28
2019-03-04,DL,-0.2397756540380367,hold_period_exit,2018-03-01
2019-03-04,MOXC,-0.8230818829538795,hold_period_exit,2018-03-01
2019-03-05,RAS,-0.13201343691804546,hold_period_exit,2018-03-02
2019-03-05,RASF,-0.6160828704108736,hold_period_exit,2018-03-02
2019-03-05,RASFD,-0.616082881407398,hold_period_exit,2018-03-02
2019-03-05,RASFN,-0.5403145761259535,hold_period_exit,2018-03-02
2019-03-05,RASFQ,-0.6160828704108736,hold_period_exit,2018-03-02
2019-03-05,RASLQ,-0.5403289756528922,hold_period_exit,2018-03-02
2019-03-06,AIMT,-0.346955825022377,hold_period_exit,2018-03-05
2019-03-06,DFBHU,0.019819769100781093,hold_period_exit,2018-03-05
2019-03-06,EHIC,0.029611428623803615,hold_period_exit,2018-03-05
2019-03-08,TLRA,0.3123754967145034,hold_period_exit,2018-03-07
2019-03-11,INSY,-0.28204912107026137,hold_period_exit,2018-03-08
2019-03-12,SPA,0.08818342033018345,hold_period_exit,2018-03-09
2019-03-12,STB,0.009844043712349704,hold_period_exit,2018-03-09
2019-03-12,STON,-0.4161490749914536,hold_period_exit,2018-03-09
2019-03-13,AMBR_old,-0.055353336417543364,hold_period_exit,2018-03-12
2019-03-13,HBMD,-0.3098297997205264,hold_period_exit,2018-03-12
2019-03-20,VSI,0.5101560190710517,hold_period_exit,2018-03-19
2019-03-25,GIFI,0.1333972882737824,hold_period_exit,2018-03-22
2019-03-25,GORV,-0.5756497846674646,hold_period_exit,2018-03-22
2019-03-25,LAZY,-0.5756497668788099,hold_period_exit,2018-03-22
2019-03-26,ALDR,0.18567413327475935,hold_period_exit,2018-03-23
2019-03-26,KLDX,-0.08085099000528984,hold_period_exit,2018-03-23
2019-03-27,TVPT,-0.05215552256422562,hold_period_exit,2018-03-26
2019-03-28,GNMK,0.28976832196971736,hold_period_exit,2018-03-27
2019-04-02,MHLD,-0.8791777390263394,hold_period_exit,2018-04-02
2019-04-04,FRG,-0.010701539447181108,hold_period_exit,2018-04-04
2019-04-04,GEHI,-0.6265755446464845,hold_period_exit,2018-04-04
2019-04-04,JRVS,-0.8750344497874467,hold_period_exit,2018-04-04
2019-04-04,JRVSD,-0.8760540212708322,hold_period_exit,2018-04-04
2019-04-04,RYB,-0.6265753469173695,hold_period_exit,2018-04-04
2019-04-04,TAXA,-0.010792092915801632,hold_period_exit,2018-04-04
2019-04-05,CRZO,-0.24314869790366256,hold_period_exit,2018-04-05
2019-04-05,GEENQ,-0.4899620985879919,hold_period_exit,2018-04-05
2019-04-05,KANG,0.02378139300645299,hold_period_exit,2018-04-05
2019-04-05,PETX,-0.22789784893049825,hold_period_exit,2018-04-05
2019-04-08,FIXX,0.5971730737671515,hold_period_exit,2018-04-06
2019-04-09,SHSP,1.9142396001851485,hold_period_exit,2018-04-09
2019-04-10,BDSI,1.340476952250048,hold_period_exit,2018-04-10
2019-04-12,INFI,-0.239904270709678,hold_period_exit,2018-04-12
2019-04-12,INFIQ,-0.239904270709678,hold_period_exit,2018-04-12
2019-04-16,CVRS,0.7630551887999737,hold_period_exit,2018-04-16
2019-04-16,NFEC,4.4577437901310635,hold_period_exit,2018-04-16
2019-04-18,NEPHD,-0.2036403915243581,hold_period_exit,2018-04-18
2019-04-23,AVXS,0.054969034959166274,hold_period_exit,2018-04-20
2019-04-24,AFSI,0.16336956642446432,hold_period_exit,2018-04-23
2019-04-24,LPNT,0.3264532161769682,hold_period_exit,2018-04-23
2019-04-24,OLBK,-0.23189156248490206,hold_period_exit,2018-04-23
2019-04-30,GLOG,-0.022900800399270893,hold_period_exit,2018-04-27
2019-04-30,GLOP,-0.025034325305120397,hold_period_exit,2018-04-27
2019-05-01,ATIS,-0.8689184757137371,hold_period_exit,2018-04-30
2019-05-01,MRDN_old,-0.02807771088175781,hold_period_exit,2018-04-30
2019-05-01,TEUM,0.5574912781994361,hold_period_exit,2018-04-30
2019-05-07,COT,-0.0661786127278935,hold_period_exit,2018-05-04
2019-05-07,PRMW,-0.0661722469364946,hold_period_exit,2018-05-04
2019-05-08,GRA,0.08383355567084028,hold_period_exit,2018-05-07
2019-05-08,STDY,0.023969477962751506,hold_period_exit,2018-05-07
2019-05-09,HEAR,0.3432645866658146,hold_period_exit,2018-05-08
2019-05-10,FUV,0.23506280467790686,hold_period_exit,2018-05-09
2019-05-14,KONA,-0.9836517721680215,hold_period_exit,2018-05-11
2019-05-14,KONA_old,-0.9458314286549256,hold_period_exit,2018-05-11
2019-05-14,KONAQ,-0.9836517721680215,hold_period_exit,2018-05-11
2019-05-15,FSNN,-0.9768821485173508,hold_period_exit,2018-05-14
2019-05-15,FSNNQ,-0.9866761234008725,hold_period_exit,2018-05-14
2019-05-17,ESND,0.1989958530228837,hold_period_exit,2018-05-16
2019-05-20,MRIN,-0.52752897446637,hold_period_exit,2018-05-17
2019-05-21,BLNKW,-0.7017173594723474,hold_period_exit,2018-05-18
2019-05-22,DTEA,-0.677781314497069,hold_period_exit,2018-05-21
2019-05-24,MEIP,0.0032266831017313535,hold_period_exit,2018-05-23
2019-05-28,ASNT,-0.9514467396979056,hold_period_exit,2018-05-24
2019-05-28,CVLB,-0.41887288990878124,hold_period_exit,2018-05-24
2019-05-28,CVLBD,-0.42068966027530863,hold_period_exit,2018-05-24
2019-05-28,ESGR,-0.2029376384699325,hold_period_exit,2018-05-24
2019-05-28,HVST,0.012025289752509938,hold_period_exit,2018-05-24
2019-05-29,GCVRZ,0.05673895583237787,hold_period_exit,2018-05-25
2019-05-30,CLXT,-0.22737975075582495,hold_period_exit,2018-05-29
2019-05-30,SVU,0.7841846958779062,hold_period_exit,2018-05-29
2019-06-03,TECR,-0.6947170228536694,hold_period_exit,2018-05-31
2019-06-04,MNTX,-0.506858763749247,hold_period_exit,2018-06-01
2019-06-07,ANW,-0.4911066032450636,hold_period_exit,2018-06-06
2019-06-07,ANWWQ,-0.4911066032450636,hold_period_exit,2018-06-06
2019-06-10,WOW,0.09106652162539142,hold_period_exit,2018-06-07
2019-06-11,WEB,0.32969124872171407,hold_period_exit,2018-06-08
2019-06-12,AMNL,-0.7138847876000982,hold_period_exit,2018-06-11
2019-06-12,BFAGY,0.2991272219011143,hold_period_exit,2018-06-11
2019-06-12,BFRA,0.2991257178240676,hold_period_exit,2018-06-11
2019-06-12,CPLG,-0.49738160767504225,hold_period_exit,2018-06-11
2019-06-14,MCF,-0.6231487288076832,hold_period_exit,2018-06-13
2019-06-17,STMHD,-0.7528924185989516,hold_period_exit,2018-06-14
2019-06-19,CBPO,-0.05569876816621078,hold_period_exit,2018-06-18
2019-06-20,IMV,-0.4153840207132482,hold_period_exit,2018-06-19
2019-06-20,IMVIQ,-0.4153942834893678,hold_period_exit,2018-06-19
2019-06-20,RLH,-0.37356252053007877,hold_period_exit,2018-06-19
2019-06-25,HLIX,-0.3131775182073774,hold_period_exit,2018-06-22
2019-06-27,ORM,0.2904513498327821,hold_period_exit,2018-06-26
2019-06-27,UPL,-0.9164642652154131,hold_period_exit,2018-06-26
2019-06-27,UPLC,-0.9164642652154131,hold_period_exit,2018-06-26
2019-06-28,DHXM,-0.3440341016210955,hold_period_exit,2018-06-27
2019-06-28,NVLN,-0.7831812857969528,hold_period_exit,2018-06-27
2019-07-01,ARQL,1.2093177303295324,hold_period_exit,2018-06-28
2019-07-02,COTV,0.01382280977990491,hold_period_exit,2018-06-29
2019-07-03,APTX,-0.8498057214604308,hold_period_exit,2018-07-02
2019-07-03,BROGU,0.05765406555799668,hold_period_exit,2018-07-02
2019-07-03,EIDX,0.7673653004287391,hold_period_exit,2018-07-02
2019-07-03,JASN,-0.713528557100833,hold_period_exit,2018-07-02
2019-07-03,JASNQ,-0.713528557100833,hold_period_exit,2018-07-02
2019-07-03,MICT,-0.3955262028985057,hold_period_exit,2018-07-02
2019-07-03,TIO,-0.3955262028985057,hold_period_exit,2018-07-02
2019-07-05,CETYD,0.5735061712958385,hold_period_exit,2018-07-03
2019-07-08,TBIO_old,-0.2149162919487102,hold_period_exit,2018-07-05
2019-07-08,XRM,0.017894429673324996,hold_period_exit,2018-07-05
2019-07-09,TCDAQ,0.10397397325003221,hold_period_exit,2018-07-06
2019-07-09,TCDA,0.103973731009112,hold_period_exit,2018-07-06
2019-07-10,ZYXI,2.0875913223086613,hold_period_exit,2018-07-09
2019-07-10,ZYXIQ,2.071845412466507,hold_period_exit,2018-07-09
2019-07-12,RVI_old,0.9161946818703814,hold_period_exit,2018-07-11
2019-07-12,RVIC,-0.002070675769256791,hold_period_exit,2018-07-11
2019-07-15,EGC,0.0075127995099644185,hold_period_exit,2018-07-12
2019-07-15,FTSV,-0.337297393481369,hold_period_exit,2018-07-12
2019-07-24,BKS,0.26123228335876236,hold_period_exit,2018-07-23
2019-07-24,OCLR,-0.05926587306602904,hold_period_exit,2018-07-23
2019-07-24,PHH_old,-0.0602905569881419,hold_period_exit,2018-07-23
2019-07-25,GMVPD,-0.8704629070402214,hold_period_exit,2018-07-24
2019-07-26,TDDWW,0.03907693716195926,hold_period_exit,2018-07-25
2019-07-30,ALLK,-0.15585696242808145,hold_period_exit,2018-07-27
2019-07-31,ENLK,-0.19086723029361619,hold_period_exit,2018-07-30
2019-07-31,SYNT,0.007155987889042592,hold_period_exit,2018-07-30
2019-08-07,JT,-0.2568700004600991,hold_period_exit,2018-08-06
2019-08-07,REPR,1.405282110595778,hold_period_exit,2018-08-06
2019-08-08,RILYH,0.12008229014416782,hold_period_exit,2018-08-07
2019-08-09,BPSR,0.7111111754988475,hold_period_exit,2018-08-08
2019-08-12,XYLO,-0.33458420678674716,hold_period_exit,2018-08-09
2019-08-13,MIFI,0.7355072776751963,hold_period_exit,2018-08-10
2019-08-19,MSL,-0.2701872217606702,hold_period_exit,2018-08-16
2019-08-20,FMCIU,0.06868659111497832,hold_period_exit,2018-08-17
2019-08-22,ZOES,-0.044194766721267875,hold_period_exit,2018-08-21
2019-08-26,LKM,-0.8461000025272369,hold_period_exit,2018-08-23
2019-08-26,NBGV,-0.8790697772416503,hold_period_exit,2018-08-23
2019-08-29,XSPT,-0.9833030883625005,hold_period_exit,2018-08-28
2019-08-30,PFSW,-0.7550489039690912,hold_period_exit,2018-08-29
2019-09-04,NAVG,-0.0021895310785168265,hold_period_exit,2018-08-31
2019-09-04,NXEO,-0.009760619230923528,hold_period_exit,2018-08-31
2019-09-06,APRI,-0.18782286948515547,hold_period_exit,2018-09-05
2019-09-10,CBB,-0.4623238339623692,hold_period_exit,2018-09-07
2019-09-10,JMBA,0.0013201784532901328,hold_period_exit,2018-09-07
2019-09-11,CSU,-0.4445060779807617,hold_period_exit,2018-09-10
2019-09-11,LIFE_old1,-0.5188663242491532,hold_period_exit,2018-09-10
2019-09-11,REIS,-0.0004348340964474007,hold_period_exit,2018-09-10
2019-09-18,ADAP,-0.8389442363433801,hold_period_exit,2018-09-17
2019-09-18,EGL,-0.17950265655361886,hold_period_exit,2018-09-17
2019-09-19,PMBC,-0.15168895361917512,hold_period_exit,2018-09-18
2019-09-23,GCP,-0.22485638188396984,hold_period_exit,2018-09-20
2019-09-24,MZRTF,-0.11176907500369537,hold_period_exit,2018-09-21
2019-09-25,IVTY,-0.004725207988265034,hold_period_exit,2018-09-24
2019-09-26,NRE,0.30621732539844304,hold_period_exit,2018-09-25
2019-09-27,PRNB,0.05751164457779323,hold_period_exit,2018-09-26
2019-09-27,SNMX,0.002655410984365947,hold_period_exit,2018-09-26
2019-10-02,TEN_old,-0.10611054266642084,hold_period_exit,2018-10-01
2019-10-03,YMAB,-0.18473928528513683,hold_period_exit,2018-10-02
2019-10-04,ICD,-0.781015634983734,hold_period_exit,2018-10-03
2019-10-04,ICDI,-0.781015634983734,hold_period_exit,2018-10-03
2019-10-04,ICDIQ,-0.781015634983734,hold_period_exit,2018-10-03
2019-10-07,KTWO_old,0.007525313306275816,hold_period_exit,2018-10-04
2019-10-07,PRSS,0.008728450496999995,hold_period_exit,2018-10-04
2019-10-08,ETTX,-0.2759051154803125,hold_period_exit,2018-10-05
2019-10-08,SIC,0.20653459161950583,hold_period_exit,2018-10-05
2019-10-10,ICAD,0.9529919364962267,hold_period_exit,2018-10-09
2019-10-11,EMKR,-0.47397473103780374,hold_period_exit,2018-10-10
2019-10-11,UROV,-0.32286798594783106,hold_period_exit,2018-10-10
2019-10-15,CTAC_old,-0.45397683753195606,hold_period_exit,2018-10-12
2019-10-15,FRBK,-0.40386502328072704,hold_period_exit,2018-10-12
2019-10-15,GRTSQ,-0.3258471639567082,hold_period_exit,2018-10-12
2019-10-15,GRTS,-0.3258471639567082,hold_period_exit,2018-10-12
2019-10-17,GMRE,0.3705300635147337,hold_period_exit,2018-10-16
2019-10-22,ARAV,0.11075676845441462,hold_period_exit,2018-10-19
2019-10-22,FALCD,0.2857142857142858,hold_period_exit,2018-10-19
2019-10-23,CORI,0.008956368997145248,hold_period_exit,2018-10-22
2019-10-23,NETI,0.16717481542498702,hold_period_exit,2018-10-22
2019-10-25,GMO,0.29453581685232644,hold_period_exit,2018-10-24
2019-10-25,GMOL,0.29453581685232644,hold_period_exit,2018-10-24
2019-10-25,GMOLQ,0.29453581685232644,hold_period_exit,2018-10-24
2019-10-29,CHAP,-0.9329309181600316,hold_period_exit,2018-10-26
2019-10-29,CHAPQ,-0.9329309181600316,hold_period_exit,2018-10-26
2019-10-29,MRT_old,0.3117619008916641,hold_period_exit,2018-10-26
2019-10-29,NRCG,0.39973558153910127,hold_period_exit,2018-10-26
2019-10-29,VRRMW,-0.025499999523162842,hold_period_exit,2018-10-26
2019-10-30,PHAS,-0.20558286037303664,hold_period_exit,2018-10-29
2019-11-04,DNR,-0.6884273032721218,hold_period_exit,2018-11-01
2019-11-04,ECYT,0.015234897297384586,hold_period_exit,2018-11-01
2019-11-04,LOGC_old1,-0.13126225459954044,hold_period_exit,2018-11-01
2019-11-04,MLCT,-0.9521850904234408,hold_period_exit,2018-11-01
2019-11-05,CCXI_old,-0.1326972912753851,hold_period_exit,2018-11-02
2019-11-05,MACK,0.20022937713161282,hold_period_exit,2018-11-02
2019-11-11,CTRC,-0.66715170748052,hold_period_exit,2018-11-08
2019-11-11,CTRCQ,-0.66715170748052,hold_period_exit,2018-11-08
2019-11-11,GMDA,-0.5126054280873376,hold_period_exit,2018-11-08
2019-11-11,GMDAQ,-0.5126054280873376,hold_period_exit,2018-11-08
2019-11-12,AXNX,0.6819406218213535,hold_period_exit,2018-11-09
2019-11-14,ESIO,0.03389979121583364,hold_period_exit,2018-11-13
2019-11-14,INTX,0.018638307379097663,hold_period_exit,2018-11-13
2019-11-15,DWCH,0.002295385412854012,hold_period_exit,2018-11-14
2019-11-15,EQM,-0.4440770697682579,hold_period_exit,2018-11-14
2019-11-15,SLGD,-0.4093685976597492,hold_period_exit,2018-11-14
2019-11-19,EMCI,0.17569850731155734,hold_period_exit,2018-11-16
2019-11-20,GNC,-0.06823204020046081,hold_period_exit,2018-11-19
2019-11-20,ROAN,-0.8851214177445679,hold_period_exit,2018-11-19
2019-11-21,CNR_old2,-0.3748012986728715,hold_period_exit,2018-11-20
2019-11-21,NCS,-0.4818511977352745,hold_period_exit,2018-11-20
2019-11-25,IMMY,-0.14698588385015965,hold_period_exit,2018-11-23
2019-11-26,BRPAU,0.023696682036039363,hold_period_exit,2018-11-26
2019-11-26,NHLD,-0.21829189003078953,hold_period_exit,2018-11-26
2019-11-26,NRXPW,-0.2812499708961689,hold_period_exit,2018-11-26
2019-11-26,SYNC,0.011869496032629767,hold_period_exit,2018-11-26
2019-11-26,TDW-WT,-0.25018836999707816,hold_period_exit,2018-11-26
2019-11-27,XEC,-0.42917060759448067,hold_period_exit,2018-11-27
2019-11-29,MDCA,-0.04502796697525657,hold_period_exit,2018-11-28
2019-12-02,XOXO,0.011473857921933783,hold_period_exit,2018-11-29
2019-12-03,GPIC,0.07167348637730275,hold_period_exit,2018-11-30
2019-12-06,ASNS_old,-0.21194058300499807,hold_period_exit,2018-12-06
2019-12-10,GPOR_old,-0.723331732786255,hold_period_exit,2018-12-10
2019-12-10,GPORQ,-0.723331732786255,hold_period_exit,2018-12-10
2019-12-11,AVDL,1.8677296621335064,hold_period_exit,2018-12-11
2019-12-11,MDR,-0.8977472271726368,hold_period_exit,2018-12-11
2019-12-13,CLNC,-0.1122429796818204,hold_period_exit,2018-12-13
2019-12-13,MGLN,0.2324168283512491,hold_period_exit,2018-12-13
2019-12-16,AUTO,0.21803972929540638,hold_period_exit,2018-12-14
2019-12-16,LINDW,1.3599999167702417,hold_period_exit,2018-12-14
2019-12-20,DRNA,1.1771916035513041,hold_period_exit,2018-12-20
2019-12-20,FNSR,0.10403254775492776,hold_period_exit,2018-12-20
2019-12-20,THOR_old,4.027346488212324,hold_period_exit,2018-12-20
2019-12-23,EXDID,3.4886365778276147,hold_period_exit,2018-12-21
2019-12-23,HOFSQ,-0.6954734991805644,hold_period_exit,2018-12-21
2019-12-23,NAO,0.04833839534641493,hold_period_exit,2018-12-21
2019-12-24,GTT,-0.5738244907886705,hold_period_exit,2018-12-24
2019-12-24,GTTN,-0.5738244907886705,hold_period_exit,2018-12-24
2019-12-24,GTTNQ,-0.5738244907886705,hold_period_exit,2018-12-24
2019-12-27,ACFND,0.04858438783056518,hold_period_exit,2018-12-27
2019-12-27,PCTI,1.166150185596944,hold_period_exit,2018-12-27
2020-01-13,NSU,-0.022844950627504357,hold_period_exit,2019-01-11
2020-01-15,LOXO,0.00423676766774439,hold_period_exit,2019-01-15
2020-01-24,ALPN,-0.5496728065063305,hold_period_exit,2019-01-24
2020-01-31,HYGS,1.2352577610893385,hold_period_exit,2019-01-31
2020-01-31,ONDS_old,0.0,hold_period_exit,2019-01-31
2020-01-31,ONDSD,-0.2500166893005371,hold_period_exit,2019-01-31
2020-02-03,BCOV,0.08239392044566651,hold_period_exit,2019-02-01
2020-02-04,LEAF,-0.583047637928845,hold_period_exit,2019-02-04
2020-02-04,UQM,0.03324210003956107,hold_period_exit,2019-02-04
2020-02-06,HZN,0.5104608493351306,hold_period_exit,2019-02-06
2020-02-10,CLSH,-0.4536921755832526,hold_period_exit,2019-02-08
2020-02-10,CLSHD,-0.4536921755832526,hold_period_exit,2019-02-08
2020-02-11,CHKGQ,-0.6636363636363636,hold_period_exit,2019-02-11
2020-02-11,CVET,-0.6360489995611474,hold_period_exit,2019-02-11
2020-02-11,MTFB,-0.9897432959990166,hold_period_exit,2019-02-11
2020-02-13,OMSH,-0.9499999965075403,hold_period_exit,2019-02-13
2020-02-14,VTLE,-0.6255088518826506,hold_period_exit,2019-02-14
2020-02-14,ZOM,-0.8146264721667312,hold_period_exit,2019-02-14
2020-02-21,ANCN,-0.8497145982447935,hold_period_exit,2019-02-21
2020-02-24,HARP,-0.12148415505851218,hold_period_exit,2019-02-22
2020-02-28,MITO,-0.849132883277725,hold_period_exit,2019-02-28
2020-02-28,SLCT,-0.09679694934137584,hold_period_exit,2019-02-28
2020-03-02,BRTXD,-0.9998136645934966,hold_period_exit,2019-03-01
2020-03-02,PBFX,-0.0386227308529401,hold_period_exit,2019-03-01
2020-03-03,EMGCQ,1.9962546182437841,hold_period_exit,2019-03-04
2020-03-03,HNTWF,-0.8998999019342497,hold_period_exit,2019-03-04
2020-03-03,HUNTW,3.6546546998956098,hold_period_exit,2019-03-04
2020-03-03,TCRR,-0.46842948869203704,hold_period_exit,2019-03-04
2020-03-05,CMTA,0.018156168662428307,hold_period_exit,2019-03-06
2020-03-05,SNNA,-0.9479699795395493,hold_period_exit,2019-03-06
2020-03-10,SKYS,-0.22505869543488866,hold_period_exit,2019-03-11
2020-03-11,JAX,-0.35503784616334655,hold_period_exit,2019-03-12
2020-03-16,GRIN_old,-0.4438042031861318,hold_period_exit,2019-03-15
2020-03-16,OMED,-0.10191726670781054,hold_period_exit,2019-03-15
2020-03-17,HBP,-0.7083459873537197,hold_period_exit,2019-03-18
2020-03-17,RTIX,-0.6055729996445425,hold_period_exit,2019-03-18
2020-03-17,SRGA,-0.5617478274966653,hold_period_exit,2019-03-18
2020-03-20,ABMD,-0.6205191832512785,hold_period_exit,2019-03-21
2020-03-20,ADVM,0.7441860244068383,hold_period_exit,2019-03-21
2020-03-23,PQG,-0.3675505560681327,hold_period_exit,2019-03-22
2020-03-24,THWWW,-0.828394655447299,hold_period_exit,2019-03-25
2020-03-25,ENZ,-0.09696013392165825,hold_period_exit,2019-03-26
2020-03-27,BHLB,-0.49683671654349726,hold_period_exit,2019-03-28
2020-03-30,DSSI,0.13237667054771274,hold_period_exit,2019-03-29
2020-03-30,TRWH,-0.5725875069559929,hold_period_exit,2019-03-29
2020-04-02,SOLY,-0.2228320271190325,hold_period_exit,2019-04-03
2020-04-06,FVE,-0.9536281447608689,hold_period_exit,2019-04-05
2020-04-06,PGNX,-0.40932773835703173,hold_period_exit,2019-04-05
2020-04-06,SNH,-0.06184699507887337,hold_period_exit,2019-04-05
2020-04-08,AIMI,-0.710227234475566,hold_period_exit,2019-04-09
2020-04-08,HEB,-0.49300003066929843,hold_period_exit,2019-04-09
2020-04-13,COMM,-0.604458299601114,hold_period_exit,2019-04-11
2020-04-13,QHC,-0.730551423987091,hold_period_exit,2019-04-11
2020-04-14,EMPR,-0.5760000149408977,hold_period_exit,2019-04-12
2020-04-14,NGM,-0.006737261723344656,hold_period_exit,2019-04-12
2020-04-15,HMTV,-0.4117483647908441,hold_period_exit,2019-04-15
2020-04-20,PDLI,-0.15979008996105104,hold_period_exit,2019-04-18
2020-04-21,GRWCD,-0.6875000046566129,hold_period_exit,2019-04-22
2020-04-21,KEG,-0.950465548637859,hold_period_exit,2019-04-22
2020-04-21,KEGX_old,-0.9851024208566108,hold_period_exit,2019-04-22
2020-04-23,DALN,-0.5960305717736885,hold_period_exit,2019-04-24
2020-04-23,JMU,-0.5143134587838364,hold_period_exit,2019-04-24
2020-04-23,TPTX,0.7816004317449643,hold_period_exit,2019-04-24
2020-04-24,DOOR,-0.09068489812238612,hold_period_exit,2019-04-25
2020-04-28,SFLY,0.14642380275046007,hold_period_exit,2019-04-29
2020-05-01,MATN,-0.202636170730484,hold_period_exit,2019-05-02
2020-05-01,MIGID,-0.8208955308527423,hold_period_exit,2019-05-02
2020-05-01,WIZP,-0.8208955308527423,hold_period_exit,2019-05-02
2020-05-05,CRZO,-0.3419679922747755,hold_period_exit,2019-05-06
2020-05-05,GECCL,-0.29601072366752323,hold_period_exit,2019-05-06
2020-05-05,GWGH,-0.4506769611841648,hold_period_exit,2019-05-06
2020-05-05,SEAS,-0.4950276560029758,hold_period_exit,2019-05-06
2020-05-08,CDXC,0.13313869894265085,hold_period_exit,2019-05-09
2020-05-08,SRNEQ,-0.2717086965682751,hold_period_exit,2019-05-09
2020-05-11,CHS,-0.6542334032449078,hold_period_exit,2019-05-10
2020-05-11,EVLV_old,-0.04761902875980217,hold_period_exit,2019-05-10
2020-05-11,FTD,-0.7864839239325201,hold_period_exit,2019-05-10
2020-05-11,IMBIQ,-0.5858250143816837,hold_period_exit,2019-05-10
2020-05-11,TAST,-0.5526303715980534,hold_period_exit,2019-05-10
2020-05-11,VWTR,-0.28705689389115896,hold_period_exit,2019-05-10
2020-05-12,ALQA,-0.015667288705024207,hold_period_exit,2019-05-13
2020-05-12,MINM,0.4285714285714286,hold_period_exit,2019-05-13
2020-05-15,AQ,0.0036688058491896047,hold_period_exit,2019-05-16
2020-05-15,IMI,0.025770046157592486,hold_period_exit,2019-05-16
2020-05-15,TFVRD,-0.6212121248610128,hold_period_exit,2019-05-16
2020-05-18,RGLS,-0.47401749955290673,hold_period_exit,2019-05-17
2020-05-19,CTLP,0.07198883911061937,hold_period_exit,2019-05-20
2020-05-19,USAT,0.1483742312769345,hold_period_exit,2019-05-20
2020-05-19,USATP,0.46522595381355947,hold_period_exit,2019-05-20
2020-05-22,AMBR_old,0.005601612562478042,hold_period_exit,2019-05-23
2020-05-22,AXLA,-0.5571428571428572,hold_period_exit,2019-05-23
2020-05-26,TVTY,-0.48752890138764415,hold_period_exit,2019-05-24
2020-05-28,XYNO,-0.7755577664794133,hold_period_exit,2019-05-29
2020-05-28,XYN,0.01862249826742013,hold_period_exit,2019-05-29
2020-06-01,DAVC,0.4754221833143717,hold_period_exit,2019-05-31
2020-06-11,BCDAD,-0.14874550807427167,hold_period_exit,2019-06-12
2020-06-12,MDCL,-0.5192802173936094,hold_period_exit,2019-06-13
2020-06-12,MODG,-0.1458162531906233,hold_period_exit,2019-06-13
2020-06-15,MYOV,0.8337369770709004,hold_period_exit,2019-06-14
2020-06-16,ONCT,-0.535937488079071,hold_period_exit,2019-06-17
2020-06-17,AMEH,0.02721194797101867,hold_period_exit,2019-06-18
2020-06-23,NAVB,4.060617740005386,hold_period_exit,2019-06-24
2020-06-25,AKRO,0.19890666832921444,hold_period_exit,2019-06-26
2020-06-26,PRVL,-0.03331310874837601,hold_period_exit,2019-06-27
2020-07-01,ISUN,-0.23928361271733845,hold_period_exit,2019-07-02
2020-07-01,PECK,-0.23928360870674714,hold_period_exit,2019-07-02
2020-07-02,KRTX,3.406072326867717,hold_period_exit,2019-07-03
2020-07-08,OTIVF,0.14089415177149767,hold_period_exit,2019-07-09
2020-07-08,OTIV,-0.626746145038252,hold_period_exit,2019-07-09
2020-07-14,BAGR,-0.5739971421669963,hold_period_exit,2019-07-15
2020-07-14,SAUC,0.45978259992788506,hold_period_exit,2019-07-15
2020-07-16,FRANQ,0.23607423633643365,hold_period_exit,2019-07-17
2020-07-17,ACIA,0.03869618113497597,hold_period_exit,2019-07-18
2020-07-20,AKRX,-0.9768883897650633,hold_period_exit,2019-07-19
2020-07-20,AKRXQ,-0.9321721160057668,hold_period_exit,2019-07-19
2020-07-21,NBSE,1.269028645487059,hold_period_exit,2019-07-22
2020-07-21,OHRP,0.3735956073544795,hold_period_exit,2019-07-22
2020-07-22,CBIO_old,-0.5132975129497459,hold_period_exit,2019-07-23
2020-07-27,AMK,-0.01558936423910351,hold_period_exit,2019-07-26
2020-07-28,XBIOW,-0.48578906219089424,hold_period_exit,2019-07-29
2020-07-30,CDOR,-0.6366382551337807,hold_period_exit,2019-07-31
2020-07-30,LVGO,1.7742892352557296,hold_period_exit,2019-07-31
2020-07-31,CHUCD,-0.907736647928283,hold_period_exit,2019-08-01
2020-07-31,CLDR,0.7530737222989945,hold_period_exit,2019-08-01
2020-08-06,BIOS_old,-0.14153847327599156,hold_period_exit,2019-08-07
2020-08-06,CTOSW,-0.6208046037805239,hold_period_exit,2019-08-07
2020-08-06,EXAS,-0.21068713446786358,hold_period_exit,2019-08-07
2020-08-06,GHDX,-0.1333523932117242,hold_period_exit,2019-08-07
2020-08-06,MPX,-0.03731810567176552,hold_period_exit,2019-08-07
2020-08-07,MBCN,-0.19499967141178454,hold_period_exit,2019-08-08
2020-08-11,MCRN,0.06329107811733348,hold_period_exit,2019-08-12
2020-08-14,ATAI_old,-0.03896451812502877,hold_period_exit,2019-08-15
2020-08-14,ZVO,1.0143273010675826,hold_period_exit,2019-08-15
2020-08-17,AGE,-0.6293491410038847,hold_period_exit,2019-08-16
2020-08-18,WAIR,0.007173656697280428,hold_period_exit,2019-08-19
2020-08-19,LL,2.2123674584894717,hold_period_exit,2019-08-20
2020-08-19,LLFLQ,2.23424509589133,hold_period_exit,2019-08-20
2020-08-20,SPRT,0.8891167555293482,hold_period_exit,2019-08-21
2020-08-21,DVAX,0.4345235578547364,hold_period_exit,2019-08-22
2020-08-24,CAI_old,0.041100866434862215,hold_period_exit,2019-08-23
2020-08-25,CBLAQ,-0.8034865746618802,hold_period_exit,2019-08-26
2020-08-25,CBL_old,-0.8028156107171363,hold_period_exit,2019-08-26
2020-08-27,CTG,0.06056049108181272,hold_period_exit,2019-08-28
2020-08-28,IIN,-0.32004778403660694,hold_period_exit,2019-08-29
2020-08-31,JASN,-0.9643352505550365,hold_period_exit,2019-08-30
2020-08-31,JASNQ,-0.9603724997965742,hold_period_exit,2019-08-30
2020-08-31,PDVW,0.12779555348299865,hold_period_exit,2019-08-30
2020-08-31,TLRD,-0.9426149504609609,hold_period_exit,2019-08-30
2020-08-31,TLRDQ,-0.9804255753766086,hold_period_exit,2019-08-30
2020-09-02,EAST,-0.7648942229981618,hold_period_exit,2019-09-04
2020-09-03,ARDMQ,-0.7032258081572609,hold_period_exit,2019-09-05
2020-09-03,CTRP,0.00205277706617335,hold_period_exit,2019-09-05
2020-09-08,DMTK,1.1925484019746158,hold_period_exit,2019-09-09
2020-09-08,DMTWQ,4.568283162303559,hold_period_exit,2019-09-09
2020-09-14,JENGQ,-0.8400912007646202,hold_period_exit,2019-09-13
2020-09-14,SOBRD,4.464285875461543,hold_period_exit,2019-09-13
2020-09-15,CAPD,0.1532443512605297,hold_period_exit,2019-09-16
2020-09-16,STSA,-0.727781238400895,hold_period_exit,2019-09-17
2020-09-17,BLU,-0.6757602842275777,hold_period_exit,2019-09-18
2020-09-18,CBPO,-0.01763307785335766,hold_period_exit,2019-09-19
2020-09-21,IGMS,2.7027222511839577,hold_period_exit,2019-09-20
2020-09-21,MCF,-0.331123011937685,hold_period_exit,2019-09-20
2020-09-21,TBIO_old,0.3553922681686583,hold_period_exit,2019-09-20
2020-09-21,VRS,-0.04052545883328251,hold_period_exit,2019-09-20
2020-09-23,SWTX,0.6827286754318398,hold_period_exit,2019-09-24
2020-09-25,ALDR,0.0016544161159950388,hold_period_exit,2019-09-26
2020-09-25,BVSN,2.396000253090501,hold_period_exit,2019-09-26
2020-09-30,GECCN,-0.047909744817345334,hold_period_exit,2019-10-01
2020-10-05,GIFI,-0.31773880664300147,hold_period_exit,2019-10-04
2020-10-06,MOSC,0.27450303641608453,hold_period_exit,2019-10-07
2020-10-06,VSTRD,-0.47864638172177154,hold_period_exit,2019-10-07
2020-10-09,SOL_old,1.864208905202056,hold_period_exit,2019-10-10
2020-10-09,SOL,1.864208905202056,hold_period_exit,2019-10-10
2020-10-12,SP,-0.4972156047524391,hold_period_exit,2019-10-11
2020-10-12,SPN,-0.9119380270361944,hold_period_exit,2019-10-11
2020-10-12,SPNX,-0.11938027036194421,hold_period_exit,2019-10-11
2020-10-14,BRFHD,-0.042440605833303335,hold_period_exit,2019-10-15
2020-10-14,ZNRG,0.0633333101537501,hold_period_exit,2019-10-15
2020-10-16,VIE,0.5912962821986836,hold_period_exit,2019-10-17
2020-10-20,CSS,0.8324578196694605,hold_period_exit,2019-10-21
2020-10-22,JAG,0.11105539096527095,hold_period_exit,2019-10-23
2020-10-23,NIHD,0.1642963132316495,hold_period_exit,2019-10-24
2020-10-26,STMHD,-0.5099100112915039,hold_period_exit,2019-10-25
2020-10-28,FLHI,7.210529182170811,hold_period_exit,2019-10-29
2020-10-29,OAS,-0.9424105891232759,hold_period_exit,2019-10-30
2020-10-29,OASPQ,-0.9573406021424667,hold_period_exit,2019-10-30
2020-11-03,TTS,-0.197758652181791,hold_period_exit,2019-11-04
2020-11-09,CBTX,-0.28633835905126803,hold_period_exit,2019-11-08
2020-11-09,OYST,0.5630674393083519,hold_period_exit,2019-11-08
2020-11-09,RAPT,0.1245352250417342,hold_period_exit,2019-11-08
2020-11-11,AVYA,0.5187550751952805,hold_period_exit,2019-11-12
2020-11-11,AVYAQ,0.5187550751952805,hold_period_exit,2019-11-12
2020-11-11,AXE,0.13748727567704044,hold_period_exit,2019-11-12
2020-11-11,FAT,-0.006973269670025761,hold_period_exit,2019-11-12
2020-11-11,GLBD,-0.9731182793760689,hold_period_exit,2019-11-12
2020-11-11,RILYO,0.013569524760572493,hold_period_exit,2019-11-12
2020-11-11,RILYH,0.04248868719745014,hold_period_exit,2019-11-12
2020-11-12,ETNB,0.17460774076828356,hold_period_exit,2019-11-13
2020-11-13,BMCH,0.5688155517916726,hold_period_exit,2019-11-14
2020-11-16,STXB,-0.2751905244175781,hold_period_exit,2019-11-15
2020-11-17,EPZM,-0.25868511058116994,hold_period_exit,2019-11-18
2020-11-17,KW,-0.24038361327189106,hold_period_exit,2019-11-18
2020-11-18,VRAY,0.26326297352496786,hold_period_exit,2019-11-19
2020-11-20,GPX,-0.0341346771270884,hold_period_exit,2019-11-21
2020-11-20,SRACU,0.17087615704952408,hold_period_exit,2019-11-21
2020-11-24,TPCO,-0.021094419636167427,hold_period_exit,2019-11-25
2020-11-24,VALPQ,-0.9828037442499284,hold_period_exit,2019-11-25
2020-11-27,WSTG,0.614127162886206,hold_period_exit,2019-11-27
2020-12-01,SHSP,0.3849559668428373,hold_period_exit,2019-12-02
2020-12-01,SIC,-0.27876507606034484,hold_period_exit,2019-12-02
2020-12-02,BREW_old,-0.0035003201469467893,hold_period_exit,2019-12-03
2020-12-03,HHC,-0.3188314432641962,hold_period_exit,2019-12-04
2020-12-04,KLR,0.26005742716527913,hold_period_exit,2019-12-05
2020-12-07,CCNC,0.6277897760500637,hold_period_exit,2019-12-06
2020-12-07,TMSR,0.6375638526914942,hold_period_exit,2019-12-06
2020-12-08,BCOM,0.08955227244340258,hold_period_exit,2019-12-09
2020-12-11,PBPB,0.22988869614741447,hold_period_exit,2019-12-12
2020-12-14,PFMT,-0.104760335409953,hold_period_exit,2019-12-13
2020-12-14,PHLT,-0.11021226776533755,hold_period_exit,2019-12-13
2020-12-15,ARQL,-0.00596425617435381,hold_period_exit,2019-12-16
2020-12-18,DPLO,0.015924112419479997,hold_period_exit,2019-12-19
2020-12-18,GMO,-0.8777258021067241,hold_period_exit,2019-12-19
2020-12-18,GMOL,-0.8777258021067241,hold_period_exit,2019-12-19
2020-12-18,GMOLQ,-0.8777258021067241,hold_period_exit,2019-12-19
2020-12-21,CRCM,-0.006622541651882585,hold_period_exit,2019-12-20
2020-12-21,HSAC,-0.0328844702277995,hold_period_exit,2019-12-20
2020-12-21,HSACU,0.0,hold_period_exit,2019-12-20
2020-12-21,IMVTU,0.5138500213623045,hold_period_exit,2019-12-20
2020-12-21,IMVTW,2.223890765956447,hold_period_exit,2019-12-20
2020-12-22,AACH,-0.9499999965075403,hold_period_exit,2019-12-23
2020-12-28,NLTX,0.12467039580220818,hold_period_exit,2019-12-27
2020-12-29,BROG,0.14253905923103694,hold_period_exit,2019-12-30
2020-12-29,BROGW,-0.08939557517803964,hold_period_exit,2019-12-30
2020-12-29,NFH,-0.14588588932659807,hold_period_exit,2019-12-30
2021-01-04,ROSE_old,-0.9742962976421021,hold_period_exit,2020-01-03
2021-01-04,ROSEQ,-0.9740740744215635,hold_period_exit,2020-01-03
2021-01-04,UROV,0.00963217602694999,hold_period_exit,2020-01-03
2021-01-05,RST,0.5911242115405135,hold_period_exit,2020-01-06
2021-01-05,SFUN,-0.4653565609541651,hold_period_exit,2020-01-06
2021-01-06,CLUB_old,-0.9507575795204951,hold_period_exit,2020-01-07
2021-01-06,CLUBQ,-0.9177609816435598,hold_period_exit,2020-01-07
2021-01-19,APTX,-0.06442732610802182,hold_period_exit,2020-01-17
2021-01-19,VTNR,-0.41946073521911786,hold_period_exit,2020-01-17
2021-01-19,VTNRQ,-0.41946073521911786,hold_period_exit,2020-01-17
2021-01-20,PRTO_old,-0.45333333810170495,hold_period_exit,2020-01-21
2021-01-20,VVNT,0.9548077566736572,hold_period_exit,2020-01-21
2021-01-21,RVLP,-0.3675451303864459,hold_period_exit,2020-01-22
2021-01-25,COT,-0.3540469909083023,hold_period_exit,2020-01-24
2021-01-25,FRGI,0.4263635982166636,hold_period_exit,2020-01-24
2021-01-25,PRMW,0.07320012848268664,hold_period_exit,2020-01-24
2021-01-29,TMBRQ,-0.7846638701481352,hold_period_exit,2020-01-30
2021-02-01,UEPS,0.19746059952636763,hold_period_exit,2020-01-31
2021-02-02,MJCO,1.1791100620630308,hold_period_exit,2020-02-03
2021-02-05,IPHS,0.0,hold_period_exit,2020-02-06
2021-02-09,SMRT_old,-0.9754648276324906,hold_period_exit,2020-02-10
2021-02-09,SMRTQ,-0.9662360024253694,hold_period_exit,2020-02-10
2021-02-10,BASI,1.9832010928903454,hold_period_exit,2020-02-11
2021-02-10,NOTV,1.9832010928903454,hold_period_exit,2020-02-11
2021-02-11,MITID,9.880237660817091,hold_period_exit,2020-02-12
2021-02-16,ALTN,9.33333260483215,hold_period_exit,2020-02-14
2021-02-16,DL,0.2285171321065802,hold_period_exit,2020-02-14
2021-02-16,ESGR,0.04812628346663761,hold_period_exit,2020-02-14
2021-02-16,WTT,0.9134670316179441,hold_period_exit,2020-02-14
2021-02-22,GSAH_old,-0.37099778295355956,hold_period_exit,2020-02-21
2021-02-23,ATCX_old,-0.09383361092163811,hold_period_exit,2020-02-24
2021-03-03,BWMC,-0.09385171624805677,hold_period_exit,2020-03-03
2021-03-05,ESSCU,0.06694474754767366,hold_period_exit,2020-03-05
2021-03-05,SYNL,-0.38889980303238736,hold_period_exit,2020-03-05
2021-03-08,BIG,2.9059315281808433,hold_period_exit,2020-03-06
2021-03-09,GCAP,0.03806075492972805,hold_period_exit,2020-03-09
2021-03-09,INTL_old,0.4850507855771444,hold_period_exit,2020-03-09
2021-03-11,MINI,0.0581934358807068,hold_period_exit,2020-03-11
2021-03-11,SSI,-0.3356143535051257,hold_period_exit,2020-03-11
2021-03-12,OSG_old,0.07894735686336496,hold_period_exit,2020-03-12
2021-03-12,TESS,0.5693318149690443,hold_period_exit,2020-03-12
2021-03-15,EQXWF,-0.4193209257803162,hold_period_exit,2020-03-13
2021-03-15,NOVN,3.5897433796969835,hold_period_exit,2020-03-13
2021-03-15,NOVNQ,-0.08333333333333326,hold_period_exit,2020-03-13
2021-03-15,QDMID,-0.75,hold_period_exit,2020-03-13
2021-03-16,KEGXD,0.02439022120941492,hold_period_exit,2020-03-16
2021-03-16,WPX,1.6576543262666887,hold_period_exit,2020-03-16
2021-03-17,CTAC_old,0.2880504401754711,hold_period_exit,2020-03-17
2021-03-17,GDYNW,3.120228035552599,hold_period_exit,2020-03-17
2021-03-23,DFPHU,0.07319588166061641,hold_period_exit,2020-03-23
2021-03-23,LPTX,0.6643772075055632,hold_period_exit,2020-03-23
2021-03-23,PTVCA,1.046167625570142,hold_period_exit,2020-03-23
2021-03-23,PTVCB,0.9413722165169593,hold_period_exit,2020-03-23
2021-03-26,CHRA,0.8765903708544136,hold_period_exit,2020-03-26
2021-03-26,FCRD,1.0145079226845746,hold_period_exit,2020-03-26
2021-04-06,TEN_old,-0.2479341161083607,hold_period_exit,2020-04-03
2021-04-07,SWIR,1.4542792902524893,hold_period_exit,2020-04-06
2021-04-09,SRLP,1.1176407237753856,hold_period_exit,2020-04-08
2021-04-13,CNMF,1.1428571793497828,hold_period_exit,2020-04-13
2021-04-13,TRQ,0.5701409152519399,hold_period_exit,2020-04-13
2021-04-13,VOXX,3.3637266982354346,hold_period_exit,2020-04-13
2021-04-15,ASFI,0.16132229508205653,hold_period_exit,2020-04-15
2021-04-16,ARAV,-0.5072956924977022,hold_period_exit,2020-04-16
2021-04-16,DSKE,4.718040445991271,hold_period_exit,2020-04-16
2021-04-16,STAY,1.2510877708868922,hold_period_exit,2020-04-16
2021-04-20,AVCT,2.61712720910366,hold_period_exit,2020-04-20
2021-04-20,AVCTQ,2.617057411890201,hold_period_exit,2020-04-20
2021-04-23,CUI,0.09849135538988452,hold_period_exit,2020-04-23
2021-04-23,ETTX,-0.29269159782301324,hold_period_exit,2020-04-23
2021-04-23,GTT,-0.8447296383741446,hold_period_exit,2020-04-23
2021-04-23,GTTN,-0.8447296383741446,hold_period_exit,2020-04-23
2021-04-28,JCAP_old,0.33076753169425377,hold_period_exit,2020-04-28
2021-04-28,SDPI,0.9271166177334098,hold_period_exit,2020-04-28
2021-05-03,MOXC,7.522854426588491,hold_period_exit,2020-05-01
2021-05-04,EYEN,0.44171706569621083,hold_period_exit,2020-05-04
2021-05-06,PMCBD,-0.38344087027518803,hold_period_exit,2020-05-06
2021-05-10,PTLA,0.007262629658419506,hold_period_exit,2020-05-08
2021-05-10,TORC,0.19371729055774667,hold_period_exit,2020-05-08
2021-05-12,WTRH,-0.39380890392112256,hold_period_exit,2020-05-12
2021-05-13,STML,-0.030246424075933365,hold_period_exit,2020-05-13
2021-05-14,GAN,0.0844229540888588,hold_period_exit,2020-05-14
2021-05-14,INNT,0.2101805748604566,hold_period_exit,2020-05-14
2021-05-14,NEWA,0.2954296833745318,hold_period_exit,2020-05-14
2021-05-18,CETYD,2.0963003263779707,hold_period_exit,2020-05-18
2021-05-18,HMTV,0.3148936338584427,hold_period_exit,2020-05-18
2021-05-18,PTE,0.11087277491906611,hold_period_exit,2020-05-18
2021-05-18,PTEIQ,0.12369606381766274,hold_period_exit,2020-05-18
2021-05-18,SJOYW,0.4008083648120584,hold_period_exit,2020-05-18
2021-05-18,VRNT,1.0081233718531175,hold_period_exit,2020-05-18
2021-05-21,TEAR,0.061500008822729324,hold_period_exit,2020-05-21
2021-05-26,FPAC_old,0.040895725793481,hold_period_exit,2020-05-27
2021-05-26,MINM,0.48618132517882584,hold_period_exit,2020-05-27
2021-05-26,NTP,3.1035938314318363,hold_period_exit,2020-05-27
2021-06-02,SPRCY,-0.748743728548771,hold_period_exit,2020-06-02
2021-06-02,TRPX,-0.759212718898384,hold_period_exit,2020-06-02
2021-06-02,TRPXD,-0.748743728548771,hold_period_exit,2020-06-02
2021-06-02,TRPXY,-0.7487437240401014,hold_period_exit,2020-06-02
2021-06-04,SKYS,1.512897207646092,hold_period_exit,2020-06-04
2021-06-14,ALTA,1.107105362620945,hold_period_exit,2020-06-12
2021-06-14,PUB,0.35777911282891184,hold_period_exit,2020-06-12
2021-06-15,NKLA,-0.7792791774528554,hold_period_exit,2020-06-15
2021-06-18,CLCT,2.1155283602061052,hold_period_exit,2020-06-18
2021-06-22,EVA,0.5069255786821385,hold_period_exit,2020-06-22
2021-06-22,LEAF,1.8917839175715212,hold_period_exit,2020-06-22
2021-06-28,RPTX,0.04688092221926121,hold_period_exit,2020-06-26
2021-06-28,SCON,-0.4501468707175247,hold_period_exit,2020-06-26
2021-06-28,SCOND,-0.45701192408226343,hold_period_exit,2020-06-26
2021-06-29,MICT,0.8384616865914303,hold_period_exit,2020-06-29
2021-06-29,RIVU,1.272727285042282,hold_period_exit,2020-06-29
2021-06-29,TIO,0.8384616865914303,hold_period_exit,2020-06-29
2021-06-30,CLGX,0.1964528681298181,hold_period_exit,2020-06-30
2021-07-02,KAR,0.26240246233482134,hold_period_exit,2020-07-02
2021-07-02,NS,0.5265785240177405,hold_period_exit,2020-07-02
2021-07-02,PROG,-0.6340337460727357,hold_period_exit,2020-07-02
2021-07-02,TROV,1.7888632522839232,hold_period_exit,2020-07-02
2021-07-06,ACY,2.7311137127922733,hold_period_exit,2020-07-06
2021-07-06,FFHL,0.930476094286715,hold_period_exit,2020-07-06
2021-07-06,RTC,0.930476051415351,hold_period_exit,2020-07-06
2021-07-12,AKUS,-0.4276847330421514,hold_period_exit,2020-07-10
2021-07-12,FUSN,-0.5148309477626938,hold_period_exit,2020-07-10
2021-07-14,HOFV,-0.41848758560173827,hold_period_exit,2020-07-14
2021-07-14,MGTA,0.1455273946457234,hold_period_exit,2020-07-14
2021-07-16,NGHC,0.014818479403563956,hold_period_exit,2020-07-16
2021-07-26,TMUSR,0.20218345162824103,hold_period_exit,2020-07-24
2021-07-27,DMS,0.09811944056432909,hold_period_exit,2020-07-27
2021-07-27,DMSIW,0.5527449159167654,hold_period_exit,2020-07-27
2021-07-27,DMSL,0.09811934188754123,hold_period_exit,2020-07-27
2021-07-28,GSB,-0.007814972041419121,hold_period_exit,2020-07-28
2021-07-30,PAND,2.507593241435231,hold_period_exit,2020-07-30
2021-08-02,KNL,1.1418943592055237,hold_period_exit,2020-07-31
2021-08-04,IMRNW,-0.5653775378077872,hold_period_exit,2020-08-04
2021-08-05,AGFS,-0.2440707452545513,hold_period_exit,2020-08-05
2021-08-05,ITOS,-0.14133158066974694,hold_period_exit,2020-08-05
2021-08-06,IOTC,0.03061291363269336,hold_period_exit,2020-08-06
2021-08-06,VVI,1.4127768791799293,hold_period_exit,2020-08-06
2021-08-09,MLVF,0.6436448383206042,hold_period_exit,2020-08-07
2021-08-12,AJX,0.5227564994944089,hold_period_exit,2020-08-12
2021-08-13,ALVR,-0.515648383625467,hold_period_exit,2020-08-13
2021-08-13,CMPI,-0.6248041745429707,hold_period_exit,2020-08-13
2021-08-16,ETACU,-0.00028461496144349674,hold_period_exit,2020-08-14
2021-08-23,AXAS,-0.20361915740059133,hold_period_exit,2020-08-21
2021-08-23,MR,0.06282212371636753,hold_period_exit,2020-08-21
2021-08-23,PFNX,0.006041131944515943,hold_period_exit,2020-08-21
2021-08-23,SWN,0.5009081927564729,hold_period_exit,2020-08-21
2021-08-24,CVAC,0.12723946366607652,hold_period_exit,2020-08-24
2021-08-25,PRNB,-0.010091982251372644,hold_period_exit,2020-08-25
2021-08-26,BMTX,-0.036854850058530175,hold_period_exit,2020-08-26
2021-08-30,MPLN,-0.48565981822513626,hold_period_exit,2020-08-28
2021-08-30,MPLN-WT,-0.4956382057295208,hold_period_exit,2020-08-28
2021-08-30,MPLNW,-0.4956382057295208,hold_period_exit,2020-08-28
2021-08-31,HPKEW,0.7258065229400008,hold_period_exit,2020-08-31
2021-08-31,HUD,0.016947134283056053,hold_period_exit,2020-08-31
2021-08-31,MVEN,-0.13155272370114024,hold_period_exit,2020-08-31
2021-09-01,FIIIU,0.10767696435283214,hold_period_exit,2020-09-01
2021-09-03,GRIF,0.06481481481481466,hold_period_exit,2020-09-03
2021-09-03,INDT,0.32208576144140566,hold_period_exit,2020-09-03
2021-09-08,CCH,0.3229822154812556,hold_period_exit,2020-09-08
2021-09-14,IMAB,0.7230006934430901,hold_period_exit,2020-09-14
2021-09-15,CTHR,2.4991778212247744,hold_period_exit,2020-09-15
2021-09-16,XSNXD,0.20773396617285522,hold_period_exit,2020-09-16
2021-09-17,NHLD,0.5181973246585367,hold_period_exit,2020-09-17
2021-09-20,GRIN_old,3.2198024657093223,hold_period_exit,2020-09-18
2021-09-20,VRTU,0.01246726868994319,hold_period_exit,2020-09-18
2021-09-21,WTRE_old,0.3792079723827513,hold_period_exit,2020-09-21
2021-09-23,CBPO,0.07953212970341172,hold_period_exit,2020-09-23
2021-09-23,DESP,0.8778429276427877,hold_period_exit,2020-09-23
2021-09-27,NUZE,-0.8623382004489097,hold_period_exit,2020-09-25
2021-09-28,MTCR,-0.6587225927723304,hold_period_exit,2020-09-28
2021-09-30,GTXMQ,0.5946376967134654,hold_period_exit,2020-09-30
2021-10-05,ASTID,42.12500117324817,hold_period_exit,2020-10-05
2021-10-05,GRAY,-0.7609180893872712,hold_period_exit,2020-10-05
2021-10-05,NBLX,0.8962249659308621,hold_period_exit,2020-10-05
2021-10-06,GPOR_old,-0.8259846696416655,hold_period_exit,2020-10-06
2021-10-06,GPORQ,-0.9177311889449526,hold_period_exit,2020-10-06
2021-10-08,JENGQ,-0.8665819137489196,hold_period_exit,2020-10-08
2021-10-15,EIDX,0.644706432651694,hold_period_exit,2020-10-15
2021-10-15,KDNY,-0.24006883184008287,hold_period_exit,2020-10-15
2021-10-15,LINX,0.19793874517368337,hold_period_exit,2020-10-15
2021-10-18,EQOS,-0.5166444735273479,hold_period_exit,2020-10-16
2021-10-18,ONCR,-0.41376560361569237,hold_period_exit,2020-10-16
2021-10-18,SPRBD,-0.7093628088426528,hold_period_exit,2020-10-16
2021-10-21,HLIX,2.755714443584666,hold_period_exit,2020-10-21
2021-10-22,CURIW,1.34058824854344,hold_period_exit,2020-10-22
2021-10-22,HBP,1.0725291261502954,hold_period_exit,2020-10-22
2021-10-22,SAQN,0.7588404630519647,hold_period_exit,2020-10-22
2021-10-22,SPI,-0.3941248760048307,hold_period_exit,2020-10-22
2021-10-26,GOED,-0.5553085653224095,hold_period_exit,2020-10-26
2021-10-26,JAX,1.470756400917491,hold_period_exit,2020-10-26
2021-10-26,PAYAW,-0.013117697490383051,hold_period_exit,2020-10-26
2021-10-26,PAYA,-0.14299325290311626,hold_period_exit,2020-10-26
2021-10-26,POL,-0.5536095582569727,hold_period_exit,2020-10-26
2021-10-26,TTCFW,1.0950093558769427,hold_period_exit,2020-10-26
2021-10-26,TTCF,0.039158389970400886,hold_period_exit,2020-10-26
2021-10-27,EAR,-0.784788963050362,hold_period_exit,2020-10-27
2021-10-29,AUGG,-0.12475145049299896,hold_period_exit,2020-10-29
2021-10-29,BFGC,7.555785061272346,hold_period_exit,2020-10-29
2021-10-29,BFGCD,0.284779569170037,hold_period_exit,2020-10-29
2021-10-29,BSTC,0.0032300287912518932,hold_period_exit,2020-10-29
2021-10-29,DPHCW,1.0267687079946812,hold_period_exit,2020-10-29
2021-10-29,MOBL,-0.002347861167797727,hold_period_exit,2020-10-29
2021-10-29,RIDE,-0.654279616323826,hold_period_exit,2020-10-29
2021-10-29,RIDEW,1.237093645620643,hold_period_exit,2020-10-29
2021-11-01,GECCL,0.1315271121004007,hold_period_exit,2020-10-30
2021-11-02,CDOR,1.647593767754175,hold_period_exit,2020-11-02
2021-11-02,GWGH,0.32150813841078785,hold_period_exit,2020-11-02
2021-11-02,IKNX,6.020460399071228,hold_period_exit,2020-11-02
2021-11-02,RTIX,-0.05765065572175354,hold_period_exit,2020-11-02
2021-11-02,SRGA,-0.4203894339254223,hold_period_exit,2020-11-02
2021-11-04,CERE,3.3386086282435894,hold_period_exit,2020-11-04
2021-11-04,CEREW,7.542890298664082,hold_period_exit,2020-11-04
2021-11-04,MCEP,1.5269434806479234,hold_period_exit,2020-11-04
2021-11-04,MCF,2.091001454317647,hold_period_exit,2020-11-04
2021-11-05,TCP,0.06450356714862493,hold_period_exit,2020-11-05
2021-11-09,CDR,1.829045635102979,hold_period_exit,2020-11-09
2021-11-09,GMS,1.2243686538852185,hold_period_exit,2020-11-09
2021-11-10,TLMD,-0.736009731654387,hold_period_exit,2020-11-10
2021-11-10,TLMDW,-0.7926118582252165,hold_period_exit,2020-11-10
2021-11-12,ADVWW,0.32666667302449537,hold_period_exit,2020-11-12
2021-11-15,SQZ,-0.41459174729468307,hold_period_exit,2020-11-13
2021-11-17,CLI,0.32128212508876075,hold_period_exit,2020-11-17
2021-11-18,RILYO,0.09689301769767611,hold_period_exit,2020-11-18
2021-11-18,RILYH,0.061953512962882984,hold_period_exit,2020-11-18
2021-11-22,LEJU,-0.5993513050243615,hold_period_exit,2020-11-20
2021-11-24,TRIRF,-0.5975218387121183,hold_period_exit,2020-11-24
2021-11-24,TRIRW,-0.5300304904842903,hold_period_exit,2020-11-24
2021-11-24,TRIT,-0.5975218387121183,hold_period_exit,2020-11-24
2021-11-24,TRITW,-0.5300304904842903,hold_period_exit,2020-11-24
2021-11-29,ENZ,0.650251051457615,hold_period_exit,2020-11-27
2021-11-29,EOSEW,-0.15822936043107905,hold_period_exit,2020-11-27
2021-11-29,ID,-0.5902112571774547,hold_period_exit,2020-11-27
2021-11-29,IDICQ,-0.5902024174818619,hold_period_exit,2020-11-27
2021-11-29,MESA,0.041430098373876234,hold_period_exit,2020-11-27
2021-11-30,RUHN,0.14478116586362955,hold_period_exit,2020-11-30
2021-12-01,GTTNQ,-0.9936170211602331,hold_period_exit,2020-12-01
2021-12-02,AEL,0.26659569027441,hold_period_exit,2020-12-02
2021-12-07,CCRC,0.33196718187878127,hold_period_exit,2020-12-07
2021-12-08,PTSCD,-0.4455375796114748,hold_period_exit,2020-12-08
2021-12-13,CTOSW,2.2474450503187744,hold_period_exit,2020-12-11
2021-12-13,KNTE,-0.5918638876846534,hold_period_exit,2020-12-11
2021-12-13,SBTX,-0.7911616710007792,hold_period_exit,2020-12-11
2021-12-14,TUFN,-0.19265358499053808,hold_period_exit,2020-12-14
2021-12-15,BNFT,-0.29414194026024,hold_period_exit,2020-12-15
2021-12-16,CPAH,0.016740881549270892,hold_period_exit,2020-12-16
2021-12-20,DM,-0.6878916916150128,hold_period_exit,2020-12-18
2021-12-21,MN,0.32288627440814466,hold_period_exit,2020-12-21
2021-12-21,MNDT,-0.16416592835472932,hold_period_exit,2020-12-21
2021-12-22,PRVL,-0.00867497700095865,hold_period_exit,2020-12-22
2021-12-22,STXB,0.7420403780812497,hold_period_exit,2020-12-22
2021-12-23,ALSK,-0.02017289125811139,hold_period_exit,2020-12-23
2021-12-23,WSG,0.6399999618530274,hold_period_exit,2020-12-23
2021-12-28,CLVRW,-0.8139228053549113,hold_period_exit,2020-12-28
2021-12-28,MRUS,0.7883992401559918,hold_period_exit,2020-12-28
2021-12-28,PSTX,-0.37409421455719927,hold_period_exit,2020-12-28
2021-12-30,ASLEW,2.3721247176502356,hold_period_exit,2020-12-30
2021-12-30,PMD,0.3813567213026181,hold_period_exit,2020-12-30
2021-12-30,XL,-0.850454135290668,hold_period_exit,2020-12-30
2021-12-31,PRCHW,-0.05861171921981623,hold_period_exit,2020-12-31
2021-12-31,VRS,1.2765517662905568,hold_period_exit,2020-12-31
2022-01-03,ACKIU,0.007269019664131182,hold_period_exit,2021-01-04
2022-01-03,ARKOW,0.25440576944962023,hold_period_exit,2021-01-04
2022-01-04,FAT,1.0687477485676173,hold_period_exit,2021-01-05
2022-01-05,SYN,-0.6667856962015831,hold_period_exit,2021-01-06
2022-01-18,ESTE,1.3218743894556169,hold_period_exit,2021-01-19
2022-01-18,LSEA,-0.21883311193159072,hold_period_exit,2021-01-19
2022-01-20,AMCN,-0.3722199334129679,hold_period_exit,2021-01-21
2022-01-20,ANTE,-0.3722199334129679,hold_period_exit,2021-01-21
2022-01-20,MAGAA,0.011594191681209676,hold_period_exit,2021-01-21
2022-01-24,GMLP,0.03799417608374123,hold_period_exit,2021-01-25
2022-01-24,PVAC,1.24403967408028,hold_period_exit,2021-01-25
2022-01-24,ROCC,1.7910888312531439,hold_period_exit,2021-01-25
2022-01-28,OXFD,0.0055518861937582376,hold_period_exit,2021-01-29
2022-01-31,GHIV,-0.19181960793428687,hold_period_exit,2021-02-01
2022-02-03,RTSLD,-0.6058037100081162,hold_period_exit,2021-02-04
2022-02-04,APPH,-0.9185472127890344,hold_period_exit,2021-02-05
2022-02-04,APPHQ,-0.9185472127890344,hold_period_exit,2021-02-05
2022-02-09,RADI,-0.021551737722025677,hold_period_exit,2021-02-10
2022-02-09,RADIW,-0.7222222148636239,hold_period_exit,2021-02-10
2022-02-09,THS,-0.2984350197779917,hold_period_exit,2021-02-10
2022-02-10,ITHXU,-0.03381840888199272,hold_period_exit,2021-02-11
2022-02-10,MIMO,-0.642056843222352,hold_period_exit,2021-02-11
2022-02-14,ADN,-0.7544293938463555,hold_period_exit,2021-02-16
2022-02-14,ADNWW,-0.7908493454149044,hold_period_exit,2021-02-16
2022-02-14,BRSFD,-0.8233416417527927,hold_period_exit,2021-02-16
2022-02-14,ETWO,-0.0953528192129619,hold_period_exit,2021-02-16
2022-02-14,FSDC,0.15709281523198104,hold_period_exit,2021-02-16
2022-02-14,LABP,-0.858166590015629,hold_period_exit,2021-02-16
2022-02-14,MOSY,-0.19009581471637105,hold_period_exit,2021-02-16
2022-02-14,TRNF,-0.5247311843393965,hold_period_exit,2021-02-16
2022-02-14,TRNFD,-0.3526881873697222,hold_period_exit,2021-02-16
2022-02-15,MITID,-0.5871805376271535,hold_period_exit,2021-02-17
2022-02-15,PRET,-0.6281868703317137,hold_period_exit,2021-02-17
2022-02-22,TERN,-0.8188828790210351,hold_period_exit,2021-02-23
2022-03-02,FSRXU,-0.04492187972937256,hold_period_exit,2021-03-03
2022-03-04,GPP,0.3091939881464929,hold_period_exit,2021-03-05
2022-03-04,MNKKQ,-0.6661195244037484,hold_period_exit,2021-03-05
2022-03-07,CRHM,0.029487790436221184,hold_period_exit,2021-03-08
2022-03-07,SBE,-0.027258596363737952,hold_period_exit,2021-03-08
2022-03-07,TPRE,-0.017608858299816954,hold_period_exit,2021-03-08
2022-03-08,ROCRU,-0.008919737485316825,hold_period_exit,2021-03-09
2022-03-10,MODG,-0.26432441845725463,hold_period_exit,2021-03-11
2022-03-10,RLH,0.0014367802310988331,hold_period_exit,2021-03-11
2022-03-14,STSA,-0.4498014412730861,hold_period_exit,2021-03-15
2022-03-15,MYHI,-0.9374386789002902,hold_period_exit,2021-03-16
2022-03-17,ADVM,-0.87091928141209,hold_period_exit,2021-03-18
2022-03-17,TREC,0.07252205660791677,hold_period_exit,2021-03-18
2022-03-17,VIEWQ,-0.7787606582779913,hold_period_exit,2021-03-18
2022-03-17,VIEWW,-0.9230107519149502,hold_period_exit,2021-03-18
2022-03-18,BRTXD,-0.9138418900512911,hold_period_exit,2021-03-19
2022-03-18,CVLB,-0.5754157122473864,hold_period_exit,2021-03-19
2022-03-18,IPV,-0.027973866666965885,hold_period_exit,2021-03-19
2022-03-23,MIGID,-0.01143731100177725,hold_period_exit,2021-03-24
2022-03-23,WIZP,-0.25857798325133297,hold_period_exit,2021-03-24
2022-03-25,GNMK,-0.006141156585383389,hold_period_exit,2021-03-26
2022-03-28,SPRT,1.6518182071327634,hold_period_exit,2021-03-29
2022-03-30,LVTX,-0.7043617650438565,hold_period_exit,2021-03-31
2022-03-30,MFINL,-0.0007996984238558547,hold_period_exit,2021-03-31
2022-04-04,FLY_old,0.013263573337049195,hold_period_exit,2021-04-06
2022-04-05,DTRC,8.512798496992524,hold_period_exit,2021-04-07
2022-04-05,DTRCD,1.0357389781496278,hold_period_exit,2021-04-07
2022-04-08,EMPR,11.20888933067133,hold_period_exit,2021-04-12
2022-04-12,RPHM,-0.7847103223823404,hold_period_exit,2021-04-14
2022-04-13,BSPI,-0.27697577776676985,hold_period_exit,2021-04-15
2022-04-13,IKNA,-0.6170544455828573,hold_period_exit,2021-04-15
2022-04-14,ENG,-0.6705942650448649,hold_period_exit,2021-04-16
2022-04-14,ENGC,-0.6702426536798277,hold_period_exit,2021-04-16
2022-04-14,ENGCQ,-0.6702426536798277,hold_period_exit,2021-04-16
2022-04-19,IIN,-0.029882509196031526,hold_period_exit,2021-04-20
2022-04-19,OEG,-0.5897002970441287,hold_period_exit,2021-04-20
2022-04-19,SNNY,0.1351510768152684,hold_period_exit,2021-04-20
2022-04-19,VECT,-0.6639509114382651,hold_period_exit,2021-04-20
2022-04-20,JOAN,-0.0893770414013576,hold_period_exit,2021-04-21
2022-04-26,MYMD,-0.1414391915492309,hold_period_exit,2021-04-27
2022-04-27,AMAR,0.4529596281007573,hold_period_exit,2021-04-28
2022-04-27,RAIN_old2,-0.7574074147114971,hold_period_exit,2021-04-28
2022-04-29,BFI,-0.7194334256515648,hold_period_exit,2021-04-30
2022-04-29,BFICQ,-0.7194406889369261,hold_period_exit,2021-04-30
2022-04-29,IO,-0.7816900281811723,hold_period_exit,2021-04-30
2022-04-29,IOGPQ,-0.7810433045070191,hold_period_exit,2021-04-30
2022-05-02,EWTX_old,-0.11848014558834541,hold_period_exit,2021-05-03
2022-05-03,SSOKD,-0.8662866131157669,hold_period_exit,2021-05-04
2022-05-05,KNBE,0.10724714579212535,hold_period_exit,2021-05-06
2022-05-06,ALF_old,-0.6081081002711206,hold_period_exit,2021-05-07
2022-05-06,ALFIW,-0.19463200018754745,hold_period_exit,2021-05-07
2022-05-06,IMPL,-0.560277757731221,hold_period_exit,2021-05-07
2022-05-09,FLDM,-0.22079507447925506,hold_period_exit,2021-05-10
2022-05-09,TCTM,-0.8867382170958109,hold_period_exit,2021-05-10
2022-05-10,PWVI,1.4833326553262762,hold_period_exit,2021-05-11
2022-05-13,SKINW,3.3994168820113906,hold_period_exit,2021-05-14
2022-05-13,VSPRW,1.0625,hold_period_exit,2021-05-14
2022-05-16,BLDE,-0.11599998474121098,hold_period_exit,2021-05-17
2022-05-16,BLDEW,-0.2993631337755879,hold_period_exit,2021-05-17
2022-05-17,BASI,0.04514849067914617,hold_period_exit,2021-05-18
2022-05-17,NOTV,-0.2865163342911623,hold_period_exit,2021-05-18
2022-05-18,LMRK,0.30055520434024396,hold_period_exit,2021-05-19
2022-05-18,LMRKN,0.020497978597344035,hold_period_exit,2021-05-19
2022-05-18,LMRKO,0.044440661859340036,hold_period_exit,2021-05-19
2022-05-18,LMRKP,0.04656111751397085,hold_period_exit,2021-05-19
2022-05-20,ENV,0.02038878614395445,hold_period_exit,2021-05-21
2022-05-25,URCCF,-0.11032026658082461,hold_period_exit,2021-05-26
2022-05-26,CUTRQ,0.16957995537411508,hold_period_exit,2021-05-27
2022-05-26,CUTR,0.16957995537411508,hold_period_exit,2021-05-27
2022-05-26,FPVD,-0.8224090195476438,hold_period_exit,2021-05-27
2022-05-26,MDCA,0.32497919070263803,hold_period_exit,2021-05-27
2022-05-26,SWKH,0.17054830510676555,hold_period_exit,2021-05-27
2022-06-02,NRXPW,-0.9648561203543057,hold_period_exit,2021-06-03
2022-06-03,AADI,-0.4158730425708772,hold_period_exit,2021-06-04
2022-06-13,CCX,-0.42963031188181855,hold_period_exit,2021-06-14
2022-06-13,LTCHW,-0.945193012491999,hold_period_exit,2021-06-14
2022-06-13,TSIAW,0.45364234907669654,hold_period_exit,2021-06-14
2022-06-15,PNHT,1.5000500679016113,hold_period_exit,2021-06-16
2022-06-21,CURO,-0.6386720869794013,hold_period_exit,2021-06-21
2022-06-21,CUROQ,-0.6502917470569562,hold_period_exit,2021-06-21
2022-06-21,UPH,-0.9261864877086179,hold_period_exit,2021-06-21
2022-06-23,ATIP,-0.8099597338972244,hold_period_exit,2021-06-23
2022-06-27,CYT,-0.8691006488531157,hold_period_exit,2021-06-25
2022-06-28,BAMR,-0.2672940356567859,hold_period_exit,2021-06-28
2022-06-28,BNRE,-0.4016626462199384,hold_period_exit,2021-06-28
2022-06-29,CAI_old,0.012625218608583344,hold_period_exit,2021-06-29
2022-06-29,MAPSW,-0.8938425691259033,hold_period_exit,2021-06-29
2022-06-29,SSPK,-0.2731549637234909,hold_period_exit,2021-06-29
2022-06-30,PNT,-0.33803222583371506,hold_period_exit,2021-06-30
2022-07-05,BHG,-0.8809311979002692,hold_period_exit,2021-07-02
2022-07-05,NEUE,-0.880944910004757,hold_period_exit,2021-07-02
2022-07-05,SYKE,0.00780732695156261,hold_period_exit,2021-07-02
2022-07-06,BRFHD,-0.07051284324174445,hold_period_exit,2021-07-06
2022-07-06,CVLY,0.14409298251806502,hold_period_exit,2021-07-06
2022-07-06,ELMS,-0.9849241013671102,hold_period_exit,2021-07-06
2022-07-06,ELMSW,-0.9957446807734888,hold_period_exit,2021-07-06
2022-07-06,ELMWQ,-0.9991717149287338,hold_period_exit,2021-07-06
2022-07-06,LACQ,0.0,hold_period_exit,2021-07-06
2022-07-06,LMST,0.12676774261410984,hold_period_exit,2021-07-06
2022-07-06,SNCR,-0.6325696143566419,hold_period_exit,2021-07-06
2022-07-12,AVPTW,-0.7443803396862212,hold_period_exit,2021-07-12
2022-07-14,VRAR,-0.600556185354268,hold_period_exit,2021-07-14
2022-07-15,TLC,0.015786749473838624,hold_period_exit,2021-07-15
2022-07-21,IMGO,0.1452257109746493,hold_period_exit,2021-07-21
2022-07-26,EVLVU,-0.10997320169272262,hold_period_exit,2021-07-26
2022-07-27,THCB,-0.1670823632095777,hold_period_exit,2021-07-27
2022-07-27,TRTC,0.0537999767151478,hold_period_exit,2021-07-27
2022-07-27,UNRV,-0.7331289570034547,hold_period_exit,2021-07-27
2022-07-29,VRMMQ,-0.9626451443102785,hold_period_exit,2021-07-29
2022-08-01,BRDG,0.09610117785545969,hold_period_exit,2021-07-30
2022-08-02,BGRY,-0.7598933242875238,hold_period_exit,2021-08-02
2022-08-02,BGRYW,-0.8001215158707143,hold_period_exit,2021-08-02
2022-08-02,DCRCU,0.4161877817689801,hold_period_exit,2021-08-02
2022-08-02,HX,-0.1113877163964131,hold_period_exit,2021-08-02
2022-08-02,SMFR,-0.8450598009353697,hold_period_exit,2021-08-02
2022-08-04,BMNRD,0.1811023799431024,hold_period_exit,2021-08-04
2022-08-05,DOMA,-0.9066337269042176,hold_period_exit,2021-08-05
2022-08-08,AZRE,-0.5507679122637976,hold_period_exit,2021-08-06
2022-08-08,OMGA,-0.7071379261090314,hold_period_exit,2021-08-06
2022-08-09,CSOD,0.01600120440302044,hold_period_exit,2021-08-09
2022-08-09,CYXT,0.4045936530721437,hold_period_exit,2021-08-09
2022-08-09,CYXTQ,0.4045936530721437,hold_period_exit,2021-08-09
2022-08-12,ICVX,-0.7481549077094529,hold_period_exit,2021-08-12
2022-08-12,TBIO_old,-0.0103311096595613,hold_period_exit,2021-08-12
2022-08-15,CHRA,-0.06705314526094208,hold_period_exit,2021-08-13
2022-08-16,EPZM,-0.7232317397957801,hold_period_exit,2021-08-16
2022-08-23,ELYM,-0.8500015760162546,hold_period_exit,2021-08-23
2022-08-23,MIMOQ,-0.6587434266211891,hold_period_exit,2021-08-23
2022-08-23,NBA,-0.41029410052877036,hold_period_exit,2021-08-23
2022-08-23,NETI,-0.5773014061221513,hold_period_exit,2021-08-23
2022-08-24,RKLY,-0.8356399308181337,hold_period_exit,2021-08-24
2022-08-24,RKLYQ,-0.8356399308181337,hold_period_exit,2021-08-24
2022-08-25,NXGN,0.19786868509001,hold_period_exit,2021-08-25
2022-08-26,MOTNW,0.8265546218759281,hold_period_exit,2021-08-26
2022-08-30,ACND,-0.012286222000013503,hold_period_exit,2021-08-30
2022-08-30,NGAC,0.1722054929048502,hold_period_exit,2021-08-30
2022-09-02,AGIL,-0.8248607801623867,hold_period_exit,2021-09-02
2022-09-02,AKU,-0.5369092224467735,hold_period_exit,2021-09-02
2022-09-07,IRNT,-0.8998992071407562,hold_period_exit,2021-09-07
2022-09-07,IRNWQ,-0.925266511897592,hold_period_exit,2021-09-07
2022-09-09,AFHIF,-0.3828563170886137,hold_period_exit,2021-09-09
2022-09-12,GTS,0.022733818783119197,hold_period_exit,2021-09-10
2022-09-13,RCOR,-0.795526315633697,hold_period_exit,2021-09-13
2022-09-15,SLGCW,-0.8046621396524456,hold_period_exit,2021-09-15
2022-09-21,CRXT,-0.9960275186811616,hold_period_exit,2021-09-21
2022-09-21,DVCR,0.04559561876918283,hold_period_exit,2021-09-21
2022-09-22,AFHBL,-0.04979256198942317,hold_period_exit,2021-09-22
2022-09-22,AFHBQ,-0.04979256198942317,hold_period_exit,2021-09-22
2022-09-23,CIFRW,-0.9318487132000828,hold_period_exit,2021-09-23
2022-09-23,CTHR,-0.6760522586402619,hold_period_exit,2021-09-23
2022-09-23,POLSW,-0.9451617321344301,hold_period_exit,2021-09-23
2022-09-23,POLWQ,-0.9451617321344301,hold_period_exit,2021-09-23
2022-09-26,EZFL,-0.838802732525924,hold_period_exit,2021-09-24
2022-09-27,DNA-WT,-0.84260657169276,hold_period_exit,2021-09-27
2022-09-29,HYZN,-0.7167468674532438,hold_period_exit,2021-09-29
2022-09-29,HYZNW,-0.7820264169631943,hold_period_exit,2021-09-29
2022-09-30,CEADD,-0.7692471167815234,hold_period_exit,2021-09-30
2022-09-30,SRNA,-0.3361939221256005,hold_period_exit,2021-09-30
2022-10-04,ACY,-0.7769427910330899,hold_period_exit,2021-10-04
2022-10-05,ML,-0.8283697438887021,hold_period_exit,2021-10-05
2022-10-05,RMRM,-0.008162169972932176,hold_period_exit,2021-10-05
2022-10-05,XLRN,0.009145797281828516,hold_period_exit,2021-10-05
2022-10-06,KRAT,-0.16711002530973373,hold_period_exit,2021-10-06
2022-10-07,ABST,0.06928190672234447,hold_period_exit,2021-10-07
2022-10-10,VLD,-0.5225000108991351,hold_period_exit,2021-10-08
2022-10-18,AKYA,-0.03878236929612433,hold_period_exit,2021-10-18
2022-10-18,SNCE,-0.8767225609840331,hold_period_exit,2021-10-18
2022-10-18,THRX,-0.6474008482007407,hold_period_exit,2021-10-18
2022-10-19,ADMS,0.027500033378601074,hold_period_exit,2021-10-19
2022-10-21,MMAT,-0.8184233688788003,hold_period_exit,2021-10-21
2022-10-24,ARHH,-0.04085257804587572,hold_period_exit,2021-10-22
2022-10-24,ARHHD,0.0941384941736938,hold_period_exit,2021-10-22
2022-10-24,ISO,-0.841628141854649,hold_period_exit,2021-10-22
2022-10-27,ICD,-0.03150226181362581,hold_period_exit,2021-10-27
2022-10-27,ICDI,-0.03150226181362581,hold_period_exit,2021-10-27
2022-10-27,ICDIQ,-0.03150226181362581,hold_period_exit,2021-10-27
2022-10-27,PAVMW,-0.980538219812774,hold_period_exit,2021-10-27
2022-10-31,VTYX,0.5739313399201986,hold_period_exit,2021-10-29
2022-11-01,GSAH,-0.07981274514666126,hold_period_exit,2021-11-01
2022-11-01,MBCN,0.14180678983081219,hold_period_exit,2021-11-01
2022-11-01,SJOYW,-0.9459394923612936,hold_period_exit,2021-11-01
2022-11-02,BBLN,-0.9483418556441725,hold_period_exit,2021-11-02
2022-11-02,PAE,0.011340454832136082,hold_period_exit,2021-11-02
2022-11-07,AVTE,-0.06534388412913628,hold_period_exit,2021-11-05
2022-11-08,BTTX,-0.8662651404742294,hold_period_exit,2021-11-08
2022-11-09,PTRS,-0.15691899041168822,hold_period_exit,2021-11-09
2022-11-10,IOBT,-0.7574503240676925,hold_period_exit,2021-11-10
2022-11-15,DCGOW,-0.2255914171726885,hold_period_exit,2021-11-15
2022-11-17,QUOT,-0.5947020045728366,hold_period_exit,2021-11-17
2022-11-17,ZIXI,-0.002942068147158139,hold_period_exit,2021-11-17
2022-11-21,EMBK,-0.9729559778767412,hold_period_exit,2021-11-19
2022-11-25,RILYO,0.024824006493151085,hold_period_exit,2021-11-24
2022-11-30,GORV,-0.33716281448853636,hold_period_exit,2021-11-30
2022-11-30,LAZY,-0.3371627545691195,hold_period_exit,2021-11-30
2022-11-30,LPTVD,-0.42596209668721907,hold_period_exit,2021-11-30
2022-12-08,HGSH,-0.30168226581419777,hold_period_exit,2021-12-08
2022-12-12,AMPS,-0.41263818129117447,hold_period_exit,2021-12-10
2022-12-12,CBAH,-0.10434393890039184,hold_period_exit,2021-12-10
2022-12-12,CTV,-0.7564290442124442,hold_period_exit,2021-12-10
2022-12-12,PEAR,-0.7607965054867835,hold_period_exit,2021-12-10
2022-12-12,PEARQ,-0.7607965054867835,hold_period_exit,2021-12-10
2022-12-12,PEARW,-0.8356807628006144,hold_period_exit,2021-12-10
2022-12-13,NTP,-0.8965473355594631,hold_period_exit,2021-12-13
2022-12-15,BOXDQ,-0.9757841455600992,hold_period_exit,2021-12-15
2022-12-15,BOXD,-0.9757640854502301,hold_period_exit,2021-12-15
2022-12-19,CYAD,-0.7581574543528864,hold_period_exit,2021-12-17
2022-12-19,CYADY,-0.7581574543528864,hold_period_exit,2021-12-17
2022-12-20,DMYQ,-0.11694916035039282,hold_period_exit,2021-12-20
2022-12-20,GRIN_old,1.2269900674441452,hold_period_exit,2021-12-20
2022-12-21,GLEO,-0.018716559642861674,hold_period_exit,2021-12-21
2022-12-22,NES,-0.1299595528194155,hold_period_exit,2021-12-22
2022-12-22,SSU,-0.42773617146291243,hold_period_exit,2021-12-22
2022-12-23,MCG,-0.7191011244554929,hold_period_exit,2021-12-23
2022-12-23,SHCO,-0.7191011244554929,hold_period_exit,2021-12-23
2022-12-27,EQRX,-0.6648156864635748,hold_period_exit,2021-12-27
2022-12-27,EQRXW,-0.7818181914238889,hold_period_exit,2021-12-27
2022-12-27,OPTN,0.008974936154066526,hold_period_exit,2021-12-27
2022-12-29,CMPOW,-0.5587487541918225,hold_period_exit,2021-12-29
2022-12-30,JRVS,-0.1749999860301611,hold_period_exit,2021-12-30
2022-12-30,JRVSD,-0.1749999860301611,hold_period_exit,2021-12-30
2022-12-30,PRDS,-0.9007050521876123,hold_period_exit,2021-12-30
2023-01-04,ADTH,-0.7543162006189358,hold_period_exit,2022-01-03
2023-01-04,ADTHW,-0.8590851338366632,hold_period_exit,2022-01-03
2023-01-11,VORBQ,-0.7944613975004534,hold_period_exit,2022-01-10
2023-01-11,VORB,-0.7944613975004534,hold_period_exit,2022-01-10
2023-01-11,VORBW,-0.8981289469519154,hold_period_exit,2022-01-10
2023-01-11,VORWQ,-0.8981289469519154,hold_period_exit,2022-01-10
2023-01-13,BYTS,0.02927279612963196,hold_period_exit,2022-01-12
2023-01-20,VIGL,-0.10339462232636987,hold_period_exit,2022-01-19
2023-01-24,CINC,0.5352544348213517,hold_period_exit,2022-01-21
2023-01-24,EIGR,-0.6601163762952955,hold_period_exit,2022-01-21
2023-01-24,GLS,-0.9307405181531291,hold_period_exit,2022-01-21
2023-01-24,GLSH,-0.9307405181531291,hold_period_exit,2022-01-21
2023-01-25,WETF,-0.48654625474153734,hold_period_exit,2022-01-24
2023-01-30,SBTX,0.4110577165551448,hold_period_exit,2022-01-27
2023-01-31,CONN,-0.6054507464610687,hold_period_exit,2022-01-28
2023-02-01,FRBK,-0.48636096545563523,hold_period_exit,2022-01-31
2023-02-02,SPPI,-0.01592430218084817,hold_period_exit,2022-02-01
2023-02-06,EXTN,-0.14711359007240998,hold_period_exit,2022-02-03
2023-02-06,VRRMW,-0.19966232637289494,hold_period_exit,2022-02-03
2023-02-07,BOMN,-0.10879811968128661,hold_period_exit,2022-02-04
2023-02-07,SRGA,-0.7741013650663235,hold_period_exit,2022-02-04
2023-02-07,VIVO_old,0.41659724225062034,hold_period_exit,2022-02-04
2023-02-08,ACEV,-0.8115496068745806,hold_period_exit,2022-02-07
2023-02-08,TMPO,-0.864665215970058,hold_period_exit,2022-02-07
2023-02-10,NR,0.23823465831577995,hold_period_exit,2022-02-09
2023-02-10,RTPZ,-0.10243902439024377,hold_period_exit,2022-02-09
2023-02-13,PRETL,-0.6808808986797534,hold_period_exit,2022-02-10
2023-02-13,PRETM,-0.7318127267616334,hold_period_exit,2022-02-10
2023-02-13,PRETQ,-0.9065422668004,hold_period_exit,2022-02-10
2023-02-13,PRTMQ,-0.7318127267616334,hold_period_exit,2022-02-10
2023-02-13,PRTNQ,-0.6834758780773558,hold_period_exit,2022-02-10
2023-02-14,GRNA,-0.9183370015134853,hold_period_exit,2022-02-11
2023-02-14,OASPW,0.41455125795910264,hold_period_exit,2022-02-11
2023-02-15,ARCE,-0.3658298771326276,hold_period_exit,2022-02-14
2023-02-15,EURN,0.6904289127133634,hold_period_exit,2022-02-14
2023-02-15,IWBB,-0.41855287009126574,hold_period_exit,2022-02-14
2023-02-15,TMNA,-0.9402261140702125,hold_period_exit,2022-02-14
2023-02-16,MSRTD,-0.30403779582691204,hold_period_exit,2022-02-15
2023-02-16,SQFL,-0.027797115620354695,hold_period_exit,2022-02-15
2023-02-16,VCXA,0.02339621965653338,hold_period_exit,2022-02-15
2023-02-21,ACLX,0.5500651522433371,hold_period_exit,2022-02-17
2023-02-22,CPTN,-0.9509945438280305,hold_period_exit,2022-02-18
2023-02-22,FWAV,-0.9127009291420487,hold_period_exit,2022-02-18
2023-02-22,QNGY,-0.9995015865522748,hold_period_exit,2022-02-18
2023-02-22,QNGYQ,-0.9996642597123855,hold_period_exit,2022-02-18
2023-02-27,BDSI,0.0025630035554315977,hold_period_exit,2022-02-24
2023-02-27,LMDX,-0.8625946202515566,hold_period_exit,2022-02-24
2023-02-28,FSRD,-0.9935020577677176,hold_period_exit,2022-02-25
2023-02-28,FSRDQ,-0.9958844081349274,hold_period_exit,2022-02-25
2023-02-28,PGRE,-0.5116574921884027,hold_period_exit,2022-02-25
2023-03-01,TALS,-0.7250515621163323,hold_period_exit,2022-02-28
2023-03-01,TRML,-0.7250415506607154,hold_period_exit,2022-02-28
2023-03-06,BWV,-0.08867030177482538,hold_period_exit,2022-03-03
2023-03-07,DADA,0.4082919629877524,hold_period_exit,2022-03-04
2023-03-07,SEZNL,-0.7185185270217873,hold_period_exit,2022-03-04
2023-03-08,FREE,-0.6872678498040277,hold_period_exit,2022-03-07
2023-03-08,RDUS_old,0.17166826431488302,hold_period_exit,2022-03-07
2023-03-09,HTLF,-0.03270814053792648,hold_period_exit,2022-03-08
2023-03-14,SCPL,0.3255335911030752,hold_period_exit,2022-03-11
2023-03-16,BIG,-0.6260460922059989,hold_period_exit,2022-03-15
2023-03-20,TRSSF,-0.737300672265495,hold_period_exit,2022-03-17
2023-03-22,LBPH,-0.2946766979829194,hold_period_exit,2022-03-21
2023-03-27,HEP,0.07815417305183181,hold_period_exit,2022-03-24
2023-03-27,HYMCW,-0.8838148778300446,hold_period_exit,2022-03-24
2023-03-27,HYMCL,-0.85526419626332,hold_period_exit,2022-03-24
2023-03-28,TRKAQ,-0.8251646103990974,hold_period_exit,2022-03-25
2023-03-31,ADGI,-0.3067729019331187,hold_period_exit,2022-03-30
2023-03-31,FRGE,-0.954593585616776,hold_period_exit,2022-03-30
2023-04-05,LLAP,-0.7740531339365742,hold_period_exit,2022-04-04
2023-04-05,XYLO,-0.6492925531416989,hold_period_exit,2022-04-04
2023-04-06,PTNR,-0.4450185408375452,hold_period_exit,2022-04-05
2023-04-06,PTNRY,-0.44493278656324164,hold_period_exit,2022-04-05
2023-04-13,EMKR,-0.7039253718637809,hold_period_exit,2022-04-11
2023-04-24,TRHC,0.24405873971899217,hold_period_exit,2022-04-21
2023-04-25,ESTE,-0.05548219149617306,hold_period_exit,2022-04-22
2023-04-26,TTNP,0.03474530691240596,hold_period_exit,2022-04-25
2023-04-28,ANGN,-0.40279389486610395,hold_period_exit,2022-04-27
2023-04-28,WTRH,-0.5408886271630478,hold_period_exit,2022-04-27
2023-05-01,KIRK,-0.6228687232096766,hold_period_exit,2022-04-28
2023-05-02,EQOS,-0.9609175079914922,hold_period_exit,2022-04-29
2023-05-02,GCEHQ,-0.7106667967126827,hold_period_exit,2022-04-29
2023-05-08,CVAC,-0.5035120642256152,hold_period_exit,2022-05-05
2023-05-09,HLVX,-0.10370364115234887,hold_period_exit,2022-05-06
2023-05-10,SDPI,-0.060178418667191313,hold_period_exit,2022-05-09
2023-05-10,SMFRW,-0.9350121860265281,hold_period_exit,2022-05-09
2023-05-12,AFI,-0.3091672085555367,hold_period_exit,2022-05-11
2023-05-15,OPOF,-0.3880540344466685,hold_period_exit,2022-05-12
2023-05-17,LNFA,0.08793085612936502,hold_period_exit,2022-05-16
2023-05-17,ZFOX,-0.9202451425755338,hold_period_exit,2022-05-16
2023-05-30,CAMP_old,-0.7508714355032307,hold_period_exit,2022-05-26
2023-05-30,CAMPQ,-0.7508714355032307,hold_period_exit,2022-05-26
2023-05-31,CDEV,0.35249045412193136,hold_period_exit,2022-05-27
2023-06-01,BYON,-0.407906955037595,hold_period_exit,2022-05-31
2023-06-01,LDWY,-0.30937468727323536,hold_period_exit,2022-05-31
2023-06-01,OSTK,-0.407869525749726,hold_period_exit,2022-05-31
2023-06-01,OSTKO,0.008598259114525053,hold_period_exit,2022-05-31
2023-06-02,CDR,0.08433039741370751,hold_period_exit,2022-06-01
2023-06-02,KDNY,0.5956138189915519,hold_period_exit,2022-06-01
2023-06-05,LCAPW,-0.3999999772934676,hold_period_exit,2022-06-02
2023-06-05,MSPRZ,-0.3999999772934676,hold_period_exit,2022-06-02
2023-06-06,FLJ,-0.639430815193848,hold_period_exit,2022-06-03
2023-06-06,NRXPW,0.02192487031802215,hold_period_exit,2022-06-03
2023-06-06,OIIM,0.15092362125116687,hold_period_exit,2022-06-03
2023-06-07,TREC,0.005393755102073516,hold_period_exit,2022-06-06
2023-06-08,GECCN,0.05525711346879536,hold_period_exit,2022-06-07
2023-06-13,APHE,0.10909090558797296,hold_period_exit,2022-06-10
2023-06-22,CBIO_old,1.9930896260442506,hold_period_exit,2022-06-21
2023-06-26,DRQ,-0.040744483735975945,hold_period_exit,2022-06-23
2023-06-28,EGIO,-0.7265530375814198,hold_period_exit,2022-06-27
2023-06-28,EGIOQ,-0.727864009967068,hold_period_exit,2022-06-27
2023-06-28,HRT,-0.29997630449320467,hold_period_exit,2022-06-27
2023-06-28,LLNW,0.5762625571490361,hold_period_exit,2022-06-27
2023-06-28,SCTL,0.43387519648673223,hold_period_exit,2022-06-27
2023-06-29,PTVE,-0.21787694250318912,hold_period_exit,2022-06-28
2023-07-03,ATLXD,1.1662162215051297,hold_period_exit,2022-06-30
2023-07-05,OBCI,0.011102004279891275,hold_period_exit,2022-07-01
2023-07-07,QTNT,-0.9960429399251786,hold_period_exit,2022-07-06
2023-07-07,QTNTF,-0.994687848817289,hold_period_exit,2022-07-06
2023-07-07,QTNTQ,-0.9962125428399727,hold_period_exit,2022-07-06
2023-07-07,VRNOF,-0.46323655718477597,hold_period_exit,2022-07-06
2023-07-10,USAK,0.01596349274420117,hold_period_exit,2022-07-07
2023-07-10,VECT,1.855854419294261,hold_period_exit,2022-07-07
2023-07-11,SLBG,-0.22269245770967083,hold_period_exit,2022-07-08
2023-07-12,IIVI,4.691941326619644,hold_period_exit,2022-07-11
2023-07-12,NGMS,1.074655092487356,hold_period_exit,2022-07-11
2023-07-14,TYME,0.04305455480245679,hold_period_exit,2022-07-13
2023-07-18,VEC,0.11520743923747734,hold_period_exit,2022-07-15
2023-07-20,AXU,-0.023832900110753563,hold_period_exit,2022-07-19
2023-07-24,PBPB,0.7134997240236682,hold_period_exit,2022-07-21
2023-07-25,HEXO,-0.7429585299978672,hold_period_exit,2022-07-22
2023-07-26,OTMO,-0.5374487500204735,hold_period_exit,2022-07-25
2023-07-28,ABL,-0.39044897857198746,hold_period_exit,2022-07-27
2023-07-28,ERES,-0.39045331063013633,hold_period_exit,2022-07-27
2023-07-28,GBNH,-0.7989513001013415,hold_period_exit,2022-07-27
2023-07-31,MOND,-0.03623979883051165,hold_period_exit,2022-07-28
2023-07-31,MONDQ,-0.03623570914619656,hold_period_exit,2022-07-28
2023-08-01,FAZE,-0.9693735674850246,hold_period_exit,2022-07-29
2023-08-01,FAZEW,-0.9725517345177234,hold_period_exit,2022-07-29
2023-08-07,BRSFD,-0.9020814481004836,hold_period_exit,2022-08-04
2023-08-08,ALVR,-0.612486487290505,hold_period_exit,2022-08-05
2023-08-08,ATCO,0.1158847225810391,hold_period_exit,2022-08-05
2023-08-09,PZN,0.013998236995681257,hold_period_exit,2022-08-08
2023-08-15,COWN,0.014761610147720594,hold_period_exit,2022-08-12
2023-08-15,COWNL,0.033152536937662846,hold_period_exit,2022-08-12
2023-08-16,CNFND,-0.6927510276598369,hold_period_exit,2022-08-15
2023-08-17,MASI,-0.34524579448070514,hold_period_exit,2022-08-16
2023-08-22,PET,-0.6178177300403678,hold_period_exit,2022-08-19
2023-08-23,AMNL,-0.9714285730322518,hold_period_exit,2022-08-22
2023-08-23,CYBE,0.01142850926519201,hold_period_exit,2022-08-22
2023-08-23,SSNT,0.10162949983750824,hold_period_exit,2022-08-22
2023-08-24,AKLI,-0.8366020931819869,hold_period_exit,2022-08-23
2023-08-24,RBT,-0.9080009083143248,hold_period_exit,2022-08-23
2023-08-29,LUXH,0.06420445202018854,hold_period_exit,2022-08-26
2023-08-29,LUXHQ,0.06420439637311515,hold_period_exit,2022-08-26
2023-09-01,FXLV,-0.9888258806261284,hold_period_exit,2022-08-31
2023-09-06,HIL,0.006715814870111414,hold_period_exit,2022-09-02
2023-09-07,NOGN,-0.9813867922552405,hold_period_exit,2022-09-06
2023-09-07,NOGNQ,-0.9813867922552405,hold_period_exit,2022-09-06
2023-09-07,WESTW,0.6111010645320052,hold_period_exit,2022-09-06
2023-09-11,MYMD,-0.8101030113086581,hold_period_exit,2022-09-08
2023-09-12,IRBT,-0.401744819419684,hold_period_exit,2022-09-09
2023-09-12,IRBTQ,-0.4017749481906243,hold_period_exit,2022-09-09
2023-09-12,RVIV,0.6666667287548396,hold_period_exit,2022-09-09
2023-09-12,RVIVD,0.6666666004392863,hold_period_exit,2022-09-09
2023-09-15,SOL,-0.49133970494564416,hold_period_exit,2022-09-14
2023-09-21,CDAK,-0.986961206592017,hold_period_exit,2022-09-20
2023-09-22,RCOR,0.5763547255091557,hold_period_exit,2022-09-21
2023-09-25,MITC,-0.23469387755102034,hold_period_exit,2022-09-22
2023-09-26,LICYF,-0.3782383543435418,hold_period_exit,2022-09-23
2023-09-26,SBOW,0.3709163077469737,hold_period_exit,2022-09-23
2023-09-29,THRD,-0.6749448935787953,hold_period_exit,2022-09-28
2023-10-02,SDIG,-0.5557968518327441,hold_period_exit,2022-09-29
2023-10-04,PRST,-0.15584205317097188,hold_period_exit,2022-10-03
2023-10-16,BGXX,-0.5075531793366653,hold_period_exit,2022-10-13
2023-10-17,KNBE,0.021337650082386972,hold_period_exit,2022-10-14
2023-10-18,GLT,-0.29411765431137527,hold_period_exit,2022-10-17
2023-10-30,AKUS,0.004424308874066751,hold_period_exit,2022-10-27
2023-10-31,AXAS,-0.9319447202480596,hold_period_exit,2022-10-28
2023-11-08,BHSE,-0.5040319902981205,hold_period_exit,2022-11-07
2023-11-09,KW,-0.2776191857195628,hold_period_exit,2022-11-08
2023-11-13,BBLN,-0.9544984657179368,hold_period_exit,2022-11-10
2023-11-13,CMRX,-0.5790568988695384,hold_period_exit,2022-11-10
2023-11-15,EVBN,-0.25862071458991664,hold_period_exit,2022-11-14
2023-11-16,SIEN,1.6213124981219953,hold_period_exit,2022-11-15
2023-11-16,SIENQ,-0.7377305601424278,hold_period_exit,2022-11-15
2023-11-20,RIDE,-0.8178846174694064,hold_period_exit,2022-11-17
2023-11-20,SRNEQ,-0.9682136022917766,hold_period_exit,2022-11-17
2023-11-27,HOUS,-0.24335892298700235,hold_period_exit,2022-11-23
2023-11-28,AGBA,-0.8959885043288982,hold_period_exit,2022-11-25
2023-11-28,INDT,0.17774383738957944,hold_period_exit,2022-11-25
2023-12-01,BYU,-0.9521786043659101,hold_period_exit,2022-11-30
2023-12-04,COUP,0.2567127244635239,hold_period_exit,2022-12-01
2023-12-06,EAR,-0.7867514100010056,hold_period_exit,2022-12-05
2023-12-11,MTCR,0.2774909306394413,hold_period_exit,2022-12-08
2023-12-11,VAPO,-0.8651079122808296,hold_period_exit,2022-12-08
2023-12-12,MBCN,0.09917040142218725,hold_period_exit,2022-12-09
2023-12-18,HWGC,-0.44444444444444453,hold_period_exit,2022-12-15
2023-12-19,OSAP,-0.837674038727925,hold_period_exit,2022-12-16
2023-12-19,OSAPQ,-0.837674038727925,hold_period_exit,2022-12-16
2023-12-22,BRDS,-0.999438585667819,hold_period_exit,2022-12-21
2023-12-22,EAST,-0.7654757276827707,hold_period_exit,2022-12-21
2023-12-26,AKU,-0.5809698896631135,hold_period_exit,2022-12-22
2023-12-27,LEV,-0.12808281226653706,hold_period_exit,2022-12-23
2024-01-09,MHLD,-0.1586412689012201,hold_period_exit,2023-01-06
2024-01-12,NSTB,0.03303302615282422,hold_period_exit,2023-01-11
2024-01-12,SLGD,4.358327614659689,hold_period_exit,2023-01-11
2024-01-18,HYRE,-0.9681759712867877,hold_period_exit,2023-01-17
2024-01-19,VTRU,-0.3832792773631585,hold_period_exit,2023-01-18
2024-01-22,BLDE,-0.3166286808109533,hold_period_exit,2023-01-19
2024-01-22,BLDEW,-0.7413453295448045,hold_period_exit,2023-01-19
2024-01-23,CURO,-0.7984498697774903,hold_period_exit,2023-01-20
2024-01-23,CUROQ,-0.7984498697774903,hold_period_exit,2023-01-20
2024-01-24,MESA,-0.5869639219732463,hold_period_exit,2023-01-23
2024-01-24,MKUL,-0.9963221451925752,hold_period_exit,2023-01-23
2024-01-24,MKULQ,-0.9904055963876437,hold_period_exit,2023-01-23
2024-01-29,CLIN,-0.5087086471145053,hold_period_exit,2023-01-26
2024-01-29,POL,-0.8996695539201176,hold_period_exit,2023-01-26
2024-01-29,POLSW,-0.7929411797704994,hold_period_exit,2023-01-26
2024-01-29,POLWQ,-0.9840880154162146,hold_period_exit,2023-01-26
2024-02-02,EXPR,-0.5841041576691254,hold_period_exit,2023-02-01
2024-02-02,EXPRQ,-0.7916361621781007,hold_period_exit,2023-02-01
2024-02-05,ATNX,-0.9763212986638704,hold_period_exit,2023-02-02
2024-02-05,ATNXQ,-0.9960209422717459,hold_period_exit,2023-02-02
2024-02-12,INKA,-0.797635029296025,hold_period_exit,2023-02-09
2024-02-12,NIRLQ,-0.9991568126918694,hold_period_exit,2023-02-09
2024-02-12,NIR,-0.998875750197657,hold_period_exit,2023-02-09
2024-02-12,RILYO,0.12859290008007163,hold_period_exit,2023-02-09
2024-02-13,QFTA,0.00934582069703116,hold_period_exit,2023-02-10
2024-02-13,RNLX,-0.5948503866580952,hold_period_exit,2023-02-10
2024-02-13,RNLXD,-0.594850387019114,hold_period_exit,2023-02-10
2024-02-13,VIGL,-0.7626714231525306,hold_period_exit,2023-02-10
2024-02-14,CINC,-0.016298761633749326,hold_period_exit,2023-02-13
2024-02-14,NKLA,-0.7242980783906627,hold_period_exit,2023-02-13
2024-02-15,ADES,0.016293394713827736,hold_period_exit,2023-02-14
2024-02-15,LMST,-0.11354050032334817,hold_period_exit,2023-02-14
2024-02-16,LUMO,-0.10030392934113863,hold_period_exit,2023-02-15
2024-02-20,MURF,0.6295938232895011,hold_period_exit,2023-02-16
2024-02-23,HTBI,-0.06884508807593681,hold_period_exit,2023-02-22
2024-02-23,RWLK,0.21741481922654482,hold_period_exit,2023-02-22
2024-02-23,TA,0.01961515385241186,hold_period_exit,2023-02-22
2024-02-27,AEHA,-0.5912806557946815,hold_period_exit,2023-02-24
2024-02-27,LGTO,-0.5014372043351214,hold_period_exit,2023-02-24
2024-02-29,LAAC,-0.4835115391890331,hold_period_exit,2023-02-28
2024-03-05,LNKB,-0.04792464759612447,hold_period_exit,2023-03-03
2024-03-08,RADI,0.027535235146414427,hold_period_exit,2023-03-08
2024-03-12,BNMV,-0.9141362268681588,hold_period_exit,2023-03-10
2024-03-12,CTG,0.41509432507235466,hold_period_exit,2023-03-10
2024-03-12,ROI,-0.996020023946565,hold_period_exit,2023-03-10
2024-03-12,ZEST,-0.600456642338839,hold_period_exit,2023-03-10
2024-03-13,ADRA,-0.22037911719810466,hold_period_exit,2023-03-13
2024-03-13,BNRE,0.4644169069988606,hold_period_exit,2023-03-13
2024-03-14,JNCE,0.7735849969028077,hold_period_exit,2023-03-14
2024-03-18,FREE,0.6251750503738098,hold_period_exit,2023-03-16
2024-03-25,HEAR,0.9572070874754532,hold_period_exit,2023-03-23
2024-03-27,ENZ,-0.4397642184865941,hold_period_exit,2023-03-27
2024-03-28,ACGN,-0.8256880809197007,hold_period_exit,2023-03-28
2024-04-02,PRTK,0.051886858232256694,hold_period_exit,2023-03-30
2024-04-03,ALIM,0.8809524890787255,hold_period_exit,2023-03-31
2024-04-09,MNTV,0.009950499962831039,hold_period_exit,2023-04-06
2024-04-11,CTHR,-0.7502480971496914,hold_period_exit,2023-04-11
2024-04-15,CUTRQ,-0.9110009500117353,hold_period_exit,2023-04-13
2024-04-15,CUTR,-0.9110264146088447,hold_period_exit,2023-04-13
2024-04-17,OBSV,-0.07445503326488001,hold_period_exit,2023-04-17
2024-04-22,ACAB,0.03162708126732383,hold_period_exit,2023-04-20
2024-04-23,CERE,0.5248192254107316,hold_period_exit,2023-04-21
2024-04-29,VRAY,-0.9920808672904464,hold_period_exit,2023-04-27
2024-05-13,FRG,0.04384276544162802,hold_period_exit,2023-05-11
2024-05-14,ROCC,-0.003632354112175995,hold_period_exit,2023-05-12
2024-05-15,CRKR,2.865352801392785,hold_period_exit,2023-05-15
2024-05-15,CRKRD,2.861566693506814,hold_period_exit,2023-05-15
2024-05-20,SLNO,9.436145983994798,hold_period_exit,2023-05-18
2024-05-21,RENB,-0.07584307968175485,hold_period_exit,2023-05-19
2024-05-22,PIRS,-0.835438011896542,hold_period_exit,2023-05-22
2024-05-23,GTAC,0.08662171210693637,hold_period_exit,2023-05-23
2024-05-28,EMAN,0.027288902667058412,hold_period_exit,2023-05-25
2024-05-28,LL,-0.6241470672369733,hold_period_exit,2023-05-25
2024-05-28,LLFLQ,-0.6240319812919921,hold_period_exit,2023-05-25
2024-05-30,DM,-0.6884492683231516,hold_period_exit,2023-05-30
2024-06-03,SLGG,-0.852413796888095,hold_period_exit,2023-06-01
2024-06-04,TYGOW,2.0795210433005415,hold_period_exit,2023-06-02
2024-06-06,GRNA,0.014331888437499885,hold_period_exit,2023-06-06
2024-06-17,XBIOW,0.22499999999999987,hold_period_exit,2023-06-15
2024-06-18,MNK,-0.7424568410200082,hold_period_exit,2023-06-16
2024-06-18,MNKTQ,-0.9091558561011945,hold_period_exit,2023-06-16
2024-06-20,AXDX,-0.8426826425239075,hold_period_exit,2023-06-20
2024-06-20,AXDXQ,-0.8426826425239075,hold_period_exit,2023-06-20
2024-06-20,HYBT,0.8068422054848186,hold_period_exit,2023-06-20
2024-06-25,NEX,0.25512384312913716,hold_period_exit,2023-06-23
2024-06-28,TRIQ,-0.5599999904632569,hold_period_exit,2023-06-28
2024-07-10,ABLLW,1.1046296230145822,hold_period_exit,2023-07-10
2024-07-15,LTCHW,-0.9545454553151427,hold_period_exit,2023-07-13
2024-07-17,LCAPW,-0.9015384584604378,hold_period_exit,2023-07-17
2024-07-22,QUOT,0.02684954124035821,hold_period_exit,2023-07-20
2024-07-23,ABST,0.0008718179434941131,hold_period_exit,2023-07-21
2024-07-23,TTNP,-0.1869742063263663,hold_period_exit,2023-07-21
2024-07-29,AIMI,-0.42582764926496797,hold_period_exit,2023-07-27
2024-07-29,NLTX,0.0951745931273269,hold_period_exit,2023-07-27
2024-07-30,CMLS,-0.6303560638822061,hold_period_exit,2023-07-28
2024-07-31,PMGM,0.031746045880193696,hold_period_exit,2023-07-31
2024-08-02,CCF,0.012786977980829617,hold_period_exit,2023-08-02
2024-08-05,CCLP,1.009466066532105,hold_period_exit,2023-08-03
2024-08-08,SOVO,0.017959194831518088,hold_period_exit,2023-08-08
2024-08-12,ELIQ,-0.9957961881016042,hold_period_exit,2023-08-10
2024-08-14,PSTX,0.038392229097517605,hold_period_exit,2023-08-14
2024-08-19,ARCE,0.025238048956478742,hold_period_exit,2023-08-17
2024-08-20,DBTX,-0.028914023829227697,hold_period_exit,2023-08-18
2024-08-20,IVAC,0.03124785194292312,hold_period_exit,2023-08-18
2024-08-21,GMDA,-0.7255076620095006,hold_period_exit,2023-08-21
2024-08-21,GMDAQ,-0.7279084626075574,hold_period_exit,2023-08-21
2024-08-26,EMKR,-0.8006544351052258,hold_period_exit,2023-08-24
2024-08-26,JUPW,2.8601684398251335,hold_period_exit,2023-08-24
2024-08-26,ZYNE,-0.02415029118227008,hold_period_exit,2023-08-24
2024-08-27,SCPL,0.00914743138287255,hold_period_exit,2023-08-25
2024-08-27,SCTL,1.6846097668671982,hold_period_exit,2023-08-25
2024-09-03,NBSE,-0.6103092989387915,hold_period_exit,2023-08-31
2024-09-04,RVNC,-0.6421906873236841,hold_period_exit,2023-09-01
2024-09-05,RVLP,-0.9827462249499,hold_period_exit,2023-09-05
2024-09-09,CMXC,-0.09987115178720507,hold_period_exit,2023-09-07
2024-09-09,NHIQ,0.3303769782282473,hold_period_exit,2023-09-07
2024-09-11,CYAP,0.49302327644509014,hold_period_exit,2023-09-11
2024-09-11,HLTH,-0.9880244737858084,hold_period_exit,2023-09-11
2024-09-12,MRDB,0.17681477874036577,hold_period_exit,2023-09-12
2024-09-17,IMPL,-0.9754303608105149,hold_period_exit,2023-09-15
2024-09-27,DALN,-0.0035929842140587365,hold_period_exit,2023-09-27
2024-09-27,RCLF,-0.20571429388863705,hold_period_exit,2023-09-27
2024-09-30,NSTG,-0.9092105254902404,hold_period_exit,2023-09-28
2024-09-30,NSTGQ,-0.962210525333386,hold_period_exit,2023-09-28
2024-10-11,PCTI,0.4840763725063997,hold_period_exit,2023-10-11
2024-10-11,VOXX,-0.2479103218209172,hold_period_exit,2023-10-11
2024-10-11,YTEN,-0.9100877189542669,hold_period_exit,2023-10-11
2024-10-14,LLAP,-0.6574659360698885,hold_period_exit,2023-10-12
2024-10-16,BYON,-0.4109278879826963,hold_period_exit,2023-10-16
2024-10-16,ETWO,0.05374174558530331,hold_period_exit,2023-10-16
2024-10-16,OSTK,0.9759505173745009,hold_period_exit,2023-10-16
2024-10-21,CYT,0.005987027306005865,hold_period_exit,2023-10-19
2024-10-21,CYTT,0.0026559475898615403,hold_period_exit,2023-10-19
2024-10-21,GTH,0.15463498016188204,hold_period_exit,2023-10-19
2024-10-22,EIGR,-0.8034677055592916,hold_period_exit,2023-10-20
2024-10-25,VSTO,0.7877273637976605,hold_period_exit,2023-10-25
2024-10-28,KNW,-0.16584173794489676,hold_period_exit,2023-10-26
2024-10-28,KNWND,-0.16584173794489676,hold_period_exit,2023-10-26
2024-10-28,VIEW,-0.9799294729954472,hold_period_exit,2023-10-26
2024-10-28,VIEWW,-0.7671232900742513,hold_period_exit,2023-10-26
2024-10-29,PRST,-0.9980779775813768,hold_period_exit,2023-10-27
2024-10-30,PCCT,-0.6587030794484736,hold_period_exit,2023-10-30
2024-10-31,NM,0.02322488202648687,hold_period_exit,2023-10-31
2024-10-31,NMPRG,-0.7417355453322373,hold_period_exit,2023-10-31
2024-10-31,NMPRH,-0.8151244007549959,hold_period_exit,2023-10-31
2024-11-05,RPTX,0.02362208764817786,hold_period_exit,2023-11-03
2024-11-06,HOLI,0.21081578578394122,hold_period_exit,2023-11-06
2024-11-06,PNT,-0.04373145797306388,hold_period_exit,2023-11-06
2024-11-07,BFX,-0.9958664724186365,hold_period_exit,2023-11-07
2024-11-07,BFXXQ,-0.9998851797903349,hold_period_exit,2023-11-07
2024-11-07,NLS,-0.09912058987065264,hold_period_exit,2023-11-07
2024-11-13,THTX,0.0686271052859373,hold_period_exit,2023-11-13
2024-11-25,HNRA,-0.37628079398603,hold_period_exit,2023-11-24
2024-11-25,SP,0.059038526886295184,hold_period_exit,2023-11-24
2024-11-25,THRX,0.12154698097525052,hold_period_exit,2023-11-24
2024-11-26,KRON,-0.32228486209290685,hold_period_exit,2023-11-27
2024-11-26,UPH,-0.2795389142691226,hold_period_exit,2023-11-27
2024-11-29,ICLK,0.7544338569704909,hold_period_exit,2023-11-29
2024-12-03,IMAB,-0.38305627005000886,hold_period_exit,2023-12-01
2024-12-04,SNCR,-0.12620164991666405,hold_period_exit,2023-12-04
2024-12-11,NVRO,-0.7863898815894677,hold_period_exit,2023-12-11
2024-12-11,ROVR,0.007792593056963337,hold_period_exit,2023-12-11
2024-12-12,LDDDD,-0.047142846243722,hold_period_exit,2023-12-12
2024-12-13,SSNT,-0.7630954212912076,hold_period_exit,2023-12-13
2024-12-19,SEV_old1,13.305339875293887,hold_period_exit,2023-12-19
2024-12-19,SEVCD,25.32955730113719,hold_period_exit,2023-12-19
2024-12-19,SEVCF,25.32955730113719,hold_period_exit,2023-12-19
2024-12-19,SEVCQ,12.796728407584215,hold_period_exit,2023-12-19
2024-12-20,PX,0.24601655579187365,hold_period_exit,2023-12-20
2024-12-24,LICYF,-0.686433677537263,hold_period_exit,2023-12-22
2024-12-24,RYB,-0.030973421919550104,hold_period_exit,2023-12-22
2024-12-26,NETI,0.0006345448699971445,hold_period_exit,2023-12-26
